TAZID,CO_TAZID,CO_FIPS,SUBAREAID,AREATYPE,TOTAL_P,TOTAL_A,TOTPER_P,TOTPER_A,TOTEXT_P,TOTEXT_A,HBW_P,HBW_A,HBSHP_P,HBSHP_A,HBOTH_P,HBOTH_A,HBSCHPR_P,HBSCHPR_A,HBSCHSC_P,HBSCHSC_A,NHBW_P,NHBW_A,NHBNW_P,NHBNW_A,HBC_P,HBC_A,TTUNIQUE_P,TTUNIQUE_A,IX_P,IX_A,XI_P,XI_A
1,30001,3,1,1,102.0,105.6,0.0,0.0,0.0,0.0,0.0,0.0,0.0,0.0,0.0,0.0,0.0,0.0,0.0,0.0,0.0,0.0,0.0,0.0,0.0,0.0,0.0,0.0,0.0,0.0,0.0,0.0
2,30002,3,1,1,237.2,175.2,126.3,57.8,5.2,8.9,20.5,0.1,13.1,0.0,73.5,49.5,5.3,0.0,5.4,0.0,2.0,2.0,6.5,6.1,0.0,0.0,0.0,0.0,5.2,0.0,0.0,8.9
3,30003,3,1,1,299.2,181.5,204.1,85.8,10.9,14.1,30.7,0.0,21.4,0.0,119.7,72.6,9.2,0.0,9.4,0.0,3.3,3.3,10.5,9.9,0.0,0.0,0.0,0.0,10.9,0.0,0.0,14.1
4,30004,3,1,1,85.3,80.6,6.8,3.2,0.6,0.6,1.1,0.0,0.8,0.0,4.1,2.9,0.3,0.0,0.4,0.0,0.0,0.0,0.2,0.2,0.0,0.0,0.0,0.0,0.6,0.0,0.0,0.6
5,30005,3,1,1,768.3,411.6,614.6,254.0,24.3,41.8,95.7,4.8,61.5,0.0,350.4,210.2,31.0,0.0,31.6,0.0,11.5,10.7,29.8,28.2,3.0,0.0,0.0,0.0,24.3,0.0,0.0,41.8
6,30006,3,1,1,116.3,120.8,25.6,28.6,1.5,5.1,3.4,8.5,2.6,0.0,14.8,17.7,1.2,0.0,1.3,0.0,1.2,1.2,1.1,1.2,0.0,0.0,0.0,0.0,1.5,0.0,0.0,5.1
7,30007,3,1,1,515.4,413.5,351.0,238.1,18.6,39.8,50.6,35.5,34.9,8.4,196.4,158.9,15.6,0.0,15.8,0.0,12.6,12.1,25.0,23.2,0.0,0.0,0.0,0.0,18.6,0.0,0.0,39.8
8,30008,3,1,2,769.3,570.9,593.2,377.2,40.2,70.8,73.8,40.8,47.8,69.9,274.8,172.9,24.5,0.0,25.1,0.0,21.2,19.8,77.0,73.7,48.0,0.0,1.0,0.0,40.2,0.0,0.0,70.8
9,30009,3,1,1,429.6,578.1,142.2,273.5,19.8,42.3,19.0,98.6,13.0,0.0,74.5,151.8,5.8,0.0,5.9,0.0,16.7,15.8,7.4,7.2,0.0,0.0,0.0,0.0,19.8,0.0,0.0,42.3
10,30010,3,1,1,508.8,625.5,204.0,309.3,24.0,48.4,27.8,102.6,19.5,0.0,109.8,179.0,8.4,0.0,8.6,0.0,18.5,17.5,10.4,10.1,0.0,0.0,1.0,0.0,24.0,0.0,0.0,48.4
11,30011,3,1,1,225.2,155.8,70.4,28.5,11.1,4.4,11.5,0.0,7.0,0.0,40.9,24.9,3.7,0.0,3.7,0.0,0.8,0.8,2.8,2.8,0.0,0.0,0.0,0.0,11.1,0.0,0.0,4.4
12,30012,3,1,1,324.1,220.9,159.8,68.5,17.8,12.2,27.0,0.2,16.1,0.0,91.4,58.9,7.8,0.0,8.0,0.0,2.3,2.3,7.3,7.1,0.0,0.0,0.0,0.0,17.8,0.0,0.0,12.2
13,30013,3,1,2,141.7,141.3,0.0,0.0,0.0,0.0,0.0,0.0,0.0,0.0,0.0,0.0,0.0,0.0,0.0,0.0,0.0,0.0,0.0,0.0,0.0,0.0,0.0,0.0,0.0,0.0,0.0,0.0
14,30014,3,1,2,141.7,142.5,0.0,0.0,0.0,0.0,0.0,0.0,0.0,0.0,0.0,0.0,0.0,0.0,0.0,0.0,0.0,0.0,0.0,0.0,0.0,0.0,0.0,0.0,0.0,0.0,0.0,0.0
15,30015,3,1,1,614.8,1252.9,65.0,616.9,1.2,108.3,1.3,367.3,1.0,0.0,5.1,196.3,0.4,0.0,0.5,0.0,55.2,51.6,1.6,1.7,0.0,0.0,0.0,0.0,1.2,0.0,0.0,108.3
16,30016,3,1,2,305.7,569.9,23.1,251.3,1.5,42.8,1.2,99.0,1.0,0.0,4.8,137.8,0.4,0.0,0.4,0.0,14.3,13.2,1.1,1.2,0.0,0.0,0.0,0.0,1.5,0.0,0.0,42.8
17,30017,3,1,1,175.7,154.3,29.3,11.8,3.9,2.0,4.6,0.0,3.1,0.0,17.1,10.3,1.6,0.0,1.7,0.0,0.3,0.3,1.1,1.1,0.0,0.0,0.0,0.0,3.9,0.0,0.0,2.0
18,30018,3,1,1,1324.7,2904.1,172.5,1522.4,0.0,255.6,0.0,1107.5,0.0,0.0,1.0,257.7,0.0,0.0,0.0,0.0,168.2,155.0,2.2,2.2,0.0,0.0,1.0,0.0,0.0,0.0,0.0,255.6
19,30019,3,1,2,3045.7,1576.6,2452.2,1138.4,357.2,193.6,372.2,18.3,230.9,61.3,1373.1,851.3,126.5,0.0,129.2,0.0,56.9,52.7,161.4,154.7,0.0,0.0,2.0,0.0,357.2,0.0,0.0,193.6
20,30020,3,1,3,1781.2,1513.3,1342.8,1032.0,145.9,186.5,221.5,142.8,140.0,52.5,717.1,668.3,42.1,0.0,43.1,0.0,60.7,56.2,117.4,112.2,0.0,0.0,1.0,0.0,145.9,0.0,0.0,186.5
21,30021,3,1,2,793.8,1743.5,117.6,910.2,0.0,166.4,0.0,758.2,0.0,0.0,1.0,45.7,0.0,0.0,0.0,0.0,115.2,105.9,0.4,0.4,0.0,0.0,1.0,0.0,0.0,0.0,0.0,166.4
22,30022,3,1,2,137.4,146.9,20.4,25.8,3.0,4.9,2.8,15.6,2.0,0.0,10.6,7.2,1.0,0.0,1.0,0.0,2.3,2.2,0.8,0.8,0.0,0.0,0.0,0.0,3.0,0.0,0.0,4.9
23,30023,3,1,2,231.9,339.1,40.9,127.2,5.1,23.3,4.6,71.8,3.1,0.0,17.5,43.7,1.7,0.0,1.7,0.0,10.7,10.0,1.6,1.6,0.0,0.0,0.0,0.0,5.1,0.0,0.0,23.3
24,30024,3,1,2,1796.2,862.0,1418.5,591.1,214.4,98.0,219.6,3.8,135.9,0.0,813.9,499.2,75.4,0.0,77.0,0.0,25.7,23.9,67.0,64.2,3.0,0.0,1.0,0.0,214.4,0.0,0.0,98.0
25,30025,3,1,3,3985.8,3148.0,3284.2,2542.1,421.0,315.8,468.4,151.5,313.0,21.8,1815.9,1303.3,164.4,735.7,167.8,0.0,116.6,108.0,231.2,221.7,6.0,0.0,1.0,0.0,421.0,0.0,0.0,315.8
26,30026,3,1,3,2584.6,2211.3,2014.5,1588.1,237.8,286.4,285.4,223.3,192.4,80.4,1059.0,980.0,76.4,0.0,77.9,0.0,107.1,98.9,214.3,205.5,1.0,0.0,1.0,0.0,237.8,0.0,0.0,286.4
27,30027,3,1,2,141.9,148.0,0.0,0.0,0.0,0.0,0.0,0.0,0.0,0.0,0.0,0.0,0.0,0.0,0.0,0.0,0.0,0.0,0.0,0.0,0.0,0.0,0.0,0.0,0.0,0.0,0.0,0.0
28,30028,3,1,2,260.1,436.9,30.0,168.7,1.4,33.7,1.5,144.9,1.0,0.0,5.0,3.6,0.4,0.0,0.4,0.0,21.4,19.8,0.4,0.4,0.0,0.0,0.0,0.0,1.4,0.0,0.0,33.7
29,30029,3,1,3,2918.5,1464.4,2384.1,1029.6,286.7,177.5,404.7,5.3,241.2,0.0,1334.5,869.4,110.8,0.0,113.1,0.0,45.6,42.3,117.2,112.7,16.0,0.0,1.0,0.0,286.7,0.0,0.0,177.5
30,30030,3,1,3,2861.1,2131.0,2345.6,1595.1,265.4,279.6,372.2,105.0,248.3,56.8,1300.9,1147.9,72.3,6.5,73.7,16.4,77.5,71.6,198.7,190.8,1.0,0.0,1.0,0.0,265.4,0.0,0.0,279.6
31,30031,3,1,3,2922.9,2751.4,2301.4,1963.0,206.4,373.7,284.3,290.6,192.3,133.0,1026.5,902.6,62.1,0.0,63.4,0.0,222.3,204.8,449.6,432.0,0.0,0.0,1.0,0.0,206.4,0.0,0.0,373.7
32,30032,3,1,3,1274.8,732.2,1021.6,501.6,116.8,87.1,160.9,4.5,106.2,0.0,588.0,422.9,43.8,0.0,44.8,0.0,21.7,20.2,56.3,54.1,0.0,0.0,0.0,0.0,116.8,0.0,0.0,87.1
33,30033,3,1,3,1624.0,1053.5,1328.5,754.7,136.5,133.4,210.9,18.5,143.2,0.0,764.0,626.2,46.3,0.0,47.2,0.0,33.8,31.2,82.1,78.9,0.0,0.0,1.0,0.0,136.5,0.0,0.0,133.4
34,30034,3,1,3,2188.6,1297.1,1832.5,937.8,168.5,165.6,287.6,35.2,190.1,8.6,1044.7,749.4,77.4,0.0,79.1,0.0,44.6,41.3,108.1,103.2,0.0,0.0,1.0,0.0,168.5,0.0,0.0,165.6
35,30035,3,1,3,2802.2,1666.8,2401.5,1241.6,204.2,220.1,380.3,5.8,254.7,0.0,1373.6,1049.1,91.1,0.0,93.0,0.0,54.8,50.9,141.9,135.8,11.0,0.0,1.0,0.0,204.2,0.0,0.0,220.1
36,30036,3,1,3,850.3,585.7,658.8,364.3,41.3,65.7,113.9,12.6,71.0,0.0,372.3,299.3,23.0,0.0,23.5,0.0,16.2,15.1,38.9,37.3,0.0,0.0,0.0,0.0,41.3,0.0,0.0,65.7
37,30037,3,1,2,429.8,794.3,23.0,326.7,0.0,59.7,0.0,136.2,0.0,0.0,1.0,170.8,0.0,0.0,0.0,0.0,19.8,18.4,1.2,1.3,0.0,0.0,1.0,0.0,0.0,0.0,0.0,59.7
38,30038,3,1,3,2357.9,5701.5,432.2,3159.9,0.0,647.1,0.0,2730.9,0.0,0.0,2.0,32.3,0.0,0.0,0.0,0.0,416.4,385.1,11.8,11.5,0.0,0.0,2.0,0.0,0.0,0.0,0.0,647.1
39,30039,3,1,4,980.9,1089.2,681.9,712.7,49.9,131.0,99.8,36.1,62.1,69.5,344.9,497.3,29.4,0.0,30.1,0.0,30.1,28.1,84.6,81.7,0.0,0.0,1.0,0.0,49.9,0.0,0.0,131.0
40,30040,3,1,4,3092.9,2991.1,2548.8,2221.3,190.2,414.7,370.2,238.2,253.4,160.0,1304.2,1374.3,71.4,0.0,72.9,0.0,141.2,130.9,329.6,317.8,4.0,0.0,2.0,0.0,190.2,0.0,0.0,414.7
41,30041,3,1,4,2203.7,3525.3,1713.1,2581.8,71.4,521.3,141.8,116.0,95.2,893.2,471.2,661.4,24.3,0.0,24.9,0.0,199.8,185.0,754.9,726.3,0.0,0.0,1.0,0.0,71.4,0.0,0.0,521.3
42,30042,3,1,3,743.1,721.0,524.9,469.6,56.0,83.0,87.1,20.8,56.5,0.0,294.7,403.6,17.0,0.0,17.4,0.0,15.2,14.2,32.1,31.0,4.0,0.0,1.0,0.0,56.0,0.0,0.0,83.0
43,30043,3,1,3,2068.2,2728.2,1723.3,2309.7,138.7,204.9,263.3,109.5,174.6,0.0,952.4,823.2,63.6,1190.7,65.0,0.0,67.1,62.2,129.3,124.0,6.0,0.0,2.0,0.0,138.7,0.0,0.0,204.9
44,30044,3,1,3,1184.0,681.3,957.9,438.1,70.1,78.6,159.2,2.4,98.7,0.0,543.0,370.6,43.4,0.0,44.4,0.0,18.7,17.4,49.6,47.6,0.0,0.0,1.0,0.0,70.1,0.0,0.0,78.6
45,30045,3,1,2,1081.4,684.8,870.6,440.9,56.0,80.5,145.5,41.0,89.9,0.0,493.6,339.5,38.3,0.0,39.2,0.0,17.6,16.4,45.6,43.9,0.0,0.0,1.0,0.0,56.0,0.0,0.0,80.5
46,30046,3,1,2,116.7,119.9,0.0,0.0,0.0,0.0,0.0,0.0,0.0,0.0,0.0,0.0,0.0,0.0,0.0,0.0,0.0,0.0,0.0,0.0,0.0,0.0,0.0,0.0,0.0,0.0,0.0,0.0
47,30047,3,1,1,161.6,133.0,19.1,7.4,1.1,1.4,2.7,0.0,1.9,0.0,11.0,6.6,0.9,0.0,0.9,0.0,0.1,0.1,0.6,0.7,0.0,0.0,1.0,0.0,1.1,0.0,0.0,1.4
48,30048,3,1,1,231.2,179.2,79.7,33.3,7.8,6.1,13.2,0.0,8.1,0.0,45.9,29.0,4.0,0.0,4.1,0.0,1.0,1.0,3.3,3.4,0.0,0.0,0.0,0.0,7.8,0.0,0.0,6.1
49,30049,3,1,2,769.2,1345.0,525.1,901.0,0.0,183.9,0.0,56.1,0.0,358.7,14.0,10.7,0.0,0.0,0.0,0.0,120.9,112.3,376.2,363.1,0.0,0.0,14.0,0.0,0.0,0.0,0.0,183.9
50,30050,3,1,3,546.8,1433.0,201.0,917.9,4.4,173.5,4.8,422.3,3.3,4.3,18.4,299.8,1.6,0.0,1.7,29.6,83.1,77.7,87.1,84.2,0.0,0.0,1.0,0.0,4.4,0.0,0.0,173.5
51,30051,3,1,3,237.2,419.4,58.8,203.2,2.9,40.8,6.4,107.1,4.7,0.0,25.3,78.5,2.0,0.0,2.0,0.0,12.7,12.0,5.8,5.7,0.0,0.0,0.0,0.0,2.9,0.0,0.0,40.8
52,30052,3,1,3,2070.2,6824.3,526.6,4531.1,39.5,806.9,62.4,789.7,44.5,0.0,219.3,3575.8,10.8,0.0,11.1,0.0,145.0,135.0,31.5,30.7,0.0,0.0,2.0,0.0,39.5,0.0,0.0,806.9
53,30053,3,1,4,4985.8,9155.5,3673.2,6713.1,156.2,1292.4,301.7,830.3,212.3,1259.6,1048.6,2532.6,52.4,0.0,53.5,178.9,564.0,523.8,1436.7,1387.9,0.0,0.0,4.0,0.0,156.2,0.0,0.0,1292.4
54,30054,3,1,4,2615.5,3688.3,1994.3,2662.3,110.2,516.7,208.6,580.1,137.8,119.5,797.5,1287.6,66.5,0.0,67.9,0.0,263.9,245.2,446.0,430.0,0.0,0.0,6.0,0.0,110.2,0.0,0.0,516.7
55,30055,3,1,3,2253.6,3167.7,1802.4,2671.9,228.1,269.2,244.4,226.6,161.3,0.0,925.7,916.1,77.4,0.0,79.0,1231.1,123.6,115.0,190.1,183.1,1.0,0.0,0.0,0.0,228.1,0.0,0.0,269.2
56,30056,3,1,3,555.7,336.9,369.2,168.2,54.8,30.3,61.4,0.5,37.8,0.0,209.9,142.7,17.0,0.0,17.4,0.0,6.9,6.7,18.8,18.3,0.0,0.0,0.0,0.0,54.8,0.0,0.0,30.3
57,30057,3,1,3,683.3,413.1,496.2,227.5,49.7,40.8,82.4,1.6,50.9,0.0,282.0,192.3,22.8,0.0,23.2,0.0,9.4,8.9,25.5,24.7,0.0,0.0,0.0,0.0,49.7,0.0,0.0,40.8
58,30058,3,1,2,227.1,419.3,22.6,177.4,0.0,38.1,0.0,156.5,0.0,0.0,0.0,0.0,0.0,0.0,0.0,0.0,22.6,20.9,0.0,0.0,0.0,0.0,0.0,0.0,0.0,0.0,0.0,38.1
59,30059,3,1,2,141.8,142.7,0.0,0.0,0.0,0.0,0.0,0.0,0.0,0.0,0.0,0.0,0.0,0.0,0.0,0.0,0.0,0.0,0.0,0.0,0.0,0.0,0.0,0.0,0.0,0.0,0.0,0.0
60,30060,3,1,2,141.8,142.6,0.0,0.0,0.0,0.0,0.0,0.0,0.0,0.0,0.0,0.0,0.0,0.0,0.0,0.0,0.0,0.0,0.0,0.0,0.0,0.0,0.0,0.0,0.0,0.0,0.0,0.0
61,30061,3,1,3,3203.3,1574.5,2829.3,1133.0,145.3,204.3,443.0,4.0,273.7,0.0,1619.7,956.3,154.8,0.0,157.9,0.0,49.9,46.8,129.4,125.8,0.0,0.0,1.0,0.0,145.3,0.0,0.0,204.3
62,30062,3,1,3,2535.0,1326.0,2197.1,947.5,134.5,171.5,336.8,7.4,219.2,8.5,1259.3,786.9,114.6,0.0,117.0,0.0,41.5,38.8,108.7,105.9,0.0,0.0,0.0,0.0,134.5,0.0,0.0,171.5
63,30063,3,1,4,520.1,2885.1,374.0,2598.2,10.6,152.0,26.0,219.5,18.0,0.0,100.1,346.7,7.2,0.0,7.4,1827.5,95.7,89.5,118.6,114.9,0.0,0.0,1.0,0.0,10.6,0.0,0.0,152.0
64,30064,3,1,3,3517.5,2660.0,2952.5,1879.3,157.9,369.4,383.6,178.0,238.6,115.2,1388.9,931.6,127.8,0.0,130.4,0.0,217.1,202.5,464.1,452.1,0.0,0.0,2.0,0.0,157.9,0.0,0.0,369.4
65,30065,3,1,4,3027.5,2195.4,2619.7,1641.3,163.2,308.4,379.2,27.4,258.7,177.5,1407.7,1079.3,98.7,0.0,100.8,0.0,90.7,84.9,280.8,272.2,0.0,0.0,3.0,0.0,163.2,0.0,0.0,308.4
66,30066,3,1,3,1664.9,1846.9,1357.6,1349.9,79.6,267.2,162.4,61.2,112.1,248.5,570.8,604.5,29.4,0.0,30.1,0.0,115.7,108.4,336.1,327.3,1.0,0.0,0.0,0.0,79.6,0.0,0.0,267.2
67,30067,3,1,4,2007.3,1913.4,1671.3,1399.1,101.3,276.8,197.1,33.6,134.9,351.5,769.8,592.3,64.8,0.0,66.2,0.0,94.5,88.3,344.1,333.4,0.0,0.0,0.0,0.0,101.3,0.0,0.0,276.8
68,30068,3,1,3,1956.4,1208.2,1662.6,875.9,125.9,159.1,238.0,44.9,169.1,0.0,959.9,703.4,80.1,0.0,81.8,0.0,40.7,38.1,92.0,89.5,0.0,0.0,1.0,0.0,125.9,0.0,0.0,159.1
69,30069,3,1,3,425.6,313.9,287.6,179.3,37.8,32.3,42.0,4.7,28.6,0.0,167.0,155.0,14.1,0.0,14.5,0.0,6.1,5.7,14.3,13.9,1.0,0.0,0.0,0.0,37.8,0.0,0.0,32.3
70,30070,3,1,2,925.6,687.7,765.2,501.5,67.6,90.7,123.2,15.4,84.2,0.0,438.2,417.1,23.8,0.0,24.4,0.0,20.2,19.1,51.3,50.0,0.0,0.0,0.0,0.0,67.6,0.0,0.0,90.7
71,30071,3,1,2,52.5,52.7,0.0,0.0,0.0,0.0,0.0,0.0,0.0,0.0,0.0,0.0,0.0,0.0,0.0,0.0,0.0,0.0,0.0,0.0,0.0,0.0,0.0,0.0,0.0,0.0,0.0,0.0
72,30072,3,1,2,1216.0,912.8,903.7,634.0,150.8,113.0,127.1,29.9,91.5,8.6,519.1,520.8,43.1,0.0,44.1,0.0,24.1,22.6,53.8,52.1,0.0,0.0,1.0,0.0,150.8,0.0,0.0,113.0
73,30073,3,1,2,197.6,180.5,31.8,13.6,6.2,2.6,4.9,1.0,3.3,0.0,18.2,10.9,1.9,0.0,1.9,0.0,0.4,0.4,1.3,1.3,0.0,0.0,0.0,0.0,6.2,0.0,0.0,2.6
74,30074,3,1,2,141.8,141.8,0.0,0.0,0.0,0.0,0.0,0.0,0.0,0.0,0.0,0.0,0.0,0.0,0.0,0.0,0.0,0.0,0.0,0.0,0.0,0.0,0.0,0.0,0.0,0.0,0.0,0.0
75,30075,3,1,3,2066.0,1825.6,1663.2,1283.9,108.0,237.9,225.2,211.5,141.1,41.8,824.8,690.6,76.5,0.0,78.1,53.5,104.5,98.3,192.1,188.2,14.0,0.0,7.0,0.0,108.0,0.0,0.0,237.9
76,30076,3,1,3,1148.2,633.9,952.2,403.9,41.7,74.0,150.4,9.3,92.7,0.0,545.0,334.3,50.3,0.0,51.5,0.0,17.8,16.7,44.7,43.6,0.0,0.0,0.0,0.0,41.7,0.0,0.0,74.0
77,30077,3,1,3,2122.2,5249.3,1328.1,3939.2,45.8,562.2,131.0,1111.9,83.4,0.0,480.2,1202.6,44.2,0.0,45.0,1106.7,261.9,244.7,279.4,273.3,0.0,0.0,3.0,0.0,45.8,0.0,0.0,562.2
78,30078,3,1,3,4873.2,3959.3,4206.3,2948.8,234.0,568.5,567.3,103.0,390.3,330.2,2124.4,1731.5,142.8,0.0,145.7,0.0,217.3,203.2,594.6,580.8,20.0,0.0,4.0,0.0,234.0,0.0,0.0,568.5
79,30079,3,1,3,1885.9,4177.8,1415.6,3259.6,23.0,472.4,52.8,376.2,37.5,418.1,200.2,389.0,13.4,1021.0,13.8,0.0,336.8,314.6,760.0,740.7,0.0,0.0,1.0,0.0,23.0,0.0,0.0,472.4
80,30080,3,1,3,2643.0,2982.4,2181.5,2180.1,103.7,443.5,212.2,271.3,147.8,247.3,801.1,795.4,55.6,0.0,56.8,0.0,285.5,266.9,614.5,599.2,7.0,0.0,1.0,0.0,103.7,0.0,0.0,443.5
81,30081,3,1,2,392.9,789.3,228.9,550.9,29.2,101.7,26.3,87.7,19.1,0.0,96.0,389.5,4.6,0.0,4.8,0.0,34.8,32.7,42.3,41.0,0.0,0.0,1.0,0.0,29.2,0.0,0.0,101.7
82,30082,3,1,3,3911.8,4394.4,3211.6,3223.0,161.0,631.8,400.3,323.0,276.8,316.1,1423.2,1660.2,74.1,0.0,75.7,0.0,286.5,267.9,673.0,655.7,0.0,0.0,2.0,0.0,161.0,0.0,0.0,631.8
83,30083,3,1,3,1444.7,2441.6,1055.4,1679.5,0.0,364.3,0.0,160.0,0.0,483.9,7.0,26.8,0.0,0.0,0.0,0.0,294.2,276.3,747.2,732.5,0.0,0.0,7.0,0.0,0.0,0.0,0.0,364.3
84,30084,3,1,3,1042.6,2085.0,721.0,1447.4,0.0,309.7,0.0,177.3,0.0,431.3,1.0,142.9,0.0,0.0,0.0,0.0,195.9,183.6,523.1,512.4,0.0,0.0,1.0,0.0,0.0,0.0,0.0,309.7
85,30085,3,1,3,813.9,999.6,492.8,602.5,47.8,116.1,70.0,147.2,43.8,12.8,247.6,360.0,22.1,0.0,22.5,0.0,35.5,33.3,50.3,49.2,0.0,0.0,1.0,0.0,47.8,0.0,0.0,116.1
86,30086,3,1,2,580.7,943.9,370.4,605.0,0.9,129.2,1.3,41.2,1.0,224.3,11.5,3.4,0.4,0.0,0.4,0.0,88.9,83.6,260.0,252.5,0.0,0.0,7.0,0.0,0.9,0.0,0.0,129.2
87,30087,3,1,2,132.3,131.2,0.0,0.0,0.0,0.0,0.0,0.0,0.0,0.0,0.0,0.0,0.0,0.0,0.0,0.0,0.0,0.0,0.0,0.0,0.0,0.0,0.0,0.0,0.0,0.0,0.0,0.0
88,30088,3,1,2,155.2,138.9,30.1,12.5,1.4,2.5,4.5,0.2,3.2,0.0,17.4,10.7,1.7,0.0,1.7,0.0,0.4,0.4,1.3,1.3,0.0,0.0,0.0,0.0,1.4,0.0,0.0,2.5
89,30089,3,1,2,3299.8,4313.2,2555.6,2962.9,31.5,642.3,115.3,377.3,72.5,433.8,403.3,345.5,32.0,0.0,32.7,0.0,602.8,563.6,1286.9,1242.6,1.0,0.0,9.0,0.0,31.5,0.0,0.0,642.3
90,30090,3,1,3,4196.5,7868.6,3330.8,5779.5,32.2,1242.9,90.8,487.0,56.2,2283.4,323.2,290.8,28.4,0.0,28.9,0.0,641.8,602.6,2157.5,2115.7,0.0,0.0,4.0,0.0,32.2,0.0,0.0,1242.9
91,30091,3,1,3,2490.4,1529.6,2159.0,1083.3,95.3,204.0,348.0,137.8,214.4,0.0,1211.9,806.4,107.3,0.0,109.5,0.0,41.6,39.2,103.3,99.9,21.0,0.0,2.0,0.0,95.3,0.0,0.0,204.0
92,30092,3,1,3,2663.6,1579.3,2254.7,1100.8,145.2,204.0,363.7,66.2,222.4,0.0,1272.1,878.4,114.0,0.0,116.4,0.0,50.3,47.3,111.9,109.0,1.0,0.0,3.0,0.0,145.2,0.0,0.0,204.0
93,30093,3,1,2,124.0,123.6,2.0,0.0,0.0,0.0,0.0,0.0,0.0,0.0,1.0,0.0,0.0,0.0,0.0,0.0,0.0,0.0,0.0,0.0,0.0,0.0,1.0,0.0,0.0,0.0,0.0,0.0
94,30094,3,1,2,381.4,273.9,232.4,113.9,10.0,21.4,36.3,11.3,22.7,0.0,133.3,88.1,12.5,0.0,12.9,0.0,4.7,4.6,10.1,9.8,0.0,0.0,0.0,0.0,10.0,0.0,0.0,21.4
95,30095,3,1,2,3664.5,3204.4,3174.4,2479.3,116.6,345.5,440.3,139.8,258.8,77.6,1604.0,1033.5,157.8,711.6,161.1,0.0,171.7,160.7,369.6,356.1,6.0,0.0,5.0,0.0,116.6,0.0,0.0,345.5
96,30096,3,1,2,3193.5,1982.9,2798.1,1416.3,114.0,272.9,424.2,48.5,260.1,90.4,1483.7,935.8,131.3,0.0,134.0,0.0,100.1,93.9,256.7,247.7,0.0,0.0,8.0,0.0,114.0,0.0,0.0,272.9
97,30097,3,1,1,142.0,120.7,0.0,0.0,0.0,0.0,0.0,0.0,0.0,0.0,0.0,0.0,0.0,0.0,0.0,0.0,0.0,0.0,0.0,0.0,0.0,0.0,0.0,0.0,0.0,0.0,0.0,0.0
98,30098,3,1,1,142.5,131.0,2.0,0.0,0.0,0.0,0.0,0.0,0.0,0.0,1.0,0.0,0.0,0.0,0.0,0.0,0.0,0.0,0.0,0.0,0.0,0.0,1.0,0.0,0.0,0.0,0.0,0.0
99,30099,3,1,2,130.0,134.4,0.0,0.0,0.0,0.0,0.0,0.0,0.0,0.0,0.0,0.0,0.0,0.0,0.0,0.0,0.0,0.0,0.0,0.0,0.0,0.0,0.0,0.0,0.0,0.0,0.0,0.0
100,30100,3,1,2,335.4,248.8,189.0,92.9,8.7,17.2,32.5,3.3,19.4,0.0,106.7,75.9,8.2,0.0,8.3,0.0,3.8,3.8,10.1,9.8,0.0,0.0,0.0,0.0,8.7,0.0,0.0,17.2
101,30101,3,1,2,5154.8,3285.0,4541.2,2393.2,191.7,447.9,750.1,112.4,430.3,30.7,2475.1,1814.5,193.5,0.0,197.5,0.0,140.3,131.1,317.4,304.6,21.0,0.0,16.0,0.0,191.7,0.0,0.0,447.9
102,30102,3,1,1,130.0,132.9,0.0,0.0,0.0,0.0,0.0,0.0,0.0,0.0,0.0,0.0,0.0,0.0,0.0,0.0,0.0,0.0,0.0,0.0,0.0,0.0,0.0,0.0,0.0,0.0,0.0,0.0
103,30103,3,1,2,2522.5,1428.3,2181.0,1003.8,98.3,176.1,377.4,18.6,214.5,0.0,1232.7,832.5,96.7,0.0,98.9,0.0,45.7,43.4,114.1,109.3,0.0,0.0,1.0,0.0,98.3,0.0,0.0,176.1
104,30104,3,1,2,983.8,1599.1,765.5,1268.2,28.9,136.5,111.6,134.7,64.8,0.0,365.3,406.4,28.4,480.3,29.0,88.1,68.0,64.0,98.4,94.6,0.0,0.0,0.0,0.0,28.9,0.0,0.0,136.5
105,30105,3,1,2,432.5,351.7,287.6,178.4,11.0,34.6,41.2,8.4,25.6,8.9,137.5,107.8,9.8,0.0,10.0,0.0,16.8,15.9,38.9,37.3,8.0,0.0,0.0,0.0,11.0,0.0,0.0,34.6
106,30106,3,1,2,246.3,287.2,108.7,121.7,3.1,25.4,10.8,10.0,6.8,43.6,38.9,25.1,3.1,0.0,3.1,0.0,8.4,8.1,36.6,35.0,0.0,0.0,1.0,0.0,3.1,0.0,0.0,25.4
107,30107,3,1,1,114.8,117.0,0.0,0.0,0.0,0.0,0.0,0.0,0.0,0.0,0.0,0.0,0.0,0.0,0.0,0.0,0.0,0.0,0.0,0.0,0.0,0.0,0.0,0.0,0.0,0.0,0.0,0.0
108,30108,3,1,1,206.1,171.5,84.7,41.8,4.0,7.8,14.6,0.1,8.9,0.0,48.6,35.9,3.4,0.0,3.3,0.0,1.4,1.4,4.4,4.4,0.0,0.0,0.0,0.0,4.0,0.0,0.0,7.8
109,30109,3,1,1,154.2,175.1,11.3,42.7,0.0,8.0,0.0,14.1,0.0,0.0,0.0,17.5,0.0,0.0,0.0,0.0,5.0,5.0,6.3,6.1,0.0,0.0,0.0,0.0,0.0,0.0,0.0,8.0
110,30110,3,1,1,136.4,133.0,14.6,7.8,0.8,1.5,2.4,0.0,1.7,0.0,8.6,6.9,0.6,0.0,0.6,0.0,0.1,0.1,0.7,0.7,0.0,0.0,0.0,0.0,0.8,0.0,0.0,1.5
111,30111,3,1,1,128.2,127.7,0.0,0.0,0.0,0.0,0.0,0.0,0.0,0.0,0.0,0.0,0.0,0.0,0.0,0.0,0.0,0.0,0.0,0.0,0.0,0.0,0.0,0.0,0.0,0.0,0.0,0.0
112,30112,3,1,1,114.7,116.3,0.0,0.0,0.0,0.0,0.0,0.0,0.0,0.0,0.0,0.0,0.0,0.0,0.0,0.0,0.0,0.0,0.0,0.0,0.0,0.0,0.0,0.0,0.0,0.0,0.0,0.0
113,30113,3,1,1,359.6,253.0,226.5,106.4,10.6,19.7,38.6,0.7,23.2,0.0,130.1,90.4,9.2,0.0,9.5,0.0,3.9,3.9,11.9,11.4,0.0,0.0,0.0,0.0,10.6,0.0,0.0,19.7
114,30114,3,1,1,459.4,322.0,304.2,145.5,14.2,27.1,53.0,2.4,31.1,0.0,172.7,122.3,12.5,0.0,12.9,0.0,5.8,5.7,16.1,15.2,0.0,0.0,0.0,0.0,14.2,0.0,0.0,27.1
115,30115,3,1,1,404.7,768.0,246.3,496.0,0.0,105.0,0.0,11.5,0.0,261.3,4.0,0.0,0.0,0.0,0.0,0.0,45.4,43.0,192.9,180.1,0.0,0.0,4.0,0.0,0.0,0.0,0.0,105.0
116,30116,3,1,1,166.6,270.1,11.2,90.0,0.0,19.4,0.0,79.2,0.0,0.0,0.0,0.0,0.0,0.0,0.0,0.0,11.2,10.7,0.0,0.0,0.0,0.0,0.0,0.0,0.0,0.0,0.0,19.4
117,30117,3,1,1,422.7,484.1,276.8,280.6,8.6,58.2,30.7,11.3,18.5,96.9,104.3,71.7,7.5,0.0,7.8,0.0,22.0,21.0,85.0,79.7,0.0,0.0,1.0,0.0,8.6,0.0,0.0,58.2
118,30118,3,1,1,166.6,155.0,36.7,15.9,1.8,3.2,5.9,0.0,3.8,0.0,21.3,13.9,1.8,0.0,1.9,0.0,0.4,0.4,1.7,1.6,0.0,0.0,0.0,0.0,1.8,0.0,0.0,3.2
119,30119,3,1,2,168.2,282.6,34.5,120.1,0.0,24.2,0.0,39.4,0.0,0.0,0.0,47.6,0.0,0.0,0.0,0.0,15.6,15.2,18.8,17.9,0.0,0.0,0.0,0.0,0.0,0.0,0.0,24.2
120,30120,3,1,2,347.0,273.3,213.9,122.0,9.6,23.5,35.2,5.0,21.4,8.9,117.9,86.7,8.2,0.0,8.5,0.0,5.2,5.1,17.5,16.4,0.0,0.0,0.0,0.0,9.6,0.0,0.0,23.5
121,30121,3,1,2,593.1,401.1,434.8,213.7,20.1,40.4,74.3,4.2,44.4,0.0,246.4,178.6,17.4,0.0,17.8,0.0,9.0,8.7,23.4,22.2,1.0,0.0,1.0,0.0,20.1,0.0,0.0,40.4
122,30122,3,1,2,275.4,219.9,136.2,66.0,6.5,12.7,23.5,3.5,13.9,0.0,77.6,53.3,5.8,0.0,6.0,0.0,2.7,2.6,6.8,6.6,0.0,0.0,0.0,0.0,6.5,0.0,0.0,12.7
123,30123,3,1,2,114.7,114.1,0.0,0.0,0.0,0.0,0.0,0.0,0.0,0.0,0.0,0.0,0.0,0.0,0.0,0.0,0.0,0.0,0.0,0.0,0.0,0.0,0.0,0.0,0.0,0.0,0.0,0.0
124,30124,3,1,2,833.4,511.4,660.4,309.5,30.6,55.1,113.4,1.6,67.4,0.0,374.7,261.2,27.0,0.0,27.6,0.0,13.3,12.8,36.0,33.8,1.0,0.0,0.0,0.0,30.6,0.0,0.0,55.1
125,30125,3,1,2,816.5,1008.4,640.9,760.4,26.9,89.5,99.1,75.7,59.2,0.0,331.9,297.9,23.9,292.8,24.5,0.0,37.3,35.7,62.0,58.3,0.0,0.0,3.0,0.0,26.9,0.0,0.0,89.5
126,30126,3,1,2,2058.6,1179.9,1762.2,810.0,81.5,146.8,305.8,20.2,176.8,0.0,990.7,665.0,75.2,0.0,76.9,0.0,38.3,36.6,94.4,88.2,4.0,0.0,0.0,0.0,81.5,0.0,0.0,146.8
127,30127,3,1,2,317.1,228.5,187.4,88.5,8.9,15.7,32.2,1.5,19.3,0.0,107.6,74.6,7.6,0.0,7.8,0.0,3.1,3.1,9.8,9.3,0.0,0.0,0.0,0.0,8.9,0.0,0.0,15.7
128,30128,3,1,2,981.6,624.1,780.5,384.5,36.2,68.9,133.4,12.6,79.2,0.0,441.8,315.3,32.1,0.0,33.0,0.0,17.6,17.0,42.3,39.6,1.0,0.0,0.0,0.0,36.2,0.0,0.0,68.9
129,30129,3,1,2,803.9,490.4,634.1,296.8,29.5,50.3,109.8,1.5,65.3,0.0,359.8,249.9,24.9,0.0,25.6,0.0,12.8,12.5,34.9,33.0,1.0,0.0,0.0,0.0,29.5,0.0,0.0,50.3
130,30130,3,1,2,610.7,390.0,445.3,204.3,21.0,36.1,77.4,2.7,45.1,0.0,251.5,171.0,18.7,0.0,19.2,0.0,8.7,8.5,23.6,22.1,1.0,0.0,0.0,0.0,21.0,0.0,0.0,36.1
131,30131,3,1,2,1323.7,759.5,1099.4,493.4,51.0,85.4,190.4,4.8,109.8,0.0,620.2,412.3,47.2,0.0,48.3,0.0,22.7,21.7,57.9,54.6,2.0,0.0,1.0,0.0,51.0,0.0,0.0,85.4
132,30132,3,1,2,480.6,332.1,324.3,163.7,14.7,26.7,55.6,10.6,31.8,4.9,181.7,121.9,13.3,0.0,13.6,0.0,7.7,7.6,19.7,18.8,1.0,0.0,0.0,0.0,14.7,0.0,0.0,26.7
133,30133,3,1,2,1914.1,1079.9,1650.1,770.2,74.8,120.6,283.5,7.5,167.1,0.0,934.7,644.6,68.0,0.0,69.5,0.0,34.4,33.2,89.9,85.0,3.0,0.0,0.0,0.0,74.8,0.0,0.0,120.6
134,30134,3,1,1,129.9,110.6,14.0,7.1,0.7,1.0,2.3,0.1,1.5,0.0,8.6,6.5,0.6,0.0,0.5,0.0,0.1,0.1,0.5,0.5,0.0,0.0,0.0,0.0,0.7,0.0,0.0,1.0
135,30135,3,1,1,180.7,171.0,53.5,40.2,2.4,5.6,8.8,7.2,5.4,0.0,30.7,29.2,2.3,0.0,2.5,0.0,1.4,1.5,2.4,2.3,0.0,0.0,0.0,0.0,2.4,0.0,0.0,5.6
136,30136,3,1,1,1828.8,1176.9,1537.2,827.2,67.1,122.4,259.8,30.0,150.2,46.2,843.3,608.1,64.2,0.0,65.5,0.0,39.9,38.4,110.4,104.5,3.0,0.0,1.0,0.0,67.1,0.0,0.0,122.4
137,30137,3,1,1,261.2,384.8,42.3,147.3,1.5,19.3,5.4,59.4,3.5,0.0,19.7,77.4,1.4,0.0,1.5,0.0,8.8,8.5,2.0,2.0,0.0,0.0,0.0,0.0,1.5,0.0,0.0,19.3
138,30138,3,1,1,1758.3,1100.4,1491.9,777.0,64.9,114.7,251.2,69.5,145.2,0.0,831.1,598.6,60.9,0.0,62.3,0.0,35.0,33.8,79.2,75.1,25.0,0.0,2.0,0.0,64.9,0.0,0.0,114.7
139,30139,3,1,1,591.8,433.0,413.7,229.7,17.7,34.6,68.2,20.0,39.7,0.0,226.4,170.0,17.2,0.0,17.6,0.0,13.6,13.2,28.0,26.6,1.0,0.0,2.0,0.0,17.7,0.0,0.0,34.6
140,30140,3,1,1,138.8,118.1,22.6,11.1,1.0,1.3,3.7,0.0,2.4,0.0,13.6,10.0,0.9,0.0,0.9,0.0,0.2,0.2,0.9,0.9,0.0,0.0,0.0,0.0,1.0,0.0,0.0,1.3
141,30141,3,1,1,115.6,113.6,2.0,0.0,0.0,0.0,0.0,0.0,0.0,0.0,1.0,0.0,0.0,0.0,0.0,0.0,0.0,0.0,0.0,0.0,0.0,0.0,1.0,0.0,0.0,0.0,0.0,0.0
142,30142,3,1,1,114.8,109.9,0.0,0.0,0.0,0.0,0.0,0.0,0.0,0.0,0.0,0.0,0.0,0.0,0.0,0.0,0.0,0.0,0.0,0.0,0.0,0.0,0.0,0.0,0.0,0.0,0.0,0.0
143,30143,3,1,1,1064.4,1279.5,719.0,826.6,23.1,122.8,90.1,121.2,54.3,209.4,296.9,286.8,20.6,0.0,21.1,0.0,57.8,55.4,162.1,153.7,15.0,0.0,1.0,0.0,23.1,0.0,0.0,122.8
144,30144,3,1,1,115.4,109.4,0.0,0.0,0.0,0.0,0.0,0.0,0.0,0.0,0.0,0.0,0.0,0.0,0.0,0.0,0.0,0.0,0.0,0.0,0.0,0.0,0.0,0.0,0.0,0.0,0.0,0.0
145,30145,3,1,2,242.7,174.3,123.2,64.7,8.7,11.5,21.4,0.1,13.5,0.0,70.4,55.4,4.2,0.0,4.4,0.0,2.4,2.3,6.9,6.9,0.0,0.0,0.0,0.0,8.7,0.0,0.0,11.5
146,30146,3,1,3,106.8,83.9,0.0,0.0,0.0,0.0,0.0,0.0,0.0,0.0,0.0,0.0,0.0,0.0,0.0,0.0,0.0,0.0,0.0,0.0,0.0,0.0,0.0,0.0,0.0,0.0,0.0,0.0
147,30147,3,1,2,159.0,130.0,0.0,0.0,0.0,0.0,0.0,0.0,0.0,0.0,0.0,0.0,0.0,0.0,0.0,0.0,0.0,0.0,0.0,0.0,0.0,0.0,0.0,0.0,0.0,0.0,0.0,0.0
148,30148,3,1,2,106.7,92.3,0.0,0.0,0.0,0.0,0.0,0.0,0.0,0.0,0.0,0.0,0.0,0.0,0.0,0.0,0.0,0.0,0.0,0.0,0.0,0.0,0.0,0.0,0.0,0.0,0.0,0.0
149,30149,3,1,2,159.0,141.3,0.0,0.0,0.0,0.0,0.0,0.0,0.0,0.0,0.0,0.0,0.0,0.0,0.0,0.0,0.0,0.0,0.0,0.0,0.0,0.0,0.0,0.0,0.0,0.0,0.0,0.0
150,30150,3,1,1,6720.0,3606.9,5959.3,2721.5,250.9,415.7,907.3,144.1,541.4,166.9,3164.0,1768.6,316.1,0.0,322.3,0.0,207.3,193.6,498.0,448.2,0.0,0.0,3.0,0.0,250.9,0.0,0.0,415.7
151,30151,3,1,2,651.8,394.0,426.8,198.8,30.9,27.8,66.6,47.9,37.4,0.0,240.3,122.5,25.4,0.0,25.9,0.0,13.3,12.7,16.8,15.7,0.0,0.0,1.0,0.0,30.9,0.0,0.0,27.8
152,30152,3,1,2,154.0,136.0,24.7,11.1,1.3,1.9,3.9,0.0,2.5,0.0,14.8,10.0,1.2,0.0,1.3,0.0,0.1,0.1,0.9,1.0,0.0,0.0,0.0,0.0,1.3,0.0,0.0,1.9
153,30153,3,1,1,127.5,108.2,0.0,0.0,0.0,0.0,0.0,0.0,0.0,0.0,0.0,0.0,0.0,0.0,0.0,0.0,0.0,0.0,0.0,0.0,0.0,0.0,0.0,0.0,0.0,0.0,0.0,0.0
154,570001,57,1,1,110.7,96.6,0.0,0.0,0.0,0.0,0.0,0.0,0.0,0.0,0.0,0.0,0.0,0.0,0.0,0.0,0.0,0.0,0.0,0.0,0.0,0.0,0.0,0.0,0.0,0.0,0.0,0.0
155,570002,57,1,1,254.4,159.5,136.9,57.6,2.0,0.4,24.8,0.2,14.1,0.0,78.6,49.9,5.7,0.0,5.8,0.0,1.7,1.7,6.2,5.9,0.0,0.0,0.0,0.0,2.0,0.0,0.0,0.4
156,570003,57,1,1,164.5,109.7,49.3,19.5,0.6,0.1,8.8,0.0,4.8,0.0,28.9,17.5,2.3,0.0,2.5,0.0,0.3,0.3,1.7,1.7,0.0,0.0,0.0,0.0,0.6,0.0,0.0,0.1
157,570004,57,1,1,623.7,324.8,492.6,211.7,6.7,1.6,90.7,0.9,50.4,0.0,277.2,178.0,19.7,0.0,20.2,0.0,8.9,8.8,24.5,24.0,1.0,0.0,0.0,0.0,6.7,0.0,0.0,1.6
158,570005,57,1,1,1069.0,539.3,916.7,406.9,14.3,3.7,172.5,1.0,98.0,0.0,511.4,342.6,33.5,0.0,34.3,0.0,18.0,17.6,48.0,45.8,1.0,0.0,0.0,0.0,14.3,0.0,0.0,3.7
159,570006,57,1,1,467.6,1023.3,88.1,666.2,0.0,3.5,0.0,582.4,0.0,0.0,1.0,0.0,0.0,0.0,0.0,0.0,86.1,83.7,0.0,0.0,0.0,0.0,1.0,0.0,0.0,0.0,0.0,3.5
160,570007,57,1,1,126.4,99.8,12.2,7.0,0.2,0.0,2.3,0.0,1.3,0.0,7.5,6.6,0.3,0.0,0.4,0.0,0.1,0.1,0.4,0.4,0.0,0.0,0.0,0.0,0.2,0.0,0.0,0.0
161,570008,57,1,1,316.6,222.7,208.3,111.9,3.4,1.2,39.0,10.0,22.4,0.0,116.4,85.8,6.3,0.0,6.6,0.0,5.3,5.1,11.4,11.0,0.0,0.0,1.0,0.0,3.4,0.0,0.0,1.2
162,570009,57,1,1,675.3,356.4,541.9,241.1,7.3,2.1,101.1,3.0,57.1,0.0,304.0,201.0,20.4,0.0,20.9,0.0,9.9,10.0,27.5,27.0,1.0,0.0,0.0,0.0,7.3,0.0,0.0,2.1
163,570010,57,1,1,175.2,136.9,73.3,32.4,1.2,0.3,13.2,0.0,7.9,0.0,42.3,28.3,2.9,0.0,3.0,0.0,0.9,0.9,3.2,3.2,0.0,0.0,0.0,0.0,1.2,0.0,0.0,0.3
164,570011,57,1,1,105.4,99.8,5.6,3.1,0.1,0.1,0.9,0.0,0.7,0.0,3.4,2.9,0.2,0.0,0.2,0.0,0.0,0.0,0.1,0.1,0.0,0.0,0.0,0.0,0.1,0.0,0.0,0.1
165,570012,57,1,1,647.3,1564.0,155.6,1087.4,0.0,5.8,0.0,894.3,0.0,4.4,1.0,38.6,0.0,0.0,0.0,0.0,141.6,138.1,12.0,12.0,0.0,0.0,1.0,0.0,0.0,0.0,0.0,5.8
166,570013,57,1,1,393.4,227.2,271.2,117.8,3.5,1.0,49.8,0.1,28.4,0.0,153.1,100.1,10.4,0.0,10.7,0.0,4.4,4.4,13.4,13.2,1.0,0.0,0.0,0.0,3.5,0.0,0.0,1.0
167,570014,57,1,1,228.0,161.1,124.6,58.2,1.9,0.6,23.1,0.0,12.9,0.0,71.3,50.2,4.5,0.0,4.6,0.0,1.9,1.8,6.2,6.1,0.0,0.0,0.0,0.0,1.9,0.0,0.0,0.6
168,570015,57,1,1,562.1,328.9,445.0,213.8,6.7,2.1,84.3,0.1,48.5,0.0,248.5,180.6,14.3,0.0,14.7,0.0,8.9,8.8,24.7,24.3,1.0,0.0,0.0,0.0,6.7,0.0,0.0,2.1
169,570016,57,1,1,279.3,185.6,174.3,84.1,2.5,0.8,32.6,0.0,18.7,0.0,98.8,72.0,5.8,0.0,6.0,0.0,3.0,2.9,9.3,9.1,0.0,0.0,0.0,0.0,2.5,0.0,0.0,0.8
170,570017,57,1,1,457.0,334.3,327.3,207.8,2.8,1.4,47.6,13.6,26.7,16.8,145.0,93.7,9.9,0.0,10.2,0.0,26.4,25.7,60.4,58.0,1.0,0.0,0.0,0.0,2.8,0.0,0.0,1.4
171,570018,57,1,1,501.4,287.2,375.9,166.6,4.6,1.2,71.8,0.2,42.5,0.0,210.8,140.3,12.1,0.0,12.4,0.0,6.8,6.8,19.6,19.3,0.0,0.0,0.0,0.0,4.6,0.0,0.0,1.2
172,570019,57,1,1,983.3,1514.5,837.8,1370.6,11.9,7.9,142.2,91.4,80.3,0.0,420.7,413.9,25.0,727.1,25.6,0.0,53.9,52.7,87.1,85.5,2.0,0.0,1.0,0.0,11.9,0.0,0.0,7.9
173,570020,57,1,1,845.4,467.6,715.3,344.3,11.7,4.3,135.0,3.3,77.0,0.0,399.2,287.1,23.2,0.0,23.8,0.0,14.6,14.6,39.4,39.2,2.0,0.0,1.0,0.0,11.7,0.0,0.0,4.3
174,570021,57,1,1,345.8,220.5,237.9,114.5,3.5,1.2,44.5,0.1,25.5,0.0,132.5,97.5,7.5,0.0,7.8,0.0,4.2,4.2,13.0,12.8,3.0,0.0,0.0,0.0,3.5,0.0,0.0,1.2
175,570022,57,1,1,452.4,356.1,337.0,240.2,4.6,2.8,55.8,7.1,32.3,44.4,166.8,129.8,9.9,0.0,10.1,0.0,13.3,13.3,46.7,45.6,2.0,0.0,0.0,0.0,4.6,0.0,0.0,2.8
176,570023,57,1,2,189.7,145.3,86.1,41.6,1.6,0.6,16.1,0.0,9.5,0.0,49.1,36.1,2.9,0.0,3.0,0.0,1.2,1.2,4.3,4.3,0.0,0.0,0.0,0.0,1.6,0.0,0.0,0.6
177,570024,57,1,1,371.2,221.2,250.7,105.9,2.7,0.7,45.8,0.0,26.0,0.0,140.0,90.1,9.6,0.0,9.9,0.0,4.0,3.9,12.3,11.9,3.0,0.0,0.0,0.0,2.7,0.0,0.0,0.7
178,570025,57,1,1,437.1,284.0,310.2,162.4,3.6,1.2,57.3,7.2,33.4,0.0,172.6,133.9,11.1,0.0,11.4,0.0,6.0,6.0,15.4,15.3,3.0,0.0,0.0,0.0,3.6,0.0,0.0,1.2
179,570026,57,1,1,163.5,125.2,48.6,19.7,0.7,0.1,8.7,0.0,4.9,0.0,28.3,17.6,2.1,0.0,2.3,0.0,0.3,0.4,1.8,1.8,0.0,0.0,0.0,0.0,0.7,0.0,0.0,0.1
180,570027,57,1,1,382.3,230.4,272.5,123.4,3.8,1.2,49.7,0.0,28.4,0.0,153.7,104.9,10.3,0.0,10.7,0.0,4.8,4.7,14.0,13.9,1.0,0.0,0.0,0.0,3.8,0.0,0.0,1.2
181,570028,57,1,1,476.8,283.8,360.7,168.0,5.3,1.8,67.9,0.2,39.5,0.0,202.0,142.0,11.9,0.0,12.2,0.0,6.9,6.7,19.3,19.1,1.0,0.0,0.0,0.0,5.3,0.0,0.0,1.8
182,570029,57,1,1,522.6,328.2,402.9,208.7,6.0,2.3,73.9,7.4,41.6,0.0,223.9,168.8,14.6,0.0,15.0,0.0,9.5,9.4,23.4,23.2,1.0,0.0,0.0,0.0,6.0,0.0,0.0,2.3
183,570030,57,1,1,294.0,209.7,182.5,108.8,2.3,0.8,33.8,6.1,18.2,0.0,102.9,88.9,6.7,0.0,7.0,0.0,3.9,3.9,10.0,9.9,0.0,0.0,0.0,0.0,2.3,0.0,0.0,0.8
184,570031,57,1,1,986.8,527.6,846.4,394.1,13.6,4.7,158.7,0.7,89.9,0.0,473.2,331.4,30.1,0.0,30.8,0.0,17.1,17.0,45.5,45.0,1.0,0.0,0.0,0.0,13.6,0.0,0.0,4.7
185,570032,57,1,2,545.0,311.5,427.5,194.0,6.9,2.6,77.7,0.2,44.1,0.0,237.8,163.6,15.0,0.0,15.4,0.0,8.1,8.1,22.4,22.2,4.0,0.0,3.0,0.0,6.9,0.0,0.0,2.6
186,570033,57,1,2,183.3,130.8,90.0,37.4,1.6,0.5,15.6,0.0,9.3,0.0,51.9,32.5,4.0,0.0,4.2,0.0,1.1,1.0,3.9,3.9,0.0,0.0,0.0,0.0,1.6,0.0,0.0,0.5
187,570034,57,1,1,278.0,204.6,159.2,92.8,1.4,0.5,24.3,5.8,13.9,5.9,77.1,48.7,5.4,0.0,5.6,0.0,9.6,9.6,23.3,22.8,0.0,0.0,0.0,0.0,1.4,0.0,0.0,0.5
188,570035,57,1,1,136.5,107.0,22.0,11.1,0.3,0.1,4.1,0.0,2.2,0.0,13.3,10.3,0.8,0.0,0.8,0.0,0.1,0.1,0.7,0.7,0.0,0.0,0.0,0.0,0.3,0.0,0.0,0.1
189,570036,57,1,1,740.5,411.5,613.3,286.0,8.3,2.8,112.0,3.1,63.5,0.0,333.3,239.1,20.8,0.0,21.4,0.0,11.8,11.9,32.5,32.0,18.0,0.0,0.0,0.0,8.3,0.0,0.0,2.8
190,570037,57,1,1,783.2,2387.0,652.7,2258.5,9.5,3.2,120.9,8.6,68.9,0.0,365.1,253.5,23.4,0.0,23.9,1948.5,14.0,14.0,34.5,34.0,1.0,0.0,1.0,0.0,9.5,0.0,0.0,3.2
191,570038,57,1,2,1487.0,768.2,1326.0,617.0,19.9,6.9,246.1,7.9,137.9,0.0,740.2,512.8,49.0,0.0,50.1,0.0,26.8,26.4,70.8,69.9,4.0,0.0,1.0,0.0,19.9,0.0,0.0,6.9
192,570039,57,1,1,131.0,102.7,26.7,11.5,0.4,0.1,4.6,0.0,2.6,0.0,16.0,10.5,1.3,0.0,1.2,0.0,0.1,0.1,0.9,0.9,0.0,0.0,0.0,0.0,0.4,0.0,0.0,0.1
193,570040,57,1,2,2083.5,1037.3,1898.3,865.8,27.6,9.3,348.4,3.8,194.3,0.0,1052.9,725.7,70.8,0.0,72.2,0.0,38.4,37.6,100.2,98.7,19.0,0.0,2.0,0.0,27.6,0.0,0.0,9.3
194,570041,57,1,1,107.1,89.1,0.0,0.0,0.0,0.0,0.0,0.0,0.0,0.0,0.0,0.0,0.0,0.0,0.0,0.0,0.0,0.0,0.0,0.0,0.0,0.0,0.0,0.0,0.0,0.0,0.0,0.0
195,570042,57,1,2,996.5,1018.5,851.1,876.3,10.8,2.8,147.7,2.7,85.3,0.0,481.3,267.5,41.8,557.1,42.8,0.0,13.3,13.3,35.9,35.5,2.0,0.0,1.0,0.0,10.8,0.0,0.0,2.8
196,570043,57,1,2,1234.3,546.1,1080.1,396.1,13.8,3.7,185.0,0.7,106.5,0.0,604.1,334.1,53.1,0.0,54.3,0.0,17.0,16.8,45.1,44.5,14.0,0.0,1.0,0.0,13.8,0.0,0.0,3.7
197,570044,57,1,2,1817.2,770.5,1638.9,605.3,22.1,6.3,285.0,1.2,165.3,0.0,913.5,509.1,76.3,0.0,77.9,0.0,26.3,26.0,69.8,68.9,24.0,0.0,1.0,0.0,22.1,0.0,0.0,6.3
198,570045,57,1,2,417.4,234.8,291.4,108.9,3.9,1.1,50.4,0.1,29.7,0.0,165.6,92.8,14.1,0.0,14.5,0.0,4.0,3.9,12.0,12.0,1.0,0.0,0.0,0.0,3.9,0.0,0.0,1.1
199,570046,57,1,1,113.9,97.4,0.0,0.0,0.0,0.0,0.0,0.0,0.0,0.0,0.0,0.0,0.0,0.0,0.0,0.0,0.0,0.0,0.0,0.0,0.0,0.0,0.0,0.0,0.0,0.0,0.0,0.0
200,570047,57,1,1,641.6,339.0,506.8,220.8,9.8,3.0,94.8,0.4,54.6,0.0,284.9,186.5,18.5,0.0,18.9,0.0,9.3,9.1,25.8,24.7,0.0,0.0,0.0,0.0,9.8,0.0,0.0,3.0
201,570048,57,1,1,368.8,204.0,253.8,96.4,5.2,1.6,44.3,0.1,26.8,0.0,144.9,82.5,11.0,0.0,11.4,0.0,3.5,3.5,10.7,10.2,1.0,0.0,0.0,0.0,5.2,0.0,0.0,1.6
202,570049,57,1,2,429.9,234.6,311.5,122.7,6.6,2.1,54.9,0.4,32.3,0.0,176.9,104.4,13.7,0.0,14.2,0.0,4.7,4.7,13.8,13.3,1.0,0.0,0.0,0.0,6.6,0.0,0.0,2.1
203,570050,57,1,1,776.3,423.8,649.4,306.2,11.6,3.6,120.6,9.7,69.4,0.0,364.9,251.3,22.8,0.0,23.3,0.0,12.9,12.6,34.5,32.6,1.0,0.0,0.0,0.0,11.6,0.0,0.0,3.6
204,570051,57,1,2,1104.0,499.6,959.3,366.0,17.3,4.7,166.8,0.6,97.6,0.0,541.7,308.7,45.0,0.0,46.0,0.0,16.0,15.6,43.2,41.1,2.0,0.0,1.0,0.0,17.3,0.0,0.0,4.7
205,570052,57,1,2,2849.8,1227.4,2621.2,1027.3,50.6,16.0,460.0,9.8,268.2,0.0,1474.4,858.0,120.5,0.0,123.2,0.0,46.5,44.8,121.4,114.7,6.0,0.0,1.0,0.0,50.6,0.0,0.0,16.0
206,570053,57,1,2,1309.9,602.5,1153.2,455.7,22.4,7.2,201.0,12.3,117.9,0.0,648.9,374.5,53.2,0.0,54.3,0.0,19.6,19.1,52.3,49.8,5.0,0.0,1.0,0.0,22.4,0.0,0.0,7.2
207,570054,57,1,1,308.1,198.2,190.1,83.2,2.9,0.7,34.8,0.1,20.0,0.0,107.8,71.4,7.1,0.0,7.3,0.0,2.8,2.7,9.3,8.9,0.0,0.0,1.0,0.0,2.9,0.0,0.0,0.7
208,570055,57,1,2,972.5,448.7,834.1,315.4,15.2,4.5,144.8,0.8,85.7,0.0,467.9,266.2,37.5,0.0,38.3,0.0,13.8,13.3,37.1,35.1,7.0,0.0,2.0,0.0,15.2,0.0,0.0,4.5
209,570056,57,1,2,771.3,379.6,638.1,252.0,12.4,4.2,111.4,4.9,64.5,0.0,361.3,209.4,29.9,0.0,30.6,0.0,10.5,10.2,28.9,27.5,1.0,0.0,0.0,0.0,12.4,0.0,0.0,4.2
210,570057,57,1,1,231.3,167.5,114.3,53.3,1.9,0.5,21.4,0.1,12.0,0.0,64.9,46.2,4.2,0.0,4.4,0.0,1.6,1.6,5.7,5.4,0.0,0.0,0.0,0.0,1.9,0.0,0.0,0.5
211,570058,57,1,2,239.9,244.1,131.9,132.4,0.9,1.5,10.1,14.8,6.0,22.0,32.8,20.9,2.4,0.0,2.6,0.0,24.3,23.6,53.8,51.1,0.0,0.0,0.0,0.0,0.9,0.0,0.0,1.5
212,570059,57,1,2,1295.7,779.7,1126.0,614.1,19.7,7.6,207.7,34.5,120.3,0.0,625.6,491.8,38.5,0.0,39.4,0.0,28.8,27.8,63.7,60.2,1.0,0.0,1.0,0.0,19.7,0.0,0.0,7.6
213,570060,57,1,2,4982.8,5151.7,4453.5,4616.0,58.9,53.8,559.0,376.6,327.3,863.8,1870.3,1283.4,175.3,858.9,179.0,0.0,370.0,352.5,944.7,880.8,24.0,0.0,4.0,0.0,58.9,0.0,0.0,53.8
214,570061,57,1,2,5001.7,1788.3,4667.8,1506.8,88.1,24.7,785.3,3.7,445.7,0.0,2636.5,1266.4,265.2,0.0,270.7,0.0,69.3,66.7,179.2,169.9,13.0,0.0,3.0,0.0,88.1,0.0,0.0,24.7
215,570062,57,1,2,1477.6,878.9,1300.9,707.9,20.7,7.8,234.1,48.3,135.4,5.3,714.9,544.1,46.8,0.0,47.8,0.0,36.8,35.6,79.1,74.7,5.0,0.0,1.0,0.0,20.7,0.0,0.0,7.8
216,570063,57,1,2,865.2,472.2,733.4,341.7,12.5,4.1,136.0,3.7,78.7,0.0,410.3,286.2,25.4,0.0,25.9,0.0,15.3,14.7,39.7,37.1,2.0,0.0,0.0,0.0,12.5,0.0,0.0,4.1
217,570064,57,1,2,1958.1,928.0,1751.1,727.0,28.5,9.8,279.9,10.6,159.6,86.7,940.7,482.8,92.7,0.0,94.7,0.0,37.7,36.6,117.7,110.3,25.0,0.0,3.0,0.0,28.5,0.0,0.0,9.8
218,570065,57,1,2,3647.1,1322.7,3378.9,1087.1,60.2,16.2,567.3,3.3,321.9,0.0,1908.8,912.9,191.6,0.0,195.6,0.0,49.6,48.1,129.0,122.7,10.0,0.0,5.0,0.0,60.2,0.0,0.0,16.2
219,570066,57,1,2,1587.2,3209.0,1403.0,3022.4,19.3,13.8,215.7,207.7,121.8,0.0,661.4,688.0,44.5,0.0,45.5,1865.5,110.6,106.3,164.6,154.9,38.0,0.0,1.0,0.0,19.3,0.0,0.0,13.8
220,570067,57,1,2,1413.0,823.8,1252.1,667.9,22.0,8.3,245.4,7.3,137.2,0.0,686.1,557.1,32.4,0.0,33.2,0.0,30.1,29.3,78.8,74.3,8.0,0.0,1.0,0.0,22.0,0.0,0.0,8.3
221,570068,57,1,2,2201.7,1258.3,1999.1,1074.3,37.8,15.2,394.9,3.3,222.3,0.0,1095.5,901.9,49.3,0.0,50.4,0.0,49.1,47.5,127.6,121.6,7.0,0.0,3.0,0.0,37.8,0.0,0.0,15.2
222,570069,57,1,1,1122.1,573.2,967.4,425.0,15.2,4.4,181.9,0.8,103.2,0.0,540.5,357.9,34.6,0.0,35.3,0.0,18.8,18.4,50.1,47.9,3.0,0.0,0.0,0.0,15.2,0.0,0.0,4.4
223,570070,57,1,2,990.7,535.6,847.9,395.2,14.1,4.6,160.4,0.6,93.0,0.0,468.4,332.9,26.3,0.0,26.7,0.0,17.5,17.1,46.6,44.6,9.0,0.0,0.0,0.0,14.1,0.0,0.0,4.6
224,570071,57,1,2,7500.6,4680.4,6981.8,4231.5,153.4,73.6,1232.9,196.3,669.3,0.0,3838.3,2713.2,298.5,754.7,304.7,0.0,191.1,183.5,406.0,383.8,29.0,0.0,12.0,0.0,153.4,0.0,0.0,73.6
225,570072,57,1,2,2413.7,4908.2,1625.8,4028.4,6.7,95.2,50.3,697.0,28.3,995.9,161.4,1047.2,11.6,0.0,12.0,0.0,401.0,383.6,956.2,904.7,1.0,0.0,4.0,0.0,6.7,0.0,0.0,95.2
226,570073,57,1,2,3647.9,1722.0,3365.6,1477.1,70.6,28.0,601.5,39.1,323.2,0.0,1876.4,1206.6,147.2,0.0,150.3,0.0,70.2,67.5,171.7,163.8,22.0,0.0,3.0,0.0,70.6,0.0,0.0,28.0
227,570074,57,1,3,1378.3,2621.6,1067.1,2295.8,17.9,29.9,147.4,295.1,81.7,119.4,456.9,672.9,33.7,913.2,34.4,0.0,115.3,110.9,193.8,184.4,2.0,0.0,2.0,0.0,17.9,0.0,0.0,29.9
228,570075,57,1,2,4508.3,3470.9,4168.1,3161.7,80.0,34.1,686.1,145.7,376.2,0.0,2260.1,1289.4,228.9,0.0,233.7,1393.0,121.1,116.5,228.0,217.1,28.0,0.0,6.0,0.0,80.0,0.0,0.0,34.1
229,570076,57,1,2,2004.1,910.2,1770.9,689.5,37.5,14.0,312.5,16.8,177.2,0.0,994.8,575.0,88.2,0.0,90.1,0.0,29.6,28.7,71.6,69.0,5.0,0.0,2.0,0.0,37.5,0.0,0.0,14.0
230,570077,57,1,3,3347.4,7218.5,1278.7,5017.0,0.0,104.7,0.0,1639.1,0.0,350.6,6.0,1811.7,0.0,0.0,0.0,0.0,542.1,521.6,724.6,694.0,0.0,0.0,6.0,0.0,0.0,0.0,0.0,104.7
231,570078,57,1,3,6917.7,16388.8,3944.7,13165.2,0.0,254.3,0.0,4899.6,0.0,2949.3,10.0,1548.0,0.0,0.0,0.0,0.0,1480.7,1426.1,2444.0,2342.3,0.0,0.0,10.0,0.0,0.0,0.0,0.0,254.3
232,570079,57,1,2,1502.4,620.9,1310.0,435.9,25.5,7.8,227.4,0.6,126.9,0.0,738.4,367.1,69.9,0.0,71.4,0.0,19.2,18.8,50.8,49.3,4.0,0.0,2.0,0.0,25.5,0.0,0.0,7.8
233,570080,57,1,3,1046.8,1065.7,801.1,810.6,14.7,16.6,126.4,175.2,72.7,21.5,397.0,482.9,32.9,0.0,33.6,0.0,54.8,53.0,80.8,78.1,3.0,0.0,0.0,0.0,14.7,0.0,0.0,16.6
234,570081,57,1,3,2069.9,955.1,1837.9,735.2,36.0,13.0,331.3,15.4,186.2,0.0,1017.6,610.5,83.9,0.0,85.8,0.0,32.2,31.5,79.9,77.8,17.0,0.0,4.0,0.0,36.0,0.0,0.0,13.0
235,570082,57,1,2,1685.5,3338.5,934.3,2554.9,13.1,47.5,126.1,1363.7,72.1,31.9,353.6,827.7,15.6,0.0,16.1,0.0,235.1,228.0,106.6,103.6,7.0,0.0,2.0,0.0,13.1,0.0,0.0,47.5
236,570083,57,1,2,3357.2,1566.0,3059.0,1294.7,57.7,21.9,544.3,31.9,302.5,64.7,1665.0,969.5,139.0,0.0,142.0,0.0,64.0,62.2,171.1,166.4,28.0,0.0,3.0,0.0,57.7,0.0,0.0,21.9
237,570084,57,1,2,549.0,920.0,318.0,677.7,4.3,11.4,40.7,161.1,22.1,21.2,129.6,396.9,11.4,0.0,11.8,0.0,43.8,42.7,56.6,55.6,1.0,0.0,1.0,0.0,4.3,0.0,0.0,11.4
238,570085,57,1,2,4060.4,3644.0,3513.8,3099.4,66.2,55.8,637.6,313.6,373.1,244.9,1738.6,1960.0,69.4,0.0,71.0,0.0,184.7,179.6,412.2,401.2,25.0,0.0,2.0,0.0,66.2,0.0,0.0,55.8
239,570086,57,1,1,263.1,200.8,100.8,39.9,1.9,0.6,18.6,0.7,10.2,0.0,57.2,34.3,4.7,0.0,5.0,0.0,1.2,1.2,3.8,3.7,0.0,0.0,0.0,0.0,1.9,0.0,0.0,0.6
240,570087,57,1,2,331.2,227.3,194.1,91.0,3.5,1.1,37.0,0.1,19.6,0.0,108.9,78.2,6.8,0.0,7.0,0.0,3.1,3.2,9.7,9.5,0.0,0.0,2.0,0.0,3.5,0.0,0.0,1.1
241,570088,57,1,2,164.6,159.3,5.5,3.5,0.1,0.1,1.1,0.0,0.6,0.0,3.2,3.2,0.2,0.0,0.2,0.0,0.0,0.0,0.2,0.2,0.0,0.0,0.0,0.0,0.1,0.0,0.0,0.1
242,570089,57,1,2,230.7,190.2,69.6,29.0,1.4,0.4,13.3,0.0,7.2,0.0,39.3,25.5,3.0,0.0,3.0,0.0,0.8,0.8,2.9,2.8,0.0,0.0,0.0,0.0,1.4,0.0,0.0,0.4
243,570090,57,1,2,1458.2,775.7,1274.4,603.4,23.3,7.5,242.6,7.8,131.2,0.0,705.7,504.3,46.7,0.0,47.8,0.0,26.3,25.8,68.1,65.6,3.0,0.0,3.0,0.0,23.3,0.0,0.0,7.5
244,570091,57,1,2,60.8,70.8,23.4,34.7,0.0,0.9,0.0,4.5,0.0,7.5,0.0,0.0,0.0,0.0,0.0,0.0,7.1,6.9,16.3,15.8,0.0,0.0,0.0,0.0,0.0,0.0,0.0,0.9
245,570092,57,1,2,4560.8,3235.0,3955.8,2635.2,70.7,55.3,590.8,478.1,312.7,210.1,1860.6,1172.1,180.8,0.0,184.7,0.0,282.3,271.3,525.9,503.6,10.0,0.0,8.0,0.0,70.7,0.0,0.0,55.3
246,570093,57,1,2,635.1,329.6,458.5,155.9,9.4,3.1,78.2,0.3,41.9,0.0,238.0,132.7,20.6,0.0,21.1,0.0,6.2,6.1,17.5,16.9,35.0,0.0,0.0,0.0,9.4,0.0,0.0,3.1
247,570094,57,1,2,6011.5,2429.3,5592.2,2075.4,115.0,35.1,1029.7,7.1,548.3,0.0,3086.8,1747.0,265.0,0.0,270.4,0.0,94.0,90.2,241.1,231.1,46.0,0.0,11.0,0.0,115.0,0.0,0.0,35.1
248,570095,57,1,2,1201.9,652.4,1022.9,477.5,19.9,6.6,198.2,0.9,107.1,0.0,565.1,404.1,35.4,0.0,36.3,0.0,20.4,20.0,54.4,52.5,4.0,0.0,2.0,0.0,19.9,0.0,0.0,6.6
249,570096,57,1,2,4065.4,1597.4,3780.9,1344.6,67.4,17.8,655.5,4.2,391.0,0.0,2089.0,1133.9,169.6,0.0,173.1,0.0,59.6,57.7,155.0,148.7,80.0,0.0,8.0,0.0,67.4,0.0,0.0,17.8
250,570097,57,1,3,3163.7,2985.9,2803.7,2638.3,57.0,33.5,507.7,242.0,274.5,5.8,1441.8,1420.7,91.6,631.9,93.6,0.0,129.5,124.4,222.9,213.5,38.0,0.0,4.0,0.0,57.0,0.0,0.0,33.5
251,570098,57,1,3,1557.9,4307.4,1345.1,4089.5,23.4,18.3,196.7,233.2,115.5,0.0,637.0,628.6,54.7,0.0,56.0,2962.4,115.1,110.6,161.0,154.6,6.0,0.0,3.0,0.0,23.4,0.0,0.0,18.3
252,570099,57,1,3,3705.2,5776.4,2836.2,4820.6,13.6,100.1,113.3,1338.7,69.8,801.9,391.6,579.0,28.2,0.0,28.9,0.0,769.1,739.9,1424.4,1361.0,1.0,0.0,10.0,0.0,13.6,0.0,0.0,100.1
253,570100,57,1,3,8228.2,6511.1,7026.2,5323.1,130.4,102.7,1040.7,1222.0,613.0,253.8,3672.6,2960.2,369.1,0.0,376.7,0.0,370.1,355.9,553.9,531.1,19.0,0.0,11.0,0.0,130.4,0.0,0.0,102.7
254,570101,57,1,3,4941.6,3204.7,4506.0,2803.9,84.7,36.9,762.6,198.9,410.0,51.4,2374.3,1444.4,224.1,640.9,228.7,0.0,164.6,158.7,322.6,309.7,11.0,0.0,8.0,0.0,84.7,0.0,0.0,36.9
255,570102,57,1,3,2303.2,1648.3,2035.4,1389.9,41.2,21.9,398.6,95.5,225.2,0.0,1101.7,1110.9,51.7,0.0,52.8,0.0,59.7,57.7,130.6,125.9,11.0,0.0,4.0,0.0,41.2,0.0,0.0,21.9
256,570103,57,1,3,836.4,572.7,681.7,418.0,14.7,6.7,130.8,19.2,72.0,5.8,372.5,332.5,20.1,0.0,20.5,0.0,18.4,17.8,44.2,42.7,1.0,0.0,2.0,0.0,14.7,0.0,0.0,6.7
257,570104,57,1,3,5024.2,4056.2,4450.9,3482.4,77.2,63.7,699.8,271.2,369.0,542.7,2087.5,1739.5,155.0,0.0,158.3,0.0,272.9,263.2,690.5,665.8,13.0,0.0,5.0,0.0,77.2,0.0,0.0,63.7
258,570105,57,1,3,289.8,627.3,62.0,384.2,0.3,7.2,1.5,113.5,1.1,23.0,5.9,197.2,0.6,0.0,0.6,0.0,24.0,23.2,28.2,27.4,0.0,0.0,0.0,0.0,0.3,0.0,0.0,7.2
259,570106,57,1,3,1560.8,1568.4,1279.9,1282.3,25.1,20.9,234.0,174.5,127.3,64.3,661.5,867.9,35.7,0.0,36.5,0.0,60.2,58.2,121.8,117.4,1.0,0.0,2.0,0.0,25.1,0.0,0.0,20.9
260,570107,57,1,2,109.7,106.3,0.0,0.0,0.0,0.0,0.0,0.0,0.0,0.0,0.0,0.0,0.0,0.0,0.0,0.0,0.0,0.0,0.0,0.0,0.0,0.0,0.0,0.0,0.0,0.0,0.0,0.0
261,570108,57,1,2,1130.2,514.3,952.8,352.7,16.5,3.7,169.6,2.4,94.4,0.0,534.9,297.6,48.2,0.0,49.4,0.0,14.6,14.3,39.7,38.4,2.0,0.0,0.0,0.0,16.5,0.0,0.0,3.7
262,570109,57,1,2,747.8,374.2,589.8,221.7,9.1,2.4,106.5,0.6,60.8,0.0,332.4,188.4,27.5,0.0,28.2,0.0,8.8,8.8,24.6,23.9,1.0,0.0,0.0,0.0,9.1,0.0,0.0,2.4
263,570110,57,1,2,4228.7,1837.8,3937.2,1590.0,72.0,19.1,690.9,11.7,403.5,11.7,2199.2,1318.5,175.2,0.0,178.8,0.0,71.0,68.7,185.6,179.3,28.0,0.0,5.0,0.0,72.0,0.0,0.0,19.1
264,570111,57,1,2,8877.4,3755.2,8369.6,3340.5,149.5,39.8,1480.3,11.6,844.3,0.0,4681.8,2815.8,387.4,0.0,395.2,0.0,149.5,144.3,383.0,368.8,39.0,0.0,9.0,0.0,149.5,0.0,0.0,39.8
265,570112,57,1,2,4018.0,3178.0,3714.8,2900.8,61.1,22.0,669.3,103.9,369.2,0.0,2008.6,1431.9,146.2,1039.6,149.3,0.0,111.2,106.8,227.0,218.6,28.0,0.0,6.0,0.0,61.1,0.0,0.0,22.0
266,570113,57,1,3,2622.5,1147.6,2400.7,948.9,47.5,13.6,418.2,2.0,243.5,0.0,1342.6,801.7,111.0,0.0,113.3,0.0,41.6,40.4,108.6,104.8,20.0,0.0,2.0,0.0,47.5,0.0,0.0,13.6
267,570114,57,1,3,3896.9,1526.9,3618.5,1288.2,70.9,18.4,615.6,2.8,370.7,0.0,2019.9,1088.3,172.1,0.0,175.5,0.0,56.9,54.8,147.8,142.2,57.0,0.0,3.0,0.0,70.9,0.0,0.0,18.4
268,570115,57,1,2,1790.0,846.3,1602.9,665.7,24.9,7.8,288.3,1.4,160.2,0.0,870.4,563.3,63.0,0.0,64.6,0.0,28.7,27.8,75.6,73.2,48.0,0.0,4.0,0.0,24.9,0.0,0.0,7.8
269,570116,57,1,3,1250.5,1241.3,1009.9,998.4,20.1,15.2,181.8,214.7,99.3,11.7,514.2,627.0,27.6,0.0,28.3,0.0,58.2,56.4,91.5,88.6,8.0,0.0,1.0,0.0,20.1,0.0,0.0,15.2
270,570117,57,1,3,2402.7,3688.4,2006.0,3242.8,11.9,51.3,109.3,210.0,60.6,1237.6,311.1,363.2,16.4,0.0,16.7,0.0,386.6,371.7,1100.4,1060.2,2.0,0.0,3.0,0.0,11.9,0.0,0.0,51.3
271,570118,57,1,3,4013.7,3219.1,3691.1,2929.7,72.7,30.2,645.8,169.9,366.1,35.5,1998.2,1574.0,135.5,778.6,138.3,0.0,125.6,120.8,259.6,250.7,19.0,0.0,3.0,0.0,72.7,0.0,0.0,30.2
272,570119,57,1,3,2401.5,2806.1,2163.7,2580.9,39.6,17.9,380.4,126.7,211.8,0.0,1149.5,943.1,81.4,0.0,83.3,1273.2,87.7,84.9,158.5,153.0,9.0,0.0,2.0,0.0,39.6,0.0,0.0,17.9
273,570120,57,1,3,3349.0,1598.4,3096.9,1373.4,52.0,16.5,563.2,3.2,315.8,0.0,1723.6,1160.5,125.5,0.0,128.1,0.0,60.6,58.4,157.0,151.3,22.0,0.0,1.0,0.0,52.0,0.0,0.0,16.5
274,570121,57,1,2,7096.1,3063.2,6688.9,2712.7,103.6,31.9,1175.4,10.9,668.5,0.0,3717.2,2285.1,299.0,0.0,305.0,0.0,121.0,116.9,310.7,299.8,87.0,0.0,5.0,0.0,103.6,0.0,0.0,31.9
275,570122,57,1,2,305.9,283.2,119.6,91.1,2.0,1.2,25.1,7.6,12.4,0.0,63.3,71.0,2.9,0.0,3.0,0.0,4.2,4.2,8.5,8.3,0.0,0.0,0.0,0.0,2.0,0.0,0.0,1.2
276,570123,57,1,3,8422.7,6022.9,7816.2,5475.9,141.5,69.8,1302.9,257.3,739.5,384.7,4077.0,3186.5,285.4,459.0,291.3,124.5,320.6,309.6,777.5,754.3,18.0,0.0,4.0,0.0,141.5,0.0,0.0,69.8
277,570124,57,1,3,400.9,678.1,248.3,515.2,2.2,7.7,19.5,30.9,10.7,201.0,57.2,134.1,3.4,0.0,3.5,0.0,32.5,31.6,121.6,117.6,0.0,0.0,0.0,0.0,2.2,0.0,0.0,7.7
278,570125,57,1,3,7633.3,8963.9,6751.2,8041.6,86.3,115.3,797.9,833.4,467.5,1917.3,2323.0,2512.3,117.5,0.0,120.1,0.0,816.8,788.7,2051.5,1989.9,51.0,0.0,6.0,0.0,86.3,0.0,0.0,115.3
279,570126,57,1,3,1133.8,910.9,958.0,739.6,17.4,10.2,167.5,110.7,97.3,5.8,494.5,512.2,27.2,0.0,27.9,0.0,40.5,39.5,73.2,71.4,29.0,0.0,1.0,0.0,17.4,0.0,0.0,10.2
280,570127,57,1,3,1566.1,797.5,1413.5,656.8,25.1,8.5,256.0,2.7,145.8,0.0,793.8,553.9,54.9,0.0,56.2,0.0,28.4,27.7,74.4,72.4,3.0,0.0,1.0,0.0,25.1,0.0,0.0,8.5
281,570128,57,1,3,2846.6,1564.1,2612.4,1357.2,47.6,17.3,501.0,6.3,288.1,0.0,1440.3,1140.8,75.7,0.0,77.4,0.0,60.7,58.8,156.0,151.3,12.0,0.0,1.0,0.0,47.6,0.0,0.0,17.3
282,570129,57,1,3,6159.9,4193.0,5609.5,3671.8,94.1,53.6,916.9,255.4,502.4,371.2,2924.9,2316.3,242.0,0.0,247.0,0.0,210.3,204.0,536.9,524.7,25.0,0.0,4.0,0.0,94.1,0.0,0.0,53.6
283,570130,57,1,3,5911.0,4865.6,5408.1,4380.4,85.1,53.0,840.6,291.2,489.9,292.9,2617.3,2027.6,183.3,726.3,187.2,0.0,337.5,326.6,734.3,715.6,10.0,0.0,8.0,0.0,85.1,0.0,0.0,53.0
284,570131,57,1,3,4072.8,1924.8,3791.4,1679.8,67.6,22.4,679.8,16.0,394.2,0.0,2114.4,1402.5,149.1,0.0,152.2,0.0,75.3,73.1,192.3,188.1,32.0,0.0,2.0,0.0,67.6,0.0,0.0,22.4
285,570132,57,1,3,559.3,340.7,440.1,223.6,8.4,2.9,80.1,3.5,45.2,0.0,246.5,188.5,16.9,0.0,17.4,0.0,8.9,8.8,23.1,22.8,1.0,0.0,1.0,0.0,8.4,0.0,0.0,2.9
286,570133,57,1,3,2244.0,1494.7,2021.3,1282.5,35.0,18.3,351.3,154.1,201.3,19.2,1086.3,888.7,73.4,0.0,75.1,0.0,71.8,70.0,153.0,150.5,8.0,0.0,1.0,0.0,35.0,0.0,0.0,18.3
287,570134,57,1,3,1407.9,704.6,1250.4,557.1,23.1,7.4,226.7,1.1,121.6,0.0,699.9,469.5,52.0,0.0,53.1,0.0,24.1,23.7,63.9,62.8,8.0,0.0,1.0,0.0,23.1,0.0,0.0,7.4
288,570135,57,1,3,10107.9,8976.0,9350.1,8283.8,171.9,92.2,1644.9,427.8,914.2,129.1,5035.6,4240.6,321.9,1002.3,328.3,1460.5,346.0,334.1,712.3,689.3,40.0,0.0,7.0,0.0,171.9,0.0,0.0,92.2
289,570136,57,1,3,978.2,1450.1,760.3,1218.2,8.6,20.0,81.0,121.3,46.7,360.4,257.6,410.3,19.1,0.0,19.6,0.0,80.6,78.4,253.6,247.8,1.0,0.0,1.0,0.0,8.6,0.0,0.0,20.0
290,570137,57,1,3,1584.8,713.7,1381.6,519.4,26.4,8.7,250.8,0.9,139.1,0.0,771.6,437.3,65.9,0.0,67.3,0.0,22.9,22.4,60.1,58.9,3.0,0.0,1.0,0.0,26.4,0.0,0.0,8.7
291,570138,57,1,3,4909.1,2348.5,4568.9,2051.6,84.5,33.0,801.5,44.0,447.5,0.0,2540.9,1687.9,206.2,0.0,210.5,0.0,97.5,94.4,231.8,225.2,31.0,0.0,2.0,0.0,84.5,0.0,0.0,33.0
292,570139,57,1,3,1992.4,2086.4,1720.5,1807.2,24.4,27.9,229.3,208.2,139.1,337.3,744.0,775.6,54.4,0.0,55.6,0.0,139.6,136.4,353.4,349.6,3.0,0.0,2.0,0.0,24.4,0.0,0.0,27.9
293,570140,57,1,3,4392.8,2694.8,4026.7,2356.3,70.5,35.1,685.5,186.4,400.5,95.4,2176.4,1663.1,159.4,0.0,162.8,0.0,130.5,126.9,288.5,284.5,20.0,0.0,3.0,0.0,70.5,0.0,0.0,35.1
294,570141,57,1,3,5833.9,9810.4,4984.3,8854.6,36.6,127.0,344.3,754.4,205.4,2862.0,1116.8,1628.9,81.8,422.0,83.4,83.7,790.2,773.8,2346.3,2329.9,11.0,0.0,5.0,0.0,36.6,0.0,0.0,127.0
295,570142,57,1,2,154.1,137.4,53.6,32.4,0.9,0.4,11.0,0.0,6.0,0.0,30.0,28.4,1.2,0.0,1.4,0.0,0.9,0.9,3.2,3.1,0.0,0.0,0.0,0.0,0.9,0.0,0.0,0.4
296,570143,57,1,1,195.5,152.9,87.6,40.8,1.5,0.5,16.4,0.0,9.6,0.0,49.9,35.5,3.1,0.0,3.3,0.0,1.2,1.2,4.1,4.1,0.0,0.0,0.0,0.0,1.5,0.0,0.0,0.5
297,570144,57,1,1,528.6,296.2,408.2,183.8,7.1,2.6,74.9,0.2,44.2,0.0,225.5,155.2,13.2,0.0,13.6,0.0,7.5,7.5,21.1,21.0,7.0,0.0,1.0,0.0,7.1,0.0,0.0,2.6
298,570145,57,1,2,333.2,228.4,224.7,122.9,4.2,1.8,44.4,0.0,25.8,0.0,124.8,104.5,5.4,0.0,5.5,0.0,4.8,4.6,14.0,13.7,0.0,0.0,0.0,0.0,4.2,0.0,0.0,1.8
299,570146,57,1,2,813.6,1535.5,524.5,1226.4,2.9,20.9,28.1,200.8,15.5,294.3,82.0,351.6,4.0,0.0,4.2,0.0,111.9,109.2,276.9,270.6,0.0,0.0,2.0,0.0,2.9,0.0,0.0,20.9
300,570147,57,1,2,1034.9,3592.3,688.0,3201.1,1.2,39.0,9.8,338.1,5.7,510.2,32.2,652.6,2.6,406.0,2.8,674.4,185.6,180.9,448.2,438.8,0.0,0.0,1.0,0.0,1.2,0.0,0.0,39.0
301,570148,57,1,3,283.8,202.6,136.2,50.4,2.6,0.8,24.5,0.0,14.2,0.0,77.2,43.5,6.4,0.0,6.7,0.0,1.6,1.6,5.4,5.3,0.0,0.0,0.0,0.0,2.6,0.0,0.0,0.8
302,570149,57,1,2,902.8,516.1,760.1,381.0,14.4,6.2,140.8,10.5,81.9,4.8,418.5,305.2,24.6,0.0,25.2,0.0,16.9,16.8,44.3,43.7,7.0,0.0,1.0,0.0,14.4,0.0,0.0,6.2
303,570150,57,1,2,1075.0,1188.9,860.3,961.9,10.5,18.0,96.0,96.5,55.4,159.9,292.9,338.8,18.9,0.0,19.2,0.0,112.5,109.6,262.4,257.0,1.0,0.0,2.0,0.0,10.5,0.0,0.0,18.0
304,570151,57,1,2,852.9,1155.4,727.3,1031.3,13.0,9.8,122.1,69.6,68.3,4.9,371.5,355.8,23.5,489.5,24.2,0.0,41.9,40.6,71.9,70.9,3.0,0.0,1.0,0.0,13.0,0.0,0.0,9.8
305,570152,57,1,1,111.2,107.6,5.7,3.1,0.1,0.1,1.0,0.0,0.7,0.0,3.5,3.0,0.1,0.0,0.2,0.0,0.0,0.0,0.2,0.2,0.0,0.0,0.0,0.0,0.1,0.0,0.0,0.1
306,570153,57,1,2,367.3,229.2,252.2,115.2,4.6,1.8,46.8,0.0,27.9,0.0,141.7,98.0,8.6,0.0,8.8,0.0,4.3,4.2,13.1,13.0,1.0,0.0,0.0,0.0,4.6,0.0,0.0,1.8
307,570154,57,1,2,1021.6,536.5,877.1,397.9,16.5,6.6,162.1,0.6,92.3,0.0,489.4,333.9,31.3,0.0,32.2,0.0,17.4,17.3,46.4,46.1,4.0,0.0,2.0,0.0,16.5,0.0,0.0,6.6
308,570155,57,1,3,1186.7,2117.7,888.0,1788.9,8.0,31.1,77.9,264.2,45.4,421.0,241.4,626.3,15.2,0.0,15.7,0.0,130.0,127.3,353.4,349.9,4.0,0.0,5.0,0.0,8.0,0.0,0.0,31.1
309,570156,57,1,3,2279.5,2068.8,1963.8,1750.5,29.8,28.2,309.9,271.0,167.9,200.8,953.9,896.3,64.9,0.0,66.3,0.0,123.0,120.3,264.9,262.0,8.0,0.0,5.0,0.0,29.8,0.0,0.0,28.2
310,570157,57,1,3,491.6,1096.0,279.3,866.4,0.0,15.1,0.0,111.2,0.0,308.8,1.0,172.4,0.0,0.0,0.0,0.0,65.0,63.8,212.3,210.3,0.0,0.0,1.0,0.0,0.0,0.0,0.0,15.1
311,570158,57,1,3,3636.0,8759.7,2697.0,7702.3,4.0,113.0,38.1,1169.6,21.9,1674.4,123.3,1465.7,7.3,0.0,7.5,921.1,734.0,721.2,1757.9,1750.2,0.0,0.0,7.0,0.0,4.0,0.0,0.0,113.0
312,570159,57,1,2,5885.5,3869.2,5324.3,3343.6,90.8,52.4,822.3,535.8,531.2,10.7,2946.2,2324.0,257.6,0.0,262.9,0.0,182.8,177.6,303.3,295.5,15.0,0.0,3.0,0.0,90.8,0.0,0.0,52.4
313,570160,57,1,3,7463.8,4640.5,6996.7,4233.8,122.0,49.9,1234.4,95.7,688.1,44.0,3826.8,2739.1,263.7,674.4,269.0,0.0,208.5,203.4,484.2,477.2,20.0,0.0,2.0,0.0,122.0,0.0,0.0,49.9
314,570161,57,1,3,6102.7,2973.8,5708.2,2637.6,107.6,35.2,1053.1,17.7,574.9,0.0,3188.8,2204.5,221.6,0.0,226.2,0.0,118.5,115.7,303.0,299.6,17.0,0.0,5.0,0.0,107.6,0.0,0.0,35.2
315,570162,57,1,3,1971.2,5690.3,868.0,4507.6,0.0,71.0,0.0,1282.9,0.0,822.1,2.0,1552.5,0.0,0.0,0.0,0.0,315.2,308.0,548.8,542.1,0.0,0.0,2.0,0.0,0.0,0.0,0.0,71.0
316,570163,57,1,3,13276.2,6633.6,12459.2,5952.0,238.0,84.4,2117.2,228.4,1254.0,32.6,6970.3,4753.0,539.7,0.0,550.8,0.0,284.5,278.4,664.6,659.5,75.0,0.0,3.0,0.0,238.0,0.0,0.0,84.4
317,570164,57,1,3,4968.9,2589.7,4618.6,2289.1,95.1,31.3,872.1,9.2,471.4,0.0,2549.6,1917.2,153.5,0.0,156.6,0.0,102.9,100.8,263.6,261.9,45.0,0.0,4.0,0.0,95.1,0.0,0.0,31.3
318,570165,57,1,3,1219.9,642.2,1078.5,508.3,20.8,6.8,189.2,1.3,108.7,0.0,548.0,426.4,29.4,0.0,30.3,0.0,22.2,21.9,58.6,58.6,91.0,0.0,1.0,0.0,20.8,0.0,0.0,6.8
319,570166,57,1,3,4727.8,12548.8,2157.5,9800.3,0.0,158.2,0.0,4451.9,0.0,1485.1,9.0,1754.9,0.0,0.0,0.0,0.0,981.3,961.2,1158.2,1147.1,0.0,0.0,9.0,0.0,0.0,0.0,0.0,158.2
320,570167,57,1,3,5966.1,3173.6,5581.9,2854.3,118.3,38.8,1004.9,45.4,590.5,0.0,3098.1,2343.1,185.4,0.0,189.4,0.0,137.9,134.9,331.8,330.9,39.0,0.0,5.0,0.0,118.3,0.0,0.0,38.8
321,570168,57,1,3,4938.3,3058.4,4581.4,2734.4,82.1,39.0,847.0,149.5,466.9,0.0,2469.8,2097.1,139.8,0.0,142.8,0.0,160.7,157.4,332.2,330.4,18.0,0.0,4.0,0.0,82.1,0.0,0.0,39.0
322,570169,57,1,3,3245.2,3241.0,2885.1,2884.9,52.5,42.6,480.9,321.8,286.1,230.4,1416.6,1774.3,64.0,0.0,65.4,0.0,176.9,173.5,386.2,384.8,7.0,0.0,2.0,0.0,52.5,0.0,0.0,42.6
323,570170,57,1,3,3607.8,2892.2,3213.0,2512.7,61.7,36.9,558.1,150.5,331.1,269.7,1640.0,1595.3,77.7,0.0,79.4,0.0,136.2,133.8,364.4,363.5,24.0,0.0,2.0,0.0,61.7,0.0,0.0,36.9
324,570171,57,1,3,4722.3,5053.3,4182.5,4506.1,70.1,65.0,606.1,388.6,352.5,899.9,1804.4,2009.3,91.1,0.0,93.1,0.0,322.2,316.3,894.1,892.1,14.0,0.0,5.0,0.0,70.1,0.0,0.0,65.0
325,570172,57,1,3,4388.2,2292.2,4090.6,2032.1,77.0,27.2,763.5,5.0,436.6,0.0,2268.2,1697.5,129.3,0.0,132.0,0.0,92.5,91.0,238.5,238.6,27.0,0.0,3.0,0.0,77.0,0.0,0.0,27.2
326,570173,57,1,3,4455.6,14446.1,1689.9,11483.4,0.0,179.7,0.0,4655.8,0.0,693.0,10.0,4449.7,0.0,0.0,0.0,35.7,911.2,894.8,758.7,754.4,0.0,0.0,10.0,0.0,0.0,0.0,0.0,179.7
327,570174,57,1,3,4899.4,3911.3,4494.3,3546.7,86.7,38.5,827.8,150.6,446.8,4.9,2438.1,2121.8,142.8,818.5,145.7,0.0,146.9,144.2,307.2,306.7,36.0,0.0,3.0,0.0,86.7,0.0,0.0,38.5
328,570175,57,1,3,3727.1,4244.4,3231.6,3741.1,53.5,53.6,470.3,246.8,281.6,466.4,1372.6,2058.2,58.5,0.0,59.8,0.0,283.1,278.5,690.7,691.1,13.0,0.0,2.0,0.0,53.5,0.0,0.0,53.6
329,570176,57,1,3,8457.1,7517.3,7815.0,6933.5,154.0,75.5,1389.3,308.1,780.2,361.2,4056.4,3604.5,212.8,597.8,217.1,967.2,321.5,316.0,777.8,778.7,53.0,0.0,7.0,0.0,154.0,0.0,0.0,75.5
330,570177,57,1,3,5074.4,3457.9,4736.8,3155.1,82.4,36.1,773.0,143.9,464.5,150.2,2540.5,1799.1,190.7,531.9,194.8,0.0,157.3,154.7,374.8,375.2,38.0,0.0,3.0,0.0,82.4,0.0,0.0,36.1
331,570178,57,1,3,3161.4,4085.6,2914.3,3833.9,40.3,38.9,456.4,481.4,262.3,0.0,1341.5,1712.9,64.0,982.0,65.5,0.0,263.2,259.1,397.5,398.5,62.0,0.0,2.0,0.0,40.3,0.0,0.0,38.9
332,570179,57,1,3,3306.7,2093.8,3047.8,1856.8,51.8,23.9,549.5,90.4,323.9,9.9,1663.9,1465.0,90.5,0.0,92.4,0.0,90.4,89.0,202.2,202.5,34.0,0.0,1.0,0.0,51.8,0.0,0.0,23.9
333,570180,57,1,4,8038.1,6563.2,7148.2,5713.7,119.4,79.6,1112.0,766.4,642.8,511.2,3607.6,3241.0,269.7,0.0,275.2,0.0,384.6,378.1,817.3,816.9,35.0,0.0,4.0,0.0,119.4,0.0,0.0,79.6
334,570181,57,1,4,6564.1,9019.2,5622.7,8005.3,51.1,112.6,457.4,817.7,268.0,1884.1,1337.6,1838.8,60.2,48.9,61.6,0.0,977.0,962.6,2444.8,2453.2,9.0,0.0,7.0,0.0,51.1,0.0,0.0,112.6
335,570182,57,1,3,8459.1,8310.3,7425.2,7234.2,81.9,105.9,776.3,765.9,438.9,936.4,2397.1,2080.5,154.9,0.0,158.1,0.0,1095.1,1081.0,2359.9,2370.5,37.0,0.0,8.0,0.0,81.9,0.0,0.0,105.9
336,570183,57,1,3,2528.0,1603.8,2320.7,1404.5,36.6,18.9,378.4,143.1,229.9,9.7,1243.7,966.2,94.1,20.7,96.0,0.0,93.2,92.1,171.5,172.7,12.0,0.0,2.0,0.0,36.6,0.0,0.0,18.9
337,570184,57,1,3,4151.2,5094.6,3781.0,4732.4,56.0,40.4,589.1,520.1,355.4,4.9,1919.5,1792.3,140.9,0.0,143.8,1806.4,242.4,238.8,368.6,369.8,20.0,0.0,1.0,0.0,56.0,0.0,0.0,40.4
338,570185,57,1,3,4991.3,2450.2,4680.4,2172.8,70.7,27.1,851.9,12.0,482.5,0.0,2583.3,1807.3,164.1,0.0,167.5,0.0,100.0,98.3,255.1,255.3,72.0,0.0,4.0,0.0,70.7,0.0,0.0,27.1
339,570186,57,1,3,895.0,2578.5,546.3,2195.0,0.4,34.1,3.2,600.8,2.2,186.4,12.3,885.4,0.8,0.0,0.8,0.0,207.0,203.7,319.1,318.6,0.0,0.0,1.0,0.0,0.4,0.0,0.0,34.1
340,570187,57,1,4,8024.6,13496.9,5627.7,10991.5,62.3,164.2,602.0,4188.0,331.9,1345.4,1756.1,2746.7,90.1,0.0,92.0,0.0,1140.7,1123.3,1584.8,1588.1,22.0,0.0,8.0,0.0,62.3,0.0,0.0,164.2
341,570188,57,1,4,2013.4,4531.5,1680.6,4170.2,13.6,42.1,124.2,480.9,69.7,556.4,362.0,733.6,17.7,885.7,18.1,431.5,334.2,329.0,750.8,753.1,2.0,0.0,2.0,0.0,13.6,0.0,0.0,42.1
342,570189,57,1,4,3078.7,1924.4,2814.1,1680.3,46.5,24.0,408.2,92.3,238.5,122.5,1322.3,846.7,96.9,0.0,98.9,0.0,191.6,188.7,428.8,430.2,28.0,0.0,1.0,0.0,46.5,0.0,0.0,24.0
343,570190,57,1,3,2433.9,2122.1,2136.8,1822.8,28.3,27.0,251.1,182.9,148.0,186.0,814.8,659.0,59.6,0.0,61.0,0.0,254.0,250.6,541.3,544.3,6.0,0.0,1.0,0.0,28.3,0.0,0.0,27.0
344,570191,57,1,3,3595.0,3295.9,3173.7,2878.6,54.3,40.1,549.9,243.8,288.8,343.4,1541.3,1673.7,79.5,0.0,81.3,0.0,169.8,167.3,448.1,450.4,13.0,0.0,2.0,0.0,54.3,0.0,0.0,40.1
345,570192,57,1,3,1911.7,1320.0,1706.6,1121.5,31.6,15.2,332.7,65.8,186.3,0.0,914.2,875.0,39.6,0.0,40.5,0.0,55.6,55.0,124.7,125.7,12.0,0.0,1.0,0.0,31.6,0.0,0.0,15.2
346,570193,57,1,3,3156.6,3477.4,2883.0,3207.2,45.0,32.2,514.2,162.4,306.5,49.6,1364.7,1597.2,44.9,0.0,45.9,839.7,180.1,177.8,378.6,380.4,46.0,0.0,2.0,0.0,45.0,0.0,0.0,32.2
347,570194,57,1,3,5687.5,5375.5,5231.7,4895.4,70.7,65.9,893.8,150.3,534.8,817.8,2383.9,2700.9,74.6,0.0,76.3,0.0,293.5,289.0,932.9,937.4,25.0,0.0,17.0,0.0,70.7,0.0,0.0,65.9
348,570195,57,1,3,2631.8,2735.0,2280.0,2367.3,22.3,31.3,291.5,262.6,166.3,189.0,837.9,1040.0,38.3,0.0,39.2,0.0,284.9,280.6,592.7,595.1,26.0,0.0,3.0,0.0,22.3,0.0,0.0,31.3
349,570196,57,1,3,1642.3,974.5,1520.5,860.1,22.9,10.9,288.6,1.9,167.7,0.0,836.8,718.0,37.8,0.0,38.7,0.0,38.8,38.3,101.2,102.0,11.0,0.0,0.0,0.0,22.9,0.0,0.0,10.9
350,570197,57,1,3,2213.7,1362.2,2049.0,1205.4,30.6,15.4,387.1,16.1,217.4,29.3,1115.5,950.1,52.7,0.0,53.8,0.0,56.4,56.0,153.0,153.8,11.0,0.0,2.0,0.0,30.6,0.0,0.0,15.4
351,570198,57,1,3,287.6,590.5,127.5,425.6,0.5,6.3,4.6,99.1,3.2,95.4,17.3,131.6,1.4,0.0,1.5,0.0,30.0,29.8,69.4,69.7,0.0,0.0,0.0,0.0,0.5,0.0,0.0,6.3
352,570199,57,1,4,704.9,1327.0,294.4,908.8,4.4,12.8,46.0,299.1,26.0,4.7,134.1,531.6,6.6,0.0,6.9,0.0,51.0,50.5,22.8,22.9,1.0,0.0,0.0,0.0,4.4,0.0,0.0,12.8
353,570200,57,1,4,2700.9,4692.9,2287.9,4226.2,14.2,62.0,146.3,283.6,81.2,1696.8,411.4,640.7,17.8,0.0,18.4,0.0,345.9,340.4,1259.9,1264.5,3.0,0.0,4.0,0.0,14.2,0.0,0.0,62.0
354,570201,57,1,4,304.3,695.0,184.4,568.9,0.0,8.4,0.0,57.1,0.0,208.0,0.0,118.7,0.0,0.0,0.0,0.0,40.2,39.9,144.2,145.0,0.0,0.0,0.0,0.0,0.0,0.0,0.0,8.4
355,570202,57,1,4,507.2,744.2,362.3,595.6,3.6,8.8,32.2,83.8,18.5,189.8,106.9,134.6,8.2,0.0,8.5,0.0,45.9,45.4,141.0,142.0,1.0,0.0,0.0,0.0,3.6,0.0,0.0,8.8
356,570203,57,1,4,2071.1,1526.9,1864.8,1334.9,34.4,18.7,341.9,59.8,192.3,64.9,942.2,921.5,37.4,0.0,38.3,0.0,83.5,82.4,205.1,206.2,23.0,0.0,1.0,0.0,34.4,0.0,0.0,18.7
357,570204,57,1,4,582.4,306.2,488.2,218.7,9.2,3.0,84.5,1.6,48.2,0.0,275.9,182.2,21.2,0.0,21.8,0.0,9.6,9.5,25.0,25.3,2.0,0.0,0.0,0.0,9.2,0.0,0.0,3.0
358,570205,57,1,4,2035.0,2307.9,1734.9,1992.8,15.0,29.6,142.5,236.6,78.7,352.7,399.2,352.0,17.6,0.0,18.0,0.0,326.3,321.5,725.7,729.8,25.0,0.0,2.0,0.0,15.0,0.0,0.0,29.6
359,570206,57,1,3,991.5,676.1,857.3,548.7,16.1,7.9,137.3,30.9,77.3,59.3,453.6,348.2,36.3,0.0,37.1,0.0,28.3,28.0,81.5,82.3,6.0,0.0,0.0,0.0,16.1,0.0,0.0,7.9
360,570207,57,1,3,2993.8,2728.6,2652.4,2393.2,45.5,33.8,463.7,122.2,258.9,80.9,1233.9,1623.2,46.7,0.0,47.8,0.0,177.9,175.3,389.4,391.6,32.0,0.0,2.0,0.0,45.5,0.0,0.0,33.8
361,570208,57,1,3,2062.6,1981.1,1846.4,1757.2,24.5,24.7,276.7,347.9,151.2,0.0,850.3,980.9,60.3,0.0,61.6,0.0,176.7,174.2,252.6,254.2,16.0,0.0,1.0,0.0,24.5,0.0,0.0,24.7
362,570209,57,1,3,3455.5,3207.0,3126.8,2866.1,39.2,39.7,467.2,148.3,262.6,558.1,1362.7,1280.7,68.8,0.0,70.3,0.0,223.6,220.6,655.4,658.4,12.0,0.0,4.0,0.0,39.2,0.0,0.0,39.7
363,570210,57,1,3,2546.0,1228.6,2359.1,1044.5,40.5,13.8,427.1,2.4,241.7,0.0,1315.8,870.0,85.8,0.0,87.7,0.0,47.5,47.0,124.4,125.1,14.0,0.0,15.0,0.0,40.5,0.0,0.0,13.8
364,570211,57,1,3,1927.4,4060.7,1152.5,3224.1,0.3,50.1,2.6,736.5,1.9,791.3,9.4,571.1,0.3,0.0,0.3,0.0,351.1,344.7,784.9,780.5,0.0,0.0,2.0,0.0,0.3,0.0,0.0,50.1
365,570212,57,1,3,360.9,936.5,132.2,695.1,0.2,11.3,0.0,251.5,1.9,19.6,7.5,302.2,0.2,0.0,0.3,0.0,62.3,61.5,60.0,60.2,0.0,0.0,0.0,0.0,0.2,0.0,0.0,11.3
366,570213,57,1,3,1785.0,3301.8,1230.6,2709.0,10.6,42.8,106.9,727.7,64.7,514.2,362.9,836.4,28.2,0.0,28.9,0.0,211.8,208.6,422.2,422.1,3.0,0.0,2.0,0.0,10.6,0.0,0.0,42.8
367,570214,57,1,4,83.6,130.0,13.0,61.5,0.0,1.0,0.0,18.9,0.0,4.6,2.0,29.0,0.0,0.0,0.0,0.0,3.7,3.6,5.3,5.3,0.0,0.0,2.0,0.0,0.0,0.0,0.0,1.0
368,570215,57,1,4,494.3,687.6,339.5,530.7,4.5,7.8,45.6,98.0,25.5,83.6,130.8,229.8,5.8,0.0,6.0,0.0,36.2,36.1,82.5,83.2,5.0,0.0,2.0,0.0,4.5,0.0,0.0,7.8
369,570216,57,1,4,822.8,2899.0,339.9,2377.4,0.0,34.9,0.0,714.0,0.0,205.1,3.0,1125.3,0.0,0.0,0.0,0.0,135.1,133.1,198.8,199.9,0.0,0.0,3.0,0.0,0.0,0.0,0.0,34.9
370,570217,57,1,4,718.8,2091.7,338.2,1688.2,1.1,24.5,10.8,354.8,6.2,144.9,32.0,903.6,1.4,0.0,1.4,0.0,108.8,107.2,176.6,177.7,0.0,0.0,1.0,0.0,1.1,0.0,0.0,24.5
371,570218,57,1,4,692.4,2451.6,278.2,2006.6,0.0,29.5,0.0,729.2,0.0,99.2,3.0,907.0,0.0,0.0,0.0,0.0,128.7,126.8,143.5,144.5,0.0,0.0,3.0,0.0,0.0,0.0,0.0,29.5
372,570219,57,1,4,4629.2,9096.5,3960.9,8365.3,39.9,96.5,392.0,867.3,217.9,1371.0,1090.4,2242.0,45.7,925.7,46.9,813.9,622.1,613.7,1522.9,1531.6,18.0,0.0,5.0,0.0,39.9,0.0,0.0,96.5
373,570220,57,1,5,4108.8,8016.7,3046.5,6856.7,20.4,97.9,222.5,1361.7,123.6,545.8,649.7,3000.3,27.9,0.0,28.6,0.0,681.4,671.9,1271.8,1277.0,21.0,0.0,20.0,0.0,20.4,0.0,0.0,97.9
374,570221,57,1,4,1054.0,771.8,919.6,646.0,18.0,9.0,173.7,37.2,97.6,9.4,482.9,498.2,20.0,0.0,20.5,0.0,30.1,29.9,70.6,71.3,22.0,0.0,2.0,0.0,18.0,0.0,0.0,9.0
375,570222,57,1,4,2685.5,5312.3,2015.3,4597.0,24.1,66.6,240.1,1246.0,134.9,254.3,677.5,2210.0,29.0,0.0,29.8,0.0,352.7,347.8,536.3,538.7,12.0,0.0,3.0,0.0,24.1,0.0,0.0,66.6
376,570223,57,1,4,969.7,1091.6,795.1,918.6,14.6,12.9,136.6,131.1,77.0,58.6,388.5,575.8,17.5,0.0,17.8,0.0,49.2,48.8,103.5,104.2,4.0,0.0,1.0,0.0,14.6,0.0,0.0,12.9
377,570224,57,1,4,4517.2,3935.2,4074.6,3518.6,77.9,48.9,776.7,390.3,448.3,14.1,2086.3,2547.6,77.5,0.0,79.1,0.0,189.9,187.4,377.7,379.2,37.0,0.0,2.0,0.0,77.9,0.0,0.0,48.9
378,570225,57,1,4,2290.1,2558.7,2096.0,2383.4,41.7,21.1,406.3,69.3,224.6,14.2,1079.0,1167.8,43.6,847.1,44.5,0.0,88.8,87.7,196.2,197.3,12.0,0.0,1.0,0.0,41.7,0.0,0.0,21.1
379,570226,57,1,4,6628.0,3426.6,6232.2,3096.0,111.8,42.1,1114.3,37.1,665.5,4.5,3454.7,2544.9,203.6,0.0,207.8,0.0,145.5,143.5,364.8,366.0,73.0,0.0,3.0,0.0,111.8,0.0,0.0,42.1
380,570227,57,1,3,4750.3,2370.9,4438.6,2091.2,71.3,28.4,803.0,43.0,436.7,4.6,2458.0,1690.5,169.2,0.0,172.7,0.0,102.9,101.5,250.0,251.6,45.0,0.0,1.0,0.0,71.3,0.0,0.0,28.4
381,570228,57,1,3,3854.6,2092.7,3594.6,1856.0,58.2,25.3,638.8,22.5,361.2,76.6,1928.1,1411.1,114.3,0.0,116.8,0.0,92.2,90.7,254.1,255.1,87.0,0.0,2.0,0.0,58.2,0.0,0.0,25.3
382,570229,57,1,3,1646.4,812.2,1486.5,662.0,27.3,8.9,271.8,2.3,154.1,0.0,831.4,551.1,55.2,0.0,56.5,0.0,29.9,29.6,78.6,79.0,8.0,0.0,1.0,0.0,27.3,0.0,0.0,8.9
383,570230,57,1,3,2267.6,6364.1,850.2,4859.6,0.0,75.8,0.0,3017.4,0.0,429.9,5.0,582.8,0.0,0.0,0.0,0.0,481.2,472.8,359.0,356.7,0.0,0.0,5.0,0.0,0.0,0.0,0.0,75.8
384,570231,57,1,3,1745.8,4350.6,898.9,3440.4,0.9,53.0,9.4,1167.1,5.9,711.2,33.1,725.0,2.1,0.0,2.2,0.0,300.1,295.0,544.0,542.1,0.0,0.0,2.0,0.0,0.9,0.0,0.0,53.0
385,570232,57,1,3,750.6,1761.7,432.3,1422.2,1.3,21.0,13.7,470.0,9.1,298.1,49.6,306.4,3.9,0.0,4.1,0.0,125.3,123.1,225.5,224.6,0.0,0.0,1.0,0.0,1.3,0.0,0.0,21.0
386,570233,57,1,3,1447.5,3536.3,448.1,2485.1,0.9,37.9,9.5,1031.0,6.0,216.0,33.8,850.0,2.1,0.0,2.2,0.0,202.4,198.8,189.9,189.4,0.0,0.0,2.0,0.0,0.9,0.0,0.0,37.9
387,570234,57,1,3,3734.5,2696.4,3283.6,2258.5,50.2,34.2,525.4,558.8,321.4,56.3,1753.3,1253.2,132.4,0.0,135.3,0.0,160.0,157.6,232.8,232.6,20.0,0.0,3.0,0.0,50.2,0.0,0.0,34.2
388,570235,57,1,3,72.7,98.2,3.7,31.5,0.0,0.5,0.0,14.5,0.0,0.0,1.0,15.4,0.0,0.0,0.0,0.0,1.6,1.6,0.0,0.0,0.0,0.0,1.0,0.0,0.0,0.0,0.0,0.5
389,570236,57,1,4,865.3,1366.6,654.0,1149.2,8.7,17.0,106.2,269.1,59.3,40.5,273.0,648.3,10.7,0.0,11.0,0.0,79.6,78.6,112.2,112.8,1.0,0.0,1.0,0.0,8.7,0.0,0.0,17.0
390,570237,57,1,5,2658.5,4777.0,2036.8,4097.2,6.4,60.5,80.7,792.0,44.4,464.9,210.7,1168.3,7.0,0.0,7.3,0.0,561.4,553.3,1115.2,1118.6,4.0,0.0,6.0,0.0,6.4,0.0,0.0,60.5
391,570238,57,1,5,911.7,2004.9,734.3,1807.8,4.2,26.4,48.0,558.8,29.7,4.6,166.4,784.7,13.4,0.0,13.8,0.0,211.3,208.1,250.7,251.6,0.0,0.0,1.0,0.0,4.2,0.0,0.0,26.4
392,570239,57,1,5,3756.2,7088.6,2865.1,6084.9,0.0,90.4,0.0,1287.7,0.0,891.4,24.0,1094.2,0.0,0.0,0.0,0.0,930.1,917.0,1887.0,1894.7,0.0,0.0,24.0,0.0,0.0,0.0,0.0,90.4
393,570240,57,1,5,1425.6,2934.5,1034.5,2516.7,10.4,35.9,137.1,492.3,75.5,262.7,349.6,1325.5,12.3,0.0,12.6,0.0,141.3,139.0,296.2,297.2,8.0,0.0,2.0,0.0,10.4,0.0,0.0,35.9
394,570241,57,1,5,10072.8,30365.9,7585.6,27468.7,0.0,402.9,0.0,9195.4,0.0,460.3,18.0,10289.7,0.0,0.0,0.0,0.0,3342.2,3297.3,4207.4,4226.1,0.0,0.0,18.0,0.0,0.0,0.0,0.0,402.9
395,570242,57,1,4,1570.2,2870.4,1195.4,2474.5,15.3,36.0,181.9,549.7,100.1,102.2,461.3,1412.6,17.2,0.0,17.7,0.0,159.2,156.9,252.0,253.2,4.0,0.0,2.0,0.0,15.3,0.0,0.0,36.0
396,570243,57,1,5,4617.2,7424.0,3765.6,6508.2,35.8,93.4,436.3,1255.5,236.6,400.8,1110.6,2971.2,36.9,0.0,37.8,0.0,675.5,666.2,1209.8,1214.5,15.0,0.0,7.0,0.0,35.8,0.0,0.0,93.4
397,570244,57,1,4,5730.2,3776.5,5267.1,3354.9,85.3,47.4,918.3,290.5,514.9,138.1,2806.0,2299.8,175.2,0.0,178.9,0.0,191.5,188.8,436.2,437.7,44.0,0.0,2.0,0.0,85.3,0.0,0.0,47.4
398,570245,57,1,4,5475.5,4293.1,5059.2,3909.6,90.6,54.8,936.9,353.2,529.1,105.5,2620.6,2775.3,109.8,0.0,112.2,0.0,200.7,197.8,475.8,477.8,71.0,0.0,3.0,0.0,90.6,0.0,0.0,54.8
399,570246,57,1,4,4974.9,3180.8,4638.2,2882.9,82.1,40.4,829.5,57.3,467.7,204.3,2457.8,2034.2,127.6,0.0,130.4,0.0,153.8,151.6,434.4,435.5,34.0,0.0,3.0,0.0,82.1,0.0,0.0,40.4
400,570247,57,1,4,4723.9,6001.6,4071.9,5334.2,65.1,75.7,664.2,978.4,367.7,178.4,1806.8,3144.2,75.2,0.0,76.9,0.0,392.0,386.2,645.1,647.0,39.0,0.0,5.0,0.0,65.1,0.0,0.0,75.7
401,570248,57,1,3,3308.0,2639.1,3021.8,2371.2,53.8,23.9,555.2,84.3,297.0,24.1,1592.6,1219.0,93.7,681.2,95.6,0.0,113.0,111.3,250.7,251.2,21.0,0.0,3.0,0.0,53.8,0.0,0.0,23.9
402,570249,57,1,3,3403.1,2075.1,3118.7,1810.3,53.8,25.2,574.2,120.9,320.4,4.5,1670.6,1386.3,88.7,0.0,90.5,0.0,93.2,91.9,206.1,206.7,73.0,0.0,2.0,0.0,53.8,0.0,0.0,25.2
403,570250,57,1,3,2000.9,1175.1,1796.6,974.3,31.2,13.5,354.1,13.6,191.8,0.0,972.2,805.4,47.0,0.0,48.1,0.0,43.8,43.3,111.7,112.0,24.0,0.0,4.0,0.0,31.2,0.0,0.0,13.5
404,570251,57,1,3,1762.5,1380.1,1547.0,1165.9,28.1,12.5,305.9,46.1,157.2,0.0,806.3,693.5,39.4,0.0,40.4,259.9,53.3,52.5,113.5,113.9,29.0,0.0,2.0,0.0,28.1,0.0,0.0,12.5
405,570252,57,1,3,4711.1,10559.7,3628.6,9327.8,1.3,133.0,14.3,1029.9,9.0,3444.4,51.4,1336.4,3.4,0.0,3.4,0.0,860.6,846.2,2682.6,2670.8,0.0,0.0,4.0,0.0,1.3,0.0,0.0,133.0
406,570253,57,1,3,548.3,1128.9,403.9,968.9,0.3,14.1,2.5,81.0,1.9,347.7,7.3,151.7,0.2,0.0,0.2,0.0,95.9,94.2,295.9,294.3,0.0,0.0,0.0,0.0,0.3,0.0,0.0,14.1
407,570254,57,1,3,1145.0,2545.6,820.3,2184.1,0.0,31.8,0.0,295.0,0.0,773.7,1.0,303.7,0.0,0.0,0.0,0.0,209.2,205.4,609.1,606.2,0.0,0.0,1.0,0.0,0.0,0.0,0.0,31.8
408,570255,57,1,3,1773.6,4201.0,984.1,3351.5,0.0,48.2,0.0,648.2,0.0,992.4,3.0,740.6,0.0,0.0,0.0,0.0,265.5,260.9,712.5,709.4,0.0,0.0,3.0,0.0,0.0,0.0,0.0,48.2
409,570256,57,1,4,1601.0,3845.5,662.8,2861.0,2.6,43.8,28.1,1279.7,17.3,268.5,97.6,813.9,6.9,0.0,7.1,0.0,257.5,253.6,244.3,245.2,1.0,0.0,3.0,0.0,2.6,0.0,0.0,43.8
410,570257,57,1,4,1267.1,1062.7,1132.5,929.5,14.5,13.9,156.5,74.3,96.4,181.7,543.5,434.9,43.8,0.0,44.8,0.0,58.2,57.6,180.3,181.0,6.0,0.0,3.0,0.0,14.5,0.0,0.0,13.9
411,570258,57,1,4,3630.2,1782.4,3403.4,1586.1,50.5,22.9,558.1,71.7,337.0,28.6,1913.1,1215.9,154.4,0.0,157.7,0.0,80.2,79.2,189.9,190.7,12.0,0.0,1.0,0.0,50.5,0.0,0.0,22.9
412,570259,57,1,4,1431.9,2931.7,992.1,2468.6,12.4,35.8,143.7,193.3,80.9,179.4,430.5,1811.9,22.5,0.0,23.1,0.0,90.9,89.7,193.5,194.2,6.0,0.0,1.0,0.0,12.4,0.0,0.0,35.8
413,570260,57,1,4,1844.4,2048.5,1574.2,1774.4,20.8,26.2,246.0,256.5,139.9,142.3,727.2,1000.6,36.4,0.0,37.2,0.0,120.1,118.4,255.4,256.6,11.0,0.0,1.0,0.0,20.8,0.0,0.0,26.2
414,570261,57,1,4,938.8,1646.2,731.9,1434.8,8.7,14.9,101.2,189.9,57.2,108.1,303.2,473.7,15.6,0.0,16.0,432.5,77.4,76.5,153.3,154.1,7.0,0.0,1.0,0.0,8.7,0.0,0.0,14.9
415,570262,57,1,4,4610.9,2211.5,4305.6,1947.3,67.8,27.8,747.7,51.4,433.6,9.0,2403.8,1570.9,180.9,0.0,184.6,0.0,92.3,90.8,224.6,225.2,36.0,0.0,2.0,0.0,67.8,0.0,0.0,27.8
416,570263,57,1,4,3855.7,2137.6,3608.1,1922.5,58.2,27.2,663.8,17.5,372.1,33.0,1993.2,1538.1,110.1,0.0,112.3,0.0,92.1,90.7,242.5,243.2,21.0,0.0,1.0,0.0,58.2,0.0,0.0,27.2
417,570264,57,1,3,4107.0,3585.3,3671.0,3154.4,59.2,46.7,572.6,315.7,338.0,312.0,1766.3,1773.9,100.8,0.0,102.9,0.0,222.5,219.2,532.9,533.6,30.0,0.0,5.0,0.0,59.2,0.0,0.0,46.7
418,570265,57,1,4,4428.3,2835.2,4095.1,2540.1,70.1,30.7,716.0,91.0,415.2,9.0,2257.6,1717.3,159.5,278.7,162.8,95.6,108.9,107.0,241.3,241.5,32.0,0.0,2.0,0.0,70.1,0.0,0.0,30.7
419,570266,57,1,3,4426.4,2549.7,4137.6,2296.0,77.5,32.8,769.0,42.9,451.9,0.0,2246.9,1872.7,104.0,0.0,106.1,0.0,109.3,107.8,272.3,272.5,74.0,0.0,4.0,0.0,77.5,0.0,0.0,32.8
420,570267,57,1,3,1705.7,3114.2,1504.2,2912.3,25.5,17.3,254.5,181.9,136.6,0.0,729.6,737.0,42.1,0.0,43.1,1724.4,105.1,103.5,165.2,165.5,25.0,0.0,3.0,0.0,25.5,0.0,0.0,17.3
421,570268,57,1,3,1079.4,731.6,944.5,598.3,14.7,8.4,171.5,57.6,105.0,0.0,512.2,448.1,25.7,0.0,26.4,0.0,30.0,29.7,62.6,62.8,10.0,0.0,1.0,0.0,14.7,0.0,0.0,8.4
422,570269,57,1,3,4095.2,11830.8,1099.0,8711.6,0.0,125.6,0.0,7348.9,0.0,4.6,9.0,295.3,0.0,0.0,0.0,0.0,1051.8,1033.5,29.2,29.3,0.0,0.0,9.0,0.0,0.0,0.0,0.0,125.6
423,570270,57,1,4,1331.3,2742.4,905.0,2286.9,4.9,35.1,56.3,378.0,32.0,584.2,174.3,708.3,10.3,0.0,10.6,0.0,163.3,160.9,455.1,455.6,2.0,0.0,1.0,0.0,4.9,0.0,0.0,35.1
424,570271,57,1,4,1098.4,2619.0,765.4,2253.6,0.0,34.5,0.0,424.4,0.0,765.2,2.0,304.1,0.0,0.0,0.0,0.0,193.9,191.2,567.6,568.7,0.0,0.0,2.0,0.0,0.0,0.0,0.0,34.5
425,570272,57,1,4,2803.3,4033.6,2351.3,3547.8,19.8,53.3,240.1,359.3,139.7,942.1,761.6,1158.2,50.3,0.0,51.4,0.0,266.3,262.2,824.9,826.0,14.0,0.0,3.0,0.0,19.8,0.0,0.0,53.3
426,570273,57,1,4,2600.4,3137.7,2173.6,2699.3,25.9,40.5,302.1,528.3,175.3,349.4,961.2,1236.8,66.4,0.0,67.9,0.0,179.4,176.9,407.2,407.9,13.0,0.0,1.0,0.0,25.9,0.0,0.0,40.5
427,570274,57,1,4,1547.6,2930.6,1239.7,2608.7,9.8,29.6,122.7,382.4,68.7,236.2,375.6,732.8,23.8,652.9,24.3,0.0,199.8,196.8,406.9,407.5,17.0,0.0,1.0,0.0,9.8,0.0,0.0,29.6
428,570275,57,1,4,918.7,1310.3,693.2,1081.5,8.1,16.2,95.6,208.2,53.2,128.6,296.8,542.4,19.3,0.0,19.7,0.0,63.6,62.8,139.0,139.5,5.0,0.0,1.0,0.0,8.1,0.0,0.0,16.2
429,570276,57,1,4,1774.7,2307.8,1461.4,1984.0,16.6,29.6,199.0,306.4,109.6,293.5,613.6,940.2,39.5,0.0,40.4,0.0,130.1,128.2,315.2,315.7,12.0,0.0,2.0,0.0,16.6,0.0,0.0,29.6
430,570277,57,1,4,4068.9,1854.1,3815.8,1636.4,53.7,23.2,671.6,4.3,391.6,0.0,2120.4,1360.4,151.0,0.0,154.3,0.0,75.9,74.7,196.9,197.0,53.0,0.0,1.0,0.0,53.7,0.0,0.0,23.2
431,570278,57,1,3,2690.1,2013.4,2481.2,1825.2,38.1,16.4,432.6,29.8,250.1,0.0,1389.2,923.0,104.7,694.1,106.9,0.0,52.4,51.7,126.2,126.6,17.0,0.0,2.0,0.0,38.1,0.0,0.0,16.4
432,570279,57,1,3,6977.6,5453.2,6330.3,4831.1,107.2,70.7,1155.7,328.2,631.5,166.8,3159.1,3309.2,140.6,0.0,143.7,0.0,320.6,315.7,711.1,711.2,62.0,0.0,6.0,0.0,107.2,0.0,0.0,70.7
433,570280,57,1,3,3855.8,4670.8,3486.2,4312.5,57.0,38.5,593.9,344.2,358.5,28.0,1799.2,1785.0,101.9,464.1,104.0,1206.3,176.6,174.1,311.2,310.8,37.0,0.0,4.0,0.0,57.0,0.0,0.0,38.5
434,570281,57,1,4,4914.8,9610.6,3856.0,8421.3,0.0,122.7,0.0,959.4,0.0,2707.4,8.0,928.4,0.0,0.0,0.0,0.0,1019.5,1004.0,2820.4,2822.1,0.0,0.0,8.0,0.0,0.0,0.0,0.0,122.7
435,570282,57,1,4,1016.2,1299.3,785.6,1067.9,10.1,15.7,127.8,186.4,70.2,37.8,396.1,710.5,25.7,0.0,26.4,0.0,50.5,49.8,82.9,83.4,5.0,0.0,1.0,0.0,10.1,0.0,0.0,15.7
436,570283,57,1,4,4678.7,4326.1,4155.6,3801.5,54.5,55.2,713.4,442.6,397.8,175.2,2023.1,2386.9,93.2,9.9,95.2,13.3,254.0,250.0,525.1,523.6,51.0,0.0,3.0,0.0,54.5,0.0,0.0,55.2
437,570284,57,1,4,11536.1,34262.9,10518.4,33082.4,28.3,192.5,424.0,3944.9,247.4,74.7,1355.5,8706.6,105.0,42.2,107.3,0.0,2829.8,2786.3,3556.5,3540.7,1879.0,13987.0,14.0,0.0,28.3,0.0,0.0,192.5
438,570285,57,1,4,1784.3,923.7,1582.8,748.3,20.8,10.6,310.8,1.5,172.7,0.0,848.6,623.4,43.5,0.0,44.6,0.0,34.1,33.5,90.4,89.9,37.0,0.0,1.0,0.0,20.8,0.0,0.0,10.6
439,570286,57,1,4,3646.1,6595.0,2650.2,5553.4,33.0,81.2,415.4,1247.2,238.0,84.9,1230.3,3615.2,65.6,0.0,67.0,0.0,271.5,267.0,340.4,339.1,18.0,0.0,4.0,0.0,33.0,0.0,0.0,81.2
440,570287,57,1,4,8262.9,21792.2,5103.3,18370.2,22.1,278.2,262.9,7187.2,151.7,917.1,754.8,6469.8,36.2,0.0,37.2,0.0,1637.2,1610.4,2198.4,2185.7,14.0,0.0,11.0,0.0,22.1,0.0,0.0,278.2
441,570288,57,1,4,3755.9,3655.3,3299.1,3187.6,29.2,47.5,406.4,360.5,230.0,374.7,1146.0,1170.5,57.8,0.0,59.0,0.0,410.5,403.6,884.4,878.2,99.0,0.0,6.0,0.0,29.2,0.0,0.0,47.5
442,570289,57,1,3,3021.7,3352.1,2437.7,2767.9,51.5,40.2,417.6,239.3,236.9,59.8,1193.2,2051.9,60.8,0.0,62.2,0.0,149.1,146.7,272.8,270.2,39.0,0.0,6.0,0.0,51.5,0.0,0.0,40.2
443,570290,57,1,3,6171.0,6655.3,5338.0,5818.9,95.5,75.8,754.8,1080.6,380.8,218.8,1985.9,2324.3,106.9,740.1,109.1,0.0,534.3,524.9,940.2,930.2,511.0,0.0,15.0,0.0,95.5,0.0,0.0,75.8
444,570291,57,1,3,5024.0,2279.1,4613.4,1915.6,102.4,27.1,928.6,5.3,481.9,0.0,2502.8,1588.1,161.6,0.0,165.0,0.0,91.1,89.6,235.5,232.6,35.0,0.0,12.0,0.0,102.4,0.0,0.0,27.1
445,570292,57,1,3,2009.9,983.4,1761.3,739.9,40.6,10.5,352.7,1.5,186.6,0.0,954.1,615.8,56.7,0.0,58.0,0.0,34.1,33.5,90.1,89.1,16.0,0.0,13.0,0.0,40.6,0.0,0.0,10.5
446,570293,57,1,3,3160.5,2389.5,2734.1,1985.0,64.7,28.9,457.7,278.4,252.1,92.4,1257.8,1033.9,74.5,0.0,76.1,0.0,197.4,193.8,392.6,386.4,22.0,0.0,4.0,0.0,64.7,0.0,0.0,28.9
447,570294,57,1,2,5033.7,3366.8,4625.5,2976.5,68.7,43.7,745.4,156.3,407.7,422.1,2377.5,1711.0,189.3,0.0,193.2,0.0,174.3,170.9,521.1,516.2,14.0,0.0,3.0,0.0,68.7,0.0,0.0,43.7
448,570295,57,1,3,7307.1,5534.9,6530.5,4772.6,101.7,74.8,1081.2,500.9,625.4,422.3,3346.9,2874.9,234.9,0.0,239.8,0.0,297.2,291.5,688.1,682.9,14.0,0.0,3.0,0.0,101.7,0.0,0.0,74.8
449,570296,57,1,2,2839.6,1400.4,2618.1,1196.6,42.3,15.2,483.1,4.0,270.3,0.0,1458.8,1001.3,97.0,0.0,99.1,0.0,53.8,52.8,139.9,138.5,10.0,0.0,6.0,0.0,42.3,0.0,0.0,15.2
450,570297,57,1,3,2633.6,2966.4,2271.4,2612.8,36.0,21.6,383.9,214.6,207.0,0.0,1231.7,991.4,98.8,0.0,101.0,1181.4,89.1,87.3,138.8,138.1,18.0,0.0,3.0,0.0,36.0,0.0,0.0,21.6
451,570298,57,1,3,1358.6,2849.8,924.3,2360.9,0.0,39.4,0.0,466.2,0.0,414.3,10.0,583.4,0.0,0.0,0.0,0.0,289.2,284.1,615.1,612.8,0.0,0.0,10.0,0.0,0.0,0.0,0.0,39.4
452,570299,57,1,2,737.4,410.9,608.4,288.3,9.4,3.4,113.7,1.3,64.6,0.0,338.9,241.9,21.1,0.0,21.6,0.0,12.3,12.2,33.1,33.0,3.0,0.0,0.0,0.0,9.4,0.0,0.0,3.4
453,570300,57,1,3,5279.8,4995.4,4595.9,4298.9,58.1,62.8,637.9,601.0,353.6,749.8,2024.7,1716.1,158.3,0.0,161.6,0.0,365.9,359.0,879.8,873.0,10.0,0.0,4.0,0.0,58.1,0.0,0.0,62.8
454,570301,57,1,3,2447.9,2131.4,2033.6,1712.8,31.0,27.7,322.2,535.9,181.4,30.2,1022.7,814.9,78.8,15.2,80.5,0.0,150.0,147.4,169.9,169.2,24.0,0.0,4.0,0.0,31.0,0.0,0.0,27.7
455,570302,57,1,3,7126.9,5767.9,6349.3,4980.6,94.1,80.5,958.8,557.8,528.9,409.0,3053.4,2745.5,239.9,0.0,244.9,0.0,402.5,395.9,874.9,872.4,35.0,0.0,11.0,0.0,94.1,0.0,0.0,80.5
456,570303,57,1,2,2000.7,845.8,1813.2,672.7,26.4,8.0,314.4,2.3,181.4,0.0,1018.3,564.2,88.1,0.0,90.0,0.0,29.5,29.2,77.5,77.0,12.0,0.0,2.0,0.0,26.4,0.0,0.0,8.0
457,570304,57,1,3,2446.5,2919.5,2065.7,2522.5,22.7,35.5,254.2,293.8,143.5,514.5,796.2,976.4,58.7,0.0,60.1,0.0,206.0,201.8,540.0,535.9,5.0,0.0,2.0,0.0,22.7,0.0,0.0,35.5
458,570305,57,1,2,2551.6,2481.2,2310.7,2253.8,30.7,15.7,375.1,173.1,211.9,0.0,1225.7,905.6,112.2,916.0,114.5,0.0,98.2,96.0,165.0,163.0,7.0,0.0,1.0,0.0,30.7,0.0,0.0,15.7
459,570306,57,1,3,6379.7,5755.9,5462.5,4829.6,67.6,65.4,781.8,663.2,439.1,541.0,2467.9,2275.7,190.3,0.0,194.3,0.0,436.2,428.1,928.9,921.6,19.0,0.0,5.0,0.0,67.6,0.0,0.0,65.4
460,570307,57,1,2,4715.0,4547.6,4304.3,4154.4,48.6,25.2,716.7,297.6,377.7,80.8,2127.5,1730.9,161.9,905.5,165.3,426.7,251.4,244.9,480.8,467.9,19.0,0.0,4.0,0.0,48.6,0.0,0.0,25.2
461,570308,57,1,2,2927.3,1355.3,2686.4,1128.0,34.8,10.5,491.8,8.6,258.3,0.0,1468.5,944.8,115.6,0.0,118.1,0.0,49.5,48.5,128.6,126.0,52.0,0.0,4.0,0.0,34.8,0.0,0.0,10.5
462,570309,57,1,2,3505.9,1737.5,3223.2,1473.5,43.7,15.0,604.3,14.3,322.6,0.0,1785.7,1241.2,133.5,0.0,136.3,0.0,63.3,61.8,158.4,156.3,14.0,0.0,5.0,0.0,43.7,0.0,0.0,15.0
463,570310,57,1,2,1151.1,677.8,966.4,498.0,13.8,5.7,181.6,15.9,96.1,0.0,539.2,416.7,40.9,0.0,41.8,0.0,18.9,18.7,46.9,46.7,1.0,0.0,0.0,0.0,13.8,0.0,0.0,5.7
464,570311,57,1,3,4711.5,2558.3,4357.9,2232.5,64.4,28.3,760.6,113.4,423.4,46.6,2402.8,1685.3,182.9,0.0,186.7,0.0,115.4,113.3,276.1,273.9,9.0,0.0,1.0,0.0,64.4,0.0,0.0,28.3
465,570312,57,1,3,7849.1,4451.5,7351.6,3996.4,109.7,51.9,1310.7,87.0,705.9,120.4,3935.5,2941.4,256.6,0.0,262.0,0.0,249.2,244.4,607.7,603.1,19.0,0.0,5.0,0.0,109.7,0.0,0.0,51.9
466,570313,57,1,2,3377.6,1759.7,3104.2,1504.1,39.2,13.7,568.6,34.1,298.1,73.5,1689.3,1129.9,132.4,0.0,135.2,0.0,72.3,70.8,200.3,195.9,7.0,0.0,1.0,0.0,39.2,0.0,0.0,13.7
467,570314,57,1,3,7951.7,3717.2,7485.6,3304.6,103.3,35.9,1384.2,40.6,794.5,12.1,4158.3,2727.3,290.6,0.0,296.6,0.0,150.3,147.1,382.1,377.4,28.0,0.0,1.0,0.0,103.3,0.0,0.0,35.9
468,570315,57,1,3,2946.3,1402.0,2702.8,1172.3,39.0,13.8,501.0,6.5,265.9,0.0,1504.1,983.0,117.7,0.0,120.2,0.0,51.6,50.7,133.2,132.0,8.0,0.0,1.0,0.0,39.0,0.0,0.0,13.8
469,570316,57,1,2,3279.9,1608.0,3053.5,1396.7,36.7,12.0,558.5,3.2,307.7,0.0,1696.3,1177.9,117.9,0.0,120.4,0.0,61.6,60.0,159.1,155.5,24.0,0.0,8.0,0.0,36.7,0.0,0.0,12.0
470,570317,57,1,2,2582.6,3912.6,2347.7,3684.2,26.6,16.1,390.2,228.2,220.3,0.0,1174.7,1107.6,77.9,703.3,79.6,1298.8,135.6,132.4,218.3,213.9,48.0,0.0,3.0,0.0,26.6,0.0,0.0,16.1
471,570318,57,1,3,1847.2,1846.1,1652.8,1657.0,19.9,9.8,283.7,111.7,160.1,0.0,865.2,697.1,63.3,647.0,64.6,0.0,75.1,73.4,130.0,127.7,9.0,0.0,2.0,0.0,19.9,0.0,0.0,9.8
472,570319,57,1,3,3516.2,1806.2,3236.9,1541.9,42.9,16.0,585.1,68.2,321.7,0.0,1797.7,1237.9,137.7,0.0,140.6,0.0,73.0,71.4,167.1,164.5,9.0,0.0,5.0,0.0,42.9,0.0,0.0,16.0
473,570320,57,1,3,4176.3,2748.5,3781.5,2354.6,48.5,27.4,642.1,177.3,342.7,92.6,1950.6,1598.4,153.4,0.0,156.5,0.0,155.0,152.0,338.1,334.2,32.0,0.0,11.0,0.0,48.5,0.0,0.0,27.4
474,570321,57,1,3,1701.2,827.7,1521.6,652.3,21.1,7.2,279.6,1.2,156.0,0.0,850.7,549.8,62.3,0.0,63.7,0.0,28.2,27.9,74.2,73.5,6.0,0.0,1.0,0.0,21.1,0.0,0.0,7.2
475,570322,57,1,2,3663.2,1449.0,3435.2,1256.5,40.0,9.8,571.1,8.4,343.1,0.0,1947.2,1054.1,178.5,0.0,182.1,0.0,55.5,53.9,143.7,140.0,11.0,0.0,3.0,0.0,40.0,0.0,0.0,9.8
476,570323,57,1,1,645.6,296.0,530.9,198.6,5.0,1.1,91.1,0.6,56.1,0.0,304.0,168.6,24.7,0.0,25.4,0.0,7.7,7.7,22.0,21.8,0.0,0.0,0.0,0.0,5.0,0.0,0.0,1.1
477,570324,57,1,2,1461.2,615.0,1318.7,485.4,13.0,3.0,222.6,1.1,135.6,0.0,748.3,410.6,64.3,0.0,65.8,0.0,20.3,20.2,54.8,53.5,6.0,0.0,1.0,0.0,13.0,0.0,0.0,3.0
478,570325,57,1,2,463.2,235.5,354.0,127.7,3.7,0.9,58.4,0.1,35.6,0.0,200.6,109.2,17.6,0.0,18.2,0.0,4.7,4.7,13.9,13.6,5.0,0.0,0.0,0.0,3.7,0.0,0.0,0.9
479,570326,57,1,2,1492.4,764.4,1341.7,619.0,14.3,4.6,227.2,33.6,140.5,16.2,745.2,464.5,57.6,0.0,59.0,0.0,31.8,31.2,75.5,73.6,3.0,0.0,2.0,0.0,14.3,0.0,0.0,4.6
480,570327,57,1,2,1757.6,1009.6,1565.8,826.0,16.4,6.1,256.9,79.0,157.2,23.5,854.1,579.2,71.0,0.0,72.6,0.0,47.3,46.1,100.7,98.1,5.0,0.0,1.0,0.0,16.4,0.0,0.0,6.1
481,570328,57,1,2,1271.6,572.1,1133.4,435.4,11.5,2.9,189.1,16.1,113.3,0.0,640.7,354.6,56.5,0.0,57.8,0.0,19.4,19.1,46.5,45.5,8.0,0.0,2.0,0.0,11.5,0.0,0.0,2.9
482,570329,57,1,2,842.2,388.9,720.4,267.8,7.5,1.9,120.1,0.3,71.9,0.0,407.5,227.3,36.6,0.0,37.5,0.0,10.9,10.7,29.8,29.4,6.0,0.0,0.0,0.0,7.5,0.0,0.0,1.9
483,570330,57,1,2,1450.6,629.0,1308.5,489.0,14.2,3.8,221.8,0.7,135.3,0.0,744.3,414.5,62.7,0.0,64.1,0.0,20.4,20.1,54.9,53.6,2.0,0.0,3.0,0.0,14.2,0.0,0.0,3.8
484,570331,57,1,2,2956.9,1167.5,2747.9,971.7,31.1,8.4,455.7,2.0,267.2,0.0,1551.4,821.3,149.5,0.0,152.7,0.0,41.8,41.0,109.5,107.4,18.0,0.0,2.0,0.0,31.1,0.0,0.0,8.4
485,570332,57,1,2,3293.6,1370.9,3050.3,1141.7,36.1,10.4,520.7,16.9,298.2,0.0,1717.5,956.9,162.2,0.0,165.5,0.0,48.4,47.4,122.8,120.5,12.0,0.0,3.0,0.0,36.1,0.0,0.0,10.4
486,570333,57,1,1,938.8,488.1,796.5,359.8,6.9,1.7,150.2,0.7,82.6,0.0,445.1,305.3,30.0,0.0,30.9,0.0,14.5,14.4,40.2,39.4,2.0,0.0,1.0,0.0,6.9,0.0,0.0,1.7
487,570334,57,1,1,1242.3,631.7,1098.3,496.8,10.0,2.6,202.4,1.0,111.2,0.0,616.1,420.9,44.1,0.0,45.2,0.0,20.7,20.4,55.7,54.4,2.0,0.0,1.0,0.0,10.0,0.0,0.0,2.6
488,570335,57,1,1,1136.3,586.4,988.7,443.9,9.7,2.9,180.8,0.9,100.1,0.0,540.3,376.0,37.7,0.0,38.7,0.0,18.4,18.3,49.7,48.6,22.0,0.0,1.0,0.0,9.7,0.0,0.0,2.9
489,570336,57,1,2,2122.7,1182.5,1908.7,969.0,18.5,6.8,324.3,23.9,172.8,87.3,997.9,633.8,83.3,0.0,85.2,0.0,62.9,61.4,167.3,162.7,11.0,0.0,4.0,0.0,18.5,0.0,0.0,6.8
490,570337,57,1,2,1470.3,1903.0,1243.5,1673.4,11.9,7.8,200.9,189.8,108.9,26.4,615.6,577.7,51.0,672.1,52.2,0.0,84.0,82.0,128.9,125.2,1.0,0.0,1.0,0.0,11.9,0.0,0.0,7.8
491,570338,57,1,2,833.0,584.9,676.2,422.9,6.8,3.4,111.2,4.0,60.5,96.4,339.4,215.5,26.7,0.0,27.4,0.0,23.7,23.5,85.3,83.5,1.0,0.0,1.0,0.0,6.8,0.0,0.0,3.4
492,570339,57,1,2,1840.2,893.1,1683.7,742.6,16.6,5.0,293.7,1.4,163.7,0.0,911.5,628.6,67.3,0.0,68.9,0.0,31.8,31.1,83.7,81.5,62.0,0.0,1.0,0.0,16.6,0.0,0.0,5.0
493,570340,57,1,2,978.9,627.2,829.4,479.3,8.6,3.5,147.0,38.6,79.8,0.0,461.5,376.1,34.7,0.0,35.6,0.0,21.6,21.3,44.2,43.3,5.0,0.0,0.0,0.0,8.6,0.0,0.0,3.5
494,570341,57,1,2,750.9,409.6,633.1,292.3,7.0,2.3,116.2,0.5,66.0,0.0,356.4,248.1,24.4,0.0,25.0,0.0,11.8,11.7,32.3,32.0,1.0,0.0,0.0,0.0,7.0,0.0,0.0,2.3
495,570342,57,1,2,763.2,365.4,618.7,220.2,6.9,1.9,106.2,0.3,60.8,0.0,352.3,187.3,32.8,0.0,33.6,0.0,8.8,8.8,24.3,24.0,0.0,0.0,0.0,0.0,6.9,0.0,0.0,1.9
496,570343,57,1,2,6009.1,3720.1,5668.8,3403.9,62.0,20.0,927.5,120.4,520.7,0.0,3125.1,1772.7,316.0,1114.9,322.4,0.0,131.2,128.1,272.9,267.8,44.0,0.0,9.0,0.0,62.0,0.0,0.0,20.0
497,570344,57,1,3,6417.7,3655.4,5958.5,3231.2,86.2,39.5,1106.4,90.1,601.5,114.5,3254.2,2476.5,210.3,0.0,214.7,0.0,154.4,151.5,402.0,398.6,13.0,0.0,2.0,0.0,86.2,0.0,0.0,39.5
498,570345,57,1,3,6299.0,3859.6,5894.5,3490.2,92.5,46.4,1100.1,58.8,666.6,68.9,3202.5,2751.3,142.2,0.0,145.0,0.0,173.5,170.4,443.6,440.8,17.0,0.0,4.0,0.0,92.5,0.0,0.0,46.4
499,570346,57,1,3,6173.1,5271.1,5692.1,4793.7,66.7,48.7,881.1,251.3,483.2,585.2,2660.4,1995.7,188.6,717.5,192.4,0.0,360.6,353.4,900.8,890.6,19.0,0.0,6.0,0.0,66.7,0.0,0.0,48.7
500,570347,57,1,3,7061.9,4901.1,6508.0,4360.2,81.9,51.8,1095.5,248.0,574.0,361.7,3204.7,2587.8,200.5,0.0,204.7,0.0,347.3,340.3,831.3,822.4,40.0,0.0,10.0,0.0,81.9,0.0,0.0,51.8
501,570348,57,1,3,3502.2,2453.1,3255.8,2220.6,44.6,21.3,596.4,62.4,329.9,0.0,1751.9,1434.8,101.7,415.0,103.9,0.0,96.9,95.0,215.0,213.3,58.0,0.0,2.0,0.0,44.6,0.0,0.0,21.3
502,570349,57,1,3,5825.5,5911.7,5155.6,5235.7,64.8,60.0,765.7,566.0,474.0,368.0,2514.2,2607.6,181.8,696.9,185.4,0.0,330.4,324.6,677.1,672.6,20.0,0.0,7.0,0.0,64.8,0.0,0.0,60.0
503,570350,57,1,3,6713.8,4077.7,6288.8,3681.3,80.3,37.6,1109.8,96.3,605.3,204.4,3442.2,2747.7,227.5,0.0,232.2,0.0,174.7,170.5,470.0,462.4,18.0,0.0,9.0,0.0,80.3,0.0,0.0,37.6
504,570351,57,1,3,5213.2,7833.5,4788.8,7413.2,64.9,46.7,828.8,435.3,475.5,25.8,2451.7,2411.0,149.3,0.0,152.4,3844.3,259.3,255.0,444.6,441.9,21.0,0.0,6.0,0.0,64.9,0.0,0.0,46.7
505,570352,57,1,3,6686.8,4549.9,6168.7,4046.7,84.9,53.6,1066.1,219.8,594.6,236.7,3208.1,2737.3,193.4,0.0,197.2,0.0,252.7,248.3,607.5,604.6,40.0,0.0,9.0,0.0,84.9,0.0,0.0,53.6
506,570353,57,1,3,8399.7,3228.6,7975.2,2857.3,99.6,28.6,1326.2,19.0,793.7,1.7,4508.2,2390.4,417.7,0.0,426.2,0.0,128.5,125.8,325.6,320.3,43.0,0.0,6.0,0.0,99.6,0.0,0.0,28.6
507,570354,57,1,3,1445.0,2073.0,1254.0,1876.0,13.7,12.2,173.8,185.2,106.5,69.0,595.6,562.1,53.0,797.9,54.1,0.0,95.3,93.3,170.7,168.4,3.0,0.0,2.0,0.0,13.7,0.0,0.0,12.2
508,570355,57,1,3,4664.1,2270.9,4354.1,1983.6,57.7,21.5,769.9,24.2,431.7,0.0,2416.7,1668.5,187.4,0.0,191.3,0.0,84.7,83.1,210.5,207.9,58.0,0.0,4.0,0.0,57.7,0.0,0.0,21.5
509,570356,57,1,3,4758.4,2496.7,4426.2,2186.5,59.1,24.5,780.7,61.8,446.4,65.6,2434.7,1700.0,184.2,0.0,187.9,0.0,103.6,101.4,260.8,257.6,24.0,0.0,4.0,0.0,59.1,0.0,0.0,24.5
510,570357,57,1,3,4596.1,2378.2,4328.7,2130.3,61.2,25.5,785.5,5.6,459.9,0.0,2424.2,1788.6,147.0,0.0,150.0,0.0,95.3,93.4,244.7,242.7,14.0,0.0,8.0,0.0,61.2,0.0,0.0,25.5
511,570358,57,1,3,4207.8,3691.0,3870.0,3359.7,51.8,36.8,655.6,304.4,373.7,52.4,2018.6,1924.6,126.1,536.0,128.7,0.0,194.0,190.2,354.2,352.1,15.0,0.0,4.0,0.0,51.8,0.0,0.0,36.8
512,570359,57,1,3,4279.2,3248.2,3874.1,2848.8,51.4,37.3,645.7,239.9,368.9,111.6,1999.5,1934.1,128.8,0.0,131.5,0.0,181.9,178.5,386.7,384.6,27.0,0.0,4.0,0.0,51.4,0.0,0.0,37.3
513,570360,57,1,3,5278.3,2797.4,4957.9,2501.0,62.0,23.4,935.9,6.4,519.1,0.0,2752.9,2108.7,163.2,0.0,166.6,0.0,110.2,107.8,283.1,278.1,21.0,0.0,6.0,0.0,62.0,0.0,0.0,23.4
514,570361,57,1,3,3735.5,3050.4,3331.3,2641.7,32.4,29.1,423.1,279.3,259.2,289.9,1434.3,1136.1,124.5,0.0,127.1,0.0,304.7,297.9,648.4,638.4,7.0,0.0,3.0,0.0,32.4,0.0,0.0,29.1
515,570362,57,1,3,3568.0,1921.8,3293.6,1659.3,42.5,17.8,575.3,98.8,318.4,11.3,1821.1,1291.9,144.2,0.0,147.2,0.0,81.1,79.5,180.3,177.8,21.0,0.0,5.0,0.0,42.5,0.0,0.0,17.8
516,570363,57,1,3,4837.0,5007.4,4301.6,4470.3,53.4,43.0,723.7,557.9,415.1,56.2,2213.7,2637.7,145.7,596.9,148.7,0.0,238.7,234.2,392.1,387.4,16.0,0.0,8.0,0.0,53.4,0.0,0.0,43.0
517,570364,57,1,3,6469.2,5113.7,6082.6,4759.5,84.5,39.9,1060.6,166.4,603.5,0.0,3340.4,2470.6,238.0,0.0,242.9,1567.2,181.9,178.2,380.2,377.2,29.0,0.0,6.0,0.0,84.5,0.0,0.0,39.9
518,570365,57,1,3,3445.7,4253.5,2913.9,3690.8,25.2,51.1,317.9,419.2,188.0,511.1,929.6,1401.5,44.7,0.0,45.7,0.0,428.7,421.4,943.2,937.6,12.0,0.0,4.0,0.0,25.2,0.0,0.0,51.1
519,570366,57,1,4,2525.7,5650.9,1931.4,4981.3,0.3,67.9,3.3,586.0,2.3,1780.6,22.5,738.4,1.6,0.0,1.6,0.0,473.0,465.0,1418.9,1411.2,0.0,0.0,8.0,0.0,0.3,0.0,0.0,67.9
520,570367,57,1,3,6554.5,3440.0,6175.9,3094.7,75.1,27.9,1162.7,8.1,624.5,0.0,3414.4,2609.7,209.0,0.0,213.4,0.0,136.2,133.3,349.6,343.7,61.0,0.0,5.0,0.0,75.1,0.0,0.0,27.9
521,570368,57,1,3,5230.1,4855.7,4736.4,4355.8,50.5,44.4,738.0,326.9,399.8,881.3,2143.5,2018.6,124.8,0.0,127.5,0.0,300.3,293.7,848.4,835.3,47.0,0.0,7.0,0.0,50.5,0.0,0.0,44.4
522,570369,57,1,3,5126.0,4651.8,4605.6,4124.0,47.4,44.0,627.9,375.8,368.8,910.9,2108.1,1768.2,193.7,0.0,197.8,0.0,286.4,280.4,799.8,788.6,18.0,0.0,5.0,0.0,47.4,0.0,0.0,44.0
523,570370,57,1,3,5936.5,3272.2,5569.1,2934.6,73.4,30.3,1036.0,34.2,566.9,46.9,3062.6,2384.3,188.2,0.0,192.2,0.0,132.9,130.2,343.3,339.0,41.0,0.0,6.0,0.0,73.4,0.0,0.0,30.3
524,570371,57,1,3,5404.2,2436.5,5092.6,2158.5,69.8,25.1,887.3,7.2,510.0,5.5,2857.1,1805.9,224.5,0.0,229.3,0.0,96.1,94.2,248.3,245.6,37.0,0.0,3.0,0.0,69.8,0.0,0.0,25.1
525,570372,57,1,3,3680.2,2429.8,3430.3,2198.7,47.9,21.0,605.5,69.4,358.3,0.0,1885.9,1359.3,130.4,472.6,133.1,0.0,95.0,93.1,206.1,204.3,14.0,0.0,2.0,0.0,47.9,0.0,0.0,21.0
526,570373,57,1,4,6108.7,8113.2,5128.6,7084.5,48.4,91.7,608.5,1062.4,358.5,1089.8,1897.8,2961.3,124.3,0.0,127.0,0.0,613.7,603.5,1377.8,1367.5,9.0,0.0,12.0,0.0,48.4,0.0,0.0,91.7
527,570374,57,1,4,160.1,385.9,31.5,258.7,0.0,3.7,0.0,215.8,0.0,0.0,1.0,13.5,0.0,0.0,0.0,0.0,24.6,24.4,4.9,4.9,0.0,0.0,1.0,0.0,0.0,0.0,0.0,3.7
528,570375,57,1,3,3438.6,1697.8,3239.4,1511.7,47.9,21.0,572.8,4.0,347.1,0.0,1816.4,1262.0,113.9,0.0,116.2,0.0,68.8,67.6,178.1,178.1,14.0,0.0,12.0,0.0,47.9,0.0,0.0,21.0
529,570376,57,1,3,2905.7,1790.5,2648.9,1543.3,40.9,22.0,488.3,70.7,283.2,9.4,1460.1,1226.2,78.7,0.0,80.4,0.0,72.3,70.9,165.9,166.1,14.0,0.0,6.0,0.0,40.9,0.0,0.0,22.0
530,570377,57,1,3,6693.5,4291.6,6290.3,3914.8,86.9,46.1,1103.0,162.2,657.3,24.7,3442.3,2622.2,215.2,509.1,219.6,0.0,187.6,184.5,412.2,412.0,43.0,0.0,10.0,0.0,86.9,0.0,0.0,46.1
531,570378,57,1,4,2948.5,1871.4,2723.2,1663.6,37.5,22.4,490.3,35.7,286.6,123.5,1450.8,1175.5,75.8,0.0,77.4,0.0,85.3,84.0,245.0,245.0,10.0,0.0,2.0,0.0,37.5,0.0,0.0,22.4
532,570379,57,1,4,7673.3,14768.1,6105.5,12999.4,0.0,187.2,0.0,1632.4,0.0,3591.7,14.0,1720.1,0.0,0.0,0.0,0.0,1716.9,1691.2,4360.6,4364.0,0.0,0.0,14.0,0.0,0.0,0.0,0.0,187.2
533,570380,57,1,4,4620.4,6749.4,3864.2,5913.3,15.3,88.6,196.6,814.6,112.8,1229.9,627.8,1051.4,38.7,0.0,39.5,0.0,852.5,840.1,1974.4,1977.2,11.0,0.0,11.0,0.0,15.3,0.0,0.0,88.6
534,570381,57,1,4,1548.1,7085.5,385.3,5847.7,0.3,76.4,3.4,754.1,2.2,147.1,16.4,4593.3,0.4,0.0,0.6,0.0,177.3,174.0,180.0,179.2,0.0,0.0,5.0,0.0,0.3,0.0,0.0,76.4
535,570382,57,1,4,7193.4,11316.7,5949.7,9966.8,40.9,140.0,514.3,1204.6,293.7,2637.3,1575.4,2797.5,98.0,0.0,100.2,0.0,889.0,875.5,2452.1,2452.0,17.0,0.0,10.0,0.0,40.9,0.0,0.0,140.0
536,570383,57,1,3,5277.6,10370.9,4373.5,9317.6,0.0,137.0,0.0,793.7,0.0,3543.6,9.0,632.8,0.0,0.0,0.0,0.0,1088.3,1073.8,3267.3,3273.7,0.0,0.0,9.0,0.0,0.0,0.0,0.0,137.0
537,570384,57,1,4,6874.6,8661.4,6152.8,7923.8,75.4,86.3,956.2,661.0,545.3,954.6,2795.4,3262.6,140.6,578.7,143.6,948.2,431.8,424.7,1096.9,1093.8,32.0,0.0,11.0,0.0,75.4,0.0,0.0,86.3
538,570385,57,1,3,9351.2,16018.2,7877.1,14347.5,30.2,203.6,375.0,1315.8,214.7,4765.1,1199.1,2372.2,77.4,0.0,79.0,0.0,1500.9,1480.9,4402.1,4413.6,15.0,0.0,14.0,0.0,30.2,0.0,0.0,203.6
539,570386,57,1,3,2014.5,1247.8,1843.1,1091.5,26.3,14.0,348.5,15.1,198.1,0.0,1019.1,915.9,51.3,0.0,52.5,0.0,46.3,45.6,115.1,114.9,10.0,0.0,2.0,0.0,26.3,0.0,0.0,14.0
540,570387,57,1,3,169.0,396.1,89.6,315.8,0.0,4.1,0.0,103.3,0.0,0.0,0.0,123.9,0.0,0.0,0.0,0.0,41.3,40.4,48.3,48.2,0.0,0.0,0.0,0.0,0.0,0.0,0.0,4.1
541,570388,57,1,3,3364.6,10023.5,2068.1,8609.9,0.0,125.4,0.0,4257.0,0.0,0.0,4.0,2317.3,0.0,0.0,0.0,0.0,1121.9,1104.4,938.1,931.2,0.0,0.0,4.0,0.0,0.0,0.0,0.0,125.4
542,570389,57,1,4,3492.5,2099.2,3240.1,1861.3,40.7,25.7,537.8,72.8,322.4,92.5,1685.4,1234.0,105.3,0.0,107.5,0.0,136.5,134.4,328.1,327.6,15.0,0.0,2.0,0.0,40.7,0.0,0.0,25.7
543,570390,57,1,3,9562.7,5472.1,8979.3,4944.6,133.3,61.5,1539.2,210.4,898.3,37.3,4912.1,3338.4,369.4,607.2,376.9,0.0,234.4,230.5,521.9,520.7,119.0,0.0,8.0,0.0,133.3,0.0,0.0,61.5
544,570391,57,1,3,4987.5,2446.2,4725.5,2212.1,66.7,30.4,834.8,6.2,473.8,0.0,2633.5,1835.7,171.0,0.0,174.5,0.0,104.4,102.7,268.5,267.6,62.0,0.0,3.0,0.0,66.7,0.0,0.0,30.4
545,570392,57,1,3,3558.3,4674.5,3311.5,4443.4,54.9,32.7,585.3,206.6,321.4,0.0,1721.1,1651.6,87.7,0.0,89.6,2131.8,160.5,157.8,296.8,295.6,47.0,0.0,2.0,0.0,54.9,0.0,0.0,32.7
546,570393,57,1,3,4667.0,2204.7,4391.6,1953.5,62.1,26.6,762.3,51.9,462.7,0.0,2466.1,1576.5,171.5,0.0,175.1,0.0,95.5,93.8,232.4,231.3,22.0,0.0,4.0,0.0,62.1,0.0,0.0,26.6
547,570394,57,1,3,4712.5,3999.8,4388.8,3696.9,66.0,31.0,777.8,148.2,459.5,0.0,2364.0,1655.8,156.8,533.1,160.1,927.9,145.7,143.3,290.0,288.6,31.0,0.0,4.0,0.0,66.0,0.0,0.0,31.0
548,570395,57,1,3,3567.3,3473.9,3057.2,2966.7,61.8,42.1,546.4,371.5,304.1,150.7,1551.2,1984.1,82.9,0.0,84.6,0.0,148.7,146.2,316.2,314.1,20.0,0.0,3.0,0.0,61.8,0.0,0.0,42.1
549,570396,57,1,3,3115.7,10144.7,1517.9,8398.6,0.5,121.7,3.7,3905.5,2.5,32.8,20.1,2994.5,1.0,0.0,1.0,0.0,747.5,736.4,735.1,729.4,0.0,0.0,7.0,0.0,0.5,0.0,0.0,121.7
550,570397,57,1,3,1901.6,3485.2,1443.2,2996.3,20.7,43.3,171.7,879.7,108.6,37.5,518.8,1498.0,25.3,0.0,25.9,0.0,265.7,261.5,322.2,319.5,4.0,0.0,1.0,0.0,20.7,0.0,0.0,43.3
551,570398,57,1,3,3431.8,1779.0,3192.7,1560.1,51.7,20.7,585.4,22.7,347.5,0.0,1726.8,1269.8,89.3,0.0,91.3,0.0,78.4,77.1,191.9,190.5,76.0,0.0,6.0,0.0,51.7,0.0,0.0,20.7
552,570399,57,1,3,267.1,433.6,140.0,306.7,2.4,4.2,20.2,86.7,12.3,9.0,61.0,170.7,2.9,0.0,3.1,0.0,18.5,18.4,22.0,22.0,0.0,0.0,0.0,0.0,2.4,0.0,0.0,4.2
553,570400,57,1,4,2660.9,5962.2,2063.4,5281.7,0.0,80.2,0.0,577.6,0.0,1858.7,7.0,800.2,0.0,0.0,0.0,0.0,493.6,486.5,1555.7,1558.6,0.0,0.0,7.0,0.0,0.0,0.0,0.0,80.2
554,570401,57,1,4,6311.3,9246.7,5273.0,8119.1,35.1,121.7,457.3,949.9,247.0,1932.5,1393.9,2288.5,91.5,0.0,93.5,0.0,806.3,794.2,2151.5,2154.0,27.0,0.0,5.0,0.0,35.1,0.0,0.0,121.7
555,570402,57,1,4,1767.9,2074.9,1481.4,1779.0,15.5,26.4,201.9,252.7,114.6,151.5,598.8,881.1,30.0,0.0,30.7,0.0,160.3,157.8,336.0,335.9,7.0,0.0,2.0,0.0,15.5,0.0,0.0,26.4
556,570403,57,1,4,2896.9,1956.4,2690.6,1763.8,36.1,24.6,479.2,109.3,268.5,12.5,1412.9,1222.9,73.6,52.9,75.2,7.3,118.9,116.9,242.3,242.0,19.0,0.0,1.0,0.0,36.1,0.0,0.0,24.6
557,570404,57,1,4,2549.2,1622.1,2347.9,1438.5,33.8,20.5,465.7,29.6,253.2,0.0,1262.1,1172.9,54.6,0.0,55.8,0.0,67.8,66.6,169.7,169.4,18.0,0.0,1.0,0.0,33.8,0.0,0.0,20.5
558,570405,57,1,4,1679.3,1245.5,1466.2,1042.8,20.3,14.5,267.6,41.8,144.1,0.0,815.7,884.2,53.5,0.0,54.7,0.0,37.1,36.9,79.6,80.0,12.0,0.0,2.0,0.0,20.3,0.0,0.0,14.5
559,570406,57,1,4,498.4,1091.6,328.3,909.0,0.0,13.8,0.0,189.5,0.0,175.4,1.0,219.9,0.0,0.0,0.0,0.0,100.3,98.6,226.0,225.7,0.0,0.0,1.0,0.0,0.0,0.0,0.0,13.8
560,570407,57,1,3,4424.2,2201.5,4158.9,1965.9,60.8,28.2,748.5,9.2,425.4,0.0,2303.5,1631.6,143.8,0.0,146.8,0.0,91.8,90.4,235.1,234.8,62.0,0.0,2.0,0.0,60.8,0.0,0.0,28.2
561,570408,57,1,4,5438.1,4307.5,5012.9,3910.5,66.6,45.2,899.7,252.2,518.3,32.6,2690.4,2346.0,153.5,738.8,156.7,0.0,178.5,175.4,366.6,365.5,46.0,0.0,3.0,0.0,66.6,0.0,0.0,45.2
562,570409,57,1,3,1513.5,1149.5,1315.7,957.2,25.2,13.8,241.1,122.3,134.3,8.9,714.0,693.0,41.5,0.0,42.3,0.0,43.1,42.7,90.5,90.3,8.0,0.0,1.0,0.0,25.2,0.0,0.0,13.8
563,570410,57,1,4,4741.0,2569.1,4429.9,2281.6,63.2,31.9,816.0,70.0,458.3,0.0,2423.7,1825.8,139.4,0.0,142.4,0.0,116.7,114.8,272.4,271.0,54.0,0.0,7.0,0.0,63.2,0.0,0.0,31.9
564,570411,57,1,3,3785.6,1805.5,3500.6,1552.3,78.6,22.2,648.2,9.4,371.8,0.0,1926.0,1284.5,117.3,0.0,119.9,0.0,73.1,71.9,188.2,186.6,41.0,0.0,15.0,0.0,78.6,0.0,0.0,22.2
565,570412,57,1,3,2985.7,3810.1,2737.8,3589.1,63.0,26.9,458.1,215.6,278.2,0.0,1415.2,1272.4,80.7,515.1,82.5,1202.1,142.8,140.2,246.2,243.7,30.0,0.0,4.0,0.0,63.0,0.0,0.0,26.9
566,570413,57,1,3,4412.9,3615.9,3823.5,3058.3,90.6,44.7,646.1,543.4,367.4,195.3,1891.1,1674.1,114.6,0.0,117.1,0.0,227.2,223.7,426.9,421.8,28.0,0.0,5.0,0.0,90.6,0.0,0.0,44.7
567,570414,57,1,3,1872.8,896.5,1655.0,691.7,35.2,9.4,315.7,1.5,175.1,0.0,890.8,575.7,55.7,0.0,57.1,0.0,32.0,31.3,84.6,83.3,38.0,0.0,6.0,0.0,35.2,0.0,0.0,9.4
568,570415,57,1,3,10481.1,6892.9,9441.1,5985.9,242.9,84.3,1692.4,522.8,967.9,181.3,4857.5,4007.7,281.7,0.0,287.6,0.0,412.3,405.4,880.6,868.7,45.0,0.0,16.0,0.0,242.9,0.0,0.0,84.3
569,570416,57,1,3,4148.5,6213.8,3322.7,5350.3,54.4,75.5,364.9,1034.0,212.7,707.6,1084.1,1957.6,62.8,175.4,64.3,0.0,475.8,467.4,1022.9,1008.2,25.0,0.0,10.0,0.0,54.4,0.0,0.0,75.5
570,570417,57,1,3,11771.5,9254.5,10573.7,8166.4,247.2,115.4,1839.0,1042.2,1072.0,295.2,5465.4,5321.7,286.7,25.1,292.7,0.0,487.4,478.6,1019.6,1003.7,101.0,0.0,10.0,0.0,247.2,0.0,0.0,115.4
571,570418,57,1,3,4668.8,3841.2,4228.4,3425.5,70.2,35.8,702.8,340.5,432.3,14.3,2257.6,1855.6,163.1,774.2,166.5,0.0,164.0,160.8,285.1,280.1,49.0,0.0,8.0,0.0,70.2,0.0,0.0,35.8
572,570419,57,1,3,10303.6,10640.9,8927.1,9300.4,183.3,131.1,1335.5,1223.9,729.1,1116.6,3830.1,4526.0,198.8,0.0,203.0,0.0,748.8,735.3,1727.7,1698.5,142.0,0.0,12.0,0.0,183.3,0.0,0.0,131.1
573,570420,57,1,2,3051.5,1490.6,2801.8,1251.1,35.8,16.3,544.0,3.2,297.6,0.0,1517.2,1039.0,87.7,0.0,89.5,0.0,58.9,58.0,153.9,150.9,44.0,0.0,9.0,0.0,35.8,0.0,0.0,16.3
574,570421,57,1,3,1130.4,540.3,976.0,406.4,27.0,5.1,177.7,0.5,102.9,0.0,546.1,340.4,38.0,0.0,39.1,0.0,17.7,17.6,48.4,47.9,5.0,0.0,1.0,0.0,27.0,0.0,0.0,5.1
575,570422,57,1,3,4034.0,3156.8,3581.0,2710.7,43.7,33.8,562.9,353.3,323.9,264.7,1749.6,1438.1,128.9,0.0,131.4,0.0,208.6,205.0,457.6,449.6,11.0,0.0,7.0,0.0,43.7,0.0,0.0,33.8
576,570423,57,1,2,681.9,1549.3,312.9,1161.6,0.9,14.7,13.2,369.0,7.1,67.5,39.0,481.7,1.9,0.0,2.1,0.0,107.2,105.6,140.4,137.7,0.0,0.0,2.0,0.0,0.9,0.0,0.0,14.7
577,570424,57,1,2,144.5,113.8,8.7,0.0,0.2,0.0,0.0,0.0,1.5,0.0,6.7,0.0,0.2,0.0,0.3,0.0,0.0,0.0,0.0,0.0,0.0,0.0,0.0,0.0,0.2,0.0,0.0,0.0
578,570425,57,1,3,143.8,130.8,19.8,11.5,0.3,0.1,4.0,0.0,2.3,0.0,11.3,10.3,0.5,0.0,0.5,0.0,0.2,0.2,1.0,1.0,0.0,0.0,0.0,0.0,0.3,0.0,0.0,0.1
579,570426,57,1,3,426.4,327.3,237.3,140.0,3.4,1.4,52.6,0.0,27.5,0.0,126.7,118.2,4.4,0.0,4.6,0.0,5.6,5.6,15.9,16.1,0.0,0.0,0.0,0.0,3.4,0.0,0.0,1.4
580,570427,57,1,3,123.1,139.8,10.1,33.9,0.2,0.5,1.2,7.5,0.8,0.0,4.5,23.4,0.3,0.0,0.3,0.0,1.2,1.2,1.7,1.8,0.0,0.0,0.0,0.0,0.2,0.0,0.0,0.5
581,570428,57,1,2,216.7,158.3,64.9,30.9,0.8,0.3,13.1,0.0,6.8,0.0,36.9,27.0,2.0,0.0,2.3,0.0,0.7,0.7,3.1,3.1,0.0,0.0,0.0,0.0,0.8,0.0,0.0,0.3
582,110001,11,1,1,205.3,141.2,101.7,51.6,0.6,0.2,19.9,0.1,10.0,0.0,58.4,44.9,3.3,0.0,3.5,0.0,1.4,1.4,5.2,5.1,0.0,0.0,0.0,0.0,0.6,0.0,0.0,0.2
583,110002,11,1,1,690.3,392.3,576.1,282.8,3.6,1.5,112.8,1.2,59.6,0.0,323.2,240.0,18.0,0.0,18.5,0.0,11.0,11.1,31.0,30.5,1.0,0.0,1.0,0.0,3.6,0.0,0.0,1.5
584,110003,11,1,1,514.5,258.1,395.7,138.5,2.3,0.9,63.3,0.2,35.6,0.0,212.2,118.4,18.9,0.0,19.4,0.0,5.2,5.2,15.0,14.7,25.0,0.0,1.0,0.0,2.3,0.0,0.0,0.9
585,110004,11,1,2,526.7,276.1,407.1,153.6,2.6,1.0,68.8,1.6,39.1,0.0,231.9,130.1,21.2,0.0,21.9,0.0,5.7,5.7,16.5,16.2,1.0,0.0,1.0,0.0,2.6,0.0,0.0,1.0
586,110005,11,1,2,808.5,454.2,690.6,339.0,4.2,1.7,134.7,7.3,69.0,0.0,388.3,282.4,23.5,0.0,24.2,0.0,13.4,13.2,36.5,36.0,1.0,0.0,0.0,0.0,4.2,0.0,0.0,1.7
587,110006,11,1,2,1818.8,773.8,1669.5,624.2,10.2,3.6,284.2,5.0,158.6,0.0,948.6,526.8,87.3,0.0,89.3,0.0,25.7,25.4,68.8,67.0,4.0,0.0,3.0,0.0,10.2,0.0,0.0,3.6
588,110007,11,1,2,2401.3,1129.0,2246.1,975.4,14.5,6.5,368.4,81.5,211.2,0.0,1277.5,761.2,121.4,0.0,124.0,0.0,41.7,40.7,93.9,92.1,6.0,0.0,2.0,0.0,14.5,0.0,0.0,6.5
589,110008,11,1,2,793.7,375.5,668.2,247.2,3.9,1.3,113.6,0.4,63.1,0.0,378.3,210.7,34.4,0.0,35.2,0.0,9.6,9.6,26.9,26.6,6.0,0.0,1.0,0.0,3.9,0.0,0.0,1.3
590,110009,11,1,2,1856.9,792.2,1725.5,660.8,10.6,3.8,289.3,4.2,165.7,0.0,982.3,557.9,89.3,0.0,91.3,0.0,27.4,27.0,73.2,71.7,5.0,0.0,2.0,0.0,10.6,0.0,0.0,3.8
591,110010,11,1,3,2436.5,1017.5,2293.4,877.0,14.7,5.5,382.8,2.0,222.0,0.0,1306.4,742.6,118.7,0.0,121.2,0.0,37.1,36.5,98.1,96.0,5.0,0.0,2.0,0.0,14.7,0.0,0.0,5.5
592,110011,11,1,2,1548.3,821.0,1410.3,683.4,8.5,3.3,272.2,1.4,144.9,0.0,777.5,579.5,43.8,0.0,44.9,0.0,28.7,28.2,76.3,74.3,21.0,0.0,1.0,0.0,8.5,0.0,0.0,3.3
593,110012,11,1,2,2066.2,2064.6,1910.7,1908.4,11.2,6.1,320.8,117.5,176.0,0.0,1020.5,773.3,81.2,801.8,83.0,0.0,80.6,78.8,140.6,137.0,6.0,0.0,2.0,0.0,11.2,0.0,0.0,6.1
594,110013,11,1,3,3929.3,3682.3,3639.4,3391.2,22.6,17.2,609.4,366.7,328.5,43.1,1959.7,1988.7,163.2,601.3,166.7,0.0,146.7,143.1,254.2,248.2,8.0,0.0,3.0,0.0,22.6,0.0,0.0,17.2
595,110014,11,1,3,6271.8,7203.3,5983.9,6923.6,40.3,22.4,1021.3,232.0,559.9,0.0,3234.7,2320.4,257.4,1215.7,262.7,2600.9,194.3,190.1,372.4,364.5,73.0,0.0,8.0,0.0,40.3,0.0,0.0,22.4
596,110015,11,1,3,4369.4,2177.6,4165.5,1977.9,30.8,16.1,738.3,20.7,401.4,56.5,2326.0,1580.9,168.9,0.0,172.5,0.0,89.4,87.3,237.1,232.5,28.0,0.0,4.0,0.0,30.8,0.0,0.0,16.1
597,110016,11,1,2,2191.7,1150.4,2036.5,998.5,11.9,4.3,397.2,7.4,210.2,0.0,1136.8,841.2,64.9,0.0,66.3,0.0,42.7,41.6,111.4,108.3,5.0,0.0,2.0,0.0,11.9,0.0,0.0,4.3
598,110017,11,1,2,1971.5,2126.6,1822.2,1980.6,11.0,4.3,355.9,13.0,186.7,0.0,1017.2,757.2,58.4,1076.0,59.5,0.0,38.0,37.3,99.6,97.1,4.0,0.0,3.0,0.0,11.0,0.0,0.0,4.3
599,110018,11,1,2,2958.6,1725.7,2721.7,1492.0,17.9,9.1,518.5,61.7,265.8,12.7,1502.0,1216.0,109.2,0.0,111.5,0.0,62.6,61.1,144.1,140.5,7.0,0.0,1.0,0.0,17.9,0.0,0.0,9.1
600,110019,11,1,3,6116.4,6793.2,5663.8,6310.5,26.4,47.1,704.4,441.5,353.1,1864.0,2038.3,1810.8,146.3,0.0,149.5,0.0,596.0,582.2,1649.1,1612.0,19.0,0.0,8.0,0.0,26.4,0.0,0.0,47.1
601,110020,11,1,3,4427.5,2010.8,4211.8,1800.7,31.8,15.4,757.3,4.7,399.9,0.0,2376.4,1519.4,185.9,0.0,189.7,0.0,78.8,77.0,203.8,199.6,16.0,0.0,4.0,0.0,31.8,0.0,0.0,15.4
602,110021,11,1,2,5988.5,2087.2,5742.7,1851.5,31.3,8.5,898.6,18.5,531.7,0.0,3282.9,1553.6,358.3,0.0,365.8,0.0,80.2,78.2,207.2,201.2,12.0,0.0,6.0,0.0,31.3,0.0,0.0,8.5
603,110022,11,1,2,4911.9,2028.6,4676.7,1802.7,32.0,13.9,788.7,66.9,440.3,0.0,2624.0,1468.9,242.1,0.0,247.3,0.0,77.1,75.3,195.2,191.6,57.0,0.0,5.0,0.0,32.0,0.0,0.0,13.9
604,110023,11,1,3,3441.6,1810.3,3226.6,1596.3,25.4,14.1,642.1,13.9,325.2,0.0,1771.5,1338.4,99.2,0.0,101.3,0.0,70.1,68.6,178.1,175.5,35.0,0.0,4.0,0.0,25.4,0.0,0.0,14.1
605,110024,11,1,3,372.5,777.5,245.6,641.9,1.6,6.2,33.7,84.1,19.8,38.0,113.8,461.7,9.2,0.0,9.4,0.0,21.8,21.6,36.8,36.5,0.0,0.0,1.0,0.0,1.6,0.0,0.0,6.2
606,110025,11,1,3,3913.3,1647.8,3728.9,1466.9,29.3,14.1,626.6,3.5,347.6,0.0,2083.0,1237.4,178.1,0.0,181.8,0.0,63.9,62.5,165.8,163.5,77.0,0.0,5.0,0.0,29.3,0.0,0.0,14.1
607,110026,11,1,3,3210.7,1551.2,3052.2,1399.2,26.8,15.3,546.0,9.4,316.6,0.0,1731.6,1174.1,113.9,0.0,116.3,0.0,61.7,60.4,157.0,155.4,8.0,0.0,1.0,0.0,26.8,0.0,0.0,15.3
608,110027,11,1,3,3341.1,1358.9,3157.8,1173.4,21.3,8.3,537.5,6.1,301.0,0.0,1790.1,989.2,162.9,0.0,166.5,0.0,50.5,49.4,131.3,128.7,7.0,0.0,11.0,0.0,21.3,0.0,0.0,8.3
609,110028,11,1,3,15446.6,9403.8,14749.1,8714.5,97.0,66.6,2092.9,562.5,1299.5,807.7,7781.7,4648.1,823.1,893.3,839.9,0.0,550.2,538.5,1284.8,1264.4,62.0,0.0,15.0,0.0,97.0,0.0,0.0,66.6
610,110029,11,1,3,6001.8,11771.6,5387.5,11072.2,16.1,97.4,358.5,1186.5,202.9,2811.9,1179.5,2891.3,95.8,797.1,97.9,0.0,971.2,951.3,2470.8,2434.2,6.0,0.0,5.0,0.0,16.1,0.0,0.0,97.4
611,110030,11,1,3,4722.7,3301.9,4492.7,3068.9,33.8,23.9,728.3,139.1,406.6,158.4,2423.1,1707.8,207.0,614.4,211.2,0.0,134.9,132.0,321.6,317.1,53.0,0.0,7.0,0.0,33.8,0.0,0.0,23.9
612,110031,11,1,3,5289.4,2550.0,5038.1,2301.8,42.9,24.5,894.0,38.8,494.3,17.8,2832.4,1897.6,215.0,0.0,219.6,0.0,100.7,98.8,252.1,248.8,21.0,0.0,9.0,0.0,42.9,0.0,0.0,24.5
613,110032,11,1,3,2199.0,927.0,2061.5,791.6,13.9,5.5,344.7,2.0,198.6,0.0,1174.9,670.0,106.7,0.0,109.0,0.0,33.3,32.7,88.4,86.9,4.0,0.0,2.0,0.0,13.9,0.0,0.0,5.5
614,110033,11,1,3,11366.4,6320.5,10867.0,5830.3,72.3,47.0,1688.8,418.7,959.9,352.0,5753.5,3760.0,520.1,0.0,530.8,0.0,406.2,397.5,917.6,902.1,76.0,0.0,14.0,0.0,72.3,0.0,0.0,47.0
615,110034,11,1,3,6634.9,12785.7,6061.1,12109.7,15.3,108.6,343.2,912.5,198.3,4583.3,1129.6,2493.7,91.8,0.0,93.8,0.0,1021.3,1000.0,3169.3,3120.2,5.0,0.0,9.0,0.0,15.3,0.0,0.0,108.6
616,110035,11,1,3,4717.8,3035.1,4493.8,2812.4,35.4,20.8,764.4,93.1,432.2,6.1,2494.1,1668.7,200.7,698.9,204.8,0.0,110.6,108.3,241.0,237.4,40.0,0.0,6.0,0.0,35.4,0.0,0.0,20.8
617,110036,11,1,3,5505.2,2577.1,5244.7,2323.0,44.5,24.1,958.8,18.8,519.4,0.0,2948.5,1949.0,211.4,0.0,215.7,0.0,102.3,100.3,258.6,254.9,24.0,0.0,6.0,0.0,44.5,0.0,0.0,24.1
618,110037,11,1,3,5121.0,3351.2,4794.3,3029.1,33.0,22.8,796.5,292.1,447.0,23.4,2663.9,2349.8,238.7,0.0,243.8,0.0,130.0,126.9,241.3,236.9,27.0,0.0,6.0,0.0,33.0,0.0,0.0,22.8
619,110038,11,1,3,153.4,252.7,19.4,110.9,0.1,1.0,2.8,35.1,1.9,6.2,7.1,62.7,0.3,0.0,0.3,0.0,2.6,2.6,4.4,4.4,0.0,0.0,0.0,0.0,0.1,0.0,0.0,1.0
620,110039,11,1,3,4022.0,1892.8,3789.2,1657.5,30.3,15.3,719.8,4.1,376.9,0.0,2112.6,1397.4,146.2,0.0,149.2,0.0,72.7,71.2,187.8,184.8,17.0,0.0,7.0,0.0,30.3,0.0,0.0,15.3
621,110040,11,1,3,5846.1,2735.9,5602.8,2502.1,46.2,24.9,998.7,17.3,553.9,0.0,3169.5,2096.9,226.5,0.0,231.3,0.0,111.5,109.3,283.3,278.6,22.0,0.0,6.0,0.0,46.2,0.0,0.0,24.9
622,110041,11,1,3,6369.4,6005.0,6009.3,5614.9,46.1,67.3,909.6,494.9,507.2,1013.1,2888.5,2845.8,193.6,0.0,197.6,0.0,334.8,328.3,941.9,932.8,30.0,0.0,6.0,0.0,46.1,0.0,0.0,67.3
623,110042,11,1,4,289.5,830.3,191.6,732.5,0.0,9.0,0.0,326.0,0.0,5.4,0.0,212.2,0.0,0.0,0.0,0.0,92.9,91.2,98.8,97.7,0.0,0.0,0.0,0.0,0.0,0.0,0.0,9.0
624,110043,11,1,3,6177.8,4413.6,5886.2,4113.1,49.6,41.2,979.8,245.4,556.0,212.4,3192.5,2486.3,236.4,529.5,241.3,0.0,194.1,190.7,454.0,448.7,18.0,0.0,14.0,0.0,49.6,0.0,0.0,41.2
625,110044,11,1,4,5610.8,4707.7,5343.8,4457.8,44.2,31.9,917.2,194.8,519.9,11.4,2932.2,2251.0,211.2,0.0,215.8,1505.6,166.9,164.0,335.6,330.9,42.0,0.0,3.0,0.0,44.2,0.0,0.0,31.9
626,110045,11,1,4,634.7,2263.7,506.8,2116.1,0.0,23.8,0.0,898.0,0.0,0.0,8.0,735.6,0.0,0.0,0.0,0.0,226.5,222.0,264.3,260.5,0.0,0.0,8.0,0.0,0.0,0.0,0.0,23.8
627,110046,11,1,4,4407.1,3755.1,4131.6,3485.8,32.6,31.3,698.0,279.5,392.9,111.2,2214.7,2137.6,151.4,489.0,154.5,0.0,157.0,154.2,319.2,314.3,39.0,0.0,5.0,0.0,32.6,0.0,0.0,31.3
628,110047,11,1,4,3200.1,12060.4,2691.0,11441.9,0.0,122.7,0.0,4814.6,0.0,0.0,6.0,3994.8,0.0,0.0,0.0,0.0,1243.9,1220.5,1435.1,1412.1,0.0,0.0,6.0,0.0,0.0,0.0,0.0,122.7
629,110048,11,1,3,1689.1,5502.2,1291.5,5060.4,0.0,54.1,0.0,2183.4,0.0,0.0,3.0,1611.5,0.0,0.0,0.0,0.0,667.5,655.7,618.0,609.8,0.0,0.0,3.0,0.0,0.0,0.0,0.0,54.1
630,110049,11,1,4,3738.2,12161.8,3230.8,11538.3,0.0,131.7,0.0,3913.4,0.0,0.0,4.0,4455.7,0.0,0.0,0.0,0.0,1482.4,1454.5,1740.4,1714.7,0.0,0.0,4.0,0.0,0.0,0.0,0.0,131.7
631,110050,11,1,4,7208.3,24312.4,6294.8,23145.7,0.0,262.8,0.0,8218.8,0.0,0.0,15.0,8771.8,0.0,0.0,0.0,0.0,2882.4,2827.7,3382.5,3327.4,0.0,0.0,15.0,0.0,0.0,0.0,0.0,262.8
632,110051,11,1,4,3925.9,1999.1,3752.5,1842.7,29.0,16.2,680.5,16.4,367.0,0.0,2122.9,1548.4,137.8,0.0,140.4,0.0,80.5,79.0,202.3,198.9,14.0,0.0,7.0,0.0,29.0,0.0,0.0,16.2
633,110052,11,1,3,98.8,677.0,36.2,607.4,0.0,7.3,0.0,436.9,0.0,0.0,7.0,148.4,0.0,0.0,0.0,0.0,11.2,11.2,11.0,10.9,0.0,0.0,7.0,0.0,0.0,0.0,0.0,7.3
634,110053,11,1,4,17286.4,52806.4,15336.0,50294.2,4.0,573.3,87.2,16109.7,55.7,1209.3,353.8,18493.3,29.4,0.0,30.2,0.0,6496.1,6372.1,8242.6,8109.8,10.0,0.0,31.0,0.0,4.0,0.0,0.0,573.3
635,110054,11,1,2,3328.2,1989.0,3063.1,1750.8,44.7,21.3,511.7,114.2,287.6,34.8,1698.0,1370.1,152.1,0.0,155.3,0.0,73.4,72.3,161.0,159.5,23.0,0.0,1.0,0.0,44.7,0.0,0.0,21.3
636,110055,11,1,2,6610.7,4972.1,6182.1,4580.2,78.6,46.4,1020.0,427.4,573.6,31.5,3385.7,2684.3,302.9,875.8,309.2,0.0,202.8,199.2,367.0,362.0,15.0,0.0,6.0,0.0,78.6,0.0,0.0,46.4
637,110056,11,1,2,6606.7,3027.5,6259.9,2742.8,105.0,33.2,1108.1,104.4,592.7,0.0,3452.3,2152.5,259.8,0.0,265.3,0.0,154.3,151.6,341.3,334.3,78.0,0.0,8.0,0.0,105.0,0.0,0.0,33.2
638,110057,11,1,2,7796.0,5333.6,7373.4,4930.3,88.7,50.4,1315.3,232.5,692.9,161.9,3981.6,2918.1,291.0,463.2,297.1,436.0,219.1,215.4,514.3,503.2,49.0,0.0,13.0,0.0,88.7,0.0,0.0,50.4
639,110058,11,1,2,477.9,722.1,338.8,575.8,0.5,7.7,6.2,100.8,3.5,76.2,21.4,100.6,1.3,0.0,1.3,0.0,99.0,97.4,205.1,200.8,0.0,0.0,1.0,0.0,0.5,0.0,0.0,7.7
640,110059,11,1,2,129.4,134.6,0.0,0.0,0.0,0.0,0.0,0.0,0.0,0.0,0.0,0.0,0.0,0.0,0.0,0.0,0.0,0.0,0.0,0.0,0.0,0.0,0.0,0.0,0.0,0.0,0.0,0.0
641,110060,11,1,2,841.5,492.8,671.0,324.2,9.0,4.2,120.7,25.3,62.0,1.6,365.0,250.7,29.0,0.0,29.9,0.0,14.2,14.1,33.2,32.6,13.0,0.0,4.0,0.0,9.0,0.0,0.0,4.2
642,110061,11,1,2,5313.2,2172.5,4998.3,1881.6,73.7,23.7,924.2,19.1,479.3,0.0,2755.5,1555.6,220.6,0.0,224.8,0.0,87.8,86.0,225.1,220.8,66.0,0.0,15.0,0.0,73.7,0.0,0.0,23.7
643,110062,11,1,3,7346.2,5648.5,6987.3,5279.1,50.2,42.0,1150.3,270.1,631.5,507.9,3621.5,2904.4,260.7,620.6,266.2,0.0,283.6,277.1,712.5,699.0,49.0,0.0,12.0,0.0,50.2,0.0,0.0,42.0
644,110063,11,1,3,4578.8,2183.3,4365.4,1975.9,36.1,19.7,798.8,4.9,426.8,0.0,2440.6,1663.9,163.9,0.0,167.4,0.0,87.5,85.5,225.4,221.5,51.0,0.0,4.0,0.0,36.1,0.0,0.0,19.7
645,110064,11,1,4,11063.0,6334.7,10558.4,5851.8,80.1,62.6,1576.7,342.7,944.1,403.1,5567.5,3719.4,502.9,0.0,512.9,0.0,424.8,416.6,985.4,970.1,34.0,0.0,10.0,0.0,80.1,0.0,0.0,62.6
646,110065,11,1,4,9423.3,11497.3,8651.9,10687.1,63.6,106.9,1418.4,1347.1,807.2,643.3,4126.8,6267.7,199.0,607.4,203.2,0.0,631.4,619.1,1221.9,1202.3,31.0,0.0,13.0,0.0,63.6,0.0,0.0,106.9
647,110066,11,1,4,194.0,622.6,133.0,559.7,0.0,6.3,0.0,193.9,0.0,168.3,3.0,72.2,0.0,0.0,0.0,0.0,25.4,25.1,101.7,100.3,0.0,0.0,3.0,0.0,0.0,0.0,0.0,6.3
648,110067,11,1,3,5077.3,2663.8,4853.2,2435.3,38.8,22.1,929.5,6.4,498.2,0.0,2701.8,2052.7,149.3,0.0,152.5,0.0,107.5,105.1,276.5,271.1,23.0,0.0,15.0,0.0,38.8,0.0,0.0,22.1
649,110068,11,1,3,2367.8,1337.1,2210.2,1177.2,17.9,12.0,407.7,9.7,213.9,90.4,1203.9,859.7,75.2,0.0,76.9,0.0,56.6,55.3,165.0,162.0,7.0,0.0,4.0,0.0,17.9,0.0,0.0,12.0
650,110069,11,1,3,3943.1,1953.8,3736.0,1751.3,32.2,18.4,710.0,7.1,373.0,0.0,2094.9,1472.0,131.0,0.0,133.8,0.0,77.6,76.0,199.7,196.2,10.0,0.0,6.0,0.0,32.2,0.0,0.0,18.4
651,110070,11,1,3,267.3,1015.0,77.3,816.0,0.0,8.6,0.0,274.3,0.0,48.3,1.0,419.6,0.0,0.0,0.0,0.0,46.2,44.9,29.1,28.9,0.0,0.0,1.0,0.0,0.0,0.0,0.0,8.6
652,110071,11,1,4,869.4,2202.8,583.7,1905.8,2.9,21.5,64.7,875.1,33.7,23.3,194.9,749.1,12.6,0.0,12.8,0.0,157.7,154.7,105.3,103.6,1.0,0.0,1.0,0.0,2.9,0.0,0.0,21.5
653,110072,11,1,4,7508.0,6719.2,7070.7,6275.4,54.5,69.4,1260.2,458.1,680.1,670.6,3566.8,3979.5,173.2,0.0,176.8,0.0,324.1,317.8,862.4,849.4,22.0,0.0,5.0,0.0,54.5,0.0,0.0,69.4
654,110073,11,1,4,7287.7,7098.9,6792.0,6580.4,44.1,75.8,994.2,687.4,556.7,902.1,2977.3,3113.6,163.8,0.0,167.1,0.0,564.9,554.2,1344.0,1323.1,17.0,0.0,7.0,0.0,44.1,0.0,0.0,75.8
655,110074,11,1,4,8402.1,4059.0,8108.7,3793.8,57.1,31.1,1316.6,87.8,738.5,0.0,4599.9,2590.3,423.8,571.9,432.5,0.0,168.1,164.6,385.2,379.2,27.0,0.0,17.0,0.0,57.1,0.0,0.0,31.1
656,110075,11,1,3,5827.1,2086.9,5586.6,1853.9,38.9,15.2,877.5,8.6,511.4,0.0,3173.1,1560.2,337.0,0.0,344.0,0.0,81.4,79.6,210.1,205.5,44.0,0.0,8.0,0.0,38.9,0.0,0.0,15.2
657,110076,11,1,3,2660.8,11071.0,1178.1,9517.2,0.0,88.2,0.0,6430.9,0.0,222.6,9.0,1729.3,0.0,0.0,0.0,0.0,992.4,970.4,167.6,164.1,0.0,0.0,9.0,0.0,0.0,0.0,0.0,88.2
658,110077,11,1,4,4903.5,3229.1,4668.5,3003.9,36.6,33.2,860.9,82.3,462.5,183.8,2438.4,2112.7,122.6,0.0,125.3,0.0,176.8,173.4,459.1,451.7,20.0,0.0,3.0,0.0,36.6,0.0,0.0,33.2
659,110078,11,1,4,2529.2,5493.8,2311.4,5262.5,15.7,34.6,346.6,468.5,204.6,98.2,1017.5,1696.8,45.3,986.1,46.3,1385.4,240.2,235.6,397.9,391.8,9.0,0.0,4.0,0.0,15.7,0.0,0.0,34.6
660,110079,11,1,4,4538.4,11559.0,3942.4,10904.9,23.7,90.7,538.6,1805.8,322.2,253.0,1576.6,4561.2,67.1,0.0,68.7,3014.5,538.2,528.1,752.9,742.3,71.0,0.0,7.0,0.0,23.7,0.0,0.0,90.7
661,110080,11,1,4,11769.0,14234.7,10896.8,13296.9,70.4,145.8,1680.6,2110.7,941.2,1465.5,5015.4,6715.0,263.0,0.0,268.0,368.4,783.0,768.7,1895.6,1868.6,36.0,0.0,14.0,0.0,70.4,0.0,0.0,145.8
662,110081,11,1,4,8582.7,8267.3,7981.5,7645.6,60.5,88.7,1402.4,527.3,761.1,605.1,4077.1,5332.4,211.0,0.0,215.1,0.0,346.7,340.1,853.0,840.6,105.0,0.0,10.0,0.0,60.5,0.0,0.0,88.7
663,110082,11,1,4,5342.5,14898.5,3469.7,12928.9,10.4,124.9,263.5,8261.1,144.1,236.6,835.8,2378.1,55.6,0.0,56.8,0.0,1501.6,1471.8,592.2,581.4,4.0,0.0,16.0,0.0,10.4,0.0,0.0,124.9
664,110083,11,1,4,7404.6,6417.2,6955.5,5950.3,50.1,66.1,1157.6,468.5,651.4,344.9,3396.9,3829.6,167.4,0.0,170.9,0.0,417.0,409.2,911.3,898.1,70.0,0.0,13.0,0.0,50.1,0.0,0.0,66.1
665,110084,11,1,3,9422.4,6053.5,9034.8,5670.1,61.5,41.2,1503.2,240.0,837.0,224.3,4958.7,3459.3,405.6,918.2,414.1,0.0,250.6,245.0,595.7,583.4,58.0,0.0,12.0,0.0,61.5,0.0,0.0,41.2
666,110085,11,1,3,15074.4,7964.6,14474.3,7352.1,102.1,75.4,2284.9,569.8,1263.7,427.3,7811.2,4926.8,735.9,0.0,750.5,0.0,438.0,429.0,1016.0,999.3,140.0,0.0,34.0,0.0,102.1,0.0,0.0,75.4
667,110086,11,1,2,3003.8,1417.7,2789.7,1202.5,19.0,7.9,538.9,2.9,269.7,0.0,1556.5,1017.1,111.5,0.0,113.9,0.0,52.1,50.7,135.2,131.8,7.0,0.0,5.0,0.0,19.0,0.0,0.0,7.9
668,110087,11,1,3,1156.1,595.8,991.7,427.7,7.1,3.2,190.4,3.1,96.0,0.0,553.6,361.3,39.6,0.0,40.6,0.0,17.4,17.1,47.0,46.2,4.0,0.0,3.0,0.0,7.1,0.0,0.0,3.2
669,110088,11,1,3,3250.6,9635.9,2876.6,9236.0,15.6,34.9,375.3,897.3,194.5,202.7,1185.8,1843.1,91.1,1052.2,93.0,4355.2,363.9,355.7,542.0,529.8,22.0,0.0,9.0,0.0,15.6,0.0,0.0,34.9
670,110089,11,1,2,11207.1,4607.8,10806.7,4214.8,62.1,20.3,1917.8,50.0,988.1,0.0,5962.4,3529.4,518.8,0.0,529.0,0.0,184.3,179.8,469.1,455.6,203.0,0.0,34.0,0.0,62.1,0.0,0.0,20.3
671,110090,11,1,3,4155.2,2762.1,3855.1,2450.6,25.0,16.8,702.8,318.1,353.0,23.6,2052.4,1734.9,150.4,0.0,153.6,0.0,134.1,130.7,249.6,243.4,43.0,0.0,16.0,0.0,25.0,0.0,0.0,16.8
672,110091,11,1,3,5693.0,2685.0,5415.9,2406.3,33.6,17.8,799.2,136.1,461.2,118.6,2900.0,1570.1,311.0,0.0,317.4,0.0,184.2,179.9,411.9,401.5,20.0,0.0,11.0,0.0,33.6,0.0,0.0,17.8
673,110092,11,1,2,4174.7,1482.8,3976.3,1281.9,21.2,5.6,611.9,14.0,354.6,0.0,2262.9,1079.2,256.1,0.0,261.5,0.0,54.4,53.2,139.8,135.6,23.0,0.0,12.0,0.0,21.2,0.0,0.0,5.6
674,110093,11,1,3,8542.0,12776.4,7941.8,12122.9,30.6,68.0,836.5,871.6,438.3,3202.4,2580.7,2576.2,221.1,0.0,225.6,2000.5,944.4,920.4,2623.2,2551.8,57.0,0.0,15.0,0.0,30.6,0.0,0.0,68.0
675,110094,11,1,3,9582.4,8179.5,9165.0,7760.4,60.5,43.9,1481.7,593.3,836.4,238.9,4860.7,3629.8,396.7,2218.6,404.7,0.0,369.3,360.7,736.5,719.0,62.0,0.0,17.0,0.0,60.5,0.0,0.0,43.9
676,110095,11,1,2,242.9,593.1,73.6,426.3,0.2,1.8,7.1,107.6,3.7,14.8,23.2,268.7,1.9,0.0,2.0,0.0,18.9,18.6,16.8,16.6,0.0,0.0,0.0,0.0,0.2,0.0,0.0,1.8
677,110096,11,1,3,5387.3,3305.2,5115.4,3049.4,28.8,10.2,910.9,90.5,465.5,0.0,2837.3,1765.1,249.8,827.7,255.0,0.0,118.7,116.1,257.2,250.0,12.0,0.0,9.0,0.0,28.8,0.0,0.0,10.2
678,110097,11,1,3,4731.3,4031.8,4432.7,3728.3,23.5,18.0,694.0,544.4,385.1,42.1,2323.4,2484.7,192.2,0.0,196.3,71.7,233.2,227.4,368.4,358.1,27.0,0.0,13.0,0.0,23.5,0.0,0.0,18.0
679,110098,11,1,3,9020.3,4891.3,8599.2,4481.7,52.2,28.1,1406.3,374.2,801.7,141.7,4678.0,3192.1,421.1,0.0,429.7,0.0,252.0,245.9,542.3,527.8,57.0,0.0,11.0,0.0,52.2,0.0,0.0,28.1
680,110099,11,1,3,16069.6,10703.2,15306.0,9939.8,97.3,74.0,2569.9,809.9,1361.0,767.4,8002.8,6382.9,624.8,0.0,637.4,0.0,614.9,600.4,1414.2,1379.2,62.0,0.0,19.0,0.0,97.3,0.0,0.0,74.0
681,110100,11,1,3,10946.0,10169.2,10368.3,9556.1,55.8,65.4,1450.6,572.8,788.3,1637.1,4585.1,3361.8,371.7,1397.4,379.3,0.0,742.1,725.2,1904.3,1861.7,123.0,0.0,24.0,0.0,55.8,0.0,0.0,65.4
682,110101,11,1,3,7917.1,3497.7,7613.6,3193.1,47.2,19.4,1354.9,25.3,728.8,6.1,4204.2,2672.5,316.6,0.0,323.2,0.0,141.9,138.5,359.9,350.7,160.0,0.0,24.0,0.0,47.2,0.0,0.0,19.4
683,110102,11,1,2,480.5,269.7,337.0,128.6,1.8,0.5,60.1,0.3,31.1,0.0,191.7,110.1,17.1,0.0,17.7,0.0,4.7,4.7,13.6,13.5,1.0,0.0,0.0,0.0,1.8,0.0,0.0,0.5
684,110103,11,1,3,8603.8,3798.2,8286.4,3512.0,47.7,16.5,1433.5,83.5,824.0,0.0,4700.7,2898.8,377.4,0.0,384.9,0.0,154.3,150.7,389.7,379.0,20.0,0.0,2.0,0.0,47.7,0.0,0.0,16.5
685,110104,11,1,3,4717.2,2070.2,4504.7,1867.0,27.4,10.2,785.2,25.0,444.4,0.0,2547.3,1560.2,209.5,0.0,213.8,0.0,80.6,78.8,208.9,203.1,11.0,0.0,4.0,0.0,27.4,0.0,0.0,10.2
686,110105,11,1,3,5765.2,2150.1,5525.3,1916.4,33.2,11.8,868.9,30.2,507.0,5.9,3124.4,1588.2,330.4,0.0,337.1,0.0,84.9,82.8,214.6,209.3,50.0,0.0,8.0,0.0,33.2,0.0,0.0,11.8
687,110106,11,1,3,7941.6,2980.4,7633.9,2667.0,48.4,19.9,1278.7,25.2,708.1,0.0,4305.0,2229.5,422.6,0.0,431.4,0.0,119.0,116.6,302.1,295.8,45.0,0.0,22.0,0.0,48.4,0.0,0.0,19.9
688,110107,11,1,3,5909.7,2531.0,5679.8,2314.2,34.4,13.6,979.4,10.4,555.1,0.0,3233.4,1947.7,262.5,0.0,267.5,0.0,102.2,100.0,262.8,256.2,12.0,0.0,5.0,0.0,34.4,0.0,0.0,13.6
689,110108,11,1,2,137.2,129.8,0.0,0.2,0.0,0.0,0.0,0.2,0.0,0.0,0.0,0.0,0.0,0.0,0.0,0.0,0.0,0.0,0.0,0.0,0.0,0.0,0.0,0.0,0.0,0.0,0.0,0.0
690,110109,11,1,3,7042.5,7095.3,6592.9,6624.0,48.9,66.4,1116.5,949.6,588.2,238.2,3385.5,3507.3,215.9,931.6,220.5,0.0,352.1,346.3,663.2,651.1,31.0,0.0,20.0,0.0,48.9,0.0,0.0,66.4
691,110110,11,1,3,5922.9,5462.0,5429.0,4946.8,36.2,56.5,924.8,1183.0,484.7,226.2,2803.2,2749.8,180.2,0.0,183.6,0.0,321.1,315.3,480.5,472.5,38.0,0.0,13.0,0.0,36.2,0.0,0.0,56.5
692,110111,11,1,3,7099.1,4779.8,6595.0,4291.1,102.3,55.0,1240.4,464.8,651.4,33.3,3591.8,3247.5,247.7,0.0,252.6,0.0,183.1,179.9,372.0,365.6,32.0,0.0,24.0,0.0,102.3,0.0,0.0,55.0
693,110112,11,1,4,15231.2,16190.6,14315.5,15263.3,102.5,129.0,2400.1,1517.1,1328.1,249.2,7530.5,8117.4,505.9,0.0,515.8,1560.0,642.5,630.4,1191.6,1174.2,188.0,2015.0,13.0,0.0,102.5,0.0,0.0,129.0
694,110113,11,1,4,6476.8,6701.0,6050.0,6261.1,40.7,63.7,974.8,598.0,551.4,398.0,2995.4,3411.0,167.3,728.8,170.8,0.0,363.6,356.6,780.6,768.7,42.0,0.0,4.0,0.0,40.7,0.0,0.0,63.7
695,110114,11,1,3,528.6,821.9,373.8,663.8,2.6,8.1,57.8,157.8,31.9,15.2,192.4,435.3,16.5,0.0,16.9,0.0,31.7,31.1,24.6,24.4,1.0,0.0,1.0,0.0,2.6,0.0,0.0,8.1
696,110115,11,1,3,8506.4,7158.7,7983.2,6595.4,54.0,82.1,1092.2,560.1,600.7,1129.7,3499.1,2802.9,279.6,25.1,285.3,0.0,593.4,582.2,1519.9,1495.5,102.0,0.0,11.0,0.0,54.0,0.0,0.0,82.1
697,110116,11,1,3,7417.2,4830.3,6982.2,4390.5,73.6,53.5,1243.2,591.7,680.0,11.7,3737.8,3113.4,246.6,0.0,251.3,0.0,242.7,238.4,442.6,435.3,112.0,0.0,26.0,0.0,73.6,0.0,0.0,53.5
698,110117,11,1,3,10689.5,5588.1,10230.8,5176.2,120.5,54.3,1853.1,70.4,1005.7,0.0,5664.2,3417.7,424.1,970.4,433.0,0.0,215.2,211.5,514.3,506.2,105.0,0.0,16.0,0.0,120.5,0.0,0.0,54.3
699,110118,11,1,3,2348.3,1343.6,2155.8,1162.0,28.9,15.5,406.6,45.0,220.9,15.3,1163.7,897.5,66.5,0.0,68.2,0.0,61.9,60.6,145.9,143.7,19.0,0.0,3.0,0.0,28.9,0.0,0.0,15.5
700,110119,11,1,4,8844.3,10887.8,8206.9,10174.7,38.9,107.3,922.4,933.3,499.5,1601.2,2714.2,2662.0,146.9,0.0,149.8,1325.2,1116.4,1095.7,2592.5,2557.2,37.0,0.0,28.0,0.0,38.9,0.0,0.0,107.3
701,110120,11,1,4,8211.4,9301.9,7723.0,8793.7,52.8,68.9,1330.7,893.4,705.6,193.4,3923.7,3813.0,233.0,0.0,237.5,2726.3,414.6,407.2,771.0,760.4,83.0,0.0,24.0,0.0,52.8,0.0,0.0,68.9
702,110121,11,1,4,9745.0,8236.8,9211.8,7700.7,66.9,75.9,1610.6,457.9,887.9,611.0,4699.6,4752.3,241.3,468.3,246.5,0.0,412.7,405.4,1019.1,1005.8,84.0,0.0,10.0,0.0,66.9,0.0,0.0,75.9
703,110122,11,1,4,15030.5,21638.7,13587.5,20048.2,75.8,228.7,1703.3,5041.7,989.3,2292.8,5357.4,7983.8,325.0,0.0,331.3,0.0,1648.0,1618.3,3149.1,3111.8,55.0,0.0,29.0,0.0,75.8,0.0,0.0,228.7
704,110123,11,1,4,20929.7,29936.7,19155.9,27810.2,65.8,323.6,1657.6,3558.4,902.9,5924.1,4603.1,7096.5,196.7,0.0,200.4,0.0,3356.5,3297.0,8034.7,7934.1,77.0,0.0,127.0,0.0,65.8,0.0,0.0,323.6
705,110124,11,1,4,19729.2,14519.8,18684.2,13453.5,129.3,154.8,3061.1,1261.7,1688.7,1087.2,9684.7,8441.9,700.9,0.0,714.7,0.0,798.0,784.2,1901.1,1878.4,109.0,0.0,26.0,0.0,129.3,0.0,0.0,154.8
706,110125,11,1,3,1339.2,999.8,1188.0,843.6,8.7,10.2,211.2,70.9,117.8,35.7,640.8,617.3,42.7,0.0,43.8,0.0,37.3,36.4,84.3,83.2,8.0,0.0,2.0,0.0,8.7,0.0,0.0,10.2
707,110126,11,1,3,10428.9,4664.8,10030.4,4271.4,97.9,53.7,1828.3,39.7,1037.1,0.0,5600.7,3529.7,372.6,0.0,380.2,0.0,202.6,199.3,510.8,502.7,62.0,0.0,36.0,0.0,97.9,0.0,0.0,53.7
708,110127,11,1,3,12954.3,5422.8,12518.7,4977.6,88.3,44.0,2214.3,40.3,1159.8,0.0,6994.5,4152.1,563.5,0.0,574.7,0.0,226.2,221.9,572.5,563.2,169.0,0.0,44.0,0.0,88.3,0.0,0.0,44.0
709,110128,11,1,4,1680.8,1917.7,1490.4,1725.5,10.1,16.5,245.3,466.4,139.6,23.4,772.4,948.3,46.8,0.0,47.9,63.8,102.3,100.2,125.0,123.4,6.0,0.0,5.0,0.0,10.1,0.0,0.0,16.5
710,110129,11,1,4,8938.1,11147.6,8326.8,10441.2,39.1,123.5,866.4,904.0,492.4,2746.1,2812.9,3104.7,184.2,0.0,187.9,0.0,989.0,971.6,2743.0,2714.8,23.0,0.0,28.0,0.0,39.1,0.0,0.0,123.5
711,110130,11,1,4,7068.3,12464.2,6351.9,11595.8,0.0,139.3,0.0,1086.5,0.0,3774.9,31.0,524.3,0.0,0.0,0.0,0.0,1763.3,1733.1,4526.6,4477.1,0.0,0.0,31.0,0.0,0.0,0.0,0.0,139.3
712,110131,11,1,3,1916.0,5560.5,1473.8,5068.1,6.0,55.8,142.9,1143.7,80.1,288.9,434.4,2248.9,28.6,646.4,29.3,0.0,296.4,291.1,455.2,449.1,4.0,0.0,3.0,0.0,6.0,0.0,0.0,55.8
713,110132,11,1,3,8521.5,3991.1,8184.1,3655.9,60.0,42.9,1479.6,60.4,828.3,10.0,4602.0,2994.1,315.0,0.0,321.7,0.0,172.5,169.3,427.8,422.2,28.0,0.0,9.0,0.0,60.0,0.0,0.0,42.9
714,110133,11,1,3,8064.1,4306.1,7735.7,3987.0,60.8,40.9,1279.6,154.8,739.6,25.3,4266.3,2491.5,369.7,758.8,377.6,0.0,173.8,171.1,391.1,385.5,130.0,0.0,8.0,0.0,60.8,0.0,0.0,40.9
715,110134,11,1,2,3447.0,1705.7,3241.4,1503.6,27.5,19.3,625.4,14.9,335.8,0.0,1806.8,1248.5,108.1,0.0,110.5,0.0,68.8,67.9,175.1,172.2,7.0,0.0,4.0,0.0,27.5,0.0,0.0,19.3
716,110135,11,1,3,3194.5,1777.2,2952.4,1527.3,19.0,12.6,481.2,225.7,267.0,5.6,1617.7,1061.4,162.9,0.0,166.4,0.0,85.5,83.7,153.7,150.8,14.0,0.0,4.0,0.0,19.0,0.0,0.0,12.6
717,110136,11,1,3,4051.7,1757.0,3828.5,1529.8,27.0,14.1,660.4,44.8,359.4,10.9,2154.5,1239.5,194.2,0.0,198.3,0.0,69.8,68.5,169.0,166.2,14.0,0.0,9.0,0.0,27.0,0.0,0.0,14.1
718,110137,11,1,3,3607.4,2623.3,3373.5,2388.2,24.1,16.2,558.7,121.4,301.2,16.1,1861.0,1148.0,184.0,836.2,187.8,0.0,89.7,88.0,181.0,178.5,8.0,0.0,2.0,0.0,24.1,0.0,0.0,16.2
719,110138,11,1,4,792.3,3346.4,295.2,2828.6,0.0,31.9,0.0,1385.5,0.0,111.7,2.0,1044.6,0.0,0.0,0.0,0.0,211.1,207.5,80.1,79.3,0.0,0.0,2.0,0.0,0.0,0.0,0.0,31.9
720,110139,11,1,4,16211.7,27245.5,15243.6,25999.1,35.8,309.9,802.8,1671.0,450.5,10422.3,2538.4,2941.3,159.3,0.0,162.7,0.0,2618.6,2574.6,8464.3,8389.9,19.0,0.0,28.0,0.0,35.8,0.0,0.0,309.9
721,110140,11,1,4,5928.7,5842.8,5614.7,5525.8,41.9,46.1,965.9,371.8,557.4,114.4,2985.6,2742.8,178.0,419.2,181.8,1172.0,237.8,233.6,477.1,471.8,20.0,0.0,11.0,0.0,41.9,0.0,0.0,46.1
722,110141,11,1,4,2678.3,8329.5,2327.9,7932.3,8.5,59.2,215.7,1027.3,121.7,414.7,577.9,2181.2,23.3,0.0,23.9,2979.4,488.2,480.7,859.0,849.0,11.0,0.0,7.0,0.0,8.5,0.0,0.0,59.2
723,110142,11,1,3,11659.9,7758.5,11161.2,7245.2,85.2,81.6,2026.8,237.2,1159.9,111.5,5922.4,4991.5,284.6,527.7,290.6,0.0,425.7,418.9,969.3,958.4,68.0,0.0,14.0,0.0,85.2,0.0,0.0,81.6
724,110143,11,1,3,13703.9,9544.5,13046.1,8847.5,91.8,107.8,2385.4,553.1,1274.7,629.7,6679.0,5735.7,339.1,0.0,346.0,0.0,564.0,555.3,1390.8,1373.6,39.0,0.0,28.0,0.0,91.8,0.0,0.0,107.8
725,110144,11,1,2,3068.2,3273.8,2859.9,3053.0,17.8,11.2,464.3,132.0,249.4,0.0,1546.6,958.6,152.7,0.0,156.0,1699.0,96.5,94.2,172.3,169.1,14.0,0.0,8.0,0.0,17.8,0.0,0.0,11.2
726,110145,11,1,3,2607.3,2391.3,2423.8,2199.0,15.7,10.4,402.2,106.1,216.9,0.0,1316.4,846.0,119.6,1020.3,122.1,0.0,81.3,79.7,149.2,146.9,11.0,0.0,5.0,0.0,15.7,0.0,0.0,10.4
727,110146,11,1,2,620.0,318.1,490.4,182.2,3.5,1.8,86.0,0.3,46.2,0.0,279.3,154.5,24.6,0.0,25.1,0.0,7.1,7.1,20.2,20.2,1.0,0.0,1.0,0.0,3.5,0.0,0.0,1.8
728,110147,11,1,3,3610.0,3910.4,3329.2,3618.5,22.1,23.9,504.7,316.7,277.7,56.4,1701.1,1377.9,170.7,1030.8,174.3,364.1,174.0,170.6,305.7,302.0,15.0,0.0,6.0,0.0,22.1,0.0,0.0,23.9
729,110148,11,1,3,5068.1,8035.3,4104.7,7025.1,26.8,82.7,625.6,2567.1,337.4,421.9,1884.9,3050.4,115.3,0.0,117.9,0.0,507.0,498.2,492.6,487.6,16.0,0.0,8.0,0.0,26.8,0.0,0.0,82.7
730,110149,11,1,3,10714.7,6552.4,10263.8,6081.0,69.9,74.4,1773.0,187.9,953.1,831.6,5256.5,3662.2,347.6,0.0,354.5,0.0,354.9,349.6,1063.3,1049.7,138.0,0.0,23.0,0.0,69.9,0.0,0.0,74.4
731,110150,11,1,2,2802.6,1200.1,2605.4,995.4,17.1,7.9,464.9,15.3,237.8,0.0,1447.7,827.5,126.0,0.0,128.7,0.0,42.8,42.1,112.4,110.6,39.0,0.0,6.0,0.0,17.1,0.0,0.0,7.9
732,110151,11,1,2,3647.0,3179.5,3410.0,2939.6,23.0,14.9,606.4,122.5,308.8,21.7,1869.7,1237.2,158.9,1273.6,162.2,0.0,92.9,91.1,196.1,193.4,10.0,0.0,5.0,0.0,23.0,0.0,0.0,14.9
733,110152,11,1,3,2224.7,1834.8,1991.3,1588.6,12.5,15.1,305.3,167.6,166.8,159.3,1029.0,996.1,103.0,0.0,105.1,0.0,80.3,78.5,189.7,187.1,7.0,0.0,5.0,0.0,12.5,0.0,0.0,15.1
734,110153,11,1,3,4120.6,2952.7,3813.2,2621.7,25.4,26.5,602.8,319.7,323.3,192.2,2022.9,1680.1,199.8,0.0,204.0,0.0,136.8,134.2,299.5,295.5,9.0,0.0,15.0,0.0,25.4,0.0,0.0,26.5
735,110154,11,1,3,6002.9,2119.2,5770.6,1879.3,41.3,19.8,906.2,4.8,529.3,0.0,3265.8,1572.3,338.7,0.0,345.9,0.0,85.7,84.0,221.1,218.2,60.0,0.0,18.0,0.0,41.3,0.0,0.0,19.8
736,110155,11,1,3,2761.2,1340.2,2611.8,1185.0,20.7,13.4,478.8,13.8,257.3,0.0,1446.2,984.4,88.8,0.0,90.7,0.0,52.9,52.1,136.0,134.6,53.0,0.0,8.0,0.0,20.7,0.0,0.0,13.4
737,110156,11,1,4,7260.1,7005.3,6757.6,6484.2,48.6,67.1,1119.6,805.2,615.6,293.9,3408.0,3497.1,211.0,752.2,215.7,0.0,395.0,388.8,754.6,746.9,30.0,0.0,8.0,0.0,48.6,0.0,0.0,67.1
738,110157,11,1,3,3673.6,6481.0,3268.5,6006.3,10.4,76.1,243.8,661.3,137.9,1450.3,650.8,1750.6,26.0,0.0,26.7,0.0,602.3,593.0,1567.9,1551.1,4.0,0.0,9.0,0.0,10.4,0.0,0.0,76.1
739,110158,11,1,4,16411.6,10645.0,15645.0,9869.1,111.7,111.7,2748.9,681.5,1493.1,522.2,8320.8,6743.6,522.1,0.0,532.4,0.0,580.6,572.0,1366.0,1349.7,52.0,0.0,29.0,0.0,111.7,0.0,0.0,111.7
740,110159,11,1,3,161.1,137.4,18.8,7.6,0.1,0.0,3.1,0.1,1.9,0.0,11.0,6.8,1.1,0.0,1.1,0.0,0.1,0.1,0.6,0.6,0.0,0.0,0.0,0.0,0.1,0.0,0.0,0.0
741,110160,11,1,3,2243.4,950.9,2058.0,756.0,16.1,8.5,367.2,1.6,194.4,0.0,1156.8,634.2,102.2,0.0,104.5,0.0,33.5,32.9,88.4,87.4,6.0,0.0,5.0,0.0,16.1,0.0,0.0,8.5
742,110161,11,1,3,5099.5,5781.7,4556.9,5175.3,32.2,64.3,740.2,1631.6,367.2,43.3,2190.4,2638.1,172.9,0.0,176.7,0.0,379.2,373.4,494.3,488.8,11.0,0.0,25.0,0.0,32.2,0.0,0.0,64.3
743,110162,11,1,3,9310.7,6847.9,8931.5,6463.2,59.6,38.1,1430.1,277.5,792.7,59.7,4870.1,2874.4,476.1,903.4,486.0,1655.2,228.5,224.6,474.0,468.3,154.0,0.0,20.0,0.0,59.6,0.0,0.0,38.1
744,110163,11,1,3,9918.9,5486.0,9534.0,5105.3,69.0,49.5,1759.3,96.3,953.9,0.0,5280.8,3458.1,351.2,822.9,358.6,0.0,219.3,216.5,518.0,511.5,72.0,0.0,21.0,0.0,69.0,0.0,0.0,49.5
745,110164,11,1,3,1850.5,888.3,1687.2,726.1,13.0,9.2,313.4,19.0,168.8,10.0,941.2,577.7,67.8,0.0,69.5,0.0,33.0,32.5,88.7,86.9,5.0,0.0,0.0,0.0,13.0,0.0,0.0,9.2
746,110165,11,1,3,2055.5,1374.5,1871.8,1181.1,13.3,12.9,290.3,140.0,172.8,33.1,1032.8,848.8,103.2,0.0,105.5,0.0,54.2,53.3,107.0,105.9,3.0,0.0,3.0,0.0,13.3,0.0,0.0,12.9
747,110166,11,1,3,11111.3,15378.8,10316.7,14482.9,60.1,148.7,1424.5,1592.0,798.8,2250.2,4237.9,5344.6,237.2,770.9,242.2,1235.7,937.9,925.1,2394.2,2364.4,32.0,0.0,12.0,0.0,60.1,0.0,0.0,148.7
748,110167,11,1,3,5317.7,2120.0,5089.5,1896.1,38.2,23.2,858.5,23.6,489.8,0.0,2853.5,1554.3,245.9,0.0,251.2,0.0,93.1,92.0,229.5,226.3,61.0,0.0,7.0,0.0,38.2,0.0,0.0,23.2
749,110168,11,1,3,2793.0,1074.8,2640.6,922.9,18.1,8.8,430.6,5.7,245.0,0.0,1495.1,769.9,143.2,0.0,146.2,0.0,41.2,40.5,108.4,106.8,26.0,0.0,5.0,0.0,18.1,0.0,0.0,8.8
750,110169,11,1,3,7922.8,6853.0,7445.6,6325.1,42.5,71.1,998.3,415.2,521.5,1493.5,3105.9,2231.0,266.8,0.0,272.4,0.0,581.4,572.9,1631.3,1612.6,52.0,0.0,16.0,0.0,42.5,0.0,0.0,71.1
751,110170,11,1,3,2444.2,7490.8,1824.9,6784.9,1.6,79.7,35.6,2308.4,19.6,1498.3,130.3,1394.4,11.1,0.0,11.4,0.0,506.7,499.8,1097.2,1084.0,0.0,0.0,13.0,0.0,1.6,0.0,0.0,79.7
752,110171,11,1,3,4156.1,11486.8,3273.9,10470.7,4.6,127.6,101.8,2712.5,57.4,1305.3,324.9,3761.5,17.1,0.0,17.5,0.0,956.3,943.5,1769.9,1747.9,9.0,0.0,20.0,0.0,4.6,0.0,0.0,127.6
753,110172,11,1,3,164.9,164.1,8.7,3.5,0.1,0.0,1.4,0.0,0.9,0.0,5.1,3.2,0.5,0.0,0.5,0.0,0.0,0.0,0.3,0.3,0.0,0.0,0.0,0.0,0.1,0.0,0.0,0.0
754,110173,11,1,3,7314.1,3672.7,7005.9,3345.9,45.5,22.9,1095.8,116.9,612.0,48.4,3859.7,1828.5,426.8,0.0,435.3,923.1,131.5,130.0,302.7,299.0,108.0,0.0,34.0,0.0,45.5,0.0,0.0,22.9
755,110174,11,1,3,7627.4,2553.2,7293.9,2220.6,51.4,22.3,1209.5,15.1,660.2,0.0,4107.4,1845.1,445.8,0.0,454.6,0.0,102.4,100.9,262.9,259.6,30.0,0.0,21.0,0.0,51.4,0.0,0.0,22.3
756,110175,11,1,3,6588.7,5089.7,6089.3,4558.0,43.8,51.2,989.5,637.0,529.5,152.8,3213.5,3094.1,308.7,0.0,315.0,0.0,247.4,244.1,435.6,430.0,26.0,0.0,24.0,0.0,43.8,0.0,0.0,51.2
757,110176,11,1,3,7596.1,6874.5,7056.0,6290.6,46.1,75.0,1104.0,628.5,616.2,574.8,3022.5,3155.8,132.2,0.0,135.0,0.0,611.3,603.0,1346.7,1328.6,74.0,0.0,14.0,0.0,46.1,0.0,0.0,75.0
758,110177,11,1,3,7403.2,8993.2,6830.6,8374.2,46.7,83.1,1115.5,952.5,601.0,381.2,3227.1,4104.0,183.4,1537.7,187.3,0.0,488.9,482.3,929.4,916.5,88.0,0.0,10.0,0.0,46.7,0.0,0.0,83.1
759,110178,11,1,3,4370.3,1444.6,4127.2,1205.3,26.1,10.5,657.4,20.6,367.0,0.0,2303.5,991.6,256.0,0.0,261.0,0.0,54.8,53.9,141.3,139.1,78.0,0.0,8.0,0.0,26.1,0.0,0.0,10.5
760,110179,11,1,3,8284.3,5367.2,7950.7,5040.2,58.7,35.0,1267.9,192.9,749.5,4.9,4423.5,2421.2,429.7,787.7,438.7,1069.6,186.3,184.2,385.0,379.7,58.0,0.0,12.0,0.0,58.7,0.0,0.0,35.0
761,110180,11,1,3,5819.3,9703.6,5418.7,9254.2,31.0,69.2,676.1,1468.6,404.4,26.9,2394.9,2944.5,234.8,0.0,239.5,3399.9,618.8,611.1,815.2,803.0,25.0,0.0,10.0,0.0,31.0,0.0,0.0,69.2
762,110181,11,1,3,6331.0,5801.8,5976.3,5442.6,38.0,26.7,930.9,376.6,501.2,21.9,3200.6,1949.6,358.3,1346.2,365.8,1198.1,204.1,202.3,352.4,347.9,51.0,0.0,12.0,0.0,38.0,0.0,0.0,26.7
763,110182,11,1,3,6027.0,1994.4,5716.8,1684.5,39.8,16.5,947.3,5.0,506.0,0.0,3215.7,1402.2,357.1,0.0,364.3,0.0,78.7,77.5,202.7,199.8,33.0,0.0,12.0,0.0,39.8,0.0,0.0,16.5
764,110183,11,1,3,12695.7,6225.2,12225.4,5760.4,92.6,55.4,2174.8,171.9,1148.1,9.7,6725.2,4017.7,515.5,688.7,526.1,0.0,265.0,262.5,618.6,609.8,225.0,0.0,27.0,0.0,92.6,0.0,0.0,55.4
765,110184,11,1,3,5317.2,3328.2,4974.1,2972.8,34.6,20.5,809.3,210.6,434.1,6.5,2722.9,1515.2,297.1,891.5,303.5,0.0,123.9,122.7,229.3,226.3,38.0,0.0,16.0,0.0,34.6,0.0,0.0,20.5
766,110185,11,1,3,1930.8,1119.9,1786.1,972.2,12.7,9.2,333.0,78.3,175.5,0.0,966.8,747.8,53.9,0.0,55.5,0.0,48.3,47.8,100.0,98.4,46.0,0.0,7.0,0.0,12.7,0.0,0.0,9.2
767,110186,11,1,3,2675.2,1661.8,2473.9,1451.6,17.5,17.6,433.8,56.7,231.3,155.3,1293.0,946.0,92.4,0.0,94.5,0.0,76.2,75.4,221.6,218.3,26.0,0.0,5.0,0.0,17.5,0.0,0.0,17.6
768,110187,11,1,3,5746.5,2508.7,5486.6,2248.6,41.7,27.2,989.7,36.0,552.0,0.0,3051.4,1844.8,216.9,0.0,221.6,0.0,107.8,106.2,265.2,261.6,73.0,0.0,9.0,0.0,41.7,0.0,0.0,27.2
769,110188,11,1,3,6192.2,4075.9,5832.4,3704.9,44.9,41.8,1057.6,158.1,566.7,54.1,3178.6,2910.7,199.6,0.0,204.0,0.0,183.9,182.1,406.0,399.9,22.0,0.0,14.0,0.0,44.9,0.0,0.0,41.8
770,110189,11,1,3,7440.9,3477.2,7117.5,3143.7,52.6,35.8,1304.9,155.5,694.0,0.0,3892.3,2425.2,273.9,0.0,279.2,0.0,179.3,178.0,391.0,385.0,81.0,0.0,22.0,0.0,52.6,0.0,0.0,35.8
771,110190,11,1,3,7555.9,7425.6,6926.8,6743.8,48.3,77.4,1097.7,990.5,607.8,462.4,3485.0,4192.6,287.0,0.0,292.7,0.0,363.9,360.6,748.7,737.6,23.0,0.0,21.0,0.0,48.3,0.0,0.0,77.4
772,110191,11,1,3,3689.6,1431.6,3484.8,1221.8,26.4,13.6,604.7,2.8,339.1,0.0,1952.6,1015.3,169.8,0.0,173.6,0.0,57.5,56.9,149.5,146.8,29.0,0.0,9.0,0.0,26.4,0.0,0.0,13.6
773,110192,11,1,3,5593.5,2370.7,5320.4,2092.3,39.1,22.0,947.2,29.8,505.9,67.3,2910.8,1610.0,240.0,0.0,244.7,0.0,106.3,105.6,283.6,279.5,65.0,0.0,17.0,0.0,39.1,0.0,0.0,22.0
774,110193,11,1,3,4788.1,5580.6,4362.9,5104.4,23.9,58.1,533.8,632.1,293.0,1002.2,1723.6,2036.0,148.3,0.0,151.5,0.0,397.0,393.7,1055.7,1040.5,49.0,0.0,11.0,0.0,23.9,0.0,0.0,58.1
775,110194,11,1,3,10264.4,10010.1,9530.8,9218.6,57.2,93.8,1368.6,1111.1,765.3,1022.8,3990.5,4193.0,205.7,0.0,210.1,0.0,895.6,891.6,2021.9,2000.1,50.0,0.0,23.0,0.0,57.2,0.0,0.0,93.8
776,110195,11,1,3,8358.8,4910.9,7990.3,4534.6,61.5,47.7,1492.7,242.5,826.3,112.2,4346.0,3372.7,225.6,0.0,230.2,0.0,241.9,240.5,574.6,566.7,36.0,0.0,17.0,0.0,61.5,0.0,0.0,47.7
777,110196,11,1,3,2578.2,5665.3,2148.9,5178.1,6.5,47.1,154.7,861.4,80.9,649.0,484.0,1493.7,38.7,855.3,39.6,0.0,428.9,425.5,906.0,893.2,2.0,0.0,14.0,0.0,6.5,0.0,0.0,47.1
778,110197,11,1,3,13035.7,3783.8,12628.5,3396.1,85.4,30.4,1885.7,41.7,1141.0,0.0,7240.1,2771.4,838.9,0.0,855.4,0.0,168.6,167.8,419.6,415.2,50.0,0.0,29.0,0.0,85.4,0.0,0.0,30.4
779,110198,11,1,4,3269.8,1284.7,3060.7,1094.7,22.5,10.7,550.0,17.3,289.2,0.0,1684.3,893.8,138.7,0.0,141.6,0.0,51.8,51.3,134.1,132.3,60.0,0.0,11.0,0.0,22.5,0.0,0.0,10.7
780,110199,11,1,3,15790.8,26567.8,14434.9,24895.2,30.4,273.5,626.1,2692.7,369.1,7417.2,2213.9,4149.9,197.9,0.0,202.4,0.0,2824.9,2827.4,7885.7,7808.0,34.0,0.0,81.0,0.0,30.4,0.0,0.0,273.5
781,110200,11,1,3,926.3,6470.2,273.6,5772.2,0.5,50.8,10.0,655.9,6.1,55.3,40.3,4856.7,2.4,0.0,2.6,0.0,138.7,138.0,67.3,66.3,0.0,0.0,6.0,0.0,0.5,0.0,0.0,50.8
782,110201,11,1,4,3276.0,1416.5,3105.4,1261.1,23.5,12.0,531.0,52.0,311.6,0.0,1735.8,1000.2,133.9,0.0,136.8,0.0,64.8,64.2,146.5,144.8,41.0,0.0,4.0,0.0,23.5,0.0,0.0,12.0
783,110202,11,1,2,254.0,382.9,112.7,246.8,0.6,2.1,12.4,36.1,7.5,26.6,48.1,151.2,5.4,0.0,5.6,0.0,10.2,9.9,23.4,23.1,0.0,0.0,0.0,0.0,0.6,0.0,0.0,2.1
784,110203,11,1,3,5397.8,3242.6,5094.3,2934.5,33.2,21.1,749.5,215.3,434.9,103.8,2798.3,1597.7,326.4,608.7,333.6,0.0,131.5,130.9,281.1,278.1,24.0,0.0,15.0,0.0,33.2,0.0,0.0,21.1
785,110204,11,1,3,6337.8,3215.6,6084.6,2972.4,43.1,19.0,986.6,28.9,544.5,0.0,3381.0,1626.0,325.1,962.5,332.1,0.0,104.1,103.7,254.1,251.4,146.0,0.0,11.0,0.0,43.1,0.0,0.0,19.0
786,110205,11,1,3,4678.1,7650.8,4368.6,7317.4,26.2,40.1,579.6,1004.5,325.5,4.4,1995.8,2072.7,191.4,404.9,195.5,2814.9,438.8,436.9,585.9,579.1,43.0,0.0,13.0,0.0,26.2,0.0,0.0,40.1
787,110206,11,1,3,5184.7,11080.0,4542.9,10375.5,25.7,76.4,575.9,2083.2,315.5,169.6,1743.8,4170.2,113.7,771.2,116.3,1542.2,715.6,712.1,938.1,926.8,13.0,0.0,11.0,0.0,25.7,0.0,0.0,76.4
788,110207,11,1,3,2779.9,2344.9,2562.8,2121.9,18.9,16.7,435.4,322.7,241.5,8.6,1330.6,1108.6,93.2,0.0,95.4,329.2,137.9,137.1,218.6,215.8,7.0,0.0,3.0,0.0,18.9,0.0,0.0,16.7
789,110208,11,1,3,5324.7,2253.7,5084.3,2017.3,40.5,17.5,931.0,10.0,504.6,0.0,2821.1,1651.4,188.4,0.0,192.5,0.0,101.3,101.1,258.4,254.8,78.0,0.0,9.0,0.0,40.5,0.0,0.0,17.5
790,110209,11,1,3,3847.0,1689.0,3648.3,1486.8,27.0,12.7,663.5,21.9,364.9,0.0,2035.3,1213.6,142.4,0.0,145.4,0.0,73.1,72.6,181.7,178.7,30.0,0.0,12.0,0.0,27.0,0.0,0.0,12.7
791,110210,11,1,2,158.7,432.8,34.1,309.3,0.0,2.7,0.0,78.4,0.0,26.4,0.0,170.7,0.0,0.0,0.0,0.0,14.7,14.7,19.4,19.1,0.0,0.0,0.0,0.0,0.0,0.0,0.0,2.7
792,110211,11,1,3,518.7,339.0,407.4,221.0,2.9,1.9,73.2,15.9,39.4,8.3,220.6,161.5,13.5,0.0,13.9,0.0,10.1,10.1,25.6,25.1,7.0,0.0,4.0,0.0,2.9,0.0,0.0,1.9
793,110212,11,1,3,6907.4,2746.0,6633.5,2479.7,50.0,20.2,1181.3,16.4,645.2,0.0,3733.1,2023.1,280.0,0.0,285.7,0.0,126.1,125.3,320.0,314.9,47.0,0.0,15.0,0.0,50.0,0.0,0.0,20.2
794,110213,11,1,3,203.8,618.3,68.1,484.4,0.0,3.2,0.0,172.3,0.0,15.3,1.0,231.1,0.0,0.0,0.0,0.0,36.0,35.8,30.2,29.8,0.0,0.0,1.0,0.0,0.0,0.0,0.0,3.2
795,110214,11,1,2,4966.3,2474.2,4708.6,2215.0,34.6,12.4,807.4,58.2,430.2,0.0,2583.0,1264.5,238.7,580.0,244.0,0.0,97.8,96.9,219.6,215.3,79.0,0.0,9.0,0.0,34.6,0.0,0.0,12.4
796,110215,11,1,3,3569.1,1399.0,3367.2,1197.4,25.5,8.7,609.6,2.9,333.6,0.0,1887.9,980.7,147.0,0.0,150.6,0.0,60.8,60.2,156.7,153.6,13.0,0.0,8.0,0.0,25.5,0.0,0.0,8.7
797,110216,11,1,3,4388.8,1960.7,4163.0,1723.2,33.4,12.7,820.7,4.0,420.3,0.0,2293.7,1409.2,129.0,0.0,132.2,0.0,88.1,87.8,226.8,222.2,31.0,0.0,21.0,0.0,33.4,0.0,0.0,12.7
798,110217,11,1,3,3964.7,2686.8,3742.2,2456.5,29.5,12.7,723.9,73.1,377.1,0.0,2028.7,1320.3,113.2,727.4,115.8,0.0,106.7,105.9,234.8,229.7,29.0,0.0,13.0,0.0,29.5,0.0,0.0,12.7
799,110218,11,1,3,5123.9,2286.2,4887.7,2050.0,37.7,14.5,901.3,42.1,523.7,32.6,2690.7,1588.0,158.0,0.0,161.5,0.0,109.3,109.1,284.2,278.2,44.0,0.0,15.0,0.0,37.7,0.0,0.0,14.5
800,110219,11,1,3,102.6,118.4,0.1,14.0,0.0,0.2,0.0,1.6,0.0,0.0,0.0,12.3,0.0,0.0,0.0,0.0,0.1,0.1,0.0,0.0,0.0,0.0,0.0,0.0,0.0,0.0,0.0,0.2
801,110220,11,1,3,641.1,1973.2,356.6,1664.7,0.0,16.1,0.0,739.5,0.0,185.3,5.0,398.3,0.0,0.0,0.0,0.0,151.9,151.1,194.7,190.4,0.0,0.0,5.0,0.0,0.0,0.0,0.0,16.1
802,110221,11,1,4,4789.6,6288.0,4273.1,5676.7,19.2,45.6,447.7,1070.1,245.7,396.0,1334.6,2214.1,63.1,0.0,64.6,0.0,673.2,669.3,1357.1,1327.2,4.0,0.0,83.0,0.0,19.2,0.0,0.0,45.6
803,110222,11,1,4,7473.7,6352.6,7028.1,5895.0,41.9,48.1,982.6,356.4,543.9,1085.4,2746.2,2066.5,133.0,0.0,135.8,0.0,639.1,635.0,1792.5,1751.5,40.0,0.0,15.0,0.0,41.9,0.0,0.0,48.1
804,110223,11,1,3,2477.5,1175.0,2309.4,1008.5,19.8,8.1,456.6,3.1,252.6,0.0,1278.3,824.9,63.0,0.0,64.7,0.0,51.1,50.6,133.1,130.0,5.0,0.0,5.0,0.0,19.8,0.0,0.0,8.1
805,110224,11,1,3,8337.4,3149.7,7994.5,2824.1,62.1,20.3,1454.3,8.0,805.2,0.0,4458.9,2302.7,333.2,0.0,339.7,0.0,146.6,146.0,375.5,367.5,68.0,0.0,13.0,0.0,62.1,0.0,0.0,20.3
806,110225,11,1,4,4799.5,5977.5,4257.2,5397.3,30.4,48.6,669.1,1238.0,370.9,409.7,1965.6,2775.2,118.3,0.0,120.5,0.0,329.4,327.8,659.3,646.6,5.0,0.0,19.0,0.0,30.4,0.0,0.0,48.6
807,110226,11,1,4,6375.0,13209.7,5626.5,12340.8,4.6,108.8,102.3,1435.2,57.5,3163.0,337.0,2777.3,17.4,0.0,17.9,0.0,1277.4,1268.6,3783.9,3696.5,0.0,0.0,33.0,0.0,4.6,0.0,0.0,108.8
808,110227,11,1,4,9435.8,10367.2,8810.0,9690.9,42.5,80.4,947.2,857.3,546.4,2080.6,2877.3,2757.6,159.7,0.0,162.8,0.0,1060.6,1053.4,3011.9,2941.8,22.0,0.0,22.0,0.0,42.5,0.0,0.0,80.4
809,110228,11,1,4,3209.0,3391.2,2961.2,3144.7,19.6,19.8,447.4,440.9,255.9,149.2,1363.0,1309.8,78.2,538.4,80.0,0.0,241.3,239.8,476.3,466.5,15.0,0.0,4.0,0.0,19.6,0.0,0.0,19.8
810,110229,11,1,4,3699.9,3349.9,3437.2,3091.4,22.8,24.0,529.2,277.3,290.9,456.9,1558.1,1512.8,85.6,0.0,87.7,0.0,218.5,217.1,640.2,627.3,24.0,0.0,3.0,0.0,22.8,0.0,0.0,24.0
811,110230,11,1,4,4175.3,1872.7,3983.8,1700.5,32.2,12.5,749.4,3.8,417.6,0.0,2193.9,1387.5,117.1,0.0,119.7,0.0,87.9,87.3,226.4,221.8,66.0,0.0,6.0,0.0,32.2,0.0,0.0,12.5
812,110231,11,1,4,2937.3,3443.6,2775.2,3293.9,21.4,11.1,504.6,144.2,277.2,0.0,1487.1,1067.1,81.5,464.9,83.4,1288.4,116.1,115.6,218.2,213.7,2.0,0.0,5.0,0.0,21.4,0.0,0.0,11.1
813,110232,11,1,2,108.4,151.1,6.1,46.6,0.0,0.4,0.0,5.6,0.0,3.4,1.0,33.5,0.0,0.0,0.0,0.0,1.2,1.2,2.9,2.9,0.0,0.0,1.0,0.0,0.0,0.0,0.0,0.4
814,110233,11,1,3,2381.2,1069.9,2216.9,904.7,18.5,7.2,421.3,29.1,222.4,0.0,1244.3,713.4,78.7,0.0,80.5,0.0,47.9,47.6,116.8,114.6,1.0,0.0,4.0,0.0,18.5,0.0,0.0,7.2
815,110234,11,1,3,4387.3,1870.5,4165.0,1649.1,35.3,13.8,786.2,7.2,426.5,0.0,2319.8,1343.3,146.0,0.0,149.1,0.0,85.2,84.6,218.2,214.0,25.0,0.0,9.0,0.0,35.3,0.0,0.0,13.8
816,110235,11,1,2,160.4,401.1,29.4,267.4,0.1,2.5,2.6,88.4,1.7,0.0,9.8,166.0,0.5,0.0,0.5,0.0,11.9,11.7,1.4,1.3,0.0,0.0,1.0,0.0,0.1,0.0,0.0,2.5
817,110236,11,1,2,1098.4,738.3,958.4,596.2,7.4,4.8,170.4,49.6,88.9,36.1,498.4,377.4,31.6,0.0,32.5,0.0,38.1,37.9,96.6,95.2,0.0,0.0,2.0,0.0,7.4,0.0,0.0,4.8
818,110237,11,1,3,4504.9,1824.9,4269.8,1594.8,35.1,13.1,761.9,28.6,414.8,0.0,2409.4,1293.0,194.7,0.0,198.5,0.0,79.9,79.6,196.5,193.7,7.0,0.0,7.0,0.0,35.1,0.0,0.0,13.1
819,110238,11,1,3,5862.5,3492.9,5585.5,3218.5,44.8,19.2,961.2,156.7,523.6,8.0,3045.0,1684.6,246.1,908.9,251.4,0.0,150.8,150.1,315.4,310.2,81.0,0.0,11.0,0.0,44.8,0.0,0.0,19.2
820,110239,11,1,2,256.8,297.2,141.3,174.6,0.3,1.9,6.1,26.2,3.6,20.0,19.9,20.6,1.3,0.0,1.3,0.0,34.6,34.5,74.4,73.3,0.0,0.0,0.0,0.0,0.3,0.0,0.0,1.9
821,110240,11,1,2,1245.8,1272.8,1076.7,1090.0,6.6,11.2,141.8,135.1,73.9,174.5,409.0,384.9,24.4,0.0,25.2,0.0,111.6,111.2,288.9,284.3,0.0,0.0,2.0,0.0,6.6,0.0,0.0,11.2
822,110241,11,1,3,1188.1,1011.6,1021.9,834.9,6.2,8.2,132.0,95.2,68.9,68.5,382.1,287.8,22.6,0.0,23.3,0.0,123.1,122.6,264.8,260.8,2.0,0.0,3.0,0.0,6.2,0.0,0.0,8.2
823,110242,11,1,4,1477.9,1237.2,1302.9,1065.0,9.1,9.9,192.4,144.6,100.6,97.8,560.6,452.2,34.2,0.0,35.3,0.0,114.3,113.9,260.5,256.5,1.0,0.0,4.0,0.0,9.1,0.0,0.0,9.9
824,110243,11,1,4,7688.5,14784.3,6906.4,13829.6,0.0,135.3,0.0,1539.2,0.0,3798.6,54.0,1778.9,0.0,0.0,0.0,0.0,1761.4,1752.2,5037.0,4960.8,0.0,0.0,54.0,0.0,0.0,0.0,0.0,135.3
825,110244,11,1,4,9632.7,10185.7,8935.8,9442.2,60.2,81.1,1300.4,1269.8,741.9,920.1,3878.5,4281.0,198.3,443.1,202.4,0.0,771.0,767.3,1790.5,1760.9,18.0,0.0,35.0,0.0,60.2,0.0,0.0,81.1
826,110245,11,1,4,8885.6,12054.0,8160.7,11318.7,58.0,64.1,1297.0,1524.9,743.5,263.2,3939.5,4859.6,219.4,0.0,223.7,3010.7,608.1,605.4,1073.4,1054.9,41.0,0.0,15.0,0.0,58.0,0.0,0.0,64.1
827,110246,11,1,4,8805.9,8696.8,8146.8,8031.9,50.8,54.2,1145.0,1161.2,650.5,676.3,3685.2,3675.4,273.7,481.6,279.4,0.0,643.8,639.7,1424.2,1397.7,29.0,0.0,16.0,0.0,50.8,0.0,0.0,54.2
828,110247,11,1,4,7651.6,2915.4,7357.9,2654.0,55.3,17.6,1300.6,7.2,734.7,0.0,4115.2,2159.3,302.8,0.0,308.7,0.0,138.6,138.2,355.3,349.3,87.0,0.0,15.0,0.0,55.3,0.0,0.0,17.6
829,110248,11,1,3,4108.5,1583.5,3913.3,1396.1,28.9,8.9,697.3,3.1,390.1,0.0,2195.8,1137.1,164.8,0.0,168.4,0.0,72.3,72.0,186.6,183.8,29.0,0.0,9.0,0.0,28.9,0.0,0.0,8.9
830,110249,11,1,4,11317.3,9979.7,10581.7,9215.8,68.9,85.5,1394.4,1135.5,785.9,1202.1,4487.1,3697.4,327.4,0.0,333.8,0.0,925.6,921.6,2294.6,2259.2,11.0,0.0,22.0,0.0,68.9,0.0,0.0,85.5
831,110250,11,1,4,7191.4,9815.5,6468.1,9041.8,30.4,78.4,639.4,1594.6,359.9,1175.3,2064.2,3233.8,153.3,0.0,156.4,0.0,946.8,942.2,2130.1,2096.0,4.0,0.0,14.0,0.0,30.4,0.0,0.0,78.4
832,110251,11,1,4,8367.7,9869.3,7595.8,9062.0,45.8,71.3,997.5,1882.1,572.8,848.5,3254.8,4117.3,248.7,7.3,253.6,0.0,722.2,718.9,1512.1,1487.9,11.0,0.0,23.0,0.0,45.8,0.0,0.0,71.3
833,110252,11,1,4,6967.4,12923.8,5906.1,11814.5,30.3,84.8,677.2,3969.9,401.6,559.1,2191.9,5029.4,164.6,0.0,168.0,0.0,917.1,913.1,1364.7,1343.0,10.0,0.0,11.0,0.0,30.3,0.0,0.0,84.8
834,110253,11,1,3,3877.1,2371.9,3685.5,2172.4,28.5,11.0,653.4,76.0,361.6,0.0,2040.9,1143.9,147.5,646.0,150.8,0.0,98.6,98.0,211.7,208.4,6.0,0.0,15.0,0.0,28.5,0.0,0.0,11.0
835,110254,11,1,3,7207.0,3370.1,6920.9,3070.7,49.7,15.1,1141.4,106.5,655.1,2.3,3843.1,1751.4,362.7,767.0,370.3,0.0,137.8,137.4,310.5,306.0,65.0,0.0,35.0,0.0,49.7,0.0,0.0,15.1
836,110255,11,1,4,6475.9,8314.2,5840.1,7622.5,19.5,70.5,395.9,999.0,230.1,1220.8,1243.9,1635.7,70.9,0.0,72.7,0.0,1145.4,1140.4,2666.2,2626.7,2.0,0.0,13.0,0.0,19.5,0.0,0.0,70.5
837,110256,11,1,4,6575.9,10488.6,5940.2,9779.9,23.2,88.8,511.6,1181.8,283.3,2024.1,1450.5,3084.3,65.3,0.0,66.9,0.0,924.2,920.3,2608.5,2569.4,12.0,0.0,18.0,0.0,23.2,0.0,0.0,88.8
838,110257,11,1,4,5134.9,4699.3,4854.8,4406.2,36.3,27.7,841.4,467.6,468.2,101.7,2442.7,2096.9,121.0,0.0,123.5,932.5,276.4,275.4,540.4,532.1,14.0,0.0,27.0,0.0,36.3,0.0,0.0,27.7
839,110258,11,1,3,2943.9,3996.4,2745.9,3789.9,21.3,12.3,527.8,148.5,280.7,0.0,1385.8,1116.0,60.3,0.0,61.6,2176.5,122.4,121.7,231.2,227.2,69.0,0.0,7.0,0.0,21.3,0.0,0.0,12.3
840,110259,11,1,4,5359.6,3325.1,5096.5,3074.0,40.9,19.2,888.5,174.0,489.0,32.7,2800.7,1686.8,204.7,722.0,209.3,0.0,146.1,145.9,317.2,312.4,33.0,0.0,8.0,0.0,40.9,0.0,0.0,19.2
841,110260,11,1,3,4237.3,2920.4,4013.9,2701.4,32.4,15.1,701.2,107.6,393.5,49.3,2174.9,1263.0,156.4,860.8,159.9,27.3,121.5,121.0,276.5,272.4,26.0,0.0,4.0,0.0,32.4,0.0,0.0,15.1
842,110261,11,1,3,5382.6,2256.9,5111.7,1986.5,38.8,13.1,976.9,36.2,497.7,0.0,2791.4,1589.2,180.3,0.0,184.1,0.0,104.7,104.2,260.6,256.9,105.0,0.0,11.0,0.0,38.8,0.0,0.0,13.1
843,110262,11,1,3,1814.5,768.2,1654.9,603.7,12.1,3.7,313.5,1.2,167.0,0.0,924.1,493.0,62.5,0.0,63.9,0.0,30.4,30.2,80.6,79.4,6.0,0.0,7.0,0.0,12.1,0.0,0.0,3.7
844,110263,11,1,4,5924.5,7259.4,5518.7,6823.6,35.0,54.0,753.7,593.8,420.1,771.3,2173.3,2260.9,104.0,0.0,106.3,1340.1,530.3,529.6,1344.9,1327.9,69.0,0.0,17.0,0.0,35.0,0.0,0.0,54.0
845,110264,11,1,4,2688.3,4596.6,2382.9,4265.0,11.7,41.7,252.1,933.3,141.3,684.1,709.1,1448.7,30.3,0.0,31.1,0.0,342.0,341.1,869.9,857.7,3.0,0.0,4.0,0.0,11.7,0.0,0.0,41.7
846,110265,11,1,4,5042.8,3521.9,4751.6,3233.8,35.2,28.9,766.3,209.8,411.5,470.2,2258.2,1553.9,136.2,0.0,139.2,0.0,258.4,257.9,751.8,742.0,26.0,0.0,4.0,0.0,35.2,0.0,0.0,28.9
847,110266,11,1,3,7462.2,4782.1,7068.7,4357.0,52.8,40.2,1072.8,387.2,609.8,471.7,3515.5,2347.9,290.4,0.0,296.5,0.0,317.5,316.9,845.2,833.4,93.0,0.0,28.0,0.0,52.8,0.0,0.0,40.2
848,110267,11,1,3,10467.2,4028.0,10078.4,3642.9,79.5,27.1,1835.9,10.2,1032.3,0.0,5642.2,2953.7,396.5,0.0,404.3,0.0,193.0,192.6,493.1,486.4,54.0,0.0,27.0,0.0,79.5,0.0,0.0,27.1
849,110268,11,1,3,2147.1,2666.3,1984.1,2498.6,14.9,6.8,350.4,101.2,197.1,0.0,1066.9,659.7,73.4,0.0,75.1,1522.5,76.6,76.4,140.7,138.8,1.0,0.0,3.0,0.0,14.9,0.0,0.0,6.8
850,110269,11,1,3,4163.0,2459.8,4004.6,2305.7,33.6,15.2,642.6,84.4,394.2,0.0,2235.4,1162.4,180.5,736.9,184.7,0.0,104.1,104.0,220.9,218.1,35.0,0.0,7.0,0.0,33.6,0.0,0.0,15.2
851,110270,11,1,3,2445.2,913.7,2325.8,793.0,19.6,7.3,388.6,6.3,228.6,0.0,1319.4,640.3,106.6,0.0,109.2,0.0,41.4,41.2,107.0,105.2,19.0,0.0,6.0,0.0,19.6,0.0,0.0,7.3
852,110271,11,1,3,6175.9,3686.8,5863.7,3370.0,46.8,19.1,1062.7,144.9,576.5,3.5,3222.4,1812.8,247.0,949.6,252.6,0.0,148.1,147.9,315.3,311.2,24.0,0.0,15.0,0.0,46.8,0.0,0.0,19.1
853,110272,11,1,2,3775.8,1503.2,3561.4,1303.6,26.1,8.1,676.6,2.6,365.0,0.0,1988.8,1057.5,135.7,0.0,138.2,0.0,68.4,68.6,176.6,174.9,1.0,0.0,11.0,0.0,26.1,0.0,0.0,8.1
854,110273,11,1,3,3117.1,1547.6,2951.6,1381.6,27.6,16.2,534.3,80.9,292.0,22.1,1610.1,1019.4,95.3,0.0,97.6,0.0,74.4,74.5,186.9,184.8,56.0,0.0,5.0,0.0,27.6,0.0,0.0,16.2
855,110274,11,1,4,4943.3,3951.5,4647.5,3632.9,30.7,38.0,624.1,324.0,343.9,499.6,1950.4,1438.1,124.9,0.0,127.7,0.0,389.3,389.5,993.1,981.6,79.0,0.0,15.0,0.0,30.7,0.0,0.0,38.0
856,110275,11,1,3,5687.3,3152.4,5366.0,2820.5,47.6,29.7,955.2,182.9,523.5,117.3,2876.5,1931.8,193.8,0.0,198.1,0.0,174.0,174.1,419.0,414.5,16.0,0.0,10.0,0.0,47.6,0.0,0.0,29.7
857,110276,11,1,3,8143.2,2944.8,7807.9,2609.3,63.9,21.2,1415.0,7.3,763.4,0.0,4370.7,2111.0,352.9,0.0,359.9,0.0,139.0,139.1,355.9,352.0,27.0,0.0,24.0,0.0,63.9,0.0,0.0,21.2
858,110277,11,1,2,5205.9,1758.6,4949.0,1526.3,35.3,9.7,864.3,10.1,471.0,0.0,2787.4,1226.1,257.6,0.0,262.5,0.0,82.6,82.8,208.6,207.2,4.0,0.0,11.0,0.0,35.3,0.0,0.0,9.7
859,110278,11,1,3,107.1,95.4,2.0,0.0,0.0,0.0,0.0,0.0,0.0,0.0,1.0,0.0,0.0,0.0,0.0,0.0,0.0,0.0,0.0,0.0,0.0,0.0,1.0,0.0,0.0,0.0,0.0,0.0
860,110279,11,1,2,1099.2,660.2,965.8,516.5,8.1,5.5,178.1,70.6,91.5,6.7,525.4,345.9,33.9,0.0,35.0,0.0,29.7,29.5,65.2,63.9,4.0,0.0,3.0,0.0,8.1,0.0,0.0,5.5
861,110280,11,1,2,148.1,272.8,27.3,139.3,0.2,1.6,2.5,68.6,1.9,0.0,9.9,61.4,0.3,0.0,0.3,0.0,8.5,8.4,0.9,0.9,0.0,0.0,3.0,0.0,0.2,0.0,0.0,1.6
862,110281,11,1,3,5232.8,4103.1,4886.3,3730.0,28.7,38.8,574.1,358.6,327.1,623.0,1956.2,1105.1,174.1,0.0,177.6,0.0,470.1,469.0,1192.2,1174.3,5.0,0.0,10.0,0.0,28.7,0.0,0.0,38.8
863,110282,11,1,3,4158.7,3012.4,3798.8,2633.5,25.4,26.2,500.8,440.2,273.5,185.4,1616.6,924.3,134.3,0.0,137.1,0.0,366.2,365.0,729.1,718.5,32.0,0.0,9.0,0.0,25.4,0.0,0.0,26.2
864,110283,11,1,4,4463.6,5126.7,4040.1,4684.5,29.2,36.2,604.4,1312.7,341.8,196.1,1863.3,1533.7,108.9,659.8,111.7,0.0,402.1,401.3,588.9,580.8,5.0,0.0,14.0,0.0,29.2,0.0,0.0,36.2
865,110284,11,1,4,5007.7,10667.9,4244.2,9821.2,12.0,90.0,270.0,2164.1,148.6,1380.0,693.2,3145.4,28.6,0.0,29.5,114.6,918.3,914.7,2134.1,2102.5,4.0,0.0,18.0,0.0,12.0,0.0,0.0,90.0
866,110285,11,1,3,7122.9,4645.0,6675.6,4181.6,54.8,37.2,1153.1,667.0,608.2,20.7,3632.1,2112.0,278.0,759.0,284.1,0.0,248.9,248.8,380.3,374.1,75.0,0.0,16.0,0.0,54.8,0.0,0.0,37.2
867,110286,11,1,3,2696.6,6154.2,2014.4,5396.2,0.3,62.9,5.3,1524.7,3.5,656.4,29.3,1273.2,2.4,0.0,2.3,0.0,673.8,672.5,1289.8,1269.4,0.0,0.0,8.0,0.0,0.3,0.0,0.0,62.9
868,110287,11,1,3,11393.4,5992.5,10833.6,5403.8,85.2,55.7,1679.7,624.6,944.1,155.8,5811.6,3451.0,558.1,0.0,569.2,0.0,391.2,391.5,791.6,780.9,43.0,0.0,45.0,0.0,85.2,0.0,0.0,55.7
869,110288,11,1,3,860.0,1604.6,610.7,1336.8,1.1,13.2,22.5,490.3,12.6,124.8,73.2,235.2,5.4,0.0,5.7,0.0,188.7,188.6,301.6,297.9,0.0,0.0,1.0,0.0,1.1,0.0,0.0,13.2
870,110289,11,1,3,4222.4,2411.2,3958.7,2126.6,33.7,23.7,647.1,235.5,356.9,127.1,2089.0,1275.7,170.8,0.0,174.2,0.0,149.7,149.7,343.0,338.6,8.0,0.0,20.0,0.0,33.7,0.0,0.0,23.7
871,110290,11,1,4,4517.9,3191.2,4214.1,2880.0,30.6,29.2,642.0,296.7,340.9,262.9,1939.6,1349.3,137.8,0.0,140.5,0.0,296.4,295.9,683.8,675.1,16.0,0.0,17.0,0.0,30.6,0.0,0.0,29.2
872,110291,11,1,4,5944.4,12387.7,5474.1,11784.0,5.8,100.3,129.9,1039.9,71.5,2682.7,373.7,1072.5,12.2,0.0,12.8,2221.5,1237.3,1234.8,3580.7,3532.5,6.0,0.0,50.0,0.0,5.8,0.0,0.0,100.3
873,110292,11,1,4,2989.6,1537.3,2843.9,1399.6,24.5,13.6,498.0,34.5,287.5,67.1,1546.1,979.4,90.0,0.0,92.1,0.0,87.7,87.4,234.5,231.3,3.0,0.0,5.0,0.0,24.5,0.0,0.0,13.6
874,110293,11,1,3,13076.6,5206.7,12606.5,4722.1,110.8,56.6,2233.2,72.2,1197.9,10.1,7117.4,3761.8,541.0,0.0,551.7,0.0,254.0,254.6,632.2,623.3,34.0,0.0,45.0,0.0,110.8,0.0,0.0,56.6
875,110294,11,1,3,41.6,37.4,0.0,0.0,0.0,0.0,0.0,0.0,0.0,0.0,0.0,0.0,0.0,0.0,0.0,0.0,0.0,0.0,0.0,0.0,0.0,0.0,0.0,0.0,0.0,0.0,0.0,0.0
876,110295,11,1,3,21020.8,20138.6,19568.2,18502.7,142.7,234.8,2834.4,3129.6,1530.8,1633.1,9082.1,7817.6,699.9,1360.5,714.1,0.0,1484.8,1487.1,3126.1,3074.8,27.0,0.0,69.0,0.0,142.7,0.0,0.0,234.8
877,110296,11,1,4,3287.5,9078.7,2337.7,8024.6,0.0,96.8,0.0,2627.5,0.0,1327.3,11.0,1773.4,0.0,0.0,0.0,0.0,792.2,793.9,1523.5,1502.5,0.0,0.0,11.0,0.0,0.0,0.0,0.0,96.8
878,110297,11,1,4,981.7,4033.8,278.1,3296.1,0.0,34.6,0.0,1629.1,0.0,7.9,3.0,1387.2,0.0,0.0,0.0,0.0,246.9,247.2,25.3,24.7,0.0,0.0,3.0,0.0,0.0,0.0,0.0,34.6
879,110298,11,1,4,2142.8,3795.6,1694.9,3313.1,10.3,34.9,209.7,1321.0,128.4,210.1,617.4,1106.9,23.9,0.0,24.8,0.0,311.9,312.4,366.9,362.5,0.0,0.0,12.0,0.0,10.3,0.0,0.0,34.9
880,110299,11,1,4,6294.7,7049.4,5824.1,6504.7,34.6,74.6,682.1,774.2,412.9,964.9,2006.7,2287.3,81.7,22.1,83.6,0.0,707.8,708.2,1769.3,1747.9,46.0,0.0,34.0,0.0,34.6,0.0,0.0,74.6
881,110300,11,1,4,1926.4,6757.7,1160.4,5901.8,0.0,80.1,0.0,2101.1,0.0,517.3,10.0,2148.1,0.0,0.0,0.0,0.0,495.7,497.7,644.7,637.5,0.0,0.0,10.0,0.0,0.0,0.0,0.0,80.1
882,110301,11,1,4,377.5,1687.4,134.7,1425.6,0.0,16.9,0.0,653.8,0.0,10.9,6.0,638.4,0.0,0.0,0.0,0.0,104.1,104.4,18.5,18.0,0.0,0.0,6.0,0.0,0.0,0.0,0.0,16.9
883,110302,11,1,4,7556.9,3864.1,7165.4,3480.6,63.7,42.1,1231.0,232.9,656.1,197.7,3802.6,2199.7,301.1,0.0,307.3,0.0,242.9,244.3,611.3,606.1,6.0,0.0,7.0,0.0,63.7,0.0,0.0,42.1
884,110303,11,1,3,5863.1,3974.0,5590.6,3695.4,51.9,32.7,1021.5,227.2,554.9,48.4,3045.4,1954.3,179.4,892.4,183.5,0.0,177.7,178.2,398.3,394.8,18.0,0.0,12.0,0.0,51.9,0.0,0.0,32.7
885,110304,11,1,3,2628.0,2535.7,2438.6,2335.7,20.9,22.2,404.6,191.9,216.6,128.4,1210.2,1056.6,72.8,538.7,74.6,0.0,128.7,128.7,295.0,291.4,33.0,0.0,3.0,0.0,20.9,0.0,0.0,22.2
886,110305,11,1,3,4287.8,1735.3,4059.2,1492.9,38.4,17.5,763.5,7.9,412.5,0.0,2249.6,1204.3,149.1,0.0,152.5,0.0,78.9,79.4,203.1,201.3,36.0,0.0,14.0,0.0,38.4,0.0,0.0,17.5
887,110306,11,1,3,3888.3,1499.7,3658.3,1248.8,31.2,12.5,669.3,2.6,346.9,0.0,1905.9,1011.0,125.9,0.0,128.7,0.0,66.0,66.2,170.6,169.1,228.0,0.0,17.0,0.0,31.2,0.0,0.0,12.5
888,110307,11,1,3,698.6,3700.4,491.5,3463.2,0.0,27.8,0.0,682.4,0.0,193.9,4.0,630.3,0.0,1106.1,0.0,368.6,185.0,185.9,298.5,296.0,0.0,0.0,4.0,0.0,0.0,0.0,0.0,27.8
889,110308,11,1,3,210.3,815.9,52.7,647.5,0.0,10.6,0.0,324.7,0.0,0.0,2.0,273.9,0.0,0.0,0.0,0.0,46.2,46.4,2.5,2.5,0.0,0.0,2.0,0.0,0.0,0.0,0.0,10.6
890,110309,11,1,3,728.7,2401.6,434.8,2059.1,0.0,33.1,0.0,1004.0,0.0,204.0,17.0,451.1,0.0,0.0,0.0,0.0,198.4,199.2,202.5,200.7,0.0,0.0,17.0,0.0,0.0,0.0,0.0,33.1
891,110310,11,1,3,5085.7,3845.2,4790.6,3513.3,43.3,53.7,808.2,305.2,465.9,262.2,2324.3,2018.7,103.6,0.0,106.1,0.0,274.9,276.7,654.6,650.5,35.0,0.0,18.0,0.0,43.3,0.0,0.0,53.7
892,110311,11,1,3,6716.4,3048.5,6424.2,2715.8,61.7,34.2,1237.3,72.0,673.7,0.0,3540.1,2154.5,193.7,0.0,197.7,0.0,141.2,141.9,349.5,347.5,39.0,0.0,52.0,0.0,61.7,0.0,0.0,34.2
893,110312,11,1,3,1140.2,3207.2,805.7,2810.8,0.0,45.7,0.0,1247.8,0.0,301.4,20.0,494.1,0.0,0.0,0.0,0.0,318.3,320.9,447.4,446.5,0.0,0.0,20.0,0.0,0.0,0.0,0.0,45.7
894,110313,11,1,3,10784.4,4362.6,10358.7,3917.2,99.3,57.1,1920.9,49.8,1007.9,32.3,5748.2,3057.7,397.4,0.0,405.1,0.0,215.6,218.2,557.5,559.3,62.0,0.0,44.0,0.0,99.3,0.0,0.0,57.1
895,110314,11,1,3,2989.0,1352.7,2800.2,1151.5,25.2,12.6,517.3,34.3,265.2,6.6,1552.4,906.7,109.1,0.0,111.4,0.0,58.5,59.0,145.3,144.8,27.0,0.0,14.0,0.0,25.2,0.0,0.0,12.6
896,110315,11,1,3,3499.5,1359.4,3275.1,1148.7,25.9,9.3,566.3,36.2,316.2,0.0,1846.0,924.5,171.4,0.0,174.7,0.0,54.8,55.1,133.8,132.9,3.0,0.0,9.0,0.0,25.9,0.0,0.0,9.3
897,110316,11,1,2,41.5,41.9,0.0,0.0,0.0,0.0,0.0,0.0,0.0,0.0,0.0,0.0,0.0,0.0,0.0,0.0,0.0,0.0,0.0,0.0,0.0,0.0,0.0,0.0,0.0,0.0,0.0,0.0
898,110317,11,1,1,103.6,99.8,2.0,0.0,0.0,0.0,0.0,0.0,0.0,0.0,1.0,0.0,0.0,0.0,0.0,0.0,0.0,0.0,0.0,0.0,0.0,0.0,1.0,0.0,0.0,0.0,0.0,0.0
899,110318,11,1,2,150.3,138.8,12.0,0.0,0.0,0.0,0.0,0.0,0.0,0.0,6.0,0.0,0.0,0.0,0.0,0.0,0.0,0.0,0.0,0.0,0.0,0.0,6.0,0.0,0.0,0.0,0.0,0.0
900,110319,11,1,2,143.7,121.8,8.9,13.5,0.0,0.0,0.0,4.6,0.0,0.0,3.0,5.8,0.0,0.0,0.0,0.0,1.2,1.3,1.7,1.8,0.0,0.0,3.0,0.0,0.0,0.0,0.0,0.0
901,110320,11,1,2,136.8,126.4,0.0,0.0,0.0,0.0,0.0,0.0,0.0,0.0,0.0,0.0,0.0,0.0,0.0,0.0,0.0,0.0,0.0,0.0,0.0,0.0,0.0,0.0,0.0,0.0,0.0,0.0
902,110321,11,1,2,107.0,93.2,0.0,0.0,0.0,0.0,0.0,0.0,0.0,0.0,0.0,0.0,0.0,0.0,0.0,0.0,0.0,0.0,0.0,0.0,0.0,0.0,0.0,0.0,0.0,0.0,0.0,0.0
903,110322,11,1,2,178.4,139.3,55.2,22.8,0.4,0.3,10.3,0.0,5.2,0.0,32.5,20.2,2.2,0.0,2.4,0.0,0.5,0.5,2.1,2.2,0.0,0.0,0.0,0.0,0.4,0.0,0.0,0.3
904,110323,11,1,3,253.0,129.8,149.5,58.5,0.6,0.1,27.4,1.0,14.6,0.0,86.8,50.5,6.2,0.0,6.3,0.0,1.4,1.4,5.8,5.6,0.0,0.0,1.0,0.0,0.6,0.0,0.0,0.1
905,110324,11,1,2,133.5,112.0,0.0,0.0,0.0,0.0,0.0,0.0,0.0,0.0,0.0,0.0,0.0,0.0,0.0,0.0,0.0,0.0,0.0,0.0,0.0,0.0,0.0,0.0,0.0,0.0,0.0,0.0
906,350001,35,1,2,72.3,36.3,68.0,0.0,0.0,0.0,0.0,0.0,0.0,0.0,34.0,0.0,0.0,0.0,0.0,0.0,0.0,0.0,0.0,0.0,0.0,0.0,34.0,0.0,0.0,0.0,0.0,0.0
907,350002,35,1,2,1032.2,3288.4,585.3,2773.3,0.0,67.9,0.0,1677.9,0.0,58.8,2.0,453.3,0.0,0.0,0.0,0.0,357.8,361.1,223.5,222.2,0.0,0.0,2.0,0.0,0.0,0.0,0.0,67.9
908,350003,35,1,2,292.8,854.4,172.0,724.1,0.0,11.3,0.0,451.9,0.0,10.7,0.0,89.1,0.0,0.0,0.0,0.0,101.9,103.1,70.1,69.3,0.0,0.0,0.0,0.0,0.0,0.0,0.0,11.3
909,350004,35,1,1,160.4,352.9,65.0,257.1,0.0,3.9,0.0,161.7,0.0,5.9,0.0,24.7,0.0,0.0,0.0,0.0,36.9,37.2,28.1,27.5,0.0,0.0,0.0,0.0,0.0,0.0,0.0,3.9
910,350005,35,1,1,74.6,73.9,0.0,0.0,0.0,0.0,0.0,0.0,0.0,0.0,0.0,0.0,0.0,0.0,0.0,0.0,0.0,0.0,0.0,0.0,0.0,0.0,0.0,0.0,0.0,0.0,0.0,0.0
911,350006,35,1,2,1001.6,3037.7,585.4,2570.3,0.0,54.9,0.0,1632.2,0.0,27.5,1.0,328.7,0.0,0.0,0.0,0.0,360.1,362.6,223.4,219.2,0.0,0.0,1.0,0.0,0.0,0.0,0.0,54.9
912,350007,35,1,2,105.7,99.9,0.0,0.0,0.0,0.0,0.0,0.0,0.0,0.0,0.0,0.0,0.0,0.0,0.0,0.0,0.0,0.0,0.0,0.0,0.0,0.0,0.0,0.0,0.0,0.0,0.0,0.0
913,350008,35,1,1,113.1,115.3,0.0,0.0,0.0,0.0,0.0,0.0,0.0,0.0,0.0,0.0,0.0,0.0,0.0,0.0,0.0,0.0,0.0,0.0,0.0,0.0,0.0,0.0,0.0,0.0,0.0,0.0
914,350009,35,1,2,80.8,95.2,2.2,27.5,0.0,0.8,0.0,25.3,0.0,0.0,0.0,0.0,0.0,0.0,0.0,0.0,2.2,2.2,0.0,0.0,0.0,0.0,0.0,0.0,0.0,0.0,0.0,0.8
915,350010,35,1,1,112.7,114.6,0.0,0.0,0.0,0.0,0.0,0.0,0.0,0.0,0.0,0.0,0.0,0.0,0.0,0.0,0.0,0.0,0.0,0.0,0.0,0.0,0.0,0.0,0.0,0.0,0.0,0.0
916,350011,35,1,2,110.9,101.5,0.0,0.0,0.0,0.0,0.0,0.0,0.0,0.0,0.0,0.0,0.0,0.0,0.0,0.0,0.0,0.0,0.0,0.0,0.0,0.0,0.0,0.0,0.0,0.0,0.0,0.0
917,350012,35,1,3,112.7,106.5,0.0,0.0,0.0,0.0,0.0,0.0,0.0,0.0,0.0,0.0,0.0,0.0,0.0,0.0,0.0,0.0,0.0,0.0,0.0,0.0,0.0,0.0,0.0,0.0,0.0,0.0
918,350013,35,1,1,114.2,92.9,0.0,0.0,0.0,0.0,0.0,0.0,0.0,0.0,0.0,0.0,0.0,0.0,0.0,0.0,0.0,0.0,0.0,0.0,0.0,0.0,0.0,0.0,0.0,0.0,0.0,0.0
919,350014,35,1,1,113.7,103.0,0.0,0.0,0.0,0.0,0.0,0.0,0.0,0.0,0.0,0.0,0.0,0.0,0.0,0.0,0.0,0.0,0.0,0.0,0.0,0.0,0.0,0.0,0.0,0.0,0.0,0.0
920,350015,35,1,1,113.8,96.4,0.0,0.0,0.0,0.0,0.0,0.0,0.0,0.0,0.0,0.0,0.0,0.0,0.0,0.0,0.0,0.0,0.0,0.0,0.0,0.0,0.0,0.0,0.0,0.0,0.0,0.0
921,350016,35,1,1,113.7,96.9,0.0,0.0,0.0,0.0,0.0,0.0,0.0,0.0,0.0,0.0,0.0,0.0,0.0,0.0,0.0,0.0,0.0,0.0,0.0,0.0,0.0,0.0,0.0,0.0,0.0,0.0
922,350017,35,1,1,114.5,87.2,0.0,0.0,0.0,0.0,0.0,0.0,0.0,0.0,0.0,0.0,0.0,0.0,0.0,0.0,0.0,0.0,0.0,0.0,0.0,0.0,0.0,0.0,0.0,0.0,0.0,0.0
923,350018,35,1,1,114.7,104.8,0.0,0.0,0.0,0.0,0.0,0.0,0.0,0.0,0.0,0.0,0.0,0.0,0.0,0.0,0.0,0.0,0.0,0.0,0.0,0.0,0.0,0.0,0.0,0.0,0.0,0.0
924,350019,35,1,1,1225.4,1494.9,2.0,281.8,0.0,0.8,0.0,281.8,0.0,0.0,1.0,0.0,0.0,0.0,0.0,0.0,0.0,0.0,0.0,0.0,0.0,0.0,1.0,0.0,0.0,0.0,0.0,0.8
925,350020,35,1,1,840.0,2161.2,228.4,1554.5,0.0,7.9,0.0,1274.5,0.0,3.3,1.0,50.4,0.0,0.0,0.0,0.0,197.4,197.9,29.0,28.3,0.0,0.0,1.0,0.0,0.0,0.0,0.0,7.9
926,350021,35,1,1,3392.0,2210.3,3184.0,2010.1,19.2,10.5,556.6,270.3,300.8,61.8,1617.2,1185.1,101.4,0.0,103.3,0.0,172.8,172.9,325.9,319.9,2.0,0.0,4.0,0.0,19.2,0.0,0.0,10.5
927,350022,35,1,1,77.8,163.1,5.0,93.4,0.0,0.5,0.0,43.1,0.0,0.0,0.0,45.3,0.0,0.0,0.0,0.0,4.9,4.9,0.1,0.1,0.0,0.0,0.0,0.0,0.0,0.0,0.0,0.5
928,350023,35,1,1,68.9,95.8,4.0,39.1,0.0,0.1,0.0,34.3,0.0,0.0,0.0,0.9,0.0,0.0,0.0,0.0,3.9,3.8,0.1,0.1,0.0,0.0,0.0,0.0,0.0,0.0,0.0,0.1
929,350024,35,1,1,115.7,170.8,6.3,58.9,0.0,0.3,0.0,52.7,0.0,0.0,0.0,0.0,0.0,0.0,0.0,0.0,6.3,6.2,0.0,0.0,0.0,0.0,0.0,0.0,0.0,0.0,0.0,0.3
930,350025,35,1,1,721.9,2135.8,394.6,1805.6,0.0,8.0,0.0,1166.5,0.0,22.1,1.0,226.8,0.0,0.0,0.0,0.0,248.3,248.0,144.4,142.1,0.0,0.0,1.0,0.0,0.0,0.0,0.0,8.0
931,350026,35,1,2,310.8,864.5,82.9,639.3,0.0,3.0,0.0,556.3,0.0,0.0,0.0,0.0,0.0,0.0,0.0,0.0,82.9,83.0,0.0,0.0,0.0,0.0,0.0,0.0,0.0,0.0,0.0,3.0
932,350027,35,1,2,116.3,110.0,0.0,0.1,0.0,0.0,0.0,0.1,0.0,0.0,0.0,0.0,0.0,0.0,0.0,0.0,0.0,0.0,0.0,0.0,0.0,0.0,0.0,0.0,0.0,0.0,0.0,0.0
933,350028,35,1,2,2488.5,1148.7,2325.3,988.5,14.8,3.3,460.3,3.0,220.8,0.0,1292.0,831.5,93.5,0.0,95.6,0.0,43.1,43.0,112.9,111.1,1.0,0.0,6.0,0.0,14.8,0.0,0.0,3.3
934,350029,35,1,2,1857.9,870.7,1707.9,742.8,9.3,2.0,342.6,1.7,170.3,0.0,941.7,625.0,65.6,0.0,67.3,0.0,32.3,32.2,85.2,83.8,0.0,0.0,3.0,0.0,9.3,0.0,0.0,2.0
935,350030,35,1,2,117.5,97.1,0.0,0.0,0.0,0.0,0.0,0.0,0.0,0.0,0.0,0.0,0.0,0.0,0.0,0.0,0.0,0.0,0.0,0.0,0.0,0.0,0.0,0.0,0.0,0.0,0.0,0.0
936,350031,35,1,2,993.2,458.7,857.8,323.7,4.4,0.9,164.2,1.3,87.4,0.0,477.8,274.9,37.9,0.0,39.0,0.0,12.5,12.6,36.0,34.9,0.0,0.0,3.0,0.0,4.4,0.0,0.0,0.9
937,350032,35,1,3,108.0,105.3,0.0,0.0,0.0,0.0,0.0,0.0,0.0,0.0,0.0,0.0,0.0,0.0,0.0,0.0,0.0,0.0,0.0,0.0,0.0,0.0,0.0,0.0,0.0,0.0,0.0,0.0
938,350033,35,1,2,673.8,316.2,544.6,199.8,2.4,0.4,101.8,0.1,53.1,0.0,301.4,171.2,25.8,0.0,26.4,0.0,7.2,7.1,21.9,21.4,6.0,0.0,1.0,0.0,2.4,0.0,0.0,0.4
939,350034,35,1,2,1350.6,3509.5,992.5,3122.3,4.6,34.5,94.9,854.0,50.0,164.8,274.9,1567.3,15.1,0.0,15.6,0.0,207.4,209.5,326.6,326.7,0.0,0.0,8.0,0.0,4.6,0.0,0.0,34.5
940,350035,35,1,2,253.5,908.3,155.4,795.8,0.0,7.2,0.0,191.3,0.0,53.0,14.0,423.4,0.0,0.0,0.0,0.0,50.4,50.8,77.0,77.3,0.0,0.0,14.0,0.0,0.0,0.0,0.0,7.2
941,350036,35,1,3,2520.0,2354.5,2411.3,2203.2,22.4,18.8,425.1,181.2,222.0,0.0,1243.9,871.7,70.6,0.0,72.3,818.4,120.9,122.5,208.5,209.5,5.0,0.0,43.0,0.0,22.4,0.0,0.0,18.8
942,350037,35,1,2,1426.6,4409.0,1092.7,3994.6,0.0,82.5,0.0,1776.9,0.0,0.7,4.0,1148.8,0.0,0.0,0.0,0.0,555.4,558.5,529.3,509.7,0.0,0.0,4.0,0.0,0.0,0.0,0.0,82.5
943,350038,35,1,2,45.5,55.7,6.9,23.2,0.0,0.7,0.0,15.0,0.0,0.7,0.0,0.9,0.0,0.0,0.0,0.0,3.0,3.0,3.9,3.7,0.0,0.0,0.0,0.0,0.0,0.0,0.0,0.7
944,350039,35,1,3,980.6,3140.3,618.7,2731.2,0.0,39.8,0.0,736.6,0.0,252.7,6.0,1129.9,0.0,0.0,0.0,0.0,220.7,223.8,386.0,388.3,0.0,0.0,6.0,0.0,0.0,0.0,0.0,39.8
945,350040,35,1,2,550.3,1675.6,324.5,1416.5,0.0,19.0,0.0,500.3,0.0,115.4,14.0,501.5,0.0,0.0,0.0,0.0,127.0,128.4,169.5,170.8,0.0,0.0,14.0,0.0,0.0,0.0,0.0,19.0
946,350041,35,1,3,686.9,1878.3,370.5,1544.2,0.0,16.5,0.0,432.3,0.0,166.0,9.0,588.1,0.0,0.0,0.0,0.0,127.8,129.9,224.7,227.9,0.0,0.0,9.0,0.0,0.0,0.0,0.0,16.5
947,350042,35,1,3,4934.4,9991.5,6030.6,8274.0,0.0,70.5,0.0,2820.9,0.0,15.3,2744.0,4890.2,0.0,0.0,0.0,0.0,457.5,462.4,85.1,85.2,0.0,0.0,2744.0,0.0,0.0,0.0,0.0,70.5
948,350043,35,1,2,483.6,1633.8,277.5,1380.4,0.5,21.7,8.0,368.1,4.4,70.9,45.8,747.1,0.7,0.0,0.7,0.0,80.9,81.9,112.0,112.5,0.0,0.0,25.0,0.0,0.5,0.0,0.0,21.7
949,350044,35,1,3,817.2,1806.1,645.4,1615.2,2.6,18.8,53.3,383.3,28.3,206.5,139.4,614.2,4.5,0.0,4.9,0.0,121.4,123.3,283.6,287.9,5.0,0.0,5.0,0.0,2.6,0.0,0.0,18.8
950,350045,35,1,3,252.2,953.2,129.6,818.1,0.0,17.4,0.0,222.6,0.0,50.7,1.0,417.1,0.0,0.0,0.0,0.0,56.9,57.4,70.7,70.2,0.0,0.0,1.0,0.0,0.0,0.0,0.0,17.4
951,350046,35,1,3,17470.3,6282.4,16931.3,5743.4,173.4,89.8,2876.1,87.9,1611.3,56.5,9303.5,3995.1,859.9,476.1,877.2,0.0,317.9,323.2,796.3,804.5,239.0,0.0,50.0,0.0,173.4,0.0,0.0,89.8
952,350047,35,1,3,1688.2,953.6,1586.9,847.6,16.5,14.7,272.9,72.6,160.2,21.5,849.0,572.9,59.2,0.0,60.8,0.0,55.6,56.4,123.2,124.2,4.0,0.0,2.0,0.0,16.5,0.0,0.0,14.7
953,350048,35,1,3,321.2,1330.7,208.2,1203.9,0.0,12.1,0.0,236.1,0.0,28.5,0.0,297.7,0.0,430.3,0.0,0.0,88.5,90.0,119.7,121.2,0.0,0.0,0.0,0.0,0.0,0.0,0.0,12.1
954,350049,35,1,1,38.4,29.4,2.0,0.0,0.0,0.0,0.0,0.0,0.0,0.0,1.0,0.0,0.0,0.0,0.0,0.0,0.0,0.0,0.0,0.0,0.0,0.0,1.0,0.0,0.0,0.0,0.0,0.0
955,350050,35,1,2,66.5,141.3,20.4,97.9,0.0,2.6,0.0,74.9,0.0,0.6,1.0,4.2,0.0,0.0,0.0,0.0,12.9,12.9,5.5,5.3,0.0,0.0,1.0,0.0,0.0,0.0,0.0,2.6
956,350051,35,1,2,462.9,1548.8,196.3,1249.5,0.0,31.5,0.0,1017.7,0.0,3.2,1.0,32.2,0.0,0.0,0.0,0.0,167.1,169.6,27.1,26.9,0.0,0.0,1.0,0.0,0.0,0.0,0.0,31.5
957,350052,35,1,2,2606.7,9883.0,1239.8,8336.8,0.0,157.4,0.0,4682.7,0.0,266.6,3.0,2155.8,0.0,0.0,0.0,0.0,816.4,821.0,417.3,410.7,0.0,0.0,3.0,0.0,0.0,0.0,0.0,157.4
958,350053,35,1,3,5245.6,20178.3,1517.5,15928.8,0.0,373.7,0.0,7460.7,0.0,70.6,108.0,7086.5,0.0,0.0,0.0,0.0,1135.9,1146.6,165.7,164.4,0.0,0.0,108.0,0.0,0.0,0.0,0.0,373.7
959,350054,35,1,3,1652.3,5759.3,896.1,4823.7,0.0,91.0,0.0,2248.9,0.0,140.2,86.0,1700.8,0.0,0.0,0.0,0.0,428.5,435.4,295.6,298.5,0.0,0.0,86.0,0.0,0.0,0.0,0.0,91.0
960,350055,35,1,3,8425.8,6070.0,8053.4,5596.6,77.9,96.3,1300.4,387.0,700.1,440.0,3969.4,2407.2,299.0,850.7,305.3,122.8,384.2,391.5,984.0,997.5,42.0,0.0,69.0,0.0,77.9,0.0,0.0,96.3
961,350056,35,1,3,7666.5,4657.2,7356.1,4340.6,79.5,57.4,1332.3,219.7,757.2,6.8,3994.4,2286.5,267.1,548.2,272.7,567.5,227.2,231.7,472.2,480.1,22.0,0.0,11.0,0.0,79.5,0.0,0.0,57.4
962,350057,35,1,3,4723.2,2311.0,4507.7,2080.1,50.2,36.8,856.1,43.7,458.1,66.5,2408.1,1484.4,133.2,0.0,136.3,0.0,131.5,134.0,345.5,351.5,24.0,0.0,15.0,0.0,50.2,0.0,0.0,36.8
963,350058,35,1,3,2481.7,7682.9,1494.5,6575.0,1.9,98.6,34.2,2916.2,18.5,340.5,110.8,1985.9,3.1,0.0,3.4,0.0,601.4,614.2,702.2,718.2,0.0,0.0,21.0,0.0,1.9,0.0,0.0,98.6
964,350059,35,1,4,4995.4,2241.1,4732.3,1985.7,46.9,20.6,1026.1,7.3,494.8,0.0,2531.9,1580.1,124.0,0.0,126.4,0.0,108.9,111.6,279.2,286.7,14.0,0.0,27.0,0.0,46.9,0.0,0.0,20.6
965,350060,35,1,3,8907.5,67286.4,3266.6,95677.3,0.0,421.3,0.0,11505.4,0.0,258.3,8.0,46121.5,0.0,0.0,0.0,0.0,2144.4,2174.3,1106.3,1113.9,0.0,0.0,8.0,34504.0,0.0,0.0,0.0,421.3
966,350061,35,1,4,2299.4,1103.3,2196.3,995.7,22.3,18.7,368.3,55.5,207.1,52.4,1148.3,593.5,80.2,0.0,82.1,0.0,81.6,83.2,207.7,211.0,13.0,0.0,8.0,0.0,22.3,0.0,0.0,18.7
967,350062,35,1,3,3480.7,1841.8,3299.1,1613.4,35.1,31.5,613.2,139.2,316.8,24.5,1712.1,1041.1,99.5,0.0,102.0,0.0,129.3,131.9,272.1,276.7,16.0,0.0,38.0,0.0,35.1,0.0,0.0,31.5
968,350063,35,1,3,3417.6,2005.4,3248.8,1824.8,38.0,35.9,650.4,26.2,381.2,33.8,1659.1,1308.9,48.6,0.0,50.0,0.0,127.2,129.6,320.2,326.1,7.0,0.0,5.0,0.0,38.0,0.0,0.0,35.9
969,350064,35,1,3,4487.7,2229.2,4270.7,1996.4,48.5,28.0,781.2,68.2,415.2,0.0,2341.2,1110.4,192.6,491.7,196.8,0.0,100.0,102.2,219.9,224.0,4.0,0.0,20.0,0.0,48.5,0.0,0.0,28.0
970,350065,35,1,4,2883.7,2869.1,2705.3,2643.4,27.4,49.9,438.9,40.5,264.0,43.6,1194.3,1941.7,72.8,0.0,74.4,0.0,171.5,175.2,432.5,442.4,38.0,0.0,19.0,0.0,27.4,0.0,0.0,49.9
971,350066,35,1,4,3737.1,2647.9,3523.3,2420.2,37.7,39.4,714.0,144.0,366.3,83.1,1751.7,1645.3,62.3,0.0,63.7,0.0,154.1,157.9,379.2,389.8,19.0,0.0,13.0,0.0,37.7,0.0,0.0,39.4
972,350067,35,1,4,2365.5,3048.1,2089.0,2737.0,16.4,40.6,313.3,732.5,165.1,182.7,795.0,1068.2,27.8,0.0,28.5,0.0,257.6,263.5,478.5,490.0,12.0,0.0,11.0,0.0,16.4,0.0,0.0,40.6
973,350068,35,1,4,5721.7,2712.6,5479.8,2480.0,60.0,35.3,1125.6,7.6,610.6,0.0,2951.3,1956.7,114.9,0.0,117.5,0.0,140.2,144.4,359.7,371.2,49.0,0.0,11.0,0.0,60.0,0.0,0.0,35.3
974,350069,35,1,4,8165.9,4981.4,7751.1,4558.8,77.0,47.2,1646.9,250.1,827.7,56.4,4012.5,2879.1,166.2,495.0,169.9,0.0,259.9,266.8,594.0,611.3,37.0,0.0,37.0,0.0,77.0,0.0,0.0,47.2
975,350070,35,1,2,183.9,584.4,71.6,461.7,0.0,12.1,0.0,380.7,0.0,0.8,1.0,10.2,0.0,0.0,0.0,0.0,61.2,61.8,8.4,8.2,0.0,0.0,1.0,0.0,0.0,0.0,0.0,12.1
976,350071,35,1,2,323.6,1033.7,229.5,920.8,0.0,23.4,0.0,242.4,0.0,99.5,1.0,350.8,0.0,0.0,0.0,0.0,80.1,81.0,147.4,147.1,0.0,0.0,1.0,0.0,0.0,0.0,0.0,23.4
977,350072,35,1,3,2848.1,9466.6,1466.0,7826.5,0.0,200.2,0.0,5201.3,0.0,569.1,40.0,666.8,0.0,0.0,0.0,0.0,887.9,896.5,498.0,492.9,0.0,0.0,40.0,0.0,0.0,0.0,0.0,200.2
978,350073,35,1,3,16725.5,47937.7,13185.0,42051.3,0.0,1088.9,0.0,12588.5,0.0,4341.4,1215.0,14393.3,0.0,0.0,0.0,0.0,4051.8,4094.9,6703.2,6633.1,0.0,0.0,1215.0,0.0,0.0,0.0,0.0,1088.9
979,350074,35,1,4,3431.8,11516.1,2431.9,9769.1,0.0,198.7,0.0,6803.7,0.0,70.8,542.0,1526.1,0.0,0.0,0.0,0.0,928.1,943.5,419.8,424.9,0.0,0.0,542.0,0.0,0.0,0.0,0.0,198.7
980,350075,35,1,4,9789.3,4424.5,9414.5,4015.6,91.7,81.1,1404.5,279.3,831.1,195.8,4816.0,2102.6,445.9,0.0,454.7,0.0,433.6,441.6,981.7,996.2,5.0,0.0,42.0,0.0,91.7,0.0,0.0,81.1
981,350076,35,1,4,4683.7,4046.7,4415.0,3751.5,44.5,56.8,801.2,357.3,435.0,104.5,2153.4,1895.4,89.6,557.0,91.8,0.0,267.1,272.9,553.8,564.3,12.0,0.0,11.0,0.0,44.5,0.0,0.0,56.8
982,350077,35,1,3,3422.7,2449.9,3243.0,2236.4,31.2,46.0,503.3,83.0,267.1,432.8,1462.0,894.5,90.8,0.0,93.1,0.0,182.1,186.3,625.8,639.7,5.0,0.0,14.0,0.0,31.2,0.0,0.0,46.0
983,350078,35,1,4,2422.0,1051.0,2246.5,883.1,22.5,10.5,462.4,1.9,248.9,0.0,1170.1,702.6,48.8,0.0,50.0,0.0,48.4,49.7,125.9,129.0,81.0,0.0,11.0,0.0,22.5,0.0,0.0,10.5
984,350079,35,1,4,19200.9,18973.1,18224.8,17591.5,160.7,364.1,2846.8,3271.7,1492.8,437.6,7985.7,8320.6,377.1,592.7,384.6,0.0,1821.7,1859.6,3056.0,3109.3,69.0,0.0,191.0,0.0,160.7,0.0,0.0,364.1
985,350080,35,1,4,8144.7,9541.0,7601.3,8794.5,62.1,178.6,1159.6,1642.2,611.3,317.9,2906.7,4207.8,101.5,0.0,103.7,0.0,939.2,959.8,1633.2,1666.6,64.0,0.0,82.0,0.0,62.1,0.0,0.0,178.6
986,350081,35,1,4,3600.7,4186.9,3308.3,3822.2,26.5,73.0,475.2,673.3,251.0,239.8,1298.9,1743.6,56.2,0.0,57.6,0.0,381.6,390.7,755.8,774.7,6.0,0.0,26.0,0.0,26.5,0.0,0.0,73.0
987,350082,35,1,4,5054.9,2073.5,4833.8,1862.3,54.8,32.5,945.9,4.7,502.7,0.0,2663.4,1480.7,157.0,0.0,160.1,0.0,103.4,105.4,265.2,271.5,26.0,0.0,10.0,0.0,54.8,0.0,0.0,32.5
988,350083,35,1,4,5389.3,4688.9,5125.2,4313.2,40.0,80.8,708.4,338.9,371.8,570.8,2009.4,1609.6,93.5,0.0,95.6,0.0,486.4,498.7,1261.1,1295.1,29.0,0.0,70.0,0.0,40.0,0.0,0.0,80.8
989,350084,35,1,4,5229.1,1974.4,5044.5,1782.7,55.3,32.6,811.5,151.6,479.9,5.6,2827.2,1260.1,263.8,0.0,269.0,0.0,112.6,115.4,244.4,250.1,8.0,0.0,28.0,0.0,55.3,0.0,0.0,32.6
990,350085,35,1,4,3099.7,2948.2,2834.3,2646.6,26.4,47.0,498.5,418.9,252.3,111.5,1202.2,1391.3,40.6,0.0,41.7,0.0,231.7,237.9,473.2,486.9,77.0,0.0,17.0,0.0,26.4,0.0,0.0,47.0
991,350086,35,1,4,2996.2,2629.0,2652.4,2269.8,30.8,41.6,554.4,429.1,282.2,6.5,1338.1,1466.3,47.2,0.0,48.2,0.0,142.1,145.4,217.2,222.6,18.0,0.0,5.0,0.0,30.8,0.0,0.0,41.6
992,350087,35,1,4,8745.9,7023.1,8320.0,6451.1,86.7,113.7,1611.4,793.6,819.8,316.2,3961.1,3793.4,128.6,0.0,131.0,0.0,436.6,449.1,1065.4,1098.8,52.0,0.0,114.0,0.0,86.7,0.0,0.0,113.7
993,350088,35,1,4,2773.7,2084.3,2539.8,1846.0,28.5,30.3,531.8,272.8,277.5,5.5,1301.4,1234.6,44.3,0.0,45.5,0.0,118.3,121.2,205.9,211.9,13.0,0.0,2.0,0.0,28.5,0.0,0.0,30.3
994,350089,35,1,4,3428.8,7642.7,3149.6,7314.4,25.3,58.4,475.4,632.6,242.8,143.7,1165.8,1632.0,40.9,0.0,42.1,3764.0,393.8,404.9,715.7,737.0,55.0,0.0,18.0,0.0,25.3,0.0,0.0,58.4
995,350090,35,1,5,7425.8,4611.8,7141.2,4278.1,74.4,60.7,1425.1,122.9,828.9,43.5,3588.1,3126.8,90.4,0.0,92.2,0.0,279.5,287.3,676.0,697.7,105.0,0.0,56.0,0.0,74.4,0.0,0.0,60.7
996,350091,35,1,4,4744.3,3886.6,4482.5,3607.6,47.7,50.1,891.5,227.0,471.0,88.8,2238.8,2059.4,77.0,518.1,79.0,0.0,210.2,215.9,484.0,498.5,17.0,0.0,14.0,0.0,47.7,0.0,0.0,50.1
997,350092,35,1,4,3549.4,2227.4,3376.1,2048.7,36.9,31.6,709.1,46.5,377.7,15.5,1702.5,1554.9,53.9,0.0,55.2,0.0,120.0,123.2,299.6,308.5,49.0,0.0,9.0,0.0,36.9,0.0,0.0,31.6
998,350093,35,1,5,3866.8,2965.3,3625.6,2705.8,37.0,37.8,737.5,256.0,385.9,42.0,1741.0,1802.6,52.4,0.0,53.8,0.0,188.6,193.8,398.3,411.3,50.0,0.0,18.0,0.0,37.0,0.0,0.0,37.8
999,350094,35,1,4,2190.8,5962.0,1829.4,5513.0,0.0,75.4,0.0,1509.7,0.0,428.4,13.0,1717.0,0.0,0.0,0.0,0.0,671.4,690.0,1132.0,1167.9,0.0,0.0,13.0,0.0,0.0,0.0,0.0,75.4
1000,350095,35,1,4,6242.4,13767.8,5010.0,12371.6,25.1,160.7,483.2,4615.1,253.0,433.0,1261.4,4351.2,53.6,0.0,55.0,0.0,1184.8,1219.6,1698.0,1752.8,5.0,0.0,16.0,0.0,25.1,0.0,0.0,160.7
1001,350096,35,1,4,4527.4,3439.1,4290.0,3177.9,39.4,46.8,761.3,115.7,389.2,396.5,1888.8,1587.9,69.5,0.0,71.1,0.0,261.3,269.2,782.7,808.4,53.0,0.0,13.0,0.0,39.4,0.0,0.0,46.8
1002,350097,35,1,4,3880.8,1835.0,3683.2,1644.7,39.9,22.0,775.6,4.1,409.3,0.0,1984.8,1299.6,78.9,0.0,80.6,0.0,92.6,95.2,238.4,245.8,16.0,0.0,7.0,0.0,39.9,0.0,0.0,22.0
1003,350098,35,1,4,4545.1,2567.0,4339.0,2360.3,46.6,33.6,907.4,13.1,480.2,17.8,2210.5,1827.4,72.9,0.0,74.6,0.0,135.2,138.9,352.1,363.0,99.0,0.0,7.0,0.0,46.6,0.0,0.0,33.6
1004,350099,35,1,3,3165.9,1604.7,2962.8,1403.1,32.7,20.5,648.8,10.5,318.4,2.7,1552.2,1098.0,59.8,0.0,61.4,0.0,79.5,81.7,203.7,210.2,35.0,0.0,4.0,0.0,32.7,0.0,0.0,20.5
1005,350100,35,1,3,480.3,300.0,343.2,155.0,3.5,2.4,71.4,0.1,34.7,0.0,162.3,124.4,5.4,0.0,5.5,0.0,7.6,7.8,22.2,22.8,31.0,0.0,3.0,0.0,3.5,0.0,0.0,2.4
1006,350101,35,1,4,6086.5,2668.1,5765.8,2358.3,52.9,32.9,990.3,181.7,523.3,100.1,2820.5,1510.8,225.1,0.0,229.6,0.0,162.0,166.3,390.1,399.3,410.0,0.0,15.0,0.0,52.9,0.0,0.0,32.9
1007,350102,35,1,4,14960.7,57786.6,9488.2,51658.3,0.0,556.8,0.0,26544.0,0.0,17.8,66.0,15550.0,0.0,0.0,0.0,0.0,4782.2,4888.0,4573.9,4658.5,0.0,0.0,66.0,0.0,0.0,0.0,0.0,556.8
1008,350103,35,1,2,38.2,37.4,2.1,3.4,0.0,0.2,0.0,1.5,0.0,0.0,1.0,1.8,0.0,0.0,0.0,0.0,0.1,0.1,0.0,0.0,0.0,0.0,1.0,0.0,0.0,0.0,0.0,0.2
1009,350104,35,1,2,337.4,1399.4,172.1,1205.0,0.0,30.2,0.0,397.9,0.0,68.1,1.0,568.5,0.0,0.0,0.0,0.0,76.5,77.2,93.7,93.2,0.0,0.0,1.0,0.0,0.0,0.0,0.0,30.2
1010,350105,35,1,3,1007.6,3689.3,521.0,3117.5,0.0,78.6,0.0,1396.1,0.0,184.6,4.0,1021.9,0.0,0.0,0.0,0.0,284.7,288.0,228.3,226.9,0.0,0.0,4.0,0.0,0.0,0.0,0.0,78.6
1011,350106,35,1,3,2163.5,8117.5,1076.5,6832.6,0.0,167.6,0.0,2509.8,0.0,399.1,29.0,2903.1,0.0,0.0,0.0,0.0,501.5,506.7,517.0,513.9,0.0,0.0,29.0,0.0,0.0,0.0,0.0,167.6
1012,350107,35,1,3,424.2,1566.3,217.9,1303.4,0.0,28.4,0.0,411.0,0.0,76.3,31.0,659.2,0.0,0.0,0.0,0.0,76.2,77.1,79.7,79.8,0.0,0.0,31.0,0.0,0.0,0.0,0.0,28.4
1013,350108,35,1,3,87.4,56.6,62.0,0.0,0.0,0.0,0.0,0.0,0.0,0.0,31.0,0.0,0.0,0.0,0.0,0.0,0.0,0.0,0.0,0.0,0.0,0.0,31.0,0.0,0.0,0.0,0.0,0.0
1014,350109,35,1,3,124.0,56.5,134.0,0.0,0.0,0.0,0.0,0.0,0.0,0.0,67.0,0.0,0.0,0.0,0.0,0.0,0.0,0.0,0.0,0.0,0.0,0.0,67.0,0.0,0.0,0.0,0.0,0.0
1015,350110,35,1,4,350.1,99.8,580.4,43.1,0.0,1.1,0.0,4.6,0.0,0.0,290.0,38.0,0.0,0.0,0.0,0.0,0.4,0.4,0.0,0.0,0.0,0.0,290.0,0.0,0.0,0.0,0.0,1.1
1016,350111,35,1,4,10629.2,6467.8,10425.4,5915.6,105.4,133.4,1850.6,494.5,984.2,213.6,5312.0,3709.0,223.7,0.0,228.1,0.0,441.2,450.3,1029.5,1048.1,40.0,0.0,316.0,0.0,105.4,0.0,0.0,133.4
1017,350112,35,1,4,1322.2,4608.1,896.6,4031.2,0.0,84.8,0.0,1094.7,0.0,255.9,68.0,1903.7,0.0,0.0,0.0,0.0,293.0,299.7,467.6,477.3,0.0,0.0,68.0,0.0,0.0,0.0,0.0,84.8
1018,350113,35,1,4,174.4,512.7,100.0,430.4,0.3,7.6,3.8,185.3,2.2,21.3,13.4,144.5,0.5,0.0,0.5,0.0,38.9,39.8,38.7,39.5,0.0,0.0,2.0,0.0,0.3,0.0,0.0,7.6
1019,350114,35,1,4,2831.9,4699.5,2485.6,4285.1,16.8,76.1,269.8,1381.0,157.7,336.9,865.8,1486.3,63.8,0.0,65.3,0.0,353.2,362.3,699.0,718.6,2.0,0.0,9.0,0.0,16.8,0.0,0.0,76.1
1020,350115,35,1,4,2475.6,1806.7,2296.7,1604.4,22.6,31.5,365.1,369.8,215.0,106.6,1152.7,729.1,77.4,0.0,79.2,0.0,136.5,139.6,252.9,259.2,3.0,0.0,15.0,0.0,22.6,0.0,0.0,31.5
1021,350116,35,1,4,5495.5,2460.5,5264.8,2240.3,58.3,41.6,924.3,179.0,543.7,29.4,2907.7,1562.4,205.9,0.0,210.0,0.0,140.0,143.6,317.1,326.0,12.0,0.0,4.0,0.0,58.3,0.0,0.0,41.6
1022,350117,35,1,4,7179.4,4503.7,6863.7,4118.1,62.6,76.0,1004.6,402.0,581.0,291.4,3236.3,1895.4,236.4,0.0,241.0,0.0,449.6,461.2,1038.7,1068.0,22.0,0.0,54.0,0.0,62.6,0.0,0.0,76.0
1023,350118,35,1,4,456.5,1590.8,148.4,1249.8,0.0,23.8,0.0,651.8,0.0,12.6,11.0,455.6,0.0,0.0,0.0,0.0,101.7,104.5,24.7,25.3,0.0,0.0,11.0,0.0,0.0,0.0,0.0,23.8
1024,350119,35,1,4,834.5,2032.2,590.3,1748.6,0.2,31.5,2.1,561.8,1.4,120.9,16.6,489.2,0.3,0.0,0.3,0.0,209.8,215.8,349.9,360.9,0.0,0.0,10.0,0.0,0.2,0.0,0.0,31.5
1025,350120,35,1,4,3123.8,1849.7,2988.7,1692.0,34.3,31.9,618.3,9.1,326.4,0.0,1540.1,1339.2,49.1,0.0,50.2,0.0,93.7,96.3,240.0,247.5,48.0,0.0,23.0,0.0,34.3,0.0,0.0,31.9
1026,350121,35,1,5,6775.9,5779.4,6400.1,5357.8,64.2,85.9,1234.2,305.9,680.4,120.2,2867.9,3504.1,63.6,0.0,65.0,0.0,418.1,428.9,969.8,998.7,85.0,0.0,16.0,0.0,64.2,0.0,0.0,85.9
1027,350122,35,1,5,9136.1,17794.2,7755.1,16082.9,23.7,261.4,439.4,3384.2,242.1,1124.0,1101.6,5562.2,25.9,0.0,26.6,0.0,1906.6,1959.3,3929.9,4053.1,7.0,0.0,76.0,0.0,23.7,0.0,0.0,261.4
1028,350123,35,1,5,1070.8,4307.7,682.9,3825.7,0.0,63.7,0.0,698.2,0.0,189.3,30.0,2296.1,0.0,0.0,0.0,0.0,238.6,245.6,384.3,396.4,0.0,0.0,30.0,0.0,0.0,0.0,0.0,63.7
1029,350124,35,1,5,1436.3,4457.9,1299.8,4252.1,0.0,55.4,0.0,1235.9,0.0,634.2,18.0,611.8,0.0,0.0,0.0,0.0,297.5,305.9,966.3,997.3,0.0,467.0,18.0,0.0,0.0,0.0,0.0,55.4
1030,350125,35,1,5,1249.3,2726.5,1136.6,2468.1,0.0,39.8,0.0,429.0,0.0,267.0,108.0,821.9,0.0,0.0,0.0,0.0,294.5,303.2,626.1,647.1,0.0,0.0,108.0,0.0,0.0,0.0,0.0,39.8
1031,350126,35,1,5,65.9,33.2,62.0,0.0,0.0,0.0,0.0,0.0,0.0,0.0,31.0,0.0,0.0,0.0,0.0,0.0,0.0,0.0,0.0,0.0,0.0,0.0,31.0,0.0,0.0,0.0,0.0,0.0
1032,350127,35,1,5,1262.7,4366.6,936.6,3910.4,0.0,61.6,0.0,731.9,0.0,260.0,68.0,2092.1,0.0,0.0,0.0,0.0,282.7,291.3,517.9,535.1,0.0,0.0,68.0,0.0,0.0,0.0,0.0,61.6
1033,350128,35,1,5,1527.8,3789.2,1296.0,3465.2,0.0,52.2,0.0,785.6,0.0,355.8,41.0,1084.0,0.0,0.0,0.0,0.0,401.1,413.1,799.9,826.7,13.0,0.0,41.0,0.0,0.0,0.0,0.0,52.2
1034,350129,35,1,5,12286.3,23906.5,10783.8,21943.0,26.8,288.1,567.6,3326.9,289.6,3950.2,1533.0,6324.4,46.0,0.0,47.0,0.0,2166.0,2225.5,5927.7,6116.1,20.0,0.0,187.0,0.0,26.8,0.0,0.0,288.1
1035,350130,35,1,5,3083.6,29961.7,1781.9,28409.0,0.0,164.6,0.0,6026.7,0.0,0.0,77.0,20705.1,0.0,0.0,0.0,0.0,525.8,540.5,1102.1,1136.6,0.0,0.0,77.0,0.0,0.0,0.0,0.0,164.6
1036,350131,35,1,5,6043.2,14067.1,5362.8,13120.1,8.0,165.4,169.0,5167.2,86.3,1449.2,503.2,1896.5,11.4,0.0,11.9,0.0,1327.7,1364.6,3141.4,3242.7,4.0,0.0,108.0,0.0,8.0,0.0,0.0,165.4
1037,350132,35,1,5,2777.8,6516.9,2285.0,5915.9,8.1,91.5,157.2,1268.7,81.0,820.7,393.9,2174.2,11.1,0.0,11.7,0.0,457.4,471.4,1141.7,1180.9,6.0,0.0,25.0,0.0,8.1,0.0,0.0,91.5
1038,350133,35,1,5,5774.8,4196.0,5474.9,3880.2,57.2,55.7,1103.8,312.6,588.4,76.3,2737.0,2653.3,94.4,0.0,96.5,0.0,241.8,248.8,570.0,589.2,30.0,0.0,13.0,0.0,57.2,0.0,0.0,55.7
1039,350134,35,1,4,4054.3,3687.5,3832.5,3446.0,40.7,45.2,750.3,320.4,444.0,13.9,1852.8,1921.5,43.1,420.7,44.4,125.8,202.9,209.2,420.0,434.5,63.0,0.0,12.0,0.0,40.7,0.0,0.0,45.2
1040,350135,35,1,5,486.8,2126.3,271.1,1881.8,0.0,27.8,0.0,552.1,0.0,84.1,4.0,974.5,0.0,0.0,0.0,0.0,101.8,104.5,161.4,166.7,0.0,0.0,4.0,0.0,0.0,0.0,0.0,27.8
1041,350136,35,1,5,2217.9,2590.8,2007.6,2358.4,18.9,34.6,390.8,367.6,177.2,40.9,875.9,1458.5,29.8,0.0,30.8,0.0,162.3,167.0,313.8,324.4,21.0,0.0,6.0,0.0,18.9,0.0,0.0,34.6
1042,350137,35,1,4,3147.8,3602.2,2832.9,3244.1,27.7,52.7,493.0,687.6,289.3,89.4,1310.6,1870.0,40.6,0.0,41.8,0.0,206.5,213.0,371.1,383.9,64.0,0.0,16.0,0.0,27.7,0.0,0.0,52.7
1043,350138,35,1,4,5671.8,5934.4,5291.3,5492.9,43.7,78.1,835.3,737.5,436.8,290.9,2040.4,2227.6,68.9,337.6,70.8,61.5,563.3,581.0,1215.7,1257.0,40.0,0.0,20.0,0.0,43.7,0.0,0.0,78.1
1044,350139,35,1,4,4200.1,8821.1,3521.0,8016.5,20.2,129.3,368.8,2104.7,210.5,406.9,947.2,3519.2,26.7,0.0,27.6,0.0,710.9,732.6,1211.4,1253.1,8.0,0.0,10.0,0.0,20.2,0.0,0.0,129.3
1045,350140,35,1,4,4445.7,3423.7,4174.5,3134.3,44.1,48.6,855.0,309.9,445.4,59.5,2018.1,2096.0,63.2,0.0,64.9,0.0,199.7,205.6,449.2,463.4,70.0,0.0,9.0,0.0,44.1,0.0,0.0,48.6
1046,350141,35,1,4,3782.9,4131.4,3524.1,3834.7,33.4,54.2,613.7,624.8,343.7,158.6,1525.5,1667.6,42.4,0.0,43.7,500.7,280.6,288.9,575.5,594.1,85.0,0.0,14.0,0.0,33.4,0.0,0.0,54.2
1047,350142,35,1,4,4386.2,2632.5,4128.7,2370.4,42.5,36.1,816.1,147.7,411.9,57.9,2015.3,1465.1,77.7,0.0,79.7,0.0,205.9,211.8,474.1,487.8,40.0,0.0,8.0,0.0,42.5,0.0,0.0,36.1
1048,350143,35,1,4,5338.5,7900.2,4694.3,7159.9,37.3,114.3,663.5,2102.3,360.7,323.4,1772.2,2973.7,67.7,0.0,69.3,0.0,636.4,654.9,1072.6,1105.6,41.0,0.0,11.0,0.0,37.3,0.0,0.0,114.3
1049,350144,35,1,4,2986.8,2417.9,2787.3,2215.6,29.6,24.9,594.0,74.0,304.1,2.8,1380.1,1250.5,43.4,546.1,44.7,0.0,103.3,106.2,229.6,235.9,82.0,0.0,6.0,0.0,29.6,0.0,0.0,24.9
1050,350145,35,1,4,2780.5,1551.0,2672.0,1436.8,27.4,23.6,516.2,15.9,267.3,0.0,1255.5,1132.0,41.9,0.0,43.1,0.0,79.3,81.5,201.7,207.3,261.0,0.0,6.0,0.0,27.4,0.0,0.0,23.6
1051,350146,35,1,4,48018.0,141367.0,43657.8,136076.0,30.5,843.0,744.0,28678.9,348.5,755.2,1681.7,39023.2,52.4,0.0,53.5,0.0,16460.2,16826.3,20465.4,20869.3,3780.0,29923.0,72.0,0.0,30.5,0.0,0.0,843.0
1052,350147,35,1,4,4332.1,6007.4,3929.4,5487.4,0.0,71.0,0.0,1440.0,0.0,484.4,45.0,1962.4,0.0,0.0,0.0,0.0,553.4,566.1,1014.0,1034.4,2272.0,0.0,45.0,0.0,0.0,0.0,0.0,71.0
1053,350148,35,1,2,36.6,33.5,0.0,0.0,0.0,0.0,0.0,0.0,0.0,0.0,0.0,0.0,0.0,0.0,0.0,0.0,0.0,0.0,0.0,0.0,0.0,0.0,0.0,0.0,0.0,0.0,0.0,0.0
1054,350149,35,1,2,2229.6,8858.0,547.7,7003.9,0.0,152.2,0.0,3410.9,0.0,5.1,6.0,3047.5,0.0,0.0,0.0,0.0,491.2,496.2,44.5,44.1,0.0,0.0,6.0,0.0,0.0,0.0,0.0,152.2
1055,350150,35,1,2,1995.2,7400.3,810.5,6038.6,0.0,149.6,0.0,2395.8,0.0,289.5,21.0,2582.1,0.0,0.0,0.0,0.0,444.9,449.9,323.6,321.3,0.0,0.0,21.0,0.0,0.0,0.0,0.0,149.6
1056,350151,35,1,3,1304.5,4668.0,709.8,3921.8,0.0,80.2,0.0,1595.3,0.0,201.1,69.0,1545.6,0.0,0.0,0.0,0.0,309.8,315.3,262.0,264.4,0.0,0.0,69.0,0.0,0.0,0.0,0.0,80.2
1057,350152,35,1,3,689.0,2199.6,361.7,1805.1,0.0,36.3,0.0,747.3,0.0,107.3,29.0,640.9,0.0,0.0,0.0,0.0,151.2,154.2,152.4,155.4,0.0,0.0,29.0,0.0,0.0,0.0,0.0,36.3
1058,350153,35,1,3,894.4,2789.1,605.0,2422.9,0.0,58.7,0.0,743.7,0.0,235.0,16.0,859.5,0.0,0.0,0.0,0.0,209.5,214.1,363.5,370.5,0.0,0.0,16.0,0.0,0.0,0.0,0.0,58.7
1059,350154,35,1,3,918.1,3117.9,638.7,2668.9,0.4,59.7,5.8,1005.4,3.0,49.3,121.5,1203.4,0.8,0.0,0.8,0.0,198.6,203.3,203.1,207.5,0.0,0.0,105.0,0.0,0.4,0.0,0.0,59.7
1060,350155,35,1,4,3915.4,1770.0,3781.4,1615.3,44.4,38.0,727.8,5.3,386.3,0.0,2094.7,1287.2,109.9,0.0,112.3,0.0,88.6,90.5,227.7,232.3,11.0,0.0,23.0,0.0,44.4,0.0,0.0,38.0
1061,350156,35,1,3,4710.5,3312.0,4519.4,3063.7,48.4,58.0,756.8,297.0,415.0,90.6,2355.1,1490.5,156.6,588.2,160.1,0.0,186.4,190.8,397.3,406.5,52.0,0.0,40.0,0.0,48.4,0.0,0.0,58.0
1062,350157,35,1,4,2610.2,1182.0,2503.5,1068.4,27.5,22.4,442.7,25.2,245.4,28.1,1360.5,747.7,90.3,0.0,92.4,0.0,74.0,75.6,187.4,191.9,1.0,0.0,10.0,0.0,27.5,0.0,0.0,22.4
1063,350158,35,1,3,2919.8,1277.0,2789.6,1130.4,31.0,25.8,463.1,75.4,264.4,20.7,1510.0,750.4,122.5,0.0,125.4,0.0,84.8,86.8,192.4,197.1,11.0,0.0,16.0,0.0,31.0,0.0,0.0,25.8
1064,350159,35,1,4,2440.7,2083.9,2277.0,1902.8,25.4,29.4,446.9,177.7,222.4,0.0,1141.4,958.6,50.2,444.7,51.6,0.0,111.9,114.6,201.5,207.1,38.0,0.0,13.0,0.0,25.4,0.0,0.0,29.4
1065,350160,35,1,4,1756.5,1556.5,1588.9,1371.6,17.6,27.0,305.4,141.1,160.3,40.0,772.8,914.9,31.4,0.0,32.4,0.0,87.0,89.3,180.5,186.4,10.0,0.0,9.0,0.0,17.6,0.0,0.0,27.0
1066,350161,35,1,5,5768.6,7504.4,5211.2,6812.6,47.1,126.4,839.0,1210.1,442.5,414.0,2137.7,3614.9,84.3,0.0,85.9,0.0,488.1,501.8,1037.7,1071.8,46.0,0.0,50.0,0.0,47.1,0.0,0.0,126.4
1067,350162,35,1,5,3342.6,5221.5,2992.8,4761.0,6.4,81.2,121.0,726.7,56.4,487.1,316.4,1034.2,10.3,0.0,10.8,0.0,771.8,794.0,1665.0,1718.9,7.0,0.0,34.0,0.0,6.4,0.0,0.0,81.2
1068,350163,35,1,5,74.7,61.4,20.0,0.0,0.0,0.0,0.0,0.0,0.0,0.0,10.0,0.0,0.0,0.0,0.0,0.0,0.0,0.0,0.0,0.0,0.0,0.0,10.0,0.0,0.0,0.0,0.0,0.0
1069,350164,35,1,5,4855.1,5226.3,4463.2,4748.9,36.6,85.7,656.7,944.3,347.8,422.9,1672.4,1737.7,66.3,0.0,67.7,0.0,487.9,502.2,1104.4,1141.7,26.0,0.0,34.0,0.0,36.6,0.0,0.0,85.7
1070,350165,35,1,5,3517.1,5608.1,3184.8,5104.2,18.3,89.0,335.5,803.2,185.4,399.6,873.3,2198.7,17.0,0.0,17.7,0.0,521.2,536.2,1128.7,1166.5,9.0,0.0,97.0,0.0,18.3,0.0,0.0,89.0
1071,350166,35,1,5,2667.6,4134.0,2360.6,3736.3,16.6,69.4,303.7,592.9,153.3,313.0,770.4,1763.0,25.4,0.0,26.2,0.0,322.4,332.1,710.3,735.3,11.0,0.0,38.0,0.0,16.6,0.0,0.0,69.4
1072,350167,35,1,5,3788.4,4781.5,3488.9,4359.7,18.9,76.1,352.4,799.0,178.1,364.7,904.8,1209.8,26.4,0.0,27.2,0.0,609.0,627.0,1314.0,1359.1,13.0,0.0,64.0,0.0,18.9,0.0,0.0,76.1
1073,350168,35,1,5,2879.3,3222.6,2643.0,2946.2,26.2,49.5,485.8,440.5,268.4,62.4,1136.2,1738.0,24.7,0.0,25.5,0.0,223.6,230.1,459.8,475.2,5.0,0.0,14.0,0.0,26.2,0.0,0.0,49.5
1074,350169,35,1,5,1933.6,2796.2,1752.8,2507.3,3.9,44.2,71.8,369.8,36.5,255.2,243.6,532.7,5.8,0.0,6.0,0.0,417.6,430.5,887.6,919.1,14.0,0.0,70.0,0.0,3.9,0.0,0.0,44.2
1075,350170,35,1,5,4537.7,8197.2,3975.2,7414.7,2.5,125.7,45.3,1388.7,22.5,830.0,205.6,1476.8,4.2,0.0,4.5,0.0,1159.2,1194.2,2439.9,2525.0,0.0,0.0,94.0,0.0,2.5,0.0,0.0,125.7
1076,350171,35,1,5,3608.5,8843.0,3025.1,8102.7,0.0,117.7,0.0,2363.6,0.0,579.1,38.0,2119.0,0.0,0.0,0.0,0.0,1051.7,1081.3,1897.3,1959.7,0.0,0.0,38.0,0.0,0.0,0.0,0.0,117.7
1077,350172,35,1,5,5827.5,10589.3,5096.1,9580.1,20.4,133.5,390.1,2227.4,240.5,607.1,1108.9,3507.4,22.4,0.0,23.1,0.0,1041.1,1070.5,2098.9,2167.7,13.0,0.0,158.0,0.0,20.4,0.0,0.0,133.5
1078,350173,35,1,5,2079.3,4335.4,1748.8,3911.5,0.0,51.6,0.0,1049.7,0.0,326.1,44.0,823.4,0.0,0.0,0.0,0.0,542.2,557.5,1118.5,1154.8,0.0,0.0,44.0,0.0,0.0,0.0,0.0,51.6
1079,350174,35,1,5,7001.9,13716.7,6054.4,12538.4,4.7,181.3,87.9,3199.0,54.6,1219.4,261.1,2349.8,3.5,0.0,3.7,0.0,1826.6,1878.3,3767.1,3891.8,2.0,0.0,48.0,0.0,4.7,0.0,0.0,181.3
1080,350175,35,1,5,3325.1,10353.1,2472.2,9263.1,0.0,128.0,0.0,2472.2,0.0,445.9,105.0,4011.1,0.0,0.0,0.0,0.0,793.8,816.5,1468.4,1517.3,0.0,0.0,105.0,0.0,0.0,0.0,0.0,128.0
1081,350176,35,1,5,2702.9,7500.6,2106.7,6777.6,0.0,89.0,0.0,2133.4,0.0,432.9,38.0,2203.3,0.0,0.0,0.0,0.0,666.6,686.0,1280.0,1322.0,84.0,0.0,38.0,0.0,0.0,0.0,0.0,89.0
1082,350177,35,1,5,3525.3,10318.9,2862.5,9472.9,7.4,159.2,131.5,3616.4,80.0,194.6,345.7,3326.7,6.1,0.0,6.3,0.0,974.2,1004.6,1284.7,1330.7,6.0,0.0,28.0,0.0,7.4,0.0,0.0,159.2
1083,350178,35,1,5,3271.1,5753.9,2844.6,5222.1,15.4,85.4,294.7,1267.7,150.5,398.1,718.4,1902.5,20.3,0.0,21.0,0.0,500.8,516.6,1097.8,1137.1,7.0,0.0,34.0,0.0,15.4,0.0,0.0,85.4
1084,350179,35,1,5,6636.6,10139.9,6143.7,9493.7,27.2,153.5,523.2,1515.9,266.5,1859.3,1259.2,2034.6,42.4,0.0,43.4,0.0,1057.7,1089.9,2893.2,2994.0,32.0,0.0,26.0,0.0,27.2,0.0,0.0,153.5
1085,350180,35,1,5,2463.9,5141.6,2128.7,4714.5,8.2,78.3,157.7,1229.6,73.4,237.2,384.3,1757.1,12.7,0.0,13.2,0.0,538.1,554.8,903.3,935.8,26.0,0.0,20.0,0.0,8.2,0.0,0.0,78.3
1086,350181,35,1,5,3910.0,6498.9,3427.3,5921.2,18.2,94.9,354.0,1162.8,175.2,420.8,827.8,2287.5,24.0,0.0,24.7,0.0,650.1,670.2,1332.5,1379.9,25.0,0.0,14.0,0.0,18.2,0.0,0.0,94.9
1087,350182,35,1,5,1975.4,5459.5,1559.2,4967.7,10.6,76.2,213.7,1715.2,100.7,158.5,480.7,2351.5,13.2,0.0,13.8,0.0,269.3,277.4,449.9,465.1,9.0,0.0,9.0,0.0,10.6,0.0,0.0,76.2
1088,350183,35,1,5,1781.0,3146.9,1537.5,2856.4,7.2,47.3,115.9,704.1,56.1,110.2,378.3,1339.3,29.1,23.8,30.1,0.0,236.2,243.5,420.7,435.5,265.0,0.0,6.0,0.0,7.2,0.0,0.0,47.3
1089,350184,35,1,5,2277.6,2444.4,2094.1,2236.8,20.1,36.3,393.4,243.4,191.3,128.5,905.4,1326.3,27.0,0.0,27.8,0.0,153.4,157.9,367.7,380.7,22.0,0.0,6.0,0.0,20.1,0.0,0.0,36.3
1090,350185,35,1,5,3365.2,4404.4,3032.2,4005.1,21.9,61.0,449.2,597.8,209.6,248.6,1017.3,1882.1,29.6,0.0,30.5,0.0,390.9,403.2,844.1,873.4,36.0,0.0,25.0,0.0,21.9,0.0,0.0,61.0
1091,350186,35,1,5,3655.4,3437.5,3431.8,3170.4,29.2,53.1,561.8,265.1,286.3,231.3,1281.6,1559.3,43.4,0.0,44.5,0.0,317.1,327.4,760.2,787.2,121.0,0.0,16.0,0.0,29.2,0.0,0.0,53.1
1092,350187,35,1,5,3123.4,4199.3,2877.1,3891.0,16.3,63.4,315.6,507.4,162.6,680.1,750.4,1107.6,23.2,0.0,24.1,0.0,408.4,421.2,1134.9,1174.7,44.0,0.0,14.0,0.0,16.3,0.0,0.0,63.4
1093,350188,35,1,5,2307.8,3309.9,2049.1,3016.3,16.3,45.3,298.6,790.9,174.7,97.2,783.4,1376.0,22.6,0.0,23.3,0.0,280.2,288.8,448.2,463.4,13.0,0.0,5.0,0.0,16.3,0.0,0.0,45.3
1094,350189,35,1,4,5991.1,6561.4,5567.1,6013.9,33.1,109.9,610.2,619.4,310.6,603.7,1416.6,1752.8,46.7,0.0,48.1,0.0,898.0,926.5,2038.9,2111.5,159.0,0.0,39.0,0.0,33.1,0.0,0.0,109.9
1095,350190,35,1,5,2644.3,5551.1,2242.1,5058.5,6.9,81.9,134.4,852.3,69.1,664.0,329.7,1815.5,9.7,0.0,10.2,0.0,496.8,512.3,1174.2,1214.2,4.0,0.0,14.0,0.0,6.9,0.0,0.0,81.9
1096,350191,35,1,4,3273.5,5403.7,2863.6,4920.8,19.1,79.8,343.6,1205.4,194.5,297.8,889.6,1885.1,27.4,0.0,28.2,130.8,465.9,480.5,890.3,921.1,14.0,0.0,10.0,0.0,19.1,0.0,0.0,79.8
1097,350192,35,1,4,4064.0,5223.3,3630.4,4717.4,32.2,84.8,604.4,1239.7,302.0,145.5,1385.7,2166.3,45.0,0.0,46.2,0.0,413.3,426.3,714.7,739.4,104.0,0.0,15.0,0.0,32.2,0.0,0.0,84.8
1098,350193,35,1,4,4440.0,2974.6,4210.9,2730.8,44.4,47.9,803.2,269.9,416.2,32.5,2051.0,1784.6,75.7,0.0,77.5,0.0,198.3,204.5,424.8,439.3,157.0,0.0,7.0,0.0,44.4,0.0,0.0,47.9
1099,350194,35,1,4,4293.6,3398.9,4048.2,3123.5,41.0,53.0,779.1,374.3,394.4,90.2,1844.6,1936.5,61.6,0.0,63.2,0.0,218.6,225.0,481.6,497.4,191.0,0.0,14.0,0.0,41.0,0.0,0.0,53.0
1100,350195,35,1,4,3346.7,1930.2,3188.1,1766.2,35.0,30.8,627.8,88.0,333.0,27.0,1635.8,1270.8,61.3,0.0,62.7,0.0,107.6,110.5,261.9,269.9,91.0,0.0,7.0,0.0,35.0,0.0,0.0,30.8
1101,350196,35,1,4,4739.7,4401.9,4414.0,4016.0,25.4,67.5,450.8,433.8,240.3,448.3,1234.3,869.7,55.6,0.0,57.0,0.0,679.1,698.6,1521.8,1565.6,159.0,0.0,16.0,0.0,25.4,0.0,0.0,67.5
1102,350197,35,1,4,9989.8,27152.7,7539.2,24237.5,34.3,380.2,624.4,12293.2,320.9,124.8,1854.1,7274.8,96.1,8.0,97.9,51.8,2168.3,2221.5,2216.5,2263.4,64.0,0.0,97.0,0.0,34.3,0.0,0.0,380.2
1103,350198,35,1,2,36.3,34.5,0.0,0.0,0.0,0.0,0.0,0.0,0.0,0.0,0.0,0.0,0.0,0.0,0.0,0.0,0.0,0.0,0.0,0.0,0.0,0.0,0.0,0.0,0.0,0.0,0.0,0.0
1104,350199,35,1,3,254.7,850.7,101.6,679.4,0.0,16.0,0.0,209.6,0.0,45.2,2.0,327.3,0.0,0.0,0.0,0.0,45.9,46.3,51.7,51.0,0.0,0.0,2.0,0.0,0.0,0.0,0.0,16.0
1105,350200,35,1,3,1503.3,7511.4,430.2,6267.4,0.0,142.6,0.0,4262.9,0.0,11.4,24.0,1605.7,0.0,0.0,0.0,0.0,351.4,356.7,30.8,30.7,0.0,0.0,24.0,0.0,0.0,0.0,0.0,142.6
1106,350201,35,1,3,1711.5,5592.6,781.5,4528.9,0.0,100.5,0.0,2282.2,0.0,347.9,27.0,1161.8,0.0,0.0,0.0,0.0,407.0,413.9,320.5,323.0,0.0,0.0,27.0,0.0,0.0,0.0,0.0,100.5
1107,350202,35,1,3,688.1,2509.4,223.9,1992.9,0.0,38.5,0.0,1144.9,0.0,12.4,10.0,628.5,0.0,0.0,0.0,0.0,178.7,181.9,25.2,25.2,0.0,0.0,10.0,0.0,0.0,0.0,0.0,38.5
1108,350203,35,1,3,5389.4,2963.5,5170.4,2717.3,61.7,61.1,1043.1,27.6,563.9,8.0,2723.8,2109.6,105.5,0.0,107.9,0.0,160.2,163.8,399.0,408.2,51.0,0.0,16.0,0.0,61.7,0.0,0.0,61.1
1109,350204,35,1,3,4036.6,1452.9,3866.7,1277.4,45.5,28.3,675.4,9.4,382.8,0.0,2162.6,1017.9,177.9,0.0,181.8,0.0,68.9,70.5,175.3,179.7,30.0,0.0,12.0,0.0,45.5,0.0,0.0,28.3
1110,350205,35,1,3,2188.4,1849.4,2013.5,1651.1,22.8,37.6,375.1,259.2,198.3,65.8,977.6,940.5,39.4,0.0,40.4,0.0,120.0,123.5,254.7,262.2,3.0,0.0,5.0,0.0,22.8,0.0,0.0,37.6
1111,350206,35,1,3,2316.7,1837.6,2181.6,1676.7,24.2,35.6,393.9,245.4,217.1,21.3,1051.6,972.1,39.9,0.0,41.1,0.0,155.1,159.4,270.7,278.5,2.0,0.0,10.0,0.0,24.2,0.0,0.0,35.6
1112,350207,35,1,4,1291.0,1445.2,1145.0,1281.4,11.8,25.2,195.4,360.5,106.6,41.0,524.5,602.2,21.2,0.0,22.0,0.0,100.9,103.7,169.4,174.1,1.0,0.0,4.0,0.0,11.8,0.0,0.0,25.2
1113,350208,35,1,4,755.3,401.9,686.6,332.1,8.4,6.9,139.4,8.6,74.3,0.0,373.8,260.5,16.0,0.0,16.6,0.0,16.6,16.9,44.7,46.0,2.0,0.0,3.0,0.0,8.4,0.0,0.0,6.9
1114,350209,35,1,4,1245.0,2487.4,1025.7,2211.2,6.4,44.0,112.5,808.8,58.2,210.5,298.4,661.9,9.4,0.0,9.8,0.0,178.3,183.2,336.2,346.8,3.0,0.0,20.0,0.0,6.4,0.0,0.0,44.0
1115,350210,35,1,4,1875.2,4775.0,1350.8,4154.9,3.0,83.1,52.3,1270.3,27.1,213.4,141.8,1527.2,4.2,0.0,4.4,0.0,431.3,444.1,676.7,699.9,1.0,0.0,12.0,0.0,3.0,0.0,0.0,83.1
1116,350211,35,1,4,1415.3,2169.5,1212.8,1934.4,11.1,40.7,191.4,589.0,100.5,86.8,469.0,830.7,13.7,0.0,14.2,0.0,156.9,161.9,257.1,266.0,7.0,0.0,3.0,0.0,11.1,0.0,0.0,40.7
1117,350212,35,1,4,63.1,232.4,19.0,183.6,0.0,4.2,0.0,57.8,0.0,3.6,2.0,106.8,0.0,0.0,0.0,0.0,6.5,6.7,8.5,8.7,0.0,0.0,2.0,0.0,0.0,0.0,0.0,4.2
1118,350213,35,1,4,1083.7,799.4,998.9,704.4,12.2,16.0,202.9,64.3,110.1,2.6,508.8,507.0,15.5,0.0,16.0,0.0,41.4,42.6,85.2,88.0,13.0,0.0,6.0,0.0,12.2,0.0,0.0,16.0
1119,350214,35,1,4,353.8,944.8,259.3,816.7,0.0,18.0,0.0,317.2,0.0,96.0,17.0,171.3,0.0,0.0,0.0,0.0,86.7,89.1,138.6,143.0,0.0,0.0,17.0,0.0,0.0,0.0,0.0,18.0
1120,350215,35,1,4,410.8,1121.2,305.3,990.7,0.1,21.6,1.3,297.5,1.0,141.7,8.8,252.3,0.0,0.0,0.0,0.0,93.4,96.4,195.8,202.8,0.0,0.0,5.0,0.0,0.1,0.0,0.0,21.6
1121,350216,35,1,4,721.9,1057.6,641.8,942.7,0.0,20.2,0.0,146.6,0.0,109.9,16.0,56.1,0.0,0.0,0.0,0.0,195.8,201.5,414.0,428.6,0.0,0.0,16.0,0.0,0.0,0.0,0.0,20.2
1122,350217,35,1,4,3643.0,2699.6,3446.2,2476.0,38.5,55.0,645.2,108.8,349.7,107.2,1602.0,1496.6,49.7,0.0,51.0,0.0,216.6,223.2,521.7,540.2,3.0,0.0,7.0,0.0,38.5,0.0,0.0,55.0
1123,350218,35,1,4,880.0,2198.6,728.4,1990.9,0.0,43.7,0.0,498.1,0.0,315.0,15.0,456.2,0.0,0.0,0.0,0.0,214.9,221.6,483.5,500.0,0.0,0.0,15.0,0.0,0.0,0.0,0.0,43.7
1124,350219,35,1,4,1922.8,2833.9,1686.9,2545.1,15.2,53.4,262.3,534.2,135.7,86.9,656.3,1339.5,21.1,18.0,21.8,0.0,194.6,200.6,353.1,365.9,29.0,0.0,13.0,0.0,15.2,0.0,0.0,53.4
1125,350220,35,1,4,1636.1,2391.7,1441.9,2136.8,10.6,45.8,180.3,322.3,93.6,159.8,470.4,1001.4,15.0,0.0,15.7,0.0,204.3,210.5,427.5,442.8,10.0,0.0,25.0,0.0,10.6,0.0,0.0,45.8
1126,350221,35,1,5,1351.9,2985.5,1174.8,2709.5,0.1,53.6,1.4,532.6,1.1,347.3,52.6,721.1,0.1,0.0,0.2,0.0,328.3,338.4,744.1,770.1,0.0,0.0,47.0,0.0,0.1,0.0,0.0,53.6
1127,350222,35,1,5,2754.9,4250.5,2544.0,3869.4,7.8,74.3,133.8,526.6,72.9,495.8,437.5,1022.4,10.3,0.0,10.8,0.0,537.9,553.6,1228.7,1270.9,9.0,0.0,103.0,0.0,7.8,0.0,0.0,74.3
1128,350223,35,1,4,3335.8,3783.4,3134.8,3520.9,24.5,76.2,416.3,207.3,215.6,731.5,1048.8,1209.6,39.7,0.0,40.8,0.0,307.3,317.2,1017.3,1055.3,40.0,0.0,9.0,0.0,24.5,0.0,0.0,76.2
1129,350224,35,1,4,562.9,1225.6,519.5,1101.5,0.7,23.6,11.9,161.5,6.3,175.0,89.8,403.0,0.8,0.0,0.8,0.0,95.9,98.7,253.9,263.3,0.0,0.0,60.0,0.0,0.7,0.0,0.0,23.6
1130,350225,35,1,5,3435.7,5173.1,3125.1,4706.9,17.2,91.3,305.6,604.5,156.5,524.4,831.5,1825.4,26.7,0.0,27.5,0.0,508.1,523.6,1187.2,1229.0,4.0,0.0,78.0,0.0,17.2,0.0,0.0,91.3
1131,350226,35,1,5,3560.8,7884.6,3046.1,7145.0,0.0,134.5,0.0,1279.6,0.0,932.6,88.0,1965.9,0.0,0.0,0.0,0.0,883.7,910.6,1986.4,2056.3,0.0,0.0,88.0,0.0,0.0,0.0,0.0,134.5
1132,350227,35,1,4,2435.2,3257.0,2242.3,3008.5,16.1,65.1,270.7,217.8,146.7,653.3,677.0,1007.4,20.6,0.0,21.3,0.0,251.3,259.3,838.7,870.7,9.0,0.0,7.0,0.0,16.1,0.0,0.0,65.1
1133,350228,35,1,4,882.9,2710.2,655.5,2427.1,0.0,49.9,0.0,706.8,0.0,128.8,7.0,926.9,0.0,0.0,0.0,0.0,247.8,255.9,393.7,408.7,0.0,0.0,7.0,0.0,0.0,0.0,0.0,49.9
1134,350229,35,1,5,1996.1,2594.3,1927.1,2348.8,0.0,43.5,0.0,333.9,0.0,288.8,133.0,8.2,0.0,0.0,0.0,0.0,530.9,547.2,1130.2,1170.6,0.0,0.0,133.0,0.0,0.0,0.0,0.0,43.5
1135,350230,35,1,5,81.4,61.2,34.0,0.0,0.0,0.0,0.0,0.0,0.0,0.0,17.0,0.0,0.0,0.0,0.0,0.0,0.0,0.0,0.0,0.0,0.0,0.0,17.0,0.0,0.0,0.0,0.0,0.0
1136,350231,35,1,4,2013.5,3437.9,1785.0,3126.0,0.0,64.6,0.0,500.7,0.0,516.7,19.0,297.4,0.0,0.0,0.0,0.0,529.0,546.5,1218.0,1264.6,0.0,0.0,19.0,0.0,0.0,0.0,0.0,64.6
1137,350232,35,1,4,3217.4,3033.2,3042.7,2799.9,29.3,59.5,506.3,149.8,259.5,366.2,1269.7,1385.9,42.3,0.0,43.5,0.0,217.8,224.9,648.6,673.1,28.0,0.0,27.0,0.0,29.3,0.0,0.0,59.5
1138,350233,35,1,5,4750.5,6311.4,4488.1,5716.7,0.0,105.4,0.0,808.9,0.0,702.8,223.0,24.2,0.0,0.0,0.0,0.0,1291.8,1331.8,2750.3,2849.0,0.0,0.0,223.0,0.0,0.0,0.0,0.0,105.4
1139,350234,35,1,5,2347.4,7324.7,1857.4,6690.5,0.0,122.0,0.0,2025.4,0.0,415.9,22.0,2373.7,0.0,0.0,0.0,0.0,686.4,707.5,1127.0,1167.9,0.0,0.0,22.0,0.0,0.0,0.0,0.0,122.0
1140,350235,35,1,4,2763.1,5491.1,2441.1,5073.4,11.5,91.7,194.5,825.5,106.5,604.1,497.9,1412.1,14.9,0.0,15.3,583.7,482.4,498.4,1107.4,1149.6,8.0,0.0,14.0,0.0,11.5,0.0,0.0,91.7
1141,350236,35,1,4,1201.2,3272.8,960.2,2964.4,0.0,60.2,0.0,756.7,0.0,292.0,8.0,938.0,0.0,0.0,0.0,0.0,315.4,325.6,628.8,652.2,0.0,0.0,8.0,0.0,0.0,0.0,0.0,60.2
1142,350237,35,1,5,1082.2,2282.0,957.4,2106.3,0.0,40.8,0.0,202.7,0.0,623.6,14.0,317.7,0.0,0.0,0.0,0.0,207.8,214.3,721.6,748.0,0.0,0.0,14.0,0.0,0.0,0.0,0.0,40.8
1143,350238,35,1,5,757.2,2051.9,617.9,1870.6,0.0,32.6,0.0,631.7,0.0,26.7,13.0,600.5,0.0,0.0,0.0,0.0,262.0,270.3,329.9,341.3,0.0,0.0,13.0,0.0,0.0,0.0,0.0,32.6
1144,350239,35,1,4,1436.9,1250.9,1335.2,1132.4,14.1,22.5,238.0,123.9,128.3,66.7,618.5,666.0,24.1,0.0,24.9,0.0,78.2,80.6,188.2,195.2,27.0,0.0,8.0,0.0,14.1,0.0,0.0,22.5
1145,350240,35,1,4,1592.0,2463.5,1402.8,2240.5,11.5,43.1,201.0,537.6,110.4,70.9,499.1,1056.7,14.7,0.0,15.2,0.0,214.0,220.5,342.4,354.7,4.0,0.0,2.0,0.0,11.5,0.0,0.0,43.1
1146,350241,35,1,4,2052.3,3809.7,1831.3,3521.2,12.7,68.4,235.6,860.8,111.6,53.5,539.0,1684.2,15.5,0.0,16.1,0.0,353.3,364.8,538.1,557.9,14.0,0.0,8.0,0.0,12.7,0.0,0.0,68.4
1147,350242,35,1,5,765.0,12110.2,702.3,12038.9,0.0,6.6,0.0,267.1,0.0,0.0,6.0,11058.9,0.0,0.0,0.0,0.0,471.8,486.6,218.5,226.2,0.0,0.0,6.0,0.0,0.0,0.0,0.0,6.6
1148,350243,35,1,4,3068.2,1761.4,2930.4,1616.6,34.7,32.0,575.3,29.1,309.3,12.3,1527.2,1218.9,66.3,0.0,68.0,0.0,98.7,101.7,245.6,254.6,34.0,0.0,6.0,0.0,34.7,0.0,0.0,32.0
1149,350244,35,1,4,618.4,334.3,575.7,290.8,6.7,5.8,111.8,0.5,61.6,0.0,297.2,232.2,12.6,0.0,13.1,0.0,15.3,15.6,41.2,42.5,21.0,0.0,2.0,0.0,6.7,0.0,0.0,5.8
1150,350245,35,1,4,1482.8,1872.1,1389.1,1741.0,14.2,34.1,263.7,310.4,123.8,16.3,611.4,1092.4,18.2,0.0,18.9,0.0,95.2,98.1,216.0,223.9,26.0,0.0,16.0,0.0,14.2,0.0,0.0,34.1
1151,350246,35,1,5,2287.2,5588.3,1825.6,5030.4,6.5,86.1,101.5,1248.7,50.3,92.3,341.2,2393.3,25.5,0.0,26.5,0.0,507.0,522.7,746.6,773.4,16.0,0.0,11.0,0.0,6.5,0.0,0.0,86.1
1152,350247,35,1,4,1851.4,1367.0,1741.0,1240.0,18.9,24.2,333.8,62.4,178.3,27.7,785.5,797.9,22.7,0.0,23.5,0.0,102.8,106.0,237.4,245.9,47.0,0.0,10.0,0.0,18.9,0.0,0.0,24.2
1153,350248,35,1,4,2979.9,2092.0,2820.2,1916.2,31.6,37.5,553.3,76.2,288.2,98.6,1357.3,1264.0,47.2,0.0,48.4,0.0,125.3,129.3,336.4,348.2,56.0,0.0,8.0,0.0,31.6,0.0,0.0,37.5
1154,350249,35,1,4,1129.8,889.1,1038.4,790.2,11.2,15.6,196.0,50.3,102.5,17.7,480.0,511.1,15.9,0.0,16.5,0.0,63.4,65.2,141.1,145.9,20.0,0.0,3.0,0.0,11.2,0.0,0.0,15.6
1155,350250,35,1,4,2320.1,3015.4,2069.6,2722.5,20.4,51.6,361.8,479.9,189.8,87.6,888.2,1597.7,28.1,0.0,29.0,0.0,186.4,192.3,352.3,365.1,25.0,0.0,9.0,0.0,20.4,0.0,0.0,51.6
1156,350251,35,1,4,3919.8,2642.4,3715.1,2419.5,40.1,46.1,715.6,92.0,376.1,62.1,1713.4,1519.7,55.0,0.0,56.4,0.0,216.6,223.3,504.9,522.3,69.0,0.0,8.0,0.0,40.1,0.0,0.0,46.1
1157,350252,35,1,4,4379.7,6628.3,4017.6,6121.1,12.4,121.1,216.6,749.2,113.9,1257.0,562.4,962.9,16.8,0.0,17.4,0.0,823.3,849.3,2222.3,2302.6,11.0,0.0,34.0,0.0,12.4,0.0,0.0,121.1
1158,350253,35,1,4,4647.7,8596.0,4248.1,8000.6,3.6,157.0,63.8,820.0,34.0,2163.9,196.3,997.2,4.8,0.0,5.0,0.0,946.9,977.0,2937.1,3042.5,19.0,0.0,41.0,0.0,3.6,0.0,0.0,157.0
1159,350254,35,1,4,6327.9,6068.3,5915.3,5562.6,51.0,104.4,919.9,644.0,478.4,656.4,2274.9,2202.9,76.1,0.0,78.0,0.0,567.4,584.6,1425.6,1474.8,60.0,0.0,35.0,0.0,51.0,0.0,0.0,104.4
1160,350255,35,1,4,4875.9,5348.1,4405.5,4815.0,44.1,88.3,774.8,1397.2,400.1,32.9,1973.6,2327.1,72.9,0.0,74.8,0.0,406.0,419.1,617.3,638.6,74.0,0.0,12.0,0.0,44.1,0.0,0.0,88.3
1161,350256,35,1,4,6213.2,6932.9,5761.6,6364.7,36.9,117.8,653.9,922.5,337.3,834.8,1672.7,1717.8,59.1,0.0,60.7,0.0,830.1,856.0,1965.7,2033.6,152.0,0.0,30.0,0.0,36.9,0.0,0.0,117.8
1162,350257,35,1,4,5005.8,6584.4,4645.3,6173.0,37.4,73.0,694.7,552.4,340.7,244.4,1714.6,1513.4,69.1,720.1,70.5,1393.3,559.1,575.5,1136.7,1173.9,46.0,0.0,14.0,0.0,37.4,0.0,0.0,73.0
1163,350258,35,1,4,4364.7,2118.0,4202.2,1946.4,41.8,35.3,760.8,10.1,408.8,0.0,1900.3,1537.4,60.4,0.0,61.9,0.0,109.1,111.9,278.8,287.0,611.0,0.0,11.0,0.0,41.8,0.0,0.0,35.3
1164,350259,35,1,4,2954.0,1708.3,2815.9,1557.5,28.3,28.7,515.9,42.4,271.7,34.4,1287.3,1031.8,43.1,0.0,44.2,0.0,128.3,132.1,307.6,316.8,208.0,0.0,10.0,0.0,28.3,0.0,0.0,28.7
1165,350260,35,1,4,3445.2,5393.0,3260.0,5187.4,33.3,41.1,594.1,295.9,320.9,29.8,1549.4,1349.6,57.1,372.4,58.6,2560.1,199.3,205.1,363.6,374.4,108.0,0.0,9.0,0.0,33.3,0.0,0.0,41.1
1166,350261,35,1,4,2505.1,4201.3,2316.5,3972.8,17.9,48.6,304.4,783.8,174.1,0.0,864.3,1225.6,39.4,572.5,40.4,623.2,322.8,332.0,424.0,435.8,139.0,0.0,8.0,0.0,17.9,0.0,0.0,48.6
1167,350262,35,1,4,4302.0,15769.2,2889.9,14088.7,0.0,239.3,0.0,6778.3,0.0,19.4,17.0,4360.7,0.0,0.0,0.0,0.0,1421.3,1459.1,1434.7,1471.1,0.0,0.0,17.0,0.0,0.0,0.0,0.0,239.3
1168,350263,35,1,4,5329.2,2081.8,5154.0,1903.5,49.9,34.7,888.2,5.1,468.5,0.0,2517.1,1507.7,132.3,0.0,135.1,0.0,107.0,109.7,274.8,281.0,618.0,0.0,13.0,0.0,49.9,0.0,0.0,34.7
1169,350264,35,1,4,220.4,732.6,73.6,572.2,0.0,9.5,0.0,105.7,0.0,15.2,4.0,384.8,0.0,0.0,0.0,0.0,29.0,29.4,36.6,37.1,0.0,0.0,4.0,0.0,0.0,0.0,0.0,9.5
1170,350265,35,1,2,79.4,203.9,34.3,159.0,0.0,3.6,0.0,29.6,0.0,25.2,0.0,70.2,0.0,0.0,0.0,0.0,9.3,9.3,25.0,24.7,0.0,0.0,0.0,0.0,0.0,0.0,0.0,3.6
1171,350266,35,1,3,735.9,2416.7,455.2,2079.9,0.0,51.5,0.0,753.9,0.0,278.9,4.0,599.9,0.0,0.0,0.0,0.0,182.9,185.0,264.3,262.2,0.0,0.0,4.0,0.0,0.0,0.0,0.0,51.5
1172,350267,35,1,3,70.7,69.7,2.0,0.0,0.0,0.0,0.0,0.0,0.0,0.0,1.0,0.0,0.0,0.0,0.0,0.0,0.0,0.0,0.0,0.0,0.0,0.0,1.0,0.0,0.0,0.0,0.0,0.0
1173,350268,35,1,4,1901.5,6139.1,963.2,5067.8,0.0,107.9,0.0,2403.8,0.0,517.7,25.0,1222.0,0.0,0.0,0.0,0.0,455.0,462.5,458.2,461.8,0.0,0.0,25.0,0.0,0.0,0.0,0.0,107.9
1174,350269,35,1,4,1787.8,6744.9,702.8,5516.5,0.0,104.7,0.0,3028.4,0.0,133.4,36.0,1713.7,0.0,0.0,0.0,0.0,464.4,472.9,166.4,168.0,0.0,0.0,36.0,0.0,0.0,0.0,0.0,104.7
1175,350270,35,1,3,1276.2,4144.3,686.7,3464.4,0.0,73.7,0.0,1475.7,0.0,245.4,13.0,1071.2,0.0,0.0,0.0,0.0,315.3,321.7,345.4,350.5,0.0,0.0,13.0,0.0,0.0,0.0,0.0,73.7
1176,350271,35,1,4,653.1,1650.0,427.5,1375.2,0.0,29.4,0.0,748.5,0.0,225.1,23.0,13.3,0.0,0.0,0.0,0.0,163.5,166.7,218.0,221.7,0.0,0.0,23.0,0.0,0.0,0.0,0.0,29.4
1177,350272,35,1,4,2467.9,6906.2,1956.0,6304.4,9.7,86.1,157.6,1087.5,84.3,376.6,480.1,1576.9,32.2,1484.0,33.1,600.9,409.0,418.0,745.7,760.6,0.0,0.0,14.0,0.0,9.7,0.0,0.0,86.1
1178,350273,35,1,4,5312.2,3806.8,5053.7,3508.0,54.9,59.7,864.4,423.7,475.9,103.1,2664.4,1729.6,185.0,484.3,188.9,120.0,201.9,206.7,431.2,440.6,7.0,0.0,35.0,0.0,54.9,0.0,0.0,59.7
1179,350274,35,1,3,4285.1,1862.8,4102.6,1673.0,47.7,37.0,739.6,53.2,414.0,33.1,2271.5,1231.1,157.8,0.0,161.3,0.0,98.9,101.0,249.4,254.6,1.0,0.0,9.0,0.0,47.7,0.0,0.0,37.0
1180,350275,35,1,3,5323.8,2062.7,5130.6,1852.7,60.8,39.6,940.5,5.1,505.0,0.0,2846.4,1479.8,195.2,0.0,199.5,0.0,100.6,103.0,258.4,264.9,57.0,0.0,28.0,0.0,60.8,0.0,0.0,39.6
1181,350276,35,1,3,2160.7,1493.2,2046.0,1361.3,22.6,20.2,334.0,109.8,189.2,0.0,1083.5,591.5,89.5,438.6,91.8,0.0,77.5,79.4,138.4,142.1,28.0,0.0,14.0,0.0,22.6,0.0,0.0,20.2
1182,350277,35,1,3,1212.4,1209.2,1116.0,1089.9,8.5,23.7,122.1,94.4,74.0,279.5,406.4,267.0,32.4,0.0,33.5,0.0,99.6,102.2,337.1,346.9,5.0,0.0,6.0,0.0,8.5,0.0,0.0,23.7
1183,350278,35,1,4,1654.7,1084.2,1481.3,908.0,17.1,17.5,255.6,349.6,147.5,5.6,803.5,408.5,64.2,0.0,65.7,0.0,67.4,69.1,73.3,75.3,2.0,0.0,2.0,0.0,17.1,0.0,0.0,17.5
1184,350279,35,1,4,1105.8,1141.4,987.6,1009.3,8.8,20.3,145.1,192.7,79.1,84.1,388.1,382.2,15.6,0.0,16.2,0.0,111.5,114.4,228.9,235.9,1.0,0.0,2.0,0.0,8.8,0.0,0.0,20.3
1185,350280,35,1,4,421.4,1395.3,136.0,1087.0,0.0,20.7,0.0,796.2,0.0,5.6,3.0,152.0,0.0,0.0,0.0,0.0,121.5,124.5,8.5,8.7,0.0,0.0,3.0,0.0,0.0,0.0,0.0,20.7
1186,350281,35,1,4,1425.5,2957.5,1217.0,2688.9,1.5,60.1,23.8,442.8,12.0,756.3,66.2,347.1,2.7,0.0,2.9,0.0,267.5,275.7,837.9,867.0,0.0,0.0,4.0,0.0,1.5,0.0,0.0,60.1
1187,350282,35,1,4,723.8,2076.6,515.6,1824.6,0.0,38.8,0.0,571.9,0.0,219.4,8.0,519.3,0.0,0.0,0.0,0.0,174.3,178.7,325.3,335.3,0.0,0.0,8.0,0.0,0.0,0.0,0.0,38.8
1188,350283,35,1,4,3720.6,6293.6,3317.5,5755.4,17.1,123.2,276.9,834.4,144.3,1063.6,746.6,1738.1,29.7,0.0,30.5,0.0,541.8,557.5,1509.6,1561.7,10.0,0.0,28.0,0.0,17.1,0.0,0.0,123.2
1189,350284,35,1,4,768.6,1588.1,586.3,1377.6,4.7,28.4,77.0,229.1,38.6,82.7,205.5,820.0,8.4,0.0,8.8,0.0,83.7,86.1,154.3,159.6,4.0,0.0,6.0,0.0,4.7,0.0,0.0,28.4
1190,350285,35,1,4,6566.8,5045.6,6160.2,4589.0,59.2,93.6,1002.7,448.6,502.0,270.7,2584.1,1993.2,108.4,0.0,110.6,0.0,572.2,589.6,1242.3,1286.8,28.0,0.0,10.0,0.0,59.2,0.0,0.0,93.6
1191,350286,35,1,4,2340.9,1442.6,2215.7,1299.6,25.8,25.9,431.7,99.1,215.5,38.6,1128.0,872.5,47.6,0.0,48.7,0.0,81.3,83.8,198.8,205.6,46.0,0.0,18.0,0.0,25.8,0.0,0.0,25.9
1192,350287,35,1,4,3595.7,6725.4,3187.0,6188.5,14.9,118.8,249.0,1184.6,124.1,851.0,665.8,1655.3,27.6,0.0,28.5,364.4,621.2,640.4,1439.9,1492.7,7.0,0.0,24.0,0.0,14.9,0.0,0.0,118.8
1193,350288,35,1,4,4174.7,6173.6,3815.4,5698.5,19.4,118.0,324.0,557.7,161.7,1302.6,860.0,1380.9,38.0,0.0,39.1,0.0,591.5,610.1,1781.1,1847.2,3.0,0.0,17.0,0.0,19.4,0.0,0.0,118.0
1194,350289,35,1,4,7174.1,7625.2,6654.0,7015.0,59.0,126.1,1019.4,565.6,507.7,861.4,2583.3,2642.1,113.7,599.1,116.3,0.0,624.6,644.1,1642.0,1702.7,27.0,0.0,20.0,0.0,59.0,0.0,0.0,126.1
1195,350290,35,1,4,5822.1,4222.9,5463.2,3835.2,57.6,72.4,1005.9,398.5,514.0,141.2,2569.5,2155.0,103.5,0.0,105.8,0.0,345.7,356.8,755.9,783.7,53.0,0.0,10.0,0.0,57.6,0.0,0.0,72.4
1196,350291,35,1,4,126.6,279.0,63.5,205.1,0.0,3.9,0.0,58.1,0.0,0.0,9.0,100.2,0.0,0.0,0.0,0.0,21.3,21.9,24.2,24.8,0.0,0.0,9.0,0.0,0.0,0.0,0.0,3.9
1197,350292,35,1,4,5560.6,3966.6,5235.3,3607.7,50.8,66.7,926.4,236.3,465.0,196.6,2315.7,1843.2,91.9,0.0,93.9,0.0,390.0,402.2,898.3,929.3,41.0,0.0,13.0,0.0,50.8,0.0,0.0,66.7
1198,350293,35,1,3,5686.2,3378.1,5401.2,3061.9,58.9,61.9,1016.3,188.6,519.4,211.6,2697.0,1812.8,130.5,0.0,133.6,0.0,223.4,230.2,598.9,618.7,67.0,0.0,15.0,0.0,58.9,0.0,0.0,61.9
1199,350294,35,1,3,2160.5,1055.0,1989.5,868.5,23.1,17.2,409.3,10.5,212.0,19.2,1032.8,645.8,45.4,0.0,46.5,0.0,49.9,51.3,137.6,141.7,52.0,0.0,4.0,0.0,23.1,0.0,0.0,17.2
1200,350295,35,1,3,3360.4,1460.2,3122.4,1197.5,35.3,23.2,648.7,12.1,311.1,3.0,1607.0,933.7,85.5,0.0,87.4,0.0,67.6,69.4,174.1,179.3,131.0,0.0,10.0,0.0,35.3,0.0,0.0,23.2
1201,350296,35,1,3,2930.8,2236.0,2769.3,2013.7,29.4,25.7,546.7,73.1,273.6,11.1,1409.3,914.7,61.8,672.0,63.3,0.0,105.1,108.0,228.5,234.7,35.0,0.0,46.0,0.0,29.4,0.0,0.0,25.7
1202,350297,35,1,4,1315.0,650.2,1171.4,497.9,13.3,9.0,249.3,0.5,125.9,0.0,622.4,397.1,26.7,0.0,27.4,0.0,26.9,27.5,70.9,72.8,18.0,0.0,4.0,0.0,13.3,0.0,0.0,9.0
1203,350298,35,1,4,5246.7,2322.2,4949.2,2024.2,53.5,36.6,1018.2,64.1,487.9,17.8,2595.4,1471.0,147.6,0.0,150.9,0.0,134.3,137.4,325.7,333.8,79.0,0.0,10.0,0.0,53.5,0.0,0.0,36.6
1204,350299,35,1,3,4838.9,3501.9,4614.7,3238.7,48.4,52.4,889.9,171.4,467.4,68.3,2337.2,1781.2,96.2,594.4,98.6,0.0,182.1,187.1,426.4,436.3,94.0,0.0,23.0,0.0,48.4,0.0,0.0,52.4
1205,350300,35,1,3,3305.4,3137.4,3015.8,2795.4,21.1,52.5,373.4,296.0,211.0,194.2,1042.9,1040.6,49.4,0.0,50.6,0.0,398.7,409.8,834.8,854.8,44.0,0.0,11.0,0.0,21.1,0.0,0.0,52.5
1206,350301,35,1,3,8227.8,3706.2,7854.7,3315.6,86.2,57.8,1699.8,11.9,879.3,0.0,4180.9,2625.2,171.4,0.0,175.0,0.0,186.4,191.0,476.9,487.5,62.0,0.0,23.0,0.0,86.2,0.0,0.0,57.8
1207,350302,35,1,2,190.2,689.7,86.3,573.8,0.0,14.7,0.0,199.9,0.0,26.5,1.0,263.5,0.0,0.0,0.0,0.0,42.8,43.2,41.5,40.7,0.0,0.0,1.0,0.0,0.0,0.0,0.0,14.7
1208,350303,35,1,2,36.1,34.0,0.0,0.0,0.0,0.0,0.0,0.0,0.0,0.0,0.0,0.0,0.0,0.0,0.0,0.0,0.0,0.0,0.0,0.0,0.0,0.0,0.0,0.0,0.0,0.0,0.0,0.0
1209,350304,35,1,2,59.3,135.5,19.2,96.0,0.0,2.5,0.0,27.5,0.0,8.7,0.0,41.0,0.0,0.0,0.0,0.0,6.9,6.8,12.3,12.0,0.0,0.0,0.0,0.0,0.0,0.0,0.0,2.5
1210,350305,35,1,3,368.6,1375.1,205.7,1183.2,0.0,29.0,0.0,297.6,0.0,105.6,1.0,576.8,0.0,0.0,0.0,0.0,82.3,82.8,121.5,120.5,0.0,0.0,1.0,0.0,0.0,0.0,0.0,29.0
1211,350306,35,1,3,6022.5,19990.2,3092.0,16637.4,0.0,384.1,0.0,7483.2,0.0,1988.0,25.0,4119.2,0.0,0.0,0.0,0.0,1453.2,1469.6,1588.9,1577.3,0.0,0.0,25.0,0.0,0.0,0.0,0.0,384.1
1212,350307,35,1,4,4853.0,17345.6,2405.5,14515.2,0.0,293.2,0.0,6026.8,0.0,1097.3,83.0,5135.1,0.0,0.0,0.0,0.0,1137.8,1153.5,1101.7,1102.6,0.0,0.0,83.0,0.0,0.0,0.0,0.0,293.2
1213,350308,35,1,4,12463.9,34781.0,8940.1,30449.9,0.0,637.6,0.0,10363.0,0.0,2703.6,145.0,8654.7,0.0,0.0,0.0,0.0,3442.7,3497.2,5207.5,5231.5,0.0,0.0,145.0,0.0,0.0,0.0,0.0,637.6
1214,350309,35,1,4,2779.3,9360.9,1399.7,7781.7,0.0,171.4,0.0,4305.5,0.0,332.7,22.0,1768.8,0.0,0.0,0.0,0.0,826.9,841.0,528.8,533.7,0.0,0.0,22.0,0.0,0.0,0.0,0.0,171.4
1215,350310,35,1,4,1393.9,3684.9,370.7,2592.2,0.0,53.2,0.0,1427.2,0.0,114.7,13.0,699.5,0.0,0.0,0.0,0.0,225.0,229.3,119.7,121.4,0.0,0.0,13.0,0.0,0.0,0.0,0.0,53.2
1216,350311,35,1,4,3059.0,7681.7,2122.7,6561.2,7.9,140.1,124.3,3036.0,67.1,594.2,420.2,1495.0,26.5,0.0,27.4,0.0,645.2,659.0,764.1,777.0,0.0,0.0,48.0,0.0,7.9,0.0,0.0,140.1
1217,350312,35,1,4,6327.4,8565.0,5647.7,7716.7,40.3,172.4,571.3,1658.7,333.7,857.9,1965.8,2791.9,181.5,0.0,185.0,0.0,749.2,766.0,1610.2,1642.2,17.0,0.0,34.0,0.0,40.3,0.0,0.0,172.4
1218,350313,35,1,4,4007.1,3593.2,3826.8,3413.4,41.6,33.0,601.9,200.0,363.5,2.6,2067.5,1023.7,191.2,815.5,195.4,994.4,133.2,136.3,236.1,240.9,28.0,0.0,10.0,0.0,41.6,0.0,0.0,33.0
1219,350314,35,1,4,4759.5,1649.7,4581.9,1472.4,50.9,29.8,735.8,46.2,441.7,45.8,2527.2,1053.4,236.9,0.0,241.7,0.0,87.3,89.1,232.3,237.9,58.0,0.0,21.0,0.0,50.9,0.0,0.0,29.8
1220,350315,35,1,4,3228.6,1610.9,3083.3,1463.6,33.9,29.3,506.7,73.4,281.6,81.8,1604.9,863.5,122.8,0.0,125.4,0.0,125.5,128.5,308.4,316.4,2.0,0.0,6.0,0.0,33.9,0.0,0.0,29.3
1221,350316,35,1,3,604.5,289.5,531.2,216.0,6.6,4.8,98.2,4.3,54.5,2.4,296.1,167.2,19.3,0.0,20.0,0.0,11.0,11.2,30.1,30.9,1.0,0.0,1.0,0.0,6.6,0.0,0.0,4.8
1222,350317,35,1,4,1614.5,4275.6,1199.1,3775.8,3.6,75.7,52.7,1193.5,29.9,276.9,179.0,1380.1,12.6,0.0,13.1,0.0,360.8,370.5,538.9,554.8,1.0,0.0,11.0,0.0,3.6,0.0,0.0,75.7
1223,350318,35,1,4,2589.2,1084.0,2445.6,946.2,29.4,18.9,437.9,82.8,251.2,6.9,1359.8,674.4,104.2,0.0,106.4,0.0,50.4,51.8,126.7,130.3,5.0,0.0,4.0,0.0,29.4,0.0,0.0,18.9
1224,350319,35,1,4,271.4,919.2,106.9,735.8,0.0,14.7,0.0,450.3,0.0,19.4,5.0,166.7,0.0,0.0,0.0,0.0,72.9,74.8,24.0,24.7,0.0,0.0,5.0,0.0,0.0,0.0,0.0,14.7
1225,350320,35,1,4,1528.2,4462.1,1194.1,4036.2,0.0,85.3,0.0,447.2,0.0,799.4,8.0,1575.8,0.0,0.0,0.0,0.0,291.7,299.7,886.4,914.2,0.0,0.0,8.0,0.0,0.0,0.0,0.0,85.3
1226,350321,35,1,4,3780.0,7587.2,3315.3,6929.1,6.0,146.0,96.0,911.1,52.0,1603.2,309.2,1542.3,10.4,0.0,10.9,0.0,718.9,740.0,2061.8,2132.5,4.0,0.0,52.0,0.0,6.0,0.0,0.0,146.0
1227,350322,35,1,4,5480.9,6363.7,4985.1,5760.5,44.2,119.7,705.6,908.5,379.5,784.7,1906.8,2249.0,80.2,0.0,82.0,0.0,504.0,518.9,1256.0,1299.5,43.0,0.0,28.0,0.0,44.2,0.0,0.0,119.7
1228,350323,35,1,4,4355.1,5003.0,3874.6,4436.3,37.2,90.0,601.8,903.2,323.8,219.1,1629.8,2150.9,67.4,0.0,69.0,0.0,402.1,414.7,722.6,748.4,29.0,0.0,29.0,0.0,37.2,0.0,0.0,90.0
1229,350324,35,1,4,3069.3,3230.2,2833.3,2934.9,21.2,59.7,344.8,483.7,188.6,188.0,929.3,960.8,34.3,0.0,35.4,0.0,415.0,428.2,843.8,874.2,23.0,0.0,19.0,0.0,21.2,0.0,0.0,59.7
1230,350325,35,1,4,3791.5,7087.7,3255.2,6415.2,11.6,131.7,187.0,1379.8,100.8,792.4,511.4,1761.3,20.8,0.0,21.5,0.0,759.3,782.9,1638.4,1698.8,4.0,0.0,12.0,0.0,11.6,0.0,0.0,131.7
1231,350326,35,1,4,6747.7,8922.6,6254.9,8335.5,53.5,124.3,866.7,1376.8,458.1,217.1,2469.5,2947.5,148.3,690.5,151.7,0.0,776.7,800.9,1296.0,1342.7,68.0,960.0,20.0,0.0,53.5,0.0,0.0,124.3
1232,350327,35,1,4,6145.9,3174.8,5867.4,2890.4,68.2,56.5,1177.2,78.4,603.4,36.3,3058.1,2109.1,131.5,0.0,134.3,0.0,186.2,191.8,458.7,474.8,104.0,0.0,14.0,0.0,68.2,0.0,0.0,56.5
1233,350328,35,1,4,5184.1,3216.5,4901.7,2914.0,53.2,56.3,928.8,309.9,471.6,40.4,2386.7,1778.1,102.9,0.0,105.1,0.0,251.5,259.0,509.0,526.6,131.0,0.0,15.0,0.0,53.2,0.0,0.0,56.3
1234,350329,35,1,4,5663.4,4051.3,5341.9,3699.7,55.3,71.0,968.6,282.6,487.3,380.1,2490.3,1895.3,111.6,0.0,114.0,0.0,296.6,305.5,808.7,836.1,53.0,0.0,12.0,0.0,55.3,0.0,0.0,71.0
1235,350330,35,1,4,6166.4,5103.0,5800.0,4698.1,57.2,77.1,1006.6,466.8,512.6,191.0,2632.3,2119.6,114.8,571.8,117.5,0.0,416.6,429.0,890.6,919.8,98.0,0.0,11.0,0.0,57.2,0.0,0.0,77.1
1236,350331,35,1,4,4666.6,3413.4,4397.0,3113.7,45.7,58.2,801.9,400.7,427.5,134.8,2151.5,1799.3,93.0,4.0,95.0,0.0,233.3,240.0,518.8,534.9,66.0,0.0,10.0,0.0,45.7,0.0,0.0,58.2
1237,350332,35,1,3,1911.9,1077.3,1740.4,885.0,19.3,17.7,341.4,34.0,176.7,25.6,861.0,549.4,36.9,0.0,37.8,0.0,79.9,82.3,187.8,193.7,14.0,0.0,5.0,0.0,19.3,0.0,0.0,17.7
1238,350333,35,1,4,5628.4,2932.8,5330.1,2617.5,56.0,48.4,1042.5,76.6,516.1,70.2,2620.6,1710.7,119.8,0.0,122.5,0.0,218.2,224.2,520.2,535.7,159.0,0.0,11.0,0.0,56.0,0.0,0.0,48.4
1239,350334,35,1,3,2238.4,984.3,2034.3,755.6,22.9,14.9,421.2,1.3,200.1,0.0,1049.0,599.7,56.1,0.0,57.5,0.0,41.7,42.7,108.8,112.0,93.0,0.0,7.0,0.0,22.9,0.0,0.0,14.9
1240,350335,35,1,3,4811.8,3006.7,4556.2,2717.7,45.1,52.8,789.4,190.8,415.2,228.8,2169.5,1379.0,112.3,0.0,115.0,0.0,254.5,261.8,638.4,657.2,52.0,0.0,10.0,0.0,45.1,0.0,0.0,52.8
1241,350336,35,1,3,3531.7,2563.8,3335.2,2343.2,35.3,31.2,624.9,140.1,320.6,39.6,1741.3,1016.1,109.3,0.0,111.8,739.5,123.8,126.8,273.5,280.9,18.0,0.0,12.0,0.0,35.3,0.0,0.0,31.2
1242,350337,35,1,4,5293.2,2205.8,4959.5,1863.7,51.8,34.9,937.1,103.7,471.2,73.6,2630.2,1273.8,223.2,0.0,227.8,0.0,113.8,116.4,289.2,296.2,54.0,0.0,13.0,0.0,51.8,0.0,0.0,34.9
1243,350338,35,1,3,6273.6,7287.3,5787.3,6669.4,36.3,131.7,669.3,714.6,360.6,1182.8,1748.6,1977.4,69.1,0.0,70.8,0.0,756.7,777.4,1969.2,2017.3,125.0,0.0,18.0,0.0,36.3,0.0,0.0,131.7
1244,350339,35,1,3,3394.7,2972.1,3061.3,2568.7,26.9,50.3,531.2,305.2,250.1,199.1,1299.3,1274.6,63.5,0.0,65.1,0.0,237.2,243.4,533.9,546.3,61.0,0.0,20.0,0.0,26.9,0.0,0.0,50.3
1245,350340,35,1,3,4904.9,2814.5,4648.2,2536.1,50.1,35.3,966.5,39.7,490.0,0.0,2495.7,1463.7,130.2,634.8,133.2,0.0,114.7,117.4,274.8,280.5,25.0,0.0,18.0,0.0,50.1,0.0,0.0,35.3
1246,350341,35,1,4,1698.2,4609.1,1258.6,4072.6,0.0,90.3,0.0,925.8,0.0,965.8,12.0,928.5,0.0,0.0,0.0,0.0,348.8,355.4,885.8,897.1,0.0,0.0,12.0,0.0,0.0,0.0,0.0,90.3
1247,350342,35,1,4,3013.9,10624.3,1271.6,8652.7,0.0,185.2,0.0,4027.1,0.0,190.8,38.0,3214.9,0.0,0.0,0.0,0.0,709.2,724.6,486.4,495.4,0.0,0.0,38.0,0.0,0.0,0.0,0.0,185.2
1248,350343,35,1,4,62.4,58.9,0.0,0.0,0.0,0.0,0.0,0.0,0.0,0.0,0.0,0.0,0.0,0.0,0.0,0.0,0.0,0.0,0.0,0.0,0.0,0.0,0.0,0.0,0.0,0.0,0.0,0.0
1249,350344,35,1,4,1944.6,6301.9,1232.2,5455.0,1.2,118.5,17.5,2026.3,9.9,537.9,69.6,1748.8,3.9,0.0,4.0,0.0,466.5,477.5,647.8,664.4,0.0,0.0,13.0,0.0,1.2,0.0,0.0,118.5
1250,350345,35,1,4,2354.1,5620.9,1884.1,5018.2,0.0,117.4,0.0,853.3,0.0,1275.4,16.0,986.5,0.0,0.0,0.0,0.0,475.7,487.8,1376.3,1415.2,0.0,0.0,16.0,0.0,0.0,0.0,0.0,117.4
1251,350346,35,1,4,503.3,1447.1,346.0,1262.7,0.0,28.0,0.0,325.3,0.0,197.0,2.0,389.3,0.0,0.0,0.0,0.0,107.0,109.7,234.9,241.5,0.0,0.0,2.0,0.0,0.0,0.0,0.0,28.0
1252,350347,35,1,4,403.8,1076.0,247.1,898.5,0.0,17.0,0.0,269.9,0.0,53.9,6.0,333.3,0.0,0.0,0.0,0.0,94.7,96.8,140.4,144.6,0.0,0.0,6.0,0.0,0.0,0.0,0.0,17.0
1253,350348,35,1,4,6897.0,13288.0,6285.5,12337.3,3.7,273.9,61.9,1197.8,33.1,3577.4,215.2,1474.1,5.1,0.0,5.3,0.0,1435.7,1476.4,4460.1,4611.5,3.0,0.0,66.0,0.0,3.7,0.0,0.0,273.9
1254,350349,35,1,4,4078.3,6570.7,3620.3,5981.3,22.5,130.3,377.8,1029.9,200.7,1173.7,922.4,1678.5,31.6,0.0,32.6,0.0,557.5,573.6,1475.8,1525.5,2.0,0.0,20.0,0.0,22.5,0.0,0.0,130.3
1255,350350,35,1,4,2921.5,3101.5,2678.9,2820.1,30.1,60.8,500.8,464.1,275.4,75.9,1206.4,1653.8,36.7,0.0,37.8,0.0,213.6,219.8,393.2,406.4,9.0,0.0,6.0,0.0,30.1,0.0,0.0,60.8
1256,350351,35,1,4,3285.6,3076.5,3064.3,2813.9,33.4,60.8,554.3,281.2,304.6,149.9,1340.7,1605.9,39.7,0.0,40.8,0.0,230.2,237.0,521.9,539.9,20.0,0.0,12.0,0.0,33.4,0.0,0.0,60.8
1257,350352,35,1,4,3014.7,6858.4,2587.9,6292.3,8.0,134.5,132.0,2214.8,72.0,534.6,328.2,1453.7,10.8,0.0,11.1,0.0,651.7,671.6,1369.0,1417.6,3.0,0.0,10.0,0.0,8.0,0.0,0.0,134.5
1258,350353,35,1,4,14752.9,29248.9,13310.8,27274.6,71.0,556.9,1157.6,7759.8,683.2,597.9,2949.2,10311.5,78.6,0.0,80.5,0.0,3505.7,3614.9,4816.1,4990.4,20.0,0.0,20.0,0.0,71.0,0.0,0.0,556.9
1259,350354,35,1,4,7136.0,7745.1,6532.0,7041.8,65.0,146.3,1091.6,1135.6,598.1,519.4,2795.4,3533.6,97.0,0.0,99.2,0.0,560.6,577.2,1233.0,1275.9,46.0,0.0,11.0,0.0,65.0,0.0,0.0,146.3
1260,350355,35,1,4,7709.0,5729.8,7246.5,5215.5,73.0,107.4,1244.2,465.3,652.0,311.7,3246.0,2635.4,135.1,0.0,137.7,0.0,536.2,552.0,1209.4,1251.0,75.0,0.0,11.0,0.0,73.0,0.0,0.0,107.4
1261,350356,35,1,4,6036.4,5454.0,5584.7,4935.5,51.4,98.8,892.8,684.5,455.8,371.7,2309.5,2164.6,101.8,0.0,104.1,0.0,521.0,536.3,1139.8,1178.3,45.0,0.0,15.0,0.0,51.4,0.0,0.0,98.8
1262,350357,35,1,4,3575.3,2640.6,3363.4,2406.1,36.7,47.9,646.0,191.2,349.5,116.9,1616.2,1482.6,54.3,0.0,55.7,0.0,173.1,178.1,423.7,437.3,37.0,0.0,8.0,0.0,36.7,0.0,0.0,47.9
1263,350358,35,1,4,2599.5,4285.8,2377.5,4012.2,16.8,57.7,314.4,624.7,162.0,98.2,735.4,1295.7,22.4,0.0,23.2,0.0,326.0,335.6,541.0,557.8,244.0,1100.0,9.0,0.0,16.8,0.0,0.0,57.7
1264,350359,35,1,4,5062.3,4664.1,4696.8,4228.9,39.6,81.4,726.4,551.4,370.5,271.5,1803.4,1708.1,66.8,0.0,68.4,55.7,509.2,523.4,1086.0,1118.7,45.0,0.0,21.0,0.0,39.6,0.0,0.0,81.4
1265,350360,35,1,3,4927.1,2260.2,4685.3,2001.7,53.2,41.6,930.8,25.3,481.0,28.4,2497.2,1525.7,133.8,0.0,136.7,0.0,114.7,117.7,296.1,304.7,84.0,0.0,11.0,0.0,53.2,0.0,0.0,41.6
1266,350361,35,1,3,4130.6,2000.6,3919.8,1772.7,43.5,36.5,798.8,22.9,400.5,16.9,2045.0,1362.1,91.1,0.0,93.2,0.0,100.7,103.5,260.3,267.4,123.0,0.0,7.0,0.0,43.5,0.0,0.0,36.5
1267,350362,35,1,3,4405.2,2247.8,4189.6,2011.5,44.9,41.6,806.6,68.6,413.1,88.7,2181.0,1382.8,113.7,0.0,116.4,0.0,124.8,127.9,335.0,343.5,92.0,0.0,7.0,0.0,44.9,0.0,0.0,41.6
1268,350363,35,1,3,6125.5,4455.1,5837.5,4093.1,58.1,71.5,1084.5,166.7,545.5,372.2,2853.9,1913.9,143.9,626.7,147.1,0.0,258.5,265.4,730.2,748.2,36.0,0.0,38.0,0.0,58.1,0.0,0.0,71.5
1269,350364,35,1,3,4266.2,3773.9,4043.0,3521.8,41.3,46.8,771.0,226.7,396.0,12.9,2024.8,1487.4,92.3,578.0,94.4,619.2,199.9,205.0,383.6,392.4,73.0,0.0,8.0,0.0,41.3,0.0,0.0,46.8
1270,350365,35,1,3,4246.5,1956.1,3987.6,1671.5,41.6,32.9,822.6,22.7,403.3,15.3,2012.1,1232.3,92.3,0.0,94.5,0.0,113.1,115.9,278.8,285.2,162.0,0.0,9.0,0.0,41.6,0.0,0.0,32.9
1271,350366,35,1,4,3182.6,3476.1,2902.1,3143.5,23.6,67.5,417.4,360.0,210.7,391.6,1003.1,1182.2,35.1,0.0,36.0,0.0,340.4,350.8,830.4,858.8,22.0,0.0,7.0,0.0,23.6,0.0,0.0,67.5
1272,350367,35,1,4,3193.9,3950.9,2913.6,3596.9,19.0,76.1,341.2,459.8,177.6,492.4,804.1,1090.9,23.3,0.0,24.1,0.0,442.2,455.2,1063.1,1098.6,23.0,0.0,15.0,0.0,19.0,0.0,0.0,76.1
1273,350368,35,1,4,10416.4,9632.3,9788.3,8844.9,87.1,184.2,1587.1,679.9,822.2,889.7,3702.1,3893.7,112.4,0.0,114.7,0.0,946.8,975.1,2328.9,2406.5,124.0,0.0,50.0,0.0,87.1,0.0,0.0,184.2
1274,350369,35,1,4,4105.8,5047.8,3756.5,4610.6,21.4,95.4,373.7,512.7,205.0,684.2,935.4,1184.0,27.0,0.0,27.9,0.0,637.3,656.3,1522.1,1573.4,17.0,0.0,11.0,0.0,21.4,0.0,0.0,95.4
1275,350370,35,1,4,5341.3,10147.0,4778.5,9335.7,10.3,197.7,188.9,1586.5,98.8,2003.7,488.4,1809.7,12.0,0.0,12.3,0.0,990.0,1019.2,2825.2,2916.7,106.0,0.0,57.0,0.0,10.3,0.0,0.0,197.7
1276,350371,35,1,4,5072.7,5320.2,4663.6,4832.2,43.5,99.4,804.8,503.5,413.9,412.0,1878.7,2521.9,56.4,0.0,57.7,0.0,394.9,406.6,957.1,988.1,83.0,0.0,17.0,0.0,43.5,0.0,0.0,99.4
1277,350372,35,1,4,235.6,3146.7,158.4,3051.6,0.0,8.9,0.0,158.4,0.0,0.0,9.0,147.9,0.0,0.0,0.0,2601.0,64.2,66.0,76.3,78.3,0.0,0.0,9.0,0.0,0.0,0.0,0.0,8.9
1278,350373,35,1,3,4434.5,2343.6,4184.8,2056.0,46.1,42.4,863.2,109.9,416.4,8.0,2158.8,1505.7,100.5,0.0,102.9,0.0,128.3,131.8,292.7,300.6,103.0,0.0,19.0,0.0,46.1,0.0,0.0,42.4
1279,350374,35,1,3,2766.4,1541.8,2526.5,1267.5,26.7,25.9,509.6,102.2,241.6,99.9,1297.0,751.5,77.9,0.0,79.8,0.0,82.3,84.6,224.1,229.4,6.0,0.0,8.0,0.0,26.7,0.0,0.0,25.9
1280,350375,35,1,3,6551.0,4526.5,6203.3,4124.7,61.3,84.5,1135.7,435.2,591.7,176.7,3067.9,2511.3,139.1,0.0,142.2,0.0,292.7,300.4,684.9,701.0,136.0,0.0,13.0,0.0,61.3,0.0,0.0,84.5
1281,350376,35,1,3,4802.6,3056.9,4450.4,2667.1,46.9,53.8,928.8,502.4,453.6,0.0,2274.7,1668.3,106.6,0.0,108.9,0.0,169.2,173.2,316.6,323.2,76.0,0.0,16.0,0.0,46.9,0.0,0.0,53.8
1282,350377,35,1,3,2962.8,1863.6,2790.1,1673.4,32.9,39.0,547.4,69.2,274.5,110.4,1409.8,1066.6,59.9,0.0,61.5,0.0,110.8,114.0,303.1,313.2,17.0,0.0,6.0,0.0,32.9,0.0,0.0,39.0
1283,350378,35,1,4,1953.2,1260.1,1806.5,1103.3,21.5,24.0,381.0,40.1,191.4,26.0,916.6,797.7,33.2,0.0,34.2,0.0,65.8,67.8,166.2,171.6,12.0,0.0,6.0,0.0,21.5,0.0,0.0,24.0
1284,350379,35,1,3,3516.0,1994.4,3338.7,1802.0,41.4,41.8,692.1,31.0,358.7,19.2,1753.2,1371.9,67.3,0.0,69.1,0.0,104.1,107.0,264.2,272.8,23.0,0.0,7.0,0.0,41.4,0.0,0.0,41.8
1285,350380,35,1,4,1333.9,856.8,1220.7,738.2,15.1,16.1,269.5,4.6,139.6,3.0,620.6,581.4,19.6,0.0,20.3,0.0,40.3,41.2,104.6,108.0,3.0,0.0,3.0,0.0,15.1,0.0,0.0,16.1
1286,350381,35,1,4,3885.6,2483.7,3672.6,2251.3,42.4,44.8,751.8,60.0,412.8,55.1,1832.8,1640.4,53.2,0.0,54.4,0.0,135.3,139.1,346.2,356.7,73.0,0.0,13.0,0.0,42.4,0.0,0.0,44.8
1287,350382,35,1,4,1679.7,2447.4,1477.9,2206.6,10.6,45.6,194.8,310.9,99.9,322.3,455.5,865.6,16.3,0.0,16.9,0.0,191.0,196.3,495.4,511.4,3.0,0.0,5.0,0.0,10.6,0.0,0.0,45.6
1288,350383,35,1,4,5259.2,8233.8,4761.2,7544.5,16.6,164.3,302.1,1283.5,157.8,1431.4,731.3,1252.8,18.5,0.0,19.1,0.0,982.6,1010.9,2487.7,2565.9,23.0,0.0,39.0,0.0,16.6,0.0,0.0,164.3
1289,350384,35,1,4,1343.2,914.3,1224.0,787.7,14.7,16.7,258.4,24.1,142.3,6.5,631.5,617.5,18.6,0.0,19.1,0.0,38.9,39.7,97.3,99.9,14.0,0.0,4.0,0.0,14.7,0.0,0.0,16.7
1290,350385,35,1,3,6632.3,3430.5,6310.2,3088.6,74.0,66.4,1270.4,149.9,656.5,16.4,3335.9,2261.5,153.4,0.0,156.7,0.0,194.5,199.9,447.7,460.8,82.0,0.0,13.0,0.0,74.0,0.0,0.0,66.4
1291,350386,35,1,3,4975.8,2675.2,4694.9,2366.4,49.2,45.7,845.8,128.6,444.0,66.6,2420.4,1659.9,167.5,50.9,171.2,5.9,132.4,135.8,310.5,318.7,192.0,0.0,11.0,0.0,49.2,0.0,0.0,45.7
1292,350387,35,1,3,3827.4,2650.7,3538.5,2323.2,34.4,46.2,644.5,195.7,334.1,114.5,1710.9,1397.6,92.2,0.0,94.3,0.0,186.5,191.0,415.0,424.3,50.0,0.0,11.0,0.0,34.4,0.0,0.0,46.2
1293,350388,35,1,3,4381.2,6999.0,3953.0,6419.2,18.4,133.5,341.7,823.9,181.6,1333.9,931.5,1836.3,37.3,0.0,38.4,0.0,621.8,637.9,1748.7,1787.2,26.0,0.0,26.0,0.0,18.4,0.0,0.0,133.5
1294,350389,35,1,3,43.3,103.5,2.6,59.0,0.0,1.4,0.0,5.7,0.0,0.0,1.0,52.7,0.0,0.0,0.0,0.0,0.6,0.6,0.0,0.0,0.0,0.0,1.0,0.0,0.0,0.0,0.0,1.4
1295,350390,35,1,3,1438.8,1608.5,1334.6,1496.0,16.0,16.6,269.6,54.6,144.9,0.0,695.2,561.5,25.2,612.3,25.9,93.2,55.7,57.1,114.1,117.3,0.0,0.0,4.0,0.0,16.0,0.0,0.0,16.6
1296,350391,35,1,4,3040.8,1643.0,2875.2,1474.6,34.8,28.7,597.4,42.4,319.2,0.0,1541.2,1145.6,58.6,0.0,60.2,0.0,82.1,84.5,196.4,202.1,15.0,0.0,5.0,0.0,34.8,0.0,0.0,28.7
1297,350392,35,1,4,4108.4,3454.9,3830.5,3142.1,41.8,62.2,739.5,363.8,414.6,155.9,1827.9,1907.8,53.8,0.0,55.2,0.0,206.4,212.1,488.1,502.6,34.0,0.0,11.0,0.0,41.8,0.0,0.0,62.2
1298,350393,35,1,4,7561.9,4619.9,7213.4,4254.8,75.2,72.8,1317.7,180.3,669.6,251.3,3618.0,2289.8,202.1,324.1,206.3,88.9,307.8,316.0,782.9,804.4,94.0,0.0,15.0,0.0,75.2,0.0,0.0,72.8
1299,350394,35,1,3,3131.6,2672.6,2936.9,2453.3,31.8,33.9,575.9,135.7,298.1,57.3,1470.4,1131.7,62.1,702.2,63.7,0.0,129.0,132.2,286.7,294.2,43.0,0.0,8.0,0.0,31.8,0.0,0.0,33.9
1300,350395,35,1,3,2374.4,1989.0,2184.1,1761.5,19.3,34.5,333.3,359.5,172.3,226.4,955.9,586.5,66.1,0.0,67.7,0.0,161.9,166.1,413.0,423.0,8.0,0.0,6.0,0.0,19.3,0.0,0.0,34.5
1301,350396,35,1,4,8081.8,11804.5,7411.6,10951.5,45.7,202.2,813.9,810.6,456.3,2487.3,2038.9,3633.4,59.9,0.0,61.3,0.0,937.3,962.6,2974.1,3057.7,50.0,0.0,20.0,0.0,45.7,0.0,0.0,202.2
1302,350397,35,1,2,375.8,1230.3,216.4,1044.0,0.4,27.7,5.3,445.4,3.5,78.8,22.5,340.6,2.0,0.0,2.0,0.0,91.8,92.4,88.3,86.7,0.0,0.0,1.0,0.0,0.4,0.0,0.0,27.7
1303,350398,35,1,3,4091.3,3312.2,3820.9,2998.4,36.7,75.0,633.7,383.7,356.8,210.7,1938.3,1789.0,130.2,0.0,132.9,0.0,198.6,199.8,426.4,415.1,1.0,0.0,3.0,0.0,36.7,0.0,0.0,75.0
1304,350399,35,1,3,2793.1,1361.8,2660.6,1216.5,27.1,31.2,506.8,19.7,264.7,11.1,1477.2,965.9,92.0,0.0,94.2,0.0,63.6,63.9,160.1,155.8,0.0,0.0,2.0,0.0,27.1,0.0,0.0,31.2
1305,350400,35,1,3,615.7,2187.7,200.1,1725.6,0.2,45.7,2.4,761.3,1.7,74.8,7.7,703.4,0.3,0.0,0.3,0.0,124.4,125.1,62.3,61.0,0.0,0.0,1.0,0.0,0.2,0.0,0.0,45.7
1306,350401,35,1,3,14418.4,13488.4,13791.4,12775.8,144.4,192.9,2309.7,715.9,1297.2,296.1,7200.6,4895.4,544.6,806.8,555.7,4277.9,595.0,595.9,1228.5,1187.7,38.0,0.0,22.0,0.0,144.4,0.0,0.0,192.9
1307,350402,35,1,3,4115.1,2756.8,3942.7,2562.7,39.6,47.2,743.9,63.7,385.6,19.4,2174.2,1429.3,134.2,696.6,137.3,0.0,108.8,109.0,252.7,244.7,1.0,0.0,5.0,0.0,39.6,0.0,0.0,47.2
1308,350403,35,1,3,6188.9,2789.6,5929.1,2501.5,58.0,63.6,1173.6,10.3,617.8,0.0,3270.6,2051.6,196.5,0.0,200.7,0.0,125.1,125.9,321.8,313.8,14.0,0.0,9.0,0.0,58.0,0.0,0.0,63.6
1309,350404,35,1,3,11626.4,5249.5,11215.1,4811.7,108.5,105.8,2003.6,111.4,1085.8,11.0,6271.0,3235.7,538.1,576.5,549.1,136.3,219.3,220.8,532.2,519.9,8.0,0.0,8.0,0.0,108.5,0.0,0.0,105.8
1310,350405,35,1,3,12623.0,4469.4,12228.8,4045.3,107.4,100.0,2086.5,17.4,1211.9,44.9,6877.2,3258.8,623.1,0.0,635.6,0.0,205.7,206.5,535.8,517.8,35.0,0.0,18.0,0.0,107.4,0.0,0.0,100.0
1311,350406,35,1,3,8685.6,4061.0,8343.7,3673.6,72.8,92.0,1469.6,146.1,812.7,95.4,4516.2,2624.6,342.6,0.0,349.8,0.0,246.9,247.2,580.9,560.3,15.0,0.0,10.0,0.0,72.8,0.0,0.0,92.0
1312,350407,35,1,3,9857.0,5725.9,9467.9,5278.5,87.9,114.8,1794.2,166.5,934.6,138.7,5005.7,3399.4,301.2,632.7,307.7,0.0,280.8,281.9,677.5,659.3,150.0,0.0,16.0,0.0,87.9,0.0,0.0,114.8
1313,350408,35,1,3,11324.9,4468.4,10896.7,4020.8,94.9,93.5,2062.3,136.6,1046.1,4.9,6067.5,3202.8,509.0,0.0,519.1,0.0,195.7,196.6,493.9,479.9,1.0,0.0,2.0,0.0,94.9,0.0,0.0,93.5
1314,350409,35,1,3,7080.4,5624.1,6751.9,5221.0,52.9,102.2,1136.0,305.4,589.3,240.6,3268.7,2386.0,191.9,1092.6,196.0,0.0,386.0,386.0,841.1,810.4,129.0,0.0,14.0,0.0,52.9,0.0,0.0,102.2
1315,350410,35,1,3,8469.6,9343.2,7891.0,8575.6,45.2,212.7,931.7,640.9,509.2,2120.2,2869.2,2773.0,217.5,0.0,222.3,0.0,824.7,822.6,2303.5,2218.9,3.0,0.0,10.0,0.0,45.2,0.0,0.0,212.7
1316,350411,35,1,3,13091.5,8756.7,12589.0,8178.8,110.6,143.1,2091.4,483.8,1184.3,318.8,6776.9,3843.4,609.4,627.6,621.6,1651.0,390.5,391.9,886.9,862.1,3.0,0.0,25.0,0.0,110.6,0.0,0.0,143.1
1317,350412,35,1,3,1040.8,798.8,923.0,668.9,7.7,16.0,158.4,91.1,83.6,31.3,491.3,438.4,38.5,0.0,39.4,0.0,37.8,37.9,72.9,70.2,0.0,0.0,1.0,0.0,7.7,0.0,0.0,16.0
1318,350413,35,1,3,3693.2,1486.2,3536.1,1317.7,31.1,31.9,638.0,2.8,350.4,0.0,1979.6,1087.1,156.1,0.0,159.8,0.0,65.2,65.4,168.1,162.4,17.0,0.0,2.0,0.0,31.1,0.0,0.0,31.9
1319,350414,35,1,3,444.4,1559.9,173.7,1256.0,0.0,29.6,0.0,593.8,0.0,71.7,1.0,420.3,0.0,0.0,0.0,0.0,106.9,107.4,64.9,62.8,0.0,0.0,1.0,0.0,0.0,0.0,0.0,29.6
1320,350415,35,1,3,5570.9,2189.3,5345.5,1949.9,47.4,45.3,977.8,4.8,524.5,0.0,2973.0,1605.6,240.6,0.0,245.6,0.0,96.8,97.0,249.0,242.4,33.0,0.0,5.0,0.0,47.4,0.0,0.0,45.3
1321,350416,35,1,2,395.3,1740.6,149.3,1454.7,0.0,38.4,0.0,685.1,0.0,40.3,4.0,588.2,0.0,0.0,0.0,0.0,87.1,87.9,54.2,53.2,0.0,0.0,4.0,0.0,0.0,0.0,0.0,38.4
1322,350417,35,1,2,370.0,1336.9,139.9,1078.9,0.0,27.3,0.0,361.1,0.0,55.3,2.0,527.0,0.0,0.0,0.0,0.0,71.2,71.8,64.6,63.6,0.0,0.0,2.0,0.0,0.0,0.0,0.0,27.3
1323,350418,35,1,3,264.6,578.1,171.0,467.1,0.0,12.4,0.0,52.4,0.0,169.7,1.0,77.5,0.0,0.0,0.0,0.0,37.3,37.4,131.7,130.1,0.0,0.0,1.0,0.0,0.0,0.0,0.0,12.4
1324,350419,35,1,4,2732.7,9840.9,1524.7,8417.9,0.0,193.0,0.0,2110.5,0.0,1060.6,26.0,3775.0,0.0,0.0,0.0,0.0,549.6,555.7,923.1,916.1,0.0,0.0,26.0,0.0,0.0,0.0,0.0,193.0
1325,350420,35,1,4,2340.3,8899.9,842.5,7217.7,0.0,162.1,0.0,3614.1,0.0,283.8,23.0,2515.2,0.0,0.0,0.0,0.0,527.0,534.8,269.5,269.8,0.0,0.0,23.0,0.0,0.0,0.0,0.0,162.1
1326,350421,35,1,4,3994.3,12536.8,2339.8,10622.6,0.0,225.1,0.0,5298.9,0.0,1424.8,32.0,1604.8,0.0,0.0,0.0,0.0,1054.8,1070.0,1221.0,1224.1,0.0,0.0,32.0,0.0,0.0,0.0,0.0,225.1
1327,350422,35,1,4,7284.2,11594.3,5830.6,9949.4,50.2,193.9,720.8,4076.3,461.6,276.0,2680.1,3238.6,254.9,276.6,259.9,665.3,805.1,817.6,596.1,599.1,12.0,0.0,40.0,0.0,50.2,0.0,0.0,193.9
1328,350423,35,1,4,3149.2,11399.3,1470.8,9486.8,0.0,204.3,0.0,3994.4,0.0,698.5,26.0,3358.3,0.0,0.0,0.0,0.0,711.7,723.8,707.2,711.8,0.0,0.0,26.0,0.0,0.0,0.0,0.0,204.3
1329,350424,35,1,4,734.4,2680.1,301.0,2197.3,0.0,44.7,0.0,1241.2,0.0,71.8,6.0,591.3,0.0,0.0,0.0,0.0,208.0,211.7,81.0,81.3,0.0,0.0,6.0,0.0,0.0,0.0,0.0,44.7
1330,350425,35,1,4,5784.6,18160.5,3631.5,15638.9,0.0,323.1,0.0,6063.5,0.0,1076.5,32.0,4868.0,0.0,0.0,0.0,0.0,1576.8,1608.6,1990.7,2022.4,0.0,0.0,32.0,0.0,0.0,0.0,0.0,323.1
1331,350426,35,1,4,9465.5,12916.9,8372.3,11662.9,87.3,218.1,1416.8,2364.1,755.1,278.6,4044.6,6091.0,227.1,910.4,231.8,334.5,637.8,650.9,1017.1,1033.4,16.0,0.0,26.0,0.0,87.3,0.0,0.0,218.1
1332,350427,35,1,2,1692.9,4099.7,1080.6,3397.9,5.7,89.7,99.6,1378.0,56.8,213.1,341.3,1295.8,33.1,0.0,34.0,0.0,276.7,278.9,236.0,232.1,0.0,0.0,3.0,0.0,5.7,0.0,0.0,89.7
1333,350428,35,1,3,144.8,1345.3,63.2,1254.4,0.0,5.9,0.0,72.8,0.0,1.5,0.0,83.3,0.0,821.2,0.0,213.3,28.1,28.3,35.1,34.2,0.0,0.0,0.0,0.0,0.0,0.0,0.0,5.9
1334,350429,35,1,3,5066.8,4880.7,4732.4,4446.8,34.9,109.7,585.3,381.5,336.8,971.6,1960.8,1651.4,183.2,0.0,187.4,0.0,378.4,381.7,1076.5,1060.5,6.0,0.0,18.0,0.0,34.9,0.0,0.0,109.7
1335,350430,35,1,4,5609.9,13410.9,4295.8,11775.0,0.0,263.2,0.0,2736.3,0.0,2061.6,61.0,2826.2,0.0,0.0,0.0,0.0,1369.0,1381.7,2804.7,2769.2,0.0,0.0,61.0,0.0,0.0,0.0,0.0,263.2
1336,350431,35,1,4,235.6,2808.7,100.2,2619.8,0.0,52.7,0.0,2261.9,0.0,14.2,8.0,205.9,0.0,53.5,0.0,0.0,46.9,47.4,37.2,36.9,0.0,0.0,8.0,0.0,0.0,0.0,0.0,52.7
1337,350432,35,1,4,1799.3,10775.5,775.5,9543.1,0.0,188.3,0.0,2007.5,0.0,202.3,23.0,6599.6,0.0,0.0,0.0,0.0,341.6,346.0,387.9,387.7,0.0,0.0,23.0,0.0,0.0,0.0,0.0,188.3
1338,350433,35,1,3,6897.0,3230.9,6614.3,2927.2,61.8,55.3,1152.0,79.8,630.3,0.0,3657.0,1718.1,354.0,709.9,361.6,0.0,130.8,131.7,293.5,287.7,25.0,0.0,10.0,0.0,61.8,0.0,0.0,55.3
1339,350434,35,1,3,3304.4,1181.9,3150.0,1021.8,29.5,26.0,524.2,12.7,299.0,4.6,1780.3,826.3,177.0,0.0,181.0,0.0,51.0,51.2,129.4,127.1,6.0,0.0,2.0,0.0,29.5,0.0,0.0,26.0
1340,350435,35,1,3,3978.8,1615.3,3804.5,1433.2,37.6,32.8,701.4,3.1,392.7,0.0,2129.1,1177.3,157.1,0.0,160.5,0.0,71.5,72.0,184.1,180.8,4.0,0.0,4.0,0.0,37.6,0.0,0.0,32.8
1341,350436,35,1,4,3779.6,4390.3,3449.8,3967.3,21.0,90.8,384.5,521.7,214.2,582.7,1188.6,1412.7,86.8,0.0,88.9,0.0,445.0,449.2,1015.8,1001.0,5.0,0.0,21.0,0.0,21.0,0.0,0.0,90.8
1342,350437,35,1,4,15257.7,16296.6,14375.1,15153.7,96.0,281.8,1809.3,1292.8,964.8,1854.9,5432.8,4113.7,379.4,2382.0,387.5,225.3,1610.8,1624.7,3713.5,3660.3,6.0,0.0,71.0,0.0,96.0,0.0,0.0,281.8
1343,350438,35,1,4,1317.2,5516.5,883.5,4984.2,0.0,100.6,0.0,1474.8,0.0,270.8,6.0,2366.0,0.0,0.0,0.0,0.0,345.7,349.6,525.7,522.9,0.0,0.0,6.0,0.0,0.0,0.0,0.0,100.6
1344,350439,35,1,4,349.4,2563.7,117.0,2286.3,0.0,46.6,0.0,1576.9,0.0,24.9,6.0,578.6,0.0,0.0,0.0,0.0,64.0,65.0,40.9,40.9,0.0,0.0,6.0,0.0,0.0,0.0,0.0,46.6
1345,350440,35,1,4,2842.0,1180.0,2700.5,1042.2,28.9,20.4,502.5,2.0,268.9,0.0,1499.3,852.0,108.9,0.0,111.3,0.0,52.2,52.8,135.4,135.3,14.0,0.0,8.0,0.0,28.9,0.0,0.0,20.4
1346,350441,35,1,4,675.3,4531.1,450.3,4271.6,0.0,39.1,0.0,606.7,0.0,86.8,3.0,761.2,0.0,994.2,0.0,1375.4,193.1,196.0,251.2,251.2,0.0,0.0,3.0,0.0,0.0,0.0,0.0,39.1
1347,350442,35,1,4,8009.7,4415.4,7609.3,3986.0,76.0,78.5,1254.3,445.6,701.9,179.5,4028.0,2421.9,338.5,38.7,345.0,0.0,286.7,291.2,607.0,609.1,18.0,0.0,30.0,0.0,76.0,0.0,0.0,78.5
1348,350443,35,1,4,6826.6,4201.9,6554.0,3931.2,67.5,55.6,1110.2,231.4,622.2,54.0,3483.9,2075.2,268.1,795.6,273.7,0.0,249.9,254.4,516.9,520.6,16.0,0.0,13.0,0.0,67.5,0.0,0.0,55.6
1349,350444,35,1,4,4545.7,1546.3,4352.5,1375.2,48.0,25.6,733.0,6.7,413.0,2.3,2455.3,1103.8,236.6,0.0,241.1,0.0,73.4,74.5,186.2,187.8,10.0,0.0,4.0,0.0,48.0,0.0,0.0,25.6
1350,350445,35,1,4,8427.3,7943.6,7886.7,7344.2,70.3,104.6,1038.6,967.4,622.9,445.4,3757.7,2955.7,383.8,367.1,391.4,927.8,536.1,546.3,1120.1,1134.3,8.0,0.0,28.0,0.0,70.3,0.0,0.0,104.6
1351,350446,35,1,4,3601.6,5749.8,3073.6,5152.9,27.3,83.6,463.0,1697.1,260.2,141.2,1345.2,2462.4,73.3,0.0,75.0,0.0,355.4,362.3,483.4,489.7,6.0,0.0,12.0,0.0,27.3,0.0,0.0,83.6
1352,350447,35,1,4,2626.4,3964.9,2374.5,3667.6,21.2,64.0,330.9,568.0,180.3,297.9,976.9,1348.8,56.7,679.2,58.2,0.0,249.3,254.8,511.1,518.9,5.0,0.0,6.0,0.0,21.2,0.0,0.0,64.0
1353,350448,35,1,4,2160.6,1778.2,2019.1,1625.5,21.2,28.4,361.3,185.7,193.6,73.8,996.1,997.0,44.8,0.0,46.1,0.0,112.9,115.1,250.2,253.9,9.0,0.0,5.0,0.0,21.2,0.0,0.0,28.4
1354,350449,35,1,3,10989.5,4867.4,10567.6,4399.6,100.3,106.2,2000.3,75.4,1043.6,54.9,5704.2,3341.4,404.0,0.0,412.2,0.0,274.3,276.0,666.0,651.9,43.0,0.0,20.0,0.0,100.3,0.0,0.0,106.2
1355,350450,35,1,3,8415.1,4050.6,8118.3,3733.9,76.9,61.4,1373.1,99.7,799.1,0.0,4536.7,2066.4,422.3,1061.3,431.1,0.0,158.7,159.8,353.2,346.7,23.0,0.0,21.0,0.0,76.9,0.0,0.0,61.4
1356,350451,35,1,3,4954.5,9747.6,4459.1,9010.7,0.2,203.2,1.9,899.1,1.5,2918.9,41.5,857.6,0.9,0.0,0.9,0.0,1161.2,1169.3,3218.2,3165.7,0.0,0.0,33.0,0.0,0.2,0.0,0.0,203.2
1357,350452,35,1,4,4421.9,3620.2,4140.7,3284.9,26.1,68.5,463.3,312.6,263.5,558.3,1524.2,830.2,137.8,0.0,140.7,0.0,477.2,481.7,1116.9,1102.1,4.0,0.0,13.0,0.0,26.1,0.0,0.0,68.5
1358,350453,35,1,4,7532.3,5236.6,7131.6,4813.4,62.9,77.1,1148.3,364.3,630.8,256.5,3622.0,2332.1,330.3,850.5,337.3,0.0,315.4,318.6,698.4,691.4,36.0,0.0,13.0,0.0,62.9,0.0,0.0,77.1
1359,350454,35,1,4,3780.5,1549.5,3613.1,1382.9,35.5,26.9,670.0,2.8,363.6,0.0,1996.6,1134.2,143.6,0.0,146.7,0.0,69.1,69.8,178.4,176.0,35.0,0.0,10.0,0.0,35.5,0.0,0.0,26.9
1360,350455,35,1,4,5692.1,2973.8,5379.5,2657.5,49.6,49.5,882.8,281.2,510.9,161.6,2852.3,1630.0,254.5,0.0,259.6,0.0,180.0,182.0,405.4,402.6,26.0,0.0,8.0,0.0,49.6,0.0,0.0,49.5
1361,350456,35,1,4,3248.9,2167.0,3085.9,2010.1,30.0,25.1,564.9,54.0,306.0,0.0,1675.1,1008.6,120.5,692.9,123.1,0.0,79.6,80.7,175.8,174.1,38.0,0.0,3.0,0.0,30.0,0.0,0.0,25.1
1362,350457,35,1,4,4849.7,1414.3,4649.0,1239.7,46.1,21.7,759.4,2.5,464.8,0.0,2673.8,1013.8,256.7,0.0,262.0,0.0,62.3,63.0,160.9,160.5,6.0,0.0,3.0,0.0,46.1,0.0,0.0,21.7
1363,350458,35,1,4,9787.6,8010.8,9158.7,7317.7,78.2,130.6,1309.1,1415.8,771.8,600.7,4515.6,3624.5,431.1,0.0,439.5,0.0,548.6,555.9,1124.9,1120.8,4.0,0.0,14.0,0.0,78.2,0.0,0.0,130.6
1364,350459,35,1,4,9684.2,5640.4,9268.8,5198.1,83.7,91.0,1402.0,344.3,832.9,491.8,4766.7,2958.6,418.0,0.0,426.2,0.0,396.4,401.6,1003.6,1001.8,2.0,0.0,21.0,0.0,83.7,0.0,0.0,91.0
1365,350460,35,1,4,2591.3,2031.2,2428.6,1848.7,19.8,36.0,314.5,195.6,188.7,218.7,1068.5,767.0,93.0,0.0,95.1,0.0,199.7,202.7,464.1,464.6,0.0,0.0,5.0,0.0,19.8,0.0,0.0,36.0
1366,350461,35,1,4,9620.6,8525.7,9120.8,7982.5,80.9,113.2,1295.8,732.6,763.8,425.0,4280.0,2926.4,358.5,762.6,365.7,1107.2,655.4,665.3,1359.7,1363.4,29.0,0.0,13.0,0.0,80.9,0.0,0.0,113.2
1367,350462,35,1,4,6079.2,4121.3,5781.6,3790.6,56.5,67.3,976.8,229.3,526.5,386.3,2873.6,2146.8,176.5,0.0,180.0,0.0,280.1,284.9,739.1,743.3,5.0,0.0,24.0,0.0,56.5,0.0,0.0,67.3
1368,350463,35,1,4,4178.6,1961.3,3990.0,1778.2,41.3,30.1,686.6,64.7,371.2,93.3,2174.2,1237.9,179.3,0.0,182.8,0.0,103.5,105.0,275.4,277.3,9.0,0.0,8.0,0.0,41.3,0.0,0.0,30.1
1369,350464,35,1,4,5030.3,9661.7,4252.1,8675.0,0.0,144.7,0.0,1326.4,0.0,867.8,64.0,2301.7,0.0,0.0,0.0,0.0,1356.6,1381.2,2767.5,2798.0,0.0,0.0,64.0,0.0,0.0,0.0,0.0,144.7
1370,350465,35,1,4,7363.0,6605.0,6867.2,6039.2,50.6,102.0,792.9,595.0,442.0,902.7,2590.8,1947.2,229.1,0.0,233.4,0.0,748.8,763.5,1807.4,1830.7,3.0,0.0,20.0,0.0,50.6,0.0,0.0,102.0
1371,350466,35,1,4,6387.4,7004.9,5893.1,6435.2,51.4,109.0,884.1,815.4,472.9,645.8,2443.1,3118.7,111.3,0.0,113.6,0.0,547.3,558.6,1278.7,1296.7,26.0,0.0,16.0,0.0,51.4,0.0,0.0,109.0
1372,350467,35,1,3,9089.8,5205.2,8717.6,4781.2,81.2,98.5,1564.4,237.9,853.4,132.6,4713.4,2967.3,343.7,626.8,350.9,0.0,251.8,252.8,576.0,563.7,43.0,0.0,21.0,0.0,81.2,0.0,0.0,98.5
1373,350468,35,1,3,10792.3,6203.6,10378.1,5741.6,99.6,101.4,1904.6,244.4,1004.6,48.0,5516.9,3501.0,382.0,0.0,389.6,1071.2,272.5,274.3,612.8,602.7,268.0,0.0,27.0,0.0,99.6,0.0,0.0,101.4
1374,350469,35,1,3,1801.2,1537.7,1672.9,1398.7,15.9,16.0,288.6,60.1,159.1,0.0,910.9,521.8,79.3,667.1,81.1,0.0,51.4,51.7,99.6,98.0,0.0,0.0,3.0,0.0,15.9,0.0,0.0,16.0
1375,350470,35,1,3,4561.1,5678.4,4291.0,5312.4,26.4,100.3,474.7,277.1,266.2,1572.6,1510.1,1080.0,131.2,650.6,134.0,0.0,394.6,397.5,1355.1,1334.4,13.0,0.0,12.0,0.0,26.4,0.0,0.0,100.3
1376,350471,35,1,3,10381.7,5089.9,9964.8,4624.8,93.9,96.2,1644.2,222.4,968.1,196.6,5397.4,3240.4,468.2,0.0,477.7,0.0,290.3,292.6,681.8,672.7,6.0,0.0,31.0,0.0,93.9,0.0,0.0,96.2
1377,350472,35,1,3,11552.1,5084.1,11125.2,4638.1,107.6,89.4,1927.3,188.6,1113.9,135.3,6051.7,3399.5,484.9,0.0,494.5,0.0,266.5,269.4,651.3,645.4,112.0,0.0,23.0,0.0,107.6,0.0,0.0,89.4
1378,350473,35,1,4,6833.4,4859.3,6509.3,4503.9,56.0,73.5,987.2,354.5,584.7,427.2,3252.8,2100.0,282.5,527.9,288.4,0.0,322.0,325.4,774.7,769.0,3.0,0.0,14.0,0.0,56.0,0.0,0.0,73.5
1379,350474,35,1,4,6459.6,8159.4,6060.8,7654.5,41.4,122.1,779.6,804.3,432.8,1630.0,2272.7,2327.9,131.3,615.5,134.4,0.0,567.3,574.9,1707.8,1701.9,4.0,0.0,31.0,0.0,41.4,0.0,0.0,122.1
1380,350475,35,1,4,3840.8,3266.7,3610.6,3005.9,26.5,49.7,471.6,197.6,271.2,696.0,1540.0,1072.0,136.1,0.0,138.9,0.0,256.1,259.4,782.5,780.8,1.0,0.0,13.0,0.0,26.5,0.0,0.0,49.7
1381,350476,35,1,4,1387.7,6363.8,1254.3,6224.3,10.4,19.6,175.6,256.9,101.2,9.5,569.9,564.8,49.8,0.0,50.9,5098.7,121.3,122.9,171.5,171.6,11.0,0.0,3.0,0.0,10.4,0.0,0.0,19.6
1382,350477,35,1,4,9934.6,7858.5,9401.1,7251.1,79.3,127.4,1310.3,614.1,753.2,1053.9,4200.7,3150.9,335.1,0.0,341.6,0.0,678.5,689.0,1738.6,1743.1,15.0,0.0,28.0,0.0,79.3,0.0,0.0,127.4
1383,350478,35,1,4,9101.4,13057.0,8223.4,11977.3,60.4,205.2,1083.1,2654.0,568.3,571.9,3031.2,5557.5,150.9,0.0,154.1,0.0,1180.6,1199.2,1983.3,1994.6,19.0,0.0,53.0,0.0,60.4,0.0,0.0,205.2
1384,350479,35,1,4,7816.0,13490.7,7166.6,12545.9,1.8,192.2,33.3,1262.1,17.5,3536.7,198.2,879.4,3.8,0.0,4.0,0.0,1839.3,1869.4,4961.5,4998.3,0.0,0.0,109.0,0.0,1.8,0.0,0.0,192.2
1385,350480,35,1,4,4441.7,2699.4,4233.3,2482.9,45.0,39.5,804.7,103.9,409.0,73.6,2209.8,1761.8,111.2,0.0,113.5,0.0,157.5,160.2,379.5,383.5,34.0,0.0,14.0,0.0,45.0,0.0,0.0,39.5
1386,350481,35,1,4,5782.2,7920.1,5275.7,7335.6,43.2,103.0,745.8,945.6,396.8,692.7,2093.2,2876.8,107.0,1001.9,109.3,0.0,551.2,561.9,1241.5,1256.7,12.0,0.0,19.0,0.0,43.2,0.0,0.0,103.0
1387,350482,35,1,4,12039.2,8465.9,11398.7,7768.3,102.0,128.4,1523.0,713.3,925.2,1185.6,5323.9,3316.7,507.3,0.0,517.1,0.0,683.9,698.0,1827.3,1854.6,58.0,0.0,33.0,0.0,102.0,0.0,0.0,128.4
1388,350483,35,1,4,8656.6,3675.0,8347.0,3405.6,91.5,46.9,1548.1,9.9,853.7,0.0,4658.3,2753.8,295.5,0.0,301.1,0.0,177.3,180.8,453.0,461.0,57.0,0.0,3.0,0.0,91.5,0.0,0.0,46.9
1389,350484,35,1,3,12737.2,5305.7,12293.6,4833.0,114.6,108.7,2298.4,35.6,1247.2,0.0,6856.7,3953.5,499.9,0.0,509.8,0.0,241.8,243.4,612.8,600.5,16.0,0.0,11.0,0.0,114.6,0.0,0.0,108.7
1390,350485,35,1,3,5844.1,2718.2,5582.1,2448.1,53.8,44.6,978.9,115.3,540.0,56.6,3032.1,1754.2,247.9,0.0,252.9,0.0,157.7,159.2,365.6,362.7,1.0,0.0,6.0,0.0,53.8,0.0,0.0,44.6
1391,350486,35,1,4,6705.8,3060.6,6413.0,2782.1,59.7,42.1,1111.3,124.1,615.0,208.0,3422.2,1822.6,291.8,0.0,297.5,0.0,169.1,171.3,457.2,456.0,41.0,0.0,8.0,0.0,59.7,0.0,0.0,42.1
1392,350487,35,1,4,3012.8,1403.2,2841.3,1238.7,26.7,17.9,491.4,99.2,279.9,24.1,1527.3,880.9,125.4,0.0,127.9,0.0,71.5,72.3,162.9,162.3,50.0,0.0,5.0,0.0,26.7,0.0,0.0,17.9
1393,350488,35,1,4,3184.8,1310.1,3018.3,1152.6,29.5,17.5,538.5,23.1,305.1,22.2,1670.0,888.7,137.0,0.0,139.8,0.0,60.7,61.5,157.1,157.1,5.0,0.0,5.0,0.0,29.5,0.0,0.0,17.5
1394,350489,35,1,3,4133.5,2783.6,3943.8,2589.2,41.8,32.3,760.9,89.0,401.1,0.0,2129.0,1492.7,118.3,618.9,121.1,0.0,122.2,123.7,264.3,264.9,18.0,0.0,9.0,0.0,41.8,0.0,0.0,32.3
1395,350490,35,1,4,5249.2,2944.8,5019.1,2733.3,50.6,28.8,859.1,124.4,487.8,13.1,2747.4,1479.6,239.2,717.8,244.2,0.0,125.0,126.8,270.2,271.6,39.0,0.0,7.0,0.0,50.6,0.0,0.0,28.8
1396,350491,35,1,4,3267.2,1389.8,3117.7,1252.0,33.6,19.2,585.6,2.5,330.7,0.0,1736.1,1020.9,113.0,0.0,115.5,0.0,63.4,64.3,163.4,164.4,6.0,0.0,4.0,0.0,33.6,0.0,0.0,19.2
1397,350492,35,1,4,3106.9,1604.8,2935.5,1443.3,32.2,19.7,610.0,3.6,330.2,0.0,1584.4,1175.8,64.8,0.0,66.3,0.0,73.2,74.1,188.6,189.8,13.0,0.0,5.0,0.0,32.2,0.0,0.0,19.7
1398,350493,35,1,4,1837.1,620.5,1688.3,485.7,17.6,6.9,297.9,3.8,173.9,0.0,952.0,394.5,81.5,0.0,83.4,0.0,23.9,24.3,62.6,63.1,11.0,0.0,2.0,0.0,17.6,0.0,0.0,6.9
1399,350494,35,1,4,32324.6,12779.7,31258.9,11826.9,315.6,164.7,5151.2,293.2,3065.3,287.1,17176.7,8409.2,1476.9,0.0,1506.1,0.0,817.3,832.4,1982.3,2005.0,51.0,0.0,32.0,0.0,315.6,0.0,0.0,164.7
1400,350495,35,1,4,7548.4,6143.0,7126.8,5689.3,68.0,79.7,1261.2,337.7,634.3,749.5,3319.8,3053.1,156.9,0.0,159.9,0.0,389.7,397.3,1135.1,1151.7,49.0,0.0,21.0,0.0,68.0,0.0,0.0,79.7
1401,350496,35,1,2,517.5,1816.1,214.0,1494.5,0.0,30.9,0.0,427.8,0.0,109.5,0.0,744.7,0.0,0.0,0.0,0.0,99.0,99.5,115.0,112.9,0.0,0.0,0.0,0.0,0.0,0.0,0.0,30.9
1402,350497,35,1,2,333.8,1074.6,133.2,852.0,0.1,19.8,1.2,259.9,0.6,66.4,4.2,401.3,0.3,0.0,0.4,0.0,55.6,55.7,70.8,68.7,0.0,0.0,0.0,0.0,0.1,0.0,0.0,19.8
1403,350498,35,1,2,305.8,1056.5,119.9,864.9,0.0,18.1,0.0,244.1,0.0,51.3,0.0,450.7,0.0,0.0,0.0,0.0,55.3,55.5,64.6,63.3,0.0,0.0,0.0,0.0,0.0,0.0,0.0,18.1
1404,350499,35,1,3,2867.1,1290.2,2698.3,1106.8,24.6,24.0,457.7,98.7,257.0,9.2,1494.8,801.0,141.2,0.0,144.4,0.0,64.6,65.0,135.5,132.9,0.0,0.0,3.0,0.0,24.6,0.0,0.0,24.0
1405,350500,35,1,3,6071.4,3482.1,5818.6,3191.6,55.7,51.7,1069.2,79.3,557.2,88.8,3132.6,1840.5,240.9,674.6,246.0,0.0,147.6,148.7,366.0,359.7,35.0,0.0,24.0,0.0,55.7,0.0,0.0,51.7
1406,350501,35,1,3,3370.5,6859.6,3122.7,6571.8,26.6,49.1,522.7,480.1,266.4,26.5,1485.4,1391.5,110.7,0.0,113.1,4061.4,244.3,246.5,371.0,365.7,5.0,0.0,4.0,0.0,26.6,0.0,0.0,49.1
1407,350502,35,1,3,6264.6,3005.7,5935.1,2649.4,53.0,50.1,939.9,283.7,562.6,176.2,3213.0,1594.7,297.2,0.0,303.4,0.0,185.9,187.4,413.2,407.4,7.0,0.0,13.0,0.0,53.0,0.0,0.0,50.1
1408,350503,35,1,3,5502.8,2317.0,5291.8,2097.2,50.9,37.9,943.0,8.2,533.5,63.4,2876.0,1619.6,209.7,0.0,214.2,0.0,109.4,110.2,299.0,295.9,98.0,0.0,9.0,0.0,50.9,0.0,0.0,37.9
1409,350504,35,1,3,6125.2,2464.5,5874.2,2207.4,57.8,36.1,1094.1,13.3,619.6,0.0,3271.5,1812.3,241.0,0.0,245.6,0.0,108.5,109.2,274.8,272.7,8.0,0.0,11.0,0.0,57.8,0.0,0.0,36.1
1410,350505,35,1,4,5124.1,2400.5,4886.4,2170.7,42.8,31.7,772.6,90.4,441.4,145.1,2512.4,1255.1,227.8,0.0,232.1,0.0,200.5,203.1,478.5,477.1,15.0,0.0,6.0,0.0,42.8,0.0,0.0,31.7
1411,350506,35,1,4,4019.0,1563.4,3840.3,1397.1,37.1,20.0,699.4,2.9,385.2,0.0,2108.6,1144.6,157.0,0.0,160.2,0.0,69.5,70.5,179.3,179.1,74.0,0.0,7.0,0.0,37.1,0.0,0.0,20.0
1412,350507,35,1,4,3197.8,2768.2,2958.7,2501.6,25.8,34.4,482.6,475.4,267.2,95.1,1472.4,1403.3,108.1,30.8,110.5,0.0,176.9,179.0,318.0,318.0,1.0,0.0,22.0,0.0,25.8,0.0,0.0,34.4
1413,350508,35,1,3,6777.4,3322.5,6498.1,3049.7,63.8,38.6,1134.7,111.7,642.5,62.7,3558.8,1867.7,306.3,478.5,312.5,0.0,157.2,159.4,369.0,369.6,9.0,0.0,8.0,0.0,63.8,0.0,0.0,38.6
1414,350509,35,1,4,5682.8,3652.1,5435.7,3416.0,53.4,33.4,1020.0,159.2,538.4,0.0,2940.8,1906.4,193.4,0.0,197.2,822.1,171.5,174.1,352.4,354.1,10.0,0.0,12.0,0.0,53.4,0.0,0.0,33.4
1415,350510,35,1,3,7807.5,2858.4,7554.7,2562.9,68.5,48.1,1340.0,7.4,722.8,0.0,4240.0,2109.6,373.8,0.0,381.3,0.0,126.2,127.0,323.5,318.9,2.0,0.0,45.0,0.0,68.5,0.0,0.0,48.1
1416,350511,35,1,3,12101.5,4614.5,11699.0,4198.1,103.9,64.8,1974.2,150.6,1111.7,83.5,6456.1,3150.9,611.4,0.0,623.6,0.0,241.7,243.8,574.3,569.4,77.0,0.0,29.0,0.0,103.9,0.0,0.0,64.8
1417,350512,35,1,3,5207.9,3144.9,4966.1,2887.8,43.3,39.1,823.0,217.6,478.9,43.3,2697.2,1501.2,245.6,666.5,250.8,0.0,154.9,156.0,306.6,303.1,2.0,0.0,7.0,0.0,43.3,0.0,0.0,39.1
1418,350513,35,1,3,6942.5,4877.7,6682.3,4624.0,59.7,40.4,1030.9,250.6,632.8,84.7,3655.9,1932.0,355.5,522.5,362.5,1215.7,203.0,205.1,415.7,413.3,20.0,0.0,6.0,0.0,59.7,0.0,0.0,40.4
1419,350514,35,1,4,7515.8,5830.9,7177.2,5475.7,56.0,64.5,1100.2,177.7,618.5,1297.1,3262.3,2269.6,218.7,0.0,222.8,0.0,391.6,396.3,1337.1,1335.0,15.0,0.0,11.0,0.0,56.0,0.0,0.0,64.5
1420,350515,35,1,4,7024.2,7162.6,6638.3,6726.7,43.9,82.6,810.9,474.1,452.3,1727.3,2557.5,2101.3,188.2,0.0,192.1,0.0,593.8,600.9,1826.3,1823.1,4.0,0.0,13.0,0.0,43.9,0.0,0.0,82.6
1421,350516,35,1,4,1466.0,1362.0,1338.2,1227.6,11.4,15.3,208.0,247.1,119.1,75.1,657.3,651.3,48.4,0.0,49.4,0.0,85.8,86.8,167.1,167.2,0.0,0.0,3.0,0.0,11.4,0.0,0.0,15.3
1422,350517,35,1,4,5691.9,2311.3,5448.9,2085.1,53.3,25.6,1022.8,18.6,547.2,0.0,3027.8,1700.6,231.2,0.0,235.7,0.0,103.7,105.0,260.5,261.0,8.0,0.0,12.0,0.0,53.3,0.0,0.0,25.6
1423,350518,35,1,4,6637.5,5018.0,6279.0,4659.1,56.0,46.7,1118.0,437.3,585.5,145.2,3170.5,2650.6,181.5,432.4,184.9,0.0,317.5,321.8,669.1,671.8,42.0,0.0,10.0,0.0,56.0,0.0,0.0,46.7
1424,350519,35,1,2,483.5,1536.7,162.1,1193.2,0.0,25.2,0.0,1036.2,0.0,0.0,3.0,0.0,0.0,0.0,0.0,0.0,156.1,157.0,0.0,0.0,0.0,0.0,3.0,0.0,0.0,0.0,0.0,25.2
1425,350520,35,1,2,906.9,3070.2,324.7,2447.5,0.0,41.4,0.0,2088.7,0.0,4.8,2.0,31.7,0.0,0.0,0.0,0.0,317.8,319.3,3.0,2.9,0.0,0.0,2.0,0.0,0.0,0.0,0.0,41.4
1426,350521,35,1,3,4431.6,4240.3,4105.2,3874.4,32.8,48.7,652.7,442.1,358.5,122.9,2083.0,2110.2,188.9,612.1,193.0,0.0,217.0,218.8,373.1,368.3,18.0,0.0,21.0,0.0,32.8,0.0,0.0,48.7
1427,350522,35,1,3,946.5,3317.0,340.9,2655.9,0.0,48.3,0.0,1895.2,0.0,27.1,3.0,397.5,0.0,0.0,0.0,0.0,294.9,296.7,40.0,39.4,0.0,0.0,3.0,0.0,0.0,0.0,0.0,48.3
1428,350523,35,1,3,114.9,207.6,16.9,99.8,0.0,1.8,0.0,24.9,0.0,11.0,0.0,47.3,0.0,0.0,0.0,0.0,5.9,5.9,11.0,10.7,0.0,0.0,0.0,0.0,0.0,0.0,0.0,1.8
1429,350524,35,1,1,640.9,2116.3,316.9,1765.8,0.3,34.7,6.0,491.9,3.2,141.9,23.4,855.6,2.2,0.0,2.4,0.0,122.5,123.1,156.2,153.4,0.0,0.0,1.0,0.0,0.3,0.0,0.0,34.7
1430,350525,35,1,2,348.6,1052.8,146.5,840.7,0.2,14.9,3.6,229.9,2.1,62.4,15.7,428.4,1.5,0.0,1.6,0.0,54.6,54.8,66.3,65.1,0.0,0.0,1.0,0.0,0.2,0.0,0.0,14.9
1431,350526,35,1,2,105.1,103.4,11.1,6.6,0.2,0.2,2.2,0.0,1.1,0.0,6.7,6.1,0.3,0.0,0.3,0.0,0.1,0.1,0.4,0.4,0.0,0.0,0.0,0.0,0.2,0.0,0.0,0.2
1432,350527,35,1,2,217.5,321.9,20.6,120.5,0.0,2.2,0.0,74.2,0.0,4.9,5.0,31.0,0.0,0.0,0.0,0.0,7.1,7.1,3.5,3.3,0.0,0.0,5.0,0.0,0.0,0.0,0.0,2.2
1433,350528,35,1,3,9547.3,4425.5,9103.2,3962.6,78.3,54.1,1643.0,573.2,877.3,9.9,5024.3,2728.3,417.7,0.0,426.1,0.0,244.3,245.9,411.4,405.4,25.0,0.0,34.0,0.0,78.3,0.0,0.0,54.1
1434,350529,35,1,2,6581.6,2587.6,6303.0,2327.9,52.5,30.0,1176.1,36.5,602.7,0.0,3507.6,1905.3,308.0,0.0,314.0,0.0,109.2,110.0,280.3,276.1,1.0,0.0,4.0,0.0,52.5,0.0,0.0,30.0
1435,350530,35,1,3,1347.8,521.7,1233.8,409.5,10.7,6.2,211.4,11.9,118.2,0.0,699.4,332.9,68.9,0.0,70.2,0.0,17.8,17.6,47.9,47.1,0.0,0.0,0.0,0.0,10.7,0.0,0.0,6.2
1436,350531,35,1,3,8613.4,4098.5,8280.9,3761.5,70.0,39.1,1442.4,129.3,771.5,0.0,4561.8,2307.5,450.9,792.6,460.0,0.0,168.6,169.4,368.7,362.7,41.0,0.0,16.0,0.0,70.0,0.0,0.0,39.1
1437,350532,35,1,3,4608.5,7461.9,4248.0,7010.3,11.9,87.5,251.7,473.2,131.4,2670.7,778.3,959.4,65.2,0.0,66.7,0.0,707.5,709.6,2237.2,2197.5,1.0,0.0,9.0,0.0,11.9,0.0,0.0,87.5
1438,350533,35,1,3,9440.7,3200.2,9130.4,2909.6,73.3,29.1,1522.7,7.4,870.6,0.0,5160.1,2415.5,525.3,0.0,535.9,0.0,138.0,138.7,353.8,348.0,17.0,0.0,7.0,0.0,73.3,0.0,0.0,29.1
1439,350534,35,1,3,1270.4,5089.4,513.5,4217.8,0.0,92.7,0.0,2521.3,0.0,28.6,14.0,1171.0,0.0,0.0,0.0,0.0,388.5,397.9,96.9,99.1,0.0,0.0,14.0,0.0,0.0,0.0,0.0,92.7
1440,350535,35,1,3,1416.0,4048.7,945.6,3482.9,0.0,77.3,0.0,1283.9,0.0,567.6,16.0,695.6,0.0,0.0,0.0,0.0,335.7,344.1,577.9,591.7,0.0,0.0,16.0,0.0,0.0,0.0,0.0,77.3
1441,350536,35,1,4,280.4,920.8,141.2,765.1,0.0,15.6,0.0,296.2,0.0,56.3,3.0,274.0,0.0,0.0,0.0,0.0,63.8,65.3,71.4,73.3,0.0,0.0,3.0,0.0,0.0,0.0,0.0,15.6
1442,350537,35,1,4,715.2,1619.4,545.3,1413.3,0.0,32.0,0.0,280.6,0.0,237.9,7.0,347.2,0.0,0.0,0.0,0.0,161.9,166.4,369.4,381.2,0.0,0.0,7.0,0.0,0.0,0.0,0.0,32.0
1443,350538,35,1,4,1032.9,2521.2,817.0,2245.1,0.0,51.5,0.0,372.2,0.0,518.8,12.0,535.4,0.0,0.0,0.0,0.0,206.3,212.1,586.7,606.5,0.0,0.0,12.0,0.0,0.0,0.0,0.0,51.5
1444,350539,35,1,4,1498.8,2168.1,1315.6,1944.2,9.6,43.3,152.8,361.7,79.8,206.5,416.5,753.9,17.7,0.0,18.3,0.0,191.5,197.2,411.0,425.0,20.0,0.0,8.0,0.0,9.6,0.0,0.0,43.3
1445,350540,35,1,4,5200.6,6902.6,4697.2,6278.0,38.4,142.5,612.9,1039.0,320.8,721.8,1636.4,2492.4,68.4,0.0,70.1,0.0,599.4,617.3,1359.3,1407.4,18.0,0.0,12.0,0.0,38.4,0.0,0.0,142.5
1446,350541,35,1,4,2804.1,2962.2,2562.2,2678.5,21.8,57.8,358.5,471.8,186.9,235.0,922.9,943.4,36.0,0.0,37.0,0.0,314.7,324.1,680.2,704.2,20.0,0.0,6.0,0.0,21.8,0.0,0.0,57.8
1447,350542,35,1,4,704.1,966.0,573.5,826.5,5.9,14.7,99.3,151.4,49.4,36.1,253.2,363.6,11.0,99.4,11.3,30.4,50.8,52.2,90.4,93.5,6.0,0.0,2.0,0.0,5.9,0.0,0.0,14.7
1448,350543,35,1,4,601.7,1853.4,337.7,1553.4,0.0,31.2,0.0,877.8,0.0,117.7,5.0,221.3,0.0,0.0,0.0,0.0,165.5,169.8,162.2,166.9,0.0,0.0,5.0,0.0,0.0,0.0,0.0,31.2
1449,350544,35,1,4,543.4,2850.9,277.9,2530.5,0.0,52.6,0.0,792.1,0.0,102.6,4.0,1357.7,0.0,0.0,0.0,0.0,112.7,115.8,157.2,162.4,0.0,0.0,4.0,0.0,0.0,0.0,0.0,52.6
1450,350545,35,1,4,486.2,1601.9,227.6,1314.0,0.0,27.0,0.0,671.1,0.0,87.2,3.0,328.3,0.0,0.0,0.0,0.0,124.2,127.2,97.4,100.3,0.0,0.0,3.0,0.0,0.0,0.0,0.0,27.0
1451,350546,35,1,4,2990.8,7181.4,2559.7,6601.4,0.0,143.2,0.0,933.6,0.0,1770.3,7.0,1271.5,0.0,0.0,0.0,0.0,627.9,645.5,1917.9,1980.5,0.0,0.0,7.0,0.0,0.0,0.0,0.0,143.2
1452,350547,35,1,4,802.8,2222.8,548.5,1928.8,2.1,39.1,35.6,527.0,18.2,191.0,99.8,817.0,4.2,0.0,4.3,0.0,144.3,148.3,238.1,245.4,0.0,0.0,4.0,0.0,2.1,0.0,0.0,39.1
1453,350548,35,1,4,562.3,1960.6,286.0,1650.5,0.2,33.5,2.4,589.6,1.8,125.6,9.2,656.8,0.2,0.0,0.3,0.0,120.6,123.9,149.5,154.5,0.0,0.0,2.0,0.0,0.2,0.0,0.0,33.5
1454,350549,35,1,4,1838.0,2026.3,1667.5,1829.0,17.1,37.6,277.7,336.9,143.9,108.9,750.4,952.4,33.2,0.0,33.9,0.0,140.4,144.3,278.0,286.5,3.0,0.0,7.0,0.0,17.1,0.0,0.0,37.6
1455,350550,35,1,4,3139.6,5053.7,2791.5,4607.8,17.9,104.3,285.1,715.8,145.4,861.8,780.9,1487.8,37.0,0.0,38.0,0.0,399.0,410.9,1094.1,1131.4,1.0,0.0,11.0,0.0,17.9,0.0,0.0,104.3
1456,350551,35,1,4,556.0,2231.2,439.4,2082.7,0.0,31.1,0.0,414.0,0.0,102.4,4.0,444.4,0.0,547.6,0.0,129.5,170.7,175.5,260.7,269.2,0.0,0.0,4.0,0.0,0.0,0.0,0.0,31.1
1457,350552,35,1,4,4434.8,5440.2,3999.8,4917.4,35.0,107.5,548.1,895.3,301.6,451.1,1541.4,2145.6,86.6,0.0,88.5,0.0,440.8,453.4,941.8,971.9,37.0,0.0,14.0,0.0,35.0,0.0,0.0,107.5
1458,350553,35,1,4,4987.4,3876.2,4726.1,3572.0,50.9,79.8,836.5,125.1,440.3,529.7,2143.1,1779.2,80.5,0.0,82.3,0.0,264.4,272.2,837.1,865.7,30.0,0.0,12.0,0.0,50.9,0.0,0.0,79.8
1459,350554,35,1,4,4671.0,2536.6,4380.6,2236.0,50.4,44.8,852.3,236.2,432.0,48.3,2274.5,1465.1,139.4,0.0,142.3,0.0,150.5,154.7,321.4,331.5,54.0,0.0,14.0,0.0,50.4,0.0,0.0,44.8
1460,350555,35,1,4,3317.5,1703.3,3146.6,1530.8,38.4,30.9,656.8,3.6,330.8,0.0,1672.4,1221.3,70.4,0.0,72.1,0.0,82.8,85.6,213.3,220.3,41.0,0.0,7.0,0.0,38.4,0.0,0.0,30.9
1461,350556,35,1,4,475.2,1419.6,306.6,1222.8,0.0,21.9,0.0,447.2,0.0,166.5,9.0,312.8,0.0,0.0,0.0,0.0,101.2,103.7,187.4,192.6,0.0,0.0,9.0,0.0,0.0,0.0,0.0,21.9
1462,350557,35,1,4,967.6,3005.3,657.0,2637.1,0.0,50.8,0.0,698.8,0.0,334.4,9.0,946.9,0.0,0.0,0.0,0.0,219.7,225.7,419.2,431.3,0.0,0.0,9.0,0.0,0.0,0.0,0.0,50.8
1463,350558,35,1,4,568.2,1525.8,445.7,1341.6,0.0,26.4,0.0,362.5,0.0,244.3,38.0,355.2,0.0,0.0,0.0,0.0,112.7,115.5,257.0,264.1,0.0,0.0,38.0,0.0,0.0,0.0,0.0,26.4
1464,350559,35,1,4,2139.2,2519.0,1830.1,2183.9,19.5,42.7,319.1,532.4,166.0,147.4,855.5,1085.0,37.8,0.0,38.8,0.0,150.2,153.8,257.8,265.3,3.0,0.0,2.0,0.0,19.5,0.0,0.0,42.7
1465,350560,35,1,4,1834.2,3232.4,1590.7,2937.0,11.1,59.0,180.0,732.2,93.5,360.0,488.9,1043.0,21.7,0.0,22.4,0.0,243.1,250.2,535.1,551.7,1.0,0.0,5.0,0.0,11.1,0.0,0.0,59.0
1466,350561,35,1,4,2061.8,4346.0,1746.5,3950.4,8.5,82.6,136.0,737.2,70.4,538.3,374.1,1526.0,16.7,0.0,17.3,0.0,339.7,349.1,775.3,799.8,10.0,0.0,7.0,0.0,8.5,0.0,0.0,82.6
1467,350562,35,1,4,5648.2,4624.9,5309.3,4244.6,57.0,86.8,915.2,416.1,494.6,429.6,2495.5,2192.7,110.3,0.0,112.6,0.0,330.4,339.7,840.8,866.5,2.0,0.0,8.0,0.0,57.0,0.0,0.0,86.8
1468,350563,35,1,4,5123.6,2174.8,4934.8,1981.9,59.3,39.6,914.3,25.0,527.1,0.0,2749.1,1578.1,167.8,0.0,171.3,0.0,104.5,107.1,263.7,271.7,18.0,0.0,19.0,0.0,59.3,0.0,0.0,39.6
1469,350564,35,1,4,3309.7,5904.4,2552.2,5068.6,24.3,87.2,412.9,1632.0,214.5,101.9,1115.5,2625.4,49.5,0.0,50.7,0.0,351.5,359.6,342.5,349.7,5.0,0.0,10.0,0.0,24.3,0.0,0.0,87.2
1470,350565,35,1,4,545.2,1726.4,387.2,1543.3,0.0,25.1,0.0,485.7,0.0,101.1,3.0,567.2,0.0,0.0,0.0,0.0,156.6,160.1,224.6,229.2,0.0,0.0,3.0,0.0,0.0,0.0,0.0,25.1
1471,350566,35,1,4,1670.1,4042.1,1420.3,3725.3,0.5,68.0,7.5,845.2,3.8,684.0,25.2,781.3,0.9,0.0,1.1,0.0,436.3,447.4,941.6,967.4,0.0,0.0,4.0,0.0,0.5,0.0,0.0,68.0
1472,350567,35,1,4,1174.0,2293.2,896.5,1982.9,6.8,36.1,113.9,531.4,57.0,140.0,296.5,913.8,13.0,0.0,13.4,0.0,145.8,149.3,242.0,248.4,9.0,0.0,6.0,0.0,6.8,0.0,0.0,36.1
1473,350568,35,1,4,1120.3,1907.2,912.9,1674.9,6.7,30.9,115.1,315.8,58.0,191.2,298.1,753.0,12.5,0.0,13.0,0.0,127.8,130.9,276.5,284.0,8.0,0.0,4.0,0.0,6.7,0.0,0.0,30.9
1474,350569,35,1,4,2880.9,5330.8,2456.8,4816.9,14.1,88.1,231.3,1039.9,124.5,670.9,641.8,1676.6,26.8,0.0,27.5,0.0,417.3,428.5,972.6,1001.0,1.0,0.0,14.0,0.0,14.1,0.0,0.0,88.1
1475,350570,35,1,4,1725.4,3828.0,1421.1,3454.8,3.0,65.7,48.9,674.8,26.0,482.9,143.7,1080.8,6.3,0.0,6.5,0.0,368.5,378.3,814.1,838.0,0.0,0.0,7.0,0.0,3.0,0.0,0.0,65.7
1476,350571,35,1,4,6535.5,6827.8,6140.4,6374.6,53.2,99.2,804.9,546.6,462.2,727.2,2522.7,2027.0,184.0,0.0,187.8,1058.0,564.4,579.6,1394.4,1436.2,10.0,0.0,10.0,0.0,53.2,0.0,0.0,99.2
1477,350572,35,1,4,3611.6,2690.4,3379.8,2440.4,37.7,44.5,622.5,189.5,333.9,153.3,1688.9,1528.4,76.1,0.0,77.8,0.0,160.3,164.5,393.2,404.8,18.0,0.0,9.0,0.0,37.7,0.0,0.0,44.5
1478,350573,35,1,3,4819.5,3087.5,4561.2,2805.6,52.0,58.1,850.4,131.1,447.4,207.2,2311.4,1777.4,113.6,0.0,116.2,0.0,179.9,184.8,490.3,505.1,44.0,0.0,8.0,0.0,52.0,0.0,0.0,58.1
1479,350574,35,1,4,6347.7,18323.8,5193.1,16891.0,4.1,260.7,70.0,5043.6,38.4,923.2,215.9,5990.1,10.9,0.0,11.4,0.0,1951.0,1994.2,2881.5,2939.9,0.0,0.0,14.0,0.0,4.1,0.0,0.0,260.7
1480,350575,35,1,4,1370.3,5117.3,562.8,4224.7,0.0,68.2,0.0,2440.4,0.0,138.0,13.0,1097.1,0.0,0.0,0.0,0.0,400.3,409.6,136.5,139.5,0.0,0.0,13.0,0.0,0.0,0.0,0.0,68.2
1481,350576,35,1,4,1498.5,3903.5,1081.2,3422.9,1.3,61.4,20.9,1087.8,10.5,586.5,59.6,744.1,2.1,0.0,2.2,0.0,333.7,341.6,646.0,662.8,0.0,0.0,6.0,0.0,1.3,0.0,0.0,61.4
1482,350577,35,1,4,1465.3,2351.7,1275.0,2131.3,7.6,38.8,127.2,262.4,64.2,538.8,327.4,589.4,13.7,0.0,14.1,0.0,166.0,170.2,555.3,570.6,4.0,0.0,3.0,0.0,7.6,0.0,0.0,38.8
1483,350578,35,1,4,2185.1,4227.8,1845.8,3821.8,6.6,67.1,108.0,902.1,58.4,455.2,300.7,1082.7,12.6,0.0,13.1,0.0,439.0,450.3,906.0,931.5,2.0,0.0,6.0,0.0,6.6,0.0,0.0,67.1
1484,350579,35,1,4,3180.8,6873.8,2727.3,6289.3,0.2,113.1,2.3,824.6,1.7,1269.6,25.1,1438.9,0.2,0.0,0.2,0.0,757.8,778.0,1921.9,1978.1,0.0,0.0,18.0,0.0,0.2,0.0,0.0,113.1
1485,350580,35,1,4,7903.6,5797.0,7483.0,5336.3,75.8,92.5,1240.2,354.3,642.1,451.6,3548.9,2864.6,194.9,0.0,198.8,0.0,468.0,480.6,1152.0,1185.2,19.0,0.0,19.0,0.0,75.8,0.0,0.0,92.5
1486,350581,35,1,4,6681.2,3738.6,6343.3,3396.4,73.8,58.3,1249.0,182.5,658.7,67.4,3374.9,2402.4,156.4,0.0,159.7,0.0,216.4,222.4,507.2,521.7,5.0,0.0,16.0,0.0,73.8,0.0,0.0,58.3
1487,350582,35,1,4,3300.7,1970.3,3074.9,1742.0,35.7,30.2,642.3,120.2,303.7,27.0,1613.7,1241.6,77.9,0.0,79.8,0.0,104.6,107.6,238.9,245.7,7.0,0.0,7.0,0.0,35.7,0.0,0.0,30.2
1488,350583,35,1,4,10079.8,4715.1,9704.1,4370.7,109.2,63.2,1858.4,73.4,995.6,0.0,5317.1,3447.7,302.8,0.0,308.6,0.0,243.9,249.5,588.6,600.1,78.0,0.0,11.0,0.0,109.2,0.0,0.0,63.2
1489,350584,35,1,4,3236.3,2424.7,3000.2,2184.3,32.4,32.6,537.3,357.9,298.9,142.4,1523.2,1218.2,75.3,0.0,76.8,0.0,143.9,146.9,311.8,318.9,28.0,0.0,5.0,0.0,32.4,0.0,0.0,32.6
1490,350585,35,1,4,80.1,118.7,4.9,46.8,0.0,0.7,0.0,41.9,0.0,0.0,0.0,0.0,0.0,0.0,0.0,0.0,4.9,4.9,0.0,0.0,0.0,0.0,0.0,0.0,0.0,0.0,0.0,0.7
1491,350586,35,1,4,1564.7,4155.5,1123.1,3655.3,0.4,58.2,7.5,1078.5,3.8,462.6,25.3,1006.4,1.0,0.0,1.0,0.0,382.0,391.3,698.5,716.4,0.0,0.0,4.0,0.0,0.4,0.0,0.0,58.2
1492,350587,35,1,4,4164.6,2892.7,3905.1,2633.0,44.4,40.6,777.8,202.5,390.5,90.1,1969.6,1781.1,82.1,0.0,84.0,0.0,165.3,169.3,379.8,389.8,51.0,0.0,5.0,0.0,44.4,0.0,0.0,40.6
1493,350588,35,1,4,3713.5,5443.5,3130.0,4803.8,28.9,75.2,474.5,1890.5,250.5,156.9,1315.2,1791.9,63.3,0.0,64.9,0.0,437.9,449.2,501.7,515.4,17.0,0.0,5.0,0.0,28.9,0.0,0.0,75.2
1494,350589,35,1,4,2185.6,5656.6,1768.9,5145.8,0.2,84.3,2.3,1044.9,1.7,815.8,18.0,1502.1,0.2,0.0,0.2,0.0,527.4,540.9,1208.1,1242.1,0.0,0.0,11.0,0.0,0.2,0.0,0.0,84.3
1495,350590,35,1,4,5204.3,6293.1,4787.7,5808.7,38.5,93.8,664.9,643.2,336.3,998.6,1739.7,2266.3,77.0,0.0,78.7,0.0,489.6,502.1,1360.4,1398.5,30.0,0.0,11.0,0.0,38.5,0.0,0.0,93.8
1496,350591,35,1,4,3601.0,4829.9,3357.1,4573.8,35.0,42.5,602.4,498.2,315.9,48.0,1639.3,1571.4,79.6,1505.0,81.6,339.7,216.8,222.8,378.5,388.6,37.0,0.0,6.0,0.0,35.0,0.0,0.0,42.5
1497,350592,35,1,4,2905.4,4139.9,2571.7,3777.5,24.9,48.6,460.9,1001.6,217.8,38.7,1156.2,1388.0,55.0,25.8,56.4,691.5,244.3,250.7,370.9,381.1,3.0,0.0,7.0,0.0,24.9,0.0,0.0,48.6
1498,350593,35,1,3,1871.8,991.5,1757.4,869.6,21.2,19.2,348.8,3.1,184.4,34.7,923.0,632.0,39.0,0.0,39.9,0.0,50.3,51.7,143.9,148.1,25.0,0.0,3.0,0.0,21.2,0.0,0.0,19.2
1499,350594,35,1,3,4074.7,2284.4,3852.0,2042.8,41.3,35.0,727.7,160.5,383.0,22.9,2021.6,1248.1,123.9,167.5,126.7,0.0,138.5,142.0,294.6,301.9,30.0,0.0,6.0,0.0,41.3,0.0,0.0,35.0
1500,350595,35,1,3,3374.2,1329.3,3183.5,1126.4,34.6,22.8,606.4,2.4,314.4,0.0,1673.5,900.4,107.2,0.0,109.9,0.0,60.7,62.2,157.4,161.3,150.0,0.0,4.0,0.0,34.6,0.0,0.0,22.8
1501,350596,35,1,3,4449.5,3244.4,4172.9,2926.5,45.2,50.1,830.6,248.2,411.5,8.3,2146.7,1725.0,107.9,427.5,110.5,0.0,175.0,179.4,330.8,338.1,43.0,0.0,17.0,0.0,45.2,0.0,0.0,50.1
1502,350597,35,1,3,5967.8,4810.9,5600.4,4381.0,51.0,71.7,946.7,316.0,460.2,326.5,2560.8,1758.9,170.8,730.7,174.6,0.0,364.9,373.6,857.4,875.2,41.0,0.0,24.0,0.0,51.0,0.0,0.0,71.7
1503,350598,35,1,3,8048.4,10825.7,7387.8,9971.3,40.5,195.2,763.1,864.9,385.2,2437.5,2054.3,2667.1,112.3,0.0,114.8,0.0,977.5,1000.0,2952.6,3001.8,3.0,0.0,25.0,0.0,40.5,0.0,0.0,195.2
1504,350599,35,1,3,5580.3,3244.3,5306.7,2939.2,57.9,51.6,1121.1,77.4,565.7,0.0,2781.5,1962.9,114.7,372.2,117.4,0.0,155.8,159.2,361.6,367.5,65.0,0.0,24.0,0.0,57.9,0.0,0.0,51.6
1505,350600,35,1,3,3064.6,3301.2,2876.1,3089.9,30.5,42.0,504.2,172.8,268.6,171.7,1344.5,1114.2,58.3,1000.8,59.8,0.0,178.8,183.6,433.9,446.8,22.0,0.0,6.0,0.0,30.5,0.0,0.0,42.0
1506,350601,35,1,4,2451.2,2538.6,2270.9,2332.8,23.5,41.1,413.1,351.9,229.2,194.6,1021.0,1245.4,30.9,0.0,31.8,0.0,147.3,151.0,379.5,389.9,12.0,0.0,6.0,0.0,23.5,0.0,0.0,41.1
1507,350602,35,1,4,4715.3,6449.5,4249.7,5888.3,28.3,107.6,505.4,722.3,282.8,743.6,1261.1,2277.9,37.3,0.0,38.4,0.0,621.1,638.2,1465.5,1506.3,25.0,0.0,13.0,0.0,28.3,0.0,0.0,107.6
1508,350603,35,1,4,4840.1,3511.4,4509.3,3161.1,46.1,56.7,859.5,295.0,413.4,318.0,2143.7,1691.4,107.8,0.0,110.2,0.0,232.1,238.5,601.6,618.1,33.0,0.0,8.0,0.0,46.1,0.0,0.0,56.7
1509,350604,35,1,4,3137.7,1507.0,2954.8,1319.9,33.0,23.4,609.0,23.8,304.5,3.3,1563.4,1034.5,72.8,0.0,74.5,0.0,70.8,72.6,181.6,185.8,69.0,0.0,9.0,0.0,33.0,0.0,0.0,23.4
1510,350605,35,1,3,2836.3,1951.1,2635.7,1726.3,27.5,32.3,500.6,183.1,255.7,53.0,1301.7,1046.7,58.5,0.0,60.0,0.0,137.4,140.6,295.8,302.9,20.0,0.0,6.0,0.0,27.5,0.0,0.0,32.3
1511,350606,35,1,3,4260.8,3042.7,3978.3,2718.1,39.6,54.1,701.8,241.5,368.8,281.2,1908.3,1463.9,110.3,0.0,112.8,0.0,194.5,199.3,519.7,532.2,54.0,0.0,8.0,0.0,39.6,0.0,0.0,54.1
1512,350607,35,1,3,3412.2,2463.4,3140.6,2155.3,31.9,42.4,591.8,251.7,306.0,117.9,1541.3,1252.3,80.1,0.0,81.9,0.0,161.1,164.7,361.4,368.7,11.0,0.0,6.0,0.0,31.9,0.0,0.0,42.4
1513,350608,35,1,4,4395.1,4694.2,4123.1,4375.2,38.0,75.4,671.8,267.4,390.7,734.5,1612.4,1993.5,45.1,0.0,46.4,0.0,326.5,334.9,1016.0,1044.9,7.0,0.0,7.0,0.0,38.0,0.0,0.0,75.4
1514,350609,35,1,4,2750.3,2211.4,2532.8,1981.1,26.9,33.4,479.7,220.9,245.8,100.8,1247.6,1217.3,55.8,0.0,57.0,0.0,133.0,136.2,298.0,305.9,10.0,0.0,6.0,0.0,26.9,0.0,0.0,33.4
1515,350610,35,1,4,4167.8,3605.6,3860.3,3273.4,37.6,56.0,669.6,324.4,346.6,330.2,1747.4,1701.9,80.6,0.0,82.6,0.0,254.9,261.8,637.6,655.0,35.0,0.0,6.0,0.0,37.6,0.0,0.0,56.0
1516,350611,35,1,4,3788.1,5377.7,3409.0,4931.9,24.0,84.7,422.4,780.4,237.2,921.6,1120.9,1657.8,42.2,0.0,43.3,0.0,408.2,418.8,1122.9,1153.3,6.0,0.0,6.0,0.0,24.0,0.0,0.0,84.7
1517,350612,35,1,4,3094.5,2787.3,2780.7,2442.4,24.0,42.8,445.1,329.4,221.1,187.3,1131.0,1072.0,59.9,0.0,61.3,0.0,264.7,271.8,567.7,582.0,20.0,0.0,10.0,0.0,24.0,0.0,0.0,42.8
1518,350613,35,1,3,2399.9,1192.5,2229.0,1011.0,25.1,19.0,447.0,18.6,234.3,3.4,1203.6,805.6,66.6,0.0,68.3,0.0,51.4,52.7,127.9,130.8,27.0,0.0,3.0,0.0,25.1,0.0,0.0,19.0
1519,350614,35,1,3,7671.8,8079.1,7103.1,7401.3,53.7,125.0,909.6,1108.1,501.2,563.9,2719.6,2345.1,200.2,13.8,204.4,782.3,831.6,854.2,1695.4,1733.8,27.0,0.0,14.0,0.0,53.7,0.0,0.0,125.0
1520,350615,35,1,3,3918.7,2480.5,3678.0,2202.8,37.5,43.4,688.6,134.5,359.9,197.3,1819.3,1311.9,92.8,0.0,95.0,0.0,146.2,149.7,401.2,409.5,63.0,0.0,12.0,0.0,37.5,0.0,0.0,43.4
1521,350616,35,1,3,8889.7,5343.0,8373.8,4785.2,82.2,85.8,1481.0,647.7,778.6,149.1,4237.4,2704.8,321.8,60.0,328.2,16.2,395.0,404.4,787.7,803.0,30.0,0.0,14.0,0.0,82.2,0.0,0.0,85.8
1522,350617,35,1,4,4411.0,5903.8,3940.1,5369.2,34.7,85.5,624.7,1172.1,340.8,259.2,1563.3,2625.7,53.2,0.0,54.6,0.0,452.7,464.8,824.6,847.4,17.0,0.0,9.0,0.0,34.7,0.0,0.0,85.5
1523,350618,35,1,4,4341.8,3429.3,4043.2,3114.6,39.9,47.9,726.8,402.3,370.0,155.1,1889.2,1668.4,85.3,0.0,87.2,0.0,270.1,277.4,595.5,611.3,11.0,0.0,8.0,0.0,39.9,0.0,0.0,47.9
1524,350619,35,1,4,3874.3,6110.2,3309.3,5476.3,25.4,85.1,456.2,1844.6,234.6,136.9,1205.9,2173.7,58.4,0.0,59.7,0.0,526.2,540.1,761.2,780.9,0.0,0.0,7.0,0.0,25.4,0.0,0.0,85.1
1525,350620,35,1,4,6517.7,7455.9,5938.7,6811.5,53.8,107.3,967.5,1336.3,512.3,485.4,2516.8,3234.8,105.4,0.0,107.8,0.0,572.6,587.6,1138.3,1167.3,10.0,0.0,8.0,0.0,53.8,0.0,0.0,107.3
1526,350621,35,1,4,2288.4,2736.0,2044.7,2481.6,18.7,25.7,349.2,212.2,174.7,85.5,879.9,761.2,45.2,872.3,46.3,0.0,177.7,182.2,359.7,368.2,6.0,0.0,6.0,0.0,18.7,0.0,0.0,25.7
1527,350622,35,1,3,2277.5,1013.7,2123.8,850.4,23.8,15.0,427.2,1.4,220.1,0.0,1156.9,683.4,64.5,0.0,66.1,0.0,44.9,45.9,117.2,119.6,22.0,0.0,5.0,0.0,23.8,0.0,0.0,15.0
1528,350623,35,1,3,4857.3,2588.8,4543.8,2241.6,47.2,40.7,823.0,153.9,420.9,113.1,2368.9,1490.1,199.8,0.0,204.0,0.0,138.0,141.2,336.1,343.3,39.0,0.0,14.0,0.0,47.2,0.0,0.0,40.7
1529,350624,35,1,3,4092.5,2452.2,3876.5,2208.6,39.9,41.4,700.4,112.8,378.7,247.6,1953.2,1246.3,108.9,0.0,111.4,0.0,148.9,152.3,440.9,449.6,25.0,0.0,9.0,0.0,39.9,0.0,0.0,41.4
1530,350625,35,1,3,7733.3,8993.3,7340.7,8549.9,72.5,78.2,1359.7,631.8,680.2,0.0,3669.5,2564.4,241.7,610.0,246.8,3688.4,391.6,400.6,643.1,654.8,83.0,0.0,25.0,0.0,72.5,0.0,0.0,78.2
1531,350626,35,1,3,10438.9,7738.5,9836.7,7041.2,80.1,125.6,1527.1,588.9,784.0,956.5,4126.1,2704.4,265.7,0.0,271.0,0.0,789.2,805.0,1963.6,1986.4,75.0,0.0,35.0,0.0,80.1,0.0,0.0,125.6
1532,350627,35,1,4,4433.7,3951.4,4104.0,3608.1,42.4,49.2,739.3,463.2,387.1,249.4,1984.2,2071.2,88.5,0.0,90.3,0.0,246.2,251.9,560.4,572.4,2.0,0.0,6.0,0.0,42.4,0.0,0.0,49.2
1533,350628,35,1,4,360.4,1256.5,156.2,1038.5,0.0,13.5,0.0,557.2,0.0,46.5,2.0,279.1,0.0,0.0,0.0,0.0,96.2,98.5,56.0,57.1,0.0,0.0,2.0,0.0,0.0,0.0,0.0,13.5
1534,350629,35,1,4,5425.1,5650.8,4955.1,5146.4,47.9,73.2,810.7,736.9,429.0,509.1,2258.8,2673.9,111.5,0.0,113.5,0.0,361.7,370.3,834.9,856.2,28.0,0.0,7.0,0.0,47.9,0.0,0.0,73.2
1535,350630,35,1,4,5167.8,4847.1,4777.2,4430.3,49.0,65.1,822.0,414.2,436.9,379.4,2275.3,2600.2,107.7,0.0,110.0,0.0,291.8,299.2,718.3,737.2,7.0,0.0,8.0,0.0,49.0,0.0,0.0,65.1
1536,350631,35,1,4,5439.9,6009.1,4980.6,5501.3,45.0,77.5,786.3,681.7,409.9,717.9,2126.6,2641.9,98.5,0.0,100.6,0.0,395.1,404.8,1027.6,1055.0,21.0,0.0,15.0,0.0,45.0,0.0,0.0,77.5
1537,350632,35,1,4,4508.7,2717.2,4282.2,2491.2,47.2,32.0,845.7,138.9,440.9,19.1,2284.1,1868.4,105.7,0.0,107.9,0.0,139.6,142.6,314.2,322.1,30.0,0.0,14.0,0.0,47.2,0.0,0.0,32.0
1538,350633,35,1,4,7301.9,4750.9,6932.1,4381.2,76.4,63.2,1322.6,382.9,702.1,138.7,3609.0,2926.4,164.3,0.0,167.8,0.0,276.5,283.6,632.7,649.6,48.0,0.0,9.0,0.0,76.4,0.0,0.0,63.2
1539,350634,35,1,4,7247.8,8151.0,6739.9,7596.3,61.5,95.0,1094.4,861.7,575.0,982.7,2893.6,3077.4,125.4,725.7,128.1,0.0,511.8,524.6,1388.6,1424.2,11.0,0.0,12.0,0.0,61.5,0.0,0.0,95.0
1540,350635,35,1,4,5194.1,4700.4,4781.6,4267.6,50.4,62.7,889.0,880.5,499.6,123.3,2328.8,2389.8,83.0,0.0,84.8,0.0,303.9,311.6,547.4,562.5,40.0,0.0,5.0,0.0,50.4,0.0,0.0,62.7
1541,350636,35,1,4,5397.4,5126.6,5078.1,4778.0,43.2,65.7,786.8,312.4,404.0,938.5,2016.3,1840.6,83.2,0.0,85.2,0.0,397.8,407.5,1246.9,1278.8,50.0,0.0,8.0,0.0,43.2,0.0,0.0,65.7
1542,350637,35,1,4,5931.8,13288.5,5105.5,12285.7,23.9,182.3,434.6,3635.9,223.8,189.2,1118.2,5151.5,44.7,0.0,45.9,0.0,1388.6,1424.6,1834.7,1884.4,3.0,0.0,12.0,0.0,23.9,0.0,0.0,182.3
1543,350638,35,1,4,3033.7,2697.4,2815.6,2466.7,25.9,33.2,466.9,319.7,250.4,132.1,1220.9,1254.0,46.8,0.0,48.0,0.0,238.9,244.7,503.7,516.2,35.0,0.0,5.0,0.0,25.9,0.0,0.0,33.2
1544,350639,35,1,4,3022.2,1969.9,2856.5,1803.3,31.4,26.3,565.8,130.5,304.9,41.2,1477.9,1271.7,56.1,0.0,57.3,0.0,103.5,106.0,247.9,253.9,38.0,0.0,5.0,0.0,31.4,0.0,0.0,26.3
1545,350640,35,1,4,4674.4,11937.8,3536.8,10638.1,20.7,155.5,362.6,4761.9,212.2,3.3,971.9,3929.7,31.8,0.0,32.7,0.0,935.0,958.3,960.6,984.8,13.0,0.0,17.0,0.0,20.7,0.0,0.0,155.5
1546,350641,35,1,4,3213.3,1463.0,3066.6,1320.1,33.7,20.1,578.5,33.9,304.9,0.0,1679.5,1039.8,100.4,0.0,102.7,0.0,69.7,71.4,170.9,175.0,51.0,0.0,9.0,0.0,33.7,0.0,0.0,20.1
1547,350642,35,1,4,3640.9,3698.3,3313.7,3339.2,24.2,50.4,454.7,505.3,224.9,312.7,1162.2,1146.0,52.9,0.0,54.1,0.0,428.7,438.9,915.1,936.2,15.0,0.0,6.0,0.0,24.2,0.0,0.0,50.4
1548,350643,35,1,4,7147.1,6579.6,6596.4,6002.5,64.5,76.9,1163.9,971.0,598.2,303.7,3116.3,3286.9,146.1,0.0,149.0,0.0,456.8,467.8,950.2,973.0,5.0,0.0,11.0,0.0,64.5,0.0,0.0,76.9
1549,350644,35,1,4,11382.9,13893.3,10537.4,12929.9,85.6,169.2,1599.8,1669.4,893.7,1937.9,3933.1,5432.0,111.9,0.0,114.2,0.0,1029.2,1053.0,2773.4,2837.7,54.0,0.0,28.0,0.0,85.6,0.0,0.0,169.2
1550,350645,35,1,4,1098.6,1157.6,971.5,1024.8,9.6,13.9,171.0,228.3,100.5,27.9,453.6,562.8,14.6,0.0,15.2,0.0,73.5,75.0,128.0,130.8,12.0,0.0,3.0,0.0,9.6,0.0,0.0,13.9
1551,350646,35,1,4,7749.8,7827.5,7171.8,7182.9,60.7,99.8,1155.2,1129.5,613.1,797.2,2962.9,3090.3,115.6,0.0,118.0,0.0,627.5,641.8,1491.4,1524.0,63.0,0.0,25.0,0.0,60.7,0.0,0.0,99.8
1552,350647,35,1,4,6193.7,2713.6,5949.8,2490.9,64.7,34.7,1147.5,17.1,612.9,0.0,3295.0,1994.6,194.4,0.0,198.3,0.0,132.2,134.9,336.4,344.3,27.0,0.0,6.0,0.0,64.7,0.0,0.0,34.7
1553,350648,35,1,4,3449.3,2915.0,3162.5,2616.4,32.6,37.9,622.0,468.6,306.2,51.1,1589.1,1600.4,73.0,0.0,74.8,0.0,171.5,175.5,313.9,320.8,5.0,0.0,7.0,0.0,32.6,0.0,0.0,37.9
1554,350649,35,1,3,6716.4,4550.1,6358.8,4166.6,65.5,52.8,1304.9,273.8,646.7,0.0,3289.3,2195.4,178.4,367.0,182.3,622.7,238.1,242.9,458.0,464.6,39.0,0.0,22.0,0.0,65.5,0.0,0.0,52.8
1555,350650,35,1,3,4285.6,2911.6,3953.5,2550.7,42.1,42.2,841.5,456.5,416.0,0.0,2065.5,1628.9,94.1,0.0,96.4,43.3,145.1,148.3,269.8,273.8,11.0,0.0,14.0,0.0,42.1,0.0,0.0,42.2
1556,350651,35,1,4,2165.1,1265.1,2040.2,1144.9,21.9,14.2,397.6,61.7,223.0,8.3,1072.9,863.3,43.0,0.0,44.1,0.0,61.9,63.2,145.5,148.4,49.0,0.0,3.0,0.0,21.9,0.0,0.0,14.2
1557,350652,35,1,3,9260.1,4071.4,8927.3,3738.0,82.3,57.1,1681.6,26.7,908.9,0.0,4993.0,3069.1,339.2,0.0,346.0,0.0,183.6,184.8,463.0,457.3,2.0,0.0,10.0,0.0,82.3,0.0,0.0,57.1
1558,350653,35,1,3,3012.1,3577.1,2662.7,3190.0,20.5,50.2,418.8,809.6,222.6,267.0,1201.2,1436.0,67.2,0.0,68.8,0.0,257.2,259.4,421.9,417.9,1.0,0.0,4.0,0.0,20.5,0.0,0.0,50.2
1559,350654,35,1,3,10664.0,5783.2,10302.4,5418.0,93.1,61.0,1866.4,168.9,1037.5,0.0,5661.1,3561.0,392.6,825.0,400.6,0.0,268.3,270.9,595.9,592.2,58.0,0.0,22.0,0.0,93.1,0.0,0.0,61.0
1560,350655,35,1,4,9597.5,5144.0,9260.7,4826.3,83.4,50.6,1711.3,111.6,941.5,0.0,5096.7,3312.1,328.6,626.3,335.1,0.0,234.7,236.9,541.8,539.3,61.0,0.0,10.0,0.0,83.4,0.0,0.0,50.6
1561,350656,35,1,4,4314.8,4230.7,4091.5,4006.3,34.9,32.3,728.1,341.2,387.9,80.1,2062.4,1786.0,116.0,0.0,118.3,1127.1,232.4,235.2,438.3,436.6,2.0,0.0,6.0,0.0,34.9,0.0,0.0,32.3
1562,350657,35,1,3,11877.2,6495.3,11464.9,6094.8,94.4,52.5,1834.8,341.5,1141.1,35.3,6464.5,2960.7,588.8,516.7,600.4,1440.6,272.5,274.3,533.7,525.7,15.0,0.0,14.0,0.0,94.4,0.0,0.0,52.5
1563,350658,35,1,3,10132.1,6078.3,9677.4,5592.0,78.4,68.7,1754.4,315.5,883.4,378.9,4947.3,3570.7,331.3,0.0,338.0,0.0,390.5,392.5,948.5,934.4,59.0,0.0,25.0,0.0,78.4,0.0,0.0,68.7
1564,350659,35,1,4,7326.1,3408.6,7032.8,3132.1,58.2,37.9,1233.9,168.7,699.0,21.1,3893.3,2383.0,312.7,0.0,318.9,0.0,177.1,178.4,384.9,380.8,8.0,0.0,5.0,0.0,58.2,0.0,0.0,37.9
1565,350660,35,1,4,6678.7,2949.9,6415.5,2700.6,55.8,29.1,1254.6,7.2,650.2,0.0,3523.8,2226.7,221.3,0.0,225.6,0.0,131.7,132.7,337.2,334.0,56.0,0.0,15.0,0.0,55.8,0.0,0.0,29.1
1566,350661,35,1,4,4674.7,6928.0,4435.6,6687.7,32.9,30.6,709.6,422.2,372.4,66.1,2167.1,1710.7,164.7,0.0,168.0,3656.7,302.6,304.9,531.2,527.1,13.0,0.0,7.0,0.0,32.9,0.0,0.0,30.6
1567,350662,35,1,4,5634.8,3661.7,5396.2,3439.0,44.4,26.0,925.2,151.2,518.0,69.8,2851.8,1793.7,211.3,778.6,215.7,0.0,202.4,204.6,442.7,441.1,25.0,0.0,4.0,0.0,44.4,0.0,0.0,26.0
1568,350663,35,1,4,3524.0,3988.2,3232.1,3680.0,22.3,37.1,473.1,532.3,253.3,365.5,1367.7,1561.5,82.9,220.2,84.8,38.1,306.6,309.5,656.7,652.8,3.0,0.0,4.0,0.0,22.3,0.0,0.0,37.1
1569,350664,35,1,4,4701.3,4309.3,4424.4,4018.3,28.9,37.8,628.6,237.1,335.8,860.7,1804.5,1500.7,111.2,0.0,113.7,0.0,368.7,372.6,1050.8,1047.1,5.0,0.0,6.0,0.0,28.9,0.0,0.0,37.8
1570,350665,35,1,3,8289.4,6841.5,7792.6,6321.6,56.9,57.8,1161.9,381.1,658.4,842.7,3750.3,2870.7,353.2,738.7,360.1,0.0,415.7,418.6,1081.0,1069.8,2.0,0.0,10.0,0.0,56.9,0.0,0.0,57.8
1571,350666,35,1,4,10262.3,4018.8,9915.8,3713.1,82.2,30.8,1709.3,89.5,976.8,4.6,5554.5,2960.1,492.9,0.0,502.7,0.0,196.8,198.7,462.7,460.2,9.0,0.0,11.0,0.0,82.2,0.0,0.0,30.8
1572,350667,35,1,4,5051.0,2001.8,4859.8,1829.4,40.4,14.9,850.0,4.4,465.8,0.0,2615.0,1509.5,203.5,0.0,207.6,0.0,88.6,89.3,227.4,226.1,199.0,0.0,3.0,0.0,40.4,0.0,0.0,14.9
1573,350668,35,1,4,7079.1,14070.8,6239.7,13085.0,24.1,152.6,479.1,3296.9,254.6,946.8,1352.9,4821.7,72.7,0.0,74.1,0.0,1485.9,1508.5,2494.3,2511.0,9.0,0.0,17.0,0.0,24.1,0.0,0.0,152.6
1574,350669,35,1,4,2629.0,1183.8,2493.8,1060.7,26.6,13.3,484.8,1.9,264.3,0.0,1381.4,864.4,80.2,0.0,82.0,0.0,53.4,54.4,138.6,139.9,6.0,0.0,3.0,0.0,26.6,0.0,0.0,13.3
1575,350670,35,1,4,5468.9,6445.5,5039.4,5978.2,36.7,64.7,697.3,665.1,372.7,781.3,1937.4,2175.0,109.8,553.3,112.3,0.0,514.2,523.2,1265.7,1280.2,17.0,0.0,13.0,0.0,36.7,0.0,0.0,64.7
1576,350671,35,1,4,5884.2,4766.3,5581.1,4446.7,49.2,49.2,919.1,285.4,483.3,443.0,2589.6,1968.6,148.2,491.7,151.2,0.0,351.8,358.7,886.8,899.3,32.0,0.0,19.0,0.0,49.2,0.0,0.0,49.2
1577,350672,35,1,4,12904.1,14092.9,11847.4,12958.3,106.5,149.5,1980.8,2881.5,1009.9,1720.5,5203.7,5164.3,228.6,0.0,233.0,0.0,911.9,930.1,2222.4,2261.8,27.0,0.0,30.0,0.0,106.5,0.0,0.0,149.5
1578,350673,35,1,4,5064.5,3691.1,4769.6,3402.2,48.8,39.3,938.3,272.4,476.9,124.1,2444.3,2304.4,106.6,0.0,108.6,0.0,206.1,210.5,482.8,490.9,2.0,0.0,4.0,0.0,48.8,0.0,0.0,39.3
1579,350674,35,1,4,3098.1,1365.1,2953.8,1231.9,30.0,14.1,562.1,2.6,304.3,0.0,1612.4,1005.0,95.2,0.0,97.1,0.0,61.7,62.7,159.9,161.5,55.0,0.0,6.0,0.0,30.0,0.0,0.0,14.1
1580,350675,35,1,4,3815.5,12876.8,3369.7,12364.0,16.4,72.1,305.8,2218.7,176.5,177.7,971.3,1988.0,78.8,0.0,80.3,0.0,726.1,738.1,977.8,989.5,40.0,6252.0,13.0,0.0,16.4,0.0,0.0,72.1
1581,350676,35,1,4,8662.0,6713.2,8268.3,6327.1,74.0,52.1,1373.5,351.9,754.9,269.3,4024.8,2599.1,256.3,93.3,261.3,1517.2,456.6,464.9,1017.8,1031.5,106.0,0.0,17.0,0.0,74.0,0.0,0.0,52.1
1582,350677,35,1,4,8936.7,5165.7,8571.5,4812.3,89.0,50.1,1679.8,209.3,891.7,58.9,4566.1,3559.4,207.5,0.0,211.6,0.0,284.5,290.1,682.4,694.6,24.0,0.0,24.0,0.0,89.0,0.0,0.0,50.1
1583,350678,35,1,4,4899.0,4013.9,4554.6,3653.5,34.8,44.0,614.1,552.9,373.5,370.3,2090.2,1646.5,188.5,0.0,192.2,0.0,341.0,345.0,740.0,738.8,5.0,0.0,10.0,0.0,34.8,0.0,0.0,44.0
1584,350679,35,1,4,2848.0,950.9,2709.5,826.7,25.8,9.5,457.3,1.4,276.0,0.0,1543.3,679.6,140.9,0.0,143.7,0.0,40.3,40.6,105.1,105.1,1.0,0.0,2.0,0.0,25.8,0.0,0.0,9.5
1585,350680,35,1,3,9251.2,4456.8,8913.6,4136.4,85.4,43.0,1516.5,117.1,876.3,44.6,4933.9,2633.4,432.0,645.1,440.4,0.0,208.1,210.9,484.4,485.4,9.0,0.0,13.0,0.0,85.4,0.0,0.0,43.0
1586,350681,35,1,3,3018.3,2397.4,2802.6,2158.6,25.6,25.3,501.0,273.6,260.7,137.5,1402.5,1291.6,79.6,0.0,81.5,0.0,140.6,142.5,311.7,313.3,7.0,0.0,18.0,0.0,25.6,0.0,0.0,25.3
1587,350682,35,1,3,5223.3,3308.2,4951.5,3027.3,47.7,34.1,925.8,292.4,494.9,37.6,2594.5,2085.3,151.9,0.0,155.0,0.0,206.1,209.2,400.3,402.8,9.0,0.0,14.0,0.0,47.7,0.0,0.0,34.1
1588,350683,35,1,3,4635.2,2570.8,4422.7,2363.3,44.1,27.7,804.3,103.0,450.5,76.1,2323.5,1650.9,127.1,0.0,129.8,0.0,155.3,157.6,372.2,375.7,53.0,0.0,7.0,0.0,44.1,0.0,0.0,27.7
1589,350684,35,1,4,13337.3,16351.8,12274.1,15179.2,75.0,142.2,1441.7,1887.5,805.6,2085.8,4143.8,5017.5,223.7,765.2,228.1,0.0,1600.5,1626.9,3751.8,3796.2,40.0,0.0,39.0,0.0,75.0,0.0,0.0,142.2
1590,350685,35,1,4,4540.6,2990.8,4315.2,2766.6,42.3,30.5,789.0,209.3,433.6,103.1,2231.7,1862.7,112.4,0.0,114.7,0.0,176.3,179.6,406.6,411.8,40.0,0.0,11.0,0.0,42.3,0.0,0.0,30.5
1591,350686,35,1,3,7720.1,3497.7,7413.0,3208.3,76.7,33.5,1447.8,58.6,757.1,4.9,4061.0,2544.0,247.1,0.0,251.9,0.0,167.7,171.0,423.4,429.7,40.0,0.0,17.0,0.0,76.7,0.0,0.0,33.5
1592,350687,35,1,4,3306.8,2612.8,3078.9,2388.5,30.9,25.6,561.2,341.1,303.1,42.0,1614.4,1551.1,90.9,0.0,92.7,35.0,142.3,145.3,269.4,273.9,2.0,0.0,3.0,0.0,30.9,0.0,0.0,25.6
1593,350688,35,1,4,2402.3,1075.4,2278.3,964.0,23.0,9.2,439.3,2.1,235.5,0.0,1268.9,785.2,77.5,0.0,79.0,0.0,48.4,49.1,125.7,127.6,1.0,0.0,3.0,0.0,23.0,0.0,0.0,9.2
1594,350689,35,1,4,2326.8,3840.6,2036.6,3519.8,7.0,35.5,139.3,678.7,78.7,381.1,433.6,1139.7,30.6,0.0,31.5,0.0,445.3,450.5,871.6,869.8,1.0,0.0,5.0,0.0,7.0,0.0,0.0,35.5
1595,350690,35,1,4,4138.2,2389.9,3945.6,2197.9,35.4,22.3,683.1,89.2,383.5,154.0,2103.5,1501.3,150.4,0.0,153.4,0.0,123.4,124.4,329.3,328.9,7.0,0.0,12.0,0.0,35.4,0.0,0.0,22.3
1596,350691,35,1,3,4520.9,1822.7,4340.4,1643.0,39.6,18.4,699.2,42.9,413.9,50.9,2337.5,1107.3,209.3,0.0,213.4,0.0,130.9,132.4,309.1,309.5,15.0,0.0,12.0,0.0,39.6,0.0,0.0,18.4
1597,350692,35,1,3,2574.6,1362.0,2419.7,1205.0,23.8,13.0,474.4,21.6,251.6,47.0,1303.7,897.3,73.4,0.0,75.0,0.0,64.3,65.1,173.3,173.9,1.0,0.0,3.0,0.0,23.8,0.0,0.0,13.0
1598,350693,35,1,4,4855.8,9133.6,4563.0,8833.1,40.7,40.1,811.8,575.2,448.4,155.9,2114.6,2317.4,78.4,822.2,80.3,3956.9,347.0,353.2,644.4,652.4,27.0,0.0,11.0,0.0,40.7,0.0,0.0,40.1
1599,350694,35,1,3,4322.3,3283.7,4029.9,2978.8,34.6,31.6,704.9,264.2,369.4,237.8,1951.2,1705.0,110.8,0.0,113.1,0.0,233.4,235.9,537.1,535.9,3.0,0.0,7.0,0.0,34.6,0.0,0.0,31.6
1600,350695,35,1,3,8793.6,7151.3,8280.9,6615.2,71.9,64.7,1504.9,860.1,776.9,557.9,4064.6,3712.9,211.3,0.0,215.6,0.0,435.3,440.6,1042.3,1043.7,11.0,0.0,19.0,0.0,71.9,0.0,0.0,64.7
1601,350696,35,1,3,10519.9,6279.4,10060.7,5820.5,94.2,47.6,1962.9,224.6,1025.5,109.7,5303.3,3733.7,300.3,649.9,306.2,0.0,332.1,336.2,764.5,766.5,39.0,0.0,27.0,0.0,94.2,0.0,0.0,47.6
1602,350697,35,1,3,6313.1,4629.0,6055.4,4377.4,57.4,25.4,1152.9,129.4,621.9,0.0,3286.8,2207.6,198.9,0.0,203.0,1479.9,175.8,178.4,380.2,382.0,21.0,0.0,15.0,0.0,57.4,0.0,0.0,25.4
1603,350698,35,1,4,2861.9,1608.1,2719.2,1467.7,25.7,13.9,510.7,117.1,264.9,9.3,1452.7,1077.2,83.2,0.0,84.8,0.0,81.2,82.2,180.7,181.9,51.0,0.0,10.0,0.0,25.7,0.0,0.0,13.9
1604,350699,35,1,4,13788.8,16258.7,12887.8,15207.3,52.0,152.6,977.8,1259.7,503.7,3627.8,2823.3,2032.1,161.8,0.0,165.1,0.0,2294.8,2330.8,5892.3,5956.9,22.0,0.0,47.0,0.0,52.0,0.0,0.0,152.6
1605,350700,35,1,4,12508.7,13558.0,11653.3,12636.2,80.2,119.5,1494.8,1735.6,814.0,2392.7,4418.1,4154.9,316.8,16.0,322.9,39.1,1158.8,1176.8,3087.9,3121.1,11.0,0.0,29.0,0.0,80.2,0.0,0.0,119.5
1606,350701,35,1,3,4799.9,3206.8,4580.9,2993.1,41.1,18.7,822.1,138.0,437.3,0.0,2471.8,1539.8,195.3,902.3,199.1,0.0,137.5,138.4,275.7,274.5,37.0,0.0,5.0,0.0,41.1,0.0,0.0,18.7
1607,350702,35,1,4,1552.2,2141.8,1376.8,1962.8,11.9,10.6,240.8,268.9,126.2,26.2,660.6,661.1,38.0,746.1,39.0,0.0,102.5,103.9,155.8,156.5,7.0,0.0,7.0,0.0,11.9,0.0,0.0,10.6
1608,350703,35,1,3,6243.2,2362.2,6013.2,2144.3,54.5,18.3,1062.1,5.4,596.1,0.0,3379.6,1768.3,289.4,0.0,295.2,0.0,104.0,105.0,266.7,265.5,8.0,0.0,12.0,0.0,54.5,0.0,0.0,18.3
1609,350704,35,1,3,5698.5,3401.2,5420.5,3112.9,51.8,28.8,1106.0,183.3,566.0,19.5,2859.8,2337.2,128.4,0.0,131.2,0.0,178.6,180.8,392.5,392.1,40.0,0.0,18.0,0.0,51.8,0.0,0.0,28.8
1610,350705,35,1,3,4485.0,1856.8,4282.8,1649.2,40.0,14.5,805.6,7.9,421.3,0.0,2293.4,1353.3,156.7,0.0,159.9,0.0,80.6,81.3,206.3,206.6,143.0,0.0,16.0,0.0,40.0,0.0,0.0,14.5
1611,350706,35,1,3,5734.4,2709.3,5492.9,2465.2,53.2,21.0,1063.5,83.3,565.4,0.0,3015.5,1947.4,185.8,0.0,189.7,0.0,127.7,129.0,304.2,305.5,22.0,0.0,19.0,0.0,53.2,0.0,0.0,21.0
1612,350707,35,1,3,2863.6,2512.1,2616.8,2248.4,26.0,22.6,480.3,967.4,258.2,9.5,1377.7,987.2,103.7,0.0,105.9,0.0,103.7,105.1,178.3,179.2,1.0,0.0,8.0,0.0,26.0,0.0,0.0,22.6
1613,350708,35,1,3,4735.3,4795.5,4321.7,4352.4,41.2,41.6,816.4,804.6,421.5,131.0,2049.3,2564.2,82.4,0.0,84.3,0.0,302.2,306.8,540.6,545.7,8.0,0.0,17.0,0.0,41.2,0.0,0.0,41.6
1614,350709,35,1,4,3846.4,3524.8,3509.2,3177.4,31.1,29.9,602.5,645.7,309.9,121.8,1652.6,1670.6,102.7,9.9,104.7,0.0,253.8,257.5,467.0,471.8,8.0,0.0,8.0,0.0,31.1,0.0,0.0,29.9
1615,350710,35,1,4,2985.6,7895.4,2098.0,6894.1,0.5,85.3,8.7,2590.8,4.6,809.7,53.8,1449.2,1.0,0.0,1.1,0.0,770.8,787.7,1229.9,1256.6,0.0,0.0,28.0,0.0,0.5,0.0,0.0,85.3
1616,350711,35,1,4,908.9,1952.3,754.7,1773.4,0.2,23.8,2.2,393.8,1.7,297.0,11.8,332.4,0.2,0.0,0.3,0.0,220.4,225.5,513.1,524.6,0.0,0.0,5.0,0.0,0.2,0.0,0.0,23.8
1617,350712,35,1,4,3830.5,5539.4,3379.4,5043.3,22.5,61.5,396.0,659.8,211.8,1058.3,1107.3,1758.2,59.3,0.0,60.5,0.0,397.2,405.7,1137.2,1161.2,1.0,0.0,9.0,0.0,22.5,0.0,0.0,61.5
1618,350713,35,1,4,2756.6,3881.3,2367.5,3458.6,19.1,44.6,363.4,606.9,169.4,422.8,873.6,1567.7,39.2,0.0,40.1,0.0,259.9,265.8,582.8,595.5,27.0,0.0,12.0,0.0,19.1,0.0,0.0,44.6
1619,350714,35,1,4,10881.6,7013.0,10364.3,6508.1,118.1,84.8,2128.8,290.3,1134.8,73.7,5418.2,4887.1,205.8,0.0,209.9,0.0,364.4,373.0,862.3,884.0,26.0,0.0,14.0,0.0,118.1,0.0,0.0,84.8
1620,350715,35,1,4,5412.1,7599.5,4936.4,7053.6,28.6,91.7,513.2,855.8,263.7,1543.0,1380.8,1983.8,72.5,0.0,74.1,0.0,661.1,676.7,1946.0,1994.2,16.0,0.0,9.0,0.0,28.6,0.0,0.0,91.7
1621,350716,35,1,4,3289.2,3807.7,3045.4,3534.0,25.2,48.2,453.5,331.6,241.8,571.2,1152.7,1507.3,40.7,0.0,42.0,0.0,288.3,295.3,808.3,828.7,10.0,0.0,8.0,0.0,25.2,0.0,0.0,48.2
1622,350717,35,1,4,4523.4,5533.0,4162.2,5130.6,29.2,66.4,536.8,403.3,277.0,1245.1,1385.3,1613.0,63.9,0.0,65.3,0.0,428.2,438.3,1395.7,1430.9,2.0,0.0,8.0,0.0,29.2,0.0,0.0,66.4
1623,350718,35,1,4,4155.7,4862.9,3857.2,4512.4,29.3,58.9,539.0,357.1,301.7,577.8,1316.3,1957.8,39.7,0.0,40.6,0.0,449.2,459.9,1130.7,1159.8,20.0,0.0,20.0,0.0,29.3,0.0,0.0,58.9
1624,350719,35,1,4,3170.8,3510.6,2836.5,3156.7,24.4,34.0,463.3,784.7,239.2,111.9,1204.6,1442.3,55.3,0.0,56.7,0.0,279.6,285.5,520.6,532.3,3.0,0.0,14.0,0.0,24.4,0.0,0.0,34.0
1625,350720,35,1,4,6782.6,5179.0,6375.3,4755.0,67.8,60.5,1210.0,817.1,638.5,69.1,3286.2,2964.4,156.7,0.0,160.1,0.0,304.2,311.2,579.5,593.2,18.0,0.0,22.0,0.0,67.8,0.0,0.0,60.5
1626,350721,35,1,4,7327.5,4560.2,6981.7,4226.9,69.5,42.1,1310.2,386.9,656.5,161.1,3639.1,2740.7,213.3,5.3,217.5,0.0,281.5,287.2,633.4,645.8,13.0,0.0,17.0,0.0,69.5,0.0,0.0,42.1
1627,350722,35,1,4,3184.0,4786.5,2686.1,4260.1,21.4,48.6,419.3,931.4,196.9,337.4,994.1,1984.5,39.8,0.0,40.9,0.0,334.8,342.1,650.3,664.7,5.0,0.0,5.0,0.0,21.4,0.0,0.0,48.6
1628,350723,35,1,4,3369.8,3420.2,3111.3,3150.4,28.8,36.1,511.3,454.9,272.3,234.4,1423.8,1690.8,71.4,0.0,73.0,0.0,240.3,246.1,512.1,524.1,2.0,0.0,5.0,0.0,28.8,0.0,0.0,36.1
1629,350724,35,1,4,4557.4,6946.0,4114.0,6434.8,26.5,71.8,495.0,1205.9,260.0,558.2,1286.5,2679.9,49.2,0.0,50.3,0.0,653.5,668.7,1291.5,1322.0,7.0,0.0,21.0,0.0,26.5,0.0,0.0,71.8
1630,350725,35,1,4,8325.1,5471.1,7910.4,5068.1,81.8,56.2,1512.6,471.9,846.5,146.0,4105.4,3428.8,173.4,0.0,176.9,0.0,301.7,308.1,697.9,713.3,85.0,0.0,11.0,0.0,81.8,0.0,0.0,56.2
1631,350726,35,1,4,6348.9,4739.9,6006.1,4422.1,61.4,30.0,1231.9,284.6,632.4,0.0,3190.5,2542.4,148.7,961.0,152.0,0.0,203.3,207.1,420.2,427.0,18.0,0.0,9.0,0.0,61.4,0.0,0.0,30.0
1632,350727,35,1,4,5971.7,13896.5,4824.3,12629.5,29.2,123.0,551.1,4142.4,280.5,456.1,1527.0,5710.4,79.0,0.0,80.8,0.0,939.3,957.6,1337.5,1363.0,8.0,0.0,21.0,0.0,29.2,0.0,0.0,123.0
1633,350728,35,1,4,1867.1,6759.9,1296.0,6115.9,0.0,63.0,0.0,1793.1,0.0,413.0,14.0,2615.6,0.0,0.0,0.0,0.0,481.0,491.3,787.0,802.9,0.0,0.0,14.0,0.0,0.0,0.0,0.0,63.0
1634,350729,35,1,4,9929.1,35915.0,6755.8,32348.3,0.0,335.0,0.0,14584.5,0.0,1258.1,34.0,9666.3,0.0,0.0,0.0,0.0,2979.0,3045.6,3708.8,3793.8,0.0,0.0,34.0,0.0,0.0,0.0,0.0,335.0
1635,350730,35,1,4,3968.2,6732.1,3527.4,6200.9,2.3,62.3,40.3,812.7,22.0,1087.3,144.2,949.9,4.8,0.0,5.1,0.0,993.1,1014.6,2284.9,2336.5,1.0,0.0,32.0,0.0,2.3,0.0,0.0,62.3
1636,350731,35,1,4,2544.3,2944.2,2332.1,2729.8,19.1,19.3,363.1,327.7,202.1,81.9,974.3,1004.7,40.7,637.3,42.0,0.0,224.7,229.6,439.1,448.5,41.0,0.0,5.0,0.0,19.1,0.0,0.0,19.3
1637,350732,35,1,4,6308.7,5984.7,5855.1,5514.2,58.3,59.3,1148.0,764.5,668.1,99.9,2810.9,3592.3,77.4,0.0,79.1,0.0,350.5,358.2,685.0,699.3,24.0,0.0,12.0,0.0,58.3,0.0,0.0,59.3
1638,350733,35,1,3,3563.2,1444.9,3401.4,1285.5,33.5,11.3,629.2,2.5,333.9,0.0,1860.0,1050.4,133.1,0.0,135.8,0.0,64.1,65.0,165.4,167.5,67.0,0.0,13.0,0.0,33.5,0.0,0.0,11.3
1639,350734,35,1,4,5090.9,2196.9,4844.0,1973.5,49.3,16.5,973.4,12.7,516.6,0.0,2648.7,1601.5,162.2,0.0,165.5,0.0,99.0,100.9,254.4,258.3,13.0,0.0,11.0,0.0,49.3,0.0,0.0,16.5
1640,350735,35,1,4,8506.9,12756.1,7435.3,11613.8,56.5,105.1,1007.4,2429.4,584.7,931.9,3141.7,5998.7,226.5,0.0,231.0,0.0,739.8,754.0,1473.1,1499.7,11.0,0.0,20.0,0.0,56.5,0.0,0.0,105.1
1641,350736,35,1,4,1303.2,3529.5,1038.9,3225.9,0.0,31.4,0.0,788.8,0.0,338.5,13.0,1065.4,0.0,0.0,0.0,0.0,357.9,365.1,655.0,668.0,0.0,0.0,13.0,0.0,0.0,0.0,0.0,31.4
1642,350737,35,1,4,240.9,621.3,111.4,492.7,0.3,4.3,5.3,152.0,2.9,33.7,15.9,220.6,0.5,0.0,0.7,0.0,36.2,36.7,49.0,49.7,0.0,0.0,1.0,0.0,0.3,0.0,0.0,4.3
1643,350738,35,1,4,8736.6,13685.1,7991.8,12857.4,48.8,107.7,929.1,1538.6,494.2,2140.8,2485.2,3505.0,113.2,0.0,115.5,1792.1,1033.4,1054.1,2770.1,2826.8,24.0,0.0,27.0,0.0,48.8,0.0,0.0,107.7
1644,350739,35,1,4,6983.6,8352.3,6474.6,7815.8,52.0,63.8,974.4,1263.3,531.3,478.2,2690.4,3150.2,124.2,0.0,126.6,891.0,660.0,674.4,1329.6,1358.6,23.0,0.0,15.0,0.0,52.0,0.0,0.0,63.8
1645,350740,35,1,4,9659.7,9953.8,8985.9,9251.3,76.9,87.9,1540.2,924.9,824.8,899.0,3799.8,4922.9,125.2,0.0,127.8,0.0,700.1,715.2,1751.1,1789.2,104.0,0.0,13.0,0.0,76.9,0.0,0.0,87.9
1646,350741,35,1,4,5626.4,6393.1,5075.1,5816.2,42.2,60.1,812.4,1040.5,445.0,358.4,2205.8,3057.9,114.5,0.0,116.8,0.0,443.7,453.3,887.9,906.2,40.0,0.0,9.0,0.0,42.2,0.0,0.0,60.1
1647,350742,35,1,3,4218.3,3869.0,3928.1,3549.5,36.7,42.4,693.5,277.2,367.8,306.9,1805.3,2105.3,69.5,0.0,71.1,0.0,239.1,244.7,602.7,615.3,64.0,0.0,15.0,0.0,36.7,0.0,0.0,42.4
1648,350743,35,1,3,7266.2,4627.7,6946.6,4328.2,68.2,24.2,1300.4,150.1,693.5,14.7,3706.0,2159.7,277.2,611.2,282.9,818.2,175.3,178.7,389.4,395.5,109.0,0.0,13.0,0.0,68.2,0.0,0.0,24.2
1649,350744,35,1,4,4592.9,8971.7,3842.0,8157.5,20.6,75.9,388.4,2472.3,206.6,552.9,1065.6,2912.2,58.5,46.1,59.8,81.6,765.5,781.7,1283.6,1310.7,4.0,0.0,10.0,0.0,20.6,0.0,0.0,75.9
1650,350745,35,1,4,3584.6,2890.4,3351.3,2665.8,32.6,18.1,637.6,278.2,339.3,33.6,1740.7,1364.6,95.1,570.5,97.1,0.0,138.5,141.3,271.9,277.5,20.0,0.0,11.0,0.0,32.6,0.0,0.0,18.1
1651,350746,35,1,4,7002.6,8243.1,6394.1,7591.5,43.0,74.7,808.1,1186.8,428.9,1174.7,2296.4,2635.0,149.6,0.0,152.5,0.0,725.5,740.8,1815.1,1854.1,5.0,0.0,13.0,0.0,43.0,0.0,0.0,74.7
1652,350747,35,1,4,5953.8,3937.9,5612.9,3596.4,54.6,34.3,1069.6,368.8,557.8,58.3,2917.4,2368.7,156.0,0.0,159.0,76.7,230.7,235.4,479.4,488.5,21.0,0.0,22.0,0.0,54.6,0.0,0.0,34.3
1653,350748,35,1,3,5377.4,8403.8,5029.4,8028.3,49.8,57.6,930.4,802.7,554.1,69.7,2322.9,2910.6,57.7,804.0,59.0,2356.3,388.3,396.6,676.0,688.4,30.0,0.0,11.0,0.0,49.8,0.0,0.0,57.6
1654,350749,35,1,3,5121.0,2273.4,4893.3,2036.5,48.7,17.6,969.6,23.7,499.7,0.0,2674.1,1651.3,165.4,0.0,168.7,0.0,102.0,103.4,255.6,258.2,33.0,0.0,25.0,0.0,48.7,0.0,0.0,17.6
1655,350750,35,1,3,148.2,196.8,87.2,134.3,0.9,1.2,16.5,12.4,9.0,0.0,47.2,112.8,1.7,0.0,1.8,0.0,3.5,3.5,5.6,5.6,0.0,0.0,2.0,0.0,0.9,0.0,0.0,1.2
1656,350751,35,1,4,2698.4,1632.2,2575.4,1521.0,24.7,8.5,450.8,39.7,261.7,14.6,1405.8,800.8,100.9,451.8,103.3,0.0,62.8,63.7,148.1,150.3,35.0,0.0,7.0,0.0,24.7,0.0,0.0,8.5
1657,350752,35,1,4,485.8,1273.0,267.3,1049.8,1.1,8.9,21.4,395.3,10.7,84.5,64.6,407.9,3.4,0.0,3.6,0.0,77.1,78.2,82.4,83.9,0.0,0.0,4.0,0.0,1.1,0.0,0.0,8.9
1658,350753,35,1,4,613.8,1521.4,364.5,1265.9,0.2,11.9,2.8,539.0,1.9,126.9,12.6,250.3,0.8,0.0,1.0,0.0,144.4,147.0,199.0,202.7,0.0,0.0,2.0,0.0,0.2,0.0,0.0,11.9
1659,350754,35,1,4,8615.5,10785.3,7947.9,10060.9,54.3,97.4,1020.0,941.2,518.9,1988.2,2717.6,3363.1,145.3,336.5,148.3,0.0,867.8,884.4,2501.0,2547.5,11.0,0.0,18.0,0.0,54.3,0.0,0.0,97.4
1660,350755,35,1,4,17614.1,31455.2,16231.9,29711.8,2.5,293.4,50.0,2487.9,26.0,9888.9,197.8,1162.1,4.3,0.0,4.5,0.0,3952.4,4026.3,11922.0,12146.7,2.0,0.0,73.0,0.0,2.5,0.0,0.0,293.4
1661,350756,35,1,4,7719.8,8203.7,7138.0,7591.8,65.6,75.9,1231.2,1505.4,659.9,223.4,3172.6,3621.0,120.3,442.7,122.9,0.0,606.4,618.2,1159.8,1181.2,46.0,0.0,19.0,0.0,65.6,0.0,0.0,75.9
1662,350757,35,1,4,3056.6,2753.8,2772.3,2473.6,25.8,22.5,484.4,602.7,262.4,45.1,1381.0,1348.9,85.7,0.0,87.5,0.0,179.9,183.4,287.4,293.4,1.0,0.0,3.0,0.0,25.8,0.0,0.0,22.5
1663,350758,35,1,4,6987.3,10175.0,6162.0,9268.2,41.5,98.7,738.0,2129.5,401.8,811.9,2254.2,3928.3,188.1,0.0,191.8,0.0,782.6,797.9,1571.5,1600.6,7.0,0.0,27.0,0.0,41.5,0.0,0.0,98.7
1664,350759,35,1,4,6052.9,6230.7,5530.5,5684.3,51.1,63.1,976.4,888.2,518.6,258.8,2517.0,3242.6,99.4,0.0,101.4,0.0,421.7,430.1,849.0,864.5,35.0,0.0,12.0,0.0,51.1,0.0,0.0,63.1
1665,350760,35,1,3,6980.7,4414.4,6612.5,4037.0,70.4,49.4,1328.8,353.3,705.8,126.8,3424.8,2759.7,144.0,0.0,147.1,0.0,230.2,234.7,553.7,562.4,62.0,0.0,16.0,0.0,70.4,0.0,0.0,49.4
1666,350761,35,1,4,2892.6,1622.0,2748.0,1492.1,29.1,12.2,573.9,3.0,323.1,0.0,1485.1,1220.8,48.5,0.0,49.6,0.0,74.1,75.1,190.7,193.2,2.0,0.0,1.0,0.0,29.1,0.0,0.0,12.2
1667,350762,35,1,3,2012.7,1080.8,1905.4,977.5,21.0,8.8,389.5,1.5,212.1,0.0,1038.1,799.6,42.4,0.0,43.5,0.0,48.3,48.9,125.6,127.5,0.0,0.0,6.0,0.0,21.0,0.0,0.0,8.8
1668,350763,35,1,4,670.1,2022.6,389.5,1727.1,0.2,17.2,2.2,719.1,1.8,226.4,9.7,402.8,0.3,0.0,0.2,0.0,152.8,155.5,219.4,223.3,0.0,0.0,3.0,0.0,0.2,0.0,0.0,17.2
1669,350764,35,1,4,4549.4,3916.0,4237.2,3604.2,41.8,35.7,788.8,280.4,409.1,261.3,2023.8,2226.3,82.7,0.0,84.5,0.0,238.3,242.1,584.1,594.1,18.0,0.0,8.0,0.0,41.8,0.0,0.0,35.7
1670,350765,35,1,4,4581.3,2608.3,4327.7,2372.2,46.8,26.0,915.2,173.2,487.8,8.3,2309.4,1772.1,90.7,0.0,92.6,0.0,120.6,122.6,291.5,296.0,13.0,0.0,7.0,0.0,46.8,0.0,0.0,26.0
1671,350766,35,1,4,3961.7,3105.9,3713.9,2833.8,36.8,45.8,651.2,413.4,362.3,149.1,1802.2,1606.3,82.7,0.0,84.5,0.0,207.1,212.2,442.8,452.7,71.0,0.0,10.0,0.0,36.8,0.0,0.0,45.8
1672,350767,35,1,4,4721.9,3265.5,4407.3,2939.9,45.3,45.2,838.3,412.4,437.9,120.7,2227.3,1762.1,112.4,0.0,114.8,0.0,201.0,205.7,429.6,439.0,36.0,0.0,10.0,0.0,45.3,0.0,0.0,45.2
1673,350768,35,1,4,5356.9,3003.2,5112.2,2766.1,54.3,33.3,971.9,89.8,514.4,0.0,2787.4,1589.0,186.2,646.5,190.1,0.0,134.9,137.5,297.2,303.2,22.0,0.0,8.0,0.0,54.3,0.0,0.0,33.3
1674,350769,35,1,3,5133.8,3548.7,4671.7,3041.0,45.3,53.9,795.3,783.3,409.8,210.6,2288.6,1273.0,197.4,0.0,201.7,0.0,276.6,283.3,480.5,490.8,12.0,0.0,10.0,0.0,45.3,0.0,0.0,53.9
1675,350770,35,1,3,3770.9,2252.9,3501.4,1957.3,37.4,23.6,709.4,44.4,342.2,0.0,1836.3,1036.3,120.1,599.8,122.8,0.0,82.4,84.1,189.1,192.7,88.0,0.0,11.0,0.0,37.4,0.0,0.0,23.6
1676,350771,35,1,3,2906.8,5371.7,2703.7,5130.8,25.1,45.0,443.8,485.5,247.9,48.9,1222.8,1300.6,54.8,0.0,56.0,2651.7,242.3,248.4,388.1,395.8,40.0,0.0,8.0,0.0,25.1,0.0,0.0,45.0
1677,350772,35,1,3,4930.5,2969.2,4673.2,2698.3,49.1,33.7,909.0,26.7,469.2,69.6,2517.6,1421.4,171.6,770.9,175.4,0.0,108.5,110.7,293.8,298.9,20.0,0.0,8.0,0.0,49.1,0.0,0.0,33.7
1678,350773,35,1,3,4377.6,2238.4,4148.0,1991.5,44.9,36.3,875.1,41.0,437.2,0.0,2214.7,1555.2,99.2,0.0,101.3,0.0,114.5,116.9,273.9,278.3,21.0,0.0,11.0,0.0,44.9,0.0,0.0,36.3
1679,350774,35,1,3,2156.9,990.6,1997.0,820.3,21.8,15.3,399.5,13.9,208.2,0.0,1088.2,641.9,65.6,15.7,67.2,0.0,40.7,41.6,105.6,107.2,18.0,0.0,4.0,0.0,21.8,0.0,0.0,15.3
1680,350775,35,1,3,4874.7,4300.9,4526.5,3892.9,40.4,66.7,783.9,475.2,405.4,519.0,1937.0,1660.0,75.6,0.0,77.3,0.0,338.2,345.8,877.1,892.8,17.0,0.0,15.0,0.0,40.4,0.0,0.0,66.7
1681,350776,35,1,3,5821.7,3805.2,5459.8,3410.8,53.1,50.3,1037.1,334.0,524.8,154.4,2647.0,2022.8,130.3,0.0,133.2,0.0,272.3,278.4,611.0,621.2,89.0,0.0,15.0,0.0,53.1,0.0,0.0,50.3
1682,350777,35,1,3,2255.2,963.7,2096.6,796.4,22.0,14.4,413.0,1.1,215.6,0.0,1118.5,642.4,65.7,0.0,67.3,0.0,41.5,42.3,108.8,110.5,62.0,0.0,4.0,0.0,22.0,0.0,0.0,14.4
1683,350778,35,1,4,5062.8,3485.8,4794.7,3238.7,49.9,26.9,945.8,95.2,483.5,7.0,2557.5,1606.1,163.1,914.0,166.7,198.0,126.5,128.7,283.6,289.6,63.0,0.0,5.0,0.0,49.9,0.0,0.0,26.9
1684,350779,35,1,4,6376.3,5457.5,5920.9,4969.8,51.5,73.0,942.2,739.6,486.0,374.5,2622.0,2295.3,157.0,0.0,160.4,0.0,482.7,493.8,1045.5,1066.6,17.0,0.0,8.0,0.0,51.5,0.0,0.0,73.0
1685,350780,35,1,3,5849.4,5490.0,5445.4,5029.0,50.0,76.7,941.2,669.5,510.9,434.0,2433.7,2574.3,90.9,0.0,93.0,0.0,398.9,407.5,926.8,943.7,32.0,0.0,18.0,0.0,50.0,0.0,0.0,76.7
1686,350781,35,1,3,4871.2,7629.0,4415.1,7086.8,31.6,97.5,582.4,1200.2,337.0,600.1,1509.3,2407.5,46.0,0.0,47.0,970.1,606.4,620.9,1263.9,1288.0,12.0,0.0,11.0,0.0,31.6,0.0,0.0,97.5
1687,350782,35,1,3,3721.3,1586.6,3475.8,1327.6,36.6,18.3,729.8,5.1,362.8,0.0,1884.1,1069.6,116.6,0.0,119.1,0.0,69.4,70.9,179.1,182.0,6.0,0.0,9.0,0.0,36.6,0.0,0.0,18.3
1688,350783,35,1,3,9040.2,8599.1,8423.7,7942.4,82.1,87.4,1545.2,1143.6,806.6,154.5,4106.9,4302.6,195.5,0.0,199.8,772.5,548.0,560.1,989.7,1009.2,16.0,0.0,16.0,0.0,82.1,0.0,0.0,87.4
1689,350784,35,1,3,8314.2,5907.4,7872.4,5446.3,78.7,74.5,1494.3,390.3,815.4,338.3,3864.2,3380.1,145.1,0.0,148.1,0.0,376.3,384.5,935.0,953.1,86.0,0.0,8.0,0.0,78.7,0.0,0.0,74.5
1690,350785,35,1,3,1183.5,1553.6,1043.9,1401.7,8.3,18.5,160.5,279.3,86.5,85.6,413.9,681.2,15.2,0.0,15.8,0.0,117.1,119.4,231.9,236.3,0.0,0.0,3.0,0.0,8.3,0.0,0.0,18.5
1691,350786,35,1,3,1904.1,1159.4,1734.5,982.3,17.7,12.7,334.9,95.0,168.4,24.9,913.1,657.9,58.1,6.4,59.5,0.0,60.5,61.8,134.0,136.2,4.0,0.0,2.0,0.0,17.7,0.0,0.0,12.7
1692,350787,35,1,3,3239.1,1285.9,3028.5,1062.7,32.3,15.9,604.1,3.0,305.0,0.0,1663.6,857.0,120.4,0.0,123.0,0.0,55.4,56.5,144.0,146.2,4.0,0.0,9.0,0.0,32.3,0.0,0.0,15.9
1693,350788,35,1,3,3472.2,1670.8,3290.6,1489.9,33.7,20.0,614.8,80.6,343.0,10.1,1733.6,1089.6,99.8,0.0,102.0,0.0,92.5,94.0,212.9,215.6,82.0,0.0,10.0,0.0,33.7,0.0,0.0,20.0
1694,350789,35,1,3,5311.4,3000.5,5020.8,2704.7,52.9,30.6,1022.9,116.7,521.2,3.6,2682.6,1682.9,159.5,464.9,163.0,0.0,133.0,135.7,296.6,300.8,28.0,0.0,14.0,0.0,52.9,0.0,0.0,30.6
1695,350790,35,1,4,2912.4,2283.6,2644.5,2013.5,24.4,25.0,509.1,313.6,252.5,52.1,1278.3,1253.8,60.1,0.0,61.3,0.0,136.2,138.5,252.9,255.4,82.0,0.0,12.0,0.0,24.4,0.0,0.0,25.0
1696,350791,35,1,3,4728.2,3546.1,4384.3,3182.6,45.3,38.3,883.6,502.8,468.5,46.7,2181.4,2014.0,79.3,0.0,81.2,0.0,208.1,212.6,399.3,406.4,72.0,0.0,11.0,0.0,45.3,0.0,0.0,38.3
1697,350792,35,1,3,4079.7,6064.2,3653.3,5576.6,23.7,60.2,448.3,645.5,230.6,774.6,1219.2,1798.6,73.2,746.0,74.9,0.0,454.9,463.9,1129.3,1148.0,11.0,0.0,12.0,0.0,23.7,0.0,0.0,60.2
1698,350793,35,1,3,2625.9,1826.2,2434.1,1623.2,24.5,21.6,444.0,136.9,245.9,79.0,1248.2,1063.8,71.1,0.0,72.9,0.0,101.3,103.4,236.8,240.1,8.0,0.0,6.0,0.0,24.5,0.0,0.0,21.6
1699,350794,35,1,4,1638.7,1337.7,1485.5,1176.7,10.1,16.1,185.1,120.4,102.5,109.7,525.3,341.9,30.0,0.0,30.6,0.0,189.1,192.6,407.9,412.1,9.0,0.0,6.0,0.0,10.1,0.0,0.0,16.1
1700,350795,35,1,4,3522.2,12219.5,2514.8,11003.0,0.0,144.2,0.0,3007.0,0.0,534.7,71.0,4723.5,0.0,175.7,0.0,163.2,884.3,898.8,1488.5,1500.1,0.0,0.0,71.0,0.0,0.0,0.0,0.0,144.2
1701,350796,35,1,4,11657.5,6122.0,11238.3,5726.8,94.7,50.5,2167.0,108.0,1117.5,55.4,6145.2,4158.1,385.8,474.2,393.5,0.0,271.2,272.9,666.1,658.2,72.0,0.0,20.0,0.0,94.7,0.0,0.0,50.5
1702,350797,35,1,3,916.4,3803.7,535.1,3396.7,0.0,21.2,0.0,862.7,0.0,122.0,8.0,1313.3,0.0,516.8,0.0,63.8,237.0,238.5,282.1,279.6,0.0,0.0,8.0,0.0,0.0,0.0,0.0,21.2
1703,350798,35,1,3,4659.1,2978.0,4391.3,2705.6,37.4,24.2,755.5,175.6,412.2,257.8,2209.7,1595.6,159.7,0.0,163.0,0.0,193.2,195.1,483.1,481.6,10.0,0.0,5.0,0.0,37.4,0.0,0.0,24.2
1704,350799,35,1,3,7151.3,2831.9,6896.9,2571.8,57.6,25.8,1253.7,6.6,661.9,0.0,3858.1,2136.1,325.4,0.0,332.1,0.0,122.0,122.3,312.7,306.7,9.0,0.0,22.0,0.0,57.6,0.0,0.0,25.8
1705,350800,35,1,3,17688.4,8062.1,17134.3,7487.0,144.3,69.6,3255.4,103.0,1707.4,21.0,9429.3,6050.1,633.9,0.0,646.7,0.0,384.0,385.7,941.7,927.3,66.0,0.0,70.0,0.0,144.3,0.0,0.0,69.6
1706,350801,35,1,3,10978.5,8237.6,10442.1,7681.5,90.2,57.2,2063.9,706.9,1030.9,143.6,5463.8,5563.9,257.4,0.0,262.5,0.0,394.7,397.7,874.8,869.4,56.0,0.0,38.0,0.0,90.2,0.0,0.0,57.2
1707,350802,35,1,3,5394.0,2044.3,5205.0,1858.3,44.2,13.2,902.9,4.4,521.1,0.0,2930.4,1535.5,252.9,0.0,257.8,0.0,89.5,90.1,229.4,228.3,3.0,0.0,18.0,0.0,44.2,0.0,0.0,13.2
1708,350803,35,1,4,4971.3,1862.9,4796.4,1686.8,41.7,11.5,837.8,4.1,468.7,0.0,2692.1,1391.7,233.0,0.0,237.6,0.0,81.7,82.2,209.4,208.8,5.0,0.0,31.0,0.0,41.7,0.0,0.0,11.5
1709,350804,35,1,3,3618.1,1633.3,3423.3,1440.8,32.2,11.2,661.4,40.5,353.1,0.0,1877.0,1151.0,129.2,0.0,132.0,0.0,72.7,73.3,176.0,176.0,16.0,0.0,6.0,0.0,32.2,0.0,0.0,11.2
1710,350805,35,1,3,4193.7,1579.6,4018.8,1411.0,37.0,10.6,705.2,3.0,407.6,0.0,2247.3,1161.3,190.1,0.0,194.0,0.0,68.6,69.2,177.0,177.5,21.0,0.0,8.0,0.0,37.0,0.0,0.0,10.6
1711,350806,35,1,3,4491.9,6146.1,4006.8,5612.6,22.8,48.9,446.5,683.6,236.4,980.7,1276.6,2087.6,94.1,0.0,96.3,0.0,528.3,535.4,1315.6,1325.4,2.0,0.0,11.0,0.0,22.8,0.0,0.0,48.9
1712,350807,35,1,4,7814.6,5172.1,7434.1,4812.7,69.4,38.1,1411.6,335.2,749.8,294.4,3844.4,3155.1,187.5,0.0,191.1,0.0,289.2,293.3,728.4,734.6,22.0,0.0,10.0,0.0,69.4,0.0,0.0,38.1
1713,350808,35,1,4,3009.6,1702.0,2844.6,1544.8,28.6,12.0,553.8,67.7,293.3,48.7,1519.8,1128.0,79.0,0.0,80.8,0.0,84.2,85.4,212.8,215.1,11.0,0.0,10.0,0.0,28.6,0.0,0.0,12.0
1714,350809,35,1,2,1763.7,746.9,1615.2,607.8,13.0,6.7,306.0,11.6,154.2,0.0,902.6,499.0,75.6,0.0,77.3,0.0,26.9,26.9,71.6,70.3,0.0,0.0,1.0,0.0,13.0,0.0,0.0,6.7
1715,350810,35,1,2,87.8,88.5,0.0,0.0,0.0,0.0,0.0,0.0,0.0,0.0,0.0,0.0,0.0,0.0,0.0,0.0,0.0,0.0,0.0,0.0,0.0,0.0,0.0,0.0,0.0,0.0,0.0,0.0
1716,350811,35,1,3,2342.0,2291.7,2198.2,2145.3,17.5,9.5,399.9,85.6,211.1,0.0,1191.1,783.9,90.5,1069.9,92.7,0.0,69.9,70.1,137.8,135.8,0.0,0.0,5.0,0.0,17.5,0.0,0.0,9.5
1717,350812,35,1,3,1396.5,1875.5,1188.8,1647.7,1.3,15.3,29.3,220.2,15.3,305.4,93.3,100.5,8.3,0.0,8.5,0.0,329.1,329.9,704.0,691.7,0.0,0.0,1.0,0.0,1.3,0.0,0.0,15.3
1718,350813,35,1,3,6123.3,3361.3,5906.7,3124.7,45.5,17.7,1015.8,77.4,557.5,0.0,3201.0,1728.3,284.2,925.0,290.2,0.0,123.5,123.9,274.5,270.2,124.0,0.0,36.0,0.0,45.5,0.0,0.0,17.7
1719,350814,35,1,3,8809.6,3213.7,8506.6,2922.6,67.5,22.1,1490.8,7.5,810.0,0.0,4729.4,2426.6,445.2,0.0,454.1,0.0,138.6,138.9,354.4,349.6,66.0,0.0,18.0,0.0,67.5,0.0,0.0,22.1
1720,350815,35,1,3,5378.7,3002.7,5118.9,2748.5,41.5,19.9,992.2,141.7,504.0,76.5,2742.7,2015.8,164.8,0.0,168.3,0.0,153.1,153.7,364.9,360.7,23.0,0.0,6.0,0.0,41.5,0.0,0.0,19.9
1721,350816,35,1,3,18631.4,37230.0,16748.5,35050.8,0.0,205.4,0.0,3985.2,0.0,11043.2,96.0,3509.0,0.0,0.0,0.0,0.0,4440.5,4472.4,12116.0,12041.0,0.0,0.0,96.0,0.0,0.0,0.0,0.0,205.4
1722,350817,35,1,4,9291.7,5464.4,8875.5,5081.8,70.1,25.4,1543.9,483.8,851.8,85.4,4754.2,2903.0,410.0,784.4,418.2,0.0,272.9,275.5,550.5,549.8,58.0,0.0,16.0,0.0,70.1,0.0,0.0,25.4
1723,350818,35,1,3,9060.2,5583.0,8664.2,5205.0,73.8,29.1,1467.5,288.3,814.7,247.4,4541.9,2743.1,386.1,906.5,393.9,0.0,303.8,306.9,712.3,712.6,29.0,0.0,15.0,0.0,73.8,0.0,0.0,29.1
1724,350819,35,1,3,6906.8,4251.1,6606.9,3943.9,59.1,25.5,1284.2,236.7,659.3,130.2,3419.1,2753.6,163.1,0.0,166.5,0.0,248.0,250.6,571.7,572.8,63.0,0.0,32.0,0.0,59.1,0.0,0.0,25.5
1725,350820,35,1,3,11662.3,12629.7,10915.5,11861.8,83.3,72.9,1697.5,1198.3,901.4,968.5,4834.8,4966.4,276.8,471.7,282.3,1373.3,885.0,896.0,1975.6,1987.6,41.0,0.0,21.0,0.0,83.3,0.0,0.0,72.9
1726,350821,35,1,4,13607.0,12769.7,12820.5,11963.2,97.1,77.6,2053.0,1154.0,1052.3,1528.8,5606.7,5334.8,295.2,583.3,300.9,0.0,942.1,953.6,2392.3,2408.7,139.0,0.0,39.0,0.0,97.1,0.0,0.0,77.6
1727,350822,35,1,4,8650.0,7567.2,8111.4,7028.2,60.7,44.3,1301.0,692.6,688.9,725.1,3577.6,3450.2,187.0,0.0,190.7,0.0,637.7,645.7,1502.4,1514.6,7.0,0.0,19.0,0.0,60.7,0.0,0.0,44.3
1728,350823,35,1,2,9774.2,3961.8,9440.1,3644.5,68.5,30.7,1754.7,31.8,886.8,75.9,5207.0,2899.4,437.5,0.0,446.3,0.0,176.6,177.0,468.0,460.4,30.0,0.0,33.0,0.0,68.5,0.0,0.0,30.7
1729,350824,35,1,3,8883.7,3691.1,8582.5,3385.3,68.2,34.7,1597.1,8.8,828.6,0.0,4772.9,2817.1,365.9,0.0,373.3,0.0,159.4,159.6,407.2,399.8,52.0,0.0,26.0,0.0,68.2,0.0,0.0,34.7
1730,350825,35,1,3,6543.6,7201.4,6091.4,6693.9,28.6,66.1,635.0,527.5,337.4,1827.6,1890.1,1449.6,142.8,0.0,146.0,0.0,801.9,802.6,2128.2,2086.5,0.0,0.0,10.0,0.0,28.6,0.0,0.0,66.1
1731,350826,35,1,3,8076.8,3599.4,7792.1,3307.5,63.8,34.5,1481.2,11.9,759.3,0.0,4317.1,2751.2,302.9,0.0,309.3,0.0,155.1,155.4,397.2,389.0,48.0,0.0,22.0,0.0,63.8,0.0,0.0,34.5
1732,350827,35,1,3,6288.7,4386.0,6031.0,4132.3,50.5,27.6,1148.5,101.5,586.4,0.0,3317.5,2231.9,227.4,1293.9,232.2,0.0,158.8,159.3,352.1,345.6,1.0,0.0,7.0,0.0,50.5,0.0,0.0,27.6
1733,350828,35,1,3,5492.1,5536.9,5178.6,5199.5,39.7,39.9,890.2,413.0,468.2,293.9,2591.8,2492.9,171.4,822.8,175.1,322.3,272.6,272.7,593.3,581.9,0.0,0.0,16.0,0.0,39.7,0.0,0.0,39.9
1734,350829,35,1,3,8468.7,7615.7,8086.9,7209.9,62.8,47.9,1490.0,352.7,766.3,316.2,4017.0,3441.5,200.8,0.0,204.9,1751.3,417.6,418.7,944.2,929.3,18.0,0.0,28.0,0.0,62.8,0.0,0.0,47.9
1735,350830,35,1,3,7767.9,3831.3,7498.7,3575.5,57.9,18.2,1213.8,110.1,730.2,15.1,4138.8,1908.2,383.5,1093.1,391.1,0.0,140.2,140.8,312.2,308.1,175.0,0.0,14.0,0.0,57.9,0.0,0.0,18.2
1736,350831,35,1,3,1439.2,859.2,1323.7,735.2,10.6,5.6,251.2,23.2,127.0,50.6,696.9,517.8,40.9,0.0,41.8,0.0,38.3,38.4,106.6,105.2,15.0,0.0,6.0,0.0,10.6,0.0,0.0,5.6
1737,350832,35,1,3,1622.2,5642.9,875.5,4855.6,0.1,34.6,2.5,1807.4,1.7,377.2,16.7,1828.5,0.2,0.0,0.3,0.0,403.2,405.4,440.8,437.0,0.0,0.0,10.0,0.0,0.1,0.0,0.0,34.6
1738,350833,35,1,4,5850.3,3943.7,5511.3,3612.2,39.8,20.4,918.9,477.6,502.1,206.4,2769.4,2071.4,218.8,0.0,223.1,0.0,277.2,279.3,580.8,577.5,5.0,0.0,16.0,0.0,39.8,0.0,0.0,20.4
1739,350834,35,1,4,6758.9,6210.1,6396.3,5869.2,50.0,22.7,1184.4,460.1,610.1,62.5,3316.0,2857.2,186.1,1590.7,190.1,0.0,309.5,311.7,589.0,587.1,3.0,0.0,8.0,0.0,50.0,0.0,0.0,22.7
1740,350835,35,1,4,4692.6,3759.3,4400.0,3476.4,34.3,17.8,796.1,382.1,417.5,328.0,2226.5,2051.8,115.1,0.0,117.4,0.0,214.2,215.4,500.1,499.0,4.0,0.0,9.0,0.0,34.3,0.0,0.0,17.8
1741,350836,35,1,4,8953.2,10767.5,8450.3,10281.5,60.1,35.1,1409.2,843.0,717.2,834.5,3921.5,3217.1,263.6,21.7,268.6,3560.5,527.0,531.6,1274.1,1273.1,56.0,0.0,13.0,0.0,60.1,0.0,0.0,35.1
1742,350837,35,1,3,5243.1,4065.3,4921.3,3744.8,41.0,22.0,858.4,385.8,455.2,191.5,2443.3,2354.7,146.4,0.0,149.5,0.0,257.7,260.2,551.8,552.6,48.0,0.0,11.0,0.0,41.0,0.0,0.0,22.0
1743,350838,35,1,3,1833.8,3718.4,1556.4,3415.3,5.0,22.1,99.5,775.9,51.7,278.1,291.7,1286.8,17.2,0.0,17.6,0.0,396.7,401.1,671.0,673.5,4.0,0.0,7.0,0.0,5.0,0.0,0.0,22.1
1744,350839,35,1,3,1974.1,5866.3,1570.5,5428.0,1.2,30.7,21.5,925.8,12.6,763.8,78.6,1347.9,6.7,328.3,7.0,611.0,464.9,470.7,974.3,980.6,0.0,0.0,5.0,0.0,1.2,0.0,0.0,30.7
1745,350840,35,1,3,601.7,799.1,456.9,648.3,2.8,4.2,60.1,167.6,29.8,13.3,163.7,295.3,10.1,0.0,10.4,0.0,71.3,72.0,99.5,100.1,10.0,0.0,2.0,0.0,2.8,0.0,0.0,4.2
1746,350841,35,1,2,11157.2,7680.1,10790.0,7287.2,82.0,41.1,1887.0,209.6,992.6,0.0,5909.4,3241.5,570.0,1002.7,581.5,2060.1,252.4,252.7,531.0,520.5,18.0,0.0,48.0,0.0,82.0,0.0,0.0,41.1
1747,350842,35,1,3,7014.6,2487.6,6734.7,2203.2,50.8,17.6,1203.1,5.3,608.1,0.0,3718.9,1836.3,374.4,0.0,382.0,0.0,102.8,102.8,263.4,258.9,62.0,0.0,20.0,0.0,50.8,0.0,0.0,17.6
1748,350843,35,1,3,2477.7,1140.5,2360.8,1015.4,19.4,8.1,444.7,2.1,225.4,0.0,1322.4,848.0,91.4,0.0,93.3,0.0,46.3,46.3,121.2,118.9,5.0,0.0,11.0,0.0,19.4,0.0,0.0,8.1
1749,350844,35,1,3,9236.1,4805.8,8932.8,4484.0,70.7,23.1,1616.7,99.1,857.9,0.0,4862.0,2823.7,398.0,942.7,406.1,0.0,188.9,189.7,434.1,428.8,119.0,0.0,50.0,0.0,70.7,0.0,0.0,23.1
1750,350845,35,1,3,9988.7,3716.7,9647.6,3397.5,75.9,20.6,1727.5,8.9,929.2,0.0,5359.8,2823.1,491.5,0.0,501.5,0.0,160.1,160.6,408.9,404.9,50.0,0.0,19.0,0.0,75.9,0.0,0.0,20.6
1751,350846,35,1,4,7458.1,3072.8,7179.0,2835.2,57.2,13.6,1326.3,19.1,724.2,0.0,3998.2,2339.6,311.9,0.0,318.0,0.0,135.1,135.9,342.3,340.5,19.0,0.0,4.0,0.0,57.2,0.0,0.0,13.6
1752,350847,35,1,3,2395.9,2161.8,2229.4,1991.0,18.2,6.6,428.7,119.4,214.4,10.1,1159.8,932.0,67.7,668.9,69.3,0.0,88.2,89.0,171.4,171.6,22.0,0.0,8.0,0.0,18.2,0.0,0.0,6.6
1753,350848,35,1,4,3791.2,2403.5,3574.8,2204.7,30.5,10.2,700.4,165.7,350.4,15.4,1887.2,1420.2,110.5,0.0,112.7,226.8,121.8,123.0,252.9,253.5,32.0,0.0,7.0,0.0,30.5,0.0,0.0,10.2
1754,350849,35,1,4,10159.7,6815.5,9487.3,6181.1,78.4,33.6,1508.3,1084.1,889.9,304.0,5021.8,3684.5,463.1,0.0,472.0,0.0,390.2,394.4,711.0,714.1,19.0,0.0,12.0,0.0,78.4,0.0,0.0,33.6
1755,350850,35,1,2,400.4,1289.3,273.9,1158.4,1.7,2.9,38.9,83.0,19.6,0.0,119.1,145.8,10.9,856.2,11.2,0.0,31.6,31.6,42.7,41.8,0.0,0.0,0.0,0.0,1.7,0.0,0.0,2.9
1756,350851,35,1,3,4003.3,2866.9,3698.3,2544.7,25.5,18.4,620.9,518.6,312.0,31.1,1926.9,1427.8,193.5,0.0,197.5,146.8,162.7,163.1,261.7,257.3,8.0,0.0,15.0,0.0,25.5,0.0,0.0,18.4
1757,350852,35,1,3,67.2,85.1,0.6,14.5,0.0,0.1,0.0,4.1,0.0,0.0,0.0,9.7,0.0,0.0,0.0,0.0,0.4,0.4,0.3,0.3,0.0,0.0,0.0,0.0,0.0,0.0,0.0,0.1
1758,350853,35,1,3,4922.8,8136.6,4668.6,7878.5,34.1,21.6,778.8,373.1,416.3,35.1,2276.3,1783.0,167.0,741.7,170.5,4260.9,252.3,252.8,438.3,431.9,162.0,0.0,7.0,0.0,34.1,0.0,0.0,21.6
1759,350854,35,1,3,788.7,2503.3,458.9,2160.8,0.4,11.5,8.6,534.6,4.7,329.7,30.4,889.6,1.7,0.0,1.7,0.0,146.3,146.8,261.5,260.2,0.0,0.0,4.0,0.0,0.4,0.0,0.0,11.5
1760,350855,35,1,4,15861.5,14719.5,14756.1,13636.4,104.7,63.5,2417.9,2684.6,1314.8,658.4,7165.0,7021.4,505.1,0.0,515.0,518.3,964.9,970.7,1789.4,1783.0,65.0,0.0,19.0,0.0,104.7,0.0,0.0,63.5
1761,350856,35,1,3,3552.6,3168.9,3225.9,2843.6,25.3,14.7,572.9,715.0,292.2,140.8,1608.1,1455.5,96.6,0.0,98.7,0.0,213.2,214.6,318.2,317.7,22.0,0.0,4.0,0.0,25.3,0.0,0.0,14.7
1762,350857,35,1,3,1435.7,2336.5,1222.0,2107.5,4.6,10.8,108.5,264.4,57.2,463.2,289.8,647.0,15.7,0.0,16.3,0.0,203.4,204.9,528.1,528.1,0.0,0.0,3.0,0.0,4.6,0.0,0.0,10.8
1763,350858,35,1,4,5097.2,8634.5,4520.9,8027.2,18.5,39.8,436.5,1229.4,218.1,1637.9,1188.3,2649.5,69.1,0.0,70.6,0.0,694.5,700.1,1805.8,1810.2,23.0,0.0,15.0,0.0,18.5,0.0,0.0,39.8
1764,350859,35,1,4,8631.9,11379.4,7866.3,10589.3,39.5,54.1,877.0,1609.2,456.9,1615.9,2485.4,3631.6,150.9,0.0,154.0,0.0,1112.1,1122.5,2600.0,2610.1,16.0,0.0,14.0,0.0,39.5,0.0,0.0,54.1
1765,350860,35,1,4,4881.7,3771.6,4590.4,3503.3,40.1,12.9,899.2,287.0,451.6,24.6,2430.5,1926.7,156.7,819.4,159.9,0.0,144.9,146.2,297.7,299.3,37.0,0.0,13.0,0.0,40.1,0.0,0.0,12.9
1766,350861,35,1,2,74.7,100.3,11.6,42.2,0.0,0.3,0.0,22.0,0.0,1.6,0.0,7.2,0.0,0.0,0.0,0.0,5.3,5.2,6.3,6.2,0.0,0.0,0.0,0.0,0.0,0.0,0.0,0.3
1767,350862,35,1,2,5813.3,8532.4,4665.9,7366.9,29.5,46.7,723.3,2636.5,401.0,162.6,2275.8,3668.1,170.3,0.0,173.6,0.0,513.8,514.7,391.0,384.9,4.0,0.0,13.0,0.0,29.5,0.0,0.0,46.7
1768,350863,35,1,2,89.3,89.9,0.0,0.1,0.0,0.0,0.0,0.1,0.0,0.0,0.0,0.0,0.0,0.0,0.0,0.0,0.0,0.0,0.0,0.0,0.0,0.0,0.0,0.0,0.0,0.0,0.0,0.0
1769,350864,35,1,3,1418.0,4987.4,744.4,4291.7,0.0,27.4,0.0,2379.0,0.0,395.0,6.0,789.7,0.0,0.0,0.0,0.0,426.7,426.9,305.7,301.1,0.0,0.0,6.0,0.0,0.0,0.0,0.0,27.4
1770,350865,35,1,3,1522.0,4941.5,847.9,4239.4,0.0,30.0,0.0,2250.6,0.0,597.3,5.0,558.7,0.0,0.0,0.0,0.0,434.9,435.2,403.1,397.6,0.0,0.0,5.0,0.0,0.0,0.0,0.0,30.0
1771,350866,35,1,3,8345.8,3825.4,8007.9,3486.1,65.1,23.5,1573.5,66.2,779.0,4.9,4382.2,2852.0,305.0,0.0,311.3,0.0,165.1,165.5,402.7,397.5,63.0,0.0,26.0,0.0,65.1,0.0,0.0,23.5
1772,350867,35,1,3,3585.8,1518.8,3418.4,1347.8,26.7,8.1,626.4,2.9,322.2,0.0,1830.8,1123.0,136.3,0.0,139.2,0.0,62.3,62.3,161.2,159.5,129.0,0.0,11.0,0.0,26.7,0.0,0.0,8.1
1773,350868,35,1,3,5517.2,2341.6,5286.5,2116.9,42.2,11.4,1005.8,5.0,523.9,0.0,2903.9,1760.4,214.3,0.0,218.5,0.0,99.0,99.3,253.9,252.1,55.0,0.0,12.0,0.0,42.2,0.0,0.0,11.4
1774,350869,35,1,3,2869.8,4048.2,2497.0,3657.3,13.2,21.0,306.0,688.5,163.3,647.5,868.5,1295.4,60.3,0.0,61.7,0.0,311.2,312.3,717.9,713.6,2.0,0.0,6.0,0.0,13.2,0.0,0.0,21.0
1775,350870,35,1,3,4778.9,3855.9,4459.2,3518.6,28.6,19.3,668.1,294.9,348.5,478.3,1897.6,1496.1,131.0,0.0,133.6,0.0,371.6,373.5,880.8,875.9,11.0,0.0,17.0,0.0,28.6,0.0,0.0,19.3
1776,350871,35,1,3,495.4,2295.5,362.4,2159.9,0.7,2.6,17.1,210.7,9.0,13.9,53.8,547.9,3.5,0.0,3.7,0.0,123.5,124.3,148.7,148.1,0.0,1115.0,3.0,0.0,0.7,0.0,0.0,2.6
1777,350872,35,1,3,3752.1,2868.6,3471.1,2585.6,27.0,13.0,614.9,478.9,338.0,50.6,1710.9,1482.9,100.1,0.0,102.4,0.0,203.9,205.2,368.8,368.0,25.0,0.0,7.0,0.0,27.0,0.0,0.0,13.0
1778,350873,35,1,3,2085.1,1629.5,1891.2,1427.6,15.1,7.0,356.3,258.0,184.0,0.0,952.5,889.6,54.5,0.0,55.8,0.0,107.9,108.9,171.3,171.2,2.0,0.0,7.0,0.0,15.1,0.0,0.0,7.0
1779,350874,35,1,4,9009.5,6814.2,8573.9,6404.1,68.3,29.0,1584.9,301.7,864.1,506.2,4329.5,4236.2,190.4,0.0,194.2,0.0,368.2,371.2,986.5,988.7,43.0,0.0,13.0,0.0,68.3,0.0,0.0,29.0
1780,350875,35,1,4,8105.9,10117.2,7323.1,9317.9,44.2,44.7,997.4,1538.7,523.3,1090.3,2848.9,4111.4,173.2,0.0,176.6,0.0,790.6,797.9,1773.2,1779.5,19.0,0.0,21.0,0.0,44.2,0.0,0.0,44.7
1781,350876,35,1,4,4703.1,5217.0,4272.8,4789.2,27.7,23.6,619.4,816.4,314.1,618.5,1676.5,1919.4,108.5,0.0,110.5,0.0,431.8,436.4,993.0,998.5,8.0,0.0,11.0,0.0,27.7,0.0,0.0,23.6
1782,350877,35,1,3,1159.6,4232.7,553.2,3605.4,0.6,24.8,15.3,1869.6,7.9,132.3,50.0,1102.8,3.2,1.2,3.2,29.9,316.9,317.4,154.7,152.3,0.0,0.0,2.0,0.0,0.6,0.0,0.0,24.8
1783,350878,35,1,2,70.4,71.0,0.0,1.8,0.0,0.0,0.0,1.8,0.0,0.0,0.0,0.0,0.0,0.0,0.0,0.0,0.0,0.0,0.0,0.0,0.0,0.0,0.0,0.0,0.0,0.0,0.0,0.0
1784,350879,35,1,3,103.5,113.3,0.3,4.8,0.0,0.1,0.0,1.4,0.0,0.0,0.0,3.0,0.0,0.0,0.0,0.0,0.1,0.1,0.2,0.2,0.0,0.0,0.0,0.0,0.0,0.0,0.0,0.1
1785,350880,35,1,3,226.7,598.4,52.9,417.4,0.0,2.8,0.0,361.5,0.0,0.0,0.0,3.0,0.0,0.0,0.0,0.0,52.9,52.8,0.0,0.0,0.0,0.0,0.0,0.0,0.0,0.0,0.0,2.8
1786,350881,35,1,4,1594.8,5137.7,1093.2,4598.2,0.2,38.8,1.7,1246.7,1.7,614.0,15.0,1655.0,0.8,0.0,0.8,0.0,354.9,360.5,712.3,721.9,0.0,0.0,6.0,0.0,0.2,0.0,0.0,38.8
1787,350882,35,1,4,9112.5,10843.0,8421.7,10098.5,62.0,95.2,1107.5,1109.8,580.9,1667.8,3181.1,3521.7,205.5,658.2,209.8,0.0,837.4,852.4,2250.5,2288.6,25.0,0.0,24.0,0.0,62.0,0.0,0.0,95.2
1788,350883,35,1,4,4770.8,2410.2,4551.2,2210.6,46.1,17.6,938.3,5.6,497.3,0.0,2412.4,1801.0,97.8,0.0,99.8,0.0,111.6,113.6,286.0,290.3,96.0,0.0,12.0,0.0,46.1,0.0,0.0,17.6
1789,350884,35,1,4,9320.8,10347.7,8582.9,9553.8,58.1,75.6,1135.3,1045.5,574.9,1114.3,3139.9,4023.9,162.5,0.0,165.6,0.0,1006.3,1021.3,2319.4,2348.8,41.0,0.0,38.0,0.0,58.1,0.0,0.0,75.6
1790,350885,35,1,4,3091.2,12126.4,1970.7,10904.1,0.0,84.2,0.0,3798.8,0.0,561.7,23.0,4592.7,0.0,0.0,0.0,0.0,814.4,826.6,1110.3,1124.2,0.0,0.0,23.0,0.0,0.0,0.0,0.0,84.2
1791,350886,35,1,4,1330.0,3358.9,992.2,2988.2,0.0,27.6,0.0,921.8,0.0,372.0,8.0,703.0,0.0,0.0,0.0,0.0,350.0,355.9,626.2,635.5,0.0,0.0,8.0,0.0,0.0,0.0,0.0,27.6
1792,350887,35,1,4,7876.1,9283.9,7322.9,8671.3,60.1,81.0,1186.9,1050.9,606.9,1131.8,2826.2,4023.5,104.2,0.0,106.5,0.0,657.4,668.3,1768.8,1796.8,29.0,0.0,37.0,0.0,60.1,0.0,0.0,81.0
1793,350888,35,1,4,2999.7,3316.6,2750.8,3053.5,24.8,30.0,471.6,385.3,278.3,198.2,1196.6,1731.9,31.5,0.0,32.3,0.0,227.9,231.8,498.5,506.4,3.0,0.0,11.0,0.0,24.8,0.0,0.0,30.0
1794,350889,35,1,4,6541.3,7074.3,5987.1,6486.8,46.5,68.4,912.8,918.1,483.2,471.1,2240.5,2915.3,75.5,0.0,77.1,0.0,690.1,702.7,1455.0,1479.6,40.0,0.0,13.0,0.0,46.5,0.0,0.0,68.4
1795,350890,35,1,4,9825.3,15001.2,9034.8,14042.2,26.7,156.1,507.6,1412.6,285.4,3498.7,1305.2,2217.1,39.7,0.0,40.7,0.0,1809.6,1841.4,4992.5,5072.5,16.0,0.0,38.0,0.0,26.7,0.0,0.0,156.1
1796,350891,35,1,4,6821.0,5935.6,6383.6,5475.7,53.0,58.2,1029.1,572.1,532.5,309.3,2612.6,2626.6,99.6,0.0,101.7,0.0,618.6,629.7,1315.5,1337.9,58.0,0.0,16.0,0.0,53.0,0.0,0.0,58.2
1797,350892,35,1,4,8843.6,4538.7,8511.3,4244.2,84.2,28.6,1731.3,12.3,889.5,0.0,4659.7,3470.8,223.5,0.0,227.6,0.0,212.1,214.4,540.6,546.7,11.0,0.0,16.0,0.0,84.2,0.0,0.0,28.6
1798,350893,35,1,4,3702.2,7436.8,3344.4,7005.4,0.0,59.1,0.0,611.0,0.0,2269.4,22.0,779.6,0.0,0.0,0.0,0.0,810.3,822.9,2490.0,2522.5,0.0,0.0,22.0,0.0,0.0,0.0,0.0,59.1
1799,350894,35,1,4,5335.2,3290.0,5084.2,3051.1,49.1,22.8,971.9,151.1,493.1,216.4,2647.1,2010.5,132.2,0.0,134.9,0.0,180.7,183.0,484.3,490.1,25.0,0.0,15.0,0.0,49.1,0.0,0.0,22.8
1800,350895,35,1,4,3149.7,6549.0,2519.2,5878.8,15.4,46.2,312.4,1934.5,156.8,365.2,795.0,2390.8,33.8,0.0,34.6,0.0,482.2,489.5,690.3,698.9,3.0,0.0,11.0,0.0,15.4,0.0,0.0,46.2
1801,350896,35,1,4,9017.7,8180.5,8433.5,7581.5,69.5,63.6,1387.1,769.9,701.4,508.3,3533.6,3862.1,151.6,0.0,154.7,0.0,751.6,763.5,1654.5,1677.7,79.0,0.0,20.0,0.0,69.5,0.0,0.0,63.6
1802,350897,35,1,4,6604.2,9999.5,5910.7,9247.3,36.6,81.2,710.1,1599.0,379.4,1224.9,1857.0,3588.4,72.2,0.0,73.8,0.0,848.3,861.8,1945.0,1973.1,11.0,0.0,14.0,0.0,36.6,0.0,0.0,81.2
1803,350898,35,1,4,4913.4,4501.2,4557.9,4142.3,42.4,36.3,820.6,632.6,432.5,268.3,2151.1,2299.5,90.2,0.0,92.1,0.0,291.5,296.2,635.9,645.7,31.0,0.0,13.0,0.0,42.4,0.0,0.0,36.3
1804,350899,35,1,4,3278.6,1933.5,3111.8,1777.1,31.6,16.2,598.5,101.4,317.6,77.8,1635.7,1229.1,78.9,0.0,80.6,0.0,100.6,102.0,263.0,266.8,29.0,0.0,8.0,0.0,31.6,0.0,0.0,16.2
1805,350900,35,1,4,4278.3,8370.8,3877.0,7924.8,19.5,48.9,368.1,809.2,185.1,482.3,1035.3,1462.0,56.7,0.0,58.1,2999.2,702.7,715.1,1434.0,1457.0,19.0,0.0,18.0,0.0,19.5,0.0,0.0,48.9
1806,350901,35,1,4,10003.5,7845.1,9492.5,7338.1,84.4,67.7,1627.5,411.6,852.1,1029.0,4369.6,3668.9,203.0,0.0,207.0,0.0,566.6,576.0,1628.8,1652.6,24.0,0.0,14.0,0.0,84.4,0.0,0.0,67.7
1807,350902,35,1,4,3762.7,3263.4,3525.5,3019.6,33.5,27.1,645.9,469.7,351.0,107.3,1729.2,1705.9,72.5,40.4,74.1,58.6,203.3,206.5,425.6,431.2,8.0,0.0,16.0,0.0,33.5,0.0,0.0,27.1
1808,350903,35,1,4,732.5,2666.6,520.1,2441.8,0.0,14.6,0.0,714.6,0.0,111.2,1.0,1092.8,0.0,0.0,0.0,0.0,210.3,212.6,307.8,310.5,0.0,0.0,1.0,0.0,0.0,0.0,0.0,14.6
1809,350904,35,1,3,10010.3,5463.9,9579.7,5082.3,96.5,35.6,1868.0,184.1,955.6,49.0,5230.3,3927.5,293.7,0.0,299.6,0.0,270.8,274.5,640.5,647.3,17.0,0.0,4.0,0.0,96.5,0.0,0.0,35.6
1810,350905,35,1,4,1441.2,1764.5,1295.8,1618.0,11.4,11.0,218.8,175.1,135.2,16.4,575.9,1127.0,31.2,0.0,32.0,0.0,101.1,102.4,194.7,197.0,5.0,0.0,2.0,0.0,11.4,0.0,0.0,11.0
1811,350906,35,1,4,2701.3,4118.3,2512.2,3940.8,22.7,14.8,453.3,344.9,232.1,3.3,1212.6,1224.5,60.5,874.4,62.0,1016.7,183.4,185.7,288.3,291.3,18.0,0.0,2.0,0.0,22.7,0.0,0.0,14.8
1812,350907,35,1,4,2430.1,2253.7,2217.0,2043.7,18.4,16.0,364.9,232.4,186.8,196.5,978.1,1032.4,48.5,0.0,49.7,0.0,173.0,175.4,401.9,406.9,10.0,0.0,4.0,0.0,18.4,0.0,0.0,16.0
1813,350908,35,1,4,6687.7,4282.5,6389.3,4002.4,61.2,30.0,1215.5,201.6,651.3,156.5,3339.8,2838.0,151.2,0.0,154.3,0.0,226.7,229.9,569.4,576.4,68.0,0.0,13.0,0.0,61.2,0.0,0.0,30.0
1814,350909,35,1,4,5161.2,4474.1,4850.4,4174.7,43.2,26.8,808.1,357.2,441.3,272.0,2413.8,1895.6,170.9,831.3,174.4,0.0,242.1,245.9,564.7,572.7,25.0,0.0,10.0,0.0,43.2,0.0,0.0,26.8
1815,350910,35,1,4,4893.6,3397.1,4608.5,3128.0,41.8,19.3,891.8,325.0,453.9,140.3,2395.8,2034.1,117.2,0.0,119.5,0.0,195.7,197.9,426.7,430.7,3.0,0.0,5.0,0.0,41.8,0.0,0.0,19.3
1816,350911,35,1,4,4202.6,2436.1,3988.1,2244.4,39.2,14.5,778.6,179.4,426.4,8.5,2154.1,1649.4,104.9,0.0,107.0,0.0,127.4,128.7,275.8,278.5,10.0,0.0,4.0,0.0,39.2,0.0,0.0,14.5
1817,350912,35,1,4,3451.4,2744.6,3209.1,2514.5,27.8,18.1,541.5,205.2,276.4,296.9,1523.5,1348.4,98.4,0.0,100.4,0.0,177.5,179.3,479.3,484.6,9.0,0.0,3.0,0.0,27.8,0.0,0.0,18.1
1818,350913,35,1,4,2294.1,2088.8,2057.1,1858.5,18.9,13.1,375.8,320.0,190.2,71.6,1033.1,1129.2,59.2,0.0,60.6,0.0,119.2,121.1,214.1,216.7,0.0,0.0,5.0,0.0,18.9,0.0,0.0,13.1
1819,350914,35,1,4,1916.0,892.5,1792.1,781.2,17.5,5.6,355.3,3.5,176.9,0.0,987.6,638.6,59.6,0.0,60.8,0.0,38.2,38.6,99.6,100.5,10.0,0.0,4.0,0.0,17.5,0.0,0.0,5.6
1820,350915,35,1,4,3265.2,1680.1,3140.2,1543.9,29.9,9.4,598.9,40.1,321.5,8.4,1722.9,1223.7,90.8,0.0,92.7,0.0,77.2,77.8,192.2,193.9,10.0,0.0,34.0,0.0,29.9,0.0,0.0,9.4
1821,350916,35,1,4,1841.6,2372.6,1629.7,2167.7,14.3,11.5,277.9,176.7,141.6,103.8,793.3,1160.9,52.7,420.5,54.0,0.0,98.1,99.5,204.1,206.4,6.0,0.0,2.0,0.0,14.3,0.0,0.0,11.5
1822,350917,35,1,4,2694.0,2539.9,2484.9,2325.1,24.3,24.5,467.6,355.2,253.9,83.7,1210.0,1433.6,45.3,0.0,46.5,0.0,146.2,148.8,299.4,303.8,9.0,0.0,7.0,0.0,24.3,0.0,0.0,24.5
1823,350918,35,1,4,5690.0,6493.4,5183.8,5942.7,39.5,70.6,720.3,876.2,400.6,920.8,2016.1,2301.2,101.5,0.0,103.6,0.0,517.1,526.3,1300.6,1318.3,9.0,0.0,15.0,0.0,39.5,0.0,0.0,70.6
1824,350919,35,1,4,8528.7,8103.6,7917.2,7460.6,70.8,85.5,1352.4,1002.9,695.8,695.5,3629.5,3617.7,188.4,301.6,192.4,0.0,547.5,557.0,1270.1,1285.9,24.0,0.0,17.0,0.0,70.8,0.0,0.0,85.5
1825,350920,35,1,4,10583.5,6892.6,10031.9,6336.5,94.9,74.6,1895.9,479.7,990.6,274.1,4938.2,3910.9,225.0,0.0,229.3,0.0,506.0,514.4,1146.9,1157.4,73.0,0.0,27.0,0.0,94.9,0.0,0.0,74.6
1826,350921,35,1,4,4203.3,20451.3,2330.7,18302.3,0.0,243.7,0.0,6701.4,0.0,547.6,37.0,8769.6,0.0,0.0,0.0,0.0,987.2,1003.7,1269.4,1280.1,0.0,0.0,37.0,0.0,0.0,0.0,0.0,243.7
1827,350922,35,1,4,2619.1,1569.7,2430.4,1387.0,22.0,16.5,445.1,92.1,226.4,56.5,1165.9,795.0,60.3,0.0,61.6,0.0,135.8,138.0,303.2,305.5,24.0,0.0,8.0,0.0,22.0,0.0,0.0,16.5
1828,350923,35,1,4,490.9,1072.5,248.7,833.8,1.1,9.0,23.4,601.5,11.4,6.2,59.8,76.4,2.1,0.0,2.3,0.0,108.2,110.1,39.5,39.7,0.0,0.0,2.0,0.0,1.1,0.0,0.0,9.0
1829,350924,35,1,4,5031.1,4833.5,4671.6,4458.4,46.5,47.5,899.3,771.6,481.9,106.7,2269.7,2753.0,77.9,0.0,79.6,0.0,278.5,283.2,535.7,543.9,34.0,0.0,15.0,0.0,46.5,0.0,0.0,47.5
1830,350925,35,1,4,1915.4,8368.6,1217.8,7580.0,0.0,84.0,0.0,2201.3,0.0,500.3,11.0,3662.7,0.0,0.0,0.0,0.0,441.1,449.1,754.7,766.5,0.0,0.0,11.0,0.0,0.0,0.0,0.0,84.0
1831,350926,35,1,4,9488.8,4388.3,9116.6,4055.7,93.9,41.0,1823.0,71.1,962.4,0.0,4991.2,3238.1,272.1,0.0,277.4,0.0,209.6,212.7,526.9,533.8,39.0,0.0,15.0,0.0,93.9,0.0,0.0,41.0
1832,350927,35,1,4,7326.5,14613.6,6602.7,13717.5,0.0,151.6,0.0,1138.9,0.0,4305.6,26.0,1617.2,0.0,0.0,0.0,0.0,1612.9,1641.4,4937.8,5014.3,0.0,0.0,26.0,0.0,0.0,0.0,0.0,151.6
1833,350928,35,1,4,7251.7,7132.2,6729.0,6582.8,57.0,65.5,1101.1,1231.4,548.3,493.5,3008.2,2538.4,203.3,676.4,207.6,0.0,513.3,521.7,1108.2,1121.5,19.0,0.0,20.0,0.0,57.0,0.0,0.0,65.5
1834,350929,35,1,3,9094.8,6735.4,8518.4,6125.0,78.0,72.3,1473.5,736.0,757.4,524.4,4006.2,3117.9,255.9,0.0,261.1,0.0,519.7,528.7,1205.6,1218.0,20.0,0.0,19.0,0.0,78.0,0.0,0.0,72.3
1835,350930,35,1,3,8053.6,9616.1,7463.4,8976.8,63.0,78.8,1241.8,1072.9,638.4,570.0,3265.4,3466.2,175.2,843.4,178.9,1068.8,631.5,641.8,1303.2,1313.7,13.0,0.0,16.0,0.0,63.0,0.0,0.0,78.8
1836,350931,35,1,4,6770.1,3243.9,6488.7,2987.4,65.4,32.4,1329.9,31.1,690.4,0.0,3536.3,2403.1,172.0,0.0,175.3,0.0,154.1,156.5,394.6,396.8,23.0,0.0,13.0,0.0,65.4,0.0,0.0,32.4
1837,350932,35,1,4,3648.2,2847.8,3374.8,2579.8,31.4,21.9,641.3,340.1,337.7,80.5,1656.9,1594.8,71.4,0.0,73.0,0.0,182.5,185.5,373.9,378.9,31.0,0.0,7.0,0.0,31.4,0.0,0.0,21.9
1838,350933,35,1,3,1697.7,1208.4,1543.0,1048.6,15.1,9.4,304.7,161.3,157.0,3.6,802.6,696.6,37.6,0.0,38.7,0.0,65.3,66.2,120.0,121.0,13.0,0.0,4.0,0.0,15.1,0.0,0.0,9.4
1839,350934,35,1,3,1141.7,777.7,989.9,618.9,10.4,6.9,206.4,88.4,107.3,5.0,516.0,411.7,20.9,0.0,21.6,0.0,39.6,40.0,73.2,73.9,3.0,0.0,2.0,0.0,10.4,0.0,0.0,6.9
1840,350935,35,1,3,5921.6,6401.1,5640.5,6114.5,57.1,33.3,1148.3,200.0,600.7,1.2,2958.0,2371.6,123.1,0.0,125.8,2889.5,209.4,212.6,436.3,439.6,25.0,0.0,14.0,0.0,57.1,0.0,0.0,33.3
1841,350936,35,1,3,12046.8,8586.9,11302.0,7796.3,91.1,84.3,1859.3,1103.5,965.0,492.0,4965.8,3324.8,272.9,0.0,278.4,0.0,946.8,958.9,1917.8,1917.2,59.0,0.0,37.0,0.0,91.1,0.0,0.0,84.3
1842,350937,35,1,3,7398.2,3654.7,7056.1,3299.1,68.4,31.8,1517.8,87.5,728.6,0.0,3749.2,2613.0,178.8,0.0,182.6,0.0,174.1,176.1,422.9,422.5,70.0,0.0,32.0,0.0,68.4,0.0,0.0,31.8
1843,350938,35,1,3,4139.8,2718.2,3840.0,2407.3,35.4,20.0,712.7,422.4,379.5,20.6,2016.1,1524.1,142.3,32.5,145.4,0.0,145.4,147.2,258.6,260.4,25.0,0.0,15.0,0.0,35.4,0.0,0.0,20.0
1844,350939,35,1,3,3360.4,1890.4,3118.7,1634.2,30.6,15.2,664.6,106.3,323.3,31.3,1638.7,1188.9,78.6,0.0,80.3,0.0,88.7,89.9,216.6,217.8,18.0,0.0,10.0,0.0,30.6,0.0,0.0,15.2
1845,350940,35,1,3,6153.2,2329.7,5876.0,2057.0,56.1,18.6,1129.3,25.1,601.8,3.8,3240.2,1643.3,249.5,0.0,254.6,0.0,108.2,109.8,273.3,275.0,7.0,0.0,12.0,0.0,56.1,0.0,0.0,18.6
1846,350941,35,1,3,8440.8,6716.5,7976.8,6220.4,69.8,53.6,1487.6,587.3,758.2,686.1,3805.8,2775.2,180.5,675.1,184.5,0.0,418.0,423.5,1072.3,1073.2,38.0,0.0,32.0,0.0,69.8,0.0,0.0,53.6
1847,350942,35,1,3,5467.9,2933.0,5150.2,2614.0,48.9,22.4,1077.2,199.1,540.5,0.0,2731.6,1960.3,137.8,0.0,140.7,0.0,142.7,144.4,310.5,310.2,54.0,0.0,15.0,0.0,48.9,0.0,0.0,22.4
1848,350943,35,1,2,888.8,511.8,712.1,320.4,6.4,2.5,152.8,0.3,72.0,0.0,362.2,264.3,15.2,0.0,15.7,0.0,15.0,15.0,41.2,40.8,33.0,0.0,5.0,0.0,6.4,0.0,0.0,2.5
1849,350944,35,1,4,3697.2,5317.8,3235.6,4822.1,20.8,43.3,420.4,1080.1,223.6,276.8,1084.0,2044.8,42.1,0.0,43.1,0.0,476.6,484.3,923.8,936.1,8.0,0.0,14.0,0.0,20.8,0.0,0.0,43.3
1850,350945,35,1,4,4239.0,2418.1,4033.6,2232.4,41.4,19.3,794.5,86.8,421.9,49.3,2146.4,1651.5,99.8,0.0,101.9,0.0,126.1,128.2,312.0,316.6,26.0,0.0,5.0,0.0,41.4,0.0,0.0,19.3
1851,350946,35,1,4,1994.4,2682.0,1875.2,2566.9,15.6,12.0,299.5,156.5,160.3,68.9,828.7,724.3,38.6,0.0,39.6,1105.0,166.3,168.4,339.3,343.8,0.0,0.0,3.0,0.0,15.6,0.0,0.0,12.0
1852,350947,35,1,4,11287.3,7901.2,10712.6,7361.5,97.9,49.8,2015.7,667.0,1033.4,265.2,5479.5,4420.0,314.1,494.2,320.4,0.0,467.4,473.7,1030.0,1041.5,34.0,0.0,18.0,0.0,97.9,0.0,0.0,49.8
1853,350948,35,1,4,14072.5,13773.2,13047.3,12722.6,102.5,93.0,2152.2,1770.8,1136.2,795.0,5649.5,6610.5,242.8,0.0,247.7,0.0,1122.0,1137.7,2382.8,2408.5,79.0,0.0,35.0,0.0,102.5,0.0,0.0,93.0
1854,350949,35,1,3,6326.5,2751.5,6055.6,2498.7,61.5,22.0,1188.5,17.5,632.4,0.0,3281.2,2023.2,198.1,0.0,202.2,0.0,127.4,129.6,324.7,328.4,91.0,0.0,10.0,0.0,61.5,0.0,0.0,22.0
1855,350950,35,1,4,2625.7,1191.2,2506.2,1071.5,22.9,6.2,485.0,2.1,243.0,0.0,1374.5,878.8,80.6,0.0,82.3,0.0,52.4,52.8,136.4,137.8,31.0,0.0,21.0,0.0,22.9,0.0,0.0,6.2
1856,350951,35,1,4,4344.3,3643.4,4027.6,3336.8,34.9,24.4,707.9,535.0,368.0,138.6,1958.6,1914.4,105.7,0.0,108.0,0.0,246.2,249.6,493.3,499.1,35.0,0.0,5.0,0.0,34.9,0.0,0.0,24.4
1857,350952,35,1,3,6118.0,3955.4,5857.0,3706.1,56.2,21.5,1143.5,151.0,616.0,0.0,3153.9,2213.7,162.1,759.7,165.7,0.0,183.2,185.5,392.7,396.1,27.0,0.0,13.0,0.0,56.2,0.0,0.0,21.5
1858,350953,35,1,3,4834.9,3028.3,4567.3,2755.6,43.2,21.8,815.9,227.6,434.2,141.0,2369.5,1403.4,187.5,465.0,191.5,0.0,150.9,153.0,362.9,365.5,44.0,0.0,11.0,0.0,43.2,0.0,0.0,21.8
1859,350954,35,1,3,7015.5,5955.5,6515.9,5430.2,56.5,43.0,1167.5,560.2,575.0,392.2,3060.1,2727.5,193.8,490.5,198.1,0.0,381.1,386.5,868.3,873.2,53.0,0.0,19.0,0.0,56.5,0.0,0.0,43.0
1860,350955,35,1,3,7184.9,3575.2,6789.8,3190.3,62.6,24.3,1342.0,198.0,690.5,19.2,3658.9,2457.4,255.8,0.0,261.0,0.0,161.1,163.1,350.5,352.5,55.0,0.0,15.0,0.0,62.6,0.0,0.0,24.3
1861,350956,35,1,4,2765.8,10613.2,1848.8,9636.7,0.0,53.5,0.0,3404.6,0.0,967.5,14.0,3426.8,0.0,0.0,0.0,0.0,665.8,673.2,1155.0,1164.5,0.0,0.0,14.0,0.0,0.0,0.0,0.0,53.5
1862,350957,35,1,4,6241.4,5117.7,5814.0,4703.3,50.8,27.5,1028.9,495.1,530.4,190.9,2956.6,3092.6,166.1,0.0,169.3,0.0,298.1,301.6,617.5,623.1,35.0,0.0,12.0,0.0,50.8,0.0,0.0,27.5
1863,350958,35,1,4,5165.1,3849.6,4893.2,3591.8,41.3,22.8,818.8,279.3,423.8,260.5,2324.5,1994.2,124.2,0.0,126.5,0.0,311.8,316.1,734.4,741.7,24.0,0.0,5.0,0.0,41.3,0.0,0.0,22.8
1864,350959,35,1,4,5444.4,3162.9,5171.8,2911.4,49.8,19.1,990.6,148.5,513.8,84.3,2734.5,2112.4,150.5,0.0,153.5,0.0,165.0,166.9,394.9,399.3,56.0,0.0,13.0,0.0,49.8,0.0,0.0,19.1
1865,350960,35,1,4,3512.0,2356.6,3348.3,2205.9,31.5,14.9,640.4,118.8,347.8,85.2,1713.7,1549.5,70.0,0.0,71.6,0.0,127.6,129.1,320.2,323.3,52.0,0.0,5.0,0.0,31.5,0.0,0.0,14.9
1866,350961,35,1,4,9073.9,7136.2,8549.9,6613.6,76.8,42.7,1608.3,717.5,839.8,264.3,4210.7,4155.9,178.5,0.0,182.2,0.0,459.5,465.4,1000.9,1010.5,34.0,0.0,36.0,0.0,76.8,0.0,0.0,42.7
1867,350962,35,1,4,2564.0,1597.6,2388.0,1435.4,21.1,9.0,446.4,148.7,225.1,30.1,1226.2,985.9,72.2,0.0,73.9,0.0,84.6,85.6,183.6,185.0,73.0,0.0,3.0,0.0,21.1,0.0,0.0,9.0
1868,350963,35,1,3,5322.6,3283.9,5091.2,3063.8,46.2,16.0,881.7,125.7,511.9,61.1,2767.8,1668.4,217.0,749.9,221.6,0.0,137.1,139.1,316.9,319.4,26.0,0.0,11.0,0.0,46.2,0.0,0.0,16.0
1869,350964,35,1,3,4331.2,1597.2,4110.2,1380.0,39.8,11.1,764.7,2.9,402.2,0.0,2265.2,1126.4,193.4,0.0,197.7,0.0,69.4,70.0,179.6,180.6,30.0,0.0,8.0,0.0,39.8,0.0,0.0,11.1
1870,350965,35,1,4,6392.1,7935.8,5728.4,7270.7,42.2,38.9,913.0,1761.0,455.4,646.9,2418.0,3181.2,126.0,0.0,128.6,0.0,583.9,590.4,1082.5,1091.2,9.0,0.0,12.0,0.0,42.2,0.0,0.0,38.9
1871,350966,35,1,4,1351.7,3349.7,1071.1,3054.6,0.0,18.0,0.0,705.4,0.0,888.0,5.0,390.2,0.0,0.0,0.0,0.0,280.0,283.3,781.1,787.6,0.0,0.0,5.0,0.0,0.0,0.0,0.0,18.0
1872,350967,35,1,4,3757.4,10007.6,2951.4,9146.3,3.9,53.2,84.3,1965.5,42.3,1055.5,233.0,3544.3,10.1,0.0,10.5,0.0,833.4,842.5,1722.8,1738.5,1.0,0.0,14.0,0.0,3.9,0.0,0.0,53.2
1873,350968,35,1,4,2866.9,8498.1,2153.3,7735.9,5.5,46.3,110.1,1721.0,62.5,762.7,320.7,3641.2,14.4,0.0,14.9,0.0,519.2,525.3,1075.6,1085.6,21.0,0.0,15.0,0.0,5.5,0.0,0.0,46.3
1874,350969,35,1,4,2066.3,1595.0,1943.0,1480.9,16.4,9.4,320.2,178.8,174.2,190.7,940.2,722.1,56.5,0.0,57.7,0.0,98.7,100.2,286.4,289.1,8.0,0.0,1.0,0.0,16.4,0.0,0.0,9.4
1875,350970,35,1,4,1464.2,2032.0,1335.2,1910.1,11.9,5.9,243.5,163.5,134.8,0.0,688.2,643.9,34.9,0.0,35.8,907.9,76.0,76.7,117.0,118.0,1.0,0.0,4.0,0.0,11.9,0.0,0.0,5.9
1876,350971,35,1,4,1555.7,957.6,1463.1,871.7,13.4,5.5,258.5,81.2,140.5,58.5,771.4,538.4,46.9,0.0,48.0,0.0,55.7,56.2,136.0,137.3,2.0,0.0,4.0,0.0,13.4,0.0,0.0,5.5
1877,350972,35,1,4,4889.2,4929.3,4555.4,4607.9,37.9,25.6,720.9,534.0,403.4,308.1,2155.8,2111.5,141.5,666.1,144.4,0.0,306.3,310.0,672.0,678.1,7.0,0.0,4.0,0.0,37.9,0.0,0.0,25.6
1878,350973,35,1,4,7251.6,6624.7,6744.0,6126.5,52.1,37.2,1065.0,756.8,591.8,384.8,2970.0,3163.6,145.7,0.0,148.6,0.0,584.3,590.7,1219.6,1230.5,10.0,0.0,9.0,0.0,52.1,0.0,0.0,37.2
1879,350974,35,1,4,6366.8,7575.7,5806.1,7004.8,40.9,42.5,885.8,922.6,456.2,698.6,2291.9,3363.9,97.1,0.0,99.3,47.6,593.9,600.8,1359.9,1371.3,9.0,0.0,13.0,0.0,40.9,0.0,0.0,42.5
1880,350975,35,1,4,9482.0,13366.7,8687.2,12516.2,37.0,75.8,810.9,1104.1,408.5,2971.4,2240.3,3475.5,131.0,0.0,133.9,0.0,1248.9,1262.8,3675.8,3702.4,15.0,0.0,23.0,0.0,37.0,0.0,0.0,75.8
1881,350976,35,1,4,4459.0,4432.0,4105.1,4076.6,31.2,24.7,667.9,661.8,373.4,262.3,1802.0,2057.5,75.6,0.0,77.4,0.0,351.6,355.9,734.2,739.0,12.0,0.0,11.0,0.0,31.2,0.0,0.0,24.7
1882,350977,35,1,3,4584.3,2011.8,4363.5,1797.1,42.7,14.1,863.1,4.4,446.0,0.0,2337.1,1466.5,136.2,0.0,139.1,0.0,90.6,91.5,233.3,234.7,109.0,0.0,9.0,0.0,42.7,0.0,0.0,14.1
1883,350978,35,1,3,16252.7,11961.5,15410.4,11113.7,131.1,75.4,2841.8,879.7,1423.0,891.9,7455.9,5530.3,433.6,1085.6,442.6,0.0,782.5,792.1,1926.9,1934.1,64.0,0.0,40.0,0.0,131.1,0.0,0.0,75.4
1884,350979,35,1,3,4226.7,3160.6,3997.8,2933.7,33.2,10.4,793.9,98.3,394.7,0.0,2139.4,1376.2,140.0,0.0,142.7,1091.2,117.9,119.1,248.2,248.9,9.0,0.0,12.0,0.0,33.2,0.0,0.0,10.4
1885,350980,35,1,4,5823.7,6800.8,5280.1,6260.0,41.5,29.4,952.8,1082.6,522.9,516.2,2370.8,3405.0,76.0,0.0,77.5,0.0,381.4,385.1,864.7,871.0,17.0,0.0,17.0,0.0,41.5,0.0,0.0,29.4
1886,350981,35,1,4,1443.2,7254.3,827.0,6605.7,0.0,31.3,0.0,1722.1,0.0,164.7,10.0,3759.2,0.0,0.0,0.0,0.0,370.2,373.7,436.8,439.9,0.0,146.0,10.0,0.0,0.0,0.0,0.0,31.3
1887,350982,35,1,4,4265.9,10020.4,3091.5,8806.4,15.8,48.1,341.8,3784.7,173.0,360.7,890.3,3059.7,37.9,0.0,38.8,0.0,827.5,836.1,758.2,765.1,11.0,0.0,13.0,0.0,15.8,0.0,0.0,48.1
1888,350983,35,1,4,1477.6,7827.1,1007.0,7326.2,0.0,27.6,0.0,1165.3,0.0,329.7,12.0,2584.5,0.0,0.0,0.0,2254.6,372.7,376.9,610.2,615.2,0.0,0.0,12.0,0.0,0.0,0.0,0.0,27.6
1889,350984,35,1,4,2342.4,1070.9,2235.2,978.4,21.1,5.2,427.1,1.7,235.4,0.0,1249.4,804.4,73.3,0.0,74.9,0.0,47.4,47.8,123.8,124.6,1.0,0.0,3.0,0.0,21.1,0.0,0.0,5.2
1890,350985,35,1,4,6036.3,5985.2,5559.4,5516.4,41.9,31.0,891.6,756.8,476.7,560.5,2439.6,2742.5,138.9,0.0,141.8,0.0,435.0,439.7,1008.9,1016.8,17.0,0.0,10.0,0.0,41.9,0.0,0.0,31.0
1891,350986,35,1,4,5668.2,8941.9,4993.9,8247.0,28.1,41.8,619.8,1382.2,317.5,689.1,1692.6,3294.1,99.4,0.0,101.5,732.9,698.7,706.1,1432.3,1442.6,18.0,0.0,14.0,0.0,28.1,0.0,0.0,41.8
1892,350987,35,1,4,4524.1,6907.8,3968.5,6333.5,28.7,31.6,626.6,1932.1,334.6,44.9,1753.2,2467.4,99.0,850.3,101.3,0.0,452.3,457.7,577.5,581.1,4.0,0.0,20.0,0.0,28.7,0.0,0.0,31.6
1893,350988,35,1,4,3878.7,6115.0,3530.2,5760.0,24.8,26.2,523.8,1014.8,286.6,97.6,1445.4,2027.3,82.6,946.0,84.5,588.5,427.8,432.9,649.4,652.8,20.0,0.0,10.0,0.0,24.8,0.0,0.0,26.2
1894,350989,35,1,3,7280.0,8221.2,6738.5,7631.1,38.7,55.0,821.7,751.5,411.7,1222.5,2214.9,2447.2,118.7,220.8,121.3,45.2,830.8,839.8,2094.4,2104.1,102.0,0.0,23.0,0.0,38.7,0.0,0.0,55.0
1895,350990,35,1,3,6274.2,4221.5,5855.9,3787.2,49.7,26.5,1104.6,324.9,555.8,245.2,2955.1,2443.6,199.9,0.0,204.3,0.0,223.2,225.6,545.9,547.8,48.0,0.0,19.0,0.0,49.7,0.0,0.0,26.5
1896,350991,35,1,3,3250.4,1424.0,3050.9,1225.6,26.7,7.6,626.3,3.5,312.8,0.0,1670.4,1001.1,105.3,0.0,107.7,0.0,61.3,62.0,159.0,159.1,2.0,0.0,6.0,0.0,26.7,0.0,0.0,7.6
1897,350992,35,1,4,7596.2,20753.2,5983.1,19032.1,34.8,90.9,768.7,5704.9,392.9,417.4,2011.9,10299.0,77.5,0.0,79.1,0.0,1059.8,1070.1,1529.2,1540.8,4.0,0.0,60.0,0.0,34.8,0.0,0.0,90.9
1898,350993,35,1,4,8116.4,5951.2,7663.0,5531.3,71.5,26.9,1551.4,688.9,803.6,0.0,3934.7,3872.7,147.3,0.0,150.2,0.0,327.7,330.8,633.9,638.8,100.0,0.0,14.0,0.0,71.5,0.0,0.0,26.9
1899,350994,35,1,4,3124.2,2726.0,2918.5,2529.3,23.2,13.4,497.9,237.1,264.4,255.9,1372.6,1391.7,67.2,0.0,68.8,0.0,179.7,181.5,459.9,463.1,4.0,0.0,4.0,0.0,23.2,0.0,0.0,13.4
1900,350995,35,1,4,2171.2,1000.0,2031.2,874.8,18.3,4.6,383.0,41.5,204.2,0.0,1119.2,682.6,80.1,0.0,81.8,0.0,44.4,44.7,105.5,106.0,11.0,0.0,2.0,0.0,18.3,0.0,0.0,4.6
1901,350996,35,1,4,5142.4,3849.8,4841.0,3567.5,39.9,15.6,889.5,388.1,472.3,28.3,2558.8,1980.0,172.4,0.0,176.0,607.3,195.7,197.4,364.3,366.4,6.0,0.0,6.0,0.0,39.9,0.0,0.0,15.6
1902,350997,35,1,4,1310.2,1976.9,1098.4,1756.6,6.5,10.1,143.6,511.6,77.7,156.5,399.4,659.3,22.6,0.0,23.2,0.0,150.4,151.5,276.5,277.7,1.0,0.0,4.0,0.0,6.5,0.0,0.0,10.1
1903,350998,35,1,3,7994.4,3325.0,7663.7,3012.8,68.4,17.2,1527.2,34.6,786.5,0.0,4210.3,2438.5,288.0,0.0,293.8,0.0,153.7,154.9,383.1,384.9,5.0,0.0,16.0,0.0,68.4,0.0,0.0,17.2
1904,350999,35,1,3,9182.9,4329.7,8808.8,3971.3,77.2,22.4,1852.1,11.5,927.8,0.0,4735.9,3242.3,239.8,0.0,244.7,0.0,201.0,202.6,513.5,514.7,75.0,0.0,19.0,0.0,77.2,0.0,0.0,22.4
1905,351000,35,1,3,5520.5,3483.4,5220.4,3182.7,45.7,14.7,1070.6,116.6,532.6,0.0,2746.1,1752.3,163.1,849.9,166.8,0.0,147.5,148.9,314.5,315.0,66.0,0.0,13.0,0.0,45.7,0.0,0.0,14.7
1906,351001,35,1,2,1580.5,780.1,1402.2,591.2,12.5,4.0,301.4,2.4,145.4,0.0,756.7,484.2,41.0,0.0,42.0,0.0,28.6,28.8,76.0,75.8,6.0,0.0,5.0,0.0,12.5,0.0,0.0,4.0
1907,351002,35,1,2,2856.0,2044.4,2577.2,1744.3,17.0,13.1,395.8,144.6,192.1,147.2,1009.4,607.5,62.4,0.0,63.8,0.0,264.5,267.0,580.1,578.1,0.0,0.0,9.0,0.0,17.0,0.0,0.0,13.1
1908,351003,35,1,4,6311.4,15504.4,5149.6,14249.7,0.0,71.5,0.0,2582.1,0.0,2397.5,33.0,4144.0,0.0,0.0,0.0,0.0,1509.3,1523.3,3574.3,3602.8,0.0,0.0,33.0,0.0,0.0,0.0,0.0,71.5
1909,351004,35,1,4,6592.3,8200.9,6039.4,7623.5,30.3,37.7,641.5,750.6,333.6,1460.0,1788.2,2355.1,102.8,0.0,104.9,0.0,832.9,840.0,2201.6,2217.8,10.0,0.0,24.0,0.0,30.3,0.0,0.0,37.7
1910,351005,35,1,3,7119.5,3962.0,6803.5,3654.4,59.9,19.1,1233.4,140.5,651.6,124.3,3485.0,2398.9,204.5,0.0,208.5,0.0,295.0,297.8,688.5,692.9,14.0,0.0,23.0,0.0,59.9,0.0,0.0,19.1
1911,351006,35,1,3,6299.3,4737.3,5988.3,4441.4,52.3,18.5,1136.4,180.6,599.8,96.4,3019.7,2469.5,139.9,794.3,142.9,0.0,275.1,277.7,619.5,622.9,47.0,0.0,8.0,0.0,52.3,0.0,0.0,18.5
1912,351007,35,1,3,2514.6,1026.4,2380.4,901.9,20.5,4.9,436.2,1.5,240.0,0.0,1283.1,740.9,88.7,0.0,90.6,0.0,44.0,44.3,114.7,115.2,81.0,0.0,2.0,0.0,20.5,0.0,0.0,4.9
1913,351008,35,1,3,3319.5,2258.0,3115.9,2043.5,23.2,10.8,499.9,153.5,257.5,164.4,1425.7,996.5,91.8,0.0,94.0,0.0,218.0,219.6,506.9,509.5,9.0,0.0,13.0,0.0,23.2,0.0,0.0,10.8
1914,351009,35,1,3,3479.5,3966.3,3111.7,3578.7,17.7,19.9,412.6,368.7,200.8,646.1,1102.0,1318.1,75.2,0.0,76.8,0.0,332.9,336.2,905.4,909.6,0.0,0.0,6.0,0.0,17.7,0.0,0.0,19.9
1915,351010,35,1,2,3614.7,1549.1,3377.8,1309.6,28.9,7.3,703.9,3.5,343.9,0.0,1837.6,1070.8,121.2,0.0,123.9,0.0,65.3,66.0,169.1,169.4,3.0,0.0,10.0,0.0,28.9,0.0,0.0,7.3
1916,351011,35,1,2,2777.5,1652.0,2526.2,1393.2,21.4,8.1,532.6,93.9,260.7,18.3,1311.7,1024.6,67.4,0.0,69.0,0.0,79.0,79.9,176.8,176.5,21.0,0.0,8.0,0.0,21.4,0.0,0.0,8.1
1917,351012,35,1,2,1283.8,678.1,1098.3,487.4,9.8,2.9,241.8,0.5,116.6,0.0,591.6,401.6,29.2,0.0,30.0,0.0,23.1,23.4,62.0,61.8,0.0,0.0,4.0,0.0,9.8,0.0,0.0,2.9
1918,351013,35,1,4,5970.0,10765.6,5407.2,10126.4,0.0,49.5,0.0,907.2,0.0,3064.7,37.0,783.3,0.0,0.0,0.0,0.0,1388.8,1400.6,3944.4,3970.6,0.0,0.0,37.0,0.0,0.0,0.0,0.0,49.5
1919,351014,35,1,4,7111.5,12407.0,6572.1,11761.3,0.0,59.4,0.0,869.4,0.0,3950.6,57.0,436.0,0.0,0.0,0.0,0.0,1615.2,1628.7,4843.0,4876.6,0.0,0.0,57.0,0.0,0.0,0.0,0.0,59.4
1920,351015,35,1,4,4650.5,4780.7,4255.9,4382.1,25.7,20.8,573.0,515.3,281.2,599.6,1522.0,1583.6,89.8,0.0,91.6,0.0,492.6,496.5,1179.6,1187.1,9.0,0.0,17.0,0.0,25.7,0.0,0.0,20.8
1921,351016,35,1,3,2562.5,1729.7,2385.0,1552.5,21.1,7.9,422.6,127.5,228.8,115.8,1202.8,943.1,76.6,0.0,78.3,0.0,106.3,107.3,257.6,258.7,6.0,0.0,6.0,0.0,21.1,0.0,0.0,7.9
1922,351017,35,1,3,5591.8,3861.1,5277.5,3557.8,45.9,17.9,923.2,371.0,514.8,189.4,2695.2,2221.4,175.1,0.0,178.7,0.0,235.3,237.1,536.2,538.9,12.0,0.0,7.0,0.0,45.9,0.0,0.0,17.9
1923,351018,35,1,3,3995.5,2681.8,3720.2,2407.9,32.9,12.2,718.0,277.9,371.2,20.3,1956.6,1687.2,122.0,0.0,124.7,0.0,145.3,146.4,275.4,276.2,2.0,0.0,5.0,0.0,32.9,0.0,0.0,12.2
1924,351019,35,1,3,3543.9,1790.9,3324.7,1571.1,28.6,7.9,623.6,102.3,335.8,29.2,1765.1,1111.4,124.3,0.0,127.0,0.0,97.9,98.7,229.0,229.5,15.0,0.0,7.0,0.0,28.6,0.0,0.0,7.9
1925,351020,35,1,3,520.1,792.3,394.9,657.6,1.7,3.5,37.1,109.7,20.0,151.3,103.0,173.3,5.5,0.0,5.7,0.0,56.9,57.2,165.6,166.1,0.0,0.0,1.0,0.0,1.7,0.0,0.0,3.5
1926,351021,35,1,3,1554.7,719.1,1370.1,525.4,11.5,2.7,282.2,0.6,136.0,0.0,735.9,433.1,48.7,0.0,49.8,0.0,24.9,25.0,66.6,66.7,23.0,0.0,3.0,0.0,11.5,0.0,0.0,2.7
1927,351022,35,1,2,4783.7,2211.5,4516.6,1929.7,38.2,9.2,968.8,4.6,474.9,0.0,2420.6,1580.7,129.1,0.0,131.6,0.0,96.7,97.2,246.9,247.2,18.0,0.0,30.0,0.0,38.2,0.0,0.0,9.2
1928,351023,35,1,4,7108.9,12744.6,6447.3,12005.0,0.0,57.7,0.0,1331.2,0.0,3914.3,32.0,337.9,0.0,0.0,0.0,0.0,1643.6,1654.9,4739.7,4766.8,0.0,0.0,32.0,0.0,0.0,0.0,0.0,57.7
1929,351024,35,1,4,9265.1,9480.9,8656.1,8885.8,60.3,37.2,1254.9,964.7,666.4,1193.3,3715.1,3532.7,250.5,630.3,255.7,77.1,685.3,690.0,1789.2,1797.6,22.0,0.0,17.0,0.0,60.3,0.0,0.0,37.2
1930,351025,35,1,3,4847.1,2391.6,4615.8,2173.1,43.5,10.2,886.6,110.8,480.4,21.6,2520.0,1654.8,161.6,0.0,165.0,0.0,111.9,112.8,272.4,273.1,8.0,0.0,10.0,0.0,43.5,0.0,0.0,10.2
1931,351026,35,1,3,5556.1,3695.1,5304.6,3454.2,46.4,12.5,959.2,187.1,509.9,101.1,2832.1,1821.2,205.9,786.6,210.1,0.0,163.5,164.6,391.9,393.5,20.0,0.0,12.0,0.0,46.4,0.0,0.0,12.5
1932,351027,35,1,3,4919.3,5598.5,4629.5,5312.5,39.8,12.4,844.8,359.4,431.0,11.6,2427.8,1679.0,193.0,0.0,197.2,2738.5,189.0,190.2,332.6,333.8,6.0,0.0,8.0,0.0,39.8,0.0,0.0,12.4
1933,351028,35,1,3,4934.4,2980.0,4707.0,2757.7,40.7,8.8,879.9,53.5,464.8,0.0,2509.1,1448.3,178.3,910.0,182.1,0.0,104.7,105.3,240.0,240.6,137.0,0.0,11.0,0.0,40.7,0.0,0.0,8.8
1934,351029,35,1,3,3844.3,1876.4,3640.0,1673.7,30.7,7.5,729.7,51.6,382.5,0.0,1978.9,1330.0,111.7,0.0,114.0,0.0,86.5,87.2,204.8,205.0,24.0,0.0,8.0,0.0,30.7,0.0,0.0,7.5
1935,351030,35,1,2,4089.9,1797.0,3843.6,1546.8,31.5,7.0,808.4,10.0,397.4,0.0,2084.1,1263.2,128.7,0.0,131.2,0.0,76.5,77.0,196.3,196.5,3.0,0.0,18.0,0.0,31.5,0.0,0.0,7.0
1936,351031,35,1,2,1019.3,557.0,845.7,371.8,7.0,1.8,183.4,0.4,88.7,0.0,452.2,308.2,21.3,0.0,21.8,0.0,17.0,16.9,46.3,46.3,7.0,0.0,8.0,0.0,7.0,0.0,0.0,1.8
1937,351032,35,1,3,2603.1,1499.5,2422.9,1321.3,21.0,6.2,441.1,105.1,231.5,69.0,1276.6,885.8,88.1,0.0,90.1,0.0,74.8,75.4,185.7,186.0,29.0,0.0,6.0,0.0,21.0,0.0,0.0,6.2
1938,351033,35,1,4,11841.4,7006.5,11383.9,6594.2,91.1,21.0,2016.5,374.6,1082.0,24.3,6119.6,3467.0,535.8,480.8,546.3,1276.8,314.3,316.1,654.4,654.7,90.0,0.0,25.0,0.0,91.1,0.0,0.0,21.0
1939,351034,35,1,3,7735.2,3343.3,7424.8,3051.1,63.8,13.6,1456.7,52.0,749.3,0.0,4050.1,2456.1,272.6,17.8,278.3,0.0,150.9,151.6,374.0,373.7,71.0,0.0,22.0,0.0,63.8,0.0,0.0,13.6
1940,351035,35,1,3,2254.6,1013.5,2079.4,830.6,17.6,3.7,424.1,1.3,222.4,0.0,1136.9,684.3,70.7,0.0,72.3,0.0,39.9,40.0,105.1,104.9,0.0,0.0,8.0,0.0,17.6,0.0,0.0,3.7
1941,351036,35,1,2,5698.7,3437.5,5385.4,3117.7,43.2,11.0,1080.2,138.6,535.5,0.0,2788.5,1878.7,172.0,667.8,175.8,0.0,136.0,136.6,296.4,296.0,184.0,0.0,17.0,0.0,43.2,0.0,0.0,11.0
1942,351037,35,1,3,3226.0,1975.1,2983.2,1720.8,24.3,7.3,597.0,69.6,297.5,3.3,1620.8,1426.9,107.7,0.0,110.2,0.0,69.5,69.9,151.4,151.1,10.0,0.0,19.0,0.0,24.3,0.0,0.0,7.3
1943,351038,35,1,2,2961.9,1285.2,2730.6,1042.5,22.8,4.8,562.7,2.0,276.3,0.0,1460.2,857.4,96.4,0.0,98.7,0.0,50.7,50.8,132.5,132.2,44.0,0.0,9.0,0.0,22.8,0.0,0.0,4.8
1944,351039,35,1,3,2583.1,1397.0,2406.7,1216.6,19.0,6.9,481.0,52.6,241.6,4.9,1309.5,969.5,80.6,0.0,82.4,0.0,57.6,57.5,134.0,132.2,13.0,0.0,7.0,0.0,19.0,0.0,0.0,6.9
1945,351040,35,1,3,7849.4,4878.3,7515.6,4561.4,58.7,17.9,1435.6,170.1,747.2,0.0,4090.6,2746.7,292.2,1051.5,298.2,0.0,187.7,188.2,408.1,404.8,43.0,0.0,13.0,0.0,58.7,0.0,0.0,17.9
1946,351041,35,1,3,3019.5,1628.3,2796.9,1397.6,21.7,6.8,494.3,112.9,259.8,52.8,1473.6,940.2,131.8,0.0,134.5,0.0,91.0,91.4,201.9,200.3,1.0,0.0,9.0,0.0,21.7,0.0,0.0,6.8
1947,351042,35,1,3,3583.6,3028.0,3336.1,2775.6,25.6,8.7,612.2,307.6,319.2,0.0,1737.2,1269.5,132.3,840.6,135.0,0.0,132.3,133.2,225.8,224.6,33.0,0.0,9.0,0.0,25.6,0.0,0.0,8.7
1948,351043,35,1,3,3623.6,1693.8,3404.6,1468.3,28.4,6.6,702.6,3.1,353.2,0.0,1847.2,1219.7,114.7,0.0,117.4,0.0,68.4,68.7,177.2,176.7,12.0,0.0,12.0,0.0,28.4,0.0,0.0,6.6
1949,351044,35,1,3,2999.9,2595.7,2842.0,2424.4,23.0,6.7,547.7,89.7,290.8,0.0,1497.9,1135.3,80.6,910.6,82.5,0.0,94.8,95.4,193.7,193.4,33.0,0.0,21.0,0.0,23.0,0.0,0.0,6.7
1950,351045,35,1,4,4779.2,3330.1,4448.9,3018.8,35.4,12.7,869.5,412.5,431.9,73.6,2296.4,1976.9,139.3,0.0,142.1,0.0,184.6,186.0,369.1,369.7,7.0,0.0,9.0,0.0,35.4,0.0,0.0,12.7
1951,351046,35,1,4,3527.7,1743.3,3360.3,1588.1,28.7,6.8,669.3,3.7,363.8,0.0,1798.8,1313.0,83.5,0.0,85.1,0.0,75.6,76.2,195.1,195.2,77.0,0.0,12.0,0.0,28.7,0.0,0.0,6.8
1952,351047,35,1,4,3909.7,1665.1,3720.1,1494.5,31.6,6.2,720.8,3.3,387.5,0.0,2050.0,1234.3,137.7,0.0,140.3,0.0,71.3,72.0,184.4,184.9,16.0,0.0,12.0,0.0,31.6,0.0,0.0,6.2
1953,351048,35,1,3,103.2,109.2,0.0,0.0,0.0,0.0,0.0,0.0,0.0,0.0,0.0,0.0,0.0,0.0,0.0,0.0,0.0,0.0,0.0,0.0,0.0,0.0,0.0,0.0,0.0,0.0,0.0,0.0
1954,351049,35,1,3,8975.3,3528.0,8668.4,3231.7,66.2,14.8,1573.4,8.5,841.0,0.0,4720.1,2690.5,391.9,0.0,399.6,0.0,150.6,150.8,384.8,381.9,180.0,0.0,27.0,0.0,66.2,0.0,0.0,14.8
1955,351050,35,1,3,3778.0,3361.1,3552.4,3135.3,27.4,6.9,638.4,117.6,335.1,0.0,1894.5,1126.8,170.2,0.0,173.6,1591.5,102.8,103.0,197.8,196.4,35.0,0.0,5.0,0.0,27.4,0.0,0.0,6.9
1956,351051,35,1,3,7758.2,8041.0,7308.3,7547.3,37.9,33.7,909.5,427.3,474.6,2192.4,2619.0,2117.6,197.2,0.0,201.4,0.0,687.3,690.2,2128.4,2119.8,54.0,0.0,37.0,0.0,37.9,0.0,0.0,33.7
1957,351052,35,1,3,3550.9,1725.7,3400.7,1557.8,27.1,6.5,658.8,3.5,344.8,0.0,1796.9,1295.1,90.3,0.0,92.5,0.0,72.4,72.8,186.9,186.4,128.0,0.0,30.0,0.0,27.1,0.0,0.0,6.5
1958,351053,35,1,3,4551.5,3890.6,4315.1,3662.2,34.1,8.6,787.5,159.1,419.1,22.5,2302.0,1487.5,182.2,0.0,186.1,1591.6,132.7,133.4,268.3,268.0,29.0,0.0,8.0,0.0,34.1,0.0,0.0,8.6
1959,351054,35,1,3,2961.2,1644.7,2763.0,1440.7,22.8,6.1,548.5,32.1,269.8,62.3,1461.4,1086.8,88.8,0.0,90.7,0.0,69.4,70.0,189.4,189.5,32.0,0.0,13.0,0.0,22.8,0.0,0.0,6.1
1960,351055,35,1,3,8340.3,16814.7,6591.2,15015.0,30.3,66.2,687.6,6242.4,448.0,1290.9,1724.1,3809.2,26.1,0.0,26.8,0.0,1618.8,1631.4,2035.9,2041.0,8.0,0.0,16.0,0.0,30.3,0.0,0.0,66.2
1961,351056,35,1,4,4246.7,7426.3,3584.8,6757.2,21.7,27.4,519.8,1623.6,263.6,370.9,1380.7,3503.5,76.0,0.0,77.6,0.0,467.4,471.1,785.7,788.2,2.0,0.0,12.0,0.0,21.7,0.0,0.0,27.4
1962,351057,35,1,4,3777.5,4674.1,3359.4,4261.2,23.6,17.8,553.8,828.9,282.9,259.8,1463.7,2283.8,79.7,0.0,81.3,0.0,294.4,296.6,589.5,592.0,3.0,0.0,11.0,0.0,23.6,0.0,0.0,17.8
1963,351058,35,1,4,2834.2,5036.2,2404.2,4601.8,19.5,20.7,472.9,1500.6,237.9,110.4,1118.7,2503.7,39.6,0.0,40.5,0.0,190.2,191.9,293.2,295.2,1.0,0.0,10.0,0.0,19.5,0.0,0.0,20.7
1964,351059,35,1,2,910.7,3451.6,539.0,3067.8,0.0,17.5,0.0,895.6,0.0,237.6,3.0,1406.0,0.0,0.0,0.0,0.0,217.6,217.8,315.4,310.7,0.0,0.0,3.0,0.0,0.0,0.0,0.0,17.5
1965,351060,35,1,3,279.1,905.8,91.9,712.4,0.0,4.3,0.0,203.1,0.0,56.4,1.0,364.1,0.0,0.0,0.0,0.0,42.2,42.2,47.7,46.7,0.0,0.0,1.0,0.0,0.0,0.0,0.0,4.3
1966,351061,35,1,2,103.1,108.6,0.0,0.0,0.0,0.0,0.0,0.0,0.0,0.0,0.0,0.0,0.0,0.0,0.0,0.0,0.0,0.0,0.0,0.0,0.0,0.0,0.0,0.0,0.0,0.0,0.0,0.0
1967,351062,35,1,3,12329.6,9832.0,11881.6,9409.8,89.9,26.8,2355.6,186.4,1153.7,0.0,6468.3,4651.9,413.2,1212.6,421.6,2357.7,309.6,310.0,699.6,691.1,39.0,0.0,21.0,0.0,89.9,0.0,0.0,26.8
1968,351063,35,1,3,7835.1,3244.4,7569.9,2967.5,56.4,12.3,1409.5,7.6,726.2,0.0,4214.7,2474.8,342.1,0.0,348.8,0.0,137.0,137.3,350.5,347.8,4.0,0.0,37.0,0.0,56.4,0.0,0.0,12.3
1969,351064,35,1,3,2193.0,834.0,2018.6,649.8,14.5,2.7,350.4,1.0,180.9,0.0,1063.0,544.7,101.5,0.0,103.8,0.0,28.7,28.7,76.1,75.4,108.0,0.0,6.0,0.0,14.5,0.0,0.0,2.7
1970,351065,35,1,3,1870.8,2044.5,1678.6,1836.1,10.9,8.1,249.4,389.0,140.1,103.4,795.5,1000.7,66.2,0.0,67.8,0.0,125.2,125.5,219.2,217.5,3.0,0.0,12.0,0.0,10.9,0.0,0.0,8.1
1971,351066,35,1,4,2931.0,7313.6,2553.2,6936.7,15.5,14.4,380.1,751.1,190.9,270.7,1013.7,1777.8,61.0,0.0,62.3,3308.6,297.6,299.6,528.6,528.8,14.0,0.0,5.0,0.0,15.5,0.0,0.0,14.4
1972,351067,35,1,4,5046.1,7707.2,4142.0,6801.5,31.9,30.9,758.7,3038.4,387.0,98.4,1798.9,2587.8,56.7,0.0,57.9,0.0,606.0,611.3,462.7,465.7,5.0,0.0,9.0,0.0,31.9,0.0,0.0,30.9
1973,351068,35,1,4,3145.0,8796.9,2539.3,8131.0,0.0,38.1,0.0,1439.1,0.0,1384.8,33.0,2815.9,0.0,0.0,0.0,0.0,728.5,734.9,1744.8,1756.3,0.0,0.0,33.0,0.0,0.0,0.0,0.0,38.1
1974,351069,35,1,2,5785.5,4091.7,5524.7,3848.2,40.1,12.4,1077.3,101.4,552.8,0.0,3003.5,2110.3,205.9,1177.4,210.3,0.0,144.7,144.3,320.1,314.9,9.0,0.0,1.0,0.0,40.1,0.0,0.0,12.4
1975,351070,35,1,3,8011.9,3826.2,7694.4,3527.9,58.9,16.2,1542.1,9.2,766.9,0.0,4205.4,2953.5,264.4,0.0,269.8,0.0,160.6,160.6,410.2,404.7,67.0,0.0,8.0,0.0,58.9,0.0,0.0,16.2
1976,351071,35,1,3,4928.4,2371.2,4719.5,2151.2,36.1,9.4,946.2,4.9,468.0,0.0,2603.0,1801.1,162.4,0.0,166.0,0.0,97.4,97.5,250.5,247.7,1.0,0.0,25.0,0.0,36.1,0.0,0.0,9.4
1977,351072,35,1,4,9450.8,6335.6,9016.1,5928.0,61.9,22.9,1677.2,165.2,866.3,599.5,4631.3,3913.7,271.7,0.0,277.1,0.0,333.5,333.7,924.9,915.8,19.0,0.0,15.0,0.0,61.9,0.0,0.0,22.9
1978,351073,35,1,3,9056.7,4718.1,8752.9,4423.0,63.1,13.3,1495.2,96.8,819.2,0.0,4837.9,2609.1,472.0,1148.8,481.7,0.0,175.2,175.2,396.7,393.2,51.0,0.0,24.0,0.0,63.1,0.0,0.0,13.3
1979,351074,35,1,3,3495.3,1531.2,3276.4,1312.4,24.2,5.4,578.9,59.9,296.2,35.2,1761.6,987.2,172.8,0.0,176.6,0.0,67.6,67.5,163.7,162.5,54.0,0.0,5.0,0.0,24.2,0.0,0.0,5.4
1980,351075,35,1,4,9503.0,5580.7,9076.3,5167.9,60.0,20.2,1449.7,260.6,798.2,412.4,4518.7,3024.5,371.9,0.0,379.3,0.0,439.8,441.4,1034.7,1028.9,61.0,0.0,23.0,0.0,60.0,0.0,0.0,20.2
1981,351076,35,1,3,6443.0,8812.5,5894.6,8230.2,30.8,33.8,775.7,978.9,405.0,1889.2,2106.6,3035.5,121.2,0.0,123.8,0.0,599.6,601.9,1731.7,1724.6,5.0,0.0,26.0,0.0,30.8,0.0,0.0,33.8
1982,351077,35,1,3,8298.1,3132.1,7985.1,2818.3,61.2,10.6,1439.1,94.2,744.8,0.0,4409.1,2256.7,428.0,0.0,436.6,0.0,138.2,138.5,330.2,328.9,22.0,0.0,37.0,0.0,61.2,0.0,0.0,10.6
1983,351078,35,1,3,7650.2,5061.6,7299.8,4717.0,56.7,13.8,1374.0,284.5,718.3,91.1,3828.8,2573.1,277.6,1083.4,283.4,0.0,214.0,215.0,470.7,469.8,105.0,0.0,28.0,0.0,56.7,0.0,0.0,13.8
1984,351079,35,1,3,3724.8,3859.1,3339.6,3454.9,21.1,13.8,511.1,455.3,248.7,478.1,1383.9,1583.2,104.8,0.0,107.0,0.0,274.8,276.4,662.3,661.9,36.0,0.0,11.0,0.0,21.1,0.0,0.0,13.8
1985,351080,35,1,4,10097.1,14534.8,9156.0,13563.7,38.3,52.8,955.5,2215.9,508.5,2015.6,2486.8,4325.3,105.3,0.0,107.5,35.3,1541.0,1550.4,3419.3,3421.2,10.0,0.0,22.0,0.0,38.3,0.0,0.0,52.8
1986,351081,35,1,4,3449.2,3798.2,3235.6,3593.4,25.3,9.2,626.4,380.0,327.8,16.9,1648.1,1583.2,74.4,1160.8,76.1,0.0,159.2,159.9,292.6,292.6,18.0,0.0,13.0,0.0,25.3,0.0,0.0,9.2
1987,351082,35,1,4,9536.3,20773.3,8044.3,19201.3,32.0,79.6,748.4,5703.5,385.1,1317.9,2103.6,7691.6,140.3,0.0,143.1,0.0,1563.5,1573.7,2905.3,2914.5,9.0,0.0,46.0,0.0,32.0,0.0,0.0,79.6
1988,351083,35,1,4,7911.5,9011.1,7192.5,8300.4,61.8,36.9,1391.7,1121.2,689.5,143.0,3587.2,5871.0,160.5,0.0,163.5,0.0,402.8,406.0,755.1,759.2,18.0,0.0,24.0,0.0,61.8,0.0,0.0,36.9
1989,351084,35,1,4,5667.6,12380.5,5132.9,11775.4,0.0,53.4,0.0,1044.0,0.0,3820.9,31.0,1352.4,0.0,0.0,0.0,459.7,1194.1,1202.8,3876.9,3895.6,0.0,0.0,31.0,0.0,0.0,0.0,0.0,53.4
1990,351085,35,1,2,113.7,157.7,6.1,48.4,0.0,0.3,0.0,38.8,0.0,0.0,0.0,3.6,0.0,0.0,0.0,0.0,5.2,5.1,1.0,0.9,0.0,0.0,0.0,0.0,0.0,0.0,0.0,0.3
1991,351086,35,1,2,102.7,106.0,0.0,0.0,0.0,0.0,0.0,0.0,0.0,0.0,0.0,0.0,0.0,0.0,0.0,0.0,0.0,0.0,0.0,0.0,0.0,0.0,0.0,0.0,0.0,0.0,0.0,0.0
1992,351087,35,1,2,3819.4,1839.2,3623.3,1650.6,25.7,7.9,717.5,60.4,368.3,0.0,2002.1,1337.2,137.1,0.0,140.1,0.0,71.3,71.3,184.8,181.7,1.0,0.0,1.0,0.0,25.7,0.0,0.0,7.9
1993,351088,35,1,2,102.9,109.8,0.0,0.0,0.0,0.0,0.0,0.0,0.0,0.0,0.0,0.0,0.0,0.0,0.0,0.0,0.0,0.0,0.0,0.0,0.0,0.0,0.0,0.0,0.0,0.0,0.0,0.0
1994,351089,35,1,3,102.9,108.0,0.0,0.0,0.0,0.0,0.0,0.0,0.0,0.0,0.0,0.0,0.0,0.0,0.0,0.0,0.0,0.0,0.0,0.0,0.0,0.0,0.0,0.0,0.0,0.0,0.0,0.0
1995,351090,35,1,3,103.1,108.5,0.0,0.0,0.0,0.0,0.0,0.0,0.0,0.0,0.0,0.0,0.0,0.0,0.0,0.0,0.0,0.0,0.0,0.0,0.0,0.0,0.0,0.0,0.0,0.0,0.0,0.0
1996,351091,35,1,4,13383.7,11899.6,12515.5,11062.3,82.0,46.1,2298.2,1700.7,1189.7,465.4,6104.2,6719.8,344.7,34.6,351.7,0.0,718.0,717.6,1442.0,1424.2,51.0,0.0,16.0,0.0,82.0,0.0,0.0,46.1
1997,351092,35,1,4,7341.5,2916.6,7060.8,2663.3,49.3,9.7,1221.7,110.5,657.1,12.0,3886.5,2113.1,372.6,0.0,379.9,0.0,127.0,127.4,302.8,300.3,97.0,0.0,16.0,0.0,49.3,0.0,0.0,9.7
1998,351093,35,1,4,5612.1,2247.8,5400.2,2058.7,38.9,7.5,967.2,9.2,526.3,0.0,3034.8,1714.8,259.3,0.0,264.4,0.0,94.1,94.5,242.0,240.2,3.0,0.0,9.0,0.0,38.9,0.0,0.0,7.5
1999,351094,35,1,4,9862.4,9043.8,9246.0,8406.8,46.2,31.4,1270.7,882.8,637.2,830.8,3393.0,3145.5,165.7,0.0,169.3,0.0,1130.8,1133.2,2426.3,2414.5,19.0,0.0,34.0,0.0,46.2,0.0,0.0,31.4
2000,351095,35,1,4,5318.2,2324.1,5038.8,2059.0,36.3,7.3,983.1,60.9,473.8,6.5,2727.4,1654.7,221.1,0.0,225.6,0.0,99.4,99.8,238.5,237.1,50.0,0.0,20.0,0.0,36.3,0.0,0.0,7.3
2001,351096,35,1,3,1119.8,1817.2,861.8,1543.0,4.8,5.2,114.6,259.4,55.8,71.7,314.8,702.9,24.8,128.5,25.5,57.4,118.6,118.9,204.7,204.4,1.0,0.0,2.0,0.0,4.8,0.0,0.0,5.2
2002,351097,35,1,4,3324.6,1497.9,3135.5,1321.5,25.9,5.1,614.0,27.4,313.7,0.0,1700.3,1080.1,115.7,0.0,118.1,0.0,60.0,60.4,153.7,153.6,46.0,0.0,14.0,0.0,25.9,0.0,0.0,5.1
2003,351098,35,1,4,2049.3,1025.3,1889.8,879.0,14.8,3.5,335.4,37.6,164.8,22.0,960.7,601.1,73.7,0.0,75.4,0.0,65.3,65.9,152.4,152.5,57.0,0.0,5.0,0.0,14.8,0.0,0.0,3.5
2004,351099,35,1,2,2608.7,1256.2,2445.5,1095.3,17.1,4.5,484.2,23.7,243.4,0.0,1356.9,903.8,93.7,0.0,95.8,0.0,47.3,47.0,123.2,120.9,1.0,0.0,0.0,0.0,17.1,0.0,0.0,4.5
2005,351100,35,1,2,350.1,227.9,242.5,113.9,1.9,0.6,47.9,11.4,23.9,0.0,136.7,88.5,9.8,0.0,9.9,0.0,3.3,3.2,11.0,10.7,0.0,0.0,0.0,0.0,1.9,0.0,0.0,0.6
2006,351101,35,1,3,10966.1,5159.0,10577.6,4783.1,77.2,21.3,2071.4,50.2,1053.8,18.8,5812.8,3926.3,399.8,0.0,407.9,0.0,227.7,227.1,570.2,560.7,9.0,0.0,25.0,0.0,77.2,0.0,0.0,21.3
2007,351102,35,1,3,4806.4,2388.4,4583.1,2166.9,33.9,10.1,885.7,51.7,446.1,40.8,2495.4,1715.7,172.3,0.0,176.0,0.0,103.0,102.9,260.5,255.8,32.0,0.0,12.0,0.0,33.9,0.0,0.0,10.1
2008,351103,35,1,4,2755.9,6069.0,2310.2,5597.5,0.0,26.2,0.0,706.7,0.0,1625.1,6.0,995.8,0.0,0.0,0.0,0.0,651.2,649.6,1647.0,1620.2,0.0,0.0,6.0,0.0,0.0,0.0,0.0,26.2
2009,351104,35,1,4,1107.9,3877.1,760.6,3520.5,0.0,16.3,0.0,906.6,0.0,322.2,3.0,1544.2,0.0,0.0,0.0,0.0,285.0,284.8,469.6,462.7,0.0,0.0,3.0,0.0,0.0,0.0,0.0,16.3
2010,351105,35,1,4,4827.5,2298.2,4624.5,2112.1,33.6,8.4,908.6,4.8,462.2,0.0,2550.1,1769.9,161.9,0.0,165.2,0.0,95.3,95.4,245.3,242.0,24.0,0.0,12.0,0.0,33.6,0.0,0.0,8.4
2011,351106,35,1,4,6964.0,3716.8,6688.5,3469.1,45.5,10.0,1138.3,114.8,613.2,0.0,3700.7,1986.1,384.2,935.9,392.1,0.0,139.7,139.7,296.3,292.5,9.0,0.0,15.0,0.0,45.5,0.0,0.0,10.0
2012,351107,35,1,4,5934.2,2246.1,5720.5,2049.6,40.6,7.7,978.5,33.9,538.4,0.0,3176.0,1688.0,304.4,0.0,310.5,0.0,92.9,93.1,236.8,234.7,64.0,0.0,19.0,0.0,40.6,0.0,0.0,7.7
2013,351108,35,1,4,3845.6,6006.4,3466.3,5612.6,11.1,19.5,271.1,684.8,149.2,972.4,866.8,1346.2,76.0,502.8,77.9,111.1,613.0,613.5,1392.3,1381.8,8.0,0.0,12.0,0.0,11.1,0.0,0.0,19.5
2014,351109,35,1,4,12570.5,21235.6,11365.3,19953.2,25.9,75.2,708.2,1905.5,355.3,5222.4,1903.2,4679.8,90.7,0.0,92.7,0.0,2266.1,2268.6,5911.1,5876.8,1.0,0.0,37.0,0.0,25.9,0.0,0.0,75.2
2015,351110,35,1,3,5067.4,4643.9,4662.1,4213.3,22.1,14.5,582.6,459.1,282.6,415.4,1619.1,1076.3,130.8,0.0,133.5,478.5,582.0,583.2,1207.4,1200.8,105.0,0.0,19.0,0.0,22.1,0.0,0.0,14.5
2016,351111,35,1,3,4758.9,1725.3,4530.8,1493.4,34.2,5.4,809.0,3.1,416.3,0.0,2486.0,1245.8,245.1,0.0,250.1,0.0,68.3,68.4,177.0,176.0,63.0,0.0,16.0,0.0,34.2,0.0,0.0,5.4
2017,351112,35,1,3,1619.2,870.9,1410.2,648.5,11.4,2.4,279.6,58.6,136.9,0.0,758.9,487.3,58.2,0.0,59.7,0.0,32.7,32.7,70.2,69.8,11.0,0.0,3.0,0.0,11.4,0.0,0.0,2.4
2018,351113,35,1,3,2546.1,2695.7,2264.9,2407.8,16.5,9.1,385.7,525.2,198.5,111.9,1106.0,1371.8,83.1,0.0,85.1,0.0,140.4,140.8,259.0,258.1,2.0,0.0,5.0,0.0,16.5,0.0,0.0,9.1
2019,351114,35,1,3,3014.2,4957.9,2679.8,4616.0,16.9,14.7,399.3,616.6,207.2,287.6,1050.9,1970.2,48.6,821.0,49.9,0.0,308.5,309.8,611.4,610.7,0.0,0.0,4.0,0.0,16.9,0.0,0.0,14.7
2020,351115,35,1,3,3844.4,1408.9,3631.6,1199.0,29.2,4.5,666.6,3.5,349.7,0.0,2009.5,995.3,185.9,0.0,189.9,0.0,55.4,55.7,144.6,144.5,21.0,0.0,9.0,0.0,29.2,0.0,0.0,4.5
2021,351116,35,1,4,3124.8,3659.4,2941.1,3475.2,19.8,9.2,526.9,245.3,267.8,60.8,1488.5,1355.5,93.6,975.6,95.7,402.7,153.1,152.9,286.6,282.3,13.0,0.0,16.0,0.0,19.8,0.0,0.0,9.2
2022,351117,35,1,2,2349.4,1141.0,2182.0,976.0,14.9,3.9,435.4,46.6,208.4,0.0,1213.5,784.2,87.8,0.0,89.7,0.0,40.8,40.6,106.4,104.5,0.0,0.0,0.0,0.0,14.9,0.0,0.0,3.9
2023,351118,35,1,3,2363.8,1889.9,2201.4,1730.6,15.0,5.1,460.3,79.9,218.4,0.0,1182.7,988.2,62.2,450.8,63.6,0.0,66.3,66.1,147.8,145.4,0.0,0.0,0.0,0.0,15.0,0.0,0.0,5.1
2024,351119,35,1,3,1937.2,7237.1,1794.8,7093.9,10.0,8.2,280.0,413.4,141.4,0.0,777.7,1098.2,42.4,1505.6,43.4,3607.7,197.4,196.7,277.5,272.3,33.0,0.0,2.0,0.0,10.0,0.0,0.0,8.2
2025,351120,35,1,3,7077.2,5928.1,6789.3,5655.7,49.4,17.7,1330.3,204.3,686.1,13.1,3665.6,3235.4,192.1,0.0,196.1,1514.3,220.2,219.1,477.8,469.5,11.0,0.0,10.0,0.0,49.4,0.0,0.0,17.7
2026,351121,35,1,4,4211.2,3311.1,3984.3,3089.0,25.7,13.5,694.5,156.3,361.5,342.7,1886.2,1763.2,92.6,0.0,94.6,0.0,239.8,239.3,597.0,587.5,12.0,0.0,6.0,0.0,25.7,0.0,0.0,13.5
2027,351122,35,1,3,2045.7,4222.9,1782.1,3945.0,0.0,18.0,0.0,433.6,0.0,1169.9,1.0,582.9,0.0,0.0,0.0,0.0,504.7,503.2,1275.5,1255.3,0.0,0.0,1.0,0.0,0.0,0.0,0.0,18.0
2028,351123,35,1,3,8567.8,3944.2,8220.0,3616.8,60.8,15.0,1631.7,15.2,768.3,88.4,4416.0,2900.1,314.4,0.0,320.8,0.0,168.9,168.6,450.8,444.5,134.0,0.0,15.0,0.0,60.8,0.0,0.0,15.0
2029,351124,35,1,3,13104.2,7131.2,12662.5,6726.7,91.4,26.8,2506.4,61.7,1293.9,0.0,6910.1,5611.6,363.6,0.0,371.1,0.0,303.4,302.6,764.0,750.8,132.0,0.0,18.0,0.0,91.4,0.0,0.0,26.8
2030,351125,35,1,3,4069.6,1594.6,3879.5,1396.3,24.1,4.9,659.7,83.2,360.5,0.0,2161.2,1094.9,217.4,0.0,222.0,0.0,69.3,68.9,152.4,149.3,16.0,0.0,21.0,0.0,24.1,0.0,0.0,4.9
2031,351126,35,1,3,3299.4,1419.8,3105.7,1218.4,19.9,4.6,517.3,154.9,279.5,3.8,1709.1,858.6,178.4,0.0,182.2,0.0,74.7,74.1,129.7,127.0,19.0,0.0,16.0,0.0,19.9,0.0,0.0,4.6
2032,351127,35,1,4,7301.0,4889.4,6956.9,4558.7,43.4,12.7,1107.0,485.1,612.1,106.9,3678.4,2146.7,378.8,1151.9,386.6,0.0,240.9,240.2,435.1,427.8,99.0,0.0,19.0,0.0,43.4,0.0,0.0,12.7
2033,351128,35,1,4,7213.8,3797.2,6921.3,3537.3,46.2,13.1,1213.1,302.7,643.3,0.0,3714.7,2569.7,312.7,0.0,319.2,0.0,235.5,234.6,437.7,430.3,39.0,0.0,6.0,0.0,46.2,0.0,0.0,13.1
2034,351129,35,1,2,243.4,177.7,124.9,56.8,0.8,0.2,25.2,2.7,11.7,0.0,71.3,47.6,5.0,0.0,5.1,0.0,1.4,1.4,5.2,5.2,0.0,0.0,0.0,0.0,0.8,0.0,0.0,0.2
2035,351130,35,1,3,4687.4,1736.8,4487.3,1542.4,27.7,5.0,780.5,24.6,427.3,0.0,2519.5,1280.0,250.2,0.0,255.6,0.0,67.9,67.5,174.3,170.3,3.0,0.0,9.0,0.0,27.7,0.0,0.0,5.0
2036,351131,35,1,2,2602.5,2161.5,2424.4,1987.5,14.6,3.9,469.8,89.6,226.3,0.0,1310.0,940.5,94.8,735.8,97.1,0.0,74.4,74.0,151.0,147.6,1.0,0.0,0.0,0.0,14.6,0.0,0.0,3.9
2037,351132,35,1,3,1521.9,1978.8,1395.1,1850.0,8.2,3.3,228.6,96.0,118.9,96.0,697.8,530.3,57.8,906.7,59.2,0.0,70.4,69.9,154.4,151.1,6.0,0.0,2.0,0.0,8.2,0.0,0.0,3.3
2038,351133,35,1,3,3826.7,5022.0,3309.7,4494.2,13.7,17.4,369.6,1331.7,190.2,529.1,1137.7,1248.8,96.1,0.0,98.3,0.0,534.3,531.1,870.6,853.4,6.0,0.0,7.0,0.0,13.7,0.0,0.0,17.4
2039,351134,35,1,4,17215.2,12670.2,16466.7,11953.2,87.2,42.4,2364.2,606.7,1220.0,2528.8,7240.6,4648.6,611.2,0.0,623.4,0.0,1157.8,1153.2,3073.5,3015.7,151.0,0.0,25.0,0.0,87.2,0.0,0.0,42.4
2040,351135,35,1,4,7884.6,3569.4,7590.2,3311.9,53.0,12.2,1365.8,54.6,722.2,127.0,4178.6,2555.9,351.5,0.0,358.8,0.0,160.6,159.9,421.8,414.6,24.0,0.0,7.0,0.0,53.0,0.0,0.0,12.2
2041,351136,35,1,2,5833.2,2117.9,5604.0,1899.4,31.1,5.5,955.0,32.5,515.8,0.0,3142.1,1572.7,330.2,0.0,337.0,0.0,85.4,85.0,213.5,209.2,18.0,0.0,7.0,0.0,31.1,0.0,0.0,5.5
2042,351137,35,1,3,3807.3,1559.8,3591.0,1345.7,22.4,4.4,632.7,94.5,347.3,13.0,2000.3,1025.6,192.1,0.0,196.1,0.0,69.9,69.6,146.7,143.0,1.0,0.0,5.0,0.0,22.4,0.0,0.0,4.4
2043,351138,35,1,3,5583.0,2296.7,5332.5,2053.1,33.5,6.9,909.5,43.7,497.2,155.6,2868.9,1469.2,279.3,0.0,285.2,0.0,103.8,103.2,287.8,281.4,95.0,0.0,6.0,0.0,33.5,0.0,0.0,6.9
2044,351139,35,1,2,10436.5,5138.3,10096.4,4812.3,55.7,11.0,1713.2,188.8,929.8,0.0,5615.6,2989.8,574.0,1011.3,585.5,0.0,199.5,198.7,434.8,423.6,18.0,0.0,26.0,0.0,55.7,0.0,0.0,11.0
2045,351140,35,1,3,3267.5,1815.5,3055.4,1602.7,19.9,5.2,606.8,156.5,289.8,1.8,1661.6,1186.0,112.6,0.0,115.0,0.0,91.2,90.8,171.5,167.6,2.0,0.0,5.0,0.0,19.9,0.0,0.0,5.2
2046,351141,35,1,3,3585.5,1345.8,3399.9,1162.9,21.3,3.7,590.3,2.4,314.0,0.0,1850.7,980.8,180.7,0.0,184.6,0.0,50.7,50.4,132.0,129.3,93.0,0.0,4.0,0.0,21.3,0.0,0.0,3.7
2047,351142,35,1,3,6413.6,9849.9,6128.1,9587.1,42.4,14.8,1121.5,464.1,561.1,0.0,3179.8,2848.2,198.3,1652.7,202.5,3803.8,302.8,301.5,526.2,516.8,34.0,0.0,2.0,0.0,42.4,0.0,0.0,14.8
2048,351143,35,1,2,9691.0,3888.5,9374.8,3589.6,50.8,9.9,1743.5,16.9,880.4,0.0,5180.8,3014.1,459.1,0.0,468.2,0.0,160.3,160.0,409.4,398.5,38.0,0.0,35.0,0.0,50.8,0.0,0.0,9.9
2049,351144,35,1,3,358.5,2176.3,239.6,2053.1,0.8,1.3,27.3,110.3,12.6,0.0,79.7,189.3,5.5,0.0,5.8,1648.2,47.5,47.0,60.1,58.2,0.0,0.0,1.0,0.0,0.8,0.0,0.0,1.3
2050,351145,35,1,3,4775.0,1705.1,4537.8,1465.9,26.0,4.3,818.7,4.6,421.6,0.0,2524.4,1235.1,259.8,0.0,265.0,0.0,64.5,64.0,166.7,162.2,2.0,0.0,15.0,0.0,26.0,0.0,0.0,4.3
2051,351146,35,1,3,5160.5,1746.0,4944.0,1534.5,32.0,4.9,850.7,3.4,481.1,0.0,2797.9,1294.5,275.0,0.0,280.7,0.0,67.2,66.9,174.4,169.6,7.0,0.0,10.0,0.0,32.0,0.0,0.0,4.9
2052,351147,35,1,3,8623.3,4438.1,8340.1,4174.5,56.1,10.6,1368.4,114.8,763.0,0.0,4654.9,2468.7,486.2,1062.9,496.2,0.0,168.3,167.6,368.9,360.5,19.0,0.0,15.0,0.0,56.1,0.0,0.0,10.6
2053,351148,35,1,3,17489.1,10610.2,16850.4,10015.2,119.5,35.3,3179.7,421.3,1597.7,612.9,9026.6,6844.5,559.3,0.0,570.6,0.0,516.6,514.4,1307.9,1282.2,60.0,340.0,32.0,0.0,119.5,0.0,0.0,35.3
2054,351149,35,1,3,5083.5,2427.7,4880.4,2224.1,30.5,6.8,959.8,5.1,466.9,0.0,2684.1,1873.5,173.4,0.0,177.1,0.0,98.8,98.5,253.3,247.1,48.0,0.0,19.0,0.0,30.5,0.0,0.0,6.8
2055,351150,35,1,3,8000.8,3903.5,7705.0,3623.5,50.5,12.1,1398.3,53.5,702.1,89.2,4053.8,2737.9,291.5,0.0,297.6,0.0,220.3,218.7,536.4,524.1,194.0,0.0,11.0,0.0,50.5,0.0,0.0,12.1
2056,351151,35,1,3,7049.3,3400.0,6777.2,3162.0,41.0,9.4,1350.1,7.7,666.2,0.0,3745.3,2658.9,244.9,0.0,249.6,0.0,141.8,141.3,362.2,354.1,9.0,0.0,8.0,0.0,41.0,0.0,0.0,9.4
2057,351152,35,1,3,5132.7,6565.2,4856.3,6287.9,32.0,12.2,887.0,495.3,432.5,0.0,2483.6,2331.9,163.5,1416.1,167.0,1364.4,262.3,260.7,428.2,419.4,16.0,0.0,16.0,0.0,32.0,0.0,0.0,12.2
2058,351153,35,1,2,15128.5,8988.4,14568.3,8495.5,108.0,27.3,2777.8,160.6,1394.6,261.9,7806.8,5934.9,472.3,0.0,481.6,546.4,465.9,463.2,1152.2,1128.5,9.0,0.0,8.0,0.0,108.0,0.0,0.0,27.3
2059,351154,35,1,2,96.8,89.8,0.0,0.0,0.0,0.0,0.0,0.0,0.0,0.0,0.0,0.0,0.0,0.0,0.0,0.0,0.0,0.0,0.0,0.0,0.0,0.0,0.0,0.0,0.0,0.0,0.0,0.0
2060,351155,35,1,2,280.4,871.3,155.2,748.2,0.0,2.8,0.0,223.5,0.0,57.2,0.0,314.2,0.0,0.0,0.0,0.0,63.8,63.5,91.4,89.7,0.0,0.0,0.0,0.0,0.0,0.0,0.0,2.8
2061,351156,35,1,2,691.8,1812.1,477.9,1599.0,0.1,6.2,0.9,357.7,0.7,166.7,5.2,611.9,0.3,0.0,0.4,0.0,166.9,166.0,302.6,296.8,0.0,0.0,1.0,0.0,0.1,0.0,0.0,6.2
2062,351157,35,1,3,7974.6,4106.3,7694.6,3831.5,55.0,11.1,1312.3,93.0,705.9,0.0,4233.5,2242.8,428.2,1010.6,437.0,0.0,151.7,151.2,338.0,334.0,60.0,0.0,28.0,0.0,55.0,0.0,0.0,11.1
2063,351158,35,1,3,3820.6,5228.7,3330.2,4717.0,14.7,19.6,366.8,1192.9,183.8,378.4,1091.3,1693.9,97.3,0.0,99.5,0.0,519.5,519.0,941.9,932.7,16.0,0.0,14.0,0.0,14.7,0.0,0.0,19.6
2064,351159,35,1,3,8277.5,8449.2,7691.8,7836.2,35.6,30.1,897.7,814.0,458.8,1771.0,2670.9,2123.4,240.7,0.0,245.7,0.0,898.1,898.5,2246.8,2229.2,9.0,0.0,24.0,0.0,35.6,0.0,0.0,30.1
2065,351160,35,1,3,3030.7,1458.6,2876.9,1305.9,21.0,4.2,508.1,35.5,279.5,0.0,1570.4,928.6,130.2,113.8,132.9,27.5,61.6,61.5,140.1,139.0,45.0,0.0,9.0,0.0,21.0,0.0,0.0,4.2
2066,351161,35,1,3,9109.2,8512.2,8684.9,8100.1,60.2,18.2,1485.9,475.3,763.9,200.8,4356.0,3033.4,354.0,0.0,361.1,3121.1,419.3,419.8,854.6,849.6,67.0,0.0,23.0,0.0,60.2,0.0,0.0,18.2
2067,351162,35,1,3,5170.0,4010.9,4848.7,3692.2,34.3,13.5,848.2,409.7,449.6,216.7,2378.1,2203.8,140.6,0.0,143.7,0.0,273.6,274.4,590.8,587.6,12.0,0.0,12.0,0.0,34.3,0.0,0.0,13.5
2068,351163,35,1,3,1753.6,821.2,1634.0,701.3,12.5,2.5,305.3,1.2,158.4,0.0,864.8,586.4,53.9,0.0,55.3,0.0,31.4,31.4,82.8,82.4,80.0,0.0,2.0,0.0,12.5,0.0,0.0,2.5
2069,351164,35,1,3,11992.2,10848.7,11347.9,10206.4,74.5,35.5,1743.4,765.1,913.5,1424.8,4985.0,4320.6,332.3,755.6,339.3,12.5,820.5,822.5,2112.9,2105.3,69.0,0.0,32.0,0.0,74.5,0.0,0.0,35.5
2070,351165,35,1,3,8764.7,5000.8,8390.4,4653.4,69.8,17.1,1687.9,192.1,851.5,87.0,4467.0,3577.2,229.0,0.0,233.7,0.0,229.2,229.4,569.1,567.7,107.0,0.0,16.0,0.0,69.8,0.0,0.0,17.1
2071,351166,35,1,3,8008.3,5556.4,7635.5,5192.4,54.9,19.9,1299.0,194.0,683.9,777.5,3539.4,2576.6,199.7,0.0,203.8,0.0,430.6,431.9,1215.1,1212.4,46.0,0.0,18.0,0.0,54.9,0.0,0.0,19.9
2072,351167,35,1,4,5775.8,2752.5,5549.1,2544.2,39.8,9.6,1082.0,6.1,547.6,0.0,3034.0,2136.4,191.4,0.0,195.2,0.0,114.2,113.9,292.5,287.9,78.0,0.0,14.0,0.0,39.8,0.0,0.0,9.6
2073,351168,35,1,3,2726.2,1629.1,2560.6,1461.8,18.9,5.8,481.5,56.2,238.5,89.2,1362.2,1032.1,87.9,0.0,89.9,0.0,81.3,81.0,206.3,203.3,5.0,0.0,8.0,0.0,18.9,0.0,0.0,5.8
2074,351169,35,1,3,4693.0,2663.2,4378.6,2357.5,32.4,9.2,799.4,248.9,415.3,61.8,2350.9,1667.3,209.6,0.0,213.9,0.0,126.5,126.1,256.9,253.4,4.0,0.0,2.0,0.0,32.4,0.0,0.0,9.2
2075,351170,35,1,3,2682.7,6535.0,2092.8,5920.5,9.5,19.7,234.5,2146.5,118.2,0.0,706.0,2031.2,65.6,859.0,67.2,0.0,434.5,434.4,453.7,449.3,7.0,0.0,6.0,0.0,9.5,0.0,0.0,19.7
2076,351171,35,1,3,2531.3,5083.1,2068.0,4595.5,9.8,17.7,240.7,1415.6,120.8,346.5,727.6,2003.7,67.6,0.0,69.3,0.0,316.2,316.2,517.8,513.4,0.0,0.0,8.0,0.0,9.8,0.0,0.0,17.7
2077,351172,35,1,3,4770.1,2711.2,4495.6,2430.3,33.2,9.0,782.8,254.6,408.8,104.4,2368.3,1618.3,215.3,0.0,219.8,0.0,143.7,143.7,311.9,309.3,26.0,0.0,19.0,0.0,33.2,0.0,0.0,9.0
2078,351173,35,1,3,3852.2,4752.8,3652.7,4558.5,26.9,7.9,590.5,264.0,330.3,38.4,1923.5,1385.2,176.0,771.0,179.8,1665.2,157.9,158.1,278.8,276.5,8.0,0.0,8.0,0.0,26.9,0.0,0.0,7.9
2079,351174,35,1,3,7214.5,7963.5,6636.5,7386.3,43.3,27.9,1026.4,1032.9,559.9,619.5,2688.7,3629.1,107.5,0.0,109.8,0.0,691.8,692.6,1420.5,1412.1,20.0,0.0,12.0,0.0,43.3,0.0,0.0,27.9
2080,351175,35,1,3,3480.1,3239.6,3258.3,3020.0,23.9,11.4,549.1,220.3,296.9,467.0,1501.5,1578.1,70.4,0.0,72.1,0.0,194.9,195.2,562.4,559.3,3.0,0.0,8.0,0.0,23.9,0.0,0.0,11.4
2081,351176,35,1,3,1311.0,1381.2,1172.5,1244.4,9.2,4.7,215.0,305.6,117.3,10.0,583.1,728.4,25.7,0.0,26.4,0.0,78.2,78.3,123.0,122.2,0.0,0.0,4.0,0.0,9.2,0.0,0.0,4.7
2082,351177,35,1,3,11121.3,17514.5,10005.1,16348.7,25.3,66.8,645.7,2341.8,320.1,5110.9,1826.4,2017.9,117.0,0.0,119.5,0.0,1979.8,1974.4,4979.5,4903.8,4.0,0.0,13.0,0.0,25.3,0.0,0.0,66.8
2083,351178,35,1,3,306.2,852.0,132.6,665.4,0.0,2.5,0.0,134.9,0.0,76.9,1.0,324.7,0.0,0.0,0.0,0.0,45.5,45.1,85.1,83.7,0.0,0.0,1.0,0.0,0.0,0.0,0.0,2.5
2084,351179,35,1,3,2934.6,6409.6,2491.5,5927.3,0.0,22.7,0.0,776.8,0.0,1756.6,9.0,940.3,0.0,0.0,0.0,0.0,693.8,692.8,1779.7,1760.8,0.0,0.0,9.0,0.0,0.0,0.0,0.0,22.7
2085,351180,35,1,3,1654.5,732.7,1490.2,558.2,11.4,2.0,276.0,27.7,140.7,0.0,829.0,447.4,77.5,0.0,79.3,0.0,22.8,22.9,60.9,60.3,0.0,0.0,4.0,0.0,11.4,0.0,0.0,2.0
2086,351181,35,1,3,4771.6,1857.1,4550.7,1634.8,35.4,5.8,829.8,3.6,428.8,0.0,2510.5,1367.6,231.1,0.0,235.9,0.0,74.1,74.1,191.6,189.5,34.0,0.0,15.0,0.0,35.4,0.0,0.0,5.8
2087,351182,35,1,3,3819.6,1692.4,3655.8,1532.5,29.3,5.5,678.7,3.2,372.8,0.0,2019.0,1280.9,140.5,0.0,143.8,0.0,69.5,69.6,180.4,178.7,41.0,0.0,10.0,0.0,29.3,0.0,0.0,5.5
2088,351183,35,1,3,3690.0,2754.4,3507.4,2583.7,28.3,6.3,637.5,108.2,356.1,0.0,1880.3,1329.0,126.9,838.8,129.7,0.0,102.0,101.8,208.0,206.0,63.0,0.0,4.0,0.0,28.3,0.0,0.0,6.3
2089,351184,35,1,4,1315.1,931.0,1199.3,818.6,7.8,2.9,216.2,163.5,109.7,1.8,644.0,521.1,44.6,0.0,45.8,0.0,52.9,52.6,81.2,79.6,1.0,0.0,4.0,0.0,7.8,0.0,0.0,2.9
2090,351185,35,1,3,6896.8,3957.1,6627.5,3690.3,45.1,9.2,1155.5,107.7,603.5,0.0,3632.0,2016.3,363.4,1122.3,370.9,0.0,143.1,142.3,307.1,301.7,28.0,0.0,24.0,0.0,45.1,0.0,0.0,9.2
2091,351186,35,1,4,5545.8,3508.5,5277.3,3246.2,33.3,12.2,874.4,251.1,449.4,190.8,2585.3,1843.4,177.7,0.0,181.4,0.0,309.6,308.6,663.3,652.3,22.0,0.0,14.0,0.0,33.3,0.0,0.0,12.2
2092,351187,35,1,3,4072.0,2545.6,3839.1,2326.1,28.7,8.9,734.4,349.3,369.3,5.6,2077.7,1593.1,128.5,0.0,131.3,0.0,141.6,140.9,241.3,237.2,13.0,0.0,2.0,0.0,28.7,0.0,0.0,8.9
2093,351188,35,1,3,2964.0,4257.6,2702.4,3981.9,14.5,9.2,354.6,316.6,181.8,347.5,1067.1,846.3,98.8,0.0,100.9,1594.5,279.7,279.2,605.4,597.7,4.0,0.0,10.0,0.0,14.5,0.0,0.0,9.2
2094,351189,35,1,3,10013.2,10146.3,9377.0,9483.9,47.2,35.3,1159.9,748.9,579.6,2544.6,3454.8,2751.3,326.1,0.0,332.6,0.0,907.5,906.2,2560.5,2532.9,34.0,0.0,22.0,0.0,47.2,0.0,0.0,35.3
2095,351190,35,1,3,4675.1,2746.2,4404.3,2459.1,33.7,7.7,779.2,231.5,398.0,0.0,2314.2,1424.6,219.8,164.3,224.4,211.2,157.7,157.5,273.1,270.0,15.0,0.0,23.0,0.0,33.7,0.0,0.0,7.7
2096,351191,35,1,3,457.8,283.7,330.3,148.2,2.8,0.6,68.1,0.0,33.8,0.0,177.1,126.7,9.7,0.0,9.9,0.0,5.3,5.3,16.4,16.2,9.0,0.0,1.0,0.0,2.8,0.0,0.0,0.6
2097,351192,35,1,3,5562.0,3036.7,5273.2,2755.9,41.9,10.1,1045.7,98.3,509.8,50.3,2729.6,2031.2,157.2,0.0,160.7,0.0,174.2,174.0,405.9,402.1,78.0,0.0,12.0,0.0,41.9,0.0,0.0,10.1
2098,351193,35,1,3,2082.8,2142.5,1889.5,1943.5,14.6,7.2,344.2,422.0,185.8,14.6,946.4,1172.4,44.0,23.2,45.0,0.0,123.0,123.1,190.1,188.3,1.0,0.0,10.0,0.0,14.6,0.0,0.0,7.2
2099,351194,35,1,3,1229.5,1165.0,1097.0,1035.5,8.2,3.9,203.0,187.3,108.7,24.5,558.6,655.7,26.9,0.0,27.8,0.0,61.3,61.2,107.6,106.8,0.0,0.0,3.0,0.0,8.2,0.0,0.0,3.9
2100,351195,35,1,3,6403.7,2303.0,6224.0,2137.7,42.1,7.3,990.7,4.8,589.0,0.0,3538.1,1798.8,354.8,0.0,362.3,0.0,95.1,94.6,244.0,239.4,35.0,0.0,15.0,0.0,42.1,0.0,0.0,7.3
2101,351196,35,1,3,4108.9,2736.7,3867.7,2501.5,31.6,10.0,699.7,267.7,357.2,74.9,1986.5,1676.3,130.9,0.0,133.7,0.0,157.5,158.4,324.3,324.1,64.0,0.0,14.0,0.0,31.6,0.0,0.0,10.0
2102,351197,35,1,4,3619.1,2495.3,3404.8,2297.7,26.6,9.4,596.5,265.4,305.0,245.2,1693.1,1246.9,111.4,0.0,113.6,0.0,144.1,144.9,395.0,395.2,39.0,0.0,7.0,0.0,26.6,0.0,0.0,9.4
2103,351198,35,1,4,4669.0,5755.4,4319.1,5410.4,27.1,23.6,592.6,601.1,290.8,1021.1,1619.7,2158.2,88.9,0.0,90.8,0.0,421.5,423.8,1202.8,1206.2,6.0,0.0,6.0,0.0,27.1,0.0,0.0,23.6
2104,351199,35,1,4,5807.8,19194.1,4297.5,17599.9,0.0,75.4,0.0,3940.2,0.0,2831.0,28.0,6574.5,0.0,0.0,0.0,0.0,1269.4,1276.2,2972.1,2978.1,0.0,0.0,28.0,0.0,0.0,0.0,0.0,75.4
2105,351200,35,1,4,7021.4,10142.3,6271.1,9371.4,38.1,41.2,849.0,1881.2,417.7,975.6,2254.5,4037.5,113.5,0.0,115.7,0.0,782.2,787.2,1683.5,1689.8,29.0,0.0,26.0,0.0,38.1,0.0,0.0,41.2
2106,351201,35,1,4,2926.4,1397.0,2748.3,1238.7,24.4,5.2,564.6,2.3,275.3,0.0,1472.3,1021.9,78.2,0.0,80.0,0.0,59.3,59.7,154.6,154.7,59.0,0.0,5.0,0.0,24.4,0.0,0.0,5.2
2107,351202,35,1,4,3915.8,4448.6,3576.0,4103.8,22.8,18.9,529.8,538.5,260.3,680.3,1393.5,1666.0,74.9,0.0,76.5,0.8,322.9,324.7,891.1,893.4,16.0,0.0,11.0,0.0,22.8,0.0,0.0,18.9
2108,351203,35,1,4,12107.2,17947.1,10799.0,16545.1,46.1,71.0,1029.1,3180.7,557.1,2086.9,2760.6,5147.3,104.3,0.0,106.5,0.0,1934.8,1942.5,4189.6,4187.7,38.0,0.0,79.0,0.0,46.1,0.0,0.0,71.0
2109,351204,35,1,4,7194.9,8476.6,6655.4,7934.7,41.9,31.9,951.1,1110.5,516.1,523.4,2511.2,3449.0,99.5,127.6,101.6,288.6,804.2,807.6,1628.8,1627.9,25.0,0.0,18.0,0.0,41.9,0.0,0.0,31.9
2110,351205,35,1,4,4247.2,3480.5,3920.4,3158.8,31.0,13.5,692.9,841.5,366.5,25.1,2020.0,1763.3,140.8,0.0,143.6,0.0,207.9,209.1,319.8,319.9,11.0,0.0,18.0,0.0,31.0,0.0,0.0,13.5
2111,351206,35,1,4,2521.6,10226.6,1508.4,9193.9,0.0,29.3,0.0,3713.0,0.0,681.7,8.0,982.5,0.0,1415.7,0.0,906.1,765.8,768.7,726.6,726.1,0.0,0.0,8.0,0.0,0.0,0.0,0.0,29.3
2112,351207,35,1,4,2524.8,5071.6,2116.5,4651.6,5.4,20.5,121.0,898.0,65.0,458.4,321.2,1712.9,12.5,0.0,12.9,0.0,516.2,518.9,1063.7,1063.3,0.0,0.0,4.0,0.0,5.4,0.0,0.0,20.5
2113,351208,35,1,4,4267.7,7997.5,3636.5,7336.6,4.2,33.0,92.9,1138.2,49.7,1222.7,275.5,1806.9,18.3,0.0,18.8,0.0,948.8,953.0,2220.6,2215.9,1.0,0.0,11.0,0.0,4.2,0.0,0.0,33.0
2114,351209,35,1,3,1952.5,3539.5,1668.3,3226.9,1.1,14.5,26.1,413.2,13.4,795.7,79.1,486.6,5.0,0.0,5.2,0.0,411.2,412.7,1122.3,1118.7,0.0,0.0,6.0,0.0,1.1,0.0,0.0,14.5
2115,351210,35,1,3,2466.0,1092.2,2258.7,873.4,18.1,3.4,463.6,2.6,217.9,0.0,1231.5,721.0,87.6,0.0,89.6,0.0,41.6,41.6,109.0,108.3,7.0,0.0,11.0,0.0,18.1,0.0,0.0,3.4
2116,351211,35,1,3,2362.4,1222.3,2142.9,993.6,17.2,3.8,467.0,23.0,215.0,0.0,1153.6,801.5,62.8,0.0,64.1,0.0,48.0,48.0,121.4,120.9,0.0,0.0,11.0,0.0,17.2,0.0,0.0,3.8
2117,351212,35,1,4,5283.6,13067.2,4390.4,12146.0,25.7,47.6,603.7,4387.8,299.5,448.1,1654.4,5690.4,87.6,0.0,89.5,0.0,612.2,614.0,1009.5,1005.6,15.0,0.0,19.0,0.0,25.7,0.0,0.0,47.6
2118,351213,35,1,4,3365.7,9841.0,2178.9,8624.3,0.0,36.0,0.0,2687.9,0.0,1450.7,15.0,2337.1,0.0,0.0,0.0,0.0,732.6,735.4,1416.3,1413.2,0.0,0.0,15.0,0.0,0.0,0.0,0.0,36.0
2119,351214,35,1,4,4429.4,4206.4,4085.1,3883.1,33.4,15.7,743.5,625.7,371.2,169.6,2025.7,2369.8,108.3,0.0,110.7,0.0,241.3,242.3,476.4,475.6,3.0,0.0,5.0,0.0,33.4,0.0,0.0,15.7
2120,351215,35,1,4,8912.8,17097.3,7629.0,15736.8,15.4,66.9,343.0,3256.4,170.9,2346.3,995.4,4170.6,55.8,0.0,57.0,0.0,1871.7,1878.8,4089.2,4084.6,7.0,0.0,39.0,0.0,15.4,0.0,0.0,66.9
2121,351216,35,1,4,5505.9,6299.3,4916.8,5710.1,27.6,24.2,636.7,1025.5,313.9,534.1,1736.1,2224.7,128.8,0.0,131.3,0.0,621.9,624.1,1303.0,1301.8,28.0,0.0,17.0,0.0,27.6,0.0,0.0,24.2
2122,351217,35,1,4,3392.0,5637.0,2912.4,5148.8,12.3,22.2,292.4,1028.5,144.5,942.2,784.8,1607.2,54.8,0.0,55.9,0.0,434.8,436.5,1136.1,1134.3,4.0,0.0,5.0,0.0,12.3,0.0,0.0,22.2
2123,351218,35,1,3,2173.6,4450.2,1818.5,4080.5,10.1,13.4,235.3,1031.7,116.1,73.6,637.1,1299.7,45.0,938.2,46.0,0.0,321.3,322.8,415.7,414.5,0.0,0.0,2.0,0.0,10.1,0.0,0.0,13.4
2124,351219,35,1,3,4202.4,3417.2,3932.6,3147.8,32.2,5.9,725.8,76.5,369.1,0.0,2103.3,1099.5,191.8,0.0,195.8,1696.8,88.8,89.1,186.9,186.0,62.0,0.0,9.0,0.0,32.2,0.0,0.0,5.9
2125,351220,35,1,3,1303.4,543.7,1137.9,368.4,9.3,1.5,217.1,0.4,114.2,0.0,631.4,307.0,53.7,0.0,55.0,0.0,16.3,16.2,45.1,44.7,3.0,0.0,2.0,0.0,9.3,0.0,0.0,1.5
2126,351221,35,1,3,5798.7,2038.7,5512.6,1759.0,44.0,6.8,1023.4,12.8,518.8,0.0,3007.7,1441.6,283.8,0.0,289.1,0.0,86.1,86.5,219.6,218.1,68.0,0.0,16.0,0.0,44.0,0.0,0.0,6.8
2127,351222,35,1,4,9594.1,14609.2,8966.1,13962.3,36.3,58.4,827.3,749.3,410.1,4733.4,2252.1,3292.2,119.2,0.0,121.5,0.0,1074.5,1076.4,4137.3,4111.0,12.0,0.0,12.0,0.0,36.3,0.0,0.0,58.4
2128,351223,35,1,4,4603.3,14413.6,3620.1,13377.5,0.1,54.5,2.2,2696.1,1.9,2349.1,24.6,4772.3,0.2,0.0,0.3,0.0,1049.2,1051.3,2523.6,2508.8,0.0,0.0,18.0,0.0,0.1,0.0,0.0,54.5
2129,351224,35,1,4,10866.0,8944.9,10258.1,8380.4,84.0,30.6,1851.3,606.4,942.7,614.0,5136.1,4832.8,294.8,646.8,300.9,129.2,433.5,434.2,1123.8,1116.9,153.0,0.0,22.0,0.0,84.0,0.0,0.0,30.6
2130,351225,35,1,4,3951.8,1579.7,3716.4,1364.3,31.2,5.3,734.5,2.5,358.7,0.0,1995.2,1127.8,148.1,0.0,151.2,0.0,65.5,65.6,169.1,168.4,81.0,0.0,13.0,0.0,31.2,0.0,0.0,5.3
2131,351226,35,1,3,539.5,3748.9,368.5,3566.7,1.8,2.5,41.2,172.7,19.9,0.0,118.8,253.4,9.3,0.0,9.6,2973.9,74.0,74.4,92.6,92.3,0.0,0.0,3.0,0.0,1.8,0.0,0.0,2.5
2132,351227,35,1,3,3264.8,1955.2,3036.9,1722.8,24.1,7.0,567.0,218.4,280.0,0.0,1535.6,1125.6,107.7,0.0,110.1,0.0,140.6,141.3,238.9,237.6,47.0,0.0,10.0,0.0,24.1,0.0,0.0,7.0
2133,351228,35,1,3,67.3,65.8,0.0,0.0,0.0,0.0,0.0,0.0,0.0,0.0,0.0,0.0,0.0,0.0,0.0,0.0,0.0,0.0,0.0,0.0,0.0,0.0,0.0,0.0,0.0,0.0,0.0,0.0
2134,351229,35,1,4,9512.0,7817.1,8967.1,7308.3,73.5,28.5,1683.0,554.7,846.1,443.9,4532.7,4942.6,230.4,0.0,234.9,0.0,398.3,398.8,974.7,968.2,47.0,0.0,20.0,0.0,73.5,0.0,0.0,28.5
2135,351230,35,1,3,9484.3,4009.0,9094.3,3634.6,76.3,11.2,1633.0,82.5,829.5,0.0,4987.3,2252.4,516.3,780.5,526.5,0.0,158.6,158.9,362.0,360.1,54.0,0.0,27.0,0.0,76.3,0.0,0.0,11.2
2136,351231,35,1,3,5364.8,2332.9,5101.9,2073.8,43.2,8.1,1029.3,27.4,502.0,0.0,2751.7,1688.0,186.5,0.0,190.2,0.0,102.9,103.3,256.2,255.2,64.0,0.0,19.0,0.0,43.2,0.0,0.0,8.1
2137,351232,35,1,2,2955.1,1054.5,2758.3,858.5,21.9,3.3,494.3,1.5,255.1,0.0,1483.1,710.8,139.5,0.0,142.3,0.0,40.6,40.7,106.3,105.5,88.0,0.0,9.0,0.0,21.9,0.0,0.0,3.3
2138,351233,35,1,3,67.3,66.1,0.0,0.0,0.0,0.0,0.0,0.0,0.0,0.0,0.0,0.0,0.0,0.0,0.0,0.0,0.0,0.0,0.0,0.0,0.0,0.0,0.0,0.0,0.0,0.0,0.0,0.0
2139,351234,35,1,4,2473.3,7760.9,1926.0,7191.9,0.0,29.6,0.0,2105.6,0.0,906.9,8.0,2279.3,0.0,0.0,0.0,0.0,620.0,620.5,1290.0,1279.5,0.0,0.0,8.0,0.0,0.0,0.0,0.0,29.6
2140,351235,35,1,4,74.5,68.7,0.0,0.0,0.0,0.0,0.0,0.0,0.0,0.0,0.0,0.0,0.0,0.0,0.0,0.0,0.0,0.0,0.0,0.0,0.0,0.0,0.0,0.0,0.0,0.0,0.0,0.0
2141,351236,35,1,4,1351.8,4498.5,958.8,4102.7,0.0,16.4,0.0,1039.0,0.0,398.5,2.0,1714.5,0.0,0.0,0.0,0.0,338.3,338.7,616.5,612.0,0.0,0.0,2.0,0.0,0.0,0.0,0.0,16.4
2142,351237,35,1,4,1754.0,7596.0,1188.5,7008.2,0.1,29.0,2.4,2669.6,1.9,411.3,17.6,2778.0,0.3,0.0,0.3,0.0,433.9,434.0,721.2,715.2,0.0,0.0,11.0,0.0,0.1,0.0,0.0,29.0
2143,351238,35,1,4,2134.1,5247.9,1773.0,4860.4,0.0,21.0,0.0,636.3,0.0,1027.3,17.0,1466.4,0.0,0.0,0.0,0.0,472.5,473.2,1266.5,1257.2,0.0,0.0,17.0,0.0,0.0,0.0,0.0,21.0
2144,351239,35,1,4,3715.5,2455.0,3476.1,2238.4,30.1,8.7,700.7,192.7,364.1,13.4,1811.1,1684.4,85.7,0.0,87.8,0.0,110.1,110.2,239.5,237.7,71.0,0.0,6.0,0.0,30.1,0.0,0.0,8.7
2145,351240,35,1,3,2465.1,1229.5,2316.3,1078.6,20.4,4.2,470.0,2.0,238.7,0.0,1241.3,894.0,62.1,0.0,63.5,0.0,51.1,51.0,132.7,131.5,45.0,0.0,12.0,0.0,20.4,0.0,0.0,4.2
2146,351241,35,1,3,8100.0,4950.5,7772.4,4640.0,64.7,15.1,1522.5,197.8,773.0,8.1,4162.2,3080.3,233.8,670.5,238.8,0.0,211.7,211.6,476.4,471.7,127.0,0.0,27.0,0.0,64.7,0.0,0.0,15.1
2147,351242,35,1,2,4187.4,2076.8,3991.8,1882.4,33.4,7.0,822.3,4.6,418.8,0.0,2159.7,1555.3,107.6,0.0,110.0,0.0,91.1,90.9,233.5,231.6,29.0,0.0,20.0,0.0,33.4,0.0,0.0,7.0
2148,351243,35,1,2,2660.7,1282.5,2467.1,1112.5,20.5,4.0,523.4,2.0,249.9,0.0,1346.1,924.8,77.2,0.0,78.9,0.0,52.4,52.2,135.2,133.5,1.0,0.0,3.0,0.0,20.5,0.0,0.0,4.0
2149,351244,35,1,3,95.8,95.5,2.0,0.0,0.0,0.0,0.0,0.0,0.0,0.0,1.0,0.0,0.0,0.0,0.0,0.0,0.0,0.0,0.0,0.0,0.0,0.0,1.0,0.0,0.0,0.0,0.0,0.0
2150,351245,35,1,4,4028.0,3640.0,3701.2,3331.8,30.3,13.5,687.0,433.7,346.7,180.7,1808.4,2081.2,92.0,0.0,93.7,0.0,201.8,201.7,438.5,434.5,24.0,0.0,9.0,0.0,30.3,0.0,0.0,13.5
2151,351246,35,1,4,3652.9,1897.6,3476.0,1735.1,30.5,6.8,696.5,10.1,359.0,26.9,1867.0,1386.1,94.6,0.0,96.5,0.0,86.2,86.1,228.2,225.9,33.0,0.0,15.0,0.0,30.5,0.0,0.0,6.8
2152,351247,35,1,2,4270.7,2657.9,4038.7,2432.8,32.3,9.3,802.6,168.6,416.3,47.9,2109.7,1767.2,101.3,0.0,103.3,0.0,138.4,138.4,314.1,310.7,39.0,0.0,14.0,0.0,32.3,0.0,0.0,9.3
2153,351248,35,1,4,937.9,2385.6,738.3,2180.8,0.0,9.6,0.0,492.3,0.0,358.6,4.0,605.5,0.0,0.0,0.0,0.0,240.1,239.7,490.2,484.7,0.0,0.0,4.0,0.0,0.0,0.0,0.0,9.6
2154,351249,35,1,4,4189.5,6799.5,3653.6,6275.0,24.7,25.7,566.1,1693.5,287.8,202.7,1483.2,3224.6,75.2,0.0,76.6,0.0,441.5,441.4,720.2,712.7,1.0,0.0,2.0,0.0,24.7,0.0,0.0,25.7
2155,351250,35,1,3,7450.0,3334.4,7137.2,3037.5,61.6,11.9,1458.9,7.8,702.4,0.0,3889.1,2519.0,251.6,0.0,256.3,0.0,144.7,144.6,370.1,366.1,41.0,0.0,23.0,0.0,61.6,0.0,0.0,11.9
2156,351251,35,1,2,5524.7,2446.9,5263.4,2200.9,39.8,8.1,986.2,57.3,510.1,8.7,2858.3,1759.8,233.0,0.0,237.3,0.0,111.3,111.2,267.3,263.8,44.0,0.0,16.0,0.0,39.8,0.0,0.0,8.1
2157,351252,35,1,3,121.8,254.7,14.1,145.6,0.0,0.6,0.0,52.2,0.0,3.4,1.0,78.1,0.0,0.0,0.0,0.0,7.5,7.4,4.6,4.6,0.0,0.0,1.0,0.0,0.0,0.0,0.0,0.6
2158,351253,35,1,3,6845.4,9187.3,6071.5,8415.0,50.6,36.4,1064.8,1306.7,516.1,392.9,2873.9,5483.9,172.6,0.0,175.9,0.0,421.3,420.2,820.8,811.2,11.0,0.0,15.0,0.0,50.6,0.0,0.0,36.4
2159,351254,35,1,3,149.5,191.4,4.5,48.2,0.0,0.2,0.0,14.3,0.0,3.3,0.0,26.0,0.0,0.0,0.0,0.0,1.9,1.9,2.7,2.6,0.0,0.0,0.0,0.0,0.0,0.0,0.0,0.2
2160,351255,35,1,2,141.7,145.1,0.0,0.0,0.0,0.0,0.0,0.0,0.0,0.0,0.0,0.0,0.0,0.0,0.0,0.0,0.0,0.0,0.0,0.0,0.0,0.0,0.0,0.0,0.0,0.0,0.0,0.0
2161,351256,35,1,2,143.0,236.2,18.1,108.1,0.0,0.5,0.0,31.1,0.0,9.1,1.0,51.9,0.0,0.0,0.0,0.0,6.1,6.2,10.0,9.8,0.0,0.0,1.0,0.0,0.0,0.0,0.0,0.5
2162,351257,35,1,3,2178.6,1005.4,2018.6,845.0,15.1,2.9,395.6,2.9,196.0,0.0,1105.0,709.2,81.9,0.0,83.8,0.0,37.1,36.9,97.2,96.0,16.0,0.0,6.0,0.0,15.1,0.0,0.0,2.9
2163,351258,35,1,3,1045.5,516.5,909.2,377.4,7.2,1.4,179.6,2.4,87.5,0.0,505.3,317.5,37.9,0.0,38.8,0.0,15.3,15.2,42.7,42.3,0.0,0.0,2.0,0.0,7.2,0.0,0.0,1.4
2164,351259,35,1,3,1041.8,1487.0,895.1,1336.5,6.7,2.4,160.6,110.4,78.5,4.7,444.5,405.8,31.7,458.4,32.5,215.0,54.9,54.7,88.4,87.5,3.0,0.0,1.0,0.0,6.7,0.0,0.0,2.4
2165,351260,35,1,2,1633.8,2609.7,1435.1,2403.4,10.1,5.5,235.9,308.9,117.7,15.7,657.8,822.7,47.1,935.4,48.2,0.0,135.1,134.4,188.3,186.2,0.0,0.0,5.0,0.0,10.1,0.0,0.0,5.5
2166,351261,35,1,2,2036.3,2170.8,1904.6,2035.4,13.7,5.2,282.2,158.6,163.2,174.2,932.6,683.1,81.4,677.8,83.4,0.0,99.9,99.8,244.8,241.9,7.0,0.0,10.0,0.0,13.7,0.0,0.0,5.2
2167,351262,35,1,2,7113.6,5599.0,6649.6,5148.7,50.3,19.4,1146.0,606.4,568.5,207.9,3268.2,3179.2,229.9,0.0,234.6,0.0,380.2,379.7,783.1,775.5,28.0,0.0,11.0,0.0,50.3,0.0,0.0,19.4
2168,351263,35,1,2,464.3,876.4,304.8,713.3,1.5,2.8,35.5,197.2,16.9,63.7,103.0,318.8,7.2,0.0,7.5,0.0,51.2,51.1,83.4,82.5,0.0,0.0,0.0,0.0,1.5,0.0,0.0,2.8
2169,351264,35,1,3,2638.3,1090.6,2504.5,962.2,20.6,3.6,449.8,1.6,238.9,0.0,1387.7,805.0,111.7,0.0,114.2,0.0,43.5,43.5,113.7,112.1,37.0,0.0,8.0,0.0,20.6,0.0,0.0,3.6
2170,351265,35,1,3,876.4,3010.4,464.7,2589.9,0.0,10.9,0.0,873.5,0.0,262.7,2.0,996.8,0.0,0.0,0.0,0.0,186.1,185.5,274.6,271.4,0.0,0.0,2.0,0.0,0.0,0.0,0.0,10.9
2171,351266,35,1,3,1754.9,809.6,1606.5,659.3,12.4,2.3,314.4,1.0,151.4,0.0,892.7,554.5,67.8,0.0,69.3,0.0,28.7,28.5,76.1,75.3,0.0,0.0,6.0,0.0,12.4,0.0,0.0,2.3
2172,351267,35,1,2,2517.8,943.2,2333.6,762.7,18.5,2.7,433.7,1.2,237.5,0.0,1307.5,640.3,113.0,0.0,115.5,0.0,33.8,33.6,88.7,87.6,2.0,0.0,2.0,0.0,18.5,0.0,0.0,2.7
2173,351268,35,1,2,2539.4,950.9,2358.3,769.9,19.0,2.8,435.1,1.2,236.3,0.0,1318.6,646.2,116.8,0.0,119.5,0.0,34.2,33.9,89.8,88.6,2.0,0.0,6.0,0.0,19.0,0.0,0.0,2.8
2174,351269,35,1,2,1287.0,530.9,1196.1,442.7,10.0,1.6,208.8,1.7,121.5,0.0,678.1,372.2,57.1,0.0,58.6,0.0,18.7,18.5,51.3,50.3,0.0,0.0,2.0,0.0,10.0,0.0,0.0,1.6
2175,351270,35,1,2,1216.2,612.5,1097.0,494.4,9.3,1.9,214.8,3.1,106.6,0.0,608.3,416.5,41.6,0.0,42.6,0.0,20.7,20.4,55.4,54.4,5.0,0.0,2.0,0.0,9.3,0.0,0.0,1.9
2176,351271,35,1,3,135.8,117.1,40.3,19.2,0.4,0.1,7.9,0.0,4.3,0.0,23.2,17.2,1.4,0.0,1.4,0.0,0.3,0.3,1.7,1.7,0.0,0.0,0.0,0.0,0.4,0.0,0.0,0.1
2177,351272,35,1,3,3153.6,1509.1,2977.3,1339.8,25.8,5.2,581.5,15.7,292.5,5.2,1644.2,1096.2,113.2,0.0,115.8,0.0,64.4,63.8,161.6,158.9,0.0,0.0,4.0,0.0,25.8,0.0,0.0,5.2
2178,351273,35,1,3,5461.2,7968.2,4666.2,7176.3,33.6,26.1,735.6,1422.6,370.4,412.4,2082.2,3395.7,143.3,0.0,146.4,784.7,441.2,439.8,731.0,720.9,8.0,0.0,8.0,0.0,33.6,0.0,0.0,26.1
2179,351274,35,1,4,1439.3,4057.8,1068.2,3676.0,0.1,15.9,0.9,848.4,0.9,367.4,8.0,1414.9,0.2,0.0,0.2,0.0,363.0,362.2,690.9,683.0,0.0,0.0,4.0,0.0,0.1,0.0,0.0,15.9
2180,351275,35,1,2,2860.3,1013.1,2677.9,827.2,20.1,3.0,462.1,6.3,250.1,0.0,1421.0,690.7,130.4,0.0,133.2,0.0,36.5,36.2,95.7,94.1,138.0,0.0,11.0,0.0,20.1,0.0,0.0,3.0
2181,351276,35,1,2,3562.3,1920.3,3365.3,1730.5,26.5,6.3,634.4,81.2,312.0,20.7,1820.5,1354.3,128.4,0.0,131.1,0.0,84.2,83.7,193.7,190.7,49.0,0.0,12.0,0.0,26.5,0.0,0.0,6.3
2182,351277,35,1,3,11919.7,8368.5,11457.1,7963.3,95.1,21.7,2196.9,293.3,1104.2,0.0,6210.8,4402.9,431.8,1008.3,440.8,1212.5,343.2,341.8,716.3,704.4,8.0,0.0,5.0,0.0,95.1,0.0,0.0,21.7
2183,351278,35,1,3,11246.1,6375.5,10826.3,6002.4,90.4,18.7,2098.0,120.9,1051.1,0.0,5948.8,4003.3,415.0,736.7,423.6,287.7,260.3,259.6,603.6,594.2,16.0,0.0,10.0,0.0,90.4,0.0,0.0,18.7
2184,351279,35,1,3,921.7,1363.7,695.5,1135.3,5.3,4.6,114.6,285.9,56.6,46.2,326.1,655.3,22.1,0.0,22.7,0.0,67.3,66.8,82.1,81.0,2.0,0.0,2.0,0.0,5.3,0.0,0.0,4.6
2185,351280,35,1,2,785.6,2297.2,208.7,1728.4,0.0,6.8,0.0,886.4,0.0,57.7,1.0,579.1,0.0,0.0,0.0,0.0,135.7,135.3,71.0,69.9,0.0,0.0,1.0,0.0,0.0,0.0,0.0,6.8
2186,351281,35,1,2,4688.0,5644.7,4174.5,5150.6,28.7,19.2,688.3,947.3,345.3,305.8,1945.3,2998.2,134.8,0.0,137.6,0.0,320.2,318.7,592.0,580.5,9.0,0.0,2.0,0.0,28.7,0.0,0.0,19.2
2187,351282,35,1,1,338.7,237.1,187.9,88.9,1.7,1.6,43.7,0.0,21.3,0.0,100.7,73.8,3.3,0.0,3.7,0.0,3.4,3.4,11.7,11.7,0.0,0.0,0.0,0.0,1.7,0.0,0.0,1.6
2188,351283,35,1,2,3654.9,1530.9,3420.9,1301.0,31.7,20.8,740.3,0.0,363.3,0.0,1830.4,1025.5,91.0,0.0,92.2,0.0,76.2,77.3,196.3,198.2,18.0,0.0,13.0,0.0,31.7,0.0,0.0,20.8
2189,351284,35,1,3,1725.4,819.5,1543.9,644.5,14.6,7.6,332.6,9.7,164.9,0.0,819.4,500.9,39.0,0.0,39.7,0.0,38.2,39.0,93.2,95.0,10.0,0.0,7.0,0.0,14.6,0.0,0.0,7.6
2190,351285,35,1,2,528.7,645.7,392.4,516.9,0.4,6.5,10.2,68.9,5.0,71.9,24.8,21.7,0.6,0.0,0.8,0.0,111.3,113.1,238.7,241.4,0.0,0.0,1.0,0.0,0.4,0.0,0.0,6.5
2191,351286,35,1,1,112.0,104.0,0.0,0.0,0.0,0.0,0.0,0.0,0.0,0.0,0.0,0.0,0.0,0.0,0.0,0.0,0.0,0.0,0.0,0.0,0.0,0.0,0.0,0.0,0.0,0.0,0.0,0.0
2192,351287,35,1,1,918.8,758.4,776.7,617.0,1.9,1.9,85.0,63.9,41.5,32.5,189.1,174.3,5.6,0.0,5.8,0.0,115.5,116.6,252.2,229.8,76.0,0.0,6.0,0.0,1.9,0.0,0.0,1.9
2193,351288,35,1,2,208.4,143.5,83.3,42.4,0.7,0.3,18.9,0.0,9.0,0.0,46.2,37.2,1.3,0.0,1.6,0.0,0.9,0.9,4.4,4.2,0.0,0.0,1.0,0.0,0.7,0.0,0.0,0.3
2194,351289,35,1,1,691.2,754.5,558.1,604.8,0.7,1.6,32.1,64.9,16.2,81.7,88.9,101.6,2.7,0.0,3.0,0.0,112.9,112.5,290.4,244.1,0.0,0.0,12.0,0.0,0.7,0.0,0.0,1.6
2195,351290,35,1,1,776.6,574.2,645.8,440.9,1.9,1.0,115.1,33.5,55.6,21.4,273.0,229.7,10.1,0.0,10.4,0.0,51.0,50.9,123.6,105.4,1.0,0.0,6.0,0.0,1.9,0.0,0.0,1.0
2196,351291,35,1,1,1963.2,1843.7,1766.8,1624.2,5.3,3.9,236.7,184.1,120.0,68.1,531.7,595.6,14.2,12.9,14.9,0.0,265.5,259.2,558.9,504.3,0.0,0.0,25.0,0.0,5.3,0.0,0.0,3.9
2197,351292,35,1,1,3786.4,4923.0,3372.7,4444.5,0.9,12.5,38.1,651.5,19.6,576.9,140.8,366.7,2.3,0.0,2.7,0.0,986.6,949.5,2124.6,1899.8,0.0,0.0,58.0,0.0,0.9,0.0,0.0,12.5
2198,351293,35,1,2,119.1,96.2,8.0,0.0,0.0,0.0,0.0,0.0,0.0,0.0,4.0,0.0,0.0,0.0,0.0,0.0,0.0,0.0,0.0,0.0,0.0,0.0,4.0,0.0,0.0,0.0,0.0,0.0
2199,351294,35,1,2,299.9,393.2,160.7,251.7,1.4,1.5,33.0,27.1,16.3,0.0,88.3,212.7,4.8,0.0,5.2,0.0,5.0,5.0,7.1,6.9,0.0,0.0,1.0,0.0,1.4,0.0,0.0,1.5
2200,351295,35,1,4,331.2,708.4,171.1,547.4,0.0,5.6,0.0,190.3,0.0,0.0,1.0,184.7,0.0,0.0,0.0,0.0,77.5,79.0,91.6,93.4,0.0,0.0,1.0,0.0,0.0,0.0,0.0,5.6
2201,351296,35,1,1,148.0,102.2,0.0,0.0,0.0,0.0,0.0,0.0,0.0,0.0,0.0,0.0,0.0,0.0,0.0,0.0,0.0,0.0,0.0,0.0,0.0,0.0,0.0,0.0,0.0,0.0,0.0,0.0
2202,351297,35,1,2,147.9,117.8,2.3,9.1,0.0,0.1,0.0,3.3,0.0,0.0,0.0,3.6,0.0,0.0,0.0,0.0,0.9,0.9,1.5,1.3,0.0,0.0,0.0,0.0,0.0,0.0,0.0,0.1
2203,351298,35,1,1,149.3,120.6,2.0,0.0,0.0,0.0,0.0,0.0,0.0,0.0,1.0,0.0,0.0,0.0,0.0,0.0,0.0,0.0,0.0,0.0,0.0,0.0,1.0,0.0,0.0,0.0,0.0,0.0
2204,351299,35,1,1,148.6,113.1,0.0,0.0,0.0,0.0,0.0,0.0,0.0,0.0,0.0,0.0,0.0,0.0,0.0,0.0,0.0,0.0,0.0,0.0,0.0,0.0,0.0,0.0,0.0,0.0,0.0,0.0
2205,351300,35,1,3,145.1,126.3,2.0,1.1,0.0,0.0,0.0,1.1,0.0,0.0,1.0,0.0,0.0,0.0,0.0,0.0,0.0,0.0,0.0,0.0,0.0,0.0,1.0,0.0,0.0,0.0,0.0,0.0
2206,351301,35,1,1,181.9,158.5,70.7,66.1,2.6,1.1,7.8,5.2,4.1,3.9,27.4,31.5,1.8,0.0,2.2,0.0,7.4,7.3,18.0,18.1,0.0,0.0,2.0,0.0,2.6,0.0,0.0,1.1
2207,351302,35,1,1,318.0,199.1,205.2,100.1,2.4,1.7,45.1,0.0,22.8,0.0,111.9,84.3,4.1,0.0,4.5,0.0,3.6,3.6,12.3,12.2,0.0,0.0,1.0,0.0,2.4,0.0,0.0,1.7
2208,351303,35,1,3,109.5,96.1,0.0,0.0,0.0,0.0,0.0,0.0,0.0,0.0,0.0,0.0,0.0,0.0,0.0,0.0,0.0,0.0,0.0,0.0,0.0,0.0,0.0,0.0,0.0,0.0,0.0,0.0
2209,351304,35,1,1,108.8,101.8,0.0,0.0,0.0,0.0,0.0,0.0,0.0,0.0,0.0,0.0,0.0,0.0,0.0,0.0,0.0,0.0,0.0,0.0,0.0,0.0,0.0,0.0,0.0,0.0,0.0,0.0
2210,351305,35,1,1,114.4,91.8,0.0,0.0,0.0,0.0,0.0,0.0,0.0,0.0,0.0,0.0,0.0,0.0,0.0,0.0,0.0,0.0,0.0,0.0,0.0,0.0,0.0,0.0,0.0,0.0,0.0,0.0
2211,351306,35,1,3,135.2,113.2,0.0,0.0,0.0,0.0,0.0,0.0,0.0,0.0,0.0,0.0,0.0,0.0,0.0,0.0,0.0,0.0,0.0,0.0,0.0,0.0,0.0,0.0,0.0,0.0,0.0,0.0
2212,351307,35,1,2,129.3,112.6,4.3,1.5,0.0,0.0,0.8,0.0,0.6,0.0,2.6,1.4,0.0,0.0,0.1,0.0,0.0,0.0,0.1,0.1,0.0,0.0,0.0,0.0,0.0,0.0,0.0,0.0
2213,351308,35,1,1,115.5,92.0,0.0,0.0,0.0,0.0,0.0,0.0,0.0,0.0,0.0,0.0,0.0,0.0,0.0,0.0,0.0,0.0,0.0,0.0,0.0,0.0,0.0,0.0,0.0,0.0,0.0,0.0
2214,351309,35,1,1,115.2,114.3,0.0,0.0,0.0,0.0,0.0,0.0,0.0,0.0,0.0,0.0,0.0,0.0,0.0,0.0,0.0,0.0,0.0,0.0,0.0,0.0,0.0,0.0,0.0,0.0,0.0,0.0
2215,351310,35,1,1,102.1,89.6,0.0,0.0,0.0,0.0,0.0,0.0,0.0,0.0,0.0,0.0,0.0,0.0,0.0,0.0,0.0,0.0,0.0,0.0,0.0,0.0,0.0,0.0,0.0,0.0,0.0,0.0
2216,351311,35,1,2,164.6,143.1,2.0,0.0,0.0,0.0,0.0,0.0,0.0,0.0,1.0,0.0,0.0,0.0,0.0,0.0,0.0,0.0,0.0,0.0,0.0,0.0,1.0,0.0,0.0,0.0,0.0,0.0
2217,490001,49,1,1,77.5,74.6,0.0,9.2,0.0,0.0,0.0,9.2,0.0,0.0,0.0,0.0,0.0,0.0,0.0,0.0,0.0,0.0,0.0,0.0,0.0,0.0,0.0,0.0,0.0,0.0,0.0,0.0
2218,490002,49,1,1,77.5,59.4,0.0,0.0,0.0,0.0,0.0,0.0,0.0,0.0,0.0,0.0,0.0,0.0,0.0,0.0,0.0,0.0,0.0,0.0,0.0,0.0,0.0,0.0,0.0,0.0,0.0,0.0
2219,490003,49,1,1,77.2,66.4,0.0,0.0,0.0,0.0,0.0,0.0,0.0,0.0,0.0,0.0,0.0,0.0,0.0,0.0,0.0,0.0,0.0,0.0,0.0,0.0,0.0,0.0,0.0,0.0,0.0,0.0
2220,490004,49,1,1,159.5,106.4,80.3,35.6,0.1,0.0,15.0,0.0,7.1,0.0,48.3,32.7,3.4,0.0,3.6,0.0,0.5,0.5,2.5,2.5,0.0,0.0,0.0,0.0,0.1,0.0,0.0,0.0
2221,490005,49,1,1,84.3,57.9,6.8,0.2,0.0,0.0,0.0,0.2,1.1,0.0,5.2,0.0,0.1,0.0,0.3,0.0,0.0,0.0,0.0,0.0,0.0,0.0,0.0,0.0,0.0,0.0,0.0,0.0
2222,490006,49,1,1,163.6,243.0,83.4,166.4,0.3,0.3,9.4,117.4,5.5,2.7,39.9,27.9,4.2,0.0,4.5,0.0,6.6,6.5,13.2,12.0,0.0,0.0,0.0,0.0,0.3,0.0,0.0,0.3
2223,490007,49,1,1,223.3,423.2,140.1,343.4,0.7,0.7,16.0,242.8,9.6,1.3,64.8,66.6,6.9,0.0,7.3,0.0,14.5,14.0,20.9,18.8,0.0,0.0,0.0,0.0,0.7,0.0,0.0,0.7
2224,490008,49,1,1,70.7,64.9,0.0,0.0,0.0,0.0,0.0,0.0,0.0,0.0,0.0,0.0,0.0,0.0,0.0,0.0,0.0,0.0,0.0,0.0,0.0,0.0,0.0,0.0,0.0,0.0,0.0,0.0
2225,490009,49,1,1,77.2,74.1,0.0,0.0,0.0,0.0,0.0,0.0,0.0,0.0,0.0,0.0,0.0,0.0,0.0,0.0,0.0,0.0,0.0,0.0,0.0,0.0,0.0,0.0,0.0,0.0,0.0,0.0
2226,490010,49,1,1,79.4,78.3,0.0,0.0,0.0,0.0,0.0,0.0,0.0,0.0,0.0,0.0,0.0,0.0,0.0,0.0,0.0,0.0,0.0,0.0,0.0,0.0,0.0,0.0,0.0,0.0,0.0,0.0
2227,490011,49,1,1,79.7,74.4,0.0,0.0,0.0,0.0,0.0,0.0,0.0,0.0,0.0,0.0,0.0,0.0,0.0,0.0,0.0,0.0,0.0,0.0,0.0,0.0,0.0,0.0,0.0,0.0,0.0,0.0
2228,490012,49,1,1,116.3,86.1,38.6,12.1,0.2,0.0,5.0,0.1,3.0,0.0,24.2,11.0,2.5,0.0,2.9,0.0,0.1,0.1,0.8,0.8,0.0,0.0,0.0,0.0,0.2,0.0,0.0,0.0
2229,490013,49,1,1,482.5,280.2,397.7,198.4,1.9,0.4,61.8,47.1,36.5,1.3,221.9,119.6,22.1,0.0,22.3,0.0,10.9,10.5,22.2,20.0,0.0,0.0,0.0,0.0,1.9,0.0,0.0,0.4
2230,490014,49,1,1,118.3,88.5,40.5,11.5,0.3,0.0,5.4,0.0,3.2,0.0,25.3,10.6,2.7,0.0,3.0,0.0,0.1,0.1,0.8,0.8,0.0,0.0,0.0,0.0,0.3,0.0,0.0,0.0
2231,490015,49,1,1,77.1,78.3,0.0,0.0,0.0,0.0,0.0,0.0,0.0,0.0,0.0,0.0,0.0,0.0,0.0,0.0,0.0,0.0,0.0,0.0,0.0,0.0,0.0,0.0,0.0,0.0,0.0,0.0
2232,490016,49,1,1,86.2,86.2,8.5,8.5,0.0,0.0,0.0,0.0,0.0,0.0,7.8,7.8,0.0,0.0,0.0,0.0,0.2,0.2,0.5,0.5,0.0,0.0,0.0,0.0,0.0,0.0,0.0,0.0
2233,490017,49,1,1,77.3,77.6,3.5,4.4,0.0,0.0,0.8,0.0,0.2,0.0,2.0,4.2,0.1,0.0,0.2,0.0,0.0,0.0,0.1,0.1,0.0,0.0,0.0,0.0,0.0,0.0,0.0,0.0
2234,490018,49,1,1,70.6,69.2,0.0,0.0,0.0,0.0,0.0,0.0,0.0,0.0,0.0,0.0,0.0,0.0,0.0,0.0,0.0,0.0,0.0,0.0,0.0,0.0,0.0,0.0,0.0,0.0,0.0,0.0
2235,490019,49,1,1,78.5,405.9,0.4,329.2,0.0,0.7,0.0,328.8,0.0,0.0,0.0,0.0,0.0,0.0,0.0,0.0,0.4,0.4,0.0,0.0,0.0,0.0,0.0,0.0,0.0,0.0,0.0,0.7
2236,490020,49,1,1,79.4,78.5,0.0,0.0,0.0,0.0,0.0,0.0,0.0,0.0,0.0,0.0,0.0,0.0,0.0,0.0,0.0,0.0,0.0,0.0,0.0,0.0,0.0,0.0,0.0,0.0,0.0,0.0
2237,490021,49,1,1,108.1,92.8,28.5,14.4,0.1,0.0,4.7,0.0,2.1,0.0,17.7,13.4,1.5,0.0,1.6,0.0,0.1,0.1,0.7,0.8,0.0,0.0,0.0,0.0,0.1,0.0,0.0,0.0
2238,490022,49,1,1,191.0,162.2,111.6,83.9,0.6,0.2,15.8,39.3,9.3,1.3,62.6,33.1,6.4,0.0,6.7,0.0,3.2,3.1,7.6,7.1,0.0,0.0,0.0,0.0,0.6,0.0,0.0,0.2
2239,490023,49,1,1,94.7,84.8,17.2,7.8,0.1,0.0,2.9,0.0,1.3,0.0,10.5,7.3,0.9,0.0,1.2,0.0,0.1,0.1,0.4,0.4,0.0,0.0,0.0,0.0,0.1,0.0,0.0,0.0
2240,490024,49,1,1,77.2,76.8,0.0,0.0,0.0,0.0,0.0,0.0,0.0,0.0,0.0,0.0,0.0,0.0,0.0,0.0,0.0,0.0,0.0,0.0,0.0,0.0,0.0,0.0,0.0,0.0,0.0,0.0
2241,490025,49,1,1,80.9,80.3,3.7,5.9,0.0,0.0,0.7,1.6,0.2,0.0,2.2,4.2,0.1,0.0,0.2,0.0,0.0,0.0,0.2,0.2,0.0,0.0,0.0,0.0,0.0,0.0,0.0,0.0
2242,490026,49,1,1,88.4,89.1,11.0,12.8,0.0,0.0,1.3,6.3,0.7,0.0,6.6,5.8,0.8,0.0,1.0,0.0,0.1,0.2,0.5,0.5,0.0,0.0,0.0,0.0,0.0,0.0,0.0,0.0
2243,490027,49,1,1,79.4,141.4,8.0,71.5,0.0,0.2,0.8,52.5,0.3,0.0,2.4,14.8,0.2,0.0,0.2,0.0,1.8,1.8,2.4,2.4,0.0,0.0,0.0,0.0,0.0,0.0,0.0,0.2
2244,490028,49,1,1,81.4,78.9,4.0,0.0,0.0,0.0,0.0,0.0,0.0,0.0,2.0,0.0,0.0,0.0,0.0,0.0,0.0,0.0,0.0,0.0,0.0,0.0,2.0,0.0,0.0,0.0,0.0,0.0
2245,490029,49,1,1,79.3,76.0,0.0,0.0,0.0,0.0,0.0,0.0,0.0,0.0,0.0,0.0,0.0,0.0,0.0,0.0,0.0,0.0,0.0,0.0,0.0,0.0,0.0,0.0,0.0,0.0,0.0,0.0
2246,490030,49,1,1,77.1,76.9,0.0,0.0,0.0,0.0,0.0,0.0,0.0,0.0,0.0,0.0,0.0,0.0,0.0,0.0,0.0,0.0,0.0,0.0,0.0,0.0,0.0,0.0,0.0,0.0,0.0,0.0
2247,490031,49,1,1,77.1,76.6,0.0,0.0,0.0,0.0,0.0,0.0,0.0,0.0,0.0,0.0,0.0,0.0,0.0,0.0,0.0,0.0,0.0,0.0,0.0,0.0,0.0,0.0,0.0,0.0,0.0,0.0
2248,490032,49,1,1,77.2,76.7,0.0,0.0,0.0,0.0,0.0,0.0,0.0,0.0,0.0,0.0,0.0,0.0,0.0,0.0,0.0,0.0,0.0,0.0,0.0,0.0,0.0,0.0,0.0,0.0,0.0,0.0
2249,490033,49,1,1,84.3,76.9,7.0,0.7,0.0,0.0,0.0,0.7,1.1,0.0,5.4,0.0,0.2,0.0,0.3,0.0,0.0,0.0,0.0,0.0,0.0,0.0,0.0,0.0,0.0,0.0,0.0,0.0
2250,490034,49,1,1,85.2,124.7,7.8,55.7,0.0,0.2,0.0,39.6,0.0,1.4,0.0,7.3,0.0,0.0,0.0,0.0,2.6,2.5,5.2,4.9,0.0,0.0,0.0,0.0,0.0,0.0,0.0,0.2
2251,490035,49,1,1,247.7,135.3,168.1,56.9,1.0,0.1,26.9,0.4,15.3,0.0,99.3,50.5,9.9,0.0,10.4,0.0,1.2,1.2,5.0,4.7,0.0,0.0,0.0,0.0,1.0,0.0,0.0,0.1
2252,490036,49,1,2,94.4,93.4,8.1,3.9,0.0,0.0,0.9,0.0,0.3,0.0,4.5,3.7,0.1,0.0,0.2,0.0,0.0,0.0,0.2,0.2,0.0,0.0,2.0,0.0,0.0,0.0,0.0,0.0
2253,490037,49,1,1,99.4,89.5,15.0,0.0,0.0,0.0,0.0,0.0,1.1,0.0,9.4,0.0,0.2,0.0,0.3,0.0,0.0,0.0,0.0,0.0,0.0,0.0,4.0,0.0,0.0,0.0,0.0,0.0
2254,490038,49,1,1,77.2,78.1,0.0,0.0,0.0,0.0,0.0,0.0,0.0,0.0,0.0,0.0,0.0,0.0,0.0,0.0,0.0,0.0,0.0,0.0,0.0,0.0,0.0,0.0,0.0,0.0,0.0,0.0
2255,490039,49,1,1,77.1,78.0,0.0,0.0,0.0,0.0,0.0,0.0,0.0,0.0,0.0,0.0,0.0,0.0,0.0,0.0,0.0,0.0,0.0,0.0,0.0,0.0,0.0,0.0,0.0,0.0,0.0,0.0
2256,490040,49,1,1,77.2,76.6,0.0,0.0,0.0,0.0,0.0,0.0,0.0,0.0,0.0,0.0,0.0,0.0,0.0,0.0,0.0,0.0,0.0,0.0,0.0,0.0,0.0,0.0,0.0,0.0,0.0,0.0
2257,490041,49,1,1,429.4,213.9,351.1,135.8,0.7,0.2,58.8,0.1,32.1,0.0,204.6,121.2,19.8,0.0,20.4,0.0,3.6,3.5,11.8,10.9,0.0,0.0,0.0,0.0,0.7,0.0,0.0,0.2
2258,490042,49,1,1,96.4,267.9,23.1,194.9,0.0,0.5,0.8,144.7,0.3,1.7,2.5,30.9,0.2,0.0,0.2,0.0,7.9,7.5,11.1,10.1,0.0,0.0,0.0,0.0,0.0,0.0,0.0,0.5
2259,490043,49,1,1,171.8,569.5,86.8,482.7,0.0,1.1,0.0,244.7,0.0,5.4,0.0,154.3,0.0,0.0,0.0,0.0,39.1,36.5,47.7,41.8,0.0,0.0,0.0,0.0,0.0,0.0,0.0,1.1
2260,490044,49,1,1,75.0,76.6,0.0,0.0,0.0,0.0,0.0,0.0,0.0,0.0,0.0,0.0,0.0,0.0,0.0,0.0,0.0,0.0,0.0,0.0,0.0,0.0,0.0,0.0,0.0,0.0,0.0,0.0
2261,490045,49,1,1,79.3,82.1,0.0,1.7,0.0,0.0,0.0,1.7,0.0,0.0,0.0,0.0,0.0,0.0,0.0,0.0,0.0,0.0,0.0,0.0,0.0,0.0,0.0,0.0,0.0,0.0,0.0,0.0
2262,490046,49,1,1,79.4,79.1,0.0,0.0,0.0,0.0,0.0,0.0,0.0,0.0,0.0,0.0,0.0,0.0,0.0,0.0,0.0,0.0,0.0,0.0,0.0,0.0,0.0,0.0,0.0,0.0,0.0,0.0
2263,490047,49,1,1,77.2,78.4,0.0,0.0,0.0,0.0,0.0,0.0,0.0,0.0,0.0,0.0,0.0,0.0,0.0,0.0,0.0,0.0,0.0,0.0,0.0,0.0,0.0,0.0,0.0,0.0,0.0,0.0
2264,490048,49,1,1,138.0,102.6,66.5,29.7,0.1,0.1,10.8,0.0,5.7,0.0,40.4,27.2,3.5,0.0,3.7,0.0,0.5,0.5,2.1,2.1,0.0,0.0,0.0,0.0,0.1,0.0,0.0,0.1
2265,490049,49,1,1,70.7,72.1,0.0,0.0,0.0,0.0,0.0,0.0,0.0,0.0,0.0,0.0,0.0,0.0,0.0,0.0,0.0,0.0,0.0,0.0,0.0,0.0,0.0,0.0,0.0,0.0,0.0,0.0
2266,490050,49,1,2,71.8,85.9,1.1,13.2,0.0,0.0,0.0,8.6,0.0,0.0,0.0,3.5,0.0,0.0,0.0,0.0,0.5,0.5,0.7,0.7,0.0,0.0,0.0,0.0,0.0,0.0,0.0,0.0
2267,490051,49,1,1,75.0,77.0,0.0,0.0,0.0,0.0,0.0,0.0,0.0,0.0,0.0,0.0,0.0,0.0,0.0,0.0,0.0,0.0,0.0,0.0,0.0,0.0,0.0,0.0,0.0,0.0,0.0,0.0
2268,490052,49,1,1,79.4,81.3,0.0,0.0,0.0,0.0,0.0,0.0,0.0,0.0,0.0,0.0,0.0,0.0,0.0,0.0,0.0,0.0,0.0,0.0,0.0,0.0,0.0,0.0,0.0,0.0,0.0,0.0
2269,490053,49,1,1,206.7,299.5,133.8,214.4,0.1,0.3,12.4,62.2,6.0,0.0,52.2,110.0,2.9,0.0,3.1,0.0,20.1,18.9,26.1,23.3,0.0,0.0,11.0,0.0,0.1,0.0,0.0,0.3
2270,490054,49,1,1,83.4,78.9,8.0,0.0,0.0,0.0,0.0,0.0,0.0,0.0,4.0,0.0,0.0,0.0,0.0,0.0,0.0,0.0,0.0,0.0,0.0,0.0,4.0,0.0,0.0,0.0,0.0,0.0
2271,490055,49,1,1,2020.2,723.6,1909.0,614.3,5.6,1.4,301.5,1.5,177.9,0.0,1098.6,527.1,117.5,0.0,119.4,0.0,25.3,23.9,68.8,61.9,0.0,0.0,0.0,0.0,5.6,0.0,0.0,1.4
2272,490056,49,1,2,88.2,88.6,0.0,0.0,0.0,0.0,0.0,0.0,0.0,0.0,0.0,0.0,0.0,0.0,0.0,0.0,0.0,0.0,0.0,0.0,0.0,0.0,0.0,0.0,0.0,0.0,0.0,0.0
2273,490057,49,1,2,88.3,90.0,0.0,0.0,0.0,0.0,0.0,0.0,0.0,0.0,0.0,0.0,0.0,0.0,0.0,0.0,0.0,0.0,0.0,0.0,0.0,0.0,0.0,0.0,0.0,0.0,0.0,0.0
2274,490058,49,1,1,679.4,2310.7,243.7,1895.4,0.0,4.8,0.0,1678.4,0.0,0.0,1.0,1.4,0.0,0.0,0.0,0.0,241.6,215.4,0.2,0.2,0.0,0.0,1.0,0.0,0.0,0.0,0.0,4.8
2275,490059,49,1,1,88.3,90.1,0.0,0.0,0.0,0.0,0.0,0.0,0.0,0.0,0.0,0.0,0.0,0.0,0.0,0.0,0.0,0.0,0.0,0.0,0.0,0.0,0.0,0.0,0.0,0.0,0.0,0.0
2276,490060,49,1,1,88.3,90.2,0.0,0.0,0.0,0.0,0.0,0.0,0.0,0.0,0.0,0.0,0.0,0.0,0.0,0.0,0.0,0.0,0.0,0.0,0.0,0.0,0.0,0.0,0.0,0.0,0.0,0.0
2277,490061,49,1,1,88.3,90.3,0.0,0.0,0.0,0.0,0.0,0.0,0.0,0.0,0.0,0.0,0.0,0.0,0.0,0.0,0.0,0.0,0.0,0.0,0.0,0.0,0.0,0.0,0.0,0.0,0.0,0.0
2278,490062,49,1,2,88.4,89.7,0.0,0.0,0.0,0.0,0.0,0.0,0.0,0.0,0.0,0.0,0.0,0.0,0.0,0.0,0.0,0.0,0.0,0.0,0.0,0.0,0.0,0.0,0.0,0.0,0.0,0.0
2279,490063,49,1,1,88.2,87.1,0.0,0.0,0.0,0.0,0.0,0.0,0.0,0.0,0.0,0.0,0.0,0.0,0.0,0.0,0.0,0.0,0.0,0.0,0.0,0.0,0.0,0.0,0.0,0.0,0.0,0.0
2280,490064,49,1,1,70.6,70.3,0.0,0.0,0.0,0.0,0.0,0.0,0.0,0.0,0.0,0.0,0.0,0.0,0.0,0.0,0.0,0.0,0.0,0.0,0.0,0.0,0.0,0.0,0.0,0.0,0.0,0.0
2281,490065,49,1,1,98.1,165.0,9.0,75.6,0.0,0.2,0.0,51.3,0.0,0.0,0.0,15.6,0.0,0.0,0.0,0.0,4.3,4.2,4.7,4.4,0.0,0.0,0.0,0.0,0.0,0.0,0.0,0.2
2282,490066,49,1,1,82.7,83.8,0.0,0.0,0.0,0.0,0.0,0.0,0.0,0.0,0.0,0.0,0.0,0.0,0.0,0.0,0.0,0.0,0.0,0.0,0.0,0.0,0.0,0.0,0.0,0.0,0.0,0.0
2283,490067,49,1,2,88.3,90.0,0.0,0.0,0.0,0.0,0.0,0.0,0.0,0.0,0.0,0.0,0.0,0.0,0.0,0.0,0.0,0.0,0.0,0.0,0.0,0.0,0.0,0.0,0.0,0.0,0.0,0.0
2284,490068,49,1,2,88.3,90.0,0.0,0.0,0.0,0.0,0.0,0.0,0.0,0.0,0.0,0.0,0.0,0.0,0.0,0.0,0.0,0.0,0.0,0.0,0.0,0.0,0.0,0.0,0.0,0.0,0.0,0.0
2285,490069,49,1,2,88.3,89.3,0.0,0.0,0.0,0.0,0.0,0.0,0.0,0.0,0.0,0.0,0.0,0.0,0.0,0.0,0.0,0.0,0.0,0.0,0.0,0.0,0.0,0.0,0.0,0.0,0.0,0.0
2286,490070,49,1,1,88.3,87.7,0.0,0.0,0.0,0.0,0.0,0.0,0.0,0.0,0.0,0.0,0.0,0.0,0.0,0.0,0.0,0.0,0.0,0.0,0.0,0.0,0.0,0.0,0.0,0.0,0.0,0.0
2287,490071,49,1,2,88.2,86.9,0.0,0.0,0.0,0.0,0.0,0.0,0.0,0.0,0.0,0.0,0.0,0.0,0.0,0.0,0.0,0.0,0.0,0.0,0.0,0.0,0.0,0.0,0.0,0.0,0.0,0.0
2288,490072,49,1,1,97.3,92.7,9.0,3.8,0.0,0.0,1.2,0.0,0.5,0.0,5.5,3.6,0.7,0.0,0.9,0.0,0.0,0.0,0.2,0.2,0.0,0.0,0.0,0.0,0.0,0.0,0.0,0.0
2289,490073,49,1,1,88.2,87.8,0.0,0.0,0.0,0.0,0.0,0.0,0.0,0.0,0.0,0.0,0.0,0.0,0.0,0.0,0.0,0.0,0.0,0.0,0.0,0.0,0.0,0.0,0.0,0.0,0.0,0.0
2290,490074,49,1,1,88.1,87.4,0.0,0.0,0.0,0.0,0.0,0.0,0.0,0.0,0.0,0.0,0.0,0.0,0.0,0.0,0.0,0.0,0.0,0.0,0.0,0.0,0.0,0.0,0.0,0.0,0.0,0.0
2291,490075,49,1,1,88.1,87.2,0.0,0.0,0.0,0.0,0.0,0.0,0.0,0.0,0.0,0.0,0.0,0.0,0.0,0.0,0.0,0.0,0.0,0.0,0.0,0.0,0.0,0.0,0.0,0.0,0.0,0.0
2292,490076,49,1,1,88.1,86.9,0.0,0.0,0.0,0.0,0.0,0.0,0.0,0.0,0.0,0.0,0.0,0.0,0.0,0.0,0.0,0.0,0.0,0.0,0.0,0.0,0.0,0.0,0.0,0.0,0.0,0.0
2293,490077,49,1,2,88.2,86.9,0.0,0.0,0.0,0.0,0.0,0.0,0.0,0.0,0.0,0.0,0.0,0.0,0.0,0.0,0.0,0.0,0.0,0.0,0.0,0.0,0.0,0.0,0.0,0.0,0.0,0.0
2294,490078,49,1,1,74.1,75.3,0.0,0.0,0.0,0.0,0.0,0.0,0.0,0.0,0.0,0.0,0.0,0.0,0.0,0.0,0.0,0.0,0.0,0.0,0.0,0.0,0.0,0.0,0.0,0.0,0.0,0.0
2295,490079,49,1,1,70.7,72.7,0.0,0.0,0.0,0.0,0.0,0.0,0.0,0.0,0.0,0.0,0.0,0.0,0.0,0.0,0.0,0.0,0.0,0.0,0.0,0.0,0.0,0.0,0.0,0.0,0.0,0.0
2296,490080,49,1,2,70.7,72.8,0.0,0.0,0.0,0.0,0.0,0.0,0.0,0.0,0.0,0.0,0.0,0.0,0.0,0.0,0.0,0.0,0.0,0.0,0.0,0.0,0.0,0.0,0.0,0.0,0.0,0.0
2297,490081,49,1,2,70.6,72.7,0.0,0.0,0.0,0.0,0.0,0.0,0.0,0.0,0.0,0.0,0.0,0.0,0.0,0.0,0.0,0.0,0.0,0.0,0.0,0.0,0.0,0.0,0.0,0.0,0.0,0.0
2298,490082,49,1,2,79.3,81.1,0.0,0.0,0.0,0.0,0.0,0.0,0.0,0.0,0.0,0.0,0.0,0.0,0.0,0.0,0.0,0.0,0.0,0.0,0.0,0.0,0.0,0.0,0.0,0.0,0.0,0.0
2299,490083,49,1,1,79.4,80.7,0.0,0.0,0.0,0.0,0.0,0.0,0.0,0.0,0.0,0.0,0.0,0.0,0.0,0.0,0.0,0.0,0.0,0.0,0.0,0.0,0.0,0.0,0.0,0.0,0.0,0.0
2300,490084,49,1,1,79.3,79.5,0.0,0.0,0.0,0.0,0.0,0.0,0.0,0.0,0.0,0.0,0.0,0.0,0.0,0.0,0.0,0.0,0.0,0.0,0.0,0.0,0.0,0.0,0.0,0.0,0.0,0.0
2301,490085,49,1,1,70.6,71.5,0.0,0.0,0.0,0.0,0.0,0.0,0.0,0.0,0.0,0.0,0.0,0.0,0.0,0.0,0.0,0.0,0.0,0.0,0.0,0.0,0.0,0.0,0.0,0.0,0.0,0.0
2302,490086,49,1,2,138.7,1672.3,63.4,1595.6,0.0,0.5,0.0,73.7,0.0,0.0,0.0,114.7,0.0,1349.9,0.0,0.0,29.1,26.9,34.3,30.4,0.0,0.0,0.0,0.0,0.0,0.0,0.0,0.5
2303,490087,49,1,2,131.4,114.7,59.7,41.6,0.1,0.1,9.0,5.9,4.8,0.0,34.0,30.4,3.2,0.0,3.2,0.0,1.7,1.7,3.7,3.6,0.0,0.0,0.0,0.0,0.1,0.0,0.0,0.1
2304,490088,49,1,2,2270.8,1007.6,2159.0,895.0,5.1,1.7,354.3,4.5,208.4,5.4,1236.7,779.5,118.8,0.0,121.5,0.0,32.7,30.2,86.7,75.4,0.0,0.0,0.0,0.0,5.1,0.0,0.0,1.7
2305,490089,49,1,3,9362.9,4489.1,9064.0,4201.0,22.5,7.8,1588.4,59.7,830.3,0.0,5178.7,3661.0,454.4,0.0,463.4,0.0,152.9,141.0,391.9,339.3,3.0,0.0,1.0,0.0,22.5,0.0,0.0,7.8
2306,490090,49,1,3,3956.5,2107.8,3783.6,1939.9,9.4,3.2,717.3,13.4,354.1,0.0,2140.8,1702.4,156.8,0.0,159.9,0.0,70.6,65.4,182.0,158.7,1.0,0.0,1.0,0.0,9.4,0.0,0.0,3.2
2307,490091,49,1,2,901.5,500.7,811.0,409.9,2.0,0.7,154.2,0.8,76.5,0.0,462.2,364.1,33.5,0.0,34.4,0.0,13.2,12.3,37.0,32.6,0.0,0.0,0.0,0.0,2.0,0.0,0.0,0.7
2308,490092,49,1,2,79.4,78.2,0.0,0.0,0.0,0.0,0.0,0.0,0.0,0.0,0.0,0.0,0.0,0.0,0.0,0.0,0.0,0.0,0.0,0.0,0.0,0.0,0.0,0.0,0.0,0.0,0.0,0.0
2309,490093,49,1,2,85.0,84.9,0.0,0.0,0.0,0.0,0.0,0.0,0.0,0.0,0.0,0.0,0.0,0.0,0.0,0.0,0.0,0.0,0.0,0.0,0.0,0.0,0.0,0.0,0.0,0.0,0.0,0.0
2310,490094,49,1,2,1299.9,654.1,1201.3,554.6,2.7,1.1,186.0,16.4,106.6,19.6,651.3,406.4,64.1,0.0,65.6,0.0,37.7,34.6,90.0,77.7,0.0,0.0,0.0,0.0,2.7,0.0,0.0,1.1
2311,490095,49,1,3,2548.8,1378.4,2429.2,1257.4,5.7,2.5,379.1,51.4,215.2,113.7,1328.8,883.9,132.1,0.0,134.9,0.0,63.3,57.7,174.9,150.6,1.0,0.0,0.0,0.0,5.7,0.0,0.0,2.5
2312,490096,49,1,2,6578.9,3220.7,6335.5,2984.8,15.3,4.9,1154.2,6.4,593.2,0.0,3596.0,2627.5,294.1,0.0,300.0,0.0,110.9,103.2,284.1,247.7,2.0,0.0,1.0,0.0,15.3,0.0,0.0,4.9
2313,490097,49,1,2,2395.9,1021.7,2273.1,899.4,5.3,1.5,367.5,12.9,209.9,0.0,1307.2,785.4,135.4,0.0,138.3,0.0,31.4,29.0,83.4,72.1,0.0,0.0,0.0,0.0,5.3,0.0,0.0,1.5
2314,490098,49,1,3,5387.1,3471.4,5113.3,3200.6,11.1,7.0,716.6,499.2,411.1,264.7,2541.9,1630.3,260.9,0.0,266.3,0.0,279.6,255.3,634.9,551.1,1.0,0.0,1.0,0.0,11.1,0.0,0.0,7.0
2315,490099,49,1,3,3864.3,2251.8,3696.8,2085.2,8.8,4.1,578.2,248.0,324.6,3.6,2030.7,1524.9,203.9,0.0,208.3,0.0,125.4,115.1,223.6,193.5,1.0,0.0,1.0,0.0,8.8,0.0,0.0,4.1
2316,490100,49,1,3,6136.4,2611.3,5934.4,2415.4,14.0,4.1,967.8,4.7,541.3,0.0,3406.7,2131.9,346.4,0.0,353.2,0.0,88.7,81.5,227.4,197.3,2.0,0.0,1.0,0.0,14.0,0.0,0.0,4.1
2317,490101,49,1,3,3972.5,3262.3,3822.5,3115.7,9.9,3.3,631.6,47.6,343.8,0.0,2171.9,1487.7,209.5,1358.8,213.9,0.0,77.4,71.0,173.6,150.5,1.0,0.0,0.0,0.0,9.9,0.0,0.0,3.3
2318,490102,49,1,2,7378.6,3252.3,7147.9,3030.7,18.0,5.2,1191.7,5.8,644.9,0.0,4101.1,2669.3,399.6,0.0,407.8,0.0,112.1,104.1,286.7,251.5,3.0,0.0,1.0,0.0,18.0,0.0,0.0,5.2
2319,490103,49,1,2,3430.3,1481.3,3292.1,1346.5,7.8,2.2,539.4,9.4,302.4,0.0,1890.6,1182.3,189.6,0.0,193.5,0.0,48.3,44.7,126.2,110.1,1.0,0.0,1.0,0.0,7.8,0.0,0.0,2.2
2320,490104,49,1,2,71.9,68.0,0.0,0.0,0.0,0.0,0.0,0.0,0.0,0.0,0.0,0.0,0.0,0.0,0.0,0.0,0.0,0.0,0.0,0.0,0.0,0.0,0.0,0.0,0.0,0.0,0.0,0.0
2321,490105,49,1,1,256.9,231.3,164.2,138.2,0.3,0.4,28.0,60.2,14.1,1.3,89.9,59.9,7.1,0.0,7.5,0.0,6.6,6.4,11.1,10.4,0.0,0.0,0.0,0.0,0.3,0.0,0.0,0.4
2322,490106,49,1,1,100.8,97.7,12.5,7.7,0.0,0.0,2.5,0.0,0.9,0.0,7.6,7.3,0.5,0.0,0.5,0.0,0.1,0.1,0.4,0.4,0.0,0.0,0.0,0.0,0.0,0.0,0.0,0.0
2323,490107,49,1,1,88.2,90.8,0.0,0.0,0.0,0.0,0.0,0.0,0.0,0.0,0.0,0.0,0.0,0.0,0.0,0.0,0.0,0.0,0.0,0.0,0.0,0.0,0.0,0.0,0.0,0.0,0.0,0.0
2324,490108,49,1,1,88.2,90.0,0.0,0.0,0.0,0.0,0.0,0.0,0.0,0.0,0.0,0.0,0.0,0.0,0.0,0.0,0.0,0.0,0.0,0.0,0.0,0.0,0.0,0.0,0.0,0.0,0.0,0.0
2325,490109,49,1,1,88.1,89.1,0.0,0.0,0.0,0.0,0.0,0.0,0.0,0.0,0.0,0.0,0.0,0.0,0.0,0.0,0.0,0.0,0.0,0.0,0.0,0.0,0.0,0.0,0.0,0.0,0.0,0.0
2326,490110,49,1,2,177.8,127.3,88.8,40.3,0.2,0.1,15.1,0.4,7.8,0.0,53.1,36.4,4.5,0.0,4.7,0.0,0.7,0.7,2.9,2.7,0.0,0.0,0.0,0.0,0.2,0.0,0.0,0.1
2327,490111,49,1,1,135.4,109.7,46.9,20.6,0.1,0.0,8.4,0.0,4.0,0.0,28.2,18.7,2.1,0.0,2.2,0.0,0.3,0.3,1.6,1.6,0.0,0.0,0.0,0.0,0.1,0.0,0.0,0.0
2328,490112,49,1,1,99.0,93.4,10.7,3.7,0.0,0.0,1.3,0.0,0.7,0.0,6.6,3.6,0.9,0.0,1.1,0.0,0.0,0.0,0.1,0.1,0.0,0.0,0.0,0.0,0.0,0.0,0.0,0.0
2329,490113,49,1,1,88.2,90.8,0.0,0.0,0.0,0.0,0.0,0.0,0.0,0.0,0.0,0.0,0.0,0.0,0.0,0.0,0.0,0.0,0.0,0.0,0.0,0.0,0.0,0.0,0.0,0.0,0.0,0.0
2330,490114,49,1,1,88.2,89.9,0.0,0.0,0.0,0.0,0.0,0.0,0.0,0.0,0.0,0.0,0.0,0.0,0.0,0.0,0.0,0.0,0.0,0.0,0.0,0.0,0.0,0.0,0.0,0.0,0.0,0.0
2331,490115,49,1,1,88.1,87.4,0.0,0.0,0.0,0.0,0.0,0.0,0.0,0.0,0.0,0.0,0.0,0.0,0.0,0.0,0.0,0.0,0.0,0.0,0.0,0.0,0.0,0.0,0.0,0.0,0.0,0.0
2332,490116,49,1,1,88.1,89.2,0.0,0.0,0.0,0.0,0.0,0.0,0.0,0.0,0.0,0.0,0.0,0.0,0.0,0.0,0.0,0.0,0.0,0.0,0.0,0.0,0.0,0.0,0.0,0.0,0.0,0.0
2333,490117,49,1,1,88.1,90.0,0.0,0.0,0.0,0.0,0.0,0.0,0.0,0.0,0.0,0.0,0.0,0.0,0.0,0.0,0.0,0.0,0.0,0.0,0.0,0.0,0.0,0.0,0.0,0.0,0.0,0.0
2334,490118,49,1,1,88.0,86.5,0.0,0.0,0.0,0.0,0.0,0.0,0.0,0.0,0.0,0.0,0.0,0.0,0.0,0.0,0.0,0.0,0.0,0.0,0.0,0.0,0.0,0.0,0.0,0.0,0.0,0.0
2335,490119,49,1,1,88.1,87.2,0.0,0.0,0.0,0.0,0.0,0.0,0.0,0.0,0.0,0.0,0.0,0.0,0.0,0.0,0.0,0.0,0.0,0.0,0.0,0.0,0.0,0.0,0.0,0.0,0.0,0.0
2336,490120,49,1,1,88.5,88.5,0.0,0.0,0.0,0.0,0.0,0.0,0.0,0.0,0.0,0.0,0.0,0.0,0.0,0.0,0.0,0.0,0.0,0.0,0.0,0.0,0.0,0.0,0.0,0.0,0.0,0.0
2337,490121,49,1,1,88.0,91.1,0.0,0.0,0.0,0.0,0.0,0.0,0.0,0.0,0.0,0.0,0.0,0.0,0.0,0.0,0.0,0.0,0.0,0.0,0.0,0.0,0.0,0.0,0.0,0.0,0.0,0.0
2338,490122,49,1,1,88.0,89.7,0.0,0.0,0.0,0.0,0.0,0.0,0.0,0.0,0.0,0.0,0.0,0.0,0.0,0.0,0.0,0.0,0.0,0.0,0.0,0.0,0.0,0.0,0.0,0.0,0.0,0.0
2339,490123,49,1,1,88.0,93.0,0.0,0.0,0.0,0.0,0.0,0.0,0.0,0.0,0.0,0.0,0.0,0.0,0.0,0.0,0.0,0.0,0.0,0.0,0.0,0.0,0.0,0.0,0.0,0.0,0.0,0.0
2340,490124,49,1,1,97.2,91.4,18.0,0.0,0.0,0.0,0.0,0.0,0.0,0.0,9.0,0.0,0.0,0.0,0.0,0.0,0.0,0.0,0.0,0.0,0.0,0.0,9.0,0.0,0.0,0.0,0.0,0.0
2341,490125,49,1,1,88.5,88.5,0.0,0.0,0.0,0.0,0.0,0.0,0.0,0.0,0.0,0.0,0.0,0.0,0.0,0.0,0.0,0.0,0.0,0.0,0.0,0.0,0.0,0.0,0.0,0.0,0.0,0.0
2342,490126,49,1,1,88.1,93.4,0.0,0.0,0.0,0.0,0.0,0.0,0.0,0.0,0.0,0.0,0.0,0.0,0.0,0.0,0.0,0.0,0.0,0.0,0.0,0.0,0.0,0.0,0.0,0.0,0.0,0.0
2343,490127,49,1,1,88.5,88.5,0.0,0.0,0.0,0.0,0.0,0.0,0.0,0.0,0.0,0.0,0.0,0.0,0.0,0.0,0.0,0.0,0.0,0.0,0.0,0.0,0.0,0.0,0.0,0.0,0.0,0.0
2344,490128,49,1,2,1653.1,838.9,1534.8,720.3,3.8,1.2,280.5,10.3,143.2,0.0,874.1,628.2,71.8,0.0,73.2,0.0,24.9,23.1,67.1,58.7,0.0,0.0,0.0,0.0,3.8,0.0,0.0,1.2
2345,490129,49,1,2,2496.6,1249.3,2357.0,1110.4,5.9,1.8,429.6,16.1,218.4,0.0,1340.7,966.4,110.7,0.0,112.9,0.0,39.6,36.9,104.2,90.9,1.0,0.0,0.0,0.0,5.9,0.0,0.0,1.8
2346,490130,49,1,2,1701.9,6676.7,1578.7,6552.5,3.7,2.3,230.0,180.5,129.7,0.0,815.3,764.9,84.2,0.0,86.0,5396.6,94.1,87.7,139.3,122.8,0.0,0.0,0.0,0.0,3.7,0.0,0.0,2.3
2347,490131,49,1,2,62.0,63.9,0.0,0.1,0.0,0.0,0.0,0.1,0.0,0.0,0.0,0.0,0.0,0.0,0.0,0.0,0.0,0.0,0.0,0.0,0.0,0.0,0.0,0.0,0.0,0.0,0.0,0.0
2348,490132,49,1,2,71.1,64.9,9.1,4.8,0.0,0.0,1.1,0.0,0.7,0.0,5.6,4.5,0.8,0.0,0.8,0.0,0.0,0.0,0.2,0.2,0.0,0.0,0.0,0.0,0.0,0.0,0.0,0.0
2349,490133,49,1,2,166.6,106.5,93.8,35.9,0.2,0.0,14.1,0.0,8.0,0.0,56.3,32.8,6.0,0.0,6.1,0.0,0.7,0.7,2.6,2.5,0.0,0.0,0.0,0.0,0.2,0.0,0.0,0.0
2350,490134,49,1,1,88.1,89.5,0.0,0.0,0.0,0.0,0.0,0.0,0.0,0.0,0.0,0.0,0.0,0.0,0.0,0.0,0.0,0.0,0.0,0.0,0.0,0.0,0.0,0.0,0.0,0.0,0.0,0.0
2351,490135,49,1,2,338.4,207.5,246.9,115.8,0.6,0.2,45.2,1.6,22.9,0.0,142.6,102.7,11.5,0.0,12.0,0.0,2.9,2.8,9.7,8.7,0.0,0.0,0.0,0.0,0.6,0.0,0.0,0.2
2352,490136,49,1,2,90.3,92.7,0.0,0.0,0.0,0.0,0.0,0.0,0.0,0.0,0.0,0.0,0.0,0.0,0.0,0.0,0.0,0.0,0.0,0.0,0.0,0.0,0.0,0.0,0.0,0.0,0.0,0.0
2353,490137,49,1,2,62.0,62.5,0.0,0.0,0.0,0.0,0.0,0.0,0.0,0.0,0.0,0.0,0.0,0.0,0.0,0.0,0.0,0.0,0.0,0.0,0.0,0.0,0.0,0.0,0.0,0.0,0.0,0.0
2354,490138,49,1,2,65.1,65.6,0.0,0.0,0.0,0.0,0.0,0.0,0.0,0.0,0.0,0.0,0.0,0.0,0.0,0.0,0.0,0.0,0.0,0.0,0.0,0.0,0.0,0.0,0.0,0.0,0.0,0.0
2355,490139,49,1,2,70.5,71.1,0.0,0.0,0.0,0.0,0.0,0.0,0.0,0.0,0.0,0.0,0.0,0.0,0.0,0.0,0.0,0.0,0.0,0.0,0.0,0.0,0.0,0.0,0.0,0.0,0.0,0.0
2356,490140,49,1,1,88.1,89.5,0.0,0.0,0.0,0.0,0.0,0.0,0.0,0.0,0.0,0.0,0.0,0.0,0.0,0.0,0.0,0.0,0.0,0.0,0.0,0.0,0.0,0.0,0.0,0.0,0.0,0.0
2357,490141,49,1,2,88.1,86.3,0.0,0.0,0.0,0.0,0.0,0.0,0.0,0.0,0.0,0.0,0.0,0.0,0.0,0.0,0.0,0.0,0.0,0.0,0.0,0.0,0.0,0.0,0.0,0.0,0.0,0.0
2358,490142,49,1,2,9046.5,6698.7,8755.6,6422.1,23.3,6.2,1309.0,179.8,781.0,0.0,4990.8,2834.1,573.3,0.0,585.0,2939.0,164.7,155.3,347.8,313.8,2.0,0.0,2.0,0.0,23.3,0.0,0.0,6.2
2359,490143,49,1,2,61.9,63.0,0.0,0.0,0.0,0.0,0.0,0.0,0.0,0.0,0.0,0.0,0.0,0.0,0.0,0.0,0.0,0.0,0.0,0.0,0.0,0.0,0.0,0.0,0.0,0.0,0.0,0.0
2360,490144,49,1,1,314.1,168.2,249.2,103.4,0.7,0.2,41.9,0.2,22.6,0.0,145.8,92.6,13.6,0.0,13.9,0.0,2.5,2.5,8.8,8.1,0.0,0.0,0.0,0.0,0.7,0.0,0.0,0.2
2361,490145,49,1,1,88.2,91.2,0.0,0.0,0.0,0.0,0.0,0.0,0.0,0.0,0.0,0.0,0.0,0.0,0.0,0.0,0.0,0.0,0.0,0.0,0.0,0.0,0.0,0.0,0.0,0.0,0.0,0.0
2362,490146,49,1,1,88.5,88.5,0.0,0.0,0.0,0.0,0.0,0.0,0.0,0.0,0.0,0.0,0.0,0.0,0.0,0.0,0.0,0.0,0.0,0.0,0.0,0.0,0.0,0.0,0.0,0.0,0.0,0.0
2363,490147,49,1,2,90.2,90.5,0.0,0.0,0.0,0.0,0.0,0.0,0.0,0.0,0.0,0.0,0.0,0.0,0.0,0.0,0.0,0.0,0.0,0.0,0.0,0.0,0.0,0.0,0.0,0.0,0.0,0.0
2364,490148,49,1,2,362.0,1903.0,265.9,1805.5,0.7,0.4,36.6,42.9,21.3,0.0,140.2,121.9,15.7,1607.2,16.1,0.0,14.2,13.6,21.7,20.0,0.0,0.0,0.0,0.0,0.7,0.0,0.0,0.4
2365,490149,49,1,2,394.5,193.6,306.0,104.1,0.9,0.2,46.4,0.8,27.8,0.0,180.0,92.6,20.1,0.0,20.4,0.0,2.6,2.5,8.8,8.2,0.0,0.0,0.0,0.0,0.9,0.0,0.0,0.2
2366,490150,49,1,1,88.1,91.5,0.0,0.0,0.0,0.0,0.0,0.0,0.0,0.0,0.0,0.0,0.0,0.0,0.0,0.0,0.0,0.0,0.0,0.0,0.0,0.0,0.0,0.0,0.0,0.0,0.0,0.0
2367,490151,49,1,1,90.1,88.6,4.0,0.0,0.0,0.0,0.0,0.0,0.0,0.0,2.0,0.0,0.0,0.0,0.0,0.0,0.0,0.0,0.0,0.0,0.0,0.0,2.0,0.0,0.0,0.0,0.0,0.0
2368,490152,49,1,2,264.5,170.3,172.0,79.9,0.4,0.1,24.9,8.7,14.8,0.0,98.8,60.7,11.1,0.0,11.3,0.0,3.5,3.4,7.5,7.1,0.0,0.0,0.0,0.0,0.4,0.0,0.0,0.1
2369,490153,49,1,2,1829.9,738.7,1709.4,619.8,4.8,1.0,260.2,16.4,155.1,0.0,985.5,525.7,111.1,0.0,113.7,0.0,24.1,23.0,59.6,54.8,0.0,0.0,0.0,0.0,4.8,0.0,0.0,1.0
2370,490154,49,1,2,6836.5,2510.3,6608.6,2293.2,19.0,4.0,1001.1,20.7,596.9,0.0,3815.9,1987.4,437.9,0.0,447.0,0.0,86.0,82.4,219.8,202.7,2.0,0.0,2.0,0.0,19.0,0.0,0.0,4.0
2371,490155,49,1,2,3278.9,2711.8,3132.4,2570.2,8.9,2.3,464.0,78.7,271.3,0.0,1781.1,1018.9,208.3,1291.7,212.7,0.0,63.4,60.6,130.4,120.3,0.0,0.0,1.0,0.0,8.9,0.0,0.0,2.3
2372,490156,49,1,2,71.8,66.7,0.0,0.0,0.0,0.0,0.0,0.0,0.0,0.0,0.0,0.0,0.0,0.0,0.0,0.0,0.0,0.0,0.0,0.0,0.0,0.0,0.0,0.0,0.0,0.0,0.0,0.0
2373,490157,49,1,3,75.3,75.3,0.0,0.0,0.0,0.0,0.0,0.0,0.0,0.0,0.0,0.0,0.0,0.0,0.0,0.0,0.0,0.0,0.0,0.0,0.0,0.0,0.0,0.0,0.0,0.0,0.0,0.0
2374,490158,49,1,1,89.1,91.7,2.0,0.0,0.0,0.0,0.0,0.0,0.0,0.0,1.0,0.0,0.0,0.0,0.0,0.0,0.0,0.0,0.0,0.0,0.0,0.0,1.0,0.0,0.0,0.0,0.0,0.0
2375,490159,49,1,1,89.2,89.8,0.0,0.0,0.0,0.0,0.0,0.0,0.0,0.0,0.0,0.0,0.0,0.0,0.0,0.0,0.0,0.0,0.0,0.0,0.0,0.0,0.0,0.0,0.0,0.0,0.0,0.0
2376,490160,49,1,2,406.7,289.0,311.4,194.5,0.9,0.3,46.6,70.4,27.4,0.0,178.0,106.0,19.9,0.0,20.5,0.0,6.3,6.1,12.8,12.0,0.0,0.0,0.0,0.0,0.9,0.0,0.0,0.3
2377,490161,49,1,2,2446.3,923.3,2313.7,791.9,7.0,1.5,352.3,1.2,210.7,0.0,1337.1,694.5,151.1,0.0,154.4,0.0,28.0,26.8,75.2,69.4,5.0,0.0,0.0,0.0,7.0,0.0,0.0,1.5
2378,490162,49,1,3,4564.6,3043.6,4397.7,2882.1,14.0,4.8,746.3,48.4,395.9,164.7,2431.3,1775.4,207.1,523.5,211.5,0.0,107.9,103.3,287.6,266.9,9.0,0.0,1.0,0.0,14.0,0.0,0.0,4.8
2379,490163,49,1,3,5166.6,1921.5,4985.0,1747.4,14.8,3.1,757.0,3.3,456.6,0.0,2881.9,1526.5,323.0,0.0,329.9,0.0,65.3,62.4,168.2,155.3,2.0,0.0,1.0,0.0,14.8,0.0,0.0,3.1
2380,490164,49,1,1,88.1,92.3,0.0,0.0,0.0,0.0,0.0,0.0,0.0,0.0,0.0,0.0,0.0,0.0,0.0,0.0,0.0,0.0,0.0,0.0,0.0,0.0,0.0,0.0,0.0,0.0,0.0,0.0
2381,490165,49,1,1,88.1,92.2,0.0,0.0,0.0,0.0,0.0,0.0,0.0,0.0,0.0,0.0,0.0,0.0,0.0,0.0,0.0,0.0,0.0,0.0,0.0,0.0,0.0,0.0,0.0,0.0,0.0,0.0
2382,490166,49,1,2,1690.2,703.2,1573.0,588.1,4.6,1.3,239.1,60.0,142.8,0.0,907.0,455.4,102.8,0.0,104.7,0.0,22.0,21.3,54.7,51.4,0.0,0.0,0.0,0.0,4.6,0.0,0.0,1.3
2383,490167,49,1,3,3858.7,1371.4,3706.8,1239.0,11.1,2.6,564.6,5.0,342.5,0.0,2144.1,1068.4,238.1,0.0,242.5,0.0,48.0,46.8,124.9,118.8,1.0,0.0,1.0,0.0,11.1,0.0,0.0,2.6
2384,490168,49,1,3,6449.6,3093.4,6224.9,2877.4,19.6,6.0,994.6,123.0,564.5,158.9,3493.6,2176.6,351.8,0.0,359.3,0.0,121.4,116.1,325.7,302.7,13.0,0.0,1.0,0.0,19.6,0.0,0.0,6.0
2385,490169,49,1,3,3849.5,2516.0,3692.1,2361.3,11.8,4.4,580.5,61.2,321.2,139.1,2043.0,1352.5,208.3,0.0,212.8,507.9,89.3,86.1,229.1,214.5,7.0,0.0,1.0,0.0,11.8,0.0,0.0,4.4
2386,490170,49,1,1,1130.4,796.7,1020.7,687.2,2.4,1.3,180.8,48.0,95.7,0.0,559.0,392.3,44.3,158.7,45.6,0.0,32.6,31.2,62.5,57.0,0.0,0.0,0.0,0.0,2.4,0.0,0.0,1.3
2387,490171,49,1,1,636.8,294.7,544.5,202.4,1.3,0.5,88.6,12.7,52.4,0.0,312.5,161.7,29.9,0.0,30.9,0.0,8.7,8.3,21.4,19.8,0.0,0.0,0.0,0.0,1.3,0.0,0.0,0.5
2388,490172,49,1,1,191.6,124.4,106.6,34.2,0.2,0.1,14.5,1.6,8.6,0.0,63.1,29.3,6.2,0.0,6.7,0.0,0.7,0.7,2.8,2.7,0.0,0.0,4.0,0.0,0.2,0.0,0.0,0.1
2389,490173,49,1,1,90.2,73.2,4.0,0.0,0.0,0.0,0.0,0.0,0.0,0.0,2.0,0.0,0.0,0.0,0.0,0.0,0.0,0.0,0.0,0.0,0.0,0.0,2.0,0.0,0.0,0.0,0.0,0.0
2390,490174,49,1,1,163.9,114.0,75.2,30.9,0.2,0.1,13.0,0.0,6.5,0.0,45.5,28.3,3.5,0.0,3.9,0.0,0.4,0.4,2.2,2.2,0.0,0.0,0.0,0.0,0.2,0.0,0.0,0.1
2391,490175,49,1,1,88.1,90.5,0.0,0.0,0.0,0.0,0.0,0.0,0.0,0.0,0.0,0.0,0.0,0.0,0.0,0.0,0.0,0.0,0.0,0.0,0.0,0.0,0.0,0.0,0.0,0.0,0.0,0.0
2392,490176,49,1,1,88.0,91.8,0.0,0.0,0.0,0.0,0.0,0.0,0.0,0.0,0.0,0.0,0.0,0.0,0.0,0.0,0.0,0.0,0.0,0.0,0.0,0.0,0.0,0.0,0.0,0.0,0.0,0.0
2393,490177,49,1,1,89.0,93.3,2.0,0.0,0.0,0.0,0.0,0.0,0.0,0.0,1.0,0.0,0.0,0.0,0.0,0.0,0.0,0.0,0.0,0.0,0.0,0.0,1.0,0.0,0.0,0.0,0.0,0.0
2394,490178,49,1,1,87.9,83.5,0.0,0.0,0.0,0.0,0.0,0.0,0.0,0.0,0.0,0.0,0.0,0.0,0.0,0.0,0.0,0.0,0.0,0.0,0.0,0.0,0.0,0.0,0.0,0.0,0.0,0.0
2395,490179,49,1,1,88.1,87.1,0.0,0.0,0.0,0.0,0.0,0.0,0.0,0.0,0.0,0.0,0.0,0.0,0.0,0.0,0.0,0.0,0.0,0.0,0.0,0.0,0.0,0.0,0.0,0.0,0.0,0.0
2396,490180,49,1,1,90.0,90.3,4.0,0.0,0.0,0.0,0.0,0.0,0.0,0.0,2.0,0.0,0.0,0.0,0.0,0.0,0.0,0.0,0.0,0.0,0.0,0.0,2.0,0.0,0.0,0.0,0.0,0.0
2397,490181,49,1,1,91.1,93.4,6.0,0.0,0.0,0.0,0.0,0.0,0.0,0.0,3.0,0.0,0.0,0.0,0.0,0.0,0.0,0.0,0.0,0.0,0.0,0.0,3.0,0.0,0.0,0.0,0.0,0.0
2398,490182,49,1,1,88.1,92.9,0.0,0.0,0.0,0.0,0.0,0.0,0.0,0.0,0.0,0.0,0.0,0.0,0.0,0.0,0.0,0.0,0.0,0.0,0.0,0.0,0.0,0.0,0.0,0.0,0.0,0.0
2399,490183,49,1,1,87.9,89.0,0.0,0.0,0.0,0.0,0.0,0.0,0.0,0.0,0.0,0.0,0.0,0.0,0.0,0.0,0.0,0.0,0.0,0.0,0.0,0.0,0.0,0.0,0.0,0.0,0.0,0.0
2400,490184,49,1,1,88.0,90.0,0.0,0.0,0.0,0.0,0.0,0.0,0.0,0.0,0.0,0.0,0.0,0.0,0.0,0.0,0.0,0.0,0.0,0.0,0.0,0.0,0.0,0.0,0.0,0.0,0.0,0.0
2401,490185,49,1,1,92.9,91.2,10.0,0.0,0.0,0.0,0.0,0.0,0.0,0.0,5.0,0.0,0.0,0.0,0.0,0.0,0.0,0.0,0.0,0.0,0.0,0.0,5.0,0.0,0.0,0.0,0.0,0.0
2402,490186,49,1,1,93.1,91.3,10.0,0.0,0.0,0.0,0.0,0.0,0.0,0.0,5.0,0.0,0.0,0.0,0.0,0.0,0.0,0.0,0.0,0.0,0.0,0.0,5.0,0.0,0.0,0.0,0.0,0.0
2403,490187,49,1,1,88.1,92.1,0.0,0.0,0.0,0.0,0.0,0.0,0.0,0.0,0.0,0.0,0.0,0.0,0.0,0.0,0.0,0.0,0.0,0.0,0.0,0.0,0.0,0.0,0.0,0.0,0.0,0.0
2404,490188,49,1,1,88.1,90.0,0.0,0.0,0.0,0.0,0.0,0.0,0.0,0.0,0.0,0.0,0.0,0.0,0.0,0.0,0.0,0.0,0.0,0.0,0.0,0.0,0.0,0.0,0.0,0.0,0.0,0.0
2405,490189,49,1,1,88.0,86.5,0.0,0.0,0.0,0.0,0.0,0.0,0.0,0.0,0.0,0.0,0.0,0.0,0.0,0.0,0.0,0.0,0.0,0.0,0.0,0.0,0.0,0.0,0.0,0.0,0.0,0.0
2406,490190,49,1,1,87.9,88.0,0.0,0.0,0.0,0.0,0.0,0.0,0.0,0.0,0.0,0.0,0.0,0.0,0.0,0.0,0.0,0.0,0.0,0.0,0.0,0.0,0.0,0.0,0.0,0.0,0.0,0.0
2407,490191,49,1,1,87.9,90.2,0.0,0.0,0.0,0.0,0.0,0.0,0.0,0.0,0.0,0.0,0.0,0.0,0.0,0.0,0.0,0.0,0.0,0.0,0.0,0.0,0.0,0.0,0.0,0.0,0.0,0.0
2408,490192,49,1,1,88.6,117.4,0.6,26.1,0.0,0.1,0.0,22.5,0.0,0.0,0.0,3.0,0.0,0.0,0.0,0.0,0.2,0.2,0.4,0.4,0.0,0.0,0.0,0.0,0.0,0.0,0.0,0.1
2409,490193,49,1,1,90.1,90.1,4.0,0.0,0.0,0.0,0.0,0.0,0.0,0.0,2.0,0.0,0.0,0.0,0.0,0.0,0.0,0.0,0.0,0.0,0.0,0.0,2.0,0.0,0.0,0.0,0.0,0.0
2410,490194,49,1,1,88.0,89.6,0.0,0.0,0.0,0.0,0.0,0.0,0.0,0.0,0.0,0.0,0.0,0.0,0.0,0.0,0.0,0.0,0.0,0.0,0.0,0.0,0.0,0.0,0.0,0.0,0.0,0.0
2411,490195,49,1,1,146.9,116.3,60.9,27.7,0.2,0.0,10.6,0.0,5.3,0.0,36.8,25.4,2.8,0.0,3.0,0.0,0.4,0.4,2.0,1.9,0.0,0.0,0.0,0.0,0.2,0.0,0.0,0.0
2412,490196,49,1,1,87.9,87.6,0.0,0.0,0.0,0.0,0.0,0.0,0.0,0.0,0.0,0.0,0.0,0.0,0.0,0.0,0.0,0.0,0.0,0.0,0.0,0.0,0.0,0.0,0.0,0.0,0.0,0.0
2413,490197,49,1,1,87.9,87.5,0.0,0.0,0.0,0.0,0.0,0.0,0.0,0.0,0.0,0.0,0.0,0.0,0.0,0.0,0.0,0.0,0.0,0.0,0.0,0.0,0.0,0.0,0.0,0.0,0.0,0.0
2414,490198,49,1,1,88.0,87.9,0.0,0.0,0.0,0.0,0.0,0.0,0.0,0.0,0.0,0.0,0.0,0.0,0.0,0.0,0.0,0.0,0.0,0.0,0.0,0.0,0.0,0.0,0.0,0.0,0.0,0.0
2415,490199,49,1,1,88.0,86.9,0.0,0.0,0.0,0.0,0.0,0.0,0.0,0.0,0.0,0.0,0.0,0.0,0.0,0.0,0.0,0.0,0.0,0.0,0.0,0.0,0.0,0.0,0.0,0.0,0.0,0.0
2416,490200,49,1,1,97.2,89.7,9.0,4.0,0.0,0.0,1.2,0.0,0.7,0.0,5.6,3.9,0.7,0.0,0.8,0.0,0.0,0.0,0.1,0.1,0.0,0.0,0.0,0.0,0.0,0.0,0.0,0.0
2417,490201,49,1,2,5099.3,2387.7,4894.2,2200.5,15.6,4.6,894.3,12.2,462.5,0.0,2775.7,1892.0,222.0,0.0,226.1,0.0,87.0,85.2,223.5,211.1,2.0,0.0,1.0,0.0,15.6,0.0,0.0,4.6
2418,490202,49,1,2,6364.5,4183.7,6109.1,3940.8,17.0,6.0,863.6,261.9,480.2,28.3,3062.2,1979.5,333.3,1192.6,340.4,0.0,172.0,167.2,329.3,311.4,527.0,0.0,1.0,0.0,17.0,0.0,0.0,6.0
2419,490203,49,1,2,4887.1,1916.3,4684.4,1720.9,15.7,4.1,756.1,14.1,419.4,0.0,2675.6,1484.2,290.5,0.0,296.7,0.0,65.6,63.4,168.6,159.2,11.0,0.0,1.0,0.0,15.7,0.0,0.0,4.1
2420,490204,49,1,1,88.4,76.8,0.0,0.1,0.0,0.0,0.0,0.1,0.0,0.0,0.0,0.0,0.0,0.0,0.0,0.0,0.0,0.0,0.0,0.0,0.0,0.0,0.0,0.0,0.0,0.0,0.0,0.0
2421,490205,49,1,1,102.4,76.7,28.0,0.1,0.0,0.0,0.0,0.1,0.0,0.0,14.0,0.0,0.0,0.0,0.0,0.0,0.0,0.0,0.0,0.0,0.0,0.0,14.0,0.0,0.0,0.0,0.0,0.0
2422,490206,49,1,1,81.4,73.5,8.0,0.3,0.0,0.0,0.0,0.3,0.0,0.0,4.0,0.0,0.0,0.0,0.0,0.0,0.0,0.0,0.0,0.0,0.0,0.0,4.0,0.0,0.0,0.0,0.0,0.0
2423,490207,49,1,1,98.8,97.6,0.0,0.3,0.0,0.0,0.0,0.3,0.0,0.0,0.0,0.0,0.0,0.0,0.0,0.0,0.0,0.0,0.0,0.0,0.0,0.0,0.0,0.0,0.0,0.0,0.0,0.0
2424,490208,49,1,1,82.2,69.7,4.0,0.0,0.0,0.0,0.0,0.0,0.0,0.0,2.0,0.0,0.0,0.0,0.0,0.0,0.0,0.0,0.0,0.0,0.0,0.0,2.0,0.0,0.0,0.0,0.0,0.0
2425,490209,49,1,1,79.7,71.3,0.0,0.0,0.0,0.0,0.0,0.0,0.0,0.0,0.0,0.0,0.0,0.0,0.0,0.0,0.0,0.0,0.0,0.0,0.0,0.0,0.0,0.0,0.0,0.0,0.0,0.0
2426,490210,49,1,1,93.0,93.0,0.0,0.0,0.0,0.0,0.0,0.0,0.0,0.0,0.0,0.0,0.0,0.0,0.0,0.0,0.0,0.0,0.0,0.0,0.0,0.0,0.0,0.0,0.0,0.0,0.0,0.0
2427,490211,49,1,1,93.1,95.6,0.0,0.0,0.0,0.0,0.0,0.0,0.0,0.0,0.0,0.0,0.0,0.0,0.0,0.0,0.0,0.0,0.0,0.0,0.0,0.0,0.0,0.0,0.0,0.0,0.0,0.0
2428,490212,49,1,1,91.9,126.4,24.0,43.9,0.0,0.2,0.0,43.9,0.0,0.0,12.0,0.0,0.0,0.0,0.0,0.0,0.0,0.0,0.0,0.0,0.0,0.0,12.0,0.0,0.0,0.0,0.0,0.2
2429,490213,49,1,1,98.0,100.7,4.4,4.0,0.0,0.0,0.9,0.0,0.4,0.0,2.7,3.9,0.2,0.0,0.1,0.0,0.0,0.0,0.2,0.2,0.0,0.0,0.0,0.0,0.0,0.0,0.0,0.0
2430,490214,49,1,1,79.9,119.0,0.0,39.6,0.0,0.1,0.0,39.6,0.0,0.0,0.0,0.0,0.0,0.0,0.0,0.0,0.0,0.0,0.0,0.0,0.0,0.0,0.0,0.0,0.0,0.0,0.0,0.1
2431,490215,49,1,1,79.3,69.3,0.0,0.0,0.0,0.0,0.0,0.0,0.0,0.0,0.0,0.0,0.0,0.0,0.0,0.0,0.0,0.0,0.0,0.0,0.0,0.0,0.0,0.0,0.0,0.0,0.0,0.0
2432,490216,49,1,1,90.6,79.3,22.0,0.0,0.0,0.0,0.0,0.0,0.0,0.0,11.0,0.0,0.0,0.0,0.0,0.0,0.0,0.0,0.0,0.0,0.0,0.0,11.0,0.0,0.0,0.0,0.0,0.0
2433,490217,49,1,1,79.6,81.6,0.0,0.0,0.0,0.0,0.0,0.0,0.0,0.0,0.0,0.0,0.0,0.0,0.0,0.0,0.0,0.0,0.0,0.0,0.0,0.0,0.0,0.0,0.0,0.0,0.0,0.0
2434,490218,49,1,1,79.6,82.9,0.0,0.0,0.0,0.0,0.0,0.0,0.0,0.0,0.0,0.0,0.0,0.0,0.0,0.0,0.0,0.0,0.0,0.0,0.0,0.0,0.0,0.0,0.0,0.0,0.0,0.0
2435,490219,49,1,1,115.7,111.7,18.0,0.0,0.0,0.0,0.0,0.0,0.0,0.0,9.0,0.0,0.0,0.0,0.0,0.0,0.0,0.0,0.0,0.0,0.0,0.0,9.0,0.0,0.0,0.0,0.0,0.0
2436,490220,49,1,2,79.5,80.1,0.0,0.0,0.0,0.0,0.0,0.0,0.0,0.0,0.0,0.0,0.0,0.0,0.0,0.0,0.0,0.0,0.0,0.0,0.0,0.0,0.0,0.0,0.0,0.0,0.0,0.0
2437,490221,49,1,1,79.6,83.5,0.0,0.0,0.0,0.0,0.0,0.0,0.0,0.0,0.0,0.0,0.0,0.0,0.0,0.0,0.0,0.0,0.0,0.0,0.0,0.0,0.0,0.0,0.0,0.0,0.0,0.0
2438,490222,49,1,2,1476.4,1626.7,1344.8,1488.9,4.1,1.8,229.3,41.0,122.4,0.0,743.0,487.6,70.5,861.9,72.4,0.0,35.5,34.4,69.7,64.0,0.0,0.0,2.0,0.0,4.1,0.0,0.0,1.8
2439,490223,49,1,2,125.5,117.6,10.0,0.0,0.0,0.0,0.0,0.0,0.0,0.0,5.0,0.0,0.0,0.0,0.0,0.0,0.0,0.0,0.0,0.0,0.0,0.0,5.0,0.0,0.0,0.0,0.0,0.0
2440,490224,49,1,2,4683.4,1757.4,4511.7,1584.4,13.3,4.2,724.2,3.1,416.8,0.0,2581.7,1371.0,275.1,0.0,281.1,0.0,62.9,61.0,162.0,149.3,2.0,0.0,6.0,0.0,13.3,0.0,0.0,4.2
2441,490225,49,1,2,5820.8,2345.8,5586.3,2113.9,17.4,5.4,975.6,6.3,515.6,0.0,3163.9,1828.2,308.9,0.0,315.4,0.0,83.9,81.4,215.0,197.9,2.0,0.0,6.0,0.0,17.4,0.0,0.0,5.4
2442,490226,49,1,2,4763.9,2009.5,4568.6,1802.6,14.3,4.8,788.1,49.5,421.8,0.0,2581.8,1517.7,251.4,0.0,256.7,0.0,71.4,69.3,180.2,166.2,1.0,0.0,16.0,0.0,14.3,0.0,0.0,4.8
2443,490227,49,1,2,92.5,85.4,10.0,0.0,0.0,0.0,0.0,0.0,0.0,0.0,5.0,0.0,0.0,0.0,0.0,0.0,0.0,0.0,0.0,0.0,0.0,0.0,5.0,0.0,0.0,0.0,0.0,0.0
2444,490228,49,1,2,6737.5,2907.8,6495.2,2673.3,20.2,6.0,1155.1,5.8,596.2,0.0,3682.2,2313.3,330.7,0.0,337.5,0.0,105.8,102.9,271.6,251.3,13.0,0.0,3.0,0.0,20.2,0.0,0.0,6.0
2445,490229,49,1,2,4859.1,3577.0,4655.3,3373.6,14.5,5.2,822.5,79.2,427.8,0.0,2604.0,1734.2,233.4,1259.5,238.5,0.0,99.4,96.3,221.8,204.4,2.0,0.0,6.0,0.0,14.5,0.0,0.0,5.2
2446,490230,49,1,3,6381.8,2846.9,6140.3,2612.8,20.1,6.4,1108.1,37.1,582.0,0.0,3470.3,2234.3,298.2,0.0,304.5,0.0,103.0,99.7,261.3,241.8,11.0,0.0,2.0,0.0,20.1,0.0,0.0,6.4
2447,490231,49,1,2,114.7,90.5,40.0,0.0,0.0,0.0,0.0,0.0,0.0,0.0,20.0,0.0,0.0,0.0,0.0,0.0,0.0,0.0,0.0,0.0,0.0,0.0,20.0,0.0,0.0,0.0,0.0,0.0
2448,490232,49,1,2,6020.0,2329.4,5779.1,2096.8,17.5,4.4,973.5,21.5,523.6,0.0,3279.4,1798.9,345.5,0.0,352.2,0.0,82.1,80.0,210.8,196.4,11.0,0.0,1.0,0.0,17.5,0.0,0.0,4.4
2449,490233,49,1,2,6555.0,2665.3,6322.7,2436.6,19.8,6.1,1016.8,23.3,565.9,115.4,3551.3,1920.1,379.8,0.0,387.8,0.0,105.8,102.6,297.2,275.3,12.0,0.0,6.0,0.0,19.8,0.0,0.0,6.1
2450,490234,49,1,2,4271.1,2114.5,4083.8,1926.4,13.5,4.6,722.6,81.9,383.5,0.0,2288.3,1585.3,198.4,0.0,202.7,0.0,83.5,81.5,188.7,177.7,8.0,0.0,8.0,0.0,13.5,0.0,0.0,4.6
2451,490235,49,1,2,84.1,80.2,6.0,0.0,0.0,0.0,0.0,0.0,0.0,0.0,3.0,0.0,0.0,0.0,0.0,0.0,0.0,0.0,0.0,0.0,0.0,0.0,3.0,0.0,0.0,0.0,0.0,0.0
2452,490236,49,1,2,1539.1,689.8,1442.1,588.3,4.6,1.2,251.7,8.2,130.5,0.0,821.9,503.5,73.8,0.0,75.4,0.0,21.3,20.9,58.5,55.7,2.0,0.0,7.0,0.0,4.6,0.0,0.0,1.2
2453,490237,49,1,2,1554.1,1910.8,1466.9,1801.2,4.7,1.9,242.6,53.0,127.3,0.0,805.6,564.5,70.1,1064.1,71.7,0.0,43.3,41.8,82.4,77.8,1.0,0.0,23.0,0.0,4.7,0.0,0.0,1.9
2454,490238,49,1,2,91.7,90.3,0.0,0.0,0.0,0.0,0.0,0.0,0.0,0.0,0.0,0.0,0.0,0.0,0.0,0.0,0.0,0.0,0.0,0.0,0.0,0.0,0.0,0.0,0.0,0.0,0.0,0.0
2455,490239,49,1,2,108.6,108.0,0.0,0.0,0.0,0.0,0.0,0.0,0.0,0.0,0.0,0.0,0.0,0.0,0.0,0.0,0.0,0.0,0.0,0.0,0.0,0.0,0.0,0.0,0.0,0.0,0.0,0.0
2456,490240,49,1,2,108.5,108.5,0.0,0.0,0.0,0.0,0.0,0.0,0.0,0.0,0.0,0.0,0.0,0.0,0.0,0.0,0.0,0.0,0.0,0.0,0.0,0.0,0.0,0.0,0.0,0.0,0.0,0.0
2457,490241,49,1,2,5879.4,2184.4,5649.0,1963.7,17.9,4.2,920.3,28.9,502.3,0.0,3216.6,1670.2,357.2,0.0,364.5,0.0,76.9,75.4,198.1,189.2,12.0,0.0,1.0,0.0,17.9,0.0,0.0,4.2
2458,490242,49,1,3,3846.6,4469.2,3658.7,4283.5,12.4,3.9,587.9,71.4,322.4,0.0,2049.0,1169.0,224.7,0.0,229.5,2815.0,77.5,75.5,159.7,152.6,7.0,0.0,1.0,0.0,12.4,0.0,0.0,3.9
2459,490243,49,1,3,4678.3,2300.8,4474.0,2100.7,16.3,5.8,842.9,5.1,420.2,0.0,2397.3,1811.0,160.5,0.0,164.0,0.0,82.9,80.9,213.2,203.6,192.0,0.0,1.0,0.0,16.3,0.0,0.0,5.8
2460,490244,49,1,2,108.9,106.7,0.0,0.0,0.0,0.0,0.0,0.0,0.0,0.0,0.0,0.0,0.0,0.0,0.0,0.0,0.0,0.0,0.0,0.0,0.0,0.0,0.0,0.0,0.0,0.0,0.0,0.0
2461,490245,49,1,2,108.7,109.1,0.0,0.0,0.0,0.0,0.0,0.0,0.0,0.0,0.0,0.0,0.0,0.0,0.0,0.0,0.0,0.0,0.0,0.0,0.0,0.0,0.0,0.0,0.0,0.0,0.0,0.0
2462,490246,49,1,2,734.4,466.7,601.9,333.4,1.8,0.9,91.2,145.9,49.3,0.0,322.5,164.5,35.8,0.0,36.5,0.0,5.9,5.8,17.8,17.2,43.0,0.0,0.0,0.0,1.8,0.0,0.0,0.9
2463,490247,49,1,2,856.4,324.1,738.7,204.1,2.1,0.6,97.6,0.6,53.3,0.0,337.5,178.4,35.7,0.0,36.5,0.0,6.6,6.4,19.4,18.7,152.0,0.0,0.0,0.0,2.1,0.0,0.0,0.6
2464,490248,49,1,3,81.7,84.8,0.0,0.0,0.0,0.0,0.0,0.0,0.0,0.0,0.0,0.0,0.0,0.0,0.0,0.0,0.0,0.0,0.0,0.0,0.0,0.0,0.0,0.0,0.0,0.0,0.0,0.0
2465,490249,49,1,3,12316.4,6684.7,11923.2,6309.0,44.8,16.2,2088.6,59.8,1113.2,0.0,6716.5,4362.4,596.4,1162.9,608.7,0.0,219.3,213.9,530.6,509.9,48.0,0.0,2.0,0.0,44.8,0.0,0.0,16.2
2466,490250,49,1,3,6168.5,2445.2,5963.7,2252.2,17.8,3.6,960.8,7.7,539.5,0.0,3398.1,1960.5,355.8,0.0,363.3,0.0,84.5,81.2,216.8,202.8,44.0,0.0,1.0,0.0,17.8,0.0,0.0,3.6
2467,490251,49,1,3,18436.9,8819.7,17934.4,8355.8,56.0,12.1,2834.8,83.4,1600.6,0.0,10234.5,5823.3,1123.2,1561.2,1146.1,0.0,274.5,264.1,665.6,623.9,52.0,0.0,3.0,0.0,56.0,0.0,0.0,12.1
2468,490252,49,1,3,1440.0,1898.4,1332.6,1791.8,4.0,1.3,206.8,79.1,116.7,0.0,739.2,484.4,79.1,1131.2,81.0,0.0,35.4,34.1,67.3,63.0,7.0,0.0,0.0,0.0,4.0,0.0,0.0,1.3
2469,490253,49,1,2,99.6,99.7,0.0,0.0,0.0,0.0,0.0,0.0,0.0,0.0,0.0,0.0,0.0,0.0,0.0,0.0,0.0,0.0,0.0,0.0,0.0,0.0,0.0,0.0,0.0,0.0,0.0,0.0
2470,490254,49,1,2,93.6,90.2,6.0,0.0,0.0,0.0,0.0,0.0,0.0,0.0,3.0,0.0,0.0,0.0,0.0,0.0,0.0,0.0,0.0,0.0,0.0,0.0,3.0,0.0,0.0,0.0,0.0,0.0
2471,490255,49,1,4,7637.0,6556.1,7264.0,6201.7,21.9,9.1,1220.0,428.9,617.0,224.6,3750.2,3130.7,297.8,1417.3,304.2,0.0,338.7,326.7,720.1,673.5,14.0,0.0,2.0,0.0,21.9,0.0,0.0,9.1
2472,490256,49,1,3,7099.2,3592.6,6847.8,3350.4,21.6,7.2,1047.8,67.5,589.6,370.3,3778.0,2366.1,414.3,0.0,423.1,0.0,148.6,143.0,430.4,403.4,15.0,0.0,1.0,0.0,21.6,0.0,0.0,7.2
2473,490257,49,1,3,10815.1,4156.7,10496.5,3857.3,35.7,8.8,1680.1,8.7,929.3,0.0,6018.8,3352.4,655.4,0.0,669.0,0.0,147.1,142.1,375.8,354.2,19.0,0.0,2.0,0.0,35.7,0.0,0.0,8.8
2474,490258,49,1,3,82.1,79.3,8.0,0.0,0.0,0.0,0.0,0.0,0.0,0.0,4.0,0.0,0.0,0.0,0.0,0.0,0.0,0.0,0.0,0.0,0.0,0.0,4.0,0.0,0.0,0.0,0.0,0.0
2475,490259,49,1,2,103.7,94.1,16.9,0.0,0.0,0.0,0.0,0.0,1.8,0.0,10.6,0.0,0.3,0.0,0.3,0.0,0.0,0.0,0.0,0.0,0.0,0.0,4.0,0.0,0.0,0.0,0.0,0.0
2476,490260,49,1,2,107.2,100.3,21.4,4.4,0.1,0.0,1.4,0.0,1.1,0.0,11.8,4.1,0.9,0.0,0.9,0.0,0.0,0.0,0.3,0.3,0.0,0.0,5.0,0.0,0.1,0.0,0.0,0.0
2477,490261,49,1,3,7324.2,3094.7,7054.5,2830.5,26.4,9.8,1133.4,85.9,643.5,72.1,3984.3,2262.9,422.8,0.0,431.5,0.0,118.9,115.9,305.1,293.8,14.0,0.0,1.0,0.0,26.4,0.0,0.0,9.8
2478,490262,49,1,3,1957.2,2125.4,1775.1,1935.1,5.4,7.3,229.4,239.8,129.2,261.0,807.7,1022.0,85.6,0.0,87.6,0.0,134.4,131.2,291.2,281.0,9.0,0.0,1.0,0.0,5.4,0.0,0.0,7.3
2479,490263,49,1,3,6795.2,2889.6,6572.0,2675.8,21.0,5.5,1093.5,8.3,600.5,0.0,3699.5,2328.7,360.5,0.0,367.8,0.0,101.2,97.1,259.1,241.7,89.0,0.0,1.0,0.0,21.0,0.0,0.0,5.5
2480,490264,49,1,3,12015.2,8702.7,11502.3,8203.7,32.0,18.6,1573.1,419.0,884.0,1820.2,5503.1,3737.6,565.6,0.0,577.2,0.0,638.9,610.0,1734.5,1616.8,20.0,0.0,6.0,0.0,32.0,0.0,0.0,18.6
2481,490265,49,1,3,9928.1,3965.8,9636.1,3683.4,32.3,8.0,1572.9,7.0,884.0,0.0,5507.0,3203.5,565.7,0.0,577.2,0.0,140.8,135.5,359.4,337.4,19.0,0.0,10.0,0.0,32.3,0.0,0.0,8.0
2482,490266,49,1,3,2643.2,1238.1,2520.6,1108.3,8.8,3.1,402.5,26.2,221.8,41.1,1419.8,884.8,147.4,0.0,150.6,0.0,45.1,43.6,118.4,112.5,5.0,0.0,10.0,0.0,8.8,0.0,0.0,3.1
2483,490267,49,1,2,2590.6,8958.4,2408.3,8769.1,7.3,8.3,318.0,500.1,176.5,0.0,1127.5,1299.7,122.7,2574.6,125.3,3880.9,227.3,221.2,305.0,292.6,3.0,0.0,3.0,0.0,7.3,0.0,0.0,8.3
2484,490268,49,1,2,366.6,6769.7,268.4,6653.6,0.2,3.0,9.5,209.0,5.6,0.0,45.3,317.9,3.3,0.0,3.3,5943.5,86.5,84.3,103.0,98.9,0.0,0.0,12.0,0.0,0.2,0.0,0.0,3.0
2485,490269,49,1,3,1144.2,500.8,1032.3,384.5,4.1,1.6,168.1,24.3,94.9,0.0,592.2,313.5,62.8,0.0,64.1,0.0,12.7,12.4,35.5,34.3,2.0,0.0,0.0,0.0,4.1,0.0,0.0,1.6
2486,490270,49,1,2,90.6,96.8,0.0,0.0,0.0,0.0,0.0,0.0,0.0,0.0,0.0,0.0,0.0,0.0,0.0,0.0,0.0,0.0,0.0,0.0,0.0,0.0,0.0,0.0,0.0,0.0,0.0,0.0
2487,490271,49,1,3,12358.1,6274.3,11924.3,5866.6,39.7,13.5,1990.6,368.7,1084.7,124.2,6706.2,4600.9,644.0,0.0,656.8,0.0,242.9,234.5,572.0,538.3,25.0,0.0,2.0,0.0,39.7,0.0,0.0,13.5
2488,490272,49,1,3,2773.3,1147.5,2643.8,1020.9,9.0,2.3,433.1,20.0,242.5,0.0,1514.2,874.2,155.7,0.0,159.3,0.0,36.9,35.5,97.2,91.3,5.0,0.0,0.0,0.0,9.0,0.0,0.0,2.3
2489,490273,49,1,3,495.1,232.2,414.5,151.4,1.4,0.4,67.8,0.1,37.5,0.0,239.7,133.7,24.8,0.0,25.4,0.0,4.5,4.4,13.8,13.3,1.0,0.0,0.0,0.0,1.4,0.0,0.0,0.4
2490,490274,49,1,2,3837.6,1489.3,3687.8,1343.9,12.7,3.5,587.9,2.4,326.0,0.0,2054.8,1164.4,212.8,0.0,217.4,0.0,51.5,49.8,133.5,127.2,103.0,0.0,1.0,0.0,12.7,0.0,0.0,3.5
2491,490275,49,1,2,4669.5,1817.6,4500.5,1649.5,16.7,5.5,732.5,3.0,404.6,0.0,2573.2,1423.8,269.2,0.0,274.9,0.0,64.5,62.7,166.6,160.0,10.0,0.0,5.0,0.0,16.7,0.0,0.0,5.5
2492,490276,49,1,3,1473.6,593.8,1360.3,476.6,5.1,1.6,218.7,0.6,121.2,0.0,775.9,414.5,84.6,0.0,86.3,0.0,16.9,16.6,46.7,44.9,8.0,0.0,2.0,0.0,5.1,0.0,0.0,1.6
2493,490277,49,1,3,544.3,948.3,423.9,821.7,1.1,3.0,47.6,86.5,26.4,126.3,168.9,406.8,18.1,0.0,18.4,63.4,41.8,40.6,101.8,98.2,1.0,0.0,0.0,0.0,1.1,0.0,0.0,3.0
2494,490278,49,1,3,116.7,105.8,27.7,9.0,0.1,0.0,3.2,0.0,2.5,0.0,15.9,8.2,1.6,0.0,1.7,0.0,0.2,0.2,0.6,0.6,0.0,0.0,2.0,0.0,0.1,0.0,0.0,0.0
2495,490279,49,1,2,311.5,119.4,235.5,42.5,0.3,0.1,16.3,3.3,9.3,0.0,60.4,35.2,6.2,0.0,6.3,0.0,0.8,0.8,3.2,3.1,133.0,0.0,0.0,0.0,0.3,0.0,0.0,0.1
2496,490280,49,1,2,1491.9,805.2,1383.6,696.1,5.0,2.5,217.6,85.1,120.2,6.5,758.4,498.2,78.0,0.0,79.8,0.0,37.5,36.2,73.1,70.1,19.0,0.0,0.0,0.0,5.0,0.0,0.0,2.5
2497,490281,49,1,3,90.6,92.4,0.0,0.0,0.0,0.0,0.0,0.0,0.0,0.0,0.0,0.0,0.0,0.0,0.0,0.0,0.0,0.0,0.0,0.0,0.0,0.0,0.0,0.0,0.0,0.0,0.0,0.0
2498,490282,49,1,3,95.7,92.3,10.0,0.0,0.0,0.0,0.0,0.0,0.0,0.0,5.0,0.0,0.0,0.0,0.0,0.0,0.0,0.0,0.0,0.0,0.0,0.0,5.0,0.0,0.0,0.0,0.0,0.0
2499,490283,49,1,3,1278.0,744.0,1162.7,622.6,4.0,2.0,179.5,31.3,100.1,45.3,638.8,449.5,68.6,0.0,70.1,0.0,27.8,27.3,71.9,69.1,2.0,0.0,4.0,0.0,4.0,0.0,0.0,2.0
2500,490284,49,1,2,408.7,1364.7,196.2,1143.5,0.0,3.3,0.0,296.2,0.0,166.1,8.0,508.7,0.0,0.0,0.0,0.0,71.0,69.0,109.2,103.5,0.0,0.0,8.0,0.0,0.0,0.0,0.0,3.3
2501,490285,49,1,2,102.7,103.1,0.0,0.0,0.0,0.0,0.0,0.0,0.0,0.0,0.0,0.0,0.0,0.0,0.0,0.0,0.0,0.0,0.0,0.0,0.0,0.0,0.0,0.0,0.0,0.0,0.0,0.0
2502,490286,49,1,2,110.8,99.6,22.0,0.0,0.0,0.0,0.0,0.0,0.0,0.0,11.0,0.0,0.0,0.0,0.0,0.0,0.0,0.0,0.0,0.0,0.0,0.0,11.0,0.0,0.0,0.0,0.0,0.0
2503,490287,49,1,2,99.8,99.1,0.0,0.0,0.0,0.0,0.0,0.0,0.0,0.0,0.0,0.0,0.0,0.0,0.0,0.0,0.0,0.0,0.0,0.0,0.0,0.0,0.0,0.0,0.0,0.0,0.0,0.0
2504,490288,49,1,2,99.9,102.9,0.0,0.0,0.0,0.0,0.0,0.0,0.0,0.0,0.0,0.0,0.0,0.0,0.0,0.0,0.0,0.0,0.0,0.0,0.0,0.0,0.0,0.0,0.0,0.0,0.0,0.0
2505,490289,49,1,2,3749.9,2858.1,3563.4,2674.7,12.8,6.3,556.2,136.9,311.0,130.5,1964.9,1233.2,211.1,886.5,215.8,0.0,81.2,79.4,215.1,208.1,7.0,0.0,1.0,0.0,12.8,0.0,0.0,6.3
2506,490290,49,1,3,1690.8,1120.7,1553.8,983.1,5.6,3.9,246.5,71.7,131.0,98.1,815.1,621.8,79.1,0.0,80.8,0.0,57.7,56.4,139.6,135.1,3.0,0.0,1.0,0.0,5.6,0.0,0.0,3.9
2507,490291,49,1,4,2212.8,5129.1,1822.8,4724.8,0.0,18.6,0.0,592.1,0.0,1004.6,5.0,1361.5,0.0,0.0,0.0,0.0,553.8,542.7,1259.0,1224.0,0.0,0.0,5.0,0.0,0.0,0.0,0.0,18.6
2508,490292,49,1,4,2618.3,7243.2,2336.4,6935.7,0.0,27.5,0.0,588.0,0.0,2600.1,5.0,1483.7,0.0,0.0,0.0,0.0,559.2,547.4,1767.2,1716.3,0.0,0.0,5.0,0.0,0.0,0.0,0.0,27.5
2509,490293,49,1,3,6031.5,13215.8,5310.0,12440.8,0.0,58.9,0.0,1086.9,0.0,4211.9,7.0,1995.0,0.0,0.0,0.0,0.0,1438.6,1405.5,3857.4,3741.6,0.0,0.0,7.0,0.0,0.0,0.0,0.0,58.9
2510,490294,49,1,3,1748.6,2407.0,1578.3,2230.2,5.1,9.7,227.6,267.3,112.9,317.1,675.0,1197.1,47.1,0.0,48.3,0.0,140.2,137.1,321.2,311.6,5.0,0.0,1.0,0.0,5.1,0.0,0.0,9.7
2511,490295,49,1,4,8286.9,9538.5,7615.9,8852.9,21.6,38.4,973.6,1240.2,506.5,1060.5,2902.9,3814.0,202.0,0.0,206.3,0.0,915.7,897.1,1891.8,1840.9,10.0,0.0,7.0,0.0,21.6,0.0,0.0,38.4
2512,490296,49,1,4,3342.8,8565.9,2982.7,8176.9,0.1,35.5,3.2,657.4,2.4,3181.8,16.1,1457.6,1.6,0.0,1.6,0.0,711.6,696.8,2244.2,2183.3,0.0,0.0,2.0,0.0,0.1,0.0,0.0,35.5
2513,490297,49,1,3,7995.5,7059.1,7436.9,6492.5,23.3,32.5,1023.2,552.2,491.4,1217.9,2943.2,2298.5,222.1,0.0,226.9,0.0,726.0,710.1,1760.2,1713.8,41.0,0.0,3.0,0.0,23.3,0.0,0.0,32.5
2514,490298,49,1,3,12353.6,5147.5,11948.2,4761.1,46.2,17.6,2037.0,63.8,1079.7,54.0,6750.6,3956.7,664.8,0.0,678.4,0.0,199.9,195.8,504.8,490.8,31.0,0.0,2.0,0.0,46.2,0.0,0.0,17.6
2515,490299,49,1,4,2281.1,3522.7,2049.0,3294.5,6.5,7.9,290.0,395.6,155.6,65.9,955.9,1054.5,91.2,1331.5,93.4,0.0,171.9,168.9,285.8,278.1,4.0,0.0,1.0,0.0,6.5,0.0,0.0,7.9
2516,490300,49,1,4,6782.9,3910.2,6474.2,3617.8,27.1,14.2,1299.4,109.2,621.0,55.0,3508.2,2855.6,207.4,0.0,212.0,0.0,177.6,174.4,434.6,423.6,13.0,0.0,1.0,0.0,27.1,0.0,0.0,14.2
2517,490301,49,1,3,3997.0,2487.9,3787.3,2281.7,16.1,9.1,758.4,96.6,361.5,63.7,2046.9,1762.1,120.9,0.0,123.6,0.0,106.4,104.2,261.5,255.0,7.0,0.0,1.0,0.0,16.1,0.0,0.0,9.1
2518,490302,49,1,3,3510.3,1338.9,3354.3,1186.2,12.7,4.3,543.9,18.8,303.6,0.0,1916.7,1004.8,205.4,0.0,210.0,0.0,46.6,45.4,121.0,117.2,6.0,0.0,1.0,0.0,12.7,0.0,0.0,4.3
2519,490303,49,1,3,15521.6,7899.4,15030.9,7435.4,59.6,24.4,2539.6,160.1,1359.6,43.6,8490.5,4919.8,831.9,1409.7,848.7,0.0,271.6,266.3,653.9,636.0,33.0,0.0,2.0,0.0,59.6,0.0,0.0,24.4
2520,490304,49,1,3,4991.9,3643.5,4720.0,3372.6,20.2,14.9,928.6,184.6,445.8,224.8,2483.1,2411.3,141.1,0.0,144.2,0.0,155.6,152.5,409.6,399.4,11.0,0.0,1.0,0.0,20.2,0.0,0.0,14.9
2521,490305,49,1,3,85.5,84.6,0.0,0.0,0.0,0.0,0.0,0.0,0.0,0.0,0.0,0.0,0.0,0.0,0.0,0.0,0.0,0.0,0.0,0.0,0.0,0.0,0.0,0.0,0.0,0.0,0.0,0.0
2522,490306,49,1,3,5097.1,1986.0,4894.6,1790.2,18.0,6.3,790.3,110.9,427.8,5.6,2769.5,1432.1,296.6,0.0,302.8,0.0,69.1,68.0,178.5,173.7,59.0,0.0,1.0,0.0,18.0,0.0,0.0,6.3
2523,490307,49,1,3,11511.3,6437.1,11089.2,5996.7,50.2,27.8,2235.6,80.1,1057.6,107.1,6038.2,4895.9,355.5,0.0,363.0,0.0,261.8,257.3,672.5,656.3,74.0,0.0,31.0,0.0,50.2,0.0,0.0,27.8
2524,490308,49,1,3,3864.1,2275.7,3664.9,2074.1,16.7,9.9,736.8,81.7,354.8,63.2,1983.6,1609.4,114.9,0.0,117.5,0.0,88.8,87.3,238.5,232.5,28.0,0.0,2.0,0.0,16.7,0.0,0.0,9.9
2525,490309,49,1,3,2828.7,2057.6,2646.1,1870.3,10.6,9.3,440.5,126.1,218.9,257.3,1341.1,1083.2,111.8,0.0,114.5,0.0,108.4,106.7,303.9,297.0,6.0,0.0,1.0,0.0,10.6,0.0,0.0,9.3
2526,490310,49,1,2,396.9,1275.9,256.4,1127.8,0.0,5.5,0.0,192.8,0.0,225.1,0.0,459.4,0.0,0.0,0.0,0.0,71.5,70.5,184.9,180.0,0.0,0.0,0.0,0.0,0.0,0.0,0.0,5.5
2527,490311,49,1,3,94.4,89.4,18.0,0.0,0.0,0.0,0.0,0.0,0.0,0.0,9.0,0.0,0.0,0.0,0.0,0.0,0.0,0.0,0.0,0.0,0.0,0.0,9.0,0.0,0.0,0.0,0.0,0.0
2528,490312,49,1,3,2103.3,3907.5,1834.5,3620.2,4.1,15.4,184.6,371.3,88.1,477.7,502.2,1177.3,29.3,0.0,30.0,623.6,305.7,300.0,686.7,670.2,4.0,0.0,4.0,0.0,4.1,0.0,0.0,15.4
2529,490313,49,1,3,133.4,113.2,42.3,12.7,0.2,0.0,4.9,0.0,3.1,0.0,23.9,11.6,1.7,0.0,1.6,0.0,0.2,0.2,1.0,1.0,0.0,0.0,6.0,0.0,0.2,0.0,0.0,0.0
2530,490314,49,1,3,7359.5,3856.1,7063.1,3559.5,32.5,16.4,1440.9,23.1,687.5,0.0,3902.9,3016.2,232.5,0.0,237.5,0.0,150.0,147.3,381.8,372.9,23.0,0.0,7.0,0.0,32.5,0.0,0.0,16.4
2531,490315,49,1,2,553.7,1470.5,450.7,1350.5,0.0,5.9,0.0,183.7,0.0,491.7,13.0,259.6,0.0,0.0,0.0,0.0,98.8,97.4,325.9,318.2,0.0,0.0,13.0,0.0,0.0,0.0,0.0,5.9
2532,490316,49,1,3,88.5,88.6,6.0,0.0,0.0,0.0,0.0,0.0,0.0,0.0,3.0,0.0,0.0,0.0,0.0,0.0,0.0,0.0,0.0,0.0,0.0,0.0,3.0,0.0,0.0,0.0,0.0,0.0
2533,490317,49,1,3,907.0,2814.4,722.1,2595.8,0.0,12.0,0.0,442.3,0.0,474.0,21.0,1014.1,0.0,0.0,0.0,0.0,214.0,210.7,466.0,454.7,0.0,0.0,21.0,0.0,0.0,0.0,0.0,12.0
2534,490318,49,1,3,4187.2,1869.0,4000.4,1671.8,16.5,7.0,730.8,77.1,364.7,0.0,2240.8,1360.7,186.5,0.0,190.6,0.0,66.7,65.7,172.2,168.3,33.0,0.0,15.0,0.0,16.5,0.0,0.0,7.0
2535,490319,49,1,3,5323.0,3513.8,5091.7,3286.0,21.7,10.0,928.1,65.5,469.2,0.0,2813.0,1804.4,231.3,1069.7,236.2,0.0,108.0,106.1,246.0,240.4,59.0,0.0,1.0,0.0,21.7,0.0,0.0,10.0
2536,490320,49,1,3,2592.8,8363.6,2099.1,7843.5,0.0,33.0,0.0,1366.3,0.0,1397.7,2.0,3031.5,0.0,0.0,0.0,0.0,669.2,660.2,1425.9,1387.8,0.0,0.0,2.0,0.0,0.0,0.0,0.0,33.0
2537,490321,49,1,2,2712.5,1057.7,2527.4,867.7,10.8,4.1,430.9,8.9,225.4,0.0,1401.8,734.8,142.5,0.0,145.7,0.0,34.9,34.0,92.2,90.1,51.0,0.0,3.0,0.0,10.8,0.0,0.0,4.1
2538,490322,49,1,3,3380.7,1301.9,3215.6,1137.3,14.0,5.4,531.3,18.8,287.5,0.0,1825.5,946.4,192.0,0.0,196.2,0.0,51.3,50.1,124.8,122.0,6.0,0.0,1.0,0.0,14.0,0.0,0.0,5.4
2539,490323,49,1,3,742.0,311.7,639.0,203.9,2.7,1.0,99.6,4.8,55.8,0.0,344.2,172.2,34.7,0.0,35.5,0.0,6.8,6.8,20.4,20.1,40.0,0.0,2.0,0.0,2.7,0.0,0.0,1.0
2540,490324,49,1,3,3812.7,2927.2,3556.7,2660.4,15.5,14.3,639.1,289.2,312.2,109.7,1739.4,1738.0,106.3,0.0,108.9,0.0,175.8,173.2,356.0,350.3,111.0,0.0,8.0,0.0,15.5,0.0,0.0,14.3
2541,490325,49,1,3,4245.7,3012.5,4056.7,2827.5,17.9,7.3,630.5,59.8,358.8,0.0,2269.3,1141.5,252.2,1390.9,257.5,0.0,76.1,75.1,163.3,160.2,48.0,0.0,1.0,0.0,17.9,0.0,0.0,7.3
2542,490326,49,1,3,2217.2,1059.6,2096.4,937.4,9.7,4.7,396.2,1.4,186.7,0.0,1112.9,798.8,71.8,0.0,73.5,0.0,38.7,37.9,101.6,99.2,112.0,0.0,3.0,0.0,9.7,0.0,0.0,4.7
2543,490327,49,1,3,3950.6,4183.2,3613.5,3827.0,14.8,22.5,556.0,617.3,281.6,447.9,1710.9,2011.6,133.6,0.0,136.6,0.0,235.6,232.3,526.2,517.9,21.0,0.0,12.0,0.0,14.8,0.0,0.0,22.5
2544,490328,49,1,4,5269.9,2278.7,5049.5,2068.3,22.7,9.9,915.8,17.1,458.1,13.8,2805.7,1725.0,234.5,0.0,239.5,0.0,89.4,88.0,228.5,224.4,69.0,0.0,9.0,0.0,22.7,0.0,0.0,9.9
2545,490329,49,1,4,418.8,1172.3,299.7,1054.5,0.0,5.8,0.0,333.2,0.0,0.0,0.0,426.6,0.0,0.0,0.0,0.0,137.9,135.7,161.8,158.9,0.0,0.0,0.0,0.0,0.0,0.0,0.0,5.8
2546,490330,49,1,4,3090.6,1493.4,2929.8,1342.7,13.3,7.1,508.7,10.2,253.5,129.2,1591.1,925.4,140.9,0.0,144.2,0.0,68.8,68.0,213.6,209.8,7.0,0.0,2.0,0.0,13.3,0.0,0.0,7.1
2547,490331,49,1,4,645.2,1634.7,495.3,1476.3,0.0,8.5,0.0,199.9,0.0,261.1,6.0,539.7,0.0,0.0,0.0,0.0,144.4,142.4,338.9,333.3,0.0,0.0,6.0,0.0,0.0,0.0,0.0,8.5
2548,490332,49,1,4,370.9,1343.6,229.1,1203.0,0.0,6.4,0.0,344.0,0.0,154.2,1.0,481.1,0.0,0.0,0.0,0.0,69.5,68.8,157.6,155.0,0.0,0.0,1.0,0.0,0.0,0.0,0.0,6.4
2549,490333,49,1,4,1492.8,6876.3,999.1,6345.0,0.0,34.5,0.0,1806.6,0.0,443.9,16.0,3141.5,0.0,0.0,0.0,0.0,348.3,343.9,618.9,609.1,0.0,0.0,16.0,0.0,0.0,0.0,0.0,34.5
2550,490334,49,1,4,2687.9,11273.6,1970.5,10511.3,0.0,57.1,0.0,2468.1,0.0,1404.9,5.0,4404.9,0.0,303.1,0.0,0.0,596.7,588.7,1363.9,1341.6,0.0,0.0,5.0,0.0,0.0,0.0,0.0,57.1
2551,490335,49,1,4,246.5,1114.4,128.8,998.6,0.0,5.4,0.0,481.7,0.0,87.3,1.0,304.9,0.0,0.0,0.0,0.0,38.6,38.0,88.2,86.7,0.0,0.0,1.0,0.0,0.0,0.0,0.0,5.4
2552,490336,49,1,4,4007.9,9746.6,3344.8,9062.1,0.0,33.6,0.0,1329.2,0.0,774.1,2.0,2797.7,0.0,0.0,0.0,0.0,1117.9,1103.9,2222.9,2188.1,0.0,869.0,2.0,0.0,0.0,0.0,0.0,33.6
2553,490337,49,1,4,1221.2,8667.3,693.7,8103.9,0.0,44.8,0.0,3812.5,0.0,255.5,4.0,3360.5,0.0,0.0,0.0,0.0,258.7,255.4,427.0,420.0,0.0,0.0,4.0,0.0,0.0,0.0,0.0,44.8
2554,490338,49,1,4,2190.3,2039.7,2002.4,1850.3,7.5,8.7,317.6,220.2,160.0,180.9,972.0,1081.1,79.0,0.0,80.9,0.0,111.7,110.5,262.1,257.6,10.0,0.0,9.0,0.0,7.5,0.0,0.0,8.7
2555,490339,49,1,4,5724.7,5794.8,5287.4,5341.6,17.4,27.9,697.5,893.4,360.4,535.2,2247.2,2366.9,193.1,0.0,196.8,0.0,488.6,483.2,1079.6,1062.9,10.0,0.0,14.0,0.0,17.4,0.0,0.0,27.9
2556,490340,49,1,4,2670.8,4847.6,2253.2,4413.3,0.0,25.3,0.0,842.1,0.0,831.3,2.0,522.4,0.0,0.0,0.0,0.0,688.3,680.4,1560.9,1537.0,0.0,0.0,2.0,0.0,0.0,0.0,0.0,25.3
2557,490341,49,1,4,9889.2,8078.1,9422.4,7605.0,33.5,36.6,1395.3,1119.7,727.2,1237.5,4491.1,3316.1,393.0,0.0,400.5,0.0,506.1,501.3,1452.2,1430.4,42.0,0.0,15.0,0.0,33.5,0.0,0.0,36.6
2558,490342,49,1,3,155.1,226.8,115.7,160.8,0.1,0.8,2.7,21.2,1.7,38.3,37.8,58.7,0.6,0.0,0.6,0.0,9.9,9.7,33.4,32.8,0.0,0.0,29.0,0.0,0.1,0.0,0.0,0.8
2559,490343,49,1,3,3479.8,1424.8,3323.4,1241.8,13.5,4.8,576.8,2.1,293.2,0.0,1871.9,1068.0,177.7,0.0,181.6,0.0,49.0,47.8,128.1,123.9,18.0,0.0,27.0,0.0,13.5,0.0,0.0,4.8
2560,490344,49,1,3,109.8,791.5,25.2,698.1,0.1,0.0,1.5,0.0,1.4,0.0,14.0,3.8,1.1,638.3,1.0,55.9,0.0,0.0,0.2,0.2,0.0,0.0,6.0,0.0,0.1,0.0,0.0,0.0
2561,490345,49,1,2,4040.8,1771.9,3862.3,1588.1,17.5,7.0,709.1,3.1,352.7,0.0,2169.6,1354.2,177.8,0.0,181.7,0.0,65.8,64.4,169.7,166.4,27.0,0.0,9.0,0.0,17.5,0.0,0.0,7.0
2562,490346,49,1,2,2740.2,1230.7,2589.3,1079.9,12.9,5.8,482.2,1.7,233.5,0.0,1427.3,919.4,109.1,0.0,111.5,0.0,44.7,43.7,117.0,115.1,63.0,0.0,1.0,0.0,12.9,0.0,0.0,5.8
2563,490347,49,1,3,1490.4,728.4,1378.1,604.4,5.9,2.6,247.1,55.9,122.6,0.0,741.9,467.9,55.7,0.0,57.2,0.0,21.9,21.7,59.7,58.9,62.0,0.0,10.0,0.0,5.9,0.0,0.0,2.6
2564,490348,49,1,3,1933.5,883.9,1804.4,753.2,7.9,3.3,332.3,15.0,165.0,0.0,984.4,628.6,74.8,0.0,76.5,0.0,30.3,29.7,81.1,79.9,59.0,0.0,1.0,0.0,7.9,0.0,0.0,3.3
2565,490349,49,1,3,108.9,99.7,23.6,12.0,0.1,0.0,3.9,0.0,2.4,0.0,13.1,10.9,0.5,0.0,0.6,0.0,0.2,0.2,1.0,0.9,0.0,0.0,2.0,0.0,0.1,0.0,0.0,0.0
2566,490350,49,1,3,765.3,2650.3,362.5,2227.5,0.2,14.3,6.7,1064.5,3.7,106.5,27.8,745.5,1.4,0.0,1.4,0.0,173.2,170.9,141.4,140.0,0.0,0.0,7.0,0.0,0.2,0.0,0.0,14.3
2567,490351,49,1,3,1194.9,538.3,1093.0,424.9,4.7,2.0,188.2,7.8,93.4,0.0,565.7,356.5,42.1,0.0,43.2,0.0,16.4,16.3,44.8,44.3,91.0,0.0,8.0,0.0,4.7,0.0,0.0,2.0
2568,490352,49,1,3,4450.5,1984.4,4248.4,1786.1,21.8,10.0,802.1,16.7,395.5,0.0,2374.8,1497.0,182.0,0.0,185.5,0.0,77.0,75.9,198.5,196.5,31.0,0.0,2.0,0.0,21.8,0.0,0.0,10.0
2569,490353,49,1,3,291.9,1028.5,84.6,812.1,0.2,6.0,4.8,512.8,2.8,0.0,17.9,245.7,0.9,0.0,1.0,0.0,50.4,49.6,3.9,3.9,0.0,0.0,3.0,0.0,0.2,0.0,0.0,6.0
2570,490354,49,1,3,1493.5,5027.1,1069.2,4573.4,1.4,30.8,48.3,1220.4,23.9,452.1,131.4,2067.3,7.0,0.0,7.1,0.0,289.5,285.5,553.0,548.1,7.0,0.0,2.0,0.0,1.4,0.0,0.0,30.8
2571,490355,49,1,4,1911.0,5329.3,1456.6,4841.7,0.0,37.1,0.0,1570.8,0.0,1164.5,7.0,676.6,0.0,0.0,0.0,0.0,417.1,411.7,1025.5,1018.0,0.0,0.0,7.0,0.0,0.0,0.0,0.0,37.1
2572,490356,49,1,3,119.1,109.1,18.0,0.0,0.0,0.0,0.0,0.0,0.0,0.0,9.0,0.0,0.0,0.0,0.0,0.0,0.0,0.0,0.0,0.0,0.0,0.0,9.0,0.0,0.0,0.0,0.0,0.0
2573,490357,49,1,3,14292.3,6383.2,13780.5,5889.1,59.5,24.5,2402.4,322.3,1221.1,120.3,7700.6,4585.2,743.9,0.0,759.1,0.0,246.7,242.6,633.7,618.7,65.0,0.0,8.0,0.0,59.5,0.0,0.0,24.5
2574,490358,49,1,3,4836.3,1782.7,4635.6,1579.1,20.1,6.9,765.6,3.5,409.5,0.0,2622.9,1349.9,279.3,0.0,285.3,0.0,64.4,63.0,166.6,162.6,35.0,0.0,7.0,0.0,20.1,0.0,0.0,6.9
2575,490359,49,1,3,1150.2,2167.1,1030.4,2037.4,4.1,2.3,155.4,59.4,82.2,0.0,538.9,348.8,56.9,1535.6,58.2,0.0,35.4,34.5,60.4,59.1,36.0,0.0,7.0,0.0,4.1,0.0,0.0,2.3
2576,490360,49,1,3,5785.8,2773.0,5561.0,2542.6,24.6,12.8,942.3,64.4,484.1,219.8,3003.2,1763.4,270.8,0.0,276.4,0.0,127.4,125.1,376.9,369.9,71.0,0.0,9.0,0.0,24.6,0.0,0.0,12.8
2577,490361,49,1,3,4545.5,1407.2,4363.5,1222.9,18.4,6.2,627.8,2.0,359.8,0.0,2310.0,1042.4,264.7,0.0,270.3,0.0,50.3,49.5,131.6,129.0,344.0,0.0,5.0,0.0,18.4,0.0,0.0,6.2
2578,490362,49,1,3,3782.6,1727.9,3603.5,1542.7,18.6,8.5,679.3,3.0,343.0,0.0,2017.1,1310.7,152.6,0.0,155.8,0.0,64.9,63.6,167.7,165.3,15.0,0.0,8.0,0.0,18.6,0.0,0.0,8.5
2579,490363,49,1,3,4391.5,1990.2,4198.1,1791.8,19.2,8.1,790.9,22.8,395.0,0.0,2355.5,1500.6,180.3,0.0,183.8,0.0,76.3,75.1,196.2,193.3,13.0,0.0,7.0,0.0,19.2,0.0,0.0,8.1
2580,490364,49,1,3,2285.4,1041.2,2145.8,893.8,10.2,4.4,396.2,10.5,197.2,0.0,1174.3,752.1,89.3,0.0,91.3,0.0,36.6,35.8,97.0,95.4,63.0,0.0,1.0,0.0,10.2,0.0,0.0,4.4
2581,490365,49,1,3,4151.7,1835.1,3962.5,1637.3,17.9,8.0,707.8,29.9,353.4,3.8,2107.0,1357.8,161.2,0.0,164.7,0.0,70.6,69.5,178.8,176.4,214.0,0.0,5.0,0.0,17.9,0.0,0.0,8.0
2582,490366,49,1,3,5644.4,2592.4,5412.0,2347.0,27.1,12.3,1016.4,42.9,508.3,3.8,3035.6,1947.4,231.7,0.0,236.6,0.0,101.9,100.4,255.5,252.5,10.0,0.0,16.0,0.0,27.1,0.0,0.0,12.3
2583,490367,49,1,3,5187.1,2342.1,4967.9,2123.3,25.1,11.4,937.5,23.2,462.2,3.8,2784.5,1772.7,213.3,0.0,217.8,0.0,92.5,91.1,235.2,232.6,16.0,0.0,9.0,0.0,25.1,0.0,0.0,11.4
2584,490368,49,1,3,2986.1,1336.0,2840.5,1171.3,14.0,6.5,517.2,14.5,257.9,0.0,1549.3,983.6,117.9,0.0,120.1,0.0,48.8,47.8,127.3,125.4,88.0,0.0,14.0,0.0,14.0,0.0,0.0,6.5
2585,490369,49,1,3,1593.5,741.9,1484.5,611.8,7.4,3.3,272.1,7.1,135.6,0.0,822.0,515.6,61.6,0.0,63.2,0.0,24.4,24.1,65.6,64.9,26.0,0.0,14.0,0.0,7.4,0.0,0.0,3.3
2586,490370,49,1,3,2137.3,1023.2,2013.7,875.3,9.9,4.5,381.7,14.2,194.5,0.0,1127.3,733.3,78.9,0.0,80.8,0.0,36.1,35.6,93.4,92.2,3.0,0.0,18.0,0.0,9.9,0.0,0.0,4.5
2587,490371,49,1,3,120.8,159.0,33.5,61.5,0.1,0.4,2.3,6.2,1.5,13.7,8.4,22.2,0.3,0.0,0.4,0.0,4.5,4.5,15.0,14.9,0.0,0.0,1.0,0.0,0.1,0.0,0.0,0.4
2588,490372,49,1,3,118.4,108.5,41.8,12.5,0.1,0.0,3.9,0.0,2.3,0.0,22.3,11.2,0.6,0.0,0.6,0.0,0.2,0.2,1.0,1.0,0.0,0.0,11.0,0.0,0.1,0.0,0.0,0.0
2589,490373,49,1,3,10177.1,3517.5,9856.9,3216.6,40.1,13.4,1561.4,7.2,869.0,0.0,5634.0,2745.0,640.5,0.0,653.0,0.0,133.6,131.2,341.2,333.1,22.0,0.0,2.0,0.0,40.1,0.0,0.0,13.4
2590,490374,49,1,3,1598.1,802.9,1458.0,654.8,6.5,3.0,252.3,17.6,129.9,25.7,809.7,510.5,77.0,0.0,78.8,0.0,28.0,27.5,75.3,73.6,3.0,0.0,4.0,0.0,6.5,0.0,0.0,3.0
2591,490375,49,1,3,944.4,1571.3,825.4,1444.0,3.5,1.9,131.4,35.5,69.4,0.0,452.6,280.0,47.8,1060.7,48.9,0.0,24.5,24.0,44.7,43.9,3.0,0.0,3.0,0.0,3.5,0.0,0.0,1.9
2592,490376,49,1,3,2163.7,1150.2,1996.4,974.1,8.7,4.8,323.7,143.1,172.4,4.8,1106.7,679.3,117.1,0.0,119.5,0.0,52.8,51.7,97.2,95.2,3.0,0.0,4.0,0.0,8.7,0.0,0.0,4.8
2593,490377,49,1,3,4354.1,1634.7,4144.3,1416.1,18.6,7.3,667.8,94.2,375.0,0.0,2356.7,1117.4,256.3,0.0,261.7,0.0,68.2,66.8,140.4,137.7,9.0,0.0,9.0,0.0,18.6,0.0,0.0,7.3
2594,490378,49,1,3,2581.5,1049.5,2421.5,885.5,11.2,4.8,383.3,20.8,213.3,24.5,1368.2,702.0,152.7,0.0,156.0,0.0,38.7,37.8,102.2,100.4,5.0,0.0,2.0,0.0,11.2,0.0,0.0,4.8
2595,490379,49,1,3,1523.6,723.0,1401.5,595.2,7.2,3.2,267.7,4.2,132.5,0.0,790.2,505.5,58.0,0.0,59.4,0.0,23.5,23.1,63.3,62.3,2.0,0.0,5.0,0.0,7.2,0.0,0.0,3.2
2596,490380,49,1,3,9336.1,10805.3,8531.5,9973.2,31.3,50.3,1252.6,1382.6,619.0,897.7,3731.0,5404.9,284.5,0.0,290.5,0.0,757.1,743.2,1577.8,1544.9,13.0,0.0,6.0,0.0,31.3,0.0,0.0,50.3
2597,490381,49,1,3,5156.9,2420.6,4940.9,2197.4,23.3,10.5,930.8,47.6,459.4,4.8,2775.0,1822.3,210.2,0.0,214.7,0.0,96.4,95.0,232.4,227.7,12.0,0.0,10.0,0.0,23.3,0.0,0.0,10.5
2598,490382,49,1,3,5214.7,3134.0,4989.4,2907.1,22.9,11.2,838.7,93.2,463.5,32.9,2765.7,1653.3,261.4,787.3,266.9,0.0,105.3,103.7,241.0,236.7,43.0,0.0,4.0,0.0,22.9,0.0,0.0,11.2
2599,490383,49,1,3,2043.8,1783.1,1918.8,1653.6,8.4,9.7,321.6,134.4,167.1,149.4,892.7,939.5,47.0,0.0,48.0,0.0,131.1,128.7,306.3,301.6,3.0,0.0,2.0,0.0,8.4,0.0,0.0,9.7
2600,490384,49,1,3,2321.8,3854.2,2109.4,3625.4,6.6,22.9,244.2,437.4,126.8,692.8,682.0,1531.0,36.2,0.0,37.0,0.0,259.0,254.9,720.0,709.3,2.0,0.0,2.0,0.0,6.6,0.0,0.0,22.9
2601,490385,49,1,4,4158.0,4531.2,3765.2,4132.4,16.4,25.0,599.3,977.0,298.6,392.2,1790.8,1978.9,134.6,0.0,137.4,0.0,285.0,280.7,510.5,503.5,6.0,0.0,3.0,0.0,16.4,0.0,0.0,25.0
2602,490386,49,1,4,2511.8,5400.1,2122.7,4977.5,0.9,34.4,33.1,829.0,17.5,1026.1,108.7,1208.0,7.3,0.0,7.4,0.0,566.6,558.8,1374.1,1355.7,0.0,0.0,8.0,0.0,0.9,0.0,0.0,34.4
2603,490387,49,1,4,951.4,2937.9,676.5,2646.4,0.0,17.1,0.0,703.5,0.0,329.6,6.0,957.9,0.0,0.0,0.0,0.0,227.5,224.3,437.0,431.1,0.0,0.0,6.0,0.0,0.0,0.0,0.0,17.1
2604,490388,49,1,4,2846.0,2459.1,2643.5,2254.6,12.2,14.4,438.2,149.1,222.8,270.2,1291.6,1350.4,94.4,0.0,96.5,0.0,130.9,128.6,360.9,356.3,3.0,0.0,5.0,0.0,12.2,0.0,0.0,14.4
2605,490389,49,1,3,5014.6,2168.7,4757.9,1916.7,20.4,8.6,827.2,60.6,418.3,38.5,2660.5,1528.2,267.6,0.0,273.4,0.0,84.5,83.1,211.4,206.4,14.0,0.0,1.0,0.0,20.4,0.0,0.0,8.6
2606,490390,49,1,3,2452.0,4448.7,2279.2,4269.6,8.8,8.0,325.6,149.8,177.1,168.1,1101.7,764.2,112.1,0.0,114.6,2754.6,137.3,134.6,304.6,298.3,5.0,0.0,1.0,0.0,8.8,0.0,0.0,8.0
2607,490391,49,1,3,1627.0,792.6,1498.2,660.0,6.6,3.4,245.2,31.0,130.3,43.5,827.6,471.5,84.5,0.0,86.4,0.0,31.1,30.6,85.1,83.3,8.0,0.0,0.0,0.0,6.6,0.0,0.0,3.4
2608,490392,49,1,3,925.4,1541.7,826.4,1421.0,2.6,8.4,98.8,148.0,50.4,259.6,288.1,678.8,15.2,0.0,15.5,0.0,90.4,89.0,249.8,245.5,4.0,0.0,14.0,0.0,2.6,0.0,0.0,8.4
2609,490393,49,1,3,3393.6,5789.4,2972.7,5335.7,9.7,32.7,370.2,926.9,189.5,348.2,1018.8,2811.2,52.4,0.0,53.5,0.0,456.9,449.4,812.2,799.9,8.0,0.0,11.0,0.0,9.7,0.0,0.0,32.7
2610,490394,49,1,4,2686.5,2910.2,2438.9,2652.8,11.1,15.4,418.6,569.2,210.3,60.4,1184.9,1556.9,70.1,0.0,71.8,0.0,189.4,186.7,283.8,279.6,3.0,0.0,7.0,0.0,11.1,0.0,0.0,15.4
2611,490395,49,1,4,2795.3,8253.2,2469.7,7895.1,5.6,28.6,198.1,759.0,100.0,562.1,607.0,1518.7,43.8,0.0,44.7,3616.8,474.2,467.7,983.9,970.8,2.0,0.0,16.0,0.0,5.6,0.0,0.0,28.6
2612,490396,49,1,3,2300.0,2049.8,2158.3,1903.9,9.1,4.8,345.0,92.5,182.4,0.0,1167.4,721.5,118.2,697.5,120.9,214.0,64.5,63.4,117.8,114.9,39.0,0.0,3.0,0.0,9.1,0.0,0.0,4.8
2613,490397,49,1,3,3113.3,2607.5,2953.6,2446.7,12.9,5.7,489.0,58.6,258.6,0.0,1650.4,933.6,166.9,1257.1,170.6,0.0,65.2,64.1,135.9,133.3,15.0,0.0,2.0,0.0,12.9,0.0,0.0,5.7
2614,490398,49,1,3,1644.4,1596.5,1533.8,1461.9,6.3,7.9,250.6,173.5,125.1,126.5,729.7,861.1,43.3,0.0,44.3,0.0,96.5,95.2,209.2,205.7,15.0,0.0,20.0,0.0,6.3,0.0,0.0,7.9
2615,490399,49,1,3,2698.5,1475.2,2572.1,1343.6,12.5,7.4,479.4,39.9,247.2,22.3,1411.0,1071.7,93.8,0.0,95.9,0.0,61.6,60.6,152.2,149.1,25.0,0.0,6.0,0.0,12.5,0.0,0.0,7.4
2616,490400,49,1,3,3525.1,6353.0,3184.1,5978.0,10.9,35.4,393.2,1391.2,202.9,630.0,1162.8,2080.2,76.6,644.6,78.3,0.0,411.1,404.8,839.3,827.1,9.0,0.0,11.0,0.0,10.9,0.0,0.0,35.4
2617,490401,49,1,3,5779.6,2378.3,5544.4,2140.5,26.5,11.5,998.9,10.1,528.3,0.0,3112.6,1806.3,268.8,0.0,274.6,0.0,92.9,91.5,236.3,232.6,26.0,0.0,6.0,0.0,26.5,0.0,0.0,11.5
2618,490402,49,1,4,4863.5,9325.9,4165.1,8594.6,13.4,49.0,540.3,2649.3,260.9,997.9,1515.4,3339.3,97.9,0.0,100.1,0.0,511.0,504.4,1121.5,1103.6,13.0,0.0,5.0,0.0,13.4,0.0,0.0,49.0
2619,490403,49,1,3,295.8,667.1,203.1,560.2,0.2,3.5,4.9,101.4,2.9,136.1,28.1,173.1,1.3,0.0,1.2,0.0,39.5,38.7,113.3,111.0,0.0,0.0,12.0,0.0,0.2,0.0,0.0,3.5
2620,490404,49,1,3,3859.9,1668.7,3693.2,1489.7,17.1,7.4,678.7,3.4,337.2,0.0,2040.2,1260.9,156.3,0.0,159.7,0.0,63.9,62.9,165.1,162.5,79.0,0.0,13.0,0.0,17.1,0.0,0.0,7.4
2621,490405,49,1,3,4404.1,1582.2,4213.4,1350.0,18.8,6.9,708.2,10.8,374.3,0.0,2378.6,1137.1,243.6,0.0,248.8,0.0,57.3,56.1,148.6,146.0,17.0,0.0,37.0,0.0,18.8,0.0,0.0,6.9
2622,490406,49,1,3,3143.5,1193.2,2956.1,995.1,13.0,4.7,509.7,4.5,268.1,0.0,1664.9,841.9,168.4,0.0,172.1,0.0,41.9,40.9,110.0,107.7,15.0,0.0,6.0,0.0,13.0,0.0,0.0,4.7
2623,490407,49,1,4,1121.3,4339.3,717.1,3903.1,0.0,22.3,0.0,1602.6,0.0,133.4,21.0,1502.0,0.0,0.0,0.0,0.0,305.5,301.5,369.6,363.5,0.0,0.0,21.0,0.0,0.0,0.0,0.0,22.3
2624,490408,49,1,4,7264.5,3251.9,7004.7,2992.6,32.3,14.3,1338.6,6.2,659.9,0.0,3923.4,2528.5,282.3,0.0,288.2,0.0,130.8,129.1,334.5,328.7,25.0,0.0,22.0,0.0,32.3,0.0,0.0,14.3
2625,490409,49,1,4,4731.6,2063.4,4498.6,1838.5,19.2,8.7,734.3,76.8,400.7,43.7,2514.7,1388.4,269.2,25.2,274.9,22.5,83.0,81.6,203.8,200.3,10.0,0.0,8.0,0.0,19.2,0.0,0.0,8.7
2626,490410,49,1,3,6955.9,3617.3,6675.1,3330.8,28.9,11.5,1099.2,102.1,599.4,3.9,3753.2,1932.5,402.0,930.4,410.4,0.0,111.1,109.4,256.8,252.5,35.0,0.0,8.0,0.0,28.9,0.0,0.0,11.5
2627,490411,49,1,3,2115.3,5324.9,1931.5,5130.0,7.6,5.4,312.8,174.9,163.9,0.0,1003.3,726.9,97.5,0.0,99.7,3984.8,97.4,95.6,150.8,147.8,5.0,0.0,1.0,0.0,7.6,0.0,0.0,5.4
2628,490412,49,1,3,3026.4,1228.3,2873.8,1074.7,12.5,4.7,510.6,3.2,287.1,0.0,1622.2,909.8,136.3,0.0,139.2,0.0,45.7,44.8,119.7,116.9,12.0,0.0,1.0,0.0,12.5,0.0,0.0,4.7
2629,490413,49,1,4,2841.1,5411.5,2320.4,4871.2,0.0,28.4,0.0,732.0,0.0,753.4,3.0,1104.5,0.0,0.0,0.0,0.0,733.5,724.5,1581.0,1556.6,0.0,0.0,3.0,0.0,0.0,0.0,0.0,28.4
2630,490414,49,1,4,2996.6,10925.2,2318.7,10202.2,0.0,56.0,0.0,2689.0,0.0,1522.9,6.0,3718.2,0.0,0.0,0.0,0.0,691.9,683.1,1614.8,1589.0,0.0,0.0,6.0,0.0,0.0,0.0,0.0,56.0
2631,490415,49,1,4,2611.6,7300.6,2075.6,6736.6,0.1,31.4,2.3,1060.7,1.9,743.0,16.7,1999.8,0.3,920.0,0.3,0.0,654.9,646.3,1389.2,1366.8,0.0,0.0,10.0,0.0,0.1,0.0,0.0,31.4
2632,490416,49,1,4,2489.6,1529.2,2260.8,1308.4,9.4,6.1,370.7,119.6,199.9,16.7,1265.4,1032.9,136.4,0.0,139.6,0.0,49.8,48.9,92.0,90.2,6.0,0.0,1.0,0.0,9.4,0.0,0.0,6.1
2633,490417,49,1,3,5900.2,2868.6,5586.9,2548.4,22.0,12.1,877.9,235.6,479.4,87.6,2995.7,1666.5,319.6,0.0,326.3,0.0,179.9,177.3,388.1,381.4,15.0,0.0,5.0,0.0,22.0,0.0,0.0,12.1
2634,490418,49,1,3,3121.2,1852.3,2942.2,1666.2,13.3,7.4,595.3,60.9,314.8,0.0,1625.4,1383.5,85.0,0.0,86.9,0.0,65.4,64.4,160.4,157.4,5.0,0.0,4.0,0.0,13.3,0.0,0.0,7.4
2635,490419,49,1,3,2593.7,3652.3,2373.7,3422.1,8.6,11.5,351.2,369.8,201.6,225.1,1116.1,1315.4,92.1,865.8,94.1,141.6,161.9,159.6,351.7,344.7,4.0,0.0,1.0,0.0,8.6,0.0,0.0,11.5
2636,490420,49,1,3,4017.1,7602.6,3558.6,7105.7,3.5,36.3,149.9,857.1,77.1,1842.4,469.4,1685.0,41.3,0.0,42.2,0.0,722.3,711.4,2052.5,2009.8,1.0,0.0,3.0,0.0,3.5,0.0,0.0,36.3
2637,490421,49,1,4,2419.7,5864.6,1987.8,5404.7,0.0,30.6,0.0,2157.0,0.0,621.0,9.0,685.1,0.0,0.0,0.0,0.0,622.8,615.4,1347.0,1326.1,0.0,0.0,9.0,0.0,0.0,0.0,0.0,30.6
2638,490422,49,1,4,4905.8,11015.9,4361.6,10416.0,0.0,57.6,0.0,996.0,0.0,3189.4,14.0,1960.8,0.0,0.0,0.0,0.0,1086.9,1073.3,3246.7,3196.5,0.0,0.0,14.0,0.0,0.0,0.0,0.0,57.6
2639,490423,49,1,4,4978.6,9503.6,4331.7,8814.1,0.0,45.8,0.0,995.0,0.0,2079.9,13.0,866.1,0.0,565.8,0.0,65.6,1229.2,1213.5,3076.5,3028.0,0.0,0.0,13.0,0.0,0.0,0.0,0.0,45.8
2640,490424,49,1,4,1512.0,6029.2,1191.7,5689.1,0.0,30.3,0.0,2179.8,0.0,861.3,2.0,1478.2,0.0,0.0,0.0,0.0,325.5,321.3,862.2,848.5,0.0,0.0,2.0,0.0,0.0,0.0,0.0,30.3
2641,490425,49,1,4,7433.7,3509.3,7161.2,3222.9,31.6,14.3,1412.5,25.9,692.6,0.0,3971.1,2703.0,261.7,0.0,267.4,0.0,141.2,139.4,360.7,354.6,18.0,0.0,36.0,0.0,31.6,0.0,0.0,14.3
2642,490426,49,1,4,5642.6,2931.4,5384.4,2670.6,23.4,11.6,1058.8,144.4,510.3,22.1,2975.9,2102.3,201.0,0.0,205.2,0.0,115.7,114.2,292.6,287.6,11.0,0.0,14.0,0.0,23.4,0.0,0.0,11.6
2643,490427,49,1,3,263.7,4293.5,158.4,4178.3,0.0,2.5,0.0,164.7,0.0,0.0,6.0,205.9,0.0,1171.7,0.0,2492.3,67.3,66.3,79.1,77.3,0.0,0.0,6.0,0.0,0.0,0.0,0.0,2.5
2644,490428,49,1,2,117.6,115.8,16.0,0.0,0.0,0.0,0.0,0.0,0.0,0.0,8.0,0.0,0.0,0.0,0.0,0.0,0.0,0.0,0.0,0.0,0.0,0.0,8.0,0.0,0.0,0.0,0.0,0.0
2645,490429,49,1,2,971.2,3334.4,358.9,2707.5,0.0,13.9,0.0,2350.8,0.0,0.0,2.0,6.5,0.0,0.0,0.0,0.0,354.9,350.1,0.0,0.0,0.0,0.0,2.0,0.0,0.0,0.0,0.0,13.9
2646,490430,49,1,4,1519.9,5294.7,1231.1,4969.9,0.0,24.4,0.0,983.5,0.0,985.0,22.0,1831.1,0.0,0.0,0.0,0.0,298.0,294.7,889.1,875.5,0.0,0.0,22.0,0.0,0.0,0.0,0.0,24.4
2647,490431,49,1,4,7342.0,3136.5,7074.5,2881.2,30.7,12.7,1320.2,5.9,665.2,0.0,3976.7,2429.0,312.5,0.0,319.1,0.0,127.4,125.8,325.4,320.4,17.0,0.0,11.0,0.0,30.7,0.0,0.0,12.7
2648,490432,49,1,4,3727.4,2612.9,3521.1,2410.1,14.0,11.4,622.9,179.8,294.2,282.5,1753.1,1359.9,119.8,0.0,122.5,0.0,162.4,160.5,434.2,427.4,6.0,0.0,6.0,0.0,14.0,0.0,0.0,11.4
2649,490433,49,1,4,1235.0,593.3,1121.8,477.8,4.7,1.9,220.3,0.8,103.1,0.0,627.5,406.2,42.4,0.0,43.5,0.0,19.1,18.9,53.1,51.9,4.0,0.0,9.0,0.0,4.7,0.0,0.0,1.9
2650,490434,49,1,3,100.1,98.3,26.8,10.6,0.0,0.1,0.0,2.3,0.0,3.8,12.0,1.7,0.0,0.0,0.0,0.0,0.5,0.5,2.3,2.3,0.0,0.0,12.0,0.0,0.0,0.0,0.0,0.1
2651,490435,49,1,3,2812.1,1187.1,2669.5,1036.2,11.5,4.8,491.6,1.5,240.0,0.0,1480.7,874.6,116.0,0.0,118.6,0.0,45.1,44.3,117.6,115.7,48.0,0.0,12.0,0.0,11.5,0.0,0.0,4.8
2652,490436,49,1,3,3910.3,2955.0,3717.7,2761.8,15.9,7.3,729.3,54.9,343.3,0.0,2054.7,1390.7,140.7,1033.9,144.0,0.0,86.6,85.5,200.1,196.8,11.0,0.0,8.0,0.0,15.9,0.0,0.0,7.3
2653,490437,49,1,2,306.3,676.8,155.6,514.8,0.0,2.6,0.0,157.1,0.0,122.1,3.0,88.3,0.0,0.0,0.0,0.0,45.4,44.8,104.2,102.6,0.0,0.0,3.0,0.0,0.0,0.0,0.0,2.6
2654,490438,49,1,3,10891.5,4255.7,10477.1,3847.9,43.1,16.4,1931.2,57.1,919.6,0.0,5756.4,3192.8,502.8,0.0,513.0,0.0,170.5,168.8,435.6,429.1,240.0,0.0,8.0,0.0,43.1,0.0,0.0,16.4
2655,490439,49,1,3,2765.9,1281.2,2609.6,1120.0,11.1,4.7,507.8,1.9,239.3,0.0,1428.5,947.5,97.1,0.0,99.3,0.0,48.0,47.3,125.5,123.3,58.0,0.0,6.0,0.0,11.1,0.0,0.0,4.7
2656,490440,49,1,3,145.3,131.3,24.0,0.0,0.0,0.0,0.0,0.0,0.0,0.0,12.0,0.0,0.0,0.0,0.0,0.0,0.0,0.0,0.0,0.0,0.0,0.0,12.0,0.0,0.0,0.0,0.0,0.0
2657,490441,49,1,3,3696.3,5801.7,3344.6,5415.7,6.1,41.4,208.8,526.7,108.7,1420.2,595.1,1143.9,34.0,0.0,34.8,0.0,620.2,610.8,1734.1,1714.0,6.0,0.0,3.0,0.0,6.1,0.0,0.0,41.4
2658,490442,49,1,4,3957.5,4057.0,3707.4,3809.5,18.3,17.7,674.8,365.9,350.5,112.8,1908.2,1921.2,108.9,870.4,111.4,0.0,185.5,183.0,360.0,356.2,7.0,0.0,1.0,0.0,18.3,0.0,0.0,17.7
2659,490443,49,1,4,1994.1,4679.7,1536.8,4198.9,3.9,27.7,140.6,1013.0,73.9,473.1,405.2,1858.5,22.8,0.0,23.3,0.0,299.9,295.7,565.1,558.6,1.0,0.0,5.0,0.0,3.9,0.0,0.0,27.7
2660,490444,49,1,4,9300.1,7437.6,8670.3,6797.1,37.1,47.6,1226.8,1129.6,645.1,490.9,3786.2,2796.1,291.4,0.0,297.5,0.0,767.9,757.7,1636.3,1622.8,12.0,0.0,7.0,0.0,37.1,0.0,0.0,47.6
2661,490445,49,1,4,7623.0,10442.8,6767.2,9539.7,14.6,61.7,555.1,1369.4,280.8,1540.1,1515.9,2458.6,80.7,0.0,82.7,0.0,1300.4,1283.0,2925.5,2888.6,19.0,0.0,7.0,0.0,14.6,0.0,0.0,61.7
2662,490446,49,1,4,6697.1,14507.4,6074.7,13807.9,0.0,84.0,0.0,1130.7,0.0,4513.0,4.0,2174.2,0.0,0.0,0.0,0.0,1473.5,1453.5,4593.2,4536.5,0.0,0.0,4.0,0.0,0.0,0.0,0.0,84.0
2663,490447,49,1,4,8551.7,12954.9,7801.5,12138.5,6.7,78.7,260.5,1052.6,131.2,3627.7,710.8,921.0,37.9,0.0,38.8,0.0,1762.7,1738.8,4854.6,4798.4,2.0,0.0,3.0,0.0,6.7,0.0,0.0,78.7
2664,490448,49,1,4,6417.5,9424.4,5687.5,8660.4,17.3,56.8,646.7,1318.4,332.3,1194.2,1754.0,3416.8,89.6,0.0,91.7,0.0,840.2,828.3,1925.1,1902.7,6.0,0.0,2.0,0.0,17.3,0.0,0.0,56.8
2665,490449,49,1,4,2675.3,7920.2,2028.2,7229.1,0.8,48.3,27.9,1739.1,15.2,1133.1,83.7,2490.4,4.3,0.0,4.4,0.0,603.7,595.3,1285.1,1271.3,0.0,0.0,4.0,0.0,0.8,0.0,0.0,48.3
2666,490450,49,1,4,3270.8,5325.6,2850.5,4873.5,7.4,33.5,272.2,837.7,146.6,757.4,687.7,1612.2,24.3,0.0,24.8,0.0,509.6,502.8,1174.2,1163.3,2.0,0.0,9.0,0.0,7.4,0.0,0.0,33.5
2667,490451,49,1,4,3057.9,2593.8,2840.3,2375.5,13.3,14.0,492.0,425.7,251.1,91.4,1442.7,1421.8,97.9,0.0,100.1,0.0,153.6,151.1,288.9,285.5,11.0,0.0,3.0,0.0,13.3,0.0,0.0,14.0
2668,490452,49,1,4,2329.6,4184.8,2018.6,3864.4,9.0,19.0,348.5,712.5,186.1,118.3,861.5,1777.9,32.7,720.2,33.4,0.0,214.2,211.0,328.2,324.5,12.0,0.0,2.0,0.0,9.0,0.0,0.0,19.0
2669,490453,49,1,4,8191.9,5214.1,7794.2,4825.2,32.0,26.1,1163.9,399.8,653.0,422.2,3965.6,2796.2,378.3,0.0,385.6,0.0,357.0,351.5,866.6,855.5,21.0,0.0,3.0,0.0,32.0,0.0,0.0,26.1
2670,490454,49,1,4,5331.6,5645.4,5006.6,5316.2,22.8,23.0,863.2,592.1,445.5,13.1,2560.7,2976.7,177.2,983.0,181.0,0.0,302.0,297.5,460.0,453.9,12.0,0.0,5.0,0.0,22.8,0.0,0.0,23.0
2671,490455,49,1,3,5825.5,2912.6,5572.6,2658.4,27.0,15.2,949.9,189.1,528.0,37.6,3049.9,2014.5,248.1,0.0,253.4,0.0,131.9,130.1,290.4,287.1,112.0,0.0,9.0,0.0,27.0,0.0,0.0,15.2
2672,490456,49,1,4,3984.4,3044.2,3767.6,2818.3,17.8,15.5,667.9,221.6,361.3,110.9,1988.7,2031.0,128.7,0.0,131.6,0.0,144.2,142.4,317.0,312.4,15.0,0.0,13.0,0.0,17.8,0.0,0.0,15.5
2673,490457,49,1,4,10892.9,13351.7,10111.7,12522.7,26.6,80.8,924.2,1339.0,496.9,3120.1,3103.4,3219.6,326.0,0.0,332.3,0.0,1268.8,1251.1,3641.2,3593.1,11.0,0.0,8.0,0.0,26.6,0.0,0.0,80.8
2674,490458,49,1,3,7150.9,2807.3,6891.6,2549.9,32.5,13.1,1210.9,24.2,646.6,0.0,3883.1,2139.8,349.1,0.0,356.3,0.0,110.6,109.0,281.0,277.1,44.0,0.0,10.0,0.0,32.5,0.0,0.0,13.1
2675,490459,49,1,3,3554.0,1501.8,3380.6,1317.7,16.5,6.9,619.5,2.4,320.5,0.0,1881.3,1116.5,151.4,0.0,154.7,0.0,56.0,55.0,146.1,143.8,38.0,0.0,13.0,0.0,16.5,0.0,0.0,6.9
2676,490460,49,1,3,3198.1,1364.4,3042.5,1190.8,14.9,6.2,557.7,2.0,293.8,0.0,1702.9,1009.4,133.9,0.0,136.8,0.0,50.5,49.6,131.8,129.8,16.0,0.0,19.0,0.0,14.9,0.0,0.0,6.2
2677,490461,49,1,3,4210.7,1980.4,4010.3,1772.1,19.5,9.5,704.5,38.4,385.0,3.6,2257.8,1494.0,197.1,0.0,201.2,0.0,70.3,69.2,169.4,167.0,14.0,0.0,11.0,0.0,19.5,0.0,0.0,9.5
2678,490462,49,1,3,3141.9,2353.4,3002.1,2195.4,13.9,7.3,537.6,58.3,278.5,0.0,1649.3,1084.9,125.8,822.6,128.6,0.0,74.2,73.0,159.0,156.6,29.0,0.0,20.0,0.0,13.9,0.0,0.0,7.3
2679,490463,49,1,3,2638.7,3642.8,2515.3,3515.5,11.7,7.6,451.8,114.7,241.4,0.0,1358.7,1048.3,92.8,0.0,94.8,2091.6,92.2,91.0,172.5,169.9,6.0,0.0,5.0,0.0,11.7,0.0,0.0,7.6
2680,490464,49,1,3,2838.6,1077.5,2681.1,918.5,12.2,4.6,459.1,1.5,246.6,0.0,1520.4,780.6,149.4,0.0,152.7,0.0,38.3,37.3,100.6,99.2,12.0,0.0,2.0,0.0,12.2,0.0,0.0,4.6
2681,490465,49,1,3,6833.1,2429.0,6573.0,2166.0,28.4,10.0,1101.4,4.5,593.5,0.0,3668.1,1832.3,377.0,0.0,384.8,0.0,93.8,92.4,240.5,236.9,104.0,0.0,10.0,0.0,28.4,0.0,0.0,10.0
2682,490466,49,1,3,5118.3,6369.4,4869.1,6109.4,21.5,12.1,826.4,248.2,428.4,0.0,2615.2,1722.3,245.0,1053.6,250.2,2613.3,174.1,171.4,305.7,300.5,15.0,0.0,9.0,0.0,21.5,0.0,0.0,12.1
2683,490467,49,1,3,2988.5,1013.4,2828.8,842.1,12.0,4.3,442.2,1.5,244.4,0.0,1532.3,715.6,161.9,0.0,165.5,0.0,35.1,34.2,92.5,90.8,144.0,0.0,11.0,0.0,12.0,0.0,0.0,4.3
2684,490468,49,1,3,2718.0,1373.6,2599.6,1246.5,12.3,6.2,507.7,3.3,254.1,0.0,1413.4,1056.4,79.6,0.0,81.4,0.0,52.8,51.7,137.5,135.0,63.0,0.0,10.0,0.0,12.3,0.0,0.0,6.2
2685,490469,49,1,2,3289.8,1565.3,3112.9,1379.8,13.5,6.5,545.9,204.5,279.3,0.0,1683.1,998.3,139.5,0.0,142.6,0.0,49.9,49.1,130.6,128.0,132.0,0.0,10.0,0.0,13.5,0.0,0.0,6.5
2686,490470,49,1,2,5125.1,1839.4,4907.0,1608.8,21.3,7.4,832.5,5.0,448.6,0.0,2770.4,1360.2,281.4,0.0,287.4,0.0,69.2,68.0,178.6,175.6,24.0,0.0,15.0,0.0,21.3,0.0,0.0,7.4
2687,490471,49,1,2,4079.4,2494.3,3876.1,2279.8,15.8,6.4,634.5,63.4,336.2,0.0,2041.8,1114.3,197.7,875.9,201.9,0.0,70.8,69.6,159.2,156.5,224.0,0.0,10.0,0.0,15.8,0.0,0.0,6.4
2688,490472,49,1,2,3906.2,1490.6,3702.2,1282.2,15.7,5.4,647.2,5.6,345.5,0.0,2068.1,1083.5,198.2,0.0,202.2,0.0,54.6,53.6,142.4,139.5,40.0,0.0,4.0,0.0,15.7,0.0,0.0,5.4
2689,490473,49,1,3,2035.3,847.1,1872.5,677.4,8.1,2.9,335.5,0.8,172.0,0.0,1033.3,576.1,92.7,0.0,94.7,0.0,27.8,27.4,74.5,73.1,40.0,0.0,2.0,0.0,8.1,0.0,0.0,2.9
2690,490474,49,1,3,4613.2,3403.4,4385.3,3167.6,18.6,7.7,789.0,76.8,402.5,0.0,2418.1,1430.9,212.3,0.0,216.8,1355.4,98.4,96.9,212.2,207.6,27.0,0.0,9.0,0.0,18.6,0.0,0.0,7.7
2691,490475,49,1,3,2793.7,1525.8,2622.6,1343.5,11.0,5.9,464.0,72.5,250.9,54.5,1407.7,992.5,105.9,0.0,108.3,0.0,65.7,64.6,163.2,159.4,47.0,0.0,10.0,0.0,11.0,0.0,0.0,5.9
2692,490476,49,1,3,4728.5,6424.4,4467.5,6156.0,18.3,12.1,741.2,291.1,394.0,63.5,2270.3,1526.2,181.6,0.0,185.5,3615.5,223.8,220.0,449.1,439.6,16.0,0.0,6.0,0.0,18.3,0.0,0.0,12.1
2693,490477,49,1,3,8621.9,7883.2,8084.7,7330.2,32.6,28.8,1316.4,837.1,675.7,357.5,3875.1,3026.4,295.8,1549.5,302.1,0.0,509.7,501.4,1078.8,1058.1,20.0,0.0,11.0,0.0,32.6,0.0,0.0,28.8
2694,490478,49,1,3,5074.2,2003.2,4848.1,1766.3,20.8,8.2,819.4,98.2,445.4,1.2,2681.8,1404.1,258.6,0.0,263.9,0.0,79.8,78.4,188.2,184.4,98.0,0.0,13.0,0.0,20.8,0.0,0.0,8.2
2695,490479,49,1,3,5301.1,2137.9,5096.6,1932.4,23.5,9.8,896.5,10.5,486.5,0.0,2789.2,1624.5,225.5,0.0,230.4,0.0,84.3,83.2,217.2,214.2,157.0,0.0,10.0,0.0,23.5,0.0,0.0,9.8
2696,490480,49,1,3,5454.0,5779.8,5112.9,5411.5,14.0,27.2,545.7,859.3,314.2,1270.2,1922.8,1426.2,202.0,0.0,206.2,0.0,474.3,466.3,1419.6,1389.5,23.0,0.0,5.0,0.0,14.0,0.0,0.0,27.2
2697,490481,49,1,3,6028.1,2162.4,5813.5,1948.3,24.4,8.3,954.8,4.3,537.2,0.0,3265.4,1646.2,326.6,0.0,333.6,0.0,85.0,83.6,218.9,214.3,86.0,0.0,6.0,0.0,24.4,0.0,0.0,8.3
2698,490482,49,1,3,4946.2,2250.5,4728.1,2023.0,20.4,8.9,836.8,116.6,426.9,1.3,2630.1,1578.7,231.4,0.0,236.3,0.0,106.6,104.7,226.1,221.6,22.0,0.0,12.0,0.0,20.4,0.0,0.0,8.9
2699,490483,49,1,3,5223.3,1829.4,4980.4,1582.1,20.7,6.6,836.3,3.2,450.7,0.0,2800.1,1338.1,297.0,0.0,303.2,0.0,68.4,67.3,176.7,173.4,41.0,0.0,7.0,0.0,20.7,0.0,0.0,6.6
2700,490484,49,1,3,2764.0,2108.9,2604.3,1939.0,10.6,4.8,460.3,63.8,240.2,7.9,1434.8,885.1,122.9,792.7,125.6,0.0,60.7,59.5,132.8,130.0,17.0,0.0,10.0,0.0,10.6,0.0,0.0,4.8
2701,490485,49,1,3,3218.9,1727.5,2991.2,1471.6,12.3,6.0,566.7,72.3,268.9,24.7,1595.7,1137.2,113.9,0.0,116.5,0.0,73.2,72.0,169.4,165.4,65.0,0.0,22.0,0.0,12.3,0.0,0.0,6.0
2702,490486,49,1,3,8191.9,9195.5,7462.2,8426.0,20.5,39.3,918.9,998.8,436.6,1359.6,2557.5,3000.0,184.1,0.0,188.0,0.0,923.6,908.6,2213.4,2159.1,31.0,0.0,9.0,0.0,20.5,0.0,0.0,39.3
2703,490487,49,1,3,3691.3,3478.9,3340.7,3110.3,12.0,13.7,513.3,463.0,277.4,176.3,1557.6,1796.1,117.1,0.0,119.7,0.0,231.8,228.4,456.7,446.3,55.0,0.0,12.0,0.0,12.0,0.0,0.0,13.7
2704,490488,49,1,3,3499.1,1175.0,3331.5,1008.0,13.4,4.2,534.0,1.6,308.6,0.0,1871.1,854.2,193.5,0.0,197.7,0.0,42.8,42.0,112.8,110.2,68.0,0.0,3.0,0.0,13.4,0.0,0.0,4.2
2705,490489,49,1,3,4678.2,1923.9,4486.6,1729.4,18.4,7.0,753.5,51.4,415.8,0.0,2546.6,1437.4,250.2,0.0,255.3,0.0,70.5,69.5,174.7,171.1,12.0,0.0,8.0,0.0,18.4,0.0,0.0,7.0
2706,490490,49,1,3,349.1,232.5,214.1,87.4,0.9,0.4,42.0,0.1,19.7,0.0,120.8,75.7,8.4,0.0,8.6,0.0,2.7,2.7,9.0,8.9,0.0,0.0,3.0,0.0,0.9,0.0,0.0,0.4
2707,490491,49,1,3,4568.4,3529.3,4257.0,3203.7,15.6,13.1,709.6,280.6,378.0,331.6,2068.4,1825.2,147.0,0.0,150.2,0.0,223.7,220.3,560.1,546.1,11.0,0.0,9.0,0.0,15.6,0.0,0.0,13.1
2708,490492,49,1,3,1634.9,927.7,1458.0,725.2,5.7,3.1,244.9,17.3,124.4,70.5,763.2,495.8,67.4,0.0,68.8,0.0,35.2,34.5,110.1,107.1,28.0,0.0,16.0,0.0,5.7,0.0,0.0,3.1
2709,490493,49,1,2,1204.5,523.1,1030.2,339.0,4.1,1.4,175.5,1.5,86.1,0.0,542.0,288.9,50.6,0.0,51.7,0.0,12.9,12.9,36.5,35.8,74.0,0.0,1.0,0.0,4.1,0.0,0.0,1.4
2710,490494,49,1,2,1746.2,772.6,1566.9,578.3,6.1,2.0,278.7,16.6,139.0,0.0,869.8,475.4,80.6,0.0,82.6,0.0,25.0,24.7,63.2,61.6,18.0,0.0,10.0,0.0,6.1,0.0,0.0,2.0
2711,490495,49,1,2,5558.5,4028.7,5242.9,3717.7,20.8,10.1,1005.1,258.0,479.5,57.8,2846.6,2019.7,215.0,934.0,219.6,0.0,141.8,140.1,315.2,308.1,16.0,0.0,4.0,0.0,20.8,0.0,0.0,10.1
2712,490496,49,1,2,1077.3,485.8,931.9,336.0,3.5,1.2,167.7,0.4,84.6,0.0,497.7,287.2,40.2,0.0,41.1,0.0,12.8,12.6,36.7,35.8,49.0,0.0,2.0,0.0,3.5,0.0,0.0,1.2
2713,490497,49,1,2,4178.9,6735.4,3738.9,6279.8,12.5,13.4,599.2,890.7,305.9,175.2,1773.2,1938.6,142.7,719.9,145.8,1825.2,282.7,278.4,464.3,451.7,18.0,0.0,7.0,0.0,12.5,0.0,0.0,13.4
2714,490498,49,1,2,2253.9,1083.7,2092.3,903.2,8.8,3.4,409.0,4.7,205.1,0.0,1132.5,763.6,71.6,0.0,73.2,0.0,38.2,37.3,100.6,97.5,49.0,0.0,13.0,0.0,8.8,0.0,0.0,3.4
2715,490499,49,1,2,2675.4,1261.7,2506.3,1071.6,10.2,3.7,486.3,9.5,240.8,0.0,1349.6,901.5,86.3,0.0,88.2,0.0,45.6,44.6,119.6,116.0,73.0,0.0,17.0,0.0,10.2,0.0,0.0,3.7
2716,490500,49,1,2,4741.0,2054.9,4543.4,1862.3,15.4,4.9,777.9,156.3,424.7,0.0,2424.4,1437.1,199.8,0.0,204.2,0.0,81.3,80.0,194.1,188.9,235.0,0.0,2.0,0.0,15.4,0.0,0.0,4.9
2717,490501,49,1,2,1996.3,3560.1,1767.2,3311.1,5.8,9.0,284.8,884.5,148.1,89.2,798.6,1057.4,46.7,867.7,47.6,0.0,162.6,159.8,259.8,252.4,7.0,0.0,12.0,0.0,5.8,0.0,0.0,9.0
2718,490502,49,1,2,2817.9,2244.0,2655.7,2080.5,10.1,4.3,511.8,87.0,265.1,0.0,1431.1,1066.5,86.7,701.3,88.6,0.0,73.4,72.3,158.0,153.4,40.0,0.0,1.0,0.0,10.1,0.0,0.0,4.3
2719,490503,49,1,2,14762.1,5445.7,14245.0,4974.7,52.1,17.4,2623.7,18.5,1306.0,0.0,7964.2,4148.0,725.8,0.0,740.0,0.0,230.9,229.6,588.4,578.6,58.0,0.0,8.0,0.0,52.1,0.0,0.0,17.4
2720,490504,49,1,2,7758.6,2501.7,7468.3,2223.5,27.0,7.3,1224.6,7.8,677.7,0.0,4247.3,1870.9,467.2,0.0,476.6,0.0,99.0,97.6,252.9,247.2,15.0,0.0,8.0,0.0,27.0,0.0,0.0,7.3
2721,490505,49,1,2,6649.4,2271.9,6353.7,1980.1,22.7,5.7,1077.3,6.1,590.5,0.0,3600.1,1669.8,374.2,0.0,382.0,0.0,87.5,86.1,224.0,218.1,12.0,0.0,6.0,0.0,22.7,0.0,0.0,5.7
2722,490506,49,1,2,3622.7,1711.2,3413.0,1508.7,12.9,4.1,685.0,21.3,338.5,0.0,1894.4,1259.2,125.3,0.0,128.0,0.0,65.3,64.3,168.5,163.8,7.0,0.0,1.0,0.0,12.9,0.0,0.0,4.1
2723,490507,49,1,2,3989.9,2245.7,3796.1,2051.3,13.8,5.8,689.4,392.3,365.9,0.0,2123.3,1391.3,162.5,0.0,166.2,0.0,94.6,93.0,180.1,174.7,7.0,0.0,7.0,0.0,13.8,0.0,0.0,5.8
2724,490508,49,1,2,3017.7,1168.9,2827.5,974.5,9.9,2.5,506.9,1.7,271.0,0.0,1588.9,824.7,144.9,0.0,148.0,0.0,41.9,41.2,109.9,106.9,8.0,0.0,8.0,0.0,9.9,0.0,0.0,2.5
2725,490509,49,1,2,3534.3,1355.0,3324.1,1158.5,10.8,2.3,594.6,19.1,316.6,0.0,1858.7,964.2,172.1,0.0,175.8,0.0,49.8,49.3,129.5,125.9,26.0,0.0,1.0,0.0,10.8,0.0,0.0,2.3
2726,490510,49,1,4,209.3,627.8,60.0,483.8,0.0,2.5,0.0,345.9,0.0,0.0,6.0,90.7,0.0,0.0,0.0,0.0,47.8,47.0,0.2,0.2,0.0,0.0,6.0,0.0,0.0,0.0,0.0,2.5
2727,490511,49,1,4,2709.5,9773.1,1677.2,8683.6,0.0,66.8,0.0,2505.8,0.0,1060.3,3.0,3456.9,0.0,0.0,0.0,0.0,575.1,568.4,1096.1,1092.2,0.0,0.0,3.0,0.0,0.0,0.0,0.0,66.8
2728,490512,49,1,3,3296.1,9634.3,2427.6,8689.0,0.0,75.9,0.0,3073.3,0.0,1496.3,3.0,1707.9,0.0,0.0,0.0,0.0,844.0,834.8,1577.6,1576.6,0.0,0.0,3.0,0.0,0.0,0.0,0.0,75.9
2729,490513,49,1,4,2520.0,9454.1,1739.9,8611.3,0.0,66.5,0.0,2918.7,0.0,1200.4,10.0,2784.2,0.0,0.0,0.0,0.0,544.0,537.3,1175.9,1170.6,0.0,0.0,10.0,0.0,0.0,0.0,0.0,66.5
2730,490514,49,1,4,1779.9,4719.0,1603.8,4504.4,0.0,36.5,0.0,1091.3,0.0,1297.7,10.0,544.2,0.0,0.0,0.0,0.0,355.9,351.0,1227.9,1220.1,0.0,0.0,10.0,0.0,0.0,0.0,0.0,36.5
2731,490515,49,1,4,5056.0,2483.4,4794.3,2234.2,26.3,15.4,861.4,158.8,461.2,21.4,2684.1,1714.7,214.1,0.0,218.6,0.0,108.0,106.3,233.9,233.1,8.0,0.0,5.0,0.0,26.3,0.0,0.0,15.4
2732,490516,49,1,3,1167.3,4085.4,593.4,3477.1,0.1,31.2,1.9,2109.9,1.3,158.7,9.4,636.3,0.2,0.0,0.2,0.0,371.5,367.2,205.0,205.0,0.0,0.0,4.0,0.0,0.1,0.0,0.0,31.2
2733,490517,49,1,3,1825.2,4810.5,1251.6,4198.1,2.0,38.6,58.7,1930.0,31.5,456.7,188.9,878.0,15.0,0.0,15.4,0.0,423.1,418.3,515.0,515.0,1.0,0.0,3.0,0.0,2.0,0.0,0.0,38.6
2734,490518,49,1,3,1818.1,910.8,1716.3,805.3,10.9,6.8,341.2,1.3,177.2,0.0,951.5,676.0,51.6,0.0,52.9,0.0,35.0,34.7,92.8,93.2,9.0,0.0,5.0,0.0,10.9,0.0,0.0,6.8
2735,490519,49,1,4,2520.2,1974.9,2315.5,1768.8,11.4,14.9,355.9,211.3,189.0,117.3,1113.7,975.6,89.3,0.0,91.3,0.0,144.9,143.4,321.4,321.3,8.0,0.0,2.0,0.0,11.4,0.0,0.0,14.9
2736,490520,49,1,4,4282.5,5519.5,3857.5,5065.4,18.6,46.7,595.6,917.5,307.3,414.4,1657.4,2634.8,91.5,0.0,93.7,0.0,354.8,351.1,746.2,747.6,10.0,0.0,1.0,0.0,18.6,0.0,0.0,46.7
2737,490521,49,1,3,1560.3,2684.4,1317.6,2412.4,2.8,23.4,81.8,407.8,46.6,246.3,265.9,893.9,21.6,0.0,22.1,0.0,283.7,280.9,582.0,583.4,8.0,0.0,6.0,0.0,2.8,0.0,0.0,23.4
2738,490522,49,1,3,3987.1,6110.7,3606.3,5692.2,15.2,40.1,461.6,577.8,258.5,410.1,1463.2,2131.2,123.1,1429.1,125.9,4.1,352.8,349.4,788.1,790.4,28.0,0.0,5.0,0.0,15.2,0.0,0.0,40.1
2739,490523,49,1,3,4014.2,4472.0,3839.0,4290.9,20.8,15.6,626.3,145.5,365.1,0.0,2113.5,1259.6,192.1,673.1,196.3,1897.9,108.9,107.7,206.8,207.2,26.0,0.0,4.0,0.0,20.8,0.0,0.0,15.6
2740,490524,49,1,3,5012.7,2073.0,4766.3,1817.2,26.5,16.7,908.2,3.7,465.5,0.0,2635.4,1515.9,199.0,0.0,203.2,0.0,83.3,82.2,214.7,215.4,53.0,0.0,4.0,0.0,26.5,0.0,0.0,16.7
2741,490525,49,1,4,1957.4,5609.4,1395.7,5011.9,0.0,38.6,0.0,1440.8,0.0,594.2,7.0,1604.0,0.0,0.0,0.0,0.0,461.2,455.4,920.5,917.5,0.0,0.0,7.0,0.0,0.0,0.0,0.0,38.6
2742,490526,49,1,4,1609.0,2955.3,1266.5,2606.3,5.9,18.9,190.0,532.5,98.7,98.1,598.7,1702.4,49.1,0.0,50.3,0.0,122.4,120.6,153.3,152.7,3.0,0.0,1.0,0.0,5.9,0.0,0.0,18.9
2743,490527,49,1,4,1083.5,451.6,1002.8,366.5,5.4,2.6,170.9,4.8,89.2,0.0,546.4,306.6,43.0,0.0,44.1,0.0,14.5,14.4,40.6,40.7,41.0,0.0,13.0,0.0,5.4,0.0,0.0,2.6
2744,490528,49,1,4,4416.3,9646.1,3762.7,8910.5,2.9,80.5,90.4,1342.6,50.6,1993.6,297.7,2322.3,21.9,0.0,22.5,0.0,870.8,861.0,2391.9,2391.2,2.0,0.0,15.0,0.0,2.9,0.0,0.0,80.5
2745,490529,49,1,4,2802.4,3126.9,2525.6,2841.0,11.5,23.9,362.4,547.8,202.3,175.6,1157.7,1523.7,95.8,0.0,98.0,0.0,201.8,199.6,394.6,394.4,12.0,0.0,1.0,0.0,11.5,0.0,0.0,23.9
2746,490530,49,1,3,5629.4,2562.0,5392.4,2321.1,29.2,18.8,927.9,104.8,514.6,27.1,2983.2,1819.4,251.5,0.0,256.9,0.0,109.6,108.1,261.7,261.7,81.0,0.0,6.0,0.0,29.2,0.0,0.0,18.8
2747,490531,49,1,3,4954.5,1957.2,4735.8,1728.5,25.4,14.7,856.2,3.4,437.3,0.0,2594.4,1444.9,214.2,0.0,218.7,0.0,78.4,77.4,202.6,202.7,124.0,0.0,10.0,0.0,25.4,0.0,0.0,14.7
2748,490532,49,1,4,2165.8,7376.2,1485.0,6649.1,0.0,49.9,0.0,2219.0,0.0,745.0,8.0,2226.1,0.0,0.0,0.0,0.0,500.4,494.0,968.6,965.0,0.0,0.0,8.0,0.0,0.0,0.0,0.0,49.9
2749,490533,49,1,4,966.5,2802.6,638.6,2460.6,0.0,19.0,0.0,906.2,0.0,273.4,3.0,652.7,0.0,0.0,0.0,0.0,247.0,243.8,385.6,384.5,0.0,0.0,3.0,0.0,0.0,0.0,0.0,19.0
2750,490534,49,1,4,3090.2,11229.7,2128.5,10203.7,0.0,73.6,0.0,2307.6,0.0,1106.5,3.0,3723.4,0.0,414.3,0.0,540.4,725.2,716.5,1397.3,1395.1,0.0,0.0,3.0,0.0,0.0,0.0,0.0,73.6
2751,490535,49,1,4,2877.5,7242.1,2274.8,6590.7,4.6,53.8,144.1,761.1,78.1,676.5,459.9,3657.4,35.7,0.0,36.6,0.0,456.9,451.2,1045.5,1044.5,9.0,0.0,9.0,0.0,4.6,0.0,0.0,53.8
2752,490536,49,1,4,8488.4,6674.9,7951.5,6129.1,37.9,48.7,1284.8,711.8,652.7,472.5,3656.1,3149.4,228.0,0.0,232.6,0.0,546.7,540.1,1256.6,1255.4,90.0,0.0,4.0,0.0,37.9,0.0,0.0,48.7
2753,490537,49,1,3,7316.7,7895.5,6889.0,7456.3,35.8,35.4,1198.1,447.1,621.1,90.0,3611.6,3356.1,279.7,0.0,285.2,2787.2,268.1,265.2,511.2,510.7,110.0,0.0,4.0,0.0,35.8,0.0,0.0,35.4
2754,490538,49,1,3,7354.9,2857.9,7084.3,2590.8,38.5,20.2,1251.5,6.5,675.6,0.0,3975.2,2166.2,344.1,0.0,351.2,0.0,117.9,116.3,301.9,301.9,63.0,0.0,4.0,0.0,38.5,0.0,0.0,20.2
2755,490539,49,1,4,1068.8,3198.7,813.2,2931.7,1.7,17.2,57.6,1262.8,28.5,89.2,160.6,505.7,8.7,542.0,8.7,0.0,230.5,227.5,306.5,304.4,9.0,0.0,3.0,0.0,1.7,0.0,0.0,17.2
2756,490540,49,1,4,1769.9,5828.4,1498.2,5515.2,0.0,40.9,0.0,2169.3,0.0,1174.2,10.0,712.5,0.0,0.0,0.0,0.0,361.5,356.8,1108.6,1102.4,8.0,0.0,10.0,0.0,0.0,0.0,0.0,40.9
2757,490541,49,1,4,4705.9,3559.8,4461.2,3319.1,24.6,20.7,867.2,299.5,419.3,99.7,2337.8,2135.4,127.9,83.7,130.7,141.1,164.2,161.8,400.0,397.9,8.0,0.0,6.0,0.0,24.6,0.0,0.0,20.7
2758,490542,49,1,4,2270.6,5133.9,1924.5,4754.5,1.9,36.3,63.1,1419.9,32.1,743.2,188.4,990.6,11.3,0.0,11.6,0.0,475.1,469.1,1135.7,1131.7,1.0,0.0,6.0,0.0,1.9,0.0,0.0,36.3
2759,490543,49,1,4,15493.0,21960.4,14812.2,21143.6,35.8,173.8,1246.9,1637.6,618.5,7179.1,3455.0,3285.3,196.2,0.0,200.3,0.0,1942.7,1918.8,7127.5,7122.7,15.0,0.0,10.0,0.0,35.8,0.0,0.0,173.8
2760,490544,49,1,3,5777.7,2199.7,5555.7,1974.1,28.1,12.4,965.6,5.8,516.0,0.0,3124.8,1658.8,288.0,0.0,294.1,0.0,87.3,86.0,224.9,223.5,44.0,0.0,11.0,0.0,28.1,0.0,0.0,12.4
2761,490545,49,1,4,815.0,2952.7,345.5,2468.0,0.0,19.0,0.0,1089.1,0.0,138.9,2.0,901.2,0.0,0.0,0.0,0.0,190.8,188.3,150.6,150.4,0.0,0.0,2.0,0.0,0.0,0.0,0.0,19.0
2762,490546,49,1,4,2115.0,3411.9,1828.7,3103.7,7.8,24.7,268.2,554.3,147.1,233.1,664.3,1631.1,24.0,0.0,24.6,0.0,228.4,225.4,460.1,459.7,3.0,0.0,9.0,0.0,7.8,0.0,0.0,24.7
2763,490547,49,1,4,20094.8,19621.8,18677.9,18182.0,88.3,117.9,3155.2,3178.7,1563.2,932.4,8373.4,8697.4,425.6,609.3,434.5,132.1,1506.3,1486.3,3168.6,3145.8,46.0,0.0,5.0,0.0,88.3,0.0,0.0,117.9
2764,490548,49,1,4,3911.1,3237.9,3718.9,3047.8,19.6,20.2,711.6,471.5,365.1,242.3,1842.0,1720.1,79.8,0.0,81.7,0.0,159.5,157.2,459.2,456.7,18.0,0.0,2.0,0.0,19.6,0.0,0.0,20.2
2765,490549,49,1,4,9976.8,6863.7,9562.1,6450.7,48.0,43.5,1685.0,515.5,849.0,601.9,4745.2,3713.6,283.0,0.0,288.6,0.0,432.2,426.4,1199.0,1193.2,72.0,0.0,8.0,0.0,48.0,0.0,0.0,43.5
2766,490550,49,1,4,7801.4,6680.3,7382.8,6244.7,33.5,46.3,1175.4,765.9,598.5,807.9,3199.7,2646.9,168.5,0.0,172.1,0.0,553.6,546.5,1482.0,1477.6,23.0,0.0,10.0,0.0,33.5,0.0,0.0,46.3
2767,490551,49,1,4,2242.2,3236.3,1941.0,2921.7,5.9,22.7,212.5,730.8,111.0,206.0,511.1,938.4,18.5,0.0,18.9,0.0,350.0,345.5,703.0,701.0,13.0,0.0,3.0,0.0,5.9,0.0,0.0,22.7
2768,490552,49,1,4,679.3,2095.4,506.8,1910.9,1.0,14.8,32.0,740.0,18.6,176.4,82.3,632.2,3.5,0.0,3.6,0.0,129.8,127.9,235.1,234.3,0.0,0.0,2.0,0.0,1.0,0.0,0.0,14.8
2769,490553,49,1,4,4823.8,7815.5,4226.0,7172.0,14.0,57.2,491.8,1722.1,270.4,591.8,1209.9,2724.9,41.8,0.0,42.7,0.0,715.4,706.5,1429.0,1426.7,18.0,0.0,7.0,0.0,14.0,0.0,0.0,57.2
2770,490554,49,1,4,7076.6,7393.6,6503.2,6801.8,24.1,45.1,872.4,1356.5,458.9,580.9,2416.3,2397.8,126.3,0.0,129.1,0.0,791.5,781.0,1698.7,1685.6,8.0,0.0,2.0,0.0,24.1,0.0,0.0,45.1
2771,490555,49,1,4,8023.4,6018.6,7505.6,5506.3,37.1,35.2,1247.6,1100.1,658.7,65.0,4013.3,3491.6,346.8,0.0,353.8,0.0,321.9,317.7,535.5,532.0,24.0,0.0,4.0,0.0,37.1,0.0,0.0,35.2
2772,490556,49,1,4,4988.7,3221.9,4771.8,3021.1,24.9,14.4,874.4,175.4,439.0,0.0,2639.5,1743.2,203.8,738.5,208.3,0.0,114.5,112.8,252.2,251.1,39.0,0.0,1.0,0.0,24.9,0.0,0.0,14.4
2773,490557,49,1,4,8169.6,6749.8,7788.4,6379.1,40.7,33.6,1424.8,857.2,773.2,33.3,4139.3,3229.5,253.0,1129.7,258.5,219.3,318.2,314.4,598.3,595.6,21.0,0.0,2.0,0.0,40.7,0.0,0.0,33.6
2774,490558,49,1,4,4436.3,3184.5,4243.0,2997.3,22.7,15.4,770.8,156.3,408.2,10.2,2311.2,1658.4,161.2,762.5,164.6,0.0,137.5,135.4,275.5,274.5,9.0,0.0,5.0,0.0,22.7,0.0,0.0,15.4
2775,490559,49,1,3,5132.5,2594.6,4923.2,2380.1,27.3,15.9,959.8,69.5,494.5,0.0,2736.8,1930.6,163.6,0.0,167.1,0.0,112.6,111.2,269.7,268.8,8.0,0.0,11.0,0.0,27.3,0.0,0.0,15.9
2776,490560,49,1,3,7365.4,2656.8,7080.3,2371.1,36.0,16.3,1234.0,6.0,678.0,0.0,3956.8,1985.4,366.7,0.0,374.1,0.0,107.0,105.6,274.6,274.0,80.0,0.0,9.0,0.0,36.0,0.0,0.0,16.3
2777,490561,49,1,3,4733.6,4971.2,4549.4,4786.4,22.9,14.8,790.9,177.6,432.7,0.0,2484.8,1682.1,191.1,872.8,195.1,1621.5,150.2,148.2,285.4,284.1,13.0,0.0,6.0,0.0,22.9,0.0,0.0,14.8
2778,490562,49,1,3,6528.9,2659.7,6277.2,2415.4,30.8,13.8,1139.3,5.4,622.4,0.0,3533.0,2027.5,284.5,0.0,290.5,0.0,108.1,106.7,277.3,275.8,21.0,0.0,1.0,0.0,30.8,0.0,0.0,13.8
2779,490563,49,1,4,10247.2,6093.1,9841.9,5713.7,47.5,26.8,1658.3,406.9,918.7,118.4,5438.4,3380.0,497.9,719.1,508.0,301.3,240.7,237.2,555.8,550.8,21.0,0.0,3.0,0.0,47.5,0.0,0.0,26.8
2780,490564,49,1,3,4008.7,10710.1,3125.7,9760.1,8.5,65.0,293.4,4775.5,155.8,155.5,883.3,3198.5,68.5,0.0,70.1,0.0,745.7,735.0,902.7,895.5,2.0,0.0,4.0,0.0,8.5,0.0,0.0,65.0
2781,490565,49,1,3,4016.5,1553.7,3809.0,1339.7,19.3,8.0,683.3,2.6,346.8,0.0,2129.0,1130.1,194.8,0.0,199.2,0.0,57.9,57.0,151.0,150.1,41.0,0.0,6.0,0.0,19.3,0.0,0.0,8.0
2782,490566,49,1,3,3805.7,2386.0,3611.8,2187.3,18.8,9.5,660.2,44.5,346.9,0.0,2006.4,1206.4,163.1,685.3,166.6,0.0,77.7,76.4,176.0,174.6,10.0,0.0,5.0,0.0,18.8,0.0,0.0,9.5
2783,490567,49,1,3,6050.6,7019.3,5783.2,6749.6,29.2,18.6,1105.1,234.3,581.3,0.0,3124.6,2536.4,183.5,0.0,187.5,3412.5,192.4,189.6,380.8,376.7,19.0,0.0,9.0,0.0,29.2,0.0,0.0,18.6
2784,490568,49,1,3,4753.0,2075.0,4528.6,1848.4,22.6,10.2,821.7,64.8,431.8,0.0,2496.5,1503.3,202.5,0.0,206.8,0.0,83.3,81.9,201.0,198.4,80.0,0.0,5.0,0.0,22.6,0.0,0.0,10.2
2785,490569,49,1,3,4737.8,1503.9,4516.5,1275.2,20.7,7.0,716.6,2.3,411.7,0.0,2519.7,1077.0,267.9,0.0,273.7,0.0,54.7,54.0,143.3,142.0,122.0,0.0,7.0,0.0,20.7,0.0,0.0,7.0
2786,490570,49,1,3,3350.3,1389.7,3131.7,1153.0,15.4,6.7,553.4,26.1,292.2,0.0,1757.7,963.2,166.6,0.0,170.4,0.0,46.8,46.2,118.5,117.4,14.0,0.0,12.0,0.0,15.4,0.0,0.0,6.7
2787,490571,49,1,3,2359.1,8028.3,1700.2,7319.6,0.0,39.0,0.0,2237.5,0.0,616.4,15.0,2823.8,0.0,0.0,0.0,0.0,635.4,625.2,1034.8,1016.7,0.0,0.0,15.0,0.0,0.0,0.0,0.0,39.0
2788,490572,49,1,3,7886.9,5623.8,7553.5,5285.6,33.3,19.9,1299.3,459.3,675.4,0.0,4020.1,2809.0,345.4,750.3,352.6,464.3,300.2,295.7,515.5,506.9,33.0,0.0,12.0,0.0,33.3,0.0,0.0,19.9
2789,490573,49,1,3,4318.2,3871.2,4070.4,3623.3,18.2,10.7,753.2,301.7,375.8,1.2,2206.9,1549.0,174.6,1101.8,178.4,301.2,127.8,126.0,245.8,242.4,7.0,0.0,1.0,0.0,18.2,0.0,0.0,10.7
2790,490574,49,1,3,3018.9,8558.9,2264.0,7726.1,0.0,72.1,0.0,1905.4,0.0,1344.0,6.0,2231.5,0.0,0.0,0.0,0.0,702.7,695.1,1549.3,1550.1,0.0,0.0,6.0,0.0,0.0,0.0,0.0,72.1
2791,490575,49,1,4,2349.8,1055.9,2223.7,930.0,12.4,7.0,391.9,10.0,212.6,7.7,1257.3,754.8,93.9,0.0,95.9,0.0,43.9,43.5,114.2,114.0,7.0,0.0,7.0,0.0,12.4,0.0,0.0,7.0
2792,490576,49,1,3,73.0,72.7,2.0,0.0,0.0,0.0,0.0,0.0,0.0,0.0,1.0,0.0,0.0,0.0,0.0,0.0,0.0,0.0,0.0,0.0,0.0,0.0,1.0,0.0,0.0,0.0,0.0,0.0
2793,490577,49,1,3,74.2,73.7,4.0,0.0,0.0,0.0,0.0,0.0,0.0,0.0,2.0,0.0,0.0,0.0,0.0,0.0,0.0,0.0,0.0,0.0,0.0,0.0,2.0,0.0,0.0,0.0,0.0,0.0
2794,490578,49,1,3,61.4,60.6,0.0,0.0,0.0,0.0,0.0,0.0,0.0,0.0,0.0,0.0,0.0,0.0,0.0,0.0,0.0,0.0,0.0,0.0,0.0,0.0,0.0,0.0,0.0,0.0,0.0,0.0
2795,490579,49,1,4,2852.2,8862.4,2292.4,8230.1,0.0,76.1,0.0,1218.3,0.0,1399.4,2.0,3329.2,0.0,0.0,0.0,0.0,631.1,624.5,1657.3,1658.7,0.0,0.0,2.0,0.0,0.0,0.0,0.0,76.1
2796,490580,49,1,4,72.3,72.0,0.0,0.0,0.0,0.0,0.0,0.0,0.0,0.0,0.0,0.0,0.0,0.0,0.0,0.0,0.0,0.0,0.0,0.0,0.0,0.0,0.0,0.0,0.0,0.0,0.0,0.0
2797,490581,49,1,4,72.2,73.1,0.0,0.0,0.0,0.0,0.0,0.0,0.0,0.0,0.0,0.0,0.0,0.0,0.0,0.0,0.0,0.0,0.0,0.0,0.0,0.0,0.0,0.0,0.0,0.0,0.0,0.0
2798,490582,49,1,2,72.9,68.1,14.0,0.0,0.0,0.0,0.0,0.0,0.0,0.0,7.0,0.0,0.0,0.0,0.0,0.0,0.0,0.0,0.0,0.0,0.0,0.0,7.0,0.0,0.0,0.0,0.0,0.0
2799,490583,49,1,3,62.7,51.3,24.0,0.0,0.0,0.0,0.0,0.0,0.0,0.0,12.0,0.0,0.0,0.0,0.0,0.0,0.0,0.0,0.0,0.0,0.0,0.0,12.0,0.0,0.0,0.0,0.0,0.0
2800,490584,49,1,4,1341.0,4347.8,928.1,3895.5,0.0,40.6,0.0,1819.8,0.0,564.7,2.0,589.4,0.0,0.0,0.0,0.0,360.4,356.6,563.7,565.0,0.0,0.0,2.0,0.0,0.0,0.0,0.0,40.6
2801,490585,49,1,4,74.1,73.1,4.0,0.0,0.0,0.0,0.0,0.0,0.0,0.0,2.0,0.0,0.0,0.0,0.0,0.0,0.0,0.0,0.0,0.0,0.0,0.0,2.0,0.0,0.0,0.0,0.0,0.0
2802,490586,49,1,3,82.1,74.0,20.0,0.0,0.0,0.0,0.0,0.0,0.0,0.0,10.0,0.0,0.0,0.0,0.0,0.0,0.0,0.0,0.0,0.0,0.0,0.0,10.0,0.0,0.0,0.0,0.0,0.0
2803,490587,49,1,4,15565.5,7353.5,15042.6,6849.5,88.2,49.1,2652.5,96.0,1440.2,0.0,8515.2,4997.4,647.7,711.3,661.0,0.0,307.9,304.5,740.1,740.3,58.0,0.0,20.0,0.0,88.2,0.0,0.0,49.1
2804,490588,49,1,3,7457.9,4610.4,7175.3,4332.3,42.8,24.2,1224.2,46.2,658.0,0.0,3967.4,2309.8,315.0,1491.9,321.7,0.0,142.8,141.0,343.2,343.4,202.0,0.0,1.0,0.0,42.8,0.0,0.0,24.2
2805,490589,49,1,3,51.7,71.0,11.8,28.8,0.0,0.3,0.0,9.6,0.0,0.0,2.0,11.4,0.0,0.0,0.0,0.0,3.4,3.4,4.4,4.4,0.0,0.0,2.0,0.0,0.0,0.0,0.0,0.3
2806,490590,49,1,4,1832.0,3729.0,1471.0,3336.5,0.0,31.8,0.0,655.6,0.0,307.3,3.0,911.9,0.0,0.0,0.0,0.0,483.7,478.5,981.4,983.3,0.0,0.0,3.0,0.0,0.0,0.0,0.0,31.8
2807,490591,49,1,4,2264.0,8226.3,1508.1,7398.7,0.0,72.8,1.0,2077.5,0.7,605.7,8.6,3226.6,0.2,0.0,0.2,0.0,576.8,570.8,915.8,918.1,0.0,0.0,5.0,0.0,0.0,0.0,0.0,72.8
2808,490592,49,1,4,3227.6,1246.4,3060.1,1076.1,16.9,8.3,497.4,4.5,264.6,0.0,1675.3,896.4,141.2,0.0,144.2,0.0,48.5,48.2,126.8,127.0,148.0,0.0,14.0,0.0,16.9,0.0,0.0,8.3
2809,490593,49,1,3,8995.8,3560.2,8650.6,3214.6,52.4,26.6,1474.2,7.8,800.4,0.0,4916.6,2673.6,417.0,0.0,425.7,0.0,149.9,148.3,383.8,384.9,78.0,0.0,5.0,0.0,52.4,0.0,0.0,26.6
2810,490594,49,1,4,10659.9,5428.9,10265.4,5044.5,67.2,42.8,2036.9,13.2,1040.6,0.0,5682.6,4194.7,298.8,0.0,305.0,0.0,235.6,233.2,601.7,603.4,55.0,0.0,9.0,0.0,67.2,0.0,0.0,42.8
2811,490595,49,1,4,4904.1,3267.7,4664.1,3025.7,28.9,26.6,869.1,147.2,442.6,148.1,2429.7,2112.9,131.0,0.0,133.8,0.0,172.9,170.9,445.0,446.6,37.0,0.0,3.0,0.0,28.9,0.0,0.0,26.6
2812,490596,49,1,4,2155.1,6245.9,1496.4,5528.3,0.0,55.2,1.0,2368.1,0.7,768.5,9.6,915.4,0.2,0.0,0.2,0.0,590.9,584.9,887.9,891.4,0.0,0.0,6.0,0.0,0.0,0.0,0.0,55.2
2813,490597,49,1,3,4404.2,1518.0,4179.9,1280.8,22.8,10.0,620.4,16.8,366.5,0.0,2319.9,1056.6,238.7,0.0,243.8,0.0,57.7,57.1,150.0,150.3,174.0,0.0,9.0,0.0,22.8,0.0,0.0,10.0
2814,490598,49,1,3,2081.9,919.4,1902.0,725.5,10.8,6.0,287.8,46.2,168.9,0.0,1073.9,543.3,110.9,0.0,113.5,0.0,44.8,44.3,91.3,91.6,9.0,0.0,2.0,0.0,10.8,0.0,0.0,6.0
2815,490599,49,1,3,2814.3,3162.0,2551.3,2879.3,12.8,16.6,330.8,247.9,200.2,108.7,1238.5,1009.9,124.8,1041.1,127.5,0.0,154.9,152.9,317.7,318.8,51.0,0.0,6.0,0.0,12.8,0.0,0.0,16.6
2816,490600,49,1,4,3468.4,2680.6,3280.7,2471.7,19.0,22.7,564.6,166.2,289.5,193.6,1577.4,1473.5,79.3,0.0,81.2,0.0,181.0,178.9,457.8,459.4,33.0,0.0,17.0,0.0,19.0,0.0,0.0,22.7
2817,490601,49,1,4,2731.0,8695.2,1984.3,7870.2,0.0,77.0,0.0,2168.3,0.0,1132.0,5.0,2595.4,0.0,0.0,0.0,0.0,624.0,618.1,1350.2,1356.4,0.0,0.0,5.0,0.0,0.0,0.0,0.0,77.0
2818,490602,49,1,3,9794.3,4820.6,9353.1,4384.6,58.2,34.7,1659.1,77.1,884.4,0.0,5275.3,3676.0,400.1,0.0,408.0,0.0,186.5,184.6,444.6,446.9,88.0,0.0,7.0,0.0,58.2,0.0,0.0,34.7
2819,490603,49,1,4,214.9,1485.6,104.5,1368.2,0.1,3.1,3.2,164.5,2.0,10.0,23.0,89.7,1.2,1040.2,1.2,0.0,35.0,34.9,28.8,28.9,0.0,0.0,10.0,0.0,0.1,0.0,0.0,3.1
2820,490604,49,1,4,3321.7,2607.8,3042.3,2323.6,16.8,21.1,450.8,563.2,255.5,173.4,1556.7,1140.7,137.6,0.0,140.6,0.0,164.9,162.9,282.1,283.4,49.0,0.0,5.0,0.0,16.8,0.0,0.0,21.1
2821,490605,49,1,4,1936.4,1198.3,1791.0,1054.0,10.8,9.0,300.4,61.0,163.1,43.3,959.6,760.7,70.9,0.0,72.4,0.0,54.3,53.9,134.3,135.0,29.0,0.0,7.0,0.0,10.8,0.0,0.0,9.0
2822,490606,49,1,4,649.6,2471.7,377.1,2180.7,0.0,16.2,0.0,702.5,0.0,81.7,8.0,662.6,0.0,0.0,0.0,373.6,172.0,170.1,189.2,190.2,0.0,0.0,8.0,0.0,0.0,0.0,0.0,16.2
2823,490607,49,1,4,1975.1,7050.6,1204.2,6217.8,0.1,56.0,2.8,3207.4,1.6,344.4,19.3,1499.7,0.5,0.0,0.6,0.0,628.0,621.7,541.4,544.6,0.0,0.0,10.0,0.0,0.1,0.0,0.0,56.0
2824,490608,49,1,4,4772.4,13070.8,4137.1,12308.9,1.5,121.7,41.6,3112.3,23.0,2834.4,139.1,2465.2,6.9,0.0,7.1,0.0,978.9,969.4,2923.6,2927.7,1.0,0.0,16.0,0.0,1.5,0.0,0.0,121.7
2825,490609,49,1,4,3326.2,3450.6,3154.9,3279.9,19.2,15.4,584.0,106.3,301.8,0.0,1698.3,1302.2,99.1,575.8,101.2,974.0,106.9,105.7,215.5,215.9,41.0,0.0,7.0,0.0,19.2,0.0,0.0,15.4
2826,490610,49,1,3,4482.2,5216.5,4034.6,4722.4,14.9,47.1,434.3,686.5,244.4,408.7,1359.8,1751.1,92.1,103.5,94.1,0.0,571.0,566.0,1201.9,1206.6,26.0,0.0,11.0,0.0,14.9,0.0,0.0,47.1
2827,490611,49,1,3,4259.0,5807.1,3754.2,5245.7,10.0,54.1,291.7,971.7,159.0,692.3,972.3,1431.7,80.1,0.0,81.8,0.0,664.3,658.9,1485.0,1491.1,13.0,0.0,7.0,0.0,10.0,0.0,0.0,54.1
2828,490612,49,1,3,8128.7,3593.1,7836.5,3296.2,43.4,25.5,1241.0,43.9,739.8,0.0,4433.7,2233.7,419.2,553.4,427.8,0.0,136.5,135.1,328.6,330.1,102.0,0.0,8.0,0.0,43.4,0.0,0.0,25.5
2829,490613,49,1,3,8047.4,3194.7,7738.6,2870.2,42.6,26.9,1312.9,21.2,785.1,0.0,4396.6,2376.7,348.5,0.0,355.7,0.0,134.3,132.6,338.4,339.7,54.0,0.0,13.0,0.0,42.6,0.0,0.0,26.9
2830,490614,49,1,3,1751.1,739.6,1603.5,583.9,8.6,5.6,270.6,0.9,159.0,0.0,908.3,489.0,74.1,0.0,75.7,0.0,25.5,25.3,68.3,68.8,21.0,0.0,1.0,0.0,8.6,0.0,0.0,5.6
2831,490615,49,1,4,3281.2,3293.3,3115.3,3075.8,17.8,28.8,552.8,655.2,281.5,201.6,1482.8,1613.1,66.2,0.0,67.7,0.0,179.0,176.9,428.2,428.9,16.0,0.0,41.0,0.0,17.8,0.0,0.0,28.8
2832,490616,49,1,4,7542.5,3381.4,7294.1,3150.3,42.0,22.0,1120.1,44.0,692.7,0.0,4058.7,1984.7,378.1,706.9,385.9,0.0,122.7,121.3,292.9,293.5,237.0,0.0,6.0,0.0,42.0,0.0,0.0,22.0
2833,490617,49,1,4,7282.0,6013.4,6710.8,5415.4,31.2,54.5,873.2,1007.4,514.5,461.0,2990.6,2177.3,255.5,0.0,260.9,0.0,586.0,580.8,1184.0,1188.8,39.0,0.0,7.0,0.0,31.2,0.0,0.0,54.5
2834,490618,49,1,4,6530.4,5607.7,6162.4,5219.8,29.5,44.2,899.7,373.3,490.0,442.0,2814.7,2260.4,198.1,770.1,202.4,0.0,394.2,390.4,979.2,983.6,177.0,0.0,7.0,0.0,29.5,0.0,0.0,44.2
2835,490619,49,1,3,3372.4,4713.5,3192.9,4494.3,16.8,20.8,521.7,300.0,284.7,0.0,1630.5,1343.7,107.8,0.0,110.1,2386.6,178.0,176.4,286.1,287.7,48.0,0.0,26.0,0.0,16.8,0.0,0.0,20.8
2836,490620,49,1,3,3127.7,8046.0,2578.7,7415.6,6.8,76.9,219.6,2121.1,122.7,609.6,643.7,3175.0,33.2,0.0,34.0,0.0,513.0,508.7,995.5,1001.2,8.0,0.0,9.0,0.0,6.8,0.0,0.0,76.9
2837,490621,49,1,4,13144.8,15465.1,12113.2,14338.2,56.9,145.8,1707.3,1964.1,878.3,1555.8,4868.4,6770.5,270.5,0.0,275.9,0.0,1200.0,1189.4,2846.7,2858.4,54.0,0.0,12.0,0.0,56.9,0.0,0.0,145.8
2838,490622,49,1,4,9650.7,13290.3,8622.3,12168.9,36.5,125.2,1039.6,2928.5,604.4,1045.2,3391.1,5203.5,258.8,0.0,264.2,0.0,999.3,990.6,1989.9,2001.1,65.0,0.0,10.0,0.0,36.5,0.0,0.0,125.2
2839,490623,49,1,4,8722.8,7729.6,8210.0,7176.0,41.1,73.5,1276.5,619.8,652.4,776.5,3738.3,3735.1,227.8,0.0,232.5,0.0,577.8,572.7,1462.9,1471.9,31.0,0.0,11.0,0.0,41.1,0.0,0.0,73.5
2840,490624,49,1,4,6360.4,2824.3,6108.7,2579.3,35.1,24.8,1090.5,21.8,600.6,13.6,3379.7,2110.8,229.6,0.0,234.4,0.0,121.6,120.3,311.3,312.9,134.0,0.0,7.0,0.0,35.1,0.0,0.0,24.8
2841,490625,49,1,3,3255.6,4486.1,3101.8,4318.2,17.7,18.3,571.8,137.0,297.8,13.5,1606.4,1346.7,82.6,835.7,84.3,1636.1,115.0,113.8,233.9,235.5,101.0,0.0,9.0,0.0,17.7,0.0,0.0,18.3
2842,490626,49,1,4,7593.1,5796.0,7117.1,5303.6,36.9,46.4,1089.6,864.3,651.3,100.2,3709.1,2678.3,309.3,693.8,315.9,0.0,337.2,333.6,629.7,633.3,60.0,0.0,15.0,0.0,36.9,0.0,0.0,46.4
2843,490627,49,1,4,9127.3,6167.9,8671.7,5693.7,47.7,57.1,1343.6,459.3,747.0,479.1,4281.1,3169.4,316.6,0.0,322.9,0.0,460.9,456.5,1124.7,1129.3,63.0,0.0,12.0,0.0,47.7,0.0,0.0,57.1
2844,490628,49,1,4,7092.5,4924.3,6812.6,4654.2,40.0,30.7,1135.5,218.1,644.0,53.6,3734.8,2309.9,296.9,0.0,302.8,1477.5,184.6,182.9,409.9,412.1,100.0,0.0,4.0,0.0,40.0,0.0,0.0,30.7
2845,490629,49,1,4,5395.1,6013.9,5070.7,5577.9,20.9,58.9,650.1,670.3,334.0,869.8,1937.5,2226.3,106.2,0.0,108.6,0.0,491.1,486.9,1314.2,1324.6,53.0,0.0,76.0,0.0,20.9,0.0,0.0,58.9
2846,490630,49,1,4,4546.7,4654.6,4235.1,4315.9,20.2,45.0,641.4,406.9,324.5,568.0,1790.3,2092.4,96.0,0.0,98.3,0.0,335.8,332.5,908.9,916.0,34.0,0.0,6.0,0.0,20.2,0.0,0.0,45.0
2847,490631,49,1,4,9080.9,4935.3,8710.2,4562.8,49.8,44.6,1544.0,198.2,865.8,98.5,4798.5,3462.5,325.1,0.0,331.7,0.0,236.7,234.7,564.4,568.8,36.0,0.0,8.0,0.0,49.8,0.0,0.0,44.6
2848,490632,49,1,3,6273.7,4219.4,5891.4,3784.2,30.9,38.4,916.5,684.0,530.9,78.9,3030.9,2220.3,228.8,0.0,233.6,0.0,282.0,280.0,516.7,521.1,116.0,0.0,36.0,0.0,30.9,0.0,0.0,38.4
2849,490633,49,1,4,6196.9,5240.1,5854.9,4874.7,27.2,51.4,830.6,420.0,479.0,770.9,2727.4,2320.2,212.7,0.0,217.2,0.0,336.0,333.0,1022.9,1030.5,23.0,0.0,6.0,0.0,27.2,0.0,0.0,51.4
2850,490634,49,1,4,2018.7,3727.1,1700.9,3380.8,5.8,35.0,169.6,916.4,102.6,245.9,598.9,1504.5,51.7,0.0,52.9,0.0,257.6,255.0,455.7,459.0,4.0,0.0,8.0,0.0,5.8,0.0,0.0,35.0
2851,490635,49,1,4,1736.1,7005.2,1116.2,6323.3,0.0,63.3,0.0,2342.7,0.0,176.1,8.0,2526.1,0.0,0.0,0.0,178.6,497.7,493.2,602.5,606.6,0.0,0.0,8.0,0.0,0.0,0.0,0.0,63.3
2852,490636,49,1,4,392.6,1330.5,251.1,1174.7,0.1,12.5,2.2,315.3,1.5,119.3,15.6,516.4,0.3,0.0,0.4,0.0,74.4,73.8,148.7,149.9,0.0,0.0,8.0,0.0,0.1,0.0,0.0,12.5
2853,490637,49,1,4,10474.2,5345.3,10004.8,4884.6,61.0,45.7,1648.2,332.5,933.2,107.9,5470.0,3385.1,443.5,0.0,452.5,83.5,303.3,300.2,672.0,675.4,72.0,0.0,10.0,0.0,61.0,0.0,0.0,45.7
2854,490638,49,1,4,5003.0,5445.5,4576.2,5000.3,25.7,41.0,733.2,1187.6,417.8,17.0,2307.3,2268.2,159.2,787.5,162.6,0.0,308.9,305.7,431.2,434.3,50.0,0.0,6.0,0.0,25.7,0.0,0.0,41.0
2855,490639,49,1,4,10512.3,13639.0,9570.7,12604.1,39.5,129.1,1245.1,1637.6,661.6,1620.5,3307.7,5298.9,144.8,0.0,147.9,0.0,1167.1,1158.1,2861.4,2889.0,28.0,0.0,7.0,0.0,39.5,0.0,0.0,129.1
2856,490640,49,1,4,4681.5,6221.1,4207.6,5702.5,15.0,59.5,456.5,1194.4,247.7,545.4,1351.9,1986.1,79.8,0.0,81.6,0.0,650.8,645.6,1318.3,1331.0,17.0,0.0,4.0,0.0,15.0,0.0,0.0,59.5
2857,490641,49,1,4,4017.0,2465.7,3825.8,2265.8,22.2,22.2,690.4,156.7,374.5,58.7,2048.4,1633.4,120.6,0.0,123.3,0.0,126.9,125.8,288.6,291.2,42.0,0.0,11.0,0.0,22.2,0.0,0.0,22.2
2858,490642,49,1,3,5744.9,2430.5,5519.4,2200.0,32.6,21.6,982.9,5.1,558.8,0.0,3130.3,1826.8,225.9,0.0,230.6,0.0,102.3,101.6,263.6,266.5,18.0,0.0,7.0,0.0,32.6,0.0,0.0,21.6
2859,490643,49,1,4,5143.8,3472.6,4914.9,3249.4,27.5,19.3,824.1,69.9,484.0,0.0,2771.6,1546.2,227.7,1279.2,232.5,0.0,109.2,108.1,243.9,246.0,16.0,0.0,6.0,0.0,27.5,0.0,0.0,19.3
2860,490644,49,1,4,913.9,6702.9,339.8,6064.9,0.0,62.4,0.0,2793.7,0.0,82.9,15.0,2879.0,0.0,0.0,0.0,0.0,169.3,167.6,140.4,141.7,0.0,0.0,15.0,0.0,0.0,0.0,0.0,62.4
2861,490645,49,1,4,4364.3,7100.6,3787.5,6452.5,6.2,71.1,191.3,969.5,99.8,993.3,563.8,1628.9,30.8,0.0,31.7,0.0,861.0,853.8,1990.1,2006.9,5.0,0.0,14.0,0.0,6.2,0.0,0.0,71.1
2862,490646,49,1,4,3944.2,3157.5,3729.9,2937.3,22.1,21.9,695.2,109.0,387.2,57.6,2008.6,1608.3,104.4,753.2,106.8,0.0,121.9,120.5,286.7,288.6,11.0,0.0,8.0,0.0,22.1,0.0,0.0,21.9
2863,490647,49,1,4,7117.8,3878.9,6808.8,3560.6,43.8,32.7,1216.3,240.3,681.4,17.0,3793.7,2774.1,253.4,0.0,258.8,0.0,163.3,161.6,365.7,367.6,53.0,0.0,23.0,0.0,43.8,0.0,0.0,32.7
2864,490648,49,1,4,3335.1,7132.0,3046.7,6810.4,16.3,31.6,447.0,811.6,262.8,11.3,1541.8,2011.4,128.0,894.2,130.9,2593.7,206.2,204.3,281.9,284.0,24.0,0.0,24.0,0.0,16.3,0.0,0.0,31.6
2865,490649,49,1,4,8205.3,8641.2,7696.9,8083.3,32.5,84.0,958.4,729.8,519.3,1455.3,2952.7,3173.6,202.6,0.0,206.9,0.0,698.1,692.5,2010.8,2032.0,145.0,0.0,3.0,0.0,32.5,0.0,0.0,84.0
2866,490650,49,1,4,7482.8,8474.1,6839.3,7780.9,29.9,79.1,892.5,937.7,495.7,824.0,2713.6,3692.5,175.4,0.0,179.2,0.0,689.9,684.7,1624.1,1641.9,63.0,0.0,6.0,0.0,29.9,0.0,0.0,79.1
2867,490651,49,1,4,6525.7,11237.9,5851.1,10479.4,17.0,100.8,517.9,1237.8,292.7,1576.9,1529.5,3495.2,83.5,856.1,85.4,18.5,920.7,914.0,2354.4,2380.8,59.0,0.0,8.0,0.0,17.0,0.0,0.0,100.8
2868,490652,49,1,4,4464.6,4442.9,4274.4,4255.5,24.3,21.4,745.0,236.2,412.6,0.0,2302.7,1576.7,153.3,0.0,156.6,2054.6,128.0,126.9,258.3,261.1,115.0,0.0,3.0,0.0,24.3,0.0,0.0,21.4
2869,490653,49,1,3,3767.3,1727.4,3579.0,1538.7,21.5,15.3,654.1,19.0,358.0,3.3,2017.9,1262.1,136.3,0.0,139.2,0.0,70.8,70.3,181.7,183.9,20.0,0.0,1.0,0.0,21.5,0.0,0.0,15.3
2870,490654,49,1,4,1972.3,2339.8,1718.7,2079.8,6.8,19.2,205.1,569.5,114.6,94.7,671.4,564.2,52.3,191.2,53.5,69.4,195.6,193.6,394.2,397.1,30.0,0.0,2.0,0.0,6.8,0.0,0.0,19.2
2871,490655,49,1,4,7637.1,2707.0,7387.8,2477.3,42.3,21.5,1152.3,5.9,670.6,0.0,3887.1,2059.5,326.5,0.0,333.2,0.0,115.2,114.1,295.9,297.7,601.0,0.0,6.0,0.0,42.3,0.0,0.0,21.5
2872,490656,49,1,4,5386.8,2058.9,5180.9,1847.5,31.5,16.6,862.3,4.5,513.3,0.0,2949.3,1535.7,244.4,0.0,249.5,0.0,85.4,84.7,220.7,222.7,28.0,0.0,28.0,0.0,31.5,0.0,0.0,16.6
2873,490657,49,1,4,5158.2,2341.6,4925.5,2118.3,30.2,19.6,863.5,61.9,503.4,3.2,2746.1,1695.0,192.5,0.0,196.5,0.0,105.8,104.8,250.7,253.4,59.0,0.0,8.0,0.0,30.2,0.0,0.0,19.6
2874,490658,49,1,4,7190.1,7702.7,6648.1,7124.3,34.3,70.5,1060.0,888.0,550.6,619.0,2994.5,3923.8,160.5,0.0,164.1,0.0,502.4,498.6,1180.0,1194.9,32.0,0.0,4.0,0.0,34.3,0.0,0.0,70.5
2875,490659,49,1,4,1439.9,3952.1,1268.6,3746.9,5.0,26.8,151.3,657.9,77.6,194.0,452.3,1302.1,26.1,1073.5,26.8,0.0,176.2,174.9,340.4,344.4,4.0,0.0,14.0,0.0,5.0,0.0,0.0,26.8
2876,490660,49,1,4,4622.1,2240.0,4399.4,2012.9,27.0,19.3,829.4,36.5,454.3,0.0,2456.6,1639.1,141.0,0.0,144.1,0.0,95.7,94.9,239.3,242.5,22.0,0.0,17.0,0.0,27.0,0.0,0.0,19.3
2877,490661,49,1,3,2963.7,1186.7,2826.6,1024.5,16.7,10.3,478.4,3.2,274.7,0.0,1607.9,850.0,127.4,0.0,130.2,0.0,46.9,46.5,123.1,124.8,15.0,0.0,23.0,0.0,16.7,0.0,0.0,10.3
2878,490662,49,1,3,6882.1,3765.4,6540.9,3394.9,37.8,35.4,1075.6,201.0,600.1,156.9,3554.9,2307.4,287.7,15.9,293.7,14.4,203.8,201.9,492.1,497.4,19.0,0.0,14.0,0.0,37.8,0.0,0.0,35.4
2879,490663,49,1,3,1722.4,3346.6,1487.1,3077.0,6.6,26.8,188.8,526.4,107.8,130.4,598.5,1304.0,41.5,332.1,42.4,298.5,179.1,177.3,305.0,308.3,18.0,0.0,6.0,0.0,6.6,0.0,0.0,26.8
2880,490664,49,1,3,4197.5,2233.3,4005.4,2011.9,22.7,20.9,669.9,163.4,372.4,61.7,2152.6,1437.3,157.6,0.0,161.1,0.0,99.3,98.7,248.4,250.7,120.0,0.0,24.0,0.0,22.7,0.0,0.0,20.9
2881,490665,49,1,3,4203.9,1727.7,4009.1,1524.6,23.6,15.2,698.5,3.2,399.2,0.0,2263.6,1264.9,170.8,0.0,174.5,0.0,71.2,70.6,184.2,185.9,42.0,0.0,5.0,0.0,23.6,0.0,0.0,15.2
2882,490666,49,1,3,2607.1,1530.2,2476.0,1358.4,13.9,13.6,442.7,60.1,244.4,43.4,1314.7,1010.6,68.0,0.0,69.6,0.0,68.5,67.8,175.2,176.4,58.0,0.0,35.0,0.0,13.9,0.0,0.0,13.6
2883,490667,49,1,4,4847.2,5253.1,4631.7,5050.4,28.6,20.6,788.0,143.2,452.2,6.8,2558.1,1597.8,195.8,745.8,200.0,2142.2,136.4,135.2,276.3,279.4,24.0,0.0,1.0,0.0,28.6,0.0,0.0,20.6
2884,490668,49,1,4,6072.8,3212.6,5843.1,2984.7,38.0,28.3,1160.8,62.5,598.7,6.8,3213.1,2410.0,165.1,0.0,168.6,0.0,144.7,143.6,357.2,361.7,28.0,0.0,7.0,0.0,38.0,0.0,0.0,28.3
2885,490669,49,1,4,1935.6,5195.9,1633.7,4835.8,0.7,51.5,21.4,1070.6,11.7,860.8,71.7,1380.5,3.2,0.0,3.2,0.0,430.0,427.2,1081.7,1096.6,1.0,0.0,10.0,0.0,0.7,0.0,0.0,51.5
2886,490670,49,1,4,3281.7,2990.9,3031.5,2718.2,12.8,28.3,360.5,312.9,205.6,324.5,1211.1,1051.3,99.7,0.0,101.9,0.0,305.0,302.8,716.7,726.6,20.0,0.0,11.0,0.0,12.8,0.0,0.0,28.3
2887,490671,49,1,4,9791.8,9882.7,9213.6,9240.7,37.6,99.6,1124.3,602.1,611.0,1904.0,3375.9,3062.6,211.5,0.0,215.7,0.0,927.6,921.4,2711.5,2750.6,31.0,0.0,5.0,0.0,37.6,0.0,0.0,99.6
2888,490672,49,1,4,4267.5,5428.8,3862.2,4986.8,17.6,52.1,518.9,840.4,292.5,573.0,1560.2,2292.5,92.7,0.0,94.6,0.0,369.4,366.9,900.9,914.0,27.0,0.0,6.0,0.0,17.6,0.0,0.0,52.1
2889,490673,49,1,3,4798.5,5771.9,4299.7,5224.6,25.8,55.8,740.5,978.3,415.8,3.5,2300.1,3732.9,154.4,0.0,157.6,0.0,213.9,212.2,294.4,297.8,14.0,0.0,9.0,0.0,25.8,0.0,0.0,55.8
2890,490674,49,1,3,2745.2,5784.5,2265.8,5231.8,4.8,59.9,134.6,1442.8,80.1,519.8,440.0,1722.8,31.1,0.0,31.9,0.0,503.5,499.5,1035.7,1046.8,2.0,0.0,7.0,0.0,4.8,0.0,0.0,59.9
2891,490675,49,1,3,6772.4,6139.9,6417.5,5746.6,34.4,53.5,959.6,531.0,552.7,596.0,3116.2,2290.0,233.7,1031.1,238.5,0.0,348.4,345.4,943.4,953.0,20.0,0.0,5.0,0.0,34.4,0.0,0.0,53.5
2892,490676,49,1,3,6358.1,7327.5,6069.7,7025.6,36.8,31.6,1078.1,268.9,608.8,0.0,3328.9,2284.4,217.0,0.0,221.3,3882.8,199.5,197.3,389.0,392.1,18.0,0.0,9.0,0.0,36.8,0.0,0.0,31.6
2893,490677,49,1,3,4000.8,5727.7,3746.9,5455.2,21.9,31.3,607.3,451.7,350.4,186.1,1911.7,1575.1,131.6,845.1,134.4,1800.3,180.2,178.4,414.3,418.4,15.0,0.0,2.0,0.0,21.9,0.0,0.0,31.3
2894,490678,49,1,3,6268.3,2453.8,5998.8,2183.4,36.6,21.3,1019.2,6.4,607.1,0.0,3350.6,1805.8,256.5,0.0,261.6,0.0,103.4,102.7,266.4,268.4,131.0,0.0,3.0,0.0,36.6,0.0,0.0,21.3
2895,490679,49,1,4,3330.4,1542.5,3169.5,1390.7,19.7,12.3,596.8,3.0,324.9,0.0,1759.6,1153.9,102.5,0.0,104.5,0.0,64.7,64.2,168.4,169.5,44.0,0.0,4.0,0.0,19.7,0.0,0.0,12.3
2896,490680,49,1,4,2916.5,6452.1,2639.7,6103.3,0.0,66.4,0.0,545.2,0.0,1818.4,12.0,1102.9,0.0,0.0,0.0,0.0,615.8,611.0,1999.9,2025.8,0.0,0.0,12.0,0.0,0.0,0.0,0.0,66.4
2897,490681,49,1,4,3250.6,6640.8,2979.1,6295.1,1.2,69.2,34.9,501.4,18.6,1871.6,107.9,1099.4,5.1,0.0,5.2,0.0,666.1,661.1,2131.2,2161.6,1.0,0.0,9.0,0.0,1.2,0.0,0.0,69.2
2898,490682,49,1,4,12182.9,20606.2,10940.4,19158.2,4.3,206.5,128.0,2058.7,70.2,4977.7,395.2,1752.3,24.1,0.0,24.8,0.0,2769.5,2750.4,7515.7,7619.0,3.0,0.0,10.0,0.0,4.3,0.0,0.0,206.5
2899,490683,49,1,4,10210.0,14029.6,9514.7,13231.0,34.4,135.2,970.9,1183.1,506.6,3033.0,2830.5,4155.8,166.4,0.0,169.9,0.0,1179.8,1169.5,3653.5,3689.5,29.0,0.0,8.0,0.0,34.4,0.0,0.0,135.2
2900,490684,49,1,4,3593.8,3548.7,3294.8,3193.7,13.8,31.5,381.4,486.4,217.3,277.6,1221.1,1479.3,79.3,0.0,81.2,0.0,302.7,300.4,642.9,650.0,327.0,0.0,42.0,0.0,13.8,0.0,0.0,31.5
2901,490685,49,1,4,1365.4,2680.3,1159.4,2430.0,0.5,25.7,11.9,473.8,6.9,406.9,62.6,493.7,2.5,0.0,2.5,0.0,315.6,313.1,733.4,742.4,0.0,0.0,24.0,0.0,0.5,0.0,0.0,25.7
2902,490686,49,1,4,7946.3,15976.5,6821.2,14696.7,0.0,155.8,0.0,1895.6,0.0,2895.1,5.0,3034.4,0.0,0.0,0.0,0.0,1960.3,1948.1,4850.9,4923.5,0.0,0.0,5.0,0.0,0.0,0.0,0.0,155.8
2903,490687,49,1,4,4220.4,6627.2,3793.8,6140.3,11.6,65.9,344.9,1179.0,178.4,999.4,986.1,1787.4,53.8,0.0,55.0,0.0,619.1,614.5,1538.4,1559.9,10.0,0.0,8.0,0.0,11.6,0.0,0.0,65.9
2904,490688,49,1,3,4895.9,2822.7,4682.1,2583.1,28.9,24.0,826.9,168.8,429.4,51.5,2454.5,1884.9,149.7,0.0,152.9,0.0,148.0,146.6,327.6,331.2,169.0,0.0,24.0,0.0,28.9,0.0,0.0,24.0
2905,490689,49,1,4,4672.9,1897.5,4499.3,1728.2,26.8,15.3,772.5,5.1,422.6,0.0,2417.5,1433.0,169.1,0.0,172.7,0.0,80.3,79.7,207.6,210.4,247.0,0.0,10.0,0.0,26.8,0.0,0.0,15.3
2906,490690,49,1,4,7681.8,4713.4,7347.3,4371.7,45.6,41.5,1389.3,106.1,732.2,195.8,3724.2,3015.4,169.1,0.0,172.8,0.0,294.3,291.9,752.4,762.4,102.0,0.0,11.0,0.0,45.6,0.0,0.0,41.5
2907,490691,49,1,4,5638.1,3491.1,5406.9,3267.1,31.9,20.5,886.0,106.8,502.7,14.2,2950.7,1731.4,242.9,1009.2,248.2,0.0,124.0,123.0,279.4,282.5,164.0,0.0,9.0,0.0,31.9,0.0,0.0,20.5
2908,490692,49,1,4,7588.4,5647.9,7169.7,5200.3,39.5,52.2,1102.5,602.8,606.9,344.5,3515.1,2874.1,258.4,0.0,263.7,0.0,429.0,425.5,941.1,953.4,37.0,0.0,16.0,0.0,39.5,0.0,0.0,52.2
2909,490693,49,1,4,4698.1,4807.6,4371.5,4459.3,23.9,45.1,717.9,487.5,373.8,405.6,2030.7,2562.7,109.1,0.0,111.5,0.0,289.9,287.4,706.6,716.1,30.0,0.0,2.0,0.0,23.9,0.0,0.0,45.1
2910,490694,49,1,4,3967.7,2072.8,3758.5,1866.0,23.3,18.4,647.7,206.1,350.6,0.0,2092.2,1352.8,163.5,0.0,166.9,0.0,102.2,101.4,203.4,205.7,26.0,0.0,6.0,0.0,23.3,0.0,0.0,18.4
2911,490695,49,1,4,6629.3,7914.7,5981.9,7152.1,22.8,79.1,637.0,1613.0,352.1,600.1,2030.7,2308.2,134.8,0.0,137.7,0.0,868.4,861.8,1748.3,1768.9,13.0,0.0,60.0,0.0,22.8,0.0,0.0,79.1
2912,490696,49,1,3,1419.3,761.4,1330.3,659.2,8.6,6.1,245.5,20.6,126.8,10.6,736.1,514.3,45.2,0.0,46.2,0.0,31.4,31.4,81.1,82.3,7.0,0.0,11.0,0.0,8.6,0.0,0.0,6.1
2913,490697,49,1,3,3620.1,2733.2,3441.5,2552.0,22.4,15.2,610.0,69.7,346.6,0.0,1884.9,1212.1,123.1,979.4,125.8,0.0,91.3,90.7,197.9,200.0,59.0,0.0,3.0,0.0,22.4,0.0,0.0,15.2
2914,490698,49,1,4,4268.6,2139.0,4075.0,1945.2,26.0,18.7,714.0,134.1,411.1,0.0,2250.3,1446.4,153.2,0.0,156.5,0.0,119.0,118.2,243.8,246.5,16.0,0.0,11.0,0.0,26.0,0.0,0.0,18.7
2915,490699,49,1,4,4254.3,4050.6,3939.8,3716.8,25.3,38.9,729.6,591.0,397.9,93.2,1901.8,2291.7,73.6,0.0,75.3,0.0,253.1,250.9,484.6,490.1,19.0,0.0,5.0,0.0,25.3,0.0,0.0,38.9
2916,490700,49,1,4,7634.5,6008.7,7275.1,5612.6,35.6,63.5,927.4,371.7,547.5,1052.4,3195.3,2173.2,277.9,0.0,283.7,0.0,511.5,507.5,1490.8,1507.8,31.0,0.0,10.0,0.0,35.6,0.0,0.0,63.5
2917,490701,49,1,4,4350.2,3781.9,4192.1,3550.7,22.7,40.0,633.6,205.9,330.3,593.2,1909.2,1728.0,112.7,0.0,115.1,0.0,246.8,245.0,770.3,778.6,18.0,0.0,56.0,0.0,22.7,0.0,0.0,40.0
2918,490702,49,1,4,1905.4,5545.8,1537.2,5112.5,3.9,57.0,106.1,532.6,55.1,710.2,320.9,2862.9,17.7,0.0,18.1,0.0,268.8,266.7,732.5,740.0,3.0,0.0,15.0,0.0,3.9,0.0,0.0,57.0
2919,490703,49,1,3,3909.9,1623.7,3749.6,1453.2,26.1,15.7,654.9,3.3,357.2,0.0,2057.6,1205.4,144.3,0.0,147.5,0.0,67.5,67.1,175.7,177.4,133.0,0.0,12.0,0.0,26.1,0.0,0.0,15.7
2920,490704,49,1,4,5018.1,1628.8,4798.0,1424.5,30.5,14.1,723.7,3.6,458.6,0.0,2777.4,1181.5,286.5,0.0,292.4,0.0,66.2,65.8,172.2,173.7,16.0,0.0,5.0,0.0,30.5,0.0,0.0,14.1
2921,490705,49,1,4,6338.4,6388.9,5958.1,5998.8,35.6,42.6,919.8,436.1,505.0,173.6,2864.8,2037.3,201.0,1137.2,205.3,965.4,404.3,400.9,840.0,848.3,15.0,0.0,3.0,0.0,35.6,0.0,0.0,42.6
2922,490706,49,1,3,3233.2,1449.3,3084.6,1293.3,21.4,13.2,548.4,21.4,296.6,18.2,1726.5,1027.6,123.0,0.0,125.7,0.0,61.7,61.2,163.7,164.8,32.0,0.0,7.0,0.0,21.4,0.0,0.0,13.2
2923,490707,49,1,3,370.7,1532.4,298.1,1423.9,0.0,11.3,0.0,257.4,0.0,82.2,23.0,357.6,0.0,0.0,0.0,474.4,94.0,93.1,158.1,159.1,0.0,0.0,23.0,0.0,0.0,0.0,0.0,11.3
2924,490708,49,1,3,1736.9,2356.5,1562.7,2162.4,9.1,25.9,230.4,891.2,121.8,88.3,701.4,774.8,46.9,0.0,48.0,0.0,157.1,155.5,250.1,252.6,6.0,0.0,1.0,0.0,9.1,0.0,0.0,25.9
2925,490709,49,1,4,3856.5,1748.7,3699.2,1596.2,26.9,17.6,697.0,3.6,361.0,0.0,2079.8,1324.1,133.4,0.0,136.2,0.0,74.6,73.9,193.2,194.6,21.0,0.0,3.0,0.0,26.9,0.0,0.0,17.6
2926,490710,49,1,3,328.0,836.5,237.0,723.6,0.0,10.1,0.0,224.8,0.0,153.0,9.0,126.8,0.0,0.0,0.0,0.0,69.2,68.5,149.8,150.4,0.0,0.0,9.0,0.0,0.0,0.0,0.0,10.1
2927,490711,49,1,4,5467.8,2518.0,5239.3,2297.4,37.8,26.1,939.1,37.0,524.0,23.4,2940.0,1839.7,204.8,0.0,209.2,0.0,112.3,111.2,283.9,286.1,24.0,0.0,2.0,0.0,37.8,0.0,0.0,26.1
2928,490712,49,1,3,1782.3,1310.6,1615.0,1134.3,11.2,14.5,265.9,348.7,150.3,31.0,841.2,561.0,58.5,0.0,59.8,0.0,87.6,87.0,105.6,106.7,41.0,0.0,5.0,0.0,11.2,0.0,0.0,14.5
2929,490713,49,1,4,3998.7,2381.0,3749.6,2130.3,26.5,24.9,653.1,262.3,347.4,79.1,2035.6,1418.7,144.6,0.0,147.6,0.0,122.3,120.8,247.8,249.4,48.0,0.0,3.0,0.0,26.5,0.0,0.0,24.9
2930,490714,49,1,4,12296.4,12016.5,11448.6,11121.6,54.9,99.4,1573.5,1655.6,830.6,728.9,4598.4,5885.8,276.2,0.0,281.9,0.0,941.3,932.4,1906.7,1918.8,1036.0,0.0,4.0,0.0,54.9,0.0,0.0,99.4
2931,490715,49,1,4,11834.4,54207.8,10833.6,53038.4,11.3,180.5,345.7,7037.0,187.7,30.8,1045.9,12078.8,66.3,0.0,67.8,813.1,3986.9,3949.4,4791.2,4822.2,333.0,24307.0,9.0,0.0,11.3,0.0,0.0,180.5
2932,490716,49,1,4,6154.9,2869.6,5920.2,2646.8,35.0,20.9,1088.2,24.1,569.0,0.0,3265.3,2191.6,212.1,0.0,216.4,0.0,123.2,121.8,307.1,309.3,135.0,0.0,4.0,0.0,35.0,0.0,0.0,20.9
2933,490717,49,1,4,2945.5,1030.5,2832.5,922.1,12.7,7.0,383.3,16.7,194.9,0.0,1110.3,756.3,65.0,0.0,66.6,0.0,40.9,40.7,107.6,108.4,859.0,0.0,5.0,0.0,12.7,0.0,0.0,7.0
2934,490718,49,1,4,7339.7,2931.4,7096.7,2701.1,39.0,22.0,1118.3,108.4,595.1,3.2,3406.0,2151.9,230.5,0.0,235.3,0.0,123.4,122.0,314.1,315.6,1069.0,0.0,5.0,0.0,39.0,0.0,0.0,22.0
2935,490719,49,1,3,920.8,360.9,850.5,286.6,4.3,2.5,119.2,4.6,60.8,0.0,346.4,236.7,19.8,0.0,20.2,0.0,12.1,12.1,33.0,33.2,235.0,0.0,4.0,0.0,4.3,0.0,0.0,2.5
2936,490720,49,1,3,777.1,635.4,692.9,544.6,2.0,5.1,55.9,84.8,31.1,51.4,172.5,274.5,10.8,0.0,11.3,0.0,42.0,41.7,91.2,92.2,277.0,0.0,1.0,0.0,2.0,0.0,0.0,5.1
2937,490721,49,1,2,2737.9,925.7,2660.5,798.3,13.5,7.3,353.0,11.6,186.6,0.0,1151.3,656.5,79.2,0.0,80.9,0.0,35.5,35.3,94.0,94.8,630.0,0.0,50.0,0.0,13.5,0.0,0.0,7.3
2938,490722,49,1,3,4339.3,1612.7,4151.9,1424.5,23.3,14.0,576.5,67.3,319.3,25.1,1915.8,1087.8,157.6,0.0,161.0,0.0,71.1,70.4,172.5,173.9,775.0,0.0,3.0,0.0,23.3,0.0,0.0,14.0
2939,490723,49,1,2,5915.4,1874.6,5773.6,1709.1,8.4,15.2,226.5,398.5,119.4,0.0,708.1,872.0,48.7,0.0,49.8,0.0,187.1,184.7,252.9,253.9,4173.0,0.0,8.0,0.0,8.4,0.0,0.0,15.2
2940,490724,49,1,3,4939.1,3239.8,4765.7,3032.0,28.5,17.6,756.9,83.8,397.2,0.0,2369.5,1489.9,163.2,1104.6,166.6,0.0,111.9,110.4,242.3,243.4,525.0,0.0,33.0,0.0,28.5,0.0,0.0,17.6
2941,490725,49,1,3,5261.6,1646.2,5071.3,1452.7,28.7,15.1,687.3,3.3,405.4,0.0,2367.6,1206.4,207.8,0.0,212.4,0.0,67.6,66.7,175.2,176.3,943.0,0.0,5.0,0.0,28.7,0.0,0.0,15.1
2942,490726,49,1,2,129.5,76.8,82.2,23.5,0.5,0.2,11.2,0.0,7.2,0.0,47.4,20.5,4.1,0.0,4.3,0.0,0.6,0.6,2.4,2.4,0.0,0.0,5.0,0.0,0.5,0.0,0.0,0.2
2943,490727,49,1,3,5553.2,2421.2,5328.3,2193.3,37.7,22.4,967.1,5.4,523.4,0.0,2986.2,1820.2,204.1,0.0,208.5,0.0,102.9,101.4,265.1,266.3,64.0,0.0,7.0,0.0,37.7,0.0,0.0,22.4
2944,490728,49,1,3,2587.1,636.0,2513.5,530.2,9.7,6.1,235.2,0.7,127.5,0.0,753.4,441.8,49.5,0.0,50.6,0.0,23.9,23.6,63.4,64.0,1182.0,0.0,28.0,0.0,9.7,0.0,0.0,6.1
2945,490729,49,1,2,255.7,286.7,203.7,224.1,1.0,2.0,24.8,40.1,14.8,14.3,93.3,121.2,7.1,0.0,7.4,0.0,16.4,16.4,31.9,32.1,0.0,0.0,8.0,0.0,1.0,0.0,0.0,2.0
2946,490730,49,1,3,6344.9,3048.1,6079.8,2781.7,38.6,30.6,921.4,128.9,542.5,226.5,3169.3,1624.9,275.7,0.0,281.4,0.0,225.5,222.9,576.0,578.5,87.0,0.0,1.0,0.0,38.6,0.0,0.0,30.6
2947,490731,49,1,3,3291.4,1506.3,3157.7,1344.4,21.8,16.6,484.9,44.7,282.1,57.8,1710.4,905.6,153.1,0.0,156.4,0.0,97.0,96.1,238.7,240.1,10.0,0.0,25.0,0.0,21.8,0.0,0.0,16.6
2948,490732,49,1,2,354.1,1267.3,96.0,999.4,0.0,8.5,1.0,444.5,0.7,6.9,4.7,460.5,0.2,0.0,0.1,0.0,69.7,68.9,18.5,18.6,0.0,0.0,1.0,0.0,0.0,0.0,0.0,8.5
2949,490733,49,1,2,331.6,1019.7,189.3,867.0,0.1,8.4,1.8,229.9,1.2,110.7,5.4,346.3,0.3,0.0,0.2,0.0,62.3,61.5,118.1,118.5,0.0,0.0,0.0,0.0,0.1,0.0,0.0,8.4
2950,490734,49,1,2,605.1,1432.1,518.0,1332.6,2.6,7.4,67.6,137.7,35.5,37.0,211.9,373.7,14.0,615.7,14.3,0.0,63.0,62.3,105.7,106.2,1.0,0.0,5.0,0.0,2.6,0.0,0.0,7.4
2951,490735,49,1,3,3086.3,1737.6,2914.8,1557.2,20.3,16.8,503.7,82.0,286.0,52.2,1602.3,1145.2,113.8,0.0,116.2,0.0,81.2,80.4,196.5,197.5,11.0,0.0,4.0,0.0,20.3,0.0,0.0,16.8
2952,490736,49,1,3,4988.2,2700.8,4770.0,2465.8,35.1,29.1,858.6,79.7,458.0,122.6,2587.4,1768.1,163.1,0.0,166.5,0.0,134.3,132.6,361.1,362.8,28.0,0.0,13.0,0.0,35.1,0.0,0.0,29.1
2953,490737,49,1,3,3208.9,2603.2,3040.0,2421.8,22.4,16.5,532.9,79.0,292.4,0.0,1690.5,1067.8,121.9,1010.0,124.6,0.0,86.0,85.2,178.7,179.8,5.0,0.0,8.0,0.0,22.4,0.0,0.0,16.5
2954,490738,49,1,2,93.3,83.9,21.7,6.8,0.1,0.1,2.8,0.0,1.7,0.0,12.8,6.2,0.9,0.0,0.8,0.0,0.1,0.1,0.5,0.5,0.0,0.0,2.0,0.0,0.1,0.0,0.0,0.1
2955,490739,49,1,2,410.1,2483.0,196.3,3491.4,0.4,9.2,9.8,407.9,5.5,60.9,36.8,1651.3,1.7,0.0,1.7,0.0,68.2,67.2,65.6,66.0,0.0,0.0,7.0,1238.0,0.4,0.0,0.0,9.2
2956,490740,49,1,2,241.0,141.7,162.7,57.4,1.1,0.6,26.9,0.1,16.3,0.0,94.2,49.0,7.9,0.0,8.2,0.0,1.9,1.9,6.4,6.4,0.0,0.0,1.0,0.0,1.1,0.0,0.0,0.6
2957,490741,49,1,2,527.5,444.0,444.3,339.7,2.6,3.9,61.6,79.4,36.5,14.5,219.2,186.1,16.4,0.0,16.9,0.0,20.1,19.9,39.6,39.8,21.0,0.0,13.0,0.0,2.6,0.0,0.0,3.9
2958,490742,49,1,3,1842.1,2434.0,1716.3,2300.0,12.0,9.2,282.2,71.2,163.3,0.0,947.2,579.8,77.5,0.0,79.2,1487.9,55.5,55.0,105.4,106.1,2.0,0.0,4.0,0.0,12.0,0.0,0.0,9.2
2959,490743,49,1,3,333.9,175.6,253.9,91.5,1.9,1.1,42.2,0.0,26.1,0.0,146.1,77.5,11.6,0.0,11.9,0.0,3.5,3.5,10.5,10.5,0.0,0.0,2.0,0.0,1.9,0.0,0.0,1.1
2960,490744,49,1,4,8006.0,5275.2,7491.5,4743.4,43.5,53.1,1200.0,940.5,654.1,168.5,3613.3,2424.6,233.4,0.0,238.2,0.0,438.9,435.4,766.6,774.3,342.0,0.0,5.0,0.0,43.5,0.0,0.0,53.1
2961,490745,49,1,4,4972.1,1601.8,4801.9,1433.5,29.3,15.6,707.8,32.3,469.6,0.0,2712.9,1147.4,251.5,0.0,256.8,0.0,74.7,74.2,177.6,179.5,139.0,0.0,12.0,0.0,29.3,0.0,0.0,15.6
2962,490746,49,1,4,4763.6,3647.8,4511.4,3382.1,24.9,35.1,686.2,624.7,389.9,0.0,2253.3,1960.2,177.0,0.0,180.8,0.0,323.0,319.5,474.2,477.7,23.0,0.0,4.0,0.0,24.9,0.0,0.0,35.1
2963,490747,49,1,4,8087.9,3806.8,7804.8,3533.5,50.6,35.1,1491.9,29.0,772.4,0.0,4337.8,2895.7,259.7,0.0,264.9,0.0,174.0,171.8,434.1,436.9,67.0,0.0,3.0,0.0,50.6,0.0,0.0,35.1
2964,490748,49,1,4,11954.3,10160.9,11091.4,9228.4,49.1,109.0,1258.8,1311.0,720.7,827.6,4062.2,3433.9,308.3,0.0,314.4,0.0,1168.0,1158.8,2473.0,2497.1,779.0,0.0,7.0,0.0,49.1,0.0,0.0,109.0
2965,490749,49,1,4,4410.1,4231.5,4057.3,3842.5,15.7,46.3,371.2,525.8,246.4,426.0,1394.0,1102.0,120.9,0.0,123.5,0.0,569.8,564.9,1212.4,1223.8,13.0,0.0,6.0,0.0,15.7,0.0,0.0,46.3
2966,490750,49,1,4,44274.6,139012.1,41873.7,136153.6,0.2,458.5,4.2,18522.7,3.4,23.6,36.0,48583.5,1.5,0.0,1.8,0.0,17474.9,17289.7,20599.0,20687.2,3737.0,31047.0,16.0,0.0,0.2,0.0,0.0,458.5
2967,490751,49,1,4,7122.0,6015.6,6955.2,5835.3,19.8,27.1,551.4,310.2,281.9,7.3,1431.0,1565.4,59.5,0.0,60.8,3477.6,173.1,171.7,300.4,303.1,4092.0,0.0,5.0,0.0,19.8,0.0,0.0,27.1
2968,490752,49,1,4,4576.6,3519.7,4239.9,3148.8,17.9,38.7,410.6,350.2,278.3,324.2,1582.0,806.0,135.1,0.0,138.0,0.0,528.0,523.5,1134.9,1144.9,19.0,0.0,14.0,0.0,17.9,0.0,0.0,38.7
2969,490753,49,1,4,3916.9,3885.3,3632.4,3573.7,24.6,42.6,681.8,486.8,355.0,160.3,1737.7,2234.7,67.3,0.0,68.8,0.0,222.3,220.2,467.5,471.6,25.0,0.0,7.0,0.0,24.6,0.0,0.0,42.6
2970,490754,49,1,4,5782.3,2215.3,5597.5,2033.8,37.6,23.6,931.7,19.1,541.3,0.0,3041.1,1663.9,233.9,0.0,238.8,0.0,100.1,99.1,249.5,251.6,252.0,0.0,9.0,0.0,37.6,0.0,0.0,23.6
2971,490755,49,1,4,5709.5,2562.0,5508.9,2364.1,39.3,26.7,1026.4,6.0,546.1,0.0,3042.4,1956.2,189.4,0.0,193.3,0.0,112.0,111.3,288.4,290.7,103.0,0.0,8.0,0.0,39.3,0.0,0.0,26.7
2972,490756,49,1,4,13837.9,10851.5,13084.6,10032.1,54.0,111.6,1463.9,1355.5,760.2,638.1,4145.4,5525.6,227.0,0.0,231.6,0.0,833.1,825.2,1676.5,1687.6,3741.0,0.0,6.0,0.0,54.0,0.0,0.0,111.6
2973,490757,49,1,4,7060.1,3059.7,6809.5,2819.0,44.6,29.5,1138.6,60.1,657.3,61.5,3705.6,2102.9,286.3,0.0,292.0,0.0,171.1,169.4,422.6,425.2,132.0,0.0,4.0,0.0,44.6,0.0,0.0,29.5
2974,490758,49,1,4,6190.2,2550.3,5965.4,2334.7,38.6,23.5,957.6,59.4,579.4,51.8,3366.4,1808.6,302.2,0.0,308.3,0.0,117.1,116.0,297.4,298.9,30.0,0.0,7.0,0.0,38.6,0.0,0.0,23.5
2975,490759,49,1,4,4000.5,5551.4,3590.9,5088.5,13.7,64.8,368.4,551.5,191.0,775.0,963.4,1778.6,40.9,0.0,41.9,0.0,575.2,570.2,1401.1,1413.3,7.0,0.0,2.0,0.0,13.7,0.0,0.0,64.8
2976,490760,49,1,4,5912.0,1915.2,5730.5,1747.7,36.2,19.0,863.4,4.0,526.1,0.0,3056.9,1447.8,276.2,0.0,281.9,0.0,82.5,81.6,212.6,214.2,428.0,0.0,3.0,0.0,36.2,0.0,0.0,19.0
2977,490761,49,1,4,4130.7,3085.9,3897.6,2840.6,24.4,34.9,618.2,350.9,336.4,206.4,1911.9,1555.1,133.6,0.0,136.3,0.0,216.0,213.8,510.3,514.3,33.0,0.0,2.0,0.0,24.4,0.0,0.0,34.9
2978,490762,49,1,4,5503.7,1995.0,5305.3,1799.9,25.6,19.4,612.0,186.0,386.5,57.6,2220.0,1119.2,201.0,0.0,205.2,0.0,138.0,136.5,298.5,300.5,1240.0,0.0,4.0,0.0,25.6,0.0,0.0,19.4
2979,490763,49,1,4,4923.3,2083.8,4774.1,1923.3,30.4,22.1,799.5,15.8,414.7,3.7,2321.4,1577.4,134.2,0.0,137.1,0.0,91.4,90.6,233.9,235.7,624.0,0.0,18.0,0.0,30.4,0.0,0.0,22.1
2980,490764,49,1,4,6306.2,4414.1,5922.2,4008.2,36.4,42.1,889.4,964.9,534.8,22.9,3120.5,2251.4,277.2,0.0,282.9,0.0,303.0,299.4,467.4,469.5,32.0,0.0,15.0,0.0,36.4,0.0,0.0,42.1
2981,490765,49,1,4,5992.8,9035.9,5421.2,8348.6,14.5,97.9,397.8,1182.6,207.6,1529.4,1155.9,2372.5,59.9,0.0,61.3,0.0,920.4,913.5,2327.2,2350.6,258.0,0.0,33.0,0.0,14.5,0.0,0.0,97.9
2982,490766,49,1,4,4524.5,8358.7,3796.7,7548.9,17.9,86.5,460.1,2612.7,249.6,241.0,1427.8,3248.2,96.8,0.0,99.0,0.0,607.4,602.2,836.9,844.9,9.0,0.0,10.0,0.0,17.9,0.0,0.0,86.5
2983,490767,49,1,4,7199.7,25350.6,4838.9,22697.6,0.1,264.5,2.7,9750.5,1.9,522.9,18.7,7609.4,0.3,0.0,0.3,0.0,2161.0,2145.5,2643.0,2669.4,0.0,0.0,11.0,0.0,0.1,0.0,0.0,264.5
2984,490768,49,1,4,3589.4,2824.2,3353.8,2568.0,20.4,29.7,552.7,508.4,280.1,38.6,1477.6,1555.8,70.4,0.0,71.9,0.0,168.8,167.4,295.3,297.9,427.0,0.0,10.0,0.0,20.4,0.0,0.0,29.7
2985,490769,49,1,4,2303.9,5870.9,1923.8,5424.7,6.1,63.7,170.3,1003.5,88.8,423.8,439.6,2815.6,17.4,0.0,17.9,0.0,420.2,416.6,758.6,765.1,2.0,0.0,9.0,0.0,6.1,0.0,0.0,63.7
2986,490770,49,1,4,2555.7,3493.6,2381.4,3296.9,14.8,25.9,390.1,507.3,203.4,0.0,1084.4,1242.1,53.2,1101.6,54.6,0.0,182.0,180.1,263.6,265.7,140.0,0.0,10.0,0.0,14.8,0.0,0.0,25.9
2987,490771,49,1,4,5490.2,3393.9,5238.1,3131.8,34.8,36.5,930.2,233.0,479.1,88.8,2540.5,2146.0,123.1,0.0,125.8,0.0,203.1,201.1,459.2,462.9,371.0,0.0,6.0,0.0,34.8,0.0,0.0,36.5
2988,490772,49,1,4,3307.0,3251.3,3152.8,3063.6,17.6,37.8,451.2,218.6,237.4,528.0,1263.1,1320.6,61.9,0.0,63.4,106.0,220.8,218.5,666.9,671.9,175.0,0.0,13.0,0.0,17.6,0.0,0.0,37.8
2989,490773,49,1,4,2824.0,3708.0,2572.7,3411.1,13.0,42.0,348.7,424.8,180.9,414.2,926.2,1551.1,38.7,0.0,39.7,0.0,299.9,296.8,718.5,724.2,4.0,0.0,16.0,0.0,13.0,0.0,0.0,42.0
2990,490774,49,1,4,2603.6,5139.3,2104.3,4577.4,0.0,59.8,0.0,882.3,0.0,554.2,4.0,1039.3,0.0,0.0,0.0,0.0,689.8,683.6,1406.5,1418.1,0.0,0.0,4.0,0.0,0.0,0.0,0.0,59.8
2991,490775,49,1,4,3393.2,5425.2,3005.4,4973.9,12.3,63.4,326.2,1063.6,168.7,429.5,860.3,2030.7,35.8,0.0,36.7,0.0,467.3,463.1,979.4,987.0,119.0,0.0,12.0,0.0,12.3,0.0,0.0,63.4
2992,490776,49,1,4,3225.3,1133.3,3143.6,1043.4,11.9,12.4,320.0,40.1,163.6,56.7,882.2,733.7,43.5,0.0,44.5,0.0,57.3,56.9,154.6,155.9,1470.0,0.0,8.0,0.0,11.9,0.0,0.0,12.4
2993,490777,49,1,4,1942.9,1712.2,1875.4,1642.4,7.3,7.9,194.1,80.5,99.1,0.0,553.5,473.1,30.7,940.9,31.4,0.0,53.6,53.2,94.0,94.7,816.0,0.0,3.0,0.0,7.3,0.0,0.0,7.9
2994,490778,49,1,4,1750.3,544.8,1704.7,484.7,7.7,5.2,205.0,0.6,104.7,0.0,598.9,403.3,32.3,0.0,33.2,0.0,22.0,21.9,58.5,58.9,632.0,0.0,18.0,0.0,7.7,0.0,0.0,5.2
2995,490779,49,1,4,3040.2,1732.6,2881.8,1574.5,19.9,18.5,505.1,68.9,267.3,53.9,1494.6,1169.2,91.6,0.0,93.6,0.0,80.0,79.3,201.6,203.1,147.0,0.0,1.0,0.0,19.9,0.0,0.0,18.5
2996,490780,49,1,4,4419.8,8882.3,3858.7,8229.4,11.9,101.4,309.9,1738.7,159.9,736.4,886.2,3351.9,49.4,0.0,50.7,0.0,827.5,820.5,1569.1,1581.9,4.0,0.0,2.0,0.0,11.9,0.0,0.0,101.4
2997,490781,49,1,4,2762.2,7238.7,1838.8,6241.0,6.5,80.1,170.5,1859.8,88.2,399.2,443.0,2886.7,19.0,0.0,19.5,0.0,464.0,460.0,630.4,635.3,2.0,0.0,2.0,0.0,6.5,0.0,0.0,80.1
2998,490782,49,1,4,4192.5,8586.7,3704.0,8003.6,14.1,103.1,369.4,1793.6,192.1,450.5,975.3,3685.4,42.0,0.0,43.0,0.0,795.0,787.4,1277.2,1286.7,4.0,0.0,6.0,0.0,14.1,0.0,0.0,103.1
2999,490783,49,1,4,2573.5,1988.2,2380.0,1788.4,16.9,21.4,439.2,270.3,229.7,31.5,1240.2,1173.1,65.3,0.0,66.8,0.0,107.6,106.7,205.3,206.8,23.0,0.0,3.0,0.0,16.9,0.0,0.0,21.4
3000,490784,49,1,4,3596.6,3015.5,3388.7,2796.2,22.1,32.7,588.2,192.4,302.4,283.6,1650.4,1673.9,88.4,0.0,90.4,0.0,173.3,171.3,472.5,475.0,22.0,0.0,1.0,0.0,22.1,0.0,0.0,32.7
3001,490785,49,1,4,4341.8,1819.1,4183.3,1670.2,28.7,18.0,716.7,36.5,402.6,14.8,2354.1,1328.8,187.6,0.0,191.7,0.0,82.8,82.1,206.8,207.9,40.0,0.0,1.0,0.0,28.7,0.0,0.0,18.0
3002,490786,49,1,4,2191.5,8114.8,1523.0,7369.1,0.0,74.2,0.0,2447.3,0.0,478.5,7.0,2937.7,0.0,0.0,0.0,0.0,600.2,593.4,908.8,912.2,0.0,0.0,7.0,0.0,0.0,0.0,0.0,74.2
3003,490787,49,1,4,4700.4,1848.9,4539.2,1696.0,30.2,16.3,786.3,4.0,444.5,0.0,2572.3,1406.2,203.8,0.0,207.9,0.0,79.5,78.8,205.9,206.9,33.0,0.0,6.0,0.0,30.2,0.0,0.0,16.3
3004,490788,49,1,4,5459.7,3913.7,5197.7,3648.7,32.1,26.3,914.9,249.7,503.3,15.2,2835.5,1903.9,190.9,949.5,194.9,0.0,174.9,173.0,355.3,357.4,16.0,0.0,12.0,0.0,32.1,0.0,0.0,26.3
3005,490789,49,1,4,2306.8,1033.0,2186.3,914.6,13.1,8.0,390.2,2.5,213.0,0.0,1152.3,759.4,65.6,0.0,67.0,0.0,42.0,41.8,110.1,110.9,137.0,0.0,9.0,0.0,13.1,0.0,0.0,8.0
3006,490790,49,1,4,2563.8,2594.3,2418.9,2440.4,15.7,21.0,400.6,191.8,209.4,148.8,1197.1,1018.2,75.1,636.8,76.9,0.0,134.2,132.8,309.7,312.0,12.0,0.0,4.0,0.0,15.7,0.0,0.0,21.0
3007,490791,49,1,4,2670.2,2022.2,2504.6,1849.7,17.8,22.6,451.2,172.5,231.1,92.0,1310.0,1243.9,77.7,0.0,79.6,0.0,104.2,103.1,236.6,238.2,12.0,0.0,2.0,0.0,17.8,0.0,0.0,22.6
3008,490792,49,1,4,4482.2,4542.6,4211.8,4234.9,27.8,55.9,715.1,458.1,369.7,527.6,1876.8,2187.5,81.7,0.0,83.7,0.0,286.3,283.2,773.6,778.6,16.0,0.0,9.0,0.0,27.8,0.0,0.0,55.9
3009,490793,49,1,4,1796.6,1866.5,1680.1,1713.8,10.0,22.7,258.8,154.1,133.2,202.8,692.2,850.6,29.2,0.0,30.0,0.0,143.8,142.1,361.8,364.2,7.0,0.0,24.0,0.0,10.0,0.0,0.0,22.7
3010,490794,49,1,4,1250.7,910.3,1152.1,797.9,8.1,9.6,208.4,166.9,107.1,3.6,609.1,498.6,33.9,0.0,34.9,0.0,53.8,53.4,74.9,75.4,17.0,0.0,13.0,0.0,8.1,0.0,0.0,9.6
3011,490795,49,1,4,3205.9,2829.6,3012.1,2623.4,19.4,30.2,525.6,197.8,267.2,280.2,1439.6,1525.9,73.3,0.0,74.9,0.0,166.4,164.4,453.1,455.1,10.0,0.0,2.0,0.0,19.4,0.0,0.0,30.2
3012,490796,49,1,4,3141.7,3318.9,2908.2,3064.2,17.7,34.0,481.2,656.2,246.5,111.6,1321.7,1593.2,65.3,0.0,66.9,0.0,262.3,259.4,442.2,443.7,16.0,0.0,6.0,0.0,17.7,0.0,0.0,34.0
3013,490797,49,1,4,5245.1,3385.5,5029.5,3179.0,33.5,22.9,836.1,115.2,469.4,62.0,2775.9,1646.6,229.1,912.0,234.0,0.0,132.6,131.0,311.3,312.2,37.0,0.0,4.0,0.0,33.5,0.0,0.0,22.9
3014,490798,49,1,4,2392.7,1060.6,2296.3,942.5,15.2,8.7,404.4,1.8,220.8,0.0,1229.1,784.7,71.4,0.0,73.1,0.0,42.9,42.6,112.6,113.2,113.0,0.0,29.0,0.0,15.2,0.0,0.0,8.7
3015,490799,49,1,3,1832.0,1161.3,1679.3,1000.1,11.6,12.0,267.8,151.9,155.2,26.1,898.9,649.2,73.4,0.0,75.2,0.0,58.5,57.9,114.2,115.0,33.0,0.0,3.0,0.0,11.6,0.0,0.0,12.0
3016,490800,49,1,3,6452.3,3453.6,6199.3,3201.7,49.6,39.6,1267.4,8.2,645.6,0.0,3349.0,2653.1,159.5,0.0,162.9,0.0,151.1,149.6,387.9,390.8,73.0,0.0,3.0,0.0,49.6,0.0,0.0,39.6
3017,490801,49,1,4,2335.9,1171.3,2202.1,1037.2,16.4,12.8,384.5,144.1,211.1,3.6,1238.9,722.4,95.0,0.0,97.1,0.0,60.9,60.4,105.6,106.6,5.0,0.0,4.0,0.0,16.4,0.0,0.0,12.8
3018,490802,49,1,4,523.9,1044.7,424.3,935.8,1.9,12.2,43.4,135.3,24.7,100.0,145.2,513.3,11.4,0.0,11.9,0.0,56.5,56.2,130.2,131.0,0.0,0.0,1.0,0.0,1.9,0.0,0.0,12.2
3019,490803,49,1,4,896.5,2853.7,585.2,2511.0,0.0,33.0,0.0,778.8,0.0,224.0,3.0,930.0,0.0,0.0,0.0,0.0,226.2,223.3,353.0,354.9,0.0,0.0,3.0,0.0,0.0,0.0,0.0,33.0
3020,490804,49,1,4,4584.6,2812.2,4338.3,2563.7,29.8,26.4,784.4,324.8,408.0,69.7,2361.1,1713.3,153.6,0.0,157.1,0.0,151.3,149.4,305.7,306.5,12.0,0.0,5.0,0.0,29.8,0.0,0.0,26.4
3021,490805,49,1,4,7106.0,3027.5,6808.7,2743.1,49.5,32.3,1142.8,88.0,657.2,27.4,3858.0,2164.0,329.3,0.0,335.6,0.0,132.9,131.0,331.9,332.7,18.0,0.0,3.0,0.0,49.5,0.0,0.0,32.3
3022,490806,49,1,4,2092.5,837.7,1967.5,717.7,14.6,8.9,330.6,1.1,190.4,0.0,1123.7,599.9,95.6,0.0,97.6,0.0,32.0,31.8,84.6,85.0,7.0,0.0,6.0,0.0,14.6,0.0,0.0,8.9
3023,490807,49,1,4,3573.8,1478.5,3427.4,1339.0,25.9,16.3,610.6,3.2,336.0,0.0,1952.1,1112.5,146.1,0.0,149.2,0.0,61.8,61.3,160.7,162.0,9.0,0.0,2.0,0.0,25.9,0.0,0.0,16.3
3024,490808,49,1,4,5368.0,15466.1,4374.5,14290.6,0.1,185.3,1.5,2199.6,1.2,2508.6,12.2,5229.3,0.7,0.0,0.8,0.0,1239.2,1224.6,3114.0,3128.6,0.0,0.0,5.0,0.0,0.1,0.0,0.0,185.3
3025,490809,49,1,4,4572.7,8804.0,3962.4,8072.0,0.0,122.5,0.0,995.6,0.0,1760.8,4.0,1358.4,0.0,0.0,0.0,0.0,1130.1,1117.4,2824.3,2839.7,0.0,0.0,4.0,0.0,0.0,0.0,0.0,122.5
3026,490810,49,1,4,4482.5,10270.3,3961.4,9606.4,0.0,142.5,0.0,1030.3,0.0,2551.5,5.0,2067.4,0.0,0.0,0.0,0.0,1004.7,993.5,2946.7,2963.7,0.0,0.0,5.0,0.0,0.0,0.0,0.0,142.5
3027,490811,49,1,4,1194.4,3858.3,809.4,3428.0,0.0,46.4,0.0,1126.9,0.0,373.7,4.0,1127.9,0.0,0.0,0.0,0.0,315.7,311.8,485.7,487.7,0.0,0.0,4.0,0.0,0.0,0.0,0.0,46.4
3028,490812,49,1,4,2765.6,9806.3,1957.4,8871.0,0.0,126.9,0.0,4055.7,0.0,468.9,3.0,2402.3,0.0,0.0,0.0,0.0,783.8,773.5,1167.6,1170.5,0.0,0.0,3.0,0.0,0.0,0.0,0.0,126.9
3029,490813,49,1,3,6269.7,3199.3,6009.7,2933.5,41.0,32.1,1011.1,265.9,554.7,150.3,3332.9,1969.8,270.0,0.0,275.6,0.0,146.2,144.4,403.3,403.1,11.0,0.0,5.0,0.0,41.0,0.0,0.0,32.1
3030,490814,49,1,3,5457.3,2517.3,5226.4,2280.6,37.8,24.3,971.7,5.7,509.2,0.0,2867.7,1897.2,175.5,0.0,179.2,0.0,106.4,104.5,273.8,273.1,135.0,0.0,8.0,0.0,37.8,0.0,0.0,24.3
3031,490815,49,1,3,2205.6,1465.6,2071.9,1317.8,13.8,15.7,323.0,124.5,179.1,129.1,1068.6,748.4,86.5,0.0,88.4,0.0,85.6,84.6,231.7,231.1,3.0,0.0,6.0,0.0,13.8,0.0,0.0,15.7
3032,490816,49,1,3,6084.6,4149.5,5812.6,3873.9,39.8,33.0,946.4,419.9,530.8,0.0,3177.8,2102.7,270.4,711.6,276.0,48.2,215.1,211.1,383.2,380.5,11.0,0.0,2.0,0.0,39.8,0.0,0.0,33.0
3033,490817,49,1,4,487.6,2122.8,276.4,1890.6,0.0,23.7,0.0,573.0,0.0,152.6,2.0,893.6,0.0,0.0,0.0,0.0,112.3,110.8,160.2,160.6,0.0,0.0,2.0,0.0,0.0,0.0,0.0,23.7
3034,490818,49,1,3,116.9,374.7,22.3,275.0,0.0,3.5,0.0,127.5,0.0,0.0,2.0,129.2,0.0,0.0,0.0,0.0,17.3,17.2,1.0,1.1,0.0,0.0,2.0,0.0,0.0,0.0,0.0,3.5
3035,490819,49,1,3,5177.1,3842.0,4923.5,3581.3,35.5,32.0,884.8,324.0,455.3,67.3,2668.0,1886.1,176.5,762.7,180.3,0.0,183.5,180.3,361.2,360.8,11.0,0.0,3.0,0.0,35.5,0.0,0.0,32.0
3036,490820,49,1,3,949.7,3007.0,752.5,2773.4,0.0,38.3,0.0,1001.3,0.0,191.9,1.0,834.5,0.0,0.0,0.0,0.0,300.1,295.9,450.4,449.7,0.0,0.0,1.0,0.0,0.0,0.0,0.0,38.3
3037,490821,49,1,3,74.3,142.5,35.7,97.5,0.0,1.3,0.0,22.6,0.0,12.3,5.0,37.1,0.0,0.0,0.0,0.0,7.9,7.8,17.8,17.7,0.0,0.0,5.0,0.0,0.0,0.0,0.0,1.3
3038,490822,49,1,3,795.2,1702.9,591.8,1481.3,1.6,17.9,39.4,686.9,20.8,155.0,125.7,258.6,8.1,0.0,8.4,0.0,168.5,165.3,217.0,215.5,0.0,0.0,4.0,0.0,1.6,0.0,0.0,17.9
3039,490823,49,1,3,1223.6,3653.4,870.5,3251.3,0.0,48.9,0.0,1210.1,0.0,613.8,5.0,579.6,0.0,0.0,0.0,0.0,302.2,295.8,558.3,551.9,0.0,0.0,5.0,0.0,0.0,0.0,0.0,48.9
3040,490824,49,1,3,1103.5,4437.9,396.9,3686.7,0.0,54.0,0.0,2647.1,0.0,0.0,2.0,654.8,0.0,0.0,0.0,0.0,392.3,384.2,0.7,0.7,0.0,0.0,2.0,0.0,0.0,0.0,0.0,54.0
3041,490825,49,1,3,1273.1,4194.6,891.0,3769.4,0.0,46.8,0.0,1662.9,0.0,320.4,1.0,911.2,0.0,0.0,0.0,0.0,355.4,348.3,533.6,526.7,0.0,0.0,1.0,0.0,0.0,0.0,0.0,46.8
3042,490826,49,1,3,2306.5,2144.4,2144.6,1960.7,10.7,26.4,258.5,93.1,131.5,504.0,752.0,489.0,52.3,0.0,53.6,0.0,222.1,217.0,668.7,657.7,5.0,0.0,1.0,0.0,10.7,0.0,0.0,26.4
3043,490827,49,1,3,1496.4,3675.5,1214.2,3335.9,0.0,57.6,0.0,535.3,0.0,719.7,1.0,884.2,0.0,0.0,0.0,0.0,334.3,327.6,877.8,869.1,0.0,0.0,1.0,0.0,0.0,0.0,0.0,57.6
3044,490828,49,1,3,486.6,1595.8,222.8,1310.9,0.0,19.7,0.0,841.2,0.0,93.8,2.0,161.1,0.0,0.0,0.0,0.0,136.0,133.1,82.8,81.7,0.0,0.0,2.0,0.0,0.0,0.0,0.0,19.7
3045,490829,49,1,3,3362.7,7801.4,2312.5,6666.9,0.0,95.3,0.0,3100.3,0.0,478.8,2.0,819.6,0.0,0.0,0.0,0.0,975.6,954.0,1332.9,1314.1,0.0,0.0,2.0,0.0,0.0,0.0,0.0,95.3
3046,490830,49,1,3,3079.9,2328.3,2816.6,2053.5,19.8,26.6,442.9,553.8,244.5,52.2,1431.5,1024.5,128.8,0.0,131.6,0.0,183.9,179.4,247.5,243.5,5.0,0.0,1.0,0.0,19.8,0.0,0.0,26.6
3047,490831,49,1,3,1962.2,1604.9,1778.8,1407.5,11.2,17.1,273.4,183.5,140.2,87.5,797.8,696.3,55.4,0.0,56.7,0.0,144.6,141.0,304.6,299.2,3.0,0.0,3.0,0.0,11.2,0.0,0.0,17.1
3048,490832,49,1,3,418.7,1337.9,314.8,1214.1,0.0,15.6,0.0,202.3,0.0,168.4,4.0,338.7,0.0,0.0,0.0,202.3,94.4,92.5,212.3,209.9,0.0,0.0,4.0,0.0,0.0,0.0,0.0,15.6
3049,490833,49,1,3,385.6,170.8,312.7,97.4,2.2,1.3,49.4,0.1,28.0,0.0,180.0,84.0,19.6,0.0,20.1,0.0,3.3,3.3,10.3,10.0,1.0,0.0,1.0,0.0,2.2,0.0,0.0,1.3
3050,490834,49,1,3,80.9,113.3,11.4,40.6,0.0,0.6,0.0,17.1,0.0,7.4,1.0,6.8,0.0,0.0,0.0,0.0,3.4,3.3,6.0,5.9,0.0,0.0,1.0,0.0,0.0,0.0,0.0,0.6
3051,490835,49,1,3,5203.6,4122.0,4830.4,3727.3,33.2,48.4,740.4,541.7,406.0,351.4,2383.9,1992.5,211.5,0.0,215.9,0.0,262.5,255.7,597.3,586.0,11.0,0.0,2.0,0.0,33.2,0.0,0.0,48.4
3052,490836,49,1,3,5322.8,4790.0,4916.7,4351.2,34.1,55.3,805.5,623.3,415.8,364.9,2340.4,2372.8,162.3,0.0,165.7,0.0,315.2,306.9,696.7,683.4,9.0,0.0,6.0,0.0,34.1,0.0,0.0,55.3
3053,490837,49,1,3,5955.5,2308.9,5703.7,2067.8,42.7,21.8,1031.2,5.6,538.1,0.0,3221.9,1745.2,286.4,0.0,292.4,0.0,90.3,88.1,233.4,228.9,9.0,0.0,1.0,0.0,42.7,0.0,0.0,21.8
3054,490838,49,1,2,354.6,892.9,232.7,756.8,0.1,13.8,1.7,215.2,1.2,172.2,8.1,153.5,0.8,0.0,0.8,0.0,65.1,63.7,154.2,152.3,0.0,0.0,1.0,0.0,0.1,0.0,0.0,13.8
3055,490839,49,1,3,4320.6,2371.5,4139.9,2194.8,30.0,20.6,644.9,86.7,365.7,0.0,2332.7,1165.2,257.6,0.0,262.9,681.4,86.9,84.9,179.2,176.6,9.0,0.0,1.0,0.0,30.0,0.0,0.0,20.6
3056,490840,49,1,3,6266.6,3328.1,6019.0,3087.8,44.9,30.5,942.8,105.8,535.9,15.3,3407.9,1728.8,375.8,882.8,383.5,0.0,112.3,109.4,249.9,245.7,10.0,0.0,1.0,0.0,44.9,0.0,0.0,30.5
3057,490841,49,1,4,2749.4,2199.9,2563.7,2004.3,17.5,25.7,434.5,170.3,216.5,139.4,1166.0,1092.6,60.2,0.0,61.5,0.0,188.8,184.0,426.4,417.9,9.0,0.0,1.0,0.0,17.5,0.0,0.0,25.7
3058,490842,49,1,4,3230.3,2616.8,2998.0,2376.2,22.5,28.8,555.3,258.2,288.8,106.3,1525.6,1572.5,79.5,0.0,81.3,0.0,144.3,140.3,305.1,298.9,17.0,0.0,1.0,0.0,22.5,0.0,0.0,28.8
3059,490843,49,1,3,3740.1,2493.2,3570.7,2325.2,26.2,19.3,643.2,60.8,330.3,0.0,1831.8,1339.0,115.7,649.5,118.2,0.0,87.8,85.4,194.6,190.5,249.0,0.0,0.0,0.0,26.2,0.0,0.0,19.3
3060,490844,49,1,3,3995.1,1661.7,3817.9,1489.7,27.9,15.2,692.6,3.2,376.2,0.0,2151.2,1262.5,175.5,0.0,179.1,0.0,63.7,62.0,165.6,162.0,13.0,0.0,1.0,0.0,27.9,0.0,0.0,15.2
3061,490845,49,1,3,334.0,646.8,248.4,548.5,0.0,11.3,0.0,111.7,0.0,102.3,1.0,91.9,0.0,0.0,0.0,0.0,76.1,74.3,170.4,168.4,0.0,0.0,1.0,0.0,0.0,0.0,0.0,11.3
3062,490846,49,1,3,1475.3,1892.6,1372.3,1785.5,10.5,11.9,251.5,70.2,124.8,0.0,696.5,589.8,41.3,810.4,42.2,165.7,52.9,51.7,99.0,97.7,64.0,0.0,0.0,0.0,10.5,0.0,0.0,11.9
3063,490847,49,1,3,4332.6,4048.7,3983.0,3667.6,31.7,57.6,730.0,581.1,372.7,144.1,2008.0,2323.1,113.4,0.0,115.8,0.0,216.9,210.8,416.1,408.5,9.0,0.0,1.0,0.0,31.7,0.0,0.0,57.6
3064,490848,49,1,4,4586.1,5370.5,4192.8,4925.9,19.9,69.5,484.4,581.2,242.7,782.1,1330.4,1626.5,72.8,0.0,74.4,0.0,582.8,566.8,1398.1,1369.2,4.0,0.0,3.0,0.0,19.9,0.0,0.0,69.5
3065,490849,49,1,4,3639.9,5339.3,3216.3,4867.4,19.6,65.2,476.5,962.2,240.8,462.9,1307.8,2442.3,69.7,0.0,71.3,0.0,334.9,325.4,689.3,674.6,22.0,0.0,4.0,0.0,19.6,0.0,0.0,65.2
3066,490850,49,1,3,2659.6,3657.5,2468.4,3430.9,13.7,46.1,330.9,454.5,166.1,530.5,898.7,1379.7,47.8,0.0,48.8,118.1,279.7,271.2,693.3,676.8,2.0,0.0,1.0,0.0,13.7,0.0,0.0,46.1
3067,490851,49,1,3,4388.8,1949.5,4189.3,1750.3,32.0,20.0,759.8,63.5,395.7,0.0,2325.3,1422.0,188.1,0.0,192.1,0.0,80.2,78.1,191.0,186.7,53.0,0.0,4.0,0.0,32.0,0.0,0.0,20.0
3068,490852,49,1,3,3705.6,3192.5,3520.3,2995.6,24.2,15.6,620.2,103.2,326.5,0.0,1903.6,1211.5,159.1,0.0,162.4,1401.5,95.9,93.1,190.5,186.2,47.0,0.0,15.0,0.0,24.2,0.0,0.0,15.6
3069,490853,49,1,3,5058.7,11213.3,4454.8,10399.2,0.0,210.6,0.0,1081.6,0.0,2743.2,4.0,2196.8,0.0,0.0,0.0,0.0,1161.1,1133.4,3285.7,3244.1,0.0,0.0,4.0,0.0,0.0,0.0,0.0,210.6
3070,490854,49,1,3,79.3,78.1,10.0,0.0,0.0,0.0,0.0,0.0,0.0,0.0,5.0,0.0,0.0,0.0,0.0,0.0,0.0,0.0,0.0,0.0,0.0,0.0,5.0,0.0,0.0,0.0,0.0,0.0
3071,490855,49,1,3,3329.3,7433.2,2917.8,6911.3,4.3,110.3,84.4,702.5,48.4,1372.4,300.0,1519.0,31.2,946.5,31.9,0.0,660.4,643.1,1754.5,1727.8,4.0,0.0,3.0,0.0,4.3,0.0,0.0,110.3
3072,490856,49,1,3,4908.5,5837.4,4476.8,5365.5,32.1,63.1,719.4,793.4,356.7,219.8,2179.7,2184.0,181.3,0.0,185.3,1366.4,291.0,282.9,528.4,519.0,30.0,0.0,5.0,0.0,32.1,0.0,0.0,63.1
3073,490857,49,1,3,2716.4,2229.2,2553.0,2041.6,20.0,30.7,463.7,173.4,232.1,164.0,1271.9,1287.4,67.5,0.0,69.0,3.6,119.6,116.3,303.2,297.0,15.0,0.0,11.0,0.0,20.0,0.0,0.0,30.7
3074,490858,49,1,3,3334.3,5666.9,2935.1,5216.3,17.9,66.6,430.2,1024.6,224.5,222.3,1080.0,2271.3,43.7,623.7,44.7,0.0,409.5,397.6,692.6,676.7,7.0,0.0,3.0,0.0,17.9,0.0,0.0,66.6
3075,490859,49,1,3,2920.3,2455.8,2775.4,2302.6,23.5,20.6,581.5,52.7,299.7,0.0,1459.9,1409.1,62.7,560.3,64.1,0.0,88.0,85.5,199.5,194.9,14.0,0.0,6.0,0.0,23.5,0.0,0.0,20.6
3076,490860,49,1,3,3291.7,4856.2,3051.0,4594.0,20.7,28.3,503.4,478.9,253.5,0.0,1476.9,1425.6,117.0,0.0,119.6,2164.5,219.6,212.6,320.9,312.4,36.0,0.0,4.0,0.0,20.7,0.0,0.0,28.3
3077,490861,49,1,3,4289.0,2325.4,4072.6,2094.7,28.9,20.8,745.8,369.0,384.2,11.9,2219.7,1407.4,174.4,0.0,178.0,0.0,96.1,93.0,219.4,213.3,42.0,0.0,13.0,0.0,28.9,0.0,0.0,20.8
3078,490862,49,1,3,1922.3,827.6,1780.2,687.7,12.3,6.0,326.7,2.1,168.4,0.0,964.4,584.8,74.4,0.0,76.0,0.0,28.4,27.6,75.1,73.2,67.0,0.0,0.0,0.0,12.3,0.0,0.0,6.0
3079,490863,49,1,3,4968.5,3350.4,4703.3,3068.8,39.9,51.3,884.4,369.6,462.3,132.4,2497.5,2052.0,142.9,0.0,146.0,0.0,162.6,158.1,361.6,356.6,44.0,0.0,2.0,0.0,39.9,0.0,0.0,51.3
3080,490864,49,1,3,4375.7,1527.5,4191.7,1346.7,33.4,20.7,681.4,4.2,382.8,0.0,2398.4,1141.1,255.5,0.0,260.7,0.0,56.8,55.5,148.1,146.0,6.0,0.0,2.0,0.0,33.4,0.0,0.0,20.7
3081,490865,49,1,3,6381.2,2642.8,6120.7,2385.3,50.1,33.8,1133.8,5.3,555.7,0.0,3459.9,2019.6,288.6,0.0,294.5,0.0,102.5,99.9,264.6,260.5,16.0,0.0,5.0,0.0,50.1,0.0,0.0,33.8
3082,490866,49,1,3,365.7,530.3,249.3,403.6,1.5,5.5,33.3,88.8,17.0,35.0,108.0,212.5,8.6,0.0,8.8,0.0,24.1,23.7,44.4,43.7,0.0,0.0,5.0,0.0,1.5,0.0,0.0,5.5
3083,490867,49,1,3,560.6,612.0,443.5,483.8,3.1,6.6,69.4,129.1,37.1,23.4,219.8,260.4,17.3,0.0,17.7,0.0,30.6,29.9,41.7,41.0,4.0,0.0,6.0,0.0,3.1,0.0,0.0,6.6
3084,490868,49,1,3,2756.0,1140.8,2625.1,1010.2,21.2,12.8,447.6,18.8,252.5,3.8,1490.1,838.4,135.6,0.0,138.5,0.0,43.6,42.3,109.1,106.8,5.0,0.0,3.0,0.0,21.2,0.0,0.0,12.8
3085,490869,49,1,3,2456.0,1871.7,2332.8,1744.7,18.7,13.2,420.5,52.2,221.6,0.0,1293.8,864.8,99.2,644.2,101.4,0.0,60.1,58.5,128.1,125.0,4.0,0.0,4.0,0.0,18.7,0.0,0.0,13.2
3086,490870,49,1,3,3631.6,1726.5,3481.2,1572.7,27.3,16.6,663.8,3.8,355.5,0.0,1953.0,1335.2,127.0,0.0,129.8,0.0,66.7,64.6,173.3,169.0,5.0,0.0,7.0,0.0,27.3,0.0,0.0,16.6
3087,490871,49,1,3,2455.6,1093.3,2280.2,915.0,17.0,9.0,434.3,2.5,222.3,0.0,1273.4,777.7,102.3,0.0,104.4,0.0,38.3,37.3,100.4,97.6,4.0,0.0,1.0,0.0,17.0,0.0,0.0,9.0
3088,490872,49,1,3,4681.9,1837.1,4492.7,1648.0,31.0,14.4,786.7,3.6,422.4,0.0,2540.7,1400.0,233.8,0.0,238.6,0.0,69.8,67.9,181.7,176.5,8.0,0.0,11.0,0.0,31.0,0.0,0.0,14.4
3089,490873,49,1,3,2450.2,1081.8,2341.6,957.3,19.3,11.1,426.6,2.3,224.9,0.0,1320.0,814.3,99.7,0.0,101.9,0.0,39.9,38.8,104.5,101.9,5.0,0.0,19.0,0.0,19.3,0.0,0.0,11.1
3090,490874,49,1,3,2272.5,1144.9,2121.9,989.3,15.8,10.0,386.3,47.5,200.6,15.7,1177.4,775.4,96.8,0.0,98.9,0.0,45.0,43.9,109.8,106.9,3.0,0.0,4.0,0.0,15.8,0.0,0.0,10.0
3091,490875,49,1,3,1435.2,633.1,1325.3,508.7,9.4,4.6,242.2,0.9,126.8,0.0,742.1,434.1,57.8,0.0,59.1,0.0,20.5,20.1,54.9,53.7,9.0,0.0,13.0,0.0,9.4,0.0,0.0,4.6
3092,490876,49,1,2,1420.6,604.8,1288.1,472.3,9.0,4.1,231.2,0.9,121.7,0.0,723.9,403.1,66.0,0.0,67.5,0.0,18.9,18.7,51.0,49.6,8.0,0.0,0.0,0.0,9.0,0.0,0.0,4.1
3093,490877,49,1,3,59.7,65.0,0.3,3.6,0.0,0.2,0.0,3.3,0.0,0.0,0.0,0.0,0.0,0.0,0.0,0.0,0.3,0.3,0.0,0.0,0.0,0.0,0.0,0.0,0.0,0.0,0.0,0.2
3094,490878,49,1,3,61.9,75.1,1.3,12.9,0.0,0.3,0.0,11.6,0.0,0.0,0.0,0.0,0.0,0.0,0.0,0.0,1.3,1.3,0.0,0.0,0.0,0.0,0.0,0.0,0.0,0.0,0.0,0.3
3095,490879,49,1,2,65.0,60.8,12.0,0.0,0.0,0.0,0.0,0.0,0.0,0.0,6.0,0.0,0.0,0.0,0.0,0.0,0.0,0.0,0.0,0.0,0.0,0.0,6.0,0.0,0.0,0.0,0.0,0.0
3096,490880,49,1,2,168.6,273.9,102.0,196.6,0.5,3.2,9.2,68.7,5.4,23.3,37.4,67.2,2.4,0.0,2.5,0.0,14.7,14.4,23.5,23.0,0.0,0.0,7.0,0.0,0.5,0.0,0.0,3.2
3097,490881,49,1,2,248.4,397.7,171.4,309.1,1.0,5.0,19.2,103.8,10.6,35.3,66.7,111.9,4.4,0.0,4.5,0.0,23.0,22.5,36.0,35.6,0.0,0.0,7.0,0.0,1.0,0.0,0.0,5.0
3098,490882,49,1,2,451.6,299.1,381.2,225.5,3.0,3.7,56.1,27.6,34.0,11.7,204.9,153.8,20.7,0.0,21.4,0.0,9.1,9.0,23.9,23.4,10.0,0.0,1.0,0.0,3.0,0.0,0.0,3.7
3099,490883,49,1,2,1294.1,645.6,1198.6,549.2,8.5,6.7,179.8,35.4,101.5,31.6,592.6,389.9,52.9,0.0,54.2,0.0,25.7,25.2,68.8,67.1,123.0,0.0,0.0,0.0,8.5,0.0,0.0,6.7
3100,490884,49,1,3,2311.7,1799.4,2115.7,1594.0,15.8,19.4,366.9,157.8,185.9,141.6,1039.1,968.9,69.3,0.0,70.9,0.0,97.5,94.3,238.0,231.5,48.0,0.0,0.0,0.0,15.8,0.0,0.0,19.4
3101,490885,49,1,3,2786.7,1303.6,2619.8,1137.8,19.4,11.3,478.3,27.4,252.0,11.7,1447.7,933.1,117.3,0.0,119.7,0.0,47.8,46.4,123.0,119.2,34.0,0.0,0.0,0.0,19.4,0.0,0.0,11.3
3102,490886,49,1,2,2745.3,1955.4,2569.6,1781.4,17.8,10.0,451.1,68.1,238.2,0.0,1414.3,864.9,130.4,658.6,133.2,0.0,64.1,62.3,131.2,127.4,7.0,0.0,0.0,0.0,17.8,0.0,0.0,10.0
3103,490887,49,1,4,1721.0,6210.8,1205.2,5594.5,0.0,109.2,0.0,1659.1,0.0,575.7,2.0,2190.5,0.0,0.0,0.0,0.0,444.3,428.8,756.9,740.4,0.0,0.0,2.0,0.0,0.0,0.0,0.0,109.2
3104,490888,49,1,3,736.8,341.2,661.9,265.4,5.0,4.8,103.4,8.3,53.6,3.8,324.2,214.6,26.8,0.0,27.4,0.0,10.9,10.7,28.5,28.1,86.0,0.0,1.0,0.0,5.0,0.0,0.0,4.8
3105,490889,49,1,2,548.6,285.7,491.1,210.6,4.0,3.8,82.2,5.4,42.9,3.8,266.1,170.6,19.5,0.0,19.9,0.0,8.5,8.3,22.9,22.4,14.0,0.0,15.0,0.0,4.0,0.0,0.0,3.8
3106,490890,49,1,2,739.1,354.0,662.8,274.5,6.0,4.6,120.7,2.2,62.0,0.0,373.5,233.8,29.8,0.0,30.5,0.0,10.5,10.2,28.8,28.2,6.0,0.0,1.0,0.0,6.0,0.0,0.0,4.6
3107,490891,49,1,3,2995.8,1074.2,2826.9,902.6,23.8,15.1,458.3,1.9,250.7,0.0,1608.5,771.3,179.9,0.0,183.7,0.0,36.5,35.4,96.2,93.9,12.0,0.0,1.0,0.0,23.8,0.0,0.0,15.1
3108,490892,49,1,3,4046.8,1576.5,3856.3,1387.0,31.9,19.8,666.3,9.0,358.1,0.0,2186.0,1178.8,212.1,0.0,216.6,0.0,56.9,55.0,148.2,144.1,10.0,0.0,2.0,0.0,31.9,0.0,0.0,19.8
3109,490893,49,1,2,2615.1,1047.6,2466.7,895.4,19.9,11.3,424.7,14.7,231.2,1.2,1390.8,747.6,132.2,0.0,134.9,0.0,37.7,36.5,98.1,95.3,13.0,0.0,4.0,0.0,19.9,0.0,0.0,11.3
3110,490894,49,1,3,4668.3,1840.3,4457.0,1631.3,36.2,21.4,762.5,28.3,413.7,8.0,2496.7,1344.0,239.7,0.0,244.7,0.0,72.4,70.0,186.2,181.1,38.0,0.0,3.0,0.0,36.2,0.0,0.0,21.4
3111,490895,49,1,3,1430.8,1291.3,1275.2,1122.2,9.1,15.4,205.8,183.6,106.6,76.3,595.7,595.7,40.8,0.0,41.7,0.0,86.8,83.9,188.0,182.7,8.0,0.0,2.0,0.0,9.1,0.0,0.0,15.4
3112,490896,49,1,2,2125.9,2697.5,1958.8,2517.9,14.6,18.4,344.4,230.8,175.4,3.9,997.5,1072.8,69.0,925.2,70.6,0.0,115.2,111.0,179.7,174.2,4.0,0.0,3.0,0.0,14.6,0.0,0.0,18.4
3113,490897,49,1,2,4276.1,3933.0,4038.3,3690.6,29.3,20.9,707.6,137.9,377.4,0.0,2226.0,1603.8,200.7,0.0,204.8,1652.0,104.4,100.7,202.4,196.1,10.0,0.0,5.0,0.0,29.3,0.0,0.0,20.9
3114,490898,49,1,2,3523.6,1388.1,3339.2,1218.1,22.6,10.3,589.4,9.3,313.0,0.0,1859.4,1032.2,172.1,0.0,175.5,0.0,50.4,48.9,131.4,127.7,46.0,0.0,2.0,0.0,22.6,0.0,0.0,10.3
3115,490899,49,1,3,3103.8,4793.7,2847.7,4497.7,19.0,51.9,427.9,398.8,211.7,413.9,1165.0,1418.9,66.2,1393.2,67.6,0.0,268.4,257.6,635.0,615.3,3.0,0.0,3.0,0.0,19.0,0.0,0.0,51.9
3116,490900,49,1,3,1181.9,2350.3,1056.6,2215.5,7.8,9.8,168.9,110.3,91.3,0.0,536.9,441.6,48.1,0.0,49.2,1520.7,57.8,56.0,89.5,86.9,13.0,0.0,2.0,0.0,7.8,0.0,0.0,9.8
3117,490901,49,1,2,1698.9,727.3,1566.3,593.9,12.6,7.0,279.9,13.5,149.0,0.0,884.4,497.2,79.9,0.0,81.7,0.0,23.4,22.8,62.1,60.4,5.0,0.0,1.0,0.0,12.6,0.0,0.0,7.0
3118,490902,49,1,2,2980.0,1316.5,2811.3,1156.1,21.5,11.6,526.8,11.0,271.7,0.0,1562.4,979.0,121.8,0.0,124.4,0.0,47.0,45.8,124.1,120.2,31.0,0.0,2.0,0.0,21.5,0.0,0.0,11.6
3119,490903,49,1,3,3399.1,2725.0,3184.1,2492.6,26.6,36.2,607.6,161.0,297.8,143.2,1648.7,1711.1,94.5,0.0,96.6,59.4,123.2,118.4,308.7,299.5,4.0,0.0,3.0,0.0,26.6,0.0,0.0,36.2
3120,490904,49,1,2,2476.3,2048.8,2267.4,1820.9,17.2,27.8,363.3,223.7,195.4,149.8,1145.6,1107.4,102.2,0.0,104.5,0.0,104.7,100.9,246.6,239.0,3.0,0.0,2.0,0.0,17.2,0.0,0.0,27.8
3121,490905,49,1,2,689.4,285.5,586.6,181.9,4.0,2.3,87.1,0.2,45.5,0.0,279.3,156.8,26.2,0.0,26.9,0.0,6.6,6.5,19.0,18.5,96.0,0.0,0.0,0.0,4.0,0.0,0.0,2.3
3122,490906,49,1,2,891.6,798.8,754.4,647.8,5.7,11.3,113.9,66.4,63.1,57.5,379.1,409.5,37.3,0.0,38.2,0.0,33.7,32.5,84.3,81.8,4.0,0.0,1.0,0.0,5.7,0.0,0.0,11.3
3123,490907,49,1,2,888.1,420.3,775.0,303.9,6.8,4.5,139.2,5.0,75.6,0.0,438.4,257.4,38.5,0.0,39.5,0.0,12.0,11.6,30.8,29.9,1.0,0.0,0.0,0.0,6.8,0.0,0.0,4.5
3124,490908,49,1,2,1140.2,506.9,1022.9,389.3,8.4,5.0,184.4,3.8,99.8,0.0,578.4,331.3,50.8,0.0,51.9,0.0,15.0,14.6,40.7,39.6,2.0,0.0,0.0,0.0,8.4,0.0,0.0,5.0
3125,490909,49,1,2,904.1,454.2,792.5,345.8,6.2,3.8,149.3,22.7,75.7,0.0,447.4,277.8,35.9,0.0,36.7,0.0,12.4,12.2,34.1,33.1,1.0,0.0,0.0,0.0,6.2,0.0,0.0,3.8
3126,490910,49,1,2,1498.2,659.8,1370.1,530.7,11.5,7.9,243.2,19.5,128.9,0.0,769.3,438.9,70.0,0.0,71.5,0.0,20.2,19.7,53.9,52.6,13.0,0.0,0.0,0.0,11.5,0.0,0.0,7.9
3127,490911,49,1,2,1054.5,514.5,936.2,392.9,8.2,6.5,166.9,42.9,88.8,0.0,530.2,301.0,48.1,0.0,49.2,0.0,13.4,13.2,36.7,35.7,2.0,0.0,1.0,0.0,8.2,0.0,0.0,6.5
3128,490912,49,1,2,1133.1,546.6,1015.8,424.6,8.8,7.1,180.1,46.2,95.9,0.0,573.6,325.6,51.4,0.0,52.6,0.0,14.6,14.1,39.8,38.7,4.0,0.0,4.0,0.0,8.8,0.0,0.0,7.1
3129,490913,49,1,2,635.7,328.0,541.5,230.8,4.8,4.3,98.3,13.4,50.8,0.0,304.5,187.6,22.9,0.0,23.5,0.0,7.9,7.8,22.5,21.9,1.0,0.0,10.0,0.0,4.8,0.0,0.0,4.3
3130,490914,49,1,1,229.7,140.7,169.7,80.2,1.3,1.4,33.4,0.0,17.4,0.0,96.3,69.9,5.5,0.0,5.9,0.0,2.2,2.2,8.1,8.1,0.0,0.0,1.0,0.0,1.3,0.0,0.0,1.4
3131,490915,49,1,1,141.3,87.2,105.2,34.4,0.6,0.5,14.2,0.0,7.6,0.0,57.8,30.4,2.3,0.0,2.4,0.0,0.8,0.8,3.1,3.2,0.0,0.0,17.0,0.0,0.6,0.0,0.0,0.5
3132,490916,49,1,1,55.0,51.5,6.0,0.0,0.0,0.0,0.0,0.0,0.0,0.0,3.0,0.0,0.0,0.0,0.0,0.0,0.0,0.0,0.0,0.0,0.0,0.0,3.0,0.0,0.0,0.0,0.0,0.0
3133,490917,49,1,1,55.9,51.3,8.0,0.0,0.0,0.0,0.0,0.0,0.0,0.0,4.0,0.0,0.0,0.0,0.0,0.0,0.0,0.0,0.0,0.0,0.0,0.0,4.0,0.0,0.0,0.0,0.0,0.0
3134,490918,49,1,2,57.9,51.2,12.0,0.0,0.0,0.0,0.0,0.0,0.0,0.0,6.0,0.0,0.0,0.0,0.0,0.0,0.0,0.0,0.0,0.0,0.0,0.0,6.0,0.0,0.0,0.0,0.0,0.0
3135,490919,49,1,2,52.1,52.1,0.0,0.0,0.0,0.0,0.0,0.0,0.0,0.0,0.0,0.0,0.0,0.0,0.0,0.0,0.0,0.0,0.0,0.0,0.0,0.0,0.0,0.0,0.0,0.0,0.0,0.0
3136,490920,49,1,2,1071.5,3247.4,862.2,2983.0,0.0,52.4,0.0,475.1,0.0,545.6,4.0,1121.2,0.0,0.0,0.0,0.0,245.9,240.0,608.4,601.0,0.0,0.0,4.0,0.0,0.0,0.0,0.0,52.4
3137,490921,49,1,2,1330.0,2943.3,1139.2,2704.3,0.0,47.6,0.0,385.2,0.0,818.6,2.0,379.6,0.0,0.0,0.0,0.0,284.9,278.9,850.2,842.0,0.0,0.0,2.0,0.0,0.0,0.0,0.0,47.6
3138,490922,49,1,1,56.0,52.1,8.0,0.0,0.0,0.0,0.0,0.0,0.0,0.0,4.0,0.0,0.0,0.0,0.0,0.0,0.0,0.0,0.0,0.0,0.0,0.0,4.0,0.0,0.0,0.0,0.0,0.0
3139,490923,49,1,1,54.1,52.4,4.0,0.0,0.0,0.0,0.0,0.0,0.0,0.0,2.0,0.0,0.0,0.0,0.0,0.0,0.0,0.0,0.0,0.0,0.0,0.0,2.0,0.0,0.0,0.0,0.0,0.0
3140,490924,49,1,3,52.0,53.0,0.0,0.0,0.0,0.0,0.0,0.0,0.0,0.0,0.0,0.0,0.0,0.0,0.0,0.0,0.0,0.0,0.0,0.0,0.0,0.0,0.0,0.0,0.0,0.0,0.0,0.0
3141,490925,49,1,3,1039.3,2519.2,820.6,2252.4,0.0,44.8,0.0,373.6,0.0,487.0,4.0,592.5,0.0,0.0,0.0,0.0,229.1,223.2,583.5,576.1,0.0,0.0,4.0,0.0,0.0,0.0,0.0,44.8
3142,490926,49,1,1,78.9,67.1,28.6,16.3,0.3,0.3,5.2,0.0,3.1,0.0,15.7,14.8,0.5,0.0,0.6,0.0,0.2,0.2,1.3,1.3,0.0,0.0,2.0,0.0,0.3,0.0,0.0,0.3
3143,490927,49,1,1,175.5,110.5,123.3,57.0,1.1,0.8,23.4,0.0,12.5,0.0,69.9,50.0,4.0,0.0,4.3,0.0,1.6,1.5,5.5,5.5,0.0,0.0,2.0,0.0,1.1,0.0,0.0,0.8
3144,490928,49,1,1,171.7,106.2,122.7,52.6,0.9,0.7,21.7,0.0,11.7,0.0,69.4,46.1,4.1,0.0,4.3,0.0,1.4,1.4,5.1,5.1,0.0,0.0,5.0,0.0,0.9,0.0,0.0,0.7
3145,490929,49,1,1,53.0,52.1,2.0,0.0,0.0,0.0,0.0,0.0,0.0,0.0,1.0,0.0,0.0,0.0,0.0,0.0,0.0,0.0,0.0,0.0,0.0,0.0,1.0,0.0,0.0,0.0,0.0,0.0
3146,490930,49,1,3,81.7,150.2,27.3,94.1,0.1,1.5,2.5,22.1,1.9,11.5,7.2,45.7,0.2,0.0,0.3,0.0,3.8,3.8,11.2,11.0,0.0,0.0,0.0,0.0,0.1,0.0,0.0,1.5
3147,490931,49,1,3,2744.8,1622.1,2565.3,1438.1,22.1,23.9,498.3,153.9,254.1,7.4,1403.7,1067.7,85.3,0.0,87.2,0.0,74.3,72.4,138.5,136.8,24.0,0.0,0.0,0.0,22.1,0.0,0.0,23.9
3148,490932,49,1,3,5276.7,7795.7,4620.0,7030.1,24.7,134.0,537.9,1154.5,273.4,963.7,1518.3,2849.2,92.6,0.0,94.5,0.0,642.1,625.7,1455.3,1437.0,4.0,0.0,2.0,0.0,24.7,0.0,0.0,134.0
3149,490933,49,1,1,197.5,121.5,142.8,66.5,1.2,1.0,27.6,0.0,14.7,0.0,81.5,58.3,5.1,0.0,5.4,0.0,1.8,1.8,6.6,6.4,0.0,0.0,0.0,0.0,1.2,0.0,0.0,1.0
3150,490934,49,1,1,250.4,428.4,185.0,358.8,0.9,5.5,21.5,47.7,11.5,49.2,62.9,182.2,3.8,0.0,4.0,0.0,22.7,22.2,58.5,57.5,0.0,0.0,0.0,0.0,0.9,0.0,0.0,5.5
3151,490935,49,1,1,210.9,131.7,157.6,77.5,1.3,1.0,30.8,0.7,16.0,0.0,88.8,67.1,5.0,0.0,5.2,0.0,2.2,2.2,7.6,7.5,0.0,0.0,2.0,0.0,1.3,0.0,0.0,1.0
3152,490936,49,1,3,478.9,1398.6,323.5,1221.1,0.3,23.6,5.9,376.0,3.4,221.8,19.0,338.3,0.6,0.0,0.7,0.0,96.4,93.4,194.6,191.6,0.0,0.0,3.0,0.0,0.3,0.0,0.0,23.6
3153,490937,49,1,3,3500.7,11064.4,2872.3,10237.7,0.0,199.9,0.0,2472.9,0.0,1175.4,6.0,3784.4,0.0,0.0,0.0,0.0,1029.1,1001.0,1831.2,1804.0,0.0,0.0,6.0,0.0,0.0,0.0,0.0,199.9
3154,490938,49,1,4,2200.9,5106.1,2039.9,4854.7,0.0,93.4,0.0,588.8,0.0,1904.9,2.0,362.0,0.0,0.0,0.0,0.0,434.9,422.6,1600.9,1576.4,0.0,0.0,2.0,0.0,0.0,0.0,0.0,93.4
3155,490939,49,1,1,180.4,117.0,126.8,62.7,1.1,1.1,24.9,0.0,13.1,0.0,72.0,55.1,3.9,0.0,4.1,0.0,1.7,1.7,6.0,6.0,0.0,0.0,1.0,0.0,1.1,0.0,0.0,1.1
3156,490940,49,1,1,233.3,140.0,178.8,85.7,1.5,1.2,34.9,0.0,18.3,0.0,101.3,74.4,5.9,0.0,6.2,0.0,2.5,2.6,8.7,8.7,0.0,0.0,1.0,0.0,1.5,0.0,0.0,1.2
3157,490941,49,1,1,180.3,116.2,126.8,62.8,1.0,0.8,25.0,0.0,13.2,0.0,72.0,55.1,3.9,0.0,4.1,0.0,1.7,1.7,6.0,5.9,0.0,0.0,1.0,0.0,1.0,0.0,0.0,0.8
3158,490942,49,1,3,1080.2,3188.6,764.1,2813.5,0.0,62.5,0.0,1065.1,0.0,573.6,2.0,432.3,0.0,0.0,0.0,0.0,267.8,259.2,492.3,483.3,0.0,0.0,2.0,0.0,0.0,0.0,0.0,62.5
3159,490943,49,1,1,127.8,89.0,77.3,35.2,0.6,0.6,14.1,0.0,7.6,0.0,43.8,31.3,2.4,0.0,2.5,0.0,0.8,0.8,3.1,3.1,0.0,0.0,3.0,0.0,0.6,0.0,0.0,0.6
3160,490944,49,1,1,109.0,78.7,59.0,26.1,0.5,0.5,10.4,0.0,5.6,0.0,33.3,23.2,1.8,0.0,1.9,0.0,0.6,0.6,2.3,2.3,0.0,0.0,3.0,0.0,0.5,0.0,0.0,0.5
3161,490945,49,1,1,98.9,74.4,45.8,21.8,0.5,0.3,8.5,0.0,4.9,0.0,26.5,19.3,1.7,0.0,1.8,0.0,0.5,0.5,1.9,2.0,0.0,0.0,0.0,0.0,0.5,0.0,0.0,0.3
3162,490946,49,1,2,89.1,64.3,52.7,12.6,0.2,0.2,4.1,0.0,2.5,0.0,27.8,11.4,0.5,0.0,0.5,0.0,0.3,0.3,1.1,1.0,0.0,0.0,16.0,0.0,0.2,0.0,0.0,0.2
3163,490947,49,1,3,222.4,685.3,99.4,548.1,0.0,12.8,0.0,362.6,0.0,30.0,5.0,68.7,0.0,0.0,0.0,0.0,59.9,58.0,29.4,28.9,0.0,0.0,5.0,0.0,0.0,0.0,0.0,12.8
3164,490948,49,1,4,1288.5,3810.7,976.2,3423.7,0.0,79.8,0.0,982.1,0.0,789.7,2.0,704.9,0.0,0.0,0.0,0.0,299.2,288.6,673.0,658.4,0.0,0.0,2.0,0.0,0.0,0.0,0.0,79.8
3165,490949,49,1,4,1381.5,4533.9,897.5,3971.7,0.0,88.7,0.0,1733.5,0.0,556.2,1.0,810.7,0.0,0.0,0.0,0.0,379.8,366.8,515.7,504.5,0.0,0.0,1.0,0.0,0.0,0.0,0.0,88.7
3166,490950,49,1,1,61.0,61.3,8.6,8.3,0.1,0.2,1.8,0.0,1.2,0.0,4.6,7.6,0.2,0.0,0.2,0.0,0.1,0.1,0.6,0.6,0.0,0.0,0.0,0.0,0.1,0.0,0.0,0.2
3167,490951,49,1,1,88.1,61.4,62.8,8.3,0.2,0.2,1.8,0.0,1.2,0.0,31.7,7.6,0.2,0.0,0.2,0.0,0.1,0.1,0.6,0.6,0.0,0.0,27.0,0.0,0.2,0.0,0.0,0.2
3168,490952,49,1,2,84.1,65.8,42.7,12.9,0.2,0.2,4.0,0.0,2.5,0.0,22.9,11.5,0.5,0.0,0.5,0.0,0.3,0.3,1.0,1.0,0.0,0.0,11.0,0.0,0.2,0.0,0.0,0.2
3169,490953,49,1,3,274.2,471.7,213.1,395.6,0.9,8.8,16.6,84.4,9.1,91.8,58.6,108.7,3.3,0.0,3.4,0.0,29.3,28.4,83.8,82.3,0.0,0.0,9.0,0.0,0.9,0.0,0.0,8.8
3170,490954,49,1,1,73.0,66.2,20.6,12.7,0.2,0.2,4.0,0.0,2.5,0.0,11.8,11.4,0.5,0.0,0.5,0.0,0.3,0.3,1.0,1.0,0.0,0.0,0.0,0.0,0.2,0.0,0.0,0.2
3171,490955,49,1,2,52.2,52.9,0.0,0.0,0.0,0.0,0.0,0.0,0.0,0.0,0.0,0.0,0.0,0.0,0.0,0.0,0.0,0.0,0.0,0.0,0.0,0.0,0.0,0.0,0.0,0.0,0.0,0.0
3172,490956,49,1,2,61.4,61.8,9.0,8.6,0.2,0.2,1.8,0.0,1.2,0.0,4.8,7.7,0.2,0.0,0.2,0.0,0.2,0.2,0.7,0.7,0.0,0.0,0.0,0.0,0.2,0.0,0.0,0.2
3173,490957,49,1,1,52.1,52.6,0.0,0.0,0.0,0.0,0.0,0.0,0.0,0.0,0.0,0.0,0.0,0.0,0.0,0.0,0.0,0.0,0.0,0.0,0.0,0.0,0.0,0.0,0.0,0.0,0.0,0.0
3174,490958,49,1,2,133.2,177.6,101.0,118.6,0.3,2.7,5.1,13.2,3.2,20.7,41.4,59.9,1.5,0.0,1.5,0.0,5.9,5.8,19.4,18.9,0.0,0.0,23.0,0.0,0.3,0.0,0.0,2.7
3175,490959,49,1,4,5709.3,11378.1,5115.1,10529.5,0.0,254.3,0.0,910.7,0.0,3162.3,13.0,1497.1,0.0,0.0,0.0,0.0,1313.5,1264.8,3775.6,3694.5,0.0,0.0,13.0,0.0,0.0,0.0,0.0,254.3
3176,490960,49,1,2,57.2,53.8,10.0,0.0,0.0,0.0,0.0,0.0,0.0,0.0,5.0,0.0,0.0,0.0,0.0,0.0,0.0,0.0,0.0,0.0,0.0,0.0,5.0,0.0,0.0,0.0,0.0,0.0
3177,490961,49,1,4,4496.4,10113.0,3754.5,9185.4,0.0,190.4,0.0,1742.0,0.0,1920.6,9.0,1881.0,0.0,0.0,0.0,0.0,1118.3,1079.5,2618.2,2562.3,0.0,0.0,9.0,0.0,0.0,0.0,0.0,190.4
3178,490962,49,1,4,7086.2,14536.8,6305.7,13463.2,0.0,291.4,0.0,1277.5,0.0,3821.0,14.0,2244.8,0.0,0.0,0.0,0.0,1641.9,1584.2,4635.8,4535.7,0.0,0.0,14.0,0.0,0.0,0.0,0.0,291.4
3179,490963,49,1,3,2940.8,1857.1,2784.2,1685.0,23.5,32.6,468.7,104.2,239.4,170.8,1452.4,1043.2,119.3,0.0,121.9,0.0,98.1,94.6,278.4,272.4,5.0,0.0,1.0,0.0,23.5,0.0,0.0,32.6
3180,490964,49,1,4,2080.6,3915.7,1822.6,3584.0,6.8,82.1,140.7,519.4,71.4,677.8,391.3,1247.8,21.5,0.0,22.1,0.0,329.4,316.9,841.2,822.2,1.0,0.0,4.0,0.0,6.8,0.0,0.0,82.1
3181,490965,49,1,4,2136.2,3138.8,1886.2,2828.8,4.0,67.3,82.0,303.0,42.1,646.3,228.3,413.8,12.6,0.0,12.9,0.0,432.0,415.8,1073.3,1049.9,1.0,0.0,2.0,0.0,4.0,0.0,0.0,67.3
3182,490966,49,1,3,1627.5,1715.3,1509.3,1591.6,13.2,18.5,271.8,93.2,142.5,7.9,804.2,670.8,57.3,652.4,58.5,0.0,59.9,57.6,112.0,109.6,3.0,0.0,0.0,0.0,13.2,0.0,0.0,18.5
3183,490967,49,1,4,3997.4,4807.1,3603.3,4339.4,22.5,93.7,464.9,662.8,241.5,436.4,1382.9,1976.3,98.7,0.0,100.8,0.0,410.6,394.7,889.9,869.2,6.0,0.0,8.0,0.0,22.5,0.0,0.0,93.7
3184,490968,49,1,4,3498.0,2913.3,3253.5,2640.6,26.6,54.2,561.6,313.7,284.3,179.5,1551.6,1535.3,87.9,0.0,89.9,0.0,196.7,189.0,433.4,423.1,45.0,0.0,3.0,0.0,26.6,0.0,0.0,54.2
3185,490969,49,1,4,3060.0,2299.5,2882.3,2106.6,26.6,40.0,571.0,94.2,289.8,124.9,1485.4,1506.8,69.7,0.0,71.2,0.0,105.9,102.0,285.4,278.8,3.0,0.0,1.0,0.0,26.6,0.0,0.0,40.0
3186,490970,49,1,4,2634.5,3066.1,2363.0,2753.4,14.5,57.6,310.4,340.8,155.8,350.2,804.3,1080.3,38.9,0.0,39.9,0.0,311.3,299.3,699.4,682.8,2.0,0.0,1.0,0.0,14.5,0.0,0.0,57.6
3187,490971,49,1,3,6421.4,4493.5,6039.5,4077.5,51.8,81.5,1048.8,294.5,559.9,154.1,3045.1,2684.7,199.3,0.0,203.4,0.0,304.9,293.0,667.0,651.1,10.0,0.0,1.0,0.0,51.8,0.0,0.0,81.5
3188,490972,49,1,3,4107.4,2828.4,3902.8,2619.1,32.1,24.7,620.7,84.3,340.6,0.0,2160.8,1139.6,236.9,1159.0,241.9,0.0,78.6,75.8,164.4,160.4,57.0,0.0,2.0,0.0,32.1,0.0,0.0,24.7
3189,490973,49,1,3,3533.1,1252.3,3350.6,1067.5,27.7,17.0,540.0,2.4,294.0,0.0,1899.1,912.2,214.3,0.0,218.8,0.0,43.5,41.9,113.8,110.9,26.0,0.0,1.0,0.0,27.7,0.0,0.0,17.0
3190,490974,49,1,3,2807.9,1016.6,2643.1,848.8,21.8,13.8,422.7,12.2,236.6,0.0,1467.7,717.1,158.9,0.0,162.3,0.0,33.7,32.7,89.1,86.8,72.0,0.0,0.0,0.0,21.8,0.0,0.0,13.8
3191,490975,49,1,3,3374.6,2169.0,3197.2,1973.6,26.4,41.0,561.6,131.3,279.6,86.9,1634.7,1414.8,111.5,0.0,113.8,0.0,103.4,99.3,247.6,241.3,145.0,0.0,0.0,0.0,26.4,0.0,0.0,41.0
3192,490976,49,1,4,786.0,2907.9,708.5,2818.4,5.3,13.4,112.6,129.4,57.2,0.0,333.6,401.7,22.4,0.0,23.0,2138.1,62.9,60.8,90.7,88.5,3.0,0.0,3.0,0.0,5.3,0.0,0.0,13.4
3193,490977,49,1,4,2974.1,3724.9,2716.8,3417.2,18.6,69.8,389.0,359.8,197.4,543.6,1126.1,1691.4,74.1,0.0,75.7,0.0,224.7,215.9,622.8,606.5,6.0,0.0,1.0,0.0,18.6,0.0,0.0,69.8
3194,490978,49,1,4,4484.6,5762.9,4066.9,5262.2,24.2,110.0,496.2,757.2,255.2,695.4,1480.8,2251.5,108.4,0.0,110.7,0.0,483.2,464.4,1122.5,1093.6,9.0,0.0,1.0,0.0,24.2,0.0,0.0,110.0
3195,490979,49,1,3,3145.3,2251.3,2996.5,2097.0,26.7,27.5,536.6,49.7,276.3,0.0,1587.8,1150.4,111.9,673.6,114.2,0.0,71.3,68.7,158.4,154.5,137.0,0.0,3.0,0.0,26.7,0.0,0.0,27.5
3196,490980,49,1,3,2759.4,3173.2,2609.8,3008.9,22.0,32.9,442.6,108.5,227.9,113.3,1271.3,1057.3,83.2,0.0,85.0,1376.6,107.2,103.1,256.5,250.2,136.0,0.0,0.0,0.0,22.0,0.0,0.0,32.9
3197,490981,49,1,3,5674.6,3332.4,5434.9,3089.2,47.5,39.3,928.8,61.4,473.4,0.0,2987.8,1779.3,280.8,913.0,286.5,0.0,105.4,101.4,240.1,234.0,130.0,0.0,2.0,0.0,47.5,0.0,0.0,39.3
3198,490982,49,1,3,2347.4,3792.7,2178.6,3610.5,17.0,19.8,336.1,144.8,176.2,0.0,1120.1,770.2,117.2,0.0,119.7,2475.1,86.0,82.8,141.3,137.5,81.0,0.0,1.0,0.0,17.0,0.0,0.0,19.8
3199,490983,49,1,3,4062.3,1530.5,3857.7,1323.7,32.7,20.8,658.3,2.7,349.4,0.0,2188.5,1131.7,226.3,0.0,231.0,0.0,54.1,52.1,141.0,137.1,7.0,0.0,2.0,0.0,32.7,0.0,0.0,20.8
3200,490984,49,1,3,341.6,890.8,210.4,741.9,0.5,13.4,8.2,90.7,4.9,111.7,30.2,336.3,3.1,0.0,3.3,47.5,44.6,43.0,116.2,112.8,0.0,0.0,0.0,0.0,0.5,0.0,0.0,13.4
3201,490985,49,1,2,4662.0,2045.7,4408.5,1784.5,36.5,35.4,751.0,199.7,396.2,0.0,2488.8,1334.5,250.9,0.0,256.2,0.0,93.0,89.2,165.5,161.0,6.0,0.0,1.0,0.0,36.5,0.0,0.0,35.4
3202,490986,49,1,2,4457.0,2077.8,4224.9,1840.1,37.9,33.6,751.3,148.2,404.5,36.1,2361.0,1389.5,210.1,0.0,214.3,0.0,74.3,71.8,200.4,194.5,7.0,0.0,2.0,0.0,37.9,0.0,0.0,33.6
3203,490987,49,1,3,4355.3,2750.3,4148.0,2536.2,34.7,32.9,703.3,60.8,372.9,0.0,2327.2,1313.7,232.5,904.6,237.5,0.0,83.1,79.8,182.6,177.3,8.0,0.0,1.0,0.0,34.7,0.0,0.0,32.9
3204,490988,49,1,3,3333.4,2854.6,3103.8,2596.9,27.4,53.6,593.8,384.5,290.5,77.6,1588.6,1697.6,86.1,0.0,88.0,0.0,152.2,145.9,299.6,291.4,4.0,0.0,1.0,0.0,27.4,0.0,0.0,53.6
3205,490989,49,1,4,2150.8,3096.0,1925.2,2822.0,12.2,59.6,265.8,545.0,131.2,164.1,710.1,1397.8,37.0,0.0,37.8,0.0,261.9,251.1,477.6,463.9,2.0,0.0,2.0,0.0,12.2,0.0,0.0,59.6
3206,490990,49,1,4,2190.5,1845.7,2028.1,1665.6,16.5,33.2,344.3,101.3,175.2,98.5,996.0,1098.8,64.7,0.0,66.2,0.0,114.9,110.2,263.8,256.8,3.0,0.0,0.0,0.0,16.5,0.0,0.0,33.2
3207,490991,49,1,3,2805.2,2551.5,2537.3,2257.1,21.0,43.8,428.5,285.7,211.1,147.7,1253.9,1379.5,88.7,0.0,90.7,0.0,147.8,141.8,311.6,302.5,4.0,0.0,1.0,0.0,21.0,0.0,0.0,43.8
3208,490992,49,1,3,2315.0,1365.1,2180.1,1222.4,19.7,24.8,400.9,50.5,203.6,27.5,1162.0,898.3,77.0,0.0,78.8,0.0,76.0,73.1,177.7,173.0,4.0,0.0,0.0,0.0,19.7,0.0,0.0,24.8
3209,490993,49,1,3,2147.8,1200.3,2013.3,1059.5,18.1,18.9,372.8,65.3,181.9,17.3,1088.2,817.3,78.5,0.0,80.1,0.0,47.5,45.7,117.2,113.9,47.0,0.0,0.0,0.0,18.1,0.0,0.0,18.9
3210,490994,49,1,3,2975.6,1571.4,2816.0,1406.2,26.6,25.9,547.3,10.4,283.8,3.9,1566.5,1196.1,101.3,0.0,103.4,0.0,56.5,54.4,145.2,141.4,12.0,0.0,0.0,0.0,26.6,0.0,0.0,25.9
3211,490995,49,1,3,8982.0,6101.0,8527.5,5612.8,69.6,91.7,1382.3,324.2,741.6,294.2,4431.5,3289.9,415.6,623.6,424.0,0.0,336.6,322.9,779.8,757.9,14.0,0.0,2.0,0.0,69.6,0.0,0.0,91.7
3212,490996,49,1,3,5022.7,2003.4,4794.5,1774.8,41.9,31.5,805.8,32.7,431.7,11.9,2709.5,1472.7,280.1,0.0,285.9,0.0,74.9,72.1,190.6,185.4,15.0,0.0,1.0,0.0,41.9,0.0,0.0,31.5
3213,490997,49,1,2,184.7,135.9,82.3,27.3,0.7,0.5,13.1,0.0,7.5,0.0,47.7,23.9,5.2,0.0,5.4,0.0,0.8,0.7,2.6,2.6,0.0,0.0,0.0,0.0,0.7,0.0,0.0,0.5
3214,490998,49,1,3,2022.8,3419.3,1800.8,3145.8,11.3,63.4,241.9,434.7,118.7,294.3,644.9,1318.9,34.2,0.0,35.0,399.3,229.8,219.7,493.3,478.8,2.0,0.0,1.0,0.0,11.3,0.0,0.0,63.4
3215,490999,49,1,3,2215.9,5246.0,1866.0,4799.5,7.6,108.6,159.2,823.2,83.8,533.7,453.0,2366.6,26.7,0.0,27.4,0.0,369.6,353.6,744.4,722.4,1.0,0.0,1.0,0.0,7.6,0.0,0.0,108.6
3216,491000,49,1,3,2791.8,3137.2,2629.1,2963.3,23.7,30.2,502.4,113.2,261.5,0.0,1408.3,1207.3,85.1,0.0,86.9,1370.4,95.9,92.1,185.1,180.2,4.0,0.0,0.0,0.0,23.7,0.0,0.0,30.2
3217,491001,49,1,3,2399.8,1072.4,2242.2,910.0,20.4,16.6,414.5,2.3,222.4,0.0,1260.3,779.2,103.7,0.0,106.0,0.0,36.4,35.1,95.8,93.4,3.0,0.0,0.0,0.0,20.4,0.0,0.0,16.6
3218,491002,49,1,3,6034.0,2428.9,5765.6,2160.7,50.9,37.2,1023.5,8.3,530.8,0.0,3254.9,1846.2,311.3,0.0,317.9,0.0,88.0,84.8,228.0,221.5,10.0,0.0,1.0,0.0,50.9,0.0,0.0,37.2
3219,491003,49,1,3,5396.2,3276.1,5155.1,3031.1,44.1,37.9,879.3,109.7,469.7,11.9,2876.2,1771.0,273.3,783.4,279.0,0.0,116.8,111.8,250.8,243.2,9.0,0.0,1.0,0.0,44.1,0.0,0.0,37.9
3220,491004,49,1,3,4961.1,1850.7,4764.0,1657.1,41.5,29.1,775.5,3.6,445.9,0.0,2721.9,1418.8,282.3,0.0,288.2,0.0,67.4,64.8,174.9,169.8,7.0,0.0,1.0,0.0,41.5,0.0,0.0,29.1
3221,491005,49,1,3,7440.2,2834.4,7170.5,2573.1,63.1,45.9,1187.4,6.9,668.9,0.0,4079.0,2200.0,408.8,0.0,417.2,0.0,106.0,101.5,273.2,264.6,29.0,0.0,1.0,0.0,63.1,0.0,0.0,45.9
3222,491006,49,1,3,1153.4,848.8,1032.2,720.2,9.5,14.0,205.0,47.7,103.5,0.0,571.5,596.7,34.7,0.0,35.6,0.0,25.9,25.2,52.1,50.6,2.0,0.0,2.0,0.0,9.5,0.0,0.0,14.0
3223,491007,49,1,3,3013.5,1338.1,2833.5,1153.7,25.3,19.3,532.3,2.3,283.9,0.0,1591.0,988.5,125.3,0.0,128.0,0.0,46.5,44.7,121.5,118.1,4.0,0.0,1.0,0.0,25.3,0.0,0.0,19.3
3224,491008,49,1,3,5855.4,3795.2,5558.5,3485.3,46.0,47.0,927.2,156.2,507.1,103.1,3033.8,2068.2,298.6,697.4,304.9,0.0,143.5,137.4,333.3,323.0,9.0,0.0,1.0,0.0,46.0,0.0,0.0,47.0
3225,491009,49,1,3,5884.1,2385.1,5617.9,2123.4,48.3,32.8,1013.2,5.9,535.8,0.0,3170.3,1817.4,286.1,0.0,291.9,0.0,86.4,83.2,224.2,216.9,9.0,0.0,1.0,0.0,48.3,0.0,0.0,32.8
3226,491010,49,1,3,3189.7,2261.1,3024.4,2092.4,25.3,22.2,522.9,83.1,274.0,0.0,1675.8,1089.0,152.1,690.1,155.4,0.0,79.0,76.0,159.2,154.2,5.0,0.0,1.0,0.0,25.3,0.0,0.0,22.2
3227,491011,49,1,2,180.3,124.2,91.6,36.3,0.9,0.7,16.2,0.2,8.7,0.0,52.5,31.9,4.3,0.0,4.5,0.0,0.9,0.9,3.3,3.3,0.0,0.0,1.0,0.0,0.9,0.0,0.0,0.7
3228,491012,49,1,2,94.4,92.8,7.4,3.9,0.0,0.0,0.9,0.0,0.7,0.0,4.2,3.7,0.2,0.0,0.2,0.0,0.0,0.0,0.2,0.2,0.0,0.0,1.0,0.0,0.0,0.0,0.0,0.0
3229,491013,49,1,2,82.2,81.3,4.0,0.0,0.0,0.0,0.0,0.0,0.0,0.0,2.0,0.0,0.0,0.0,0.0,0.0,0.0,0.0,0.0,0.0,0.0,0.0,2.0,0.0,0.0,0.0,0.0,0.0
3230,491014,49,1,2,1833.2,980.1,1708.4,853.3,14.5,15.2,292.6,37.1,157.5,19.2,924.8,629.5,76.8,0.0,78.5,0.0,52.4,50.5,120.8,117.1,3.0,0.0,2.0,0.0,14.5,0.0,0.0,15.2
3231,491015,49,1,2,1916.1,790.8,1766.9,642.6,15.6,11.1,311.9,2.3,171.4,0.0,999.0,550.5,93.3,0.0,95.3,0.0,25.4,24.6,67.5,65.2,3.0,0.0,0.0,0.0,15.6,0.0,0.0,11.1
3232,491016,49,1,2,312.2,858.8,173.0,705.9,0.0,14.0,0.0,175.9,0.0,139.9,0.0,222.4,0.0,0.0,0.0,0.0,50.9,49.2,122.1,118.5,0.0,0.0,0.0,0.0,0.0,0.0,0.0,14.0
3233,491017,49,1,2,1208.6,565.2,1100.7,450.2,9.5,9.8,201.5,3.7,104.0,0.0,621.3,383.9,52.1,0.0,53.2,0.0,17.4,16.8,47.1,45.7,2.0,0.0,2.0,0.0,9.5,0.0,0.0,9.8
3234,491018,49,1,1,195.1,130.9,113.1,45.6,1.0,1.1,20.4,0.0,11.1,0.0,64.9,40.2,5.5,0.0,5.7,0.0,1.2,1.2,4.3,4.2,0.0,0.0,0.0,0.0,1.0,0.0,0.0,1.1
3235,491019,49,1,2,223.6,146.5,141.7,59.8,1.3,1.3,26.3,0.0,14.5,0.0,80.4,52.4,6.0,0.0,6.1,0.0,1.7,1.7,5.7,5.7,0.0,0.0,1.0,0.0,1.3,0.0,0.0,1.3
3236,491020,49,1,2,3872.5,4594.3,3636.3,4330.4,29.2,50.8,627.6,365.2,315.4,0.0,1938.5,1475.2,165.7,1139.7,169.2,953.5,161.8,154.5,251.0,242.3,6.0,0.0,1.0,0.0,29.2,0.0,0.0,50.8
3237,491021,49,1,3,3035.1,2122.2,2842.4,1902.9,22.5,42.7,481.4,83.8,243.1,199.3,1486.4,1261.9,126.4,0.0,129.0,0.0,93.7,89.9,277.5,268.1,4.0,0.0,1.0,0.0,22.5,0.0,0.0,42.7
3238,491022,49,1,1,79.7,85.0,0.0,0.0,0.0,0.0,0.0,0.0,0.0,0.0,0.0,0.0,0.0,0.0,0.0,0.0,0.0,0.0,0.0,0.0,0.0,0.0,0.0,0.0,0.0,0.0,0.0,0.0
3239,491023,49,1,2,101.5,93.2,21.5,8.5,0.1,0.2,3.4,0.0,2.2,0.0,12.8,7.7,1.2,0.0,1.2,0.0,0.1,0.1,0.6,0.7,0.0,0.0,0.0,0.0,0.1,0.0,0.0,0.2
3240,491024,49,1,2,134.4,107.5,53.7,22.6,0.5,0.4,9.6,0.0,5.4,0.0,31.0,20.0,2.5,0.0,2.6,0.0,0.6,0.6,2.1,2.0,0.0,0.0,0.0,0.0,0.5,0.0,0.0,0.4
3241,491025,49,1,2,654.3,528.4,547.2,412.4,4.4,9.8,91.7,78.9,48.1,43.5,279.2,211.1,22.5,0.0,23.0,0.0,25.5,24.6,56.3,54.4,1.0,0.0,0.0,0.0,4.4,0.0,0.0,9.8
3242,491026,49,1,1,154.2,139.7,73.1,55.1,0.5,1.4,11.5,6.8,6.3,8.5,37.2,28.7,2.9,0.0,2.9,0.0,2.4,2.4,9.0,8.7,0.0,0.0,1.0,0.0,0.5,0.0,0.0,1.4
3243,491027,49,1,1,134.2,211.2,51.7,120.2,0.1,3.3,3.8,14.6,2.7,22.3,16.3,58.9,1.9,0.0,1.9,0.0,6.2,6.0,18.9,18.4,0.0,0.0,0.0,0.0,0.1,0.0,0.0,3.3
3244,491028,49,1,1,120.1,173.3,40.9,84.4,0.1,2.3,3.1,7.7,2.0,17.9,13.3,40.6,0.9,0.0,0.9,0.0,4.1,4.0,14.7,14.2,0.0,0.0,2.0,0.0,0.1,0.0,0.0,2.3
3245,491029,49,1,2,1005.5,1490.2,866.9,1317.0,4.8,34.1,104.7,181.5,54.4,243.6,322.9,575.3,26.4,0.0,26.9,0.0,88.7,84.7,240.8,231.8,1.0,0.0,1.0,0.0,4.8,0.0,0.0,34.1
3246,491030,49,1,2,418.9,1260.8,235.9,1046.1,0.0,27.6,0.0,270.9,0.0,202.5,1.0,348.0,0.0,0.0,0.0,0.0,73.1,69.8,160.8,154.8,0.0,0.0,1.0,0.0,0.0,0.0,0.0,27.6
3247,491031,49,1,2,1463.0,682.6,1345.8,560.9,11.2,12.2,246.9,10.9,127.6,0.0,760.1,473.4,64.2,0.0,65.7,0.0,21.7,20.8,57.7,55.7,2.0,0.0,0.0,0.0,11.2,0.0,0.0,12.2
3248,491032,49,1,2,1858.2,904.9,1719.1,760.2,14.8,16.4,313.9,55.0,162.3,0.0,965.8,600.2,81.5,0.0,83.4,0.0,35.4,34.0,73.8,71.0,3.0,0.0,0.0,0.0,14.8,0.0,0.0,16.4
3249,491033,49,1,2,268.0,191.9,188.5,103.4,1.5,2.2,32.3,2.6,17.0,4.3,103.4,81.7,7.7,0.0,7.9,0.0,4.0,3.8,11.3,10.9,0.0,0.0,5.0,0.0,1.5,0.0,0.0,2.2
3250,491034,49,1,2,273.3,162.9,189.8,74.5,1.7,1.7,33.6,0.1,18.3,0.0,108.4,65.1,9.3,0.0,9.6,0.0,2.3,2.2,7.3,7.1,0.0,0.0,1.0,0.0,1.7,0.0,0.0,1.7
3251,491035,49,1,1,295.5,173.2,210.5,84.2,1.9,1.8,37.9,0.0,21.1,0.0,120.0,73.4,10.1,0.0,10.4,0.0,2.7,2.6,8.3,8.1,0.0,0.0,0.0,0.0,1.9,0.0,0.0,1.8
3252,491036,49,1,1,227.8,144.2,144.3,59.9,1.3,1.2,26.4,0.0,14.1,0.0,82.6,52.6,6.8,0.0,7.0,0.0,1.7,1.7,5.8,5.6,0.0,0.0,0.0,0.0,1.3,0.0,0.0,1.2
3253,491037,49,1,1,232.7,146.2,151.5,60.2,1.4,1.1,26.7,0.0,14.3,0.0,86.5,52.7,7.1,0.0,7.3,0.0,1.7,1.7,5.9,5.8,0.0,0.0,2.0,0.0,1.4,0.0,0.0,1.1
3254,491038,49,1,2,319.1,179.0,233.9,93.4,2.1,1.8,42.4,0.1,22.8,0.0,133.9,81.3,11.1,0.0,11.5,0.0,3.0,3.0,9.2,9.0,0.0,0.0,0.0,0.0,2.1,0.0,0.0,1.8
3255,491039,49,1,1,4509.8,2022.2,4301.6,1803.3,33.9,40.3,794.1,27.7,415.5,0.0,2423.5,1526.3,198.3,0.0,202.4,0.0,72.3,69.0,187.6,180.3,7.0,0.0,1.0,0.0,33.9,0.0,0.0,40.3
3256,491040,49,1,1,88.4,97.4,8.6,14.3,0.0,0.5,0.8,0.1,0.7,4.4,3.1,6.1,0.2,0.0,0.2,0.0,0.5,0.5,3.2,3.2,0.0,0.0,0.0,0.0,0.0,0.0,0.0,0.5
3257,491041,49,1,1,79.7,83.1,0.0,0.0,0.0,0.0,0.0,0.0,0.0,0.0,0.0,0.0,0.0,0.0,0.0,0.0,0.0,0.0,0.0,0.0,0.0,0.0,0.0,0.0,0.0,0.0,0.0,0.0
3258,491042,49,1,1,84.9,86.9,5.3,4.0,0.0,0.0,0.8,0.0,0.7,0.0,3.1,3.7,0.2,0.0,0.2,0.0,0.0,0.0,0.3,0.3,0.0,0.0,0.0,0.0,0.0,0.0,0.0,0.0
3259,491043,49,1,2,83.7,81.4,8.0,0.0,0.0,0.0,0.0,0.0,0.0,0.0,4.0,0.0,0.0,0.0,0.0,0.0,0.0,0.0,0.0,0.0,0.0,0.0,4.0,0.0,0.0,0.0,0.0,0.0
3260,491044,49,1,2,257.8,154.0,174.7,70.2,1.5,1.4,31.1,0.1,16.7,0.0,100.0,61.4,8.9,0.0,9.1,0.0,2.1,2.1,6.8,6.6,0.0,0.0,0.0,0.0,1.5,0.0,0.0,1.4
3261,491045,49,1,2,4150.4,7218.2,3737.7,6695.8,18.4,126.4,391.7,694.2,204.7,937.0,1192.5,2201.0,96.2,0.0,98.3,1205.6,517.1,488.5,1231.2,1169.3,4.0,0.0,2.0,0.0,18.4,0.0,0.0,126.4
3262,491046,49,1,2,754.3,761.9,635.8,627.7,4.3,13.9,88.5,63.8,48.4,77.6,273.8,316.4,22.0,0.0,22.5,0.0,52.7,50.2,126.0,119.8,1.0,0.0,1.0,0.0,4.3,0.0,0.0,13.9
3263,491047,49,1,2,1071.1,1068.3,933.9,910.8,6.3,20.3,130.5,91.1,70.5,111.5,405.6,463.6,32.9,0.0,33.6,0.0,76.4,72.4,181.5,172.2,1.0,0.0,2.0,0.0,6.3,0.0,0.0,20.3
3264,491048,49,1,1,144.0,112.6,62.8,27.2,0.5,0.6,11.5,0.0,6.2,0.0,36.1,24.0,2.9,0.0,2.9,0.0,0.7,0.7,2.5,2.5,0.0,0.0,0.0,0.0,0.5,0.0,0.0,0.6
3265,491049,49,1,2,150.1,109.8,71.5,27.4,0.7,0.6,12.1,0.0,7.0,0.0,41.4,24.2,3.9,0.0,4.0,0.0,0.7,0.7,2.5,2.5,0.0,0.0,0.0,0.0,0.7,0.0,0.0,0.6
3266,491050,49,1,1,94.5,88.0,16.0,4.0,0.2,0.0,1.5,0.0,1.3,0.0,9.3,3.7,0.9,0.0,0.9,0.0,0.0,0.0,0.2,0.2,0.0,0.0,2.0,0.0,0.2,0.0,0.0,0.0
3267,491051,49,1,1,100.7,91.3,24.3,8.5,0.2,0.2,2.8,0.0,1.7,0.0,13.7,7.8,0.6,0.0,0.7,0.0,0.1,0.1,0.6,0.6,0.0,0.0,4.0,0.0,0.2,0.0,0.0,0.2
3268,491052,49,1,1,91.7,83.4,13.4,0.0,0.0,0.0,0.0,0.0,1.9,0.0,8.9,0.0,0.3,0.0,0.3,0.0,0.0,0.0,0.0,0.0,0.0,0.0,2.0,0.0,0.0,0.0,0.0,0.0
3269,491053,49,1,1,94.0,90.3,16.5,8.5,0.2,0.2,2.0,0.0,1.5,0.0,8.7,7.9,0.3,0.0,0.3,0.0,0.1,0.1,0.6,0.6,0.0,0.0,3.0,0.0,0.2,0.0,0.0,0.2
3270,491054,49,1,3,1093.5,2721.8,880.1,2438.8,0.0,66.8,0.0,305.9,0.0,650.2,2.0,646.7,0.0,0.0,0.0,0.0,241.8,227.7,634.3,608.4,0.0,0.0,2.0,0.0,0.0,0.0,0.0,66.8
3271,491055,49,1,2,1336.5,743.8,1226.3,623.4,9.5,14.9,222.3,19.5,120.3,34.6,675.0,470.5,51.7,0.0,52.8,0.0,26.9,25.5,76.3,73.3,0.0,0.0,1.0,0.0,9.5,0.0,0.0,14.9
3272,491056,49,1,2,1289.5,617.4,1183.0,506.4,9.0,11.8,218.6,10.6,115.8,0.0,669.6,428.4,54.0,0.0,55.1,0.0,19.0,18.1,51.0,49.3,0.0,0.0,0.0,0.0,9.0,0.0,0.0,11.8
3273,491057,49,1,2,85.6,75.7,22.0,0.0,0.0,0.0,0.0,0.0,0.0,0.0,11.0,0.0,0.0,0.0,0.0,0.0,0.0,0.0,0.0,0.0,0.0,0.0,11.0,0.0,0.0,0.0,0.0,0.0
3274,491058,49,1,1,81.7,80.5,4.0,0.0,0.0,0.0,0.0,0.0,0.0,0.0,2.0,0.0,0.0,0.0,0.0,0.0,0.0,0.0,0.0,0.0,0.0,0.0,2.0,0.0,0.0,0.0,0.0,0.0
3275,491059,49,1,1,80.6,79.6,2.0,0.0,0.0,0.0,0.0,0.0,0.0,0.0,1.0,0.0,0.0,0.0,0.0,0.0,0.0,0.0,0.0,0.0,0.0,0.0,1.0,0.0,0.0,0.0,0.0,0.0
3276,491060,49,1,2,244.1,327.1,160.7,237.6,0.9,5.1,20.3,31.8,11.2,29.6,65.3,126.1,5.3,0.0,5.5,0.0,15.8,15.3,36.3,34.7,0.0,0.0,1.0,0.0,0.9,0.0,0.0,5.1
3277,491061,49,1,3,1527.2,3746.4,1375.5,3564.8,9.1,35.8,190.6,295.1,104.9,120.6,615.4,759.3,54.3,0.0,55.3,2056.7,125.7,118.6,226.4,214.4,2.0,0.0,1.0,0.0,9.1,0.0,0.0,35.8
3278,491062,49,1,3,2074.9,1770.3,1891.6,1559.6,13.5,35.6,295.0,186.6,158.6,176.1,877.6,796.5,65.9,0.0,67.3,0.0,122.7,116.0,300.4,284.4,3.0,0.0,1.0,0.0,13.5,0.0,0.0,35.6
3279,491063,49,1,2,4144.5,1883.4,3946.1,1675.0,33.9,33.3,739.0,3.7,383.1,0.0,2217.2,1438.8,173.4,0.0,177.0,0.0,68.2,64.8,177.1,167.7,7.0,0.0,4.0,0.0,33.9,0.0,0.0,33.3
3280,491064,49,1,2,284.9,245.4,204.5,160.0,1.5,3.0,31.9,10.1,16.5,18.5,105.6,102.9,9.8,0.0,10.1,0.0,7.4,7.2,22.2,21.3,0.0,0.0,1.0,0.0,1.5,0.0,0.0,3.0
3281,491065,49,1,1,410.3,220.8,323.6,132.1,2.7,2.3,59.5,0.1,32.5,0.0,183.1,115.0,14.2,0.0,14.6,0.0,4.5,4.4,13.3,12.6,1.0,0.0,1.0,0.0,2.7,0.0,0.0,2.3
3282,491066,49,1,3,6339.6,3747.0,6009.9,3372.8,42.5,85.8,917.8,213.2,507.6,276.3,3026.7,1947.2,277.4,0.0,283.1,0.0,297.8,280.3,683.5,655.9,15.0,0.0,1.0,0.0,42.5,0.0,0.0,85.8
3283,491067,49,1,3,2240.4,3224.2,2093.0,3022.6,12.5,60.7,270.1,148.2,143.2,642.3,827.1,812.2,66.1,737.6,67.7,0.0,170.3,160.6,544.4,521.9,3.0,0.0,1.0,0.0,12.5,0.0,0.0,60.7
3284,491068,49,1,3,1181.2,561.6,1078.6,454.4,8.3,10.6,198.5,0.6,104.7,0.0,610.9,392.7,49.8,0.0,51.0,0.0,17.2,16.4,46.4,44.8,0.0,0.0,0.0,0.0,8.3,0.0,0.0,10.6
3285,491069,49,1,1,77.4,74.7,6.0,0.0,0.0,0.0,0.0,0.0,0.0,0.0,3.0,0.0,0.0,0.0,0.0,0.0,0.0,0.0,0.0,0.0,0.0,0.0,3.0,0.0,0.0,0.0,0.0,0.0
3286,491070,49,1,3,2358.6,2303.7,2183.6,2088.0,15.4,53.4,360.3,160.9,181.7,294.3,981.2,1108.3,53.0,0.0,54.2,0.0,153.6,144.8,395.6,379.6,3.0,0.0,1.0,0.0,15.4,0.0,0.0,53.4
3287,491071,49,1,3,2862.5,2857.2,2646.6,2587.1,17.3,65.8,429.9,216.1,217.7,293.9,1175.3,1419.5,63.0,0.0,64.4,0.0,205.7,193.1,485.7,464.5,0.0,0.0,5.0,0.0,17.3,0.0,0.0,65.8
3288,491072,49,1,3,918.1,932.3,798.3,792.6,5.3,19.9,125.5,136.0,67.0,61.3,388.2,455.5,31.1,0.0,31.9,0.0,48.3,45.6,98.4,94.1,6.0,0.0,2.0,0.0,5.3,0.0,0.0,19.9
3289,491073,49,1,2,130.2,242.5,50.4,155.8,0.1,3.9,3.9,25.7,2.8,14.5,16.9,94.1,1.8,0.0,1.8,0.0,7.4,7.1,14.9,14.3,0.0,0.0,1.0,0.0,0.1,0.0,0.0,3.9
3290,491074,49,1,2,671.3,759.4,565.4,637.3,4.2,14.8,90.9,75.4,49.5,44.8,279.6,423.0,21.2,0.0,21.7,0.0,31.2,29.9,67.3,64.2,1.0,0.0,3.0,0.0,4.2,0.0,0.0,14.8
3291,491075,49,1,3,2485.8,3728.3,2280.5,3464.7,12.4,66.6,262.6,452.4,146.1,395.0,849.4,1112.1,74.8,687.4,76.3,0.0,277.2,260.9,589.1,557.0,3.0,0.0,2.0,0.0,12.4,0.0,0.0,66.6
3292,491076,49,1,3,1948.6,1988.5,1792.5,1798.5,13.5,44.1,336.0,207.3,172.7,109.0,901.5,1219.4,45.6,0.0,46.6,0.0,83.0,78.1,193.1,184.8,13.0,0.0,1.0,0.0,13.5,0.0,0.0,44.1
3293,491077,49,1,3,4863.5,7996.3,4230.4,7212.7,25.7,182.7,625.2,1912.5,316.8,396.3,1769.0,3686.8,114.3,0.0,116.7,0.0,496.8,466.6,787.5,750.5,1.0,0.0,3.0,0.0,25.7,0.0,0.0,182.7
3294,491078,49,1,2,205.5,139.5,130.3,61.8,1.1,1.4,25.1,0.0,13.0,0.0,73.9,54.2,5.0,0.0,5.2,0.0,2.0,1.9,6.0,5.7,0.0,0.0,0.0,0.0,1.1,0.0,0.0,1.4
3295,491079,49,1,2,2369.3,1340.2,2223.2,1181.7,17.1,26.2,399.7,58.2,201.5,23.9,1131.5,937.3,73.5,0.0,75.2,0.0,48.5,46.0,122.3,116.3,170.0,0.0,1.0,0.0,17.1,0.0,0.0,26.2
3296,491080,49,1,3,2865.7,1257.4,2717.3,1104.4,21.7,23.1,477.2,44.6,265.8,0.0,1539.7,912.6,136.0,0.0,138.9,0.0,44.7,42.3,111.0,104.9,4.0,0.0,0.0,0.0,21.7,0.0,0.0,23.1
3297,491081,49,1,3,2328.9,1082.3,2183.2,931.4,18.3,18.8,410.1,1.9,215.5,0.0,1226.3,801.5,95.0,0.0,97.0,0.0,37.3,35.4,97.9,92.6,4.0,0.0,0.0,0.0,18.3,0.0,0.0,18.8
3298,491082,49,1,2,3134.0,2314.8,2969.7,2145.0,23.6,24.8,521.8,62.4,267.3,0.0,1655.1,1068.1,148.8,807.4,151.9,0.0,70.4,66.7,148.4,140.3,5.0,0.0,1.0,0.0,23.6,0.0,0.0,24.8
3299,491083,49,1,2,430.6,1614.5,342.6,1520.9,2.2,6.6,49.4,74.9,26.4,0.0,157.6,194.8,14.1,0.0,14.4,1174.4,33.9,32.4,46.9,44.5,0.0,0.0,0.0,0.0,2.2,0.0,0.0,6.6
3300,491084,49,1,2,414.4,219.2,291.2,103.0,2.3,1.7,50.8,0.1,26.7,0.0,166.0,90.0,15.4,0.0,16.0,0.0,3.2,3.2,10.0,9.7,0.0,0.0,3.0,0.0,2.3,0.0,0.0,1.7
3301,491085,49,1,3,4015.8,1814.8,3828.0,1615.9,29.2,36.9,701.7,9.5,359.4,0.0,2163.0,1387.1,183.9,0.0,187.6,0.0,64.0,60.5,166.3,158.7,1.0,0.0,1.0,0.0,29.2,0.0,0.0,36.9
3302,491086,49,1,2,299.1,190.0,222.4,109.9,1.8,2.5,44.2,0.1,22.9,0.0,124.9,95.9,7.5,0.0,7.6,0.0,3.6,3.5,10.8,10.4,0.0,0.0,1.0,0.0,1.8,0.0,0.0,2.5
3303,491087,49,1,3,1550.0,1022.0,1455.0,915.8,12.5,21.6,293.8,20.8,159.5,9.9,797.9,762.8,37.5,0.0,38.4,0.0,36.2,34.2,91.6,88.0,0.0,0.0,0.0,0.0,12.5,0.0,0.0,21.6
3304,491088,49,1,2,459.1,563.8,385.6,482.8,2.6,11.5,68.0,47.5,36.6,49.2,182.8,308.5,8.3,0.0,8.7,0.0,23.4,22.5,57.7,55.0,0.0,0.0,0.0,0.0,2.6,0.0,0.0,11.5
3305,491089,49,1,2,161.3,116.3,87.5,42.0,0.8,0.8,16.8,0.0,9.0,0.0,49.7,37.0,3.4,0.0,3.5,0.0,1.2,1.2,3.9,3.8,0.0,0.0,0.0,0.0,0.8,0.0,0.0,0.8
3306,491090,49,1,2,1611.8,1892.1,1486.4,1754.7,11.5,21.8,278.4,88.3,142.5,14.3,782.5,717.0,48.8,602.6,49.9,160.2,62.7,59.6,119.6,112.9,2.0,0.0,0.0,0.0,11.5,0.0,0.0,21.8
3307,491091,49,1,2,1912.3,1863.5,1776.3,1720.0,13.9,18.6,327.4,57.5,165.9,0.0,971.5,715.3,74.5,798.0,76.1,0.0,52.6,50.0,105.3,99.2,3.0,0.0,0.0,0.0,13.9,0.0,0.0,18.6
3308,491092,49,1,2,3602.7,1678.7,3418.4,1487.8,28.1,28.7,645.0,8.5,329.3,0.0,1918.9,1274.7,150.0,0.0,153.1,0.0,60.2,57.2,155.9,147.4,5.0,0.0,1.0,0.0,28.1,0.0,0.0,28.7
3309,491093,49,1,2,127.4,105.4,45.1,23.1,0.4,0.4,9.0,0.0,4.8,0.0,25.7,20.5,1.6,0.0,1.6,0.0,0.6,0.6,2.0,2.0,0.0,0.0,0.0,0.0,0.4,0.0,0.0,0.4
3310,491094,49,1,2,1179.9,608.9,1061.6,485.6,8.4,10.3,208.2,3.5,102.1,0.0,595.8,417.2,42.8,0.0,43.9,0.0,18.6,17.7,50.2,47.2,0.0,0.0,0.0,0.0,8.4,0.0,0.0,10.3
3311,491095,49,1,2,2905.5,1240.5,2740.1,1070.7,20.7,22.1,497.5,4.4,251.7,0.0,1552.8,921.1,139.9,0.0,142.8,0.0,42.9,40.5,112.4,104.7,0.0,0.0,0.0,0.0,20.7,0.0,0.0,22.1
3312,491096,49,1,2,2225.8,961.2,2081.9,810.8,15.6,15.9,376.4,11.3,188.0,0.0,1183.1,691.0,107.6,0.0,109.8,0.0,31.8,30.0,84.1,78.6,0.0,0.0,1.0,0.0,15.6,0.0,0.0,15.9
3313,491097,49,1,2,954.0,675.7,806.6,518.7,5.8,10.1,133.7,35.2,69.7,48.6,422.7,341.5,40.3,0.0,41.2,0.0,26.7,25.7,72.3,67.8,0.0,0.0,0.0,0.0,5.8,0.0,0.0,10.1
3314,491098,49,1,2,3649.7,1460.9,3443.2,1252.2,26.5,21.5,614.8,9.9,316.7,0.0,1944.6,1070.3,185.5,0.0,189.4,0.0,50.5,48.1,131.6,123.9,6.0,0.0,4.0,0.0,26.5,0.0,0.0,21.5
3315,491099,49,1,2,423.8,229.3,297.4,108.1,2.2,1.8,53.4,0.9,28.7,0.0,169.4,93.9,15.8,0.0,16.2,0.0,3.4,3.3,10.6,10.1,0.0,0.0,0.0,0.0,2.2,0.0,0.0,1.8
3316,491100,49,1,2,1031.8,1212.7,881.5,1045.5,5.8,23.7,149.5,129.5,76.9,95.8,423.8,655.2,27.6,0.0,28.4,0.0,54.2,51.3,121.1,113.8,0.0,0.0,0.0,0.0,5.8,0.0,0.0,23.7
3317,491101,49,1,2,3096.3,1516.7,2913.4,1327.3,21.1,25.9,520.3,40.5,271.5,24.0,1629.4,1082.5,147.6,0.0,150.6,0.0,55.4,52.1,137.6,128.2,0.0,0.0,1.0,0.0,21.1,0.0,0.0,25.9
3318,491102,49,1,2,3170.0,1274.9,2979.8,1101.2,20.9,18.1,533.4,21.8,287.0,0.0,1683.4,930.4,156.2,0.0,159.5,0.0,44.1,42.0,115.3,107.1,0.0,0.0,1.0,0.0,20.9,0.0,0.0,18.1
3319,491103,49,1,2,4473.4,1738.8,4241.3,1524.9,29.2,20.8,760.6,6.6,409.9,0.0,2392.6,1305.2,222.5,0.0,226.9,0.0,63.1,60.2,164.7,152.8,0.0,0.0,1.0,0.0,29.2,0.0,0.0,20.8
3320,491104,49,1,2,4548.9,2221.5,4333.6,1999.1,33.1,38.7,848.5,6.4,432.9,0.0,2423.0,1719.2,165.3,0.0,168.7,0.0,81.7,77.4,211.5,196.1,0.0,0.0,2.0,0.0,33.1,0.0,0.0,38.7
3321,491105,49,1,1,132.6,89.5,65.2,21.1,0.4,0.5,10.2,0.2,6.4,0.0,38.1,18.8,3.6,0.0,3.9,0.0,0.3,0.3,1.7,1.7,0.0,0.0,1.0,0.0,0.4,0.0,0.0,0.5
3322,491106,49,1,1,76.3,68.6,24.2,16.4,0.3,0.3,5.2,0.0,3.0,0.0,13.5,14.8,0.5,0.0,0.6,0.0,0.2,0.2,1.3,1.3,0.0,0.0,0.0,0.0,0.3,0.0,0.0,0.3
3323,491107,49,1,1,67.6,67.2,0.0,0.0,0.0,0.0,0.0,0.0,0.0,0.0,0.0,0.0,0.0,0.0,0.0,0.0,0.0,0.0,0.0,0.0,0.0,0.0,0.0,0.0,0.0,0.0,0.0,0.0
3324,491108,49,1,1,177.9,105.3,110.5,34.7,0.9,0.7,17.3,0.0,10.6,0.0,64.4,30.9,6.1,0.0,6.4,0.0,0.7,0.7,2.9,3.0,0.0,0.0,2.0,0.0,0.9,0.0,0.0,0.7
3325,491109,49,1,1,117.6,83.9,64.5,30.1,0.6,0.5,12.4,0.0,6.7,0.0,37.3,27.0,2.3,0.0,2.6,0.0,0.6,0.6,2.5,2.5,0.0,0.0,0.0,0.0,0.6,0.0,0.0,0.5
3326,491110,49,1,1,133.0,93.1,79.7,39.2,0.8,0.6,15.6,0.0,8.5,0.0,45.8,34.9,2.6,0.0,2.8,0.0,0.8,0.9,3.4,3.4,0.0,0.0,0.0,0.0,0.8,0.0,0.0,0.6
3327,491111,49,1,1,199.7,115.2,129.8,47.8,1.0,0.7,22.5,0.0,12.7,0.0,75.5,42.3,6.6,0.0,6.9,0.0,1.1,1.1,4.5,4.4,0.0,0.0,0.0,0.0,1.0,0.0,0.0,0.7
3328,491112,49,1,1,146.6,92.2,77.8,25.1,0.6,0.5,12.6,0.0,7.8,0.0,45.9,22.7,4.5,0.0,4.6,0.0,0.4,0.5,2.0,2.0,0.0,0.0,0.0,0.0,0.6,0.0,0.0,0.5
3329,491113,49,1,1,241.4,134.4,170.9,62.2,1.3,1.2,29.5,0.0,16.8,0.0,99.0,54.6,8.8,0.0,9.1,0.0,1.6,1.6,6.0,5.9,0.0,0.0,0.0,0.0,1.3,0.0,0.0,1.2
3330,491114,49,1,1,131.8,91.4,63.3,20.9,0.4,0.4,10.2,0.0,6.4,0.0,37.2,18.8,3.6,0.0,3.9,0.0,0.3,0.4,1.7,1.7,0.0,0.0,0.0,0.0,0.4,0.0,0.0,0.4
3331,491115,49,1,1,157.4,103.7,103.5,48.7,0.9,0.9,20.1,0.0,10.7,0.0,59.4,43.0,3.7,0.0,4.0,0.0,1.2,1.2,4.5,4.6,0.0,0.0,0.0,0.0,0.9,0.0,0.0,0.9
3332,491116,49,1,1,118.3,83.2,64.9,30.4,0.6,0.5,12.4,0.0,6.9,0.0,37.4,27.1,2.3,0.0,2.5,0.0,0.7,0.7,2.6,2.6,0.0,0.0,0.0,0.0,0.6,0.0,0.0,0.5
3333,491117,49,1,1,905.5,346.3,794.4,248.6,4.9,3.4,132.0,0.4,72.7,0.0,454.7,212.8,47.7,0.0,48.7,0.0,9.5,9.3,27.1,26.0,0.0,0.0,2.0,0.0,4.9,0.0,0.0,3.4
3334,491118,49,1,1,269.1,153.8,197.9,84.8,1.4,1.6,32.5,13.8,18.9,0.0,114.0,60.8,10.8,0.0,11.2,0.0,2.6,2.6,7.8,7.5,0.0,0.0,0.0,0.0,1.4,0.0,0.0,1.6
3335,491119,49,1,1,229.7,120.3,161.9,52.2,1.1,0.9,25.8,0.0,15.1,0.0,94.3,46.1,9.1,0.0,9.4,0.0,1.3,1.3,4.9,4.8,0.0,0.0,2.0,0.0,1.1,0.0,0.0,0.9
3336,491120,49,1,1,107.6,80.9,40.5,12.1,0.3,0.3,6.0,0.1,3.9,0.0,24.1,11.0,2.2,0.0,2.4,0.0,0.1,0.1,0.8,0.9,0.0,0.0,1.0,0.0,0.3,0.0,0.0,0.3
3337,491121,49,1,1,111.2,87.4,42.9,17.1,0.3,0.4,7.4,0.7,4.4,0.0,25.3,14.9,2.1,0.0,2.3,0.0,0.2,0.2,1.3,1.3,0.0,0.0,0.0,0.0,0.3,0.0,0.0,0.4
3338,491122,49,1,1,179.2,111.3,109.5,39.4,0.9,0.8,18.6,0.0,11.0,0.0,63.7,34.9,5.7,0.0,6.1,0.0,0.9,0.9,3.6,3.6,0.0,0.0,0.0,0.0,0.9,0.0,0.0,0.8
3339,491123,49,1,1,254.4,153.5,201.2,95.5,1.7,2.0,38.8,0.0,20.1,0.0,113.4,83.1,6.5,0.0,6.8,0.0,2.8,2.9,9.7,9.4,0.0,0.0,3.0,0.0,1.7,0.0,0.0,2.0
3340,491124,49,1,1,114.5,84.0,64.2,30.3,0.5,0.5,11.8,0.0,6.4,0.0,36.1,27.1,1.7,0.0,1.9,0.0,0.7,0.7,2.6,2.6,0.0,0.0,3.0,0.0,0.5,0.0,0.0,0.5
3341,491125,49,1,1,193.1,114.4,123.4,43.7,1.0,0.9,20.8,0.0,12.2,0.0,71.8,38.7,6.7,0.0,6.9,0.0,1.0,1.0,4.0,4.0,0.0,0.0,0.0,0.0,1.0,0.0,0.0,0.9
3342,491126,49,1,1,208.5,120.3,140.6,48.2,1.1,0.9,23.1,0.0,13.4,0.0,81.4,42.5,7.5,0.0,7.7,0.0,1.1,1.1,4.5,4.6,0.0,0.0,2.0,0.0,1.1,0.0,0.0,0.9
3343,491127,49,1,1,178.8,111.7,109.3,39.5,0.9,0.8,18.6,0.0,10.9,0.0,63.6,35.0,5.7,0.0,6.1,0.0,0.9,0.9,3.5,3.6,0.0,0.0,0.0,0.0,0.9,0.0,0.0,0.8
3344,491128,49,1,1,405.4,500.2,321.6,406.0,2.0,9.4,41.4,41.1,23.0,58.6,142.8,223.0,14.1,0.0,14.6,0.0,22.4,21.8,63.2,61.4,0.0,0.0,0.0,0.0,2.0,0.0,0.0,9.4
3345,491129,49,1,1,298.6,223.7,240.0,161.3,1.8,3.7,44.9,11.0,23.1,12.3,127.8,110.3,7.7,0.0,8.0,0.0,7.1,7.0,21.4,20.8,0.0,0.0,0.0,0.0,1.8,0.0,0.0,3.7
3346,491130,49,1,1,200.5,129.4,145.2,72.9,1.2,1.5,29.0,0.0,15.1,0.0,82.3,63.7,4.7,0.0,4.9,0.0,2.1,2.1,7.1,7.1,0.0,0.0,0.0,0.0,1.2,0.0,0.0,1.5
3347,491131,49,1,1,312.0,552.1,242.3,473.5,1.4,9.5,30.1,48.4,15.3,63.6,88.8,235.6,5.7,0.0,6.0,32.1,26.1,25.4,70.2,68.5,0.0,0.0,0.0,0.0,1.4,0.0,0.0,9.5
3348,491132,49,1,1,215.6,122.7,137.0,54.4,0.9,0.9,23.4,6.7,13.2,0.0,79.7,42.1,7.5,0.0,7.7,0.0,1.1,1.1,4.4,4.5,0.0,0.0,0.0,0.0,0.9,0.0,0.0,0.9
3349,491133,49,1,1,73.3,71.9,5.4,3.6,0.0,0.0,1.1,0.0,0.7,0.0,3.2,3.4,0.1,0.0,0.2,0.0,0.0,0.0,0.1,0.1,0.0,0.0,0.0,0.0,0.0,0.0,0.0,0.0
3350,491134,49,1,1,137.9,104.0,68.8,32.5,0.6,0.8,11.9,7.0,6.9,0.0,40.1,22.9,3.5,0.0,3.8,0.0,0.5,0.5,2.1,2.1,0.0,0.0,0.0,0.0,0.6,0.0,0.0,0.8
3351,491135,49,1,1,158.7,101.8,89.6,30.1,0.7,0.6,14.7,0.0,8.9,0.0,52.4,26.8,5.0,0.0,5.3,0.0,0.7,0.7,2.6,2.6,0.0,0.0,0.0,0.0,0.7,0.0,0.0,0.6
3352,491136,49,1,1,330.4,324.3,259.7,240.5,1.7,5.7,34.5,42.3,20.1,12.5,124.7,135.6,11.2,0.0,11.7,0.0,18.6,18.1,32.9,32.0,0.0,0.0,6.0,0.0,1.7,0.0,0.0,5.7
3353,491137,49,1,1,182.5,120.2,129.7,63.4,1.1,1.5,25.2,0.0,13.0,0.0,73.3,55.7,4.0,0.0,4.3,0.0,1.7,1.7,6.1,6.0,0.0,0.0,2.0,0.0,1.1,0.0,0.0,1.5
3354,491138,49,1,1,228.9,139.5,173.9,82.5,1.6,1.8,33.6,0.0,17.7,0.0,98.8,72.0,6.0,0.0,6.2,0.0,2.4,2.4,8.2,8.1,0.0,0.0,1.0,0.0,1.6,0.0,0.0,1.8
3355,491139,49,1,1,256.4,154.7,199.8,97.0,1.8,2.0,39.4,0.0,20.3,0.0,113.3,84.4,6.9,0.0,7.1,0.0,3.0,3.0,9.6,9.6,0.0,0.0,0.0,0.0,1.8,0.0,0.0,2.0
3356,491140,49,1,1,161.7,98.9,102.6,30.2,0.6,0.5,14.1,0.0,8.2,0.0,58.1,27.0,4.3,0.0,4.6,0.0,0.7,0.7,2.5,2.6,0.0,0.0,10.0,0.0,0.6,0.0,0.0,0.5
3357,491141,49,1,1,192.9,115.8,123.1,44.5,1.1,1.0,20.9,0.2,12.2,0.0,71.4,39.1,6.6,0.0,6.9,0.0,1.1,1.1,4.0,4.1,0.0,0.0,0.0,0.0,1.1,0.0,0.0,1.0
3358,491142,49,1,1,305.8,156.4,233.8,82.3,1.8,1.9,39.5,0.0,23.1,0.0,135.2,72.0,12.5,0.0,12.9,0.0,2.3,2.3,8.2,8.0,0.0,0.0,0.0,0.0,1.8,0.0,0.0,1.9
3359,491143,49,1,1,368.5,194.0,294.8,117.2,2.3,2.9,48.3,2.4,27.9,4.1,166.5,92.6,15.9,0.0,16.4,0.0,4.5,4.4,14.2,13.7,1.0,0.0,0.0,0.0,2.3,0.0,0.0,2.9
3360,491144,49,1,1,141.1,95.7,87.3,40.3,0.8,0.9,16.7,0.0,8.9,0.0,50.0,35.6,3.4,0.0,3.6,0.0,1.0,1.0,3.7,3.7,0.0,0.0,0.0,0.0,0.8,0.0,0.0,0.9
3361,491145,49,1,1,192.0,124.9,137.0,68.7,1.3,1.5,27.1,0.0,14.0,0.0,78.0,60.3,4.7,0.0,4.9,0.0,1.9,1.9,6.5,6.5,0.0,0.0,0.0,0.0,1.3,0.0,0.0,1.5
3362,491146,49,1,1,111.9,84.9,58.6,31.0,0.5,0.6,11.8,0.0,6.3,0.0,33.5,27.6,1.7,0.0,1.9,0.0,0.7,0.7,2.7,2.8,0.0,0.0,0.0,0.0,0.5,0.0,0.0,0.6
3363,491147,49,1,1,119.2,85.0,65.6,31.1,0.6,0.6,12.5,0.0,6.9,0.0,37.8,27.7,2.4,0.0,2.6,0.0,0.7,0.7,2.8,2.8,0.0,0.0,0.0,0.0,0.6,0.0,0.0,0.6
3364,491148,49,1,1,514.9,459.2,448.6,386.3,2.6,8.4,66.0,182.6,35.1,1.4,205.9,158.7,15.0,0.0,15.3,0.0,15.9,15.4,29.4,28.2,63.0,0.0,3.0,0.0,2.6,0.0,0.0,8.4
3365,491149,49,1,1,152.4,193.0,92.9,131.7,0.6,2.8,13.1,18.2,7.4,13.3,43.9,80.2,3.4,0.0,3.5,0.0,5.9,5.8,14.7,14.3,0.0,0.0,1.0,0.0,0.6,0.0,0.0,2.8
3366,491150,49,1,1,267.7,151.5,209.5,92.2,1.6,1.9,39.1,1.1,20.7,0.0,119.9,79.6,8.3,0.0,8.7,0.0,2.6,2.7,9.0,8.8,0.0,0.0,1.0,0.0,1.6,0.0,0.0,1.9
3367,491151,49,1,1,185.0,116.2,127.3,58.6,1.1,1.2,24.3,0.0,12.9,0.0,73.0,51.6,4.9,0.0,5.2,0.0,1.5,1.4,5.5,5.6,0.0,0.0,0.0,0.0,1.1,0.0,0.0,1.2
3368,491152,49,1,1,188.3,117.7,130.5,58.7,1.1,1.3,24.7,0.0,13.2,0.0,74.9,51.5,5.2,0.0,5.4,0.0,1.5,1.6,5.6,5.7,0.0,0.0,0.0,0.0,1.1,0.0,0.0,1.3
3369,491153,49,1,1,224.8,140.8,166.0,79.7,1.4,1.8,30.8,1.2,17.1,0.0,94.5,68.4,6.6,0.0,6.8,0.0,2.6,2.5,7.7,7.6,0.0,0.0,0.0,0.0,1.4,0.0,0.0,1.8
3370,491154,49,1,1,213.6,198.2,154.1,134.7,1.1,3.4,24.7,9.1,13.5,17.4,76.8,81.1,5.5,0.0,5.7,0.0,6.7,6.5,21.0,20.6,0.0,0.0,0.0,0.0,1.1,0.0,0.0,3.4
3371,491155,49,1,1,130.0,86.7,73.3,30.4,0.6,0.6,13.2,0.0,7.4,0.0,42.8,27.3,3.3,0.0,3.5,0.0,0.7,0.6,2.5,2.5,0.0,0.0,0.0,0.0,0.6,0.0,0.0,0.6
3372,491156,49,1,1,342.9,185.9,281.8,122.2,2.3,3.0,51.1,0.0,27.5,0.0,156.0,106.4,11.2,0.0,11.6,0.0,4.0,3.9,12.3,11.9,8.0,0.0,0.0,0.0,2.3,0.0,0.0,3.0
3373,491157,49,1,1,373.2,216.4,311.7,150.7,2.3,3.7,51.7,4.7,28.4,8.8,159.5,112.7,11.3,0.0,11.7,0.0,6.2,6.1,18.9,18.5,23.0,0.0,1.0,0.0,2.3,0.0,0.0,3.7
3374,491158,49,1,1,180.8,211.3,120.7,147.7,0.9,3.6,18.7,16.2,10.3,17.2,56.5,87.5,3.8,0.0,3.9,0.0,7.3,7.1,20.1,19.6,0.0,0.0,0.0,0.0,0.9,0.0,0.0,3.6
3375,491159,49,1,1,121.5,97.2,65.6,38.0,0.6,0.9,12.4,6.6,6.7,0.0,37.5,27.9,2.2,0.0,2.3,0.0,0.8,0.7,2.8,2.8,0.0,0.0,1.0,0.0,0.6,0.0,0.0,0.9
3376,491160,49,1,1,245.4,144.6,186.2,83.6,1.6,2.0,34.8,0.1,19.1,0.0,106.2,73.0,7.6,0.0,7.8,0.0,2.5,2.4,8.2,8.1,0.0,0.0,0.0,0.0,1.6,0.0,0.0,2.0
3377,491161,49,1,1,185.1,376.3,119.9,300.6,0.6,7.8,12.1,39.6,6.6,45.0,36.1,157.9,2.0,0.0,2.1,0.0,16.6,16.0,43.3,42.0,0.0,0.0,1.0,0.0,0.6,0.0,0.0,7.8
3378,491162,49,1,1,93.6,71.5,37.7,17.0,0.3,0.4,6.9,0.0,3.9,0.0,22.2,15.4,1.5,0.0,1.6,0.0,0.3,0.3,1.4,1.4,0.0,0.0,0.0,0.0,0.3,0.0,0.0,0.4
3379,491163,49,1,1,60.5,60.4,5.2,3.8,0.0,0.0,1.1,0.0,0.6,0.0,3.0,3.6,0.2,0.0,0.2,0.0,0.0,0.0,0.2,0.2,0.0,0.0,0.0,0.0,0.0,0.0,0.0,0.0
3380,491164,49,1,1,86.0,69.5,30.1,12.5,0.3,0.2,5.2,0.0,3.1,0.0,18.0,11.5,1.4,0.0,1.5,0.0,0.2,0.2,0.8,0.8,0.0,0.0,0.0,0.0,0.3,0.0,0.0,0.2
3381,491165,49,1,1,55.6,54.4,0.0,0.0,0.0,0.0,0.0,0.0,0.0,0.0,0.0,0.0,0.0,0.0,0.0,0.0,0.0,0.0,0.0,0.0,0.0,0.0,0.0,0.0,0.0,0.0,0.0,0.0
3382,491166,49,1,1,55.6,54.4,0.0,0.0,0.0,0.0,0.0,0.0,0.0,0.0,0.0,0.0,0.0,0.0,0.0,0.0,0.0,0.0,0.0,0.0,0.0,0.0,0.0,0.0,0.0,0.0,0.0,0.0
3383,491167,49,1,1,94.5,74.6,38.5,17.8,0.3,0.5,6.9,0.0,4.0,0.0,22.4,16.1,1.6,0.0,1.7,0.0,0.3,0.3,1.5,1.4,0.0,0.0,0.0,0.0,0.3,0.0,0.0,0.5
3384,491168,49,1,1,149.6,99.4,92.5,41.2,0.8,0.9,17.0,0.0,9.5,0.0,53.3,36.5,3.9,0.0,4.0,0.0,1.1,1.1,3.7,3.7,0.0,0.0,0.0,0.0,0.8,0.0,0.0,0.9
3385,491169,49,1,1,109.3,84.3,53.1,26.7,0.5,0.7,10.4,0.0,5.7,0.0,30.5,23.9,1.8,0.0,1.9,0.0,0.6,0.6,2.2,2.2,0.0,0.0,0.0,0.0,0.5,0.0,0.0,0.7
3386,491170,49,1,1,88.3,71.2,33.4,13.0,0.3,0.2,5.3,0.0,3.2,0.0,19.5,11.8,1.5,0.0,1.6,0.0,0.2,0.2,1.0,1.0,0.0,0.0,1.0,0.0,0.3,0.0,0.0,0.2
3387,491171,49,1,1,823.1,401.5,749.0,325.8,5.3,7.0,140.2,0.7,74.0,0.0,425.2,280.5,31.3,0.0,31.9,0.0,12.5,11.9,34.0,32.7,0.0,0.0,0.0,0.0,5.3,0.0,0.0,7.0
3388,491172,49,1,1,258.4,146.1,199.2,87.0,1.5,1.9,37.3,0.1,19.7,0.0,114.1,76.0,8.4,0.0,8.6,0.0,2.5,2.6,8.6,8.3,0.0,0.0,0.0,0.0,1.5,0.0,0.0,1.9
3389,491173,49,1,1,108.0,84.8,51.9,27.2,0.4,0.6,10.2,0.8,5.5,0.0,29.9,23.7,1.7,0.0,1.9,0.0,0.5,0.5,2.2,2.2,0.0,0.0,0.0,0.0,0.4,0.0,0.0,0.6
3390,491174,49,1,1,129.9,88.9,73.3,31.0,0.6,0.6,13.0,0.0,7.4,0.0,42.9,27.7,3.3,0.0,3.5,0.0,0.6,0.6,2.6,2.7,0.0,0.0,0.0,0.0,0.6,0.0,0.0,0.6
3391,491175,49,1,1,55.4,54.3,0.0,0.0,0.0,0.0,0.0,0.0,0.0,0.0,0.0,0.0,0.0,0.0,0.0,0.0,0.0,0.0,0.0,0.0,0.0,0.0,0.0,0.0,0.0,0.0,0.0,0.0
3392,491176,49,1,1,55.4,54.6,0.0,0.0,0.0,0.0,0.0,0.0,0.0,0.0,0.0,0.0,0.0,0.0,0.0,0.0,0.0,0.0,0.0,0.0,0.0,0.0,0.0,0.0,0.0,0.0,0.0,0.0
3393,491177,49,1,1,200.7,119.7,142.5,60.6,1.2,1.4,25.5,0.0,14.4,0.0,82.0,53.3,6.4,0.0,6.8,0.0,1.6,1.7,5.8,5.6,0.0,0.0,0.0,0.0,1.2,0.0,0.0,1.4
3394,491178,49,1,2,55.5,55.3,0.0,0.0,0.0,0.0,0.0,0.0,0.0,0.0,0.0,0.0,0.0,0.0,0.0,0.0,0.0,0.0,0.0,0.0,0.0,0.0,0.0,0.0,0.0,0.0,0.0,0.0
3395,491179,49,1,1,172.9,107.5,115.5,49.7,0.8,1.1,21.1,0.0,11.6,0.0,66.5,43.8,5.1,0.0,5.3,0.0,1.2,1.3,4.7,4.6,0.0,0.0,0.0,0.0,0.8,0.0,0.0,1.1
3396,491180,49,1,1,118.9,88.6,62.2,31.4,0.6,0.6,12.1,0.0,6.5,0.0,35.9,28.0,2.1,0.0,2.2,0.0,0.6,0.6,2.7,2.7,0.0,0.0,0.0,0.0,0.6,0.0,0.0,0.6
3397,491181,49,1,1,231.2,139.8,172.5,79.6,1.3,1.8,32.8,0.1,17.3,0.0,98.6,69.8,6.8,0.0,7.1,0.0,2.3,2.2,7.6,7.6,0.0,0.0,0.0,0.0,1.3,0.0,0.0,1.8
3398,491182,49,1,1,140.7,93.5,83.9,36.6,0.7,0.9,15.2,0.0,8.5,0.0,48.4,32.5,3.7,0.0,3.9,0.0,0.9,0.9,3.2,3.2,0.0,0.0,0.0,0.0,0.7,0.0,0.0,0.9
3399,491183,49,1,1,94.3,73.2,38.4,18.0,0.3,0.5,6.9,0.0,4.0,0.0,22.3,16.2,1.6,0.0,1.7,0.0,0.3,0.3,1.5,1.5,0.0,0.0,0.0,0.0,0.3,0.0,0.0,0.5
3400,491184,49,1,2,61.1,59.5,5.7,4.0,0.0,0.0,1.1,0.0,0.7,0.0,3.2,3.7,0.2,0.0,0.2,0.0,0.0,0.1,0.3,0.3,0.0,0.0,0.0,0.0,0.0,0.0,0.0,0.0
3401,491185,49,1,1,102.1,78.2,45.7,22.3,0.4,0.5,8.8,0.0,4.8,0.0,26.5,20.0,1.7,0.0,1.8,0.0,0.4,0.5,1.8,1.9,0.0,0.0,0.0,0.0,0.4,0.0,0.0,0.5
3402,491186,49,1,1,94.1,74.7,38.1,17.8,0.3,0.5,6.8,0.0,4.0,0.0,22.2,16.0,1.6,0.0,1.7,0.0,0.3,0.4,1.5,1.4,0.0,0.0,0.0,0.0,0.3,0.0,0.0,0.5
3403,491187,49,1,1,213.6,129.8,155.3,70.2,1.1,1.6,29.0,0.1,16.3,0.0,88.9,61.6,6.1,0.0,6.5,0.0,1.9,2.0,6.5,6.5,0.0,0.0,0.0,0.0,1.1,0.0,0.0,1.6
3404,491188,49,1,2,234.6,148.5,175.1,88.5,1.4,2.1,32.7,7.6,17.8,0.0,100.1,70.7,7.1,0.0,7.3,0.0,2.4,2.4,7.8,7.6,0.0,0.0,0.0,0.0,1.4,0.0,0.0,2.1
3405,491189,49,1,2,611.9,1922.9,468.5,1737.8,1.2,43.9,26.8,222.0,15.5,281.3,81.5,915.5,5.2,0.0,5.4,0.0,95.7,90.7,237.5,228.3,0.0,0.0,1.0,0.0,1.2,0.0,0.0,43.9
3406,491190,49,1,2,108.2,366.8,46.2,297.0,0.0,7.6,0.0,46.3,0.0,44.6,0.0,161.6,0.0,0.0,0.0,0.0,12.7,12.1,33.5,32.4,0.0,0.0,0.0,0.0,0.0,0.0,0.0,7.6
3407,491191,49,1,1,147.0,98.5,94.0,45.7,0.7,1.1,18.2,0.0,9.7,0.0,54.0,40.4,3.3,0.0,3.6,0.0,1.1,1.1,4.1,4.1,0.0,0.0,0.0,0.0,0.7,0.0,0.0,1.1
3408,491192,49,1,1,245.1,275.4,187.1,212.5,1.4,5.5,34.5,92.4,17.8,1.5,97.0,93.1,5.5,0.0,5.7,0.0,9.1,8.7,17.4,16.8,0.0,0.0,0.0,0.0,1.4,0.0,0.0,5.5
3409,491193,49,1,2,139.3,94.8,86.5,41.8,0.7,0.9,16.4,0.0,8.9,0.0,49.7,37.0,3.3,0.0,3.4,0.0,1.1,1.1,3.8,3.8,0.0,0.0,0.0,0.0,0.7,0.0,0.0,0.9
3410,491194,49,1,3,4017.8,2638.7,3796.2,2389.7,29.7,57.0,734.6,132.4,366.2,92.0,2064.7,1808.1,126.8,0.0,129.5,0.0,108.7,102.9,264.6,254.3,0.0,0.0,1.0,0.0,29.7,0.0,0.0,57.0
3411,491195,49,1,3,759.9,1693.8,544.4,1445.9,2.7,38.1,62.9,401.7,31.9,195.6,180.6,613.9,11.5,0.0,11.8,0.0,90.3,85.2,155.5,149.5,0.0,0.0,0.0,0.0,2.7,0.0,0.0,38.1
3412,491196,49,1,1,680.9,373.7,606.1,298.8,4.5,7.0,120.8,0.4,60.0,0.0,341.3,258.4,21.2,0.0,21.6,0.0,11.0,10.5,30.4,29.4,0.0,0.0,0.0,0.0,4.5,0.0,0.0,7.0
3413,491197,49,1,1,118.9,88.5,66.2,37.1,0.6,1.0,13.3,0.0,7.2,0.0,37.4,32.9,2.0,0.0,2.1,0.0,0.9,0.9,3.4,3.4,0.0,0.0,0.0,0.0,0.6,0.0,0.0,1.0
3414,491198,49,1,2,165.2,234.9,108.2,175.5,0.9,4.8,19.9,104.1,10.2,5.0,57.9,53.8,3.6,0.0,3.8,0.0,4.1,4.0,8.6,8.5,0.0,0.0,0.0,0.0,0.9,0.0,0.0,4.8
3415,491199,49,1,1,613.2,386.5,538.4,312.6,3.5,8.4,85.8,123.3,51.0,0.0,308.7,160.7,31.2,0.0,31.8,0.0,11.6,11.1,18.4,17.5,0.0,0.0,0.0,0.0,3.5,0.0,0.0,8.4
3416,491200,49,1,1,268.4,165.7,212.5,109.9,1.7,2.6,42.2,0.1,21.6,0.0,120.2,96.1,7.1,0.0,7.4,0.0,3.5,3.4,10.6,10.3,0.0,0.0,0.0,0.0,1.7,0.0,0.0,2.6
3417,491201,49,1,2,304.8,510.5,200.2,396.8,1.3,11.4,32.4,273.0,16.6,0.0,90.2,75.1,4.9,0.0,5.1,0.0,42.8,40.7,8.2,8.0,0.0,0.0,0.0,0.0,1.3,0.0,0.0,11.4
3418,491202,49,1,3,141.2,228.7,74.9,158.7,1.5,4.2,12.1,60.3,6.7,10.3,35.1,71.5,2.0,0.0,2.1,0.0,6.9,6.6,10.0,9.8,0.0,0.0,0.0,0.0,1.5,0.0,0.0,4.2
3419,491203,49,1,3,615.8,2208.7,259.2,1807.6,0.0,51.8,0.0,1223.0,0.0,92.8,1.0,248.5,0.0,0.0,0.0,0.0,194.0,182.4,63.2,60.9,0.0,0.0,1.0,0.0,0.0,0.0,0.0,51.8
3420,491204,49,1,3,4317.5,5048.5,3965.0,4626.8,29.4,101.9,576.6,579.3,296.9,263.3,1696.0,2253.0,117.3,619.1,119.8,0.0,334.5,314.5,622.9,597.7,200.0,0.0,1.0,0.0,29.4,0.0,0.0,101.9
3421,491205,49,1,3,3754.2,6796.4,3215.3,6121.1,14.9,161.8,346.1,1115.7,180.9,961.1,967.6,2509.7,54.1,0.0,55.3,0.0,516.8,486.2,1093.5,1048.5,0.0,0.0,1.0,0.0,14.9,0.0,0.0,161.8
3422,491206,49,1,3,3059.3,6998.0,2878.0,6631.7,0.0,182.5,0.0,540.5,0.0,3293.0,2.0,49.5,0.0,0.0,0.0,0.0,624.7,588.0,2249.3,2160.6,0.0,0.0,2.0,0.0,0.0,0.0,0.0,182.5
3423,491207,49,1,3,740.2,1855.9,585.0,1655.5,0.0,44.7,0.0,428.4,0.0,324.4,0.0,343.4,0.0,0.0,0.0,0.0,179.9,169.6,405.2,389.6,0.0,0.0,0.0,0.0,0.0,0.0,0.0,44.7
3424,491208,49,1,3,3521.3,3820.4,3311.2,3601.9,45.6,52.4,591.4,153.1,301.5,62.1,1675.1,1452.1,102.3,0.0,104.5,1451.3,163.9,154.2,342.5,329.1,30.0,0.0,0.0,0.0,45.6,0.0,0.0,52.4
3425,491209,49,1,3,3941.2,4325.4,3713.4,4044.5,39.4,89.7,595.5,210.3,304.9,715.2,1683.6,1756.3,101.5,499.2,103.6,0.0,226.9,213.0,678.4,650.4,18.0,0.0,1.0,0.0,39.4,0.0,0.0,89.7
3426,491210,49,1,3,4416.4,4078.8,4106.4,3725.3,35.9,80.2,718.0,333.8,365.1,154.0,1971.5,2037.2,112.0,518.9,114.4,0.0,235.2,221.1,480.3,460.2,109.0,0.0,1.0,0.0,35.9,0.0,0.0,80.2
3427,491211,49,1,1,194.7,125.0,140.8,71.4,1.0,1.7,27.8,0.1,13.8,0.0,80.3,63.1,5.0,0.0,5.3,0.0,2.0,1.9,6.6,6.3,0.0,0.0,0.0,0.0,1.0,0.0,0.0,1.7
3428,491212,49,1,3,1937.3,1018.2,1801.3,904.4,45.2,20.4,349.7,1.7,174.3,0.0,993.3,781.0,62.6,0.0,64.0,0.0,34.8,33.2,91.6,88.5,30.0,0.0,1.0,0.0,45.2,0.0,0.0,20.4
3429,491213,49,1,3,3796.0,8103.6,3465.8,7571.0,7.4,207.2,47.1,1333.5,23.8,2759.9,127.4,372.8,6.5,0.0,6.7,0.0,816.3,770.3,2430.1,2334.6,6.0,0.0,2.0,0.0,7.4,0.0,0.0,207.2
3430,491214,49,1,3,3316.1,2391.8,3078.4,2167.6,67.4,51.1,616.3,202.1,303.7,17.8,1635.1,1613.8,85.9,0.0,87.8,0.0,111.3,104.8,238.4,229.1,0.0,0.0,0.0,0.0,67.4,0.0,0.0,51.1
3431,491215,49,1,3,3428.0,5774.0,3226.1,5584.6,54.5,37.2,541.1,125.0,306.2,15.6,1803.2,1218.1,165.3,0.0,168.7,3999.7,77.6,72.8,160.0,153.3,1.0,0.0,3.0,0.0,54.5,0.0,0.0,37.2
3432,491216,49,1,3,4483.9,1999.8,4264.6,1776.0,42.1,42.2,708.8,72.8,385.4,82.6,2381.8,1338.6,242.1,0.0,247.1,0.0,83.6,78.9,211.8,203.1,3.0,0.0,1.0,0.0,42.1,0.0,0.0,42.2
3433,491217,49,1,1,262.8,164.2,203.6,109.2,5.0,2.6,40.7,0.7,20.6,0.0,115.2,95.7,6.7,0.0,7.0,0.0,3.3,3.2,10.1,9.7,0.0,0.0,0.0,0.0,5.0,0.0,0.0,2.6
3434,491218,49,1,2,2147.4,1212.6,2015.1,1083.3,28.8,25.4,398.2,55.5,198.7,0.0,1129.4,889.8,71.5,0.0,73.0,0.0,39.7,37.7,104.7,100.2,0.0,0.0,0.0,0.0,28.8,0.0,0.0,25.4
3435,491219,49,1,2,103.2,89.1,30.6,14.1,0.7,0.2,5.1,0.0,3.1,0.0,17.4,12.5,1.2,0.0,1.2,0.0,0.3,0.3,1.2,1.2,0.0,0.0,1.0,0.0,0.7,0.0,0.0,0.2
3436,491220,49,1,3,2087.2,1294.6,1929.6,1140.7,36.8,27.2,348.8,207.9,188.9,3.6,1042.5,786.3,76.3,0.0,77.9,0.0,45.7,43.4,103.5,99.6,45.0,0.0,1.0,0.0,36.8,0.0,0.0,27.2
3437,491221,49,1,3,3473.9,1697.8,3264.9,1517.6,68.9,34.3,623.5,3.7,311.0,0.0,1840.7,1311.2,136.1,0.0,138.9,0.0,59.0,55.7,153.6,147.0,1.0,0.0,1.0,0.0,68.9,0.0,0.0,34.3
3438,491222,49,1,3,1384.8,686.2,1272.9,572.6,16.3,13.0,239.3,1.0,126.5,0.0,719.2,496.1,53.5,0.0,54.7,0.0,21.5,20.3,57.2,55.1,0.0,0.0,1.0,0.0,16.3,0.0,0.0,13.0
3439,491223,49,1,1,103.2,75.6,51.2,23.9,1.3,0.5,9.0,0.0,5.1,0.0,29.4,21.3,2.0,0.0,2.1,0.0,0.5,0.5,2.1,2.1,0.0,0.0,1.0,0.0,1.3,0.0,0.0,0.5
3440,491224,49,1,2,96.1,81.5,25.2,9.1,0.1,0.2,3.4,0.0,2.2,0.0,14.5,8.2,1.2,0.0,1.2,0.0,0.2,0.2,0.7,0.7,0.0,0.0,2.0,0.0,0.1,0.0,0.0,0.2
3441,491225,49,1,2,1726.4,829.4,1577.7,704.5,48.4,15.8,292.0,4.6,153.1,0.0,891.2,607.8,69.5,0.0,71.2,0.0,26.6,25.0,70.1,67.1,0.0,0.0,4.0,0.0,48.4,0.0,0.0,15.8
3442,491226,49,1,3,7140.8,4202.3,6736.3,3902.4,179.4,69.4,1208.6,75.8,634.2,0.0,3783.6,2555.4,319.3,832.9,325.8,0.0,140.6,131.7,322.2,306.6,1.0,0.0,1.0,0.0,179.4,0.0,0.0,69.4
3443,491227,49,1,3,2463.5,1124.3,2317.9,984.2,30.4,22.7,419.4,5.1,219.7,0.0,1313.2,848.9,110.7,0.0,113.2,0.0,37.5,35.7,99.1,94.4,5.0,0.0,0.0,0.0,30.4,0.0,0.0,22.7
3444,491228,49,1,1,228.5,323.1,154.6,250.1,1.6,7.6,24.0,190.7,14.3,0.0,88.1,50.2,9.1,0.0,9.5,0.0,3.7,3.6,5.8,5.5,0.0,0.0,0.0,0.0,1.6,0.0,0.0,7.6
3445,491229,49,1,2,2747.8,1201.0,2586.9,1033.4,19.4,19.9,466.5,9.4,236.8,4.7,1462.4,877.4,132.6,0.0,135.5,0.0,42.0,39.8,109.0,102.2,1.0,0.0,1.0,0.0,19.4,0.0,0.0,19.9
3446,491230,49,1,1,270.4,361.8,206.0,295.2,6.3,8.2,38.8,175.0,20.1,1.9,111.2,97.2,6.7,0.0,6.9,0.0,7.3,7.0,15.0,14.2,0.0,0.0,0.0,0.0,6.3,0.0,0.0,8.2
3447,491231,49,1,1,115.0,86.8,61.0,33.9,2.2,0.7,11.8,0.0,6.6,0.0,34.6,30.2,2.1,0.0,2.1,0.0,0.8,0.9,3.0,2.9,0.0,0.0,0.0,0.0,2.2,0.0,0.0,0.7
3448,491232,49,1,1,129.0,118.8,30.3,14.1,1.5,0.2,5.0,0.0,2.8,0.0,17.1,12.6,1.0,0.0,1.0,0.0,0.3,0.3,1.1,1.1,0.0,0.0,2.0,0.0,1.5,0.0,0.0,0.2
3449,491233,49,1,1,325.8,230.8,213.4,119.5,9.6,2.7,44.6,0.2,23.3,0.0,118.1,104.7,6.1,0.0,6.2,0.0,3.8,3.6,11.4,10.9,0.0,0.0,0.0,0.0,9.6,0.0,0.0,2.7
3450,491234,49,1,2,1186.9,521.0,1031.3,387.9,37.5,8.4,178.8,0.7,94.6,0.0,574.6,337.4,55.2,0.0,56.6,0.0,14.0,13.3,38.3,36.5,19.0,0.0,0.0,0.0,37.5,0.0,0.0,8.4
3451,491235,49,1,2,98.2,99.2,0.0,0.0,0.0,0.0,0.0,0.0,0.0,0.0,0.0,0.0,0.0,0.0,0.0,0.0,0.0,0.0,0.0,0.0,0.0,0.0,0.0,0.0,0.0,0.0,0.0,0.0
3452,491236,49,1,2,65.3,61.8,13.3,9.7,0.8,0.2,2.8,0.0,1.6,0.0,7.3,8.8,0.4,0.0,0.4,0.0,0.2,0.2,0.7,0.7,0.0,0.0,0.0,0.0,0.8,0.0,0.0,0.2
3453,491237,49,1,2,80.9,72.0,28.1,19.7,1.5,0.4,5.6,0.0,3.3,0.0,15.6,17.6,0.7,0.0,0.8,0.0,0.4,0.4,1.7,1.7,0.0,0.0,0.0,0.0,1.5,0.0,0.0,0.4
3454,491238,49,1,1,181.3,119.5,123.5,64.6,5.1,1.3,23.9,0.0,12.6,0.0,70.2,57.3,4.5,0.0,4.6,0.0,1.8,1.7,5.9,5.6,0.0,0.0,0.0,0.0,5.1,0.0,0.0,1.3
3455,491239,49,1,1,51.2,51.9,0.0,0.0,0.0,0.0,0.0,0.0,0.0,0.0,0.0,0.0,0.0,0.0,0.0,0.0,0.0,0.0,0.0,0.0,0.0,0.0,0.0,0.0,0.0,0.0,0.0,0.0
3456,491240,49,1,1,159.3,139.8,57.5,34.1,2.1,0.7,12.0,0.0,6.1,0.0,32.0,30.3,1.7,0.0,1.8,0.0,0.8,0.9,3.0,2.9,0.0,0.0,0.0,0.0,2.1,0.0,0.0,0.7
3457,491241,49,1,1,1334.7,684.7,1172.4,541.9,36.8,11.5,206.9,40.0,110.9,0.0,663.2,441.4,62.9,0.0,64.2,0.0,18.4,17.3,46.0,43.1,0.0,0.0,0.0,0.0,36.8,0.0,0.0,11.5
3458,491242,49,1,1,149.9,111.3,50.5,16.3,0.3,0.2,8.1,0.0,4.6,0.0,30.0,14.9,3.2,0.0,3.2,0.0,0.2,0.2,1.2,1.2,0.0,0.0,0.0,0.0,0.3,0.0,0.0,0.2
3459,491243,49,1,1,716.1,301.6,606.5,197.5,3.5,4.5,102.4,0.6,58.2,0.0,341.8,170.6,33.5,0.0,34.1,0.0,7.6,7.0,20.9,19.3,8.0,0.0,0.0,0.0,3.5,0.0,0.0,4.5
3460,491244,49,1,1,2809.9,1076.8,2639.9,919.1,24.5,23.7,443.0,13.5,249.1,0.0,1502.2,786.4,154.9,0.0,157.9,0.0,35.8,33.4,94.0,85.7,3.0,0.0,0.0,0.0,24.5,0.0,0.0,23.7
3461,491245,49,1,1,1673.5,843.0,1524.1,690.6,12.5,19.4,248.6,116.8,139.4,0.0,850.4,476.1,88.3,0.0,90.0,0.0,40.8,38.3,65.6,59.4,1.0,0.0,0.0,0.0,12.5,0.0,0.0,19.4
3462,491246,49,1,1,838.3,364.0,721.2,248.1,8.8,6.8,121.2,0.7,67.8,0.0,412.5,216.4,42.3,0.0,43.3,0.0,8.8,8.3,25.2,22.7,0.0,0.0,0.0,0.0,8.8,0.0,0.0,6.8
3463,491247,49,1,1,862.2,519.3,726.9,391.9,24.8,11.0,119.7,118.1,66.7,0.0,410.0,234.0,42.2,0.0,43.2,0.0,14.0,12.9,30.1,26.9,0.0,0.0,1.0,0.0,24.8,0.0,0.0,11.0
3464,491248,49,1,1,411.3,350.2,293.2,232.8,11.6,6.5,47.2,100.2,26.4,0.0,162.9,111.7,16.8,0.0,17.4,0.0,8.2,7.7,14.3,13.2,0.0,0.0,0.0,0.0,11.6,0.0,0.0,6.5
3465,491249,49,1,2,164.4,128.3,63.2,24.3,2.5,0.5,10.3,0.0,6.0,0.0,36.6,21.8,3.8,0.0,4.0,0.0,0.5,0.5,2.1,1.9,0.0,0.0,0.0,0.0,2.5,0.0,0.0,0.5
3466,491250,49,1,2,163.5,495.7,82.0,397.0,0.0,10.8,0.0,237.4,0.0,10.7,2.0,77.2,0.0,0.0,0.0,0.0,32.7,30.2,45.3,41.4,0.0,0.0,2.0,0.0,0.0,0.0,0.0,10.8
3467,491251,49,1,2,7963.9,3605.3,7487.6,3287.7,237.5,66.9,1350.5,6.8,694.4,0.0,4238.9,2875.1,371.1,0.0,378.6,0.0,125.3,113.6,322.8,292.2,5.0,0.0,1.0,0.0,237.5,0.0,0.0,66.9
3468,491252,49,1,2,2933.1,2607.2,2725.3,2442.1,77.7,30.0,486.5,79.2,244.5,0.0,1510.7,1150.1,126.4,1005.7,129.3,0.0,75.3,68.5,152.6,138.6,0.0,0.0,0.0,0.0,77.7,0.0,0.0,30.0
3469,491253,49,1,2,102.7,76.3,49.0,24.5,2.2,0.4,9.0,0.0,5.0,0.0,28.3,21.9,2.1,0.0,2.1,0.0,0.6,0.6,2.0,2.0,0.0,0.0,0.0,0.0,2.2,0.0,0.0,0.4
3470,491254,49,1,1,168.4,139.9,67.0,34.4,1.7,0.6,13.1,0.0,6.7,0.0,37.9,30.6,2.7,0.0,2.7,0.0,0.9,0.9,3.0,2.9,0.0,0.0,0.0,0.0,1.7,0.0,0.0,0.6
3471,491255,49,1,2,114.4,111.1,15.4,5.5,0.7,0.2,1.9,0.8,1.6,0.0,9.4,4.3,1.1,0.0,1.1,0.0,0.1,0.1,0.3,0.4,0.0,0.0,0.0,0.0,0.7,0.0,0.0,0.2
3472,491256,49,1,3,2544.0,1400.2,2379.0,1253.3,48.8,26.4,432.9,139.6,229.7,0.0,1344.3,973.0,107.1,0.0,109.4,0.0,46.3,42.1,109.4,98.6,0.0,0.0,0.0,0.0,48.8,0.0,0.0,26.4
3473,491257,49,1,3,2460.3,1889.2,2297.4,1705.2,18.4,35.8,367.6,168.7,199.3,241.4,1134.6,920.6,88.0,0.0,90.0,0.0,118.5,106.7,297.4,267.7,1.0,0.0,1.0,0.0,18.4,0.0,0.0,35.8
3474,491258,49,1,3,1648.3,822.3,1520.5,702.4,26.5,13.8,278.0,31.9,140.2,0.0,864.3,589.1,73.3,0.0,74.8,0.0,24.8,22.5,65.1,58.9,0.0,0.0,0.0,0.0,26.5,0.0,0.0,13.8
3475,491259,49,1,3,3129.5,2023.2,2944.7,1817.3,18.5,36.9,470.3,145.8,253.7,166.1,1483.0,1066.0,123.7,0.0,126.4,0.0,145.2,130.9,341.4,308.3,0.0,0.0,1.0,0.0,18.5,0.0,0.0,36.9
3476,491260,49,1,2,324.2,212.4,258.3,148.9,7.1,3.2,45.0,27.3,24.0,0.0,147.2,107.0,13.0,0.0,13.3,0.0,4.8,4.5,11.0,10.1,0.0,0.0,0.0,0.0,7.1,0.0,0.0,3.2
3477,491261,49,1,3,2293.5,3214.9,2146.6,3008.8,8.1,65.2,181.2,279.5,96.3,1234.4,575.9,416.8,48.2,0.0,49.3,0.0,288.7,259.1,906.0,818.9,0.0,0.0,1.0,0.0,8.1,0.0,0.0,65.2
3478,491262,49,1,2,3173.2,2968.3,2922.3,2681.8,14.6,49.1,380.1,236.4,201.5,450.0,1194.7,818.1,106.9,335.6,109.3,0.0,278.6,251.9,649.2,589.8,1.0,0.0,1.0,0.0,14.6,0.0,0.0,49.1
3479,491263,49,1,1,150.7,123.6,54.0,23.5,1.3,0.6,9.5,0.0,5.0,0.0,31.4,21.1,2.7,0.0,2.8,0.0,0.5,0.5,2.0,1.9,0.0,0.0,0.0,0.0,1.3,0.0,0.0,0.6
3480,491264,49,1,1,159.6,116.4,73.6,28.7,2.9,0.8,12.2,0.0,6.9,0.0,42.8,25.6,4.2,0.0,4.4,0.0,0.7,0.7,2.5,2.4,0.0,0.0,0.0,0.0,2.9,0.0,0.0,0.8
3481,491265,49,1,1,91.2,87.5,9.0,0.0,0.0,0.0,0.0,0.0,1.8,0.0,6.7,0.0,0.3,0.0,0.3,0.0,0.0,0.0,0.0,0.0,0.0,0.0,0.0,0.0,0.0,0.0,0.0,0.0
3482,491266,49,1,2,97.8,175.5,33.2,103.7,0.3,2.6,2.6,55.6,1.8,2.0,7.9,28.2,0.3,0.0,0.3,0.0,7.7,7.1,11.6,10.7,0.0,0.0,1.0,0.0,0.3,0.0,0.0,2.6
3483,491267,49,1,3,3565.8,5456.1,3345.4,5161.1,14.0,88.1,577.6,1570.7,284.6,40.6,1586.8,2050.5,89.4,858.8,91.4,0.0,274.7,245.8,438.8,394.6,0.0,0.0,2.0,0.0,14.0,0.0,0.0,88.1
3484,491268,49,1,3,3483.0,2562.3,3290.5,2336.1,15.1,47.4,483.7,251.8,247.7,325.6,1458.9,1150.7,110.1,0.0,112.5,0.0,194.3,174.6,480.3,433.5,202.0,0.0,1.0,0.0,15.1,0.0,0.0,47.4
3485,491269,49,1,2,2473.9,1663.6,2304.0,1472.5,13.9,29.6,365.9,191.4,194.8,158.8,1144.1,763.5,98.7,0.0,100.8,0.0,115.3,104.9,279.4,253.9,2.0,0.0,3.0,0.0,13.9,0.0,0.0,29.6
3486,491270,49,1,2,2289.8,1019.3,2157.4,867.3,20.4,15.9,378.1,4.6,200.6,0.0,1209.8,756.0,106.9,0.0,109.4,0.0,31.9,29.4,84.7,77.3,16.0,0.0,20.0,0.0,20.4,0.0,0.0,15.9
3487,491271,49,1,2,82.2,84.1,0.0,0.0,0.0,0.0,0.0,0.0,0.0,0.0,0.0,0.0,0.0,0.0,0.0,0.0,0.0,0.0,0.0,0.0,0.0,0.0,0.0,0.0,0.0,0.0,0.0,0.0
3488,491272,49,1,2,3270.6,1405.7,3111.7,1237.8,15.9,22.8,540.3,2.5,290.0,0.0,1766.2,1084.7,171.3,0.0,174.8,0.0,46.8,42.5,122.3,108.0,0.0,0.0,0.0,0.0,15.9,0.0,0.0,22.8
3489,491273,49,1,2,94.5,89.0,11.9,4.7,0.3,0.0,2.6,0.0,1.8,0.0,6.6,4.3,0.3,0.0,0.3,0.0,0.1,0.1,0.3,0.3,0.0,0.0,0.0,0.0,0.3,0.0,0.0,0.0
3490,491274,49,1,3,119.9,91.3,57.0,24.9,0.3,0.4,9.5,0.0,5.3,0.0,32.8,22.2,2.8,0.0,2.9,0.0,0.7,0.6,2.2,2.1,0.0,0.0,1.0,0.0,0.3,0.0,0.0,0.4
3491,491275,49,1,2,2693.0,1162.4,2554.5,1012.9,7.7,16.5,445.5,3.1,236.3,0.0,1449.6,887.3,138.8,0.0,141.5,0.0,37.9,34.7,99.8,87.7,5.0,0.0,0.0,0.0,7.7,0.0,0.0,16.5
3492,491276,49,1,2,511.3,259.1,421.7,163.9,1.1,2.4,72.3,0.8,39.0,0.0,240.5,144.4,23.5,0.0,23.9,0.0,5.3,4.9,15.2,13.8,2.0,0.0,0.0,0.0,1.1,0.0,0.0,2.4
3493,491277,49,1,2,3708.1,1589.9,3546.9,1411.4,10.0,22.6,619.7,4.0,328.7,0.0,2015.6,1236.2,192.6,0.0,196.4,0.0,53.5,48.6,139.3,122.5,0.0,0.0,1.0,0.0,10.0,0.0,0.0,22.6
3494,491278,49,1,2,2514.7,1091.9,2382.1,946.6,6.3,12.9,416.5,2.8,222.9,0.0,1353.9,829.5,128.4,0.0,130.9,0.0,35.2,32.3,93.2,82.0,0.0,0.0,1.0,0.0,6.3,0.0,0.0,12.9
3495,491279,49,1,2,75.2,66.8,11.9,4.6,0.4,0.0,2.6,0.0,1.7,0.0,6.6,4.2,0.3,0.0,0.3,0.0,0.1,0.1,0.3,0.3,0.0,0.0,0.0,0.0,0.4,0.0,0.0,0.0
3496,491280,49,1,2,456.4,1306.9,354.3,1179.5,0.7,23.4,42.3,782.0,21.6,12.5,132.4,262.6,10.6,0.0,10.9,0.0,57.7,52.3,77.7,70.1,0.0,0.0,1.0,0.0,0.7,0.0,0.0,23.4
3497,491281,49,1,2,1272.6,709.5,1189.2,617.6,4.3,10.7,216.5,61.5,107.6,2.1,670.0,479.6,54.1,0.0,55.2,0.0,23.7,21.4,59.0,52.9,3.0,0.0,0.0,0.0,4.3,0.0,0.0,10.7
3498,491282,49,1,3,4968.2,3517.0,4755.0,3288.4,24.8,39.2,843.4,101.4,437.5,0.0,2664.3,1817.4,239.0,1073.6,244.1,0.0,101.3,92.7,224.3,203.4,0.0,0.0,1.0,0.0,24.8,0.0,0.0,39.2
3499,491283,49,1,2,3856.2,1903.3,3698.6,1732.8,9.9,20.9,690.7,26.4,351.3,0.0,2093.2,1496.9,163.4,0.0,166.6,0.0,64.9,59.0,168.6,150.4,0.0,0.0,0.0,0.0,9.9,0.0,0.0,20.9
3500,491284,49,1,2,162.0,313.8,98.6,245.5,0.0,4.1,0.0,13.1,0.0,143.5,0.0,0.0,0.0,0.0,0.0,0.0,18.2,16.7,80.4,72.2,0.0,0.0,0.0,0.0,0.0,0.0,0.0,4.1
3501,491285,49,1,2,3700.4,1677.3,3539.0,1504.8,9.5,20.0,635.7,24.8,330.6,0.0,2007.9,1297.5,179.0,0.0,182.8,0.0,56.1,51.1,146.0,131.4,0.0,0.0,1.0,0.0,9.5,0.0,0.0,20.0
3502,491286,49,1,2,81.3,283.4,15.4,212.1,0.0,3.4,2.7,198.9,1.7,0.0,6.7,9.6,0.3,0.0,0.3,0.0,2.3,2.1,1.6,1.5,0.0,0.0,0.0,0.0,0.0,0.0,0.0,3.4
3503,491287,49,1,1,290.0,246.0,209.1,177.7,0.8,1.7,33.3,94.8,20.5,0.0,120.1,69.6,10.7,0.0,10.7,0.0,4.4,4.3,9.4,9.1,0.0,0.0,0.0,0.0,0.8,0.0,0.0,1.7
3504,491288,49,1,1,102.4,84.4,3.5,3.7,0.0,0.2,0.7,0.1,0.4,0.0,2.1,3.4,0.1,0.0,0.2,0.0,0.0,0.0,0.1,0.2,0.0,0.0,0.0,0.0,0.0,0.0,0.0,0.2
3505,491289,49,1,1,98.8,82.4,0.0,0.5,0.0,0.0,0.0,0.5,0.0,0.0,0.0,0.0,0.0,0.0,0.0,0.0,0.0,0.0,0.0,0.0,0.0,0.0,0.0,0.0,0.0,0.0,0.0,0.0
3506,491290,49,1,1,512.7,190.6,455.8,142.1,2.6,3.6,69.4,0.2,41.7,0.0,262.9,124.3,27.8,0.0,28.3,0.0,4.8,4.6,15.0,13.0,6.0,0.0,0.0,0.0,2.6,0.0,0.0,3.6
3507,491291,49,1,1,416.1,328.2,337.8,254.3,2.2,8.1,50.2,107.2,30.3,1.5,186.8,117.7,19.1,0.0,19.5,0.0,10.9,10.2,21.0,17.6,0.0,0.0,0.0,0.0,2.2,0.0,0.0,8.1
3508,491292,49,1,1,1633.7,1265.3,1537.4,1156.6,12.1,26.3,219.8,138.4,132.3,53.4,826.1,472.2,87.5,342.1,89.7,0.0,55.6,51.3,119.3,99.2,6.0,0.0,1.0,0.0,12.1,0.0,0.0,26.3
3509,491293,49,1,1,563.4,261.9,504.3,210.0,2.8,5.1,91.0,2.1,48.9,0.0,289.3,180.9,22.4,0.0,22.8,0.0,7.5,7.2,22.3,19.7,0.0,0.0,0.0,0.0,2.8,0.0,0.0,5.1
3510,491294,49,1,1,246.5,402.4,189.2,339.3,1.6,11.3,29.0,231.8,15.9,1.5,98.3,80.1,8.0,0.0,8.3,0.0,11.2,10.4,18.5,15.4,0.0,0.0,0.0,0.0,1.6,0.0,0.0,11.3
3511,491295,49,1,1,2052.1,952.6,1947.5,833.2,14.5,25.6,349.0,20.1,190.7,0.0,1106.9,707.6,86.4,0.0,88.3,0.0,35.2,32.1,91.0,73.3,0.0,0.0,0.0,0.0,14.5,0.0,0.0,25.6
3512,491296,49,1,1,1062.4,441.6,988.1,357.9,6.7,11.2,164.1,0.9,95.6,0.0,568.2,312.2,52.8,0.0,54.2,0.0,14.3,13.1,38.9,31.7,0.0,0.0,0.0,0.0,6.7,0.0,0.0,11.2
3513,491297,49,1,1,238.4,128.2,154.3,53.4,1.0,1.4,25.1,0.3,14.4,0.0,90.2,47.3,8.5,0.0,8.8,0.0,1.4,1.3,5.0,4.4,0.0,0.0,1.0,0.0,1.0,0.0,0.0,1.4
3514,491298,49,1,1,49.8,35.6,0.0,0.3,0.0,0.0,0.0,0.3,0.0,0.0,0.0,0.0,0.0,0.0,0.0,0.0,0.0,0.0,0.0,0.0,0.0,0.0,0.0,0.0,0.0,0.0,0.0,0.0
3515,491299,49,1,2,403.6,234.0,271.6,116.4,1.0,0.4,55.3,0.8,25.6,0.0,154.4,100.7,10.3,0.0,10.8,0.0,3.4,3.3,11.8,11.6,0.0,0.0,0.0,0.0,1.0,0.0,0.0,0.4
3516,491300,49,1,1,141.5,110.5,3.3,2.7,0.0,0.0,0.9,0.0,0.3,0.0,1.9,2.6,0.0,0.0,0.1,0.0,0.0,0.0,0.0,0.1,0.0,0.0,0.0,0.0,0.0,0.0,0.0,0.0
3517,491301,49,1,2,83.0,69.8,0.0,0.0,0.0,0.0,0.0,0.0,0.0,0.0,0.0,0.0,0.0,0.0,0.0,0.0,0.0,0.0,0.0,0.0,0.0,0.0,0.0,0.0,0.0,0.0,0.0,0.0
3518,491302,49,1,2,111.3,98.7,13.8,17.8,0.1,0.1,2.3,4.5,1.6,0.0,6.1,9.9,0.2,0.0,0.3,0.0,1.3,1.2,2.1,2.2,0.0,0.0,0.0,0.0,0.1,0.0,0.0,0.1
3519,491303,49,1,1,86.2,80.4,6.0,0.0,0.0,0.0,0.0,0.0,0.0,0.0,3.0,0.0,0.0,0.0,0.0,0.0,0.0,0.0,0.0,0.0,0.0,0.0,3.0,0.0,0.0,0.0,0.0,0.0
3520,491304,49,1,2,95.5,71.1,0.0,0.0,0.0,0.0,0.0,0.0,0.0,0.0,0.0,0.0,0.0,0.0,0.0,0.0,0.0,0.0,0.0,0.0,0.0,0.0,0.0,0.0,0.0,0.0,0.0,0.0
3521,491305,49,1,2,92.0,83.3,0.0,0.0,0.0,0.0,0.0,0.0,0.0,0.0,0.0,0.0,0.0,0.0,0.0,0.0,0.0,0.0,0.0,0.0,0.0,0.0,0.0,0.0,0.0,0.0,0.0,0.0
3522,491306,49,1,1,83.1,83.5,0.0,0.0,0.0,0.0,0.0,0.0,0.0,0.0,0.0,0.0,0.0,0.0,0.0,0.0,0.0,0.0,0.0,0.0,0.0,0.0,0.0,0.0,0.0,0.0,0.0,0.0
3523,491307,49,1,1,2075.0,2759.5,1803.6,2496.7,1.4,18.5,64.0,244.7,38.3,580.6,197.9,353.0,13.3,0.0,13.7,0.0,415.1,404.0,1059.3,914.5,1.0,0.0,1.0,0.0,1.4,0.0,0.0,18.5
3524,491308,49,1,3,112.9,113.8,0.0,0.0,0.0,0.0,0.0,0.0,0.0,0.0,0.0,0.0,0.0,0.0,0.0,0.0,0.0,0.0,0.0,0.0,0.0,0.0,0.0,0.0,0.0,0.0,0.0,0.0
3525,491309,49,1,3,388.1,168.1,284.7,74.1,4.5,0.7,44.4,0.0,30.1,0.0,169.1,63.4,14.4,0.0,15.0,0.0,2.5,2.5,8.1,8.2,1.0,0.0,0.0,0.0,4.5,0.0,0.0,0.7
3526,491310,49,1,1,95.9,87.0,0.0,0.0,0.0,0.0,0.0,0.0,0.0,0.0,0.0,0.0,0.0,0.0,0.0,0.0,0.0,0.0,0.0,0.0,0.0,0.0,0.0,0.0,0.0,0.0,0.0,0.0
3527,491311,49,1,1,142.8,232.2,42.4,126.0,0.1,0.7,6.4,18.3,3.7,0.0,18.7,96.1,0.9,0.0,1.1,0.0,5.4,5.4,6.3,6.2,0.0,0.0,0.0,0.0,0.1,0.0,0.0,0.7
3528,491312,49,1,1,405.3,247.7,304.2,141.3,0.9,0.8,63.0,0.0,32.2,0.0,170.6,120.7,8.6,0.0,9.0,0.0,5.3,5.2,15.6,15.3,0.0,0.0,0.0,0.0,0.9,0.0,0.0,0.8
3529,491313,49,1,1,156.0,201.9,54.7,115.1,0.4,0.8,10.5,7.9,5.7,0.0,31.1,103.6,1.8,0.0,2.1,0.0,1.6,1.7,1.9,1.9,0.0,0.0,0.0,0.0,0.4,0.0,0.0,0.8
3530,491314,49,1,3,94.2,82.9,12.0,6.9,0.1,0.1,2.4,0.0,1.5,0.0,7.0,6.4,0.3,0.0,0.3,0.0,0.1,0.1,0.4,0.4,0.0,0.0,0.0,0.0,0.1,0.0,0.0,0.1
3531,491315,49,1,1,157.4,87.9,80.7,39.7,0.2,0.1,15.7,0.0,8.3,0.0,45.8,35.0,2.4,0.0,2.5,0.0,0.9,0.9,3.9,3.9,0.0,0.0,1.0,0.0,0.2,0.0,0.0,0.1
3532,491316,49,1,1,445.1,263.9,342.5,187.2,1.2,0.7,71.4,0.1,37.2,7.1,183.4,145.4,7.7,0.0,7.9,0.0,8.3,8.3,26.7,26.3,0.0,0.0,0.0,0.0,1.2,0.0,0.0,0.7
3533,491317,49,1,1,677.6,314.6,570.5,230.5,2.4,0.9,108.8,0.0,59.7,0.0,322.3,195.4,22.0,0.0,22.4,0.0,9.1,9.1,26.3,26.0,0.0,0.0,0.0,0.0,2.4,0.0,0.0,0.9
3534,491318,49,1,2,384.1,230.5,280.3,137.5,1.6,0.7,57.9,0.0,28.6,0.0,157.6,118.4,8.5,0.0,8.7,0.0,4.7,4.8,14.3,14.2,0.0,0.0,0.0,0.0,1.6,0.0,0.0,0.7
3535,491319,49,1,1,96.1,93.0,0.0,0.0,0.0,0.0,0.0,0.0,0.0,0.0,0.0,0.0,0.0,0.0,0.0,0.0,0.0,0.0,0.0,0.0,0.0,0.0,0.0,0.0,0.0,0.0,0.0,0.0
3536,491320,49,1,1,97.6,80.6,2.0,0.0,0.0,0.0,0.0,0.0,0.0,0.0,1.0,0.0,0.0,0.0,0.0,0.0,0.0,0.0,0.0,0.0,0.0,0.0,1.0,0.0,0.0,0.0,0.0,0.0
3537,491321,49,1,2,99.5,94.1,0.0,0.0,0.0,0.0,0.0,0.0,0.0,0.0,0.0,0.0,0.0,0.0,0.0,0.0,0.0,0.0,0.0,0.0,0.0,0.0,0.0,0.0,0.0,0.0,0.0,0.0
3538,491322,49,1,1,158.3,89.6,60.9,20.9,0.3,0.1,9.7,0.0,5.8,0.0,36.5,19.0,3.4,0.0,3.6,0.0,0.3,0.3,1.5,1.6,0.0,0.0,0.0,0.0,0.3,0.0,0.0,0.1
3539,491323,49,1,1,97.6,80.3,0.0,0.0,0.0,0.0,0.0,0.0,0.0,0.0,0.0,0.0,0.0,0.0,0.0,0.0,0.0,0.0,0.0,0.0,0.0,0.0,0.0,0.0,0.0,0.0,0.0,0.0
3540,491324,49,1,1,995.5,472.9,869.2,352.8,7.1,8.0,146.2,4.3,80.1,27.2,480.1,250.6,44.7,0.0,45.5,0.0,17.2,16.7,55.5,54.0,0.0,0.0,0.0,0.0,7.1,0.0,0.0,8.0
3541,491325,49,1,1,84.1,66.8,0.0,0.0,0.0,0.0,0.0,0.0,0.0,0.0,0.0,0.0,0.0,0.0,0.0,0.0,0.0,0.0,0.0,0.0,0.0,0.0,0.0,0.0,0.0,0.0,0.0,0.0
3542,491326,49,1,1,110.3,77.4,13.4,3.2,0.1,0.0,1.6,0.0,1.3,0.0,8.6,3.1,0.8,0.0,1.0,0.0,0.0,0.0,0.1,0.1,0.0,0.0,0.0,0.0,0.1,0.0,0.0,0.0
3543,491327,49,1,1,71.7,52.9,0.0,0.0,0.0,0.0,0.0,0.0,0.0,0.0,0.0,0.0,0.0,0.0,0.0,0.0,0.0,0.0,0.0,0.0,0.0,0.0,0.0,0.0,0.0,0.0,0.0,0.0
3544,491328,49,1,1,428.0,291.1,343.7,217.3,2.5,9.9,62.4,41.6,33.6,0.0,186.5,140.8,12.5,0.0,12.5,0.0,12.9,12.7,23.2,22.2,0.0,0.0,0.0,0.0,2.5,0.0,0.0,9.9
3545,491329,49,1,1,513.8,178.8,433.8,117.7,4.0,3.4,67.1,0.0,40.0,0.0,251.6,99.2,27.6,0.0,27.9,0.0,5.1,4.9,14.5,13.6,0.0,0.0,0.0,0.0,4.0,0.0,0.0,3.4
3546,491330,49,1,1,71.8,53.3,0.0,0.0,0.0,0.0,0.0,0.0,0.0,0.0,0.0,0.0,0.0,0.0,0.0,0.0,0.0,0.0,0.0,0.0,0.0,0.0,0.0,0.0,0.0,0.0,0.0,0.0
3547,491331,49,1,1,169.0,84.2,76.8,20.9,1.3,1.6,11.2,0.0,7.8,0.0,46.5,19.1,4.7,0.0,4.7,0.0,0.3,0.3,1.7,1.5,0.0,0.0,0.0,0.0,1.3,0.0,0.0,1.6
3548,491332,49,1,1,88.5,62.0,14.8,7.6,2.0,2.0,3.0,0.0,1.5,0.0,9.3,7.0,0.5,0.0,0.0,0.0,0.1,0.1,0.5,0.5,0.0,0.0,0.0,0.0,2.0,0.0,0.0,2.0
3549,491333,49,1,2,91.1,65.8,0.0,0.0,0.0,0.0,0.0,0.0,0.0,0.0,0.0,0.0,0.0,0.0,0.0,0.0,0.0,0.0,0.0,0.0,0.0,0.0,0.0,0.0,0.0,0.0,0.0,0.0
3550,491334,49,1,1,77.4,60.1,0.0,0.0,0.0,0.0,0.0,0.0,0.0,0.0,0.0,0.0,0.0,0.0,0.0,0.0,0.0,0.0,0.0,0.0,0.0,0.0,0.0,0.0,0.0,0.0,0.0,0.0
3551,491335,49,1,2,223.8,142.1,141.8,71.3,1.1,1.6,27.4,0.0,14.6,0.0,81.0,63.0,5.0,0.0,5.2,0.0,2.0,1.9,6.5,6.4,0.0,0.0,0.0,0.0,1.1,0.0,0.0,1.6
3552,491336,49,1,1,74.4,75.6,0.0,8.2,0.0,0.0,0.0,8.2,0.0,0.0,0.0,0.0,0.0,0.0,0.0,0.0,0.0,0.0,0.0,0.0,0.0,0.0,0.0,0.0,0.0,0.0,0.0,0.0
3553,491337,49,1,1,77.4,65.5,0.0,0.0,0.0,0.0,0.0,0.0,0.0,0.0,0.0,0.0,0.0,0.0,0.0,0.0,0.0,0.0,0.0,0.0,0.0,0.0,0.0,0.0,0.0,0.0,0.0,0.0
3554,491338,49,1,2,90.3,87.8,0.0,0.0,0.0,0.0,0.0,0.0,0.0,0.0,0.0,0.0,0.0,0.0,0.0,0.0,0.0,0.0,0.0,0.0,0.0,0.0,0.0,0.0,0.0,0.0,0.0,0.0
3555,491339,49,1,1,113.5,97.5,31.4,22.1,0.2,0.4,6.8,0.0,3.7,0.0,17.3,19.9,0.6,0.0,0.8,0.0,0.4,0.4,1.8,1.8,0.0,0.0,0.0,0.0,0.2,0.0,0.0,0.4
3556,491340,49,1,2,101.2,98.0,0.0,0.0,0.0,0.0,0.0,0.0,0.0,0.0,0.0,0.0,0.0,0.0,0.0,0.0,0.0,0.0,0.0,0.0,0.0,0.0,0.0,0.0,0.0,0.0,0.0,0.0
3557,491341,49,1,1,98.8,71.2,0.0,0.0,0.0,0.0,0.0,0.0,0.0,0.0,0.0,0.0,0.0,0.0,0.0,0.0,0.0,0.0,0.0,0.0,0.0,0.0,0.0,0.0,0.0,0.0,0.0,0.0
3558,491342,49,1,1,81.8,80.5,0.0,0.0,0.0,0.0,0.0,0.0,0.0,0.0,0.0,0.0,0.0,0.0,0.0,0.0,0.0,0.0,0.0,0.0,0.0,0.0,0.0,0.0,0.0,0.0,0.0,0.0
3559,491343,49,1,2,136.6,121.9,15.2,8.4,0.1,0.1,2.8,0.0,1.5,0.0,9.1,7.8,0.5,0.0,0.6,0.0,0.1,0.1,0.5,0.6,0.0,0.0,0.0,0.0,0.1,0.0,0.0,0.1
3560,491344,49,1,2,3483.4,1443.3,3316.4,1284.2,18.9,28.9,574.8,22.9,308.0,0.0,1894.7,1080.3,171.5,0.0,174.6,0.0,53.4,50.8,138.3,130.2,0.0,0.0,1.0,0.0,18.9,0.0,0.0,28.9
3561,491345,49,1,1,82.8,66.7,0.0,0.0,0.0,0.0,0.0,0.0,0.0,0.0,0.0,0.0,0.0,0.0,0.0,0.0,0.0,0.0,0.0,0.0,0.0,0.0,0.0,0.0,0.0,0.0,0.0,0.0
3562,491346,49,1,1,64.2,42.3,14.1,3.5,0.1,0.0,1.4,0.0,1.3,0.0,9.3,3.4,0.9,0.0,1.1,0.0,0.0,0.0,0.1,0.2,0.0,0.0,0.0,0.0,0.1,0.0,0.0,0.0
3563,0,0,0,0,0.0,0.0,0.0,0.0,0.0,0.0,0.0,0.0,0.0,0.0,0.0,0.0,0.0,0.0,0.0,0.0,0.0,0.0,0.0,0.0,0.0,0.0,0.0,0.0,0.0,0.0,0.0,0.0
3564,0,0,0,0,0.0,0.0,0.0,0.0,0.0,0.0,0.0,0.0,0.0,0.0,0.0,0.0,0.0,0.0,0.0,0.0,0.0,0.0,0.0,0.0,0.0,0.0,0.0,0.0,0.0,0.0,0.0,0.0
3565,0,0,0,0,0.0,0.0,0.0,0.0,0.0,0.0,0.0,0.0,0.0,0.0,0.0,0.0,0.0,0.0,0.0,0.0,0.0,0.0,0.0,0.0,0.0,0.0,0.0,0.0,0.0,0.0,0.0,0.0
3566,0,0,0,0,0.0,0.0,0.0,0.0,0.0,0.0,0.0,0.0,0.0,0.0,0.0,0.0,0.0,0.0,0.0,0.0,0.0,0.0,0.0,0.0,0.0,0.0,0.0,0.0,0.0,0.0,0.0,0.0
3567,0,0,0,0,0.0,0.0,0.0,0.0,0.0,0.0,0.0,0.0,0.0,0.0,0.0,0.0,0.0,0.0,0.0,0.0,0.0,0.0,0.0,0.0,0.0,0.0,0.0,0.0,0.0,0.0,0.0,0.0
3568,0,0,0,0,0.0,0.0,0.0,0.0,0.0,0.0,0.0,0.0,0.0,0.0,0.0,0.0,0.0,0.0,0.0,0.0,0.0,0.0,0.0,0.0,0.0,0.0,0.0,0.0,0.0,0.0,0.0,0.0
3569,0,0,0,0,0.0,0.0,0.0,0.0,0.0,0.0,0.0,0.0,0.0,0.0,0.0,0.0,0.0,0.0,0.0,0.0,0.0,0.0,0.0,0.0,0.0,0.0,0.0,0.0,0.0,0.0,0.0,0.0
3570,0,0,0,0,0.0,0.0,0.0,0.0,0.0,0.0,0.0,0.0,0.0,0.0,0.0,0.0,0.0,0.0,0.0,0.0,0.0,0.0,0.0,0.0,0.0,0.0,0.0,0.0,0.0,0.0,0.0,0.0
3571,0,0,0,0,0.0,0.0,0.0,0.0,0.0,0.0,0.0,0.0,0.0,0.0,0.0,0.0,0.0,0.0,0.0,0.0,0.0,0.0,0.0,0.0,0.0,0.0,0.0,0.0,0.0,0.0,0.0,0.0
3572,0,0,0,0,0.0,0.0,0.0,0.0,0.0,0.0,0.0,0.0,0.0,0.0,0.0,0.0,0.0,0.0,0.0,0.0,0.0,0.0,0.0,0.0,0.0,0.0,0.0,0.0,0.0,0.0,0.0,0.0
3573,0,0,0,0,0.0,0.0,0.0,0.0,0.0,0.0,0.0,0.0,0.0,0.0,0.0,0.0,0.0,0.0,0.0,0.0,0.0,0.0,0.0,0.0,0.0,0.0,0.0,0.0,0.0,0.0,0.0,0.0
3574,0,0,0,0,0.0,0.0,0.0,0.0,0.0,0.0,0.0,0.0,0.0,0.0,0.0,0.0,0.0,0.0,0.0,0.0,0.0,0.0,0.0,0.0,0.0,0.0,0.0,0.0,0.0,0.0,0.0,0.0
3575,0,0,0,0,0.0,0.0,0.0,0.0,0.0,0.0,0.0,0.0,0.0,0.0,0.0,0.0,0.0,0.0,0.0,0.0,0.0,0.0,0.0,0.0,0.0,0.0,0.0,0.0,0.0,0.0,0.0,0.0
3576,0,0,0,0,0.0,0.0,0.0,0.0,0.0,0.0,0.0,0.0,0.0,0.0,0.0,0.0,0.0,0.0,0.0,0.0,0.0,0.0,0.0,0.0,0.0,0.0,0.0,0.0,0.0,0.0,0.0,0.0
3577,0,0,0,0,0.0,0.0,0.0,0.0,0.0,0.0,0.0,0.0,0.0,0.0,0.0,0.0,0.0,0.0,0.0,0.0,0.0,0.0,0.0,0.0,0.0,0.0,0.0,0.0,0.0,0.0,0.0,0.0
3578,0,0,0,0,0.0,0.0,0.0,0.0,0.0,0.0,0.0,0.0,0.0,0.0,0.0,0.0,0.0,0.0,0.0,0.0,0.0,0.0,0.0,0.0,0.0,0.0,0.0,0.0,0.0,0.0,0.0,0.0
3579,0,0,0,0,0.0,0.0,0.0,0.0,0.0,0.0,0.0,0.0,0.0,0.0,0.0,0.0,0.0,0.0,0.0,0.0,0.0,0.0,0.0,0.0,0.0,0.0,0.0,0.0,0.0,0.0,0.0,0.0
3580,0,0,0,0,0.0,0.0,0.0,0.0,0.0,0.0,0.0,0.0,0.0,0.0,0.0,0.0,0.0,0.0,0.0,0.0,0.0,0.0,0.0,0.0,0.0,0.0,0.0,0.0,0.0,0.0,0.0,0.0
3581,0,0,0,0,0.0,0.0,0.0,0.0,0.0,0.0,0.0,0.0,0.0,0.0,0.0,0.0,0.0,0.0,0.0,0.0,0.0,0.0,0.0,0.0,0.0,0.0,0.0,0.0,0.0,0.0,0.0,0.0
3582,0,0,0,0,0.0,0.0,0.0,0.0,0.0,0.0,0.0,0.0,0.0,0.0,0.0,0.0,0.0,0.0,0.0,0.0,0.0,0.0,0.0,0.0,0.0,0.0,0.0,0.0,0.0,0.0,0.0,0.0
3583,0,0,0,0,0.0,0.0,0.0,0.0,0.0,0.0,0.0,0.0,0.0,0.0,0.0,0.0,0.0,0.0,0.0,0.0,0.0,0.0,0.0,0.0,0.0,0.0,0.0,0.0,0.0,0.0,0.0,0.0
3584,0,0,0,0,0.0,0.0,0.0,0.0,0.0,0.0,0.0,0.0,0.0,0.0,0.0,0.0,0.0,0.0,0.0,0.0,0.0,0.0,0.0,0.0,0.0,0.0,0.0,0.0,0.0,0.0,0.0,0.0
3585,0,0,0,0,0.0,0.0,0.0,0.0,0.0,0.0,0.0,0.0,0.0,0.0,0.0,0.0,0.0,0.0,0.0,0.0,0.0,0.0,0.0,0.0,0.0,0.0,0.0,0.0,0.0,0.0,0.0,0.0
3586,0,0,0,0,0.0,0.0,0.0,0.0,0.0,0.0,0.0,0.0,0.0,0.0,0.0,0.0,0.0,0.0,0.0,0.0,0.0,0.0,0.0,0.0,0.0,0.0,0.0,0.0,0.0,0.0,0.0,0.0
3587,0,0,0,0,0.0,0.0,0.0,0.0,0.0,0.0,0.0,0.0,0.0,0.0,0.0,0.0,0.0,0.0,0.0,0.0,0.0,0.0,0.0,0.0,0.0,0.0,0.0,0.0,0.0,0.0,0.0,0.0
3588,0,0,0,0,0.0,0.0,0.0,0.0,0.0,0.0,0.0,0.0,0.0,0.0,0.0,0.0,0.0,0.0,0.0,0.0,0.0,0.0,0.0,0.0,0.0,0.0,0.0,0.0,0.0,0.0,0.0,0.0
3589,0,0,0,0,0.0,0.0,0.0,0.0,0.0,0.0,0.0,0.0,0.0,0.0,0.0,0.0,0.0,0.0,0.0,0.0,0.0,0.0,0.0,0.0,0.0,0.0,0.0,0.0,0.0,0.0,0.0,0.0
3590,0,0,0,0,0.0,0.0,0.0,0.0,0.0,0.0,0.0,0.0,0.0,0.0,0.0,0.0,0.0,0.0,0.0,0.0,0.0,0.0,0.0,0.0,0.0,0.0,0.0,0.0,0.0,0.0,0.0,0.0
3591,0,0,0,0,0.0,0.0,0.0,0.0,0.0,0.0,0.0,0.0,0.0,0.0,0.0,0.0,0.0,0.0,0.0,0.0,0.0,0.0,0.0,0.0,0.0,0.0,0.0,0.0,0.0,0.0,0.0,0.0
3592,0,0,0,0,0.0,0.0,0.0,0.0,0.0,0.0,0.0,0.0,0.0,0.0,0.0,0.0,0.0,0.0,0.0,0.0,0.0,0.0,0.0,0.0,0.0,0.0,0.0,0.0,0.0,0.0,0.0,0.0
3593,0,0,0,0,0.0,0.0,0.0,0.0,0.0,0.0,0.0,0.0,0.0,0.0,0.0,0.0,0.0,0.0,0.0,0.0,0.0,0.0,0.0,0.0,0.0,0.0,0.0,0.0,0.0,0.0,0.0,0.0
3594,0,0,0,0,0.0,0.0,0.0,0.0,0.0,0.0,0.0,0.0,0.0,0.0,0.0,0.0,0.0,0.0,0.0,0.0,0.0,0.0,0.0,0.0,0.0,0.0,0.0,0.0,0.0,0.0,0.0,0.0
3595,0,0,0,0,0.0,0.0,0.0,0.0,0.0,0.0,0.0,0.0,0.0,0.0,0.0,0.0,0.0,0.0,0.0,0.0,0.0,0.0,0.0,0.0,0.0,0.0,0.0,0.0,0.0,0.0,0.0,0.0
3596,0,0,0,0,0.0,0.0,0.0,0.0,0.0,0.0,0.0,0.0,0.0,0.0,0.0,0.0,0.0,0.0,0.0,0.0,0.0,0.0,0.0,0.0,0.0,0.0,0.0,0.0,0.0,0.0,0.0,0.0
3597,0,0,0,0,0.0,0.0,0.0,0.0,0.0,0.0,0.0,0.0,0.0,0.0,0.0,0.0,0.0,0.0,0.0,0.0,0.0,0.0,0.0,0.0,0.0,0.0,0.0,0.0,0.0,0.0,0.0,0.0
3598,0,0,0,0,0.0,0.0,0.0,0.0,0.0,0.0,0.0,0.0,0.0,0.0,0.0,0.0,0.0,0.0,0.0,0.0,0.0,0.0,0.0,0.0,0.0,0.0,0.0,0.0,0.0,0.0,0.0,0.0
3599,0,0,0,0,0.0,0.0,0.0,0.0,0.0,0.0,0.0,0.0,0.0,0.0,0.0,0.0,0.0,0.0,0.0,0.0,0.0,0.0,0.0,0.0,0.0,0.0,0.0,0.0,0.0,0.0,0.0,0.0
3600,0,0,0,0,0.0,0.0,0.0,0.0,0.0,0.0,0.0,0.0,0.0,0.0,0.0,0.0,0.0,0.0,0.0,0.0,0.0,0.0,0.0,0.0,0.0,0.0,0.0,0.0,0.0,0.0,0.0,0.0
3601,0,0,0,0,441.0,343.9,0.0,0.0,354.0,278.9,0.0,0.0,0.0,0.0,0.0,0.0,0.0,0.0,0.0,0.0,0.0,0.0,0.0,0.0,0.0,0.0,0.0,0.0,0.0,278.9,354.0,0.0
3602,0,0,0,0,6397.1,3901.7,0.0,0.0,5133.0,2904.1,0.0,0.0,0.0,0.0,0.0,0.0,0.0,0.0,0.0,0.0,0.0,0.0,0.0,0.0,0.0,0.0,0.0,0.0,0.0,2904.1,5133.0,0.0
3603,0,0,0,0,560.9,1021.9,0.0,0.0,528.9,989.9,0.0,0.0,0.0,0.0,0.0,0.0,0.0,0.0,0.0,0.0,0.0,0.0,0.0,0.0,0.0,0.0,0.0,0.0,0.0,989.9,528.9,0.0
3604,0,0,0,0,17947.9,14796.0,0.0,0.0,10585.2,8572.0,0.0,0.0,0.0,0.0,0.0,0.0,0.0,0.0,0.0,0.0,0.0,0.0,0.0,0.0,0.0,0.0,0.0,0.0,0.0,8572.0,10585.2,0.0
3605,0,0,0,0,2142.8,1378.1,0.0,0.0,1821.4,969.9,0.0,0.0,0.0,0.0,0.0,0.0,0.0,0.0,0.0,0.0,0.0,0.0,0.0,0.0,0.0,0.0,0.0,0.0,0.0,969.9,1821.4,0.0
3606,0,0,0,0,10289.2,11924.8,0.0,0.0,7256.3,9527.1,0.0,0.0,0.0,0.0,0.0,0.0,0.0,0.0,0.0,0.0,0.0,0.0,0.0,0.0,0.0,0.0,0.0,0.0,0.0,9527.1,7256.3,0.0
3607,0,0,0,0,1839.1,594.2,0.0,0.0,1712.1,492.2,0.0,0.0,0.0,0.0,0.0,0.0,0.0,0.0,0.0,0.0,0.0,0.0,0.0,0.0,0.0,0.0,0.0,0.0,0.0,492.2,1712.1,0.0
3608,0,0,0,0,6810.5,2169.3,0.0,0.0,6355.1,1738.0,0.0,0.0,0.0,0.0,0.0,0.0,0.0,0.0,0.0,0.0,0.0,0.0,0.0,0.0,0.0,0.0,0.0,0.0,0.0,1738.0,6355.1,0.0
3609,0,0,0,0,14318.3,9334.0,0.0,0.0,10745.8,4912.5,0.0,0.0,0.0,0.0,0.0,0.0,0.0,0.0,0.0,0.0,0.0,0.0,0.0,0.0,0.0,0.0,0.0,0.0,0.0,4912.5,10745.8,0.0
3610,0,0,0,0,54.4,68.4,0.0,0.0,42.4,60.4,0.0,0.0,0.0,0.0,0.0,0.0,0.0,0.0,0.0,0.0,0.0,0.0,0.0,0.0,0.0,0.0,0.0,0.0,0.0,60.4,42.4,0.0
3611,0,0,0,0,0.0,0.0,0.0,0.0,0.0,0.0,0.0,0.0,0.0,0.0,0.0,0.0,0.0,0.0,0.0,0.0,0.0,0.0,0.0,0.0,0.0,0.0,0.0,0.0,0.0,0.0,0.0,0.0
3612,0,0,0,0,44555.9,19999.7,0.0,0.0,37846.6,13664.0,0.0,0.0,0.0,0.0,0.0,0.0,0.0,0.0,0.0,0.0,0.0,0.0,0.0,0.0,0.0,0.0,0.0,0.0,0.0,13664.0,37846.6,0.0
3613,0,0,0,0,362.3,36.6,0.0,0.0,355.3,0.0,0.0,0.0,0.0,0.0,0.0,0.0,0.0,0.0,0.0,0.0,0.0,0.0,0.0,0.0,0.0,0.0,0.0,0.0,0.0,0.0,355.3,0.0
3614,0,0,0,0,35023.7,27475.5,0.0,0.0,28150.5,21157.4,0.0,0.0,0.0,0.0,0.0,0.0,0.0,0.0,0.0,0.0,0.0,0.0,0.0,0.0,0.0,0.0,0.0,0.0,0.0,21157.4,28150.5,0.0
3615,0,0,0,0,200.1,248.4,0.0,0.0,184.3,235.6,0.0,0.0,0.0,0.0,0.0,0.0,0.0,0.0,0.0,0.0,0.0,0.0,0.0,0.0,0.0,0.0,0.0,0.0,0.0,235.6,184.3,0.0
3616,0,0,0,0,144.2,457.2,0.0,0.0,111.2,381.2,0.0,0.0,0.0,0.0,0.0,0.0,0.0,0.0,0.0,0.0,0.0,0.0,0.0,0.0,0.0,0.0,0.0,0.0,0.0,381.2,111.2,0.0
3617,0,0,0,0,1305.7,304.2,0.0,0.0,1067.3,211.4,0.0,0.0,0.0,0.0,0.0,0.0,0.0,0.0,0.0,0.0,0.0,0.0,0.0,0.0,0.0,0.0,0.0,0.0,0.0,211.4,1067.3,0.0
3618,0,0,0,0,569.8,1555.6,0.0,0.0,515.6,1420.6,0.0,0.0,0.0,0.0,0.0,0.0,0.0,0.0,0.0,0.0,0.0,0.0,0.0,0.0,0.0,0.0,0.0,0.0,0.0,1420.6,515.6,0.0
3619,0,0,0,0,92.9,223.1,0.0,0.0,83.8,210.0,0.0,0.0,0.0,0.0,0.0,0.0,0.0,0.0,0.0,0.0,0.0,0.0,0.0,0.0,0.0,0.0,0.0,0.0,0.0,210.0,83.8,0.0
3620,0,0,0,0,10189.9,9997.0,0.0,0.0,7486.4,7223.1,0.0,0.0,0.0,0.0,0.0,0.0,0.0,0.0,0.0,0.0,0.0,0.0,0.0,0.0,0.0,0.0,0.0,0.0,0.0,7223.1,7486.4,0.0
3621,0,0,0,0,0.0,367.6,0.0,0.0,0.0,366.6,0.0,0.0,0.0,0.0,0.0,0.0,0.0,0.0,0.0,0.0,0.0,0.0,0.0,0.0,0.0,0.0,0.0,0.0,0.0,366.6,0.0,0.0
3622,0,0,0,0,0.0,147.2,0.0,0.0,0.0,120.4,0.0,0.0,0.0,0.0,0.0,0.0,0.0,0.0,0.0,0.0,0.0,0.0,0.0,0.0,0.0,0.0,0.0,0.0,0.0,120.4,0.0,0.0
3623,0,0,0,0,4946.3,5424.7,0.0,0.0,2391.3,3697.7,0.0,0.0,0.0,0.0,0.0,0.0,0.0,0.0,0.0,0.0,0.0,0.0,0.0,0.0,0.0,0.0,0.0,0.0,0.0,3697.7,2391.3,0.0
3624,0,0,0,0,819.5,1026.5,0.0,0.0,26.4,232.3,0.0,0.0,0.0,0.0,0.0,0.0,0.0,0.0,0.0,0.0,0.0,0.0,0.0,0.0,0.0,0.0,0.0,0.0,0.0,232.3,26.4,0.0
3625,0,0,0,0,67.6,67.8,0.0,0.0,53.4,52.6,0.0,0.0,0.0,0.0,0.0,0.0,0.0,0.0,0.0,0.0,0.0,0.0,0.0,0.0,0.0,0.0,0.0,0.0,0.0,52.6,53.4,0.0
3626,0,0,0,0,2711.1,733.2,0.0,0.0,2283.1,607.1,0.0,0.0,0.0,0.0,0.0,0.0,0.0,0.0,0.0,0.0,0.0,0.0,0.0,0.0,0.0,0.0,0.0,0.0,0.0,607.1,2283.1,0.0
3627,0,0,0,0,163.2,164.8,0.0,0.0,125.0,126.0,0.0,0.0,0.0,0.0,0.0,0.0,0.0,0.0,0.0,0.0,0.0,0.0,0.0,0.0,0.0,0.0,0.0,0.0,0.0,126.0,125.0,0.0
3628,0,0,0,0,18276.5,13984.3,0.0,0.0,9871.8,7340.8,0.0,0.0,0.0,0.0,0.0,0.0,0.0,0.0,0.0,0.0,0.0,0.0,0.0,0.0,0.0,0.0,0.0,0.0,0.0,7340.8,9871.8,0.0
3629,0,0,0,0,2623.2,1029.8,0.0,0.0,2477.2,935.8,0.0,0.0,0.0,0.0,0.0,0.0,0.0,0.0,0.0,0.0,0.0,0.0,0.0,0.0,0.0,0.0,0.0,0.0,0.0,935.8,2477.2,0.0
