Bin,HBW,HBShp,HBOth,HBSch_Pr,HBSch_Sc,NHBW,NHBNW,IX,IX_LT,IX_MD,IX_HV,XI,XI_LT,XI_MD,XI_HV,II_LT_D2D,II_LT_HnS,II_LT_Lcl,II_LT_Reg,II_LT_LHl,II_LT_Unk,II_MD_D2D,II_MD_HnS,II_MD_Lcl,II_MD_Reg,II_MD_LHl,II_MD_Unk,II_HV_D2D,II_HV_HnS,II_HV_Lcl,II_HV_Reg,II_HV_LHl,II_HV_Unk
         0,              0,              0,              0,              0,              0,              0,              0,              0,              0,              0,              0,              0,              0,              0,              0,              0,              0,              0,              0,              0,              0,              0,              0,              0,              0,              0,              0,              0,              0,              0,              0,              0,              0
         1,              0,              0,              0,              0,              0,              0,              0,              0,              0,              0,              0,              0,              0,              0,              0,              0,              0,              0,              0,              0,              0,              0,              0,              0,              0,              0,              0,              0,              0,              0,              0,              0,              0
         2,        4975.81,        1339.31,       17495.60,        3021.21,        1086.61,        9496.61,       13482.91,              0,              0,              0,              0,           0.25,              0,              0,              0,       63663.64,         869.77,        1770.65,         448.37,         243.30,         970.18,          92.58,        1010.79,        2233.99,          81.91,          49.50,         199.58,          68.89,          15.32,         407.20,          18.29,          18.16,          73.62
         3,       13584.32,       11577.53,      168683.62,       30239.36,       10512.43,       27022.04,       51628.85,              0,              0,              0,              0,              0,              0,              0,              0,       91124.53,        1539.45,        3678.85,         725.74,         346.73,        1975.17,         183.00,        3419.67,        5012.50,         238.01,         103.89,         469.86,         205.63,          90.63,         843.04,          68.57,          64.82,         239.62
         4,       21558.30,       21910.00,      177125.52,       23233.63,       10300.14,       24433.74,       80842.68,           0.06,              0,              0,              0,           8.02,              0,           0.01,              0,       64430.50,        2399.55,        5531.78,        1119.64,         580.24,        2575.06,         322.09,        3800.72,        3971.46,         169.77,          36.43,         325.09,         132.74,         104.11,         346.25,          29.94,          26.29,         106.51
         5,       30961.59,       42367.13,      304711.74,       53880.81,       25219.62,       28736.14,       90430.48,           0.39,              0,           0.25,           0.07,          24.36,              0,           0.28,           0.22,       42564.17,        2256.59,        5671.90,        1033.65,         490.96,        2581.21,         165.28,        3014.63,        4285.00,         135.46,          47.52,         322.83,          75.93,          93.95,         303.15,          21.45,          19.11,          93.76
         6,       37529.62,       52714.54,      302139.42,       50466.03,       27481.83,       30935.39,       98231.69,           1.30,              0,           0.25,              0,          51.78,              0,           0.43,           0.13,       10864.98,        2492.08,        6299.11,        1156.96,         549.45,        2729.28,          84.76,        2490.93,        6365.64,         150.92,          84.23,         514.25,          46.13,         128.47,         496.71,          29.62,          24.47,         121.47
         7,       49224.56,       70530.95,      327084.35,       39284.42,       26251.86,       43805.31,      132593.66,           0.35,              0,           1.59,           0.44,          24.08,              0,           0.89,           0.57,       10074.66,        3406.02,        8823.86,        1572.38,         792.45,        3563.82,         122.91,        3421.17,        6376.46,         187.13,          75.04,         518.05,          67.59,         109.63,         550.40,          41.85,          28.28,         117.59
         8,       49872.54,       71617.55,      312847.88,       22236.35,       24048.17,       42442.37,      119994.94,           5.94,              0,           1.24,           0.43,          86.17,              0,           1.81,           0.60,        7519.37,        3350.02,        8534.24,        1511.28,         723.17,        3401.89,         146.05,        3573.32,        5521.19,         200.18,          67.67,         433.03,          62.65,          50.89,         440.73,          33.79,          20.50,          80.84
         9,       47994.23,       71215.09,      301095.15,       16579.68,       27007.36,       36825.21,      106008.61,          51.26,              0,           5.93,           1.89,         243.99,              0,           6.40,           2.27,        6678.58,        2910.33,        7819.01,        1422.35,         672.89,        3153.03,         172.89,        4140.61,        5311.90,         243.10,          63.31,         412.37,          86.14,          69.98,         445.31,          49.71,          30.64,         107.89
        10,       47810.20,       65383.95,      277970.26,       14439.96,       28664.04,       34712.74,       95345.70,         234.36,              0,           8.35,           1.97,         304.90,              0,          15.60,           4.36,        6498.69,        2775.35,        7598.82,        1405.53,         629.97,        3064.22,         190.19,        4178.15,        4686.72,         251.55,          55.27,         356.33,          76.33,          54.16,         369.72,          35.95,          22.39,          81.83
        11,       49635.97,       63647.70,      248593.55,       16414.33,       31424.52,       38768.75,       97585.71,         196.46,              0,           7.17,           1.28,         261.10,              0,          12.70,           2.49,        6268.08,        3081.40,        8028.42,        1467.89,         683.95,        3131.77,         185.77,        4350.37,        4435.47,         225.79,          50.58,         319.98,          85.08,          60.36,         391.23,          44.01,          27.49,          94.09
        12,       49990.76,       57073.52,      224255.96,       15517.57,       28957.44,       36792.02,       87792.49,         684.19,              0,          50.04,           3.91,         654.35,              0,          54.62,           5.29,        5574.02,        2653.61,        7415.31,        1349.65,         620.01,        2846.44,         146.31,        4098.39,        4343.97,         229.12,          57.84,         324.65,          81.22,          48.61,         355.41,          34.29,          21.88,          75.86
        13,       45903.97,       48418.22,      201968.24,       13257.98,       19069.00,       27567.04,       66873.01,         591.22,              0,         119.94,           8.93,         375.97,              0,         134.52,          10.55,        5097.79,        2601.81,        6804.83,        1307.45,         535.41,        2677.27,         141.05,        4255.60,        4293.67,         246.28,          54.59,         316.56,          90.76,          50.29,         374.84,          37.27,          23.34,          83.43
        14,       45701.37,       42392.81,      177041.05,       10758.21,       12182.05,       21709.86,       54159.02,        1031.33,              0,          52.94,           5.41,         806.29,              0,          63.56,           7.46,        4788.30,        2285.05,        6141.33,        1238.02,         505.70,        2470.77,         126.02,        4004.27,        3893.99,         232.46,          48.57,         285.15,          89.42,          48.03,         360.76,          33.19,          21.20,          77.85
        15,       46270.15,       35983.96,      162433.23,        6483.40,       10700.87,       33720.38,       68781.81,         991.71,              0,          58.45,           2.51,        1122.14,              0,          73.94,           7.03,        4169.47,        2175.22,        5963.98,        1136.78,         473.95,        2297.14,         132.02,        4062.65,        3575.40,         244.68,          55.94,         271.56,          88.87,          39.21,         302.87,          29.73,          18.98,          72.50
        16,       45839.88,       31330.46,      143516.88,        3518.47,       10351.39,       25573.94,       53843.24,        1726.71,              0,          42.25,           5.02,        1702.37,              0,          65.31,           7.10,        3852.29,        1984.93,        5409.30,        1079.45,         431.91,        2124.96,         115.95,        3497.36,        3296.24,         217.91,          50.70,         259.01,          88.06,          35.18,         282.39,          27.47,          17.17,          65.96
        17,       43624.34,       27082.30,      125831.42,        3162.15,        8967.31,       21291.75,       43684.50,        1138.00,              0,         109.55,          12.65,        2107.54,              0,         117.82,          18.18,        3368.38,        1718.14,        4836.96,         986.73,         383.16,        1910.68,         117.71,        4097.85,        3023.09,         232.39,          42.23,         227.12,          82.08,          34.78,         278.39,          26.58,          16.38,          61.93
        18,       42626.29,       23713.62,      113319.57,        2723.47,        7236.01,       19195.30,       38002.33,         869.96,              0,          26.38,           8.39,        2403.27,              0,          40.12,          11.89,        2993.45,        1600.94,        4445.94,         925.85,         350.12,        1744.85,          98.34,        3484.63,        2825.60,         203.68,          40.04,         210.18,          81.30,          34.37,         243.29,          25.99,          16.27,          59.83
        19,       42157.65,       18053.74,      102679.29,        2323.04,        5902.38,       20853.67,       39332.12,        1150.31,              0,          44.69,           4.76,        4056.17,              0,          55.33,           9.33,        2797.09,        1406.49,        4008.06,         856.21,         323.16,        1588.70,          97.74,        3616.20,        2625.84,         214.79,          33.77,         189.48,          64.05,          30.82,         220.48,          21.10,          13.38,          47.89
        20,       42660.60,       15842.24,       88547.53,        1969.70,        4984.16,       17848.12,       33245.52,         684.35,              0,          45.68,          20.52,        3700.14,              0,          69.11,          24.48,        2387.32,        1264.77,        3631.12,         790.98,         301.53,        1466.23,          90.59,        3352.71,        2382.28,         205.98,          32.89,         169.14,          62.39,          27.54,         195.93,          18.27,          11.52,          43.60
        21,       43232.32,       14108.87,       83499.59,        1712.60,        4359.01,       16260.49,       28955.89,         884.32,              0,          84.13,          10.35,        3597.79,              0,         113.91,          19.05,        2208.52,        1226.93,        3464.51,         757.30,         265.08,        1373.19,          80.35,        3168.54,        2089.95,         183.96,          24.19,         143.97,          60.07,          22.48,         159.18,          15.09,           9.25,          35.97
        22,       43123.79,       12035.83,       74446.73,        1478.08,        3452.78,       14169.50,       25268.62,         519.11,              0,          62.21,          22.51,        1893.68,              0,          85.14,          27.09,        1912.55,        1050.90,        3056.54,         678.55,         242.06,        1218.66,          73.22,        2945.05,        1968.86,         171.12,          23.03,         138.43,          63.94,          19.35,         142.11,          13.00,           7.91,          32.09
        23,       39605.10,       10096.27,       66676.31,        1270.08,        2994.20,       14660.04,       25172.18,         413.87,              0,          91.91,          18.18,        2523.68,              0,         105.34,          23.95,        1681.14,         968.32,        2855.84,         647.79,         237.77,        1138.76,          73.65,        2860.45,        1750.77,         176.48,          22.24,         121.00,          61.56,          21.83,         140.67,          13.32,           7.63,          30.31
        24,       36100.19,        8020.10,       60711.32,        1132.94,        2442.60,       12913.35,       21700.75,         439.54,              0,          54.22,          29.56,        1613.22,              0,          63.18,          32.31,        1489.38,         891.10,        2645.52,         611.94,         223.65,        1061.21,          75.05,        2786.65,        1533.98,         166.59,          17.21,         101.61,          57.35,          17.95,         114.21,          11.88,           7.01,          26.10
        25,       35799.73,        7235.25,       55373.78,         956.37,        1999.82,       12209.57,       19674.04,         692.95,              0,          46.67,          25.26,        3202.42,              0,          64.05,          28.68,        1253.43,         773.20,        2365.42,         553.52,         192.65,         947.39,          63.12,        2478.65,        1481.39,         146.97,          18.51,         101.85,          53.20,          14.00,          92.21,           8.47,           4.95,          21.51
        26,       33547.04,        6421.81,       50404.10,         824.04,        1729.52,       11473.16,       18247.90,         696.25,              0,          27.85,          14.86,        2684.88,              0,          35.96,          24.58,        1104.29,         710.20,        2197.59,         510.31,         169.71,         868.99,          61.61,        2421.86,        1315.45,         145.79,          14.80,          87.02,          56.23,          18.21,          99.58,          11.01,           6.66,          27.83
        27,       32521.75,        5260.03,       46289.31,         768.26,        1458.87,       10167.61,       16010.49,         639.69,              0,          98.54,          83.01,        2627.38,              0,         110.63,          78.35,        1031.65,         656.91,        2076.46,         495.93,         176.14,         831.07,          59.41,        2390.89,        1227.65,         143.03,          11.85,          77.56,          39.81,          14.51,          84.36,           9.11,           5.41,          20.01
        28,       32322.28,        4628.89,       42629.17,         645.99,        1260.01,       10435.47,       15534.33,         962.57,              0,         110.20,          47.20,        2920.00,              0,         117.70,          51.18,         873.39,         597.53,        1918.47,         459.01,         158.89,         755.39,          57.15,        2201.94,        1119.21,         128.59,          10.67,          71.12,          35.98,          11.02,          62.80,           6.75,           3.85,          14.51
        29,       31579.83,        4000.22,       39706.79,         607.99,        1071.36,        9086.95,       13458.86,         689.22,              0,         109.80,          38.49,        2512.53,              0,         111.98,          47.41,         752.51,         546.91,        1790.23,         430.18,         145.86,         704.28,          55.20,        2064.84,        1015.59,         119.48,           8.84,          60.35,          36.73,          11.32,          58.73,           7.38,           4.35,          14.10
        30,       29520.35,        3420.20,       38314.47,         553.58,         958.75,        9095.21,       13120.57,        1079.48,              0,         119.53,         106.84,        4036.32,              0,         131.39,         113.44,         652.63,         499.63,        1672.88,         404.28,         136.32,         654.75,          52.47,        1828.91,         929.94,         105.25,           8.33,          57.81,          35.13,           9.90,          55.19,           6.07,           3.38,          11.93
        31,       28721.08,        3187.40,       34211.98,         478.63,         752.36,        8214.95,       11591.30,         963.09,              0,          70.21,          35.74,        2108.12,              0,          81.38,          49.14,         610.20,         467.73,        1603.69,         389.43,         138.36,         629.28,          50.82,        1685.00,         895.89,          95.06,           8.30,          56.47,          35.58,           8.60,          49.24,           5.12,           2.72,          10.26
        32,       26791.56,        2609.64,       33705.34,         417.53,         676.14,        7765.10,       10523.32,        1135.08,              0,         149.87,         101.92,        4290.00,              0,         151.61,         107.51,         534.74,         415.96,        1461.80,         357.67,         117.91,         568.18,          47.20,        1599.27,         808.32,          92.91,           7.35,          52.10,          29.65,           8.09,          44.09,           4.98,           2.38,           8.96
        33,       25085.62,        2359.86,       29298.29,         398.87,         568.45,        7687.08,       10255.51,         863.11,              0,          81.24,         106.39,        3178.54,              0,         108.91,         118.17,         451.66,         409.62,        1421.27,         349.15,         118.31,         548.10,          48.06,        1561.15,         798.48,          84.62,           6.15,          51.92,          27.80,           6.91,          35.76,           4.62,           2.31,           7.68
        34,       22966.53,        2086.47,       27086.36,         346.91,         566.37,        7389.84,        9410.10,         949.19,              0,         152.53,          45.87,        3919.01,              0,         153.69,          58.95,         433.70,         383.26,        1359.08,         338.99,         113.73,         525.18,          43.30,        1438.27,         764.16,          80.95,           4.96,          48.06,          24.12,           5.99,          30.93,           3.95,           1.90,           6.52
        35,       22668.73,        1804.46,       25004.08,         323.15,         507.05,        6557.68,        8487.88,        1255.22,              0,         145.56,         111.50,        4220.03,              0,         179.29,         133.54,         390.55,         366.98,        1322.73,         318.28,         112.63,         502.52,          40.64,        1355.99,         718.86,          73.65,           4.37,          45.55,          26.23,           6.38,          27.64,           3.96,           2.08,           6.38
        36,       21349.71,        1757.12,       23612.99,         292.20,         448.79,        6369.75,        8139.86,        1204.09,              0,         232.04,          90.06,        3350.41,              0,         217.05,         105.17,         356.47,         326.66,        1226.49,         302.72,         105.03,         471.58,          41.08,        1305.99,         689.98,          75.67,           5.57,          42.38,          24.47,           5.97,          25.01,           3.50,           1.85,           6.19
        37,       19776.62,        1585.45,       21588.03,         265.56,         450.57,        6252.29,        7646.89,        1192.18,              0,         115.14,         240.30,        2589.35,              0,         152.15,         249.65,         257.76,         331.16,        1217.71,         298.26,         119.83,         474.79,          39.96,        1198.41,         655.38,          75.73,           4.23,          38.26,          26.07,           6.20,          23.18,           4.07,           2.29,           8.01
        38,       19048.86,        1361.18,       20222.13,         237.86,         379.64,        5713.58,        7046.89,        1345.98,              0,         218.95,         197.24,        3879.90,              0,         234.73,         209.66,         201.20,         315.88,        1127.49,         293.06,          99.37,         444.53,          36.40,        1103.00,         623.00,          70.60,           3.45,          37.86,          22.04,           5.14,          18.64,           3.72,           2.08,           5.70
        39,       17811.82,        1269.75,       18894.06,         231.31,         378.93,        5580.65,        6548.43,        1233.53,              0,         137.43,         140.28,        3145.94,              0,         146.67,         145.84,         220.44,         279.86,        1094.17,         266.58,          93.40,         405.39,          34.88,        1062.55,         583.52,          66.89,           3.70,          34.66,          20.97,           5.29,          17.55,           3.45,           1.88,           5.36
        40,       17131.25,        1113.47,       17926.99,         211.52,         358.06,        5336.65,        6139.85,        1201.07,              0,          82.17,          86.38,        4025.57,              0,         106.47,         128.96,         167.72,         262.42,        1057.65,         257.78,          84.65,         379.43,          37.11,        1035.45,         583.16,          66.20,           3.56,          33.71,          20.06,           5.42,          19.48,           3.75,           2.06,           5.87
        41,       16115.42,        1024.98,       16829.08,         180.90,         301.46,        5054.26,        5831.78,        1338.92,              0,         183.17,          87.44,        3417.08,              0,         209.76,          96.14,         139.93,         254.97,        1020.47,         244.88,          82.79,         364.19,          31.23,         923.23,         552.51,          59.58,           3.38,          29.10,          18.35,           5.18,          17.79,           4.15,           2.38,           5.67
        42,       15535.82,        1010.49,       15776.38,         162.76,         317.30,        4780.11,        5509.08,        1545.50,              0,         137.12,         113.66,        3369.35,              0,         152.46,         150.92,         134.97,         235.29,         967.99,         238.14,          74.70,         340.46,          35.95,         969.23,         550.41,          66.75,           3.31,          28.15,          15.15,           4.10,          14.78,           2.91,           1.60,           4.90
        43,       14568.22,         876.78,       14940.37,         166.31,         304.55,        4527.00,        5092.54,        1686.85,              0,         170.32,         105.78,        2994.43,              0,         192.02,         118.76,         130.94,         225.20,         949.59,         232.23,          71.22,         327.92,          32.48,         900.48,         515.17,          66.48,           3.21,          26.19,          15.44,           4.04,          16.96,           2.75,           1.41,           4.96
        44,       13680.71,         853.97,       13972.49,         149.21,         276.32,        4249.99,        4688.30,        1123.02,              0,         160.23,         114.10,        2739.23,              0,         190.61,         152.30,         164.32,         209.26,         905.26,         222.39,          67.46,         302.75,          35.34,         920.60,         514.54,          68.28,           2.89,          26.42,          16.47,           4.77,          16.58,           3.82,           1.81,           5.27
        45,       13154.95,         776.30,       13163.33,         136.71,         272.90,        4227.29,        4614.30,        1282.01,              0,         138.24,         125.31,        1948.56,              0,         154.37,         156.40,         113.49,         209.06,         886.31,         219.84,          68.93,         300.78,          32.95,         817.45,         506.66,          64.40,           3.76,          26.71,          13.96,           4.08,          16.00,           3.06,           1.52,           4.95
        46,       12879.57,         712.15,       12685.64,         128.58,         290.62,        3897.85,        4210.95,        1510.44,              0,         141.59,         131.75,        1819.93,              0,         170.10,         148.16,          85.93,         184.03,         806.89,         204.74,          61.57,         267.41,          27.74,         707.56,         475.43,          56.06,           3.00,          24.70,          14.92,           4.21,          14.19,           3.49,           1.55,           4.93
        47,       12229.64,         647.92,       11702.80,         125.38,         234.69,        3844.58,        4182.64,        1334.59,              0,         152.67,          97.62,        1738.35,              0,         185.44,         135.93,          26.29,         181.68,         790.94,         201.05,          62.06,         264.39,          24.47,         617.31,         471.04,          51.94,           2.62,          23.93,          13.21,           3.46,          11.69,           2.71,           1.15,           3.95
        48,       11575.02,         641.19,       11375.09,         123.20,         268.54,        3766.53,        3748.99,        1030.33,              0,         107.86,         145.58,        1294.69,              0,         133.69,         182.62,           0.67,         177.62,         782.82,         194.92,          61.18,         256.13,          23.22,         591.06,         463.43,          48.37,           2.71,          22.58,          13.18,           3.90,          12.98,           3.70,           1.62,           4.54
        49,       11050.24,         541.47,       11103.33,         102.76,         246.33,        3391.45,        3559.28,        1500.47,              0,          96.61,         123.53,        1480.43,              0,         101.52,         141.29,           0.03,         164.90,         756.27,         190.80,          61.28,         243.11,          21.32,         580.33,         458.15,          47.50,           2.68,          23.52,          12.48,           3.05,          11.00,           2.74,           1.00,           3.75
        50,       10285.66,         603.46,       10127.17,          95.45,         222.81,        3240.55,        3319.19,        1130.52,              0,         139.04,          87.69,        1389.82,              0,         173.26,          92.26,              0,         166.18,         743.66,         193.36,          61.65,         238.16,          21.67,         562.33,         466.93,          45.96,           2.94,          23.89,          11.17,           3.46,          11.28,           3.16,           1.14,           3.79
        51,        9289.00,         531.95,        9228.15,          94.10,         251.52,        3004.83,        3062.69,        1240.42,              0,          76.07,         160.17,        1192.43,              0,         123.13,         211.48,              0,         160.30,         714.85,         188.92,          60.05,         230.06,          17.41,         446.25,         415.47,          39.33,           3.03,          20.20,          10.64,           3.08,          10.76,           2.61,           0.99,           3.58
        52,        8520.67,         506.58,        9119.73,          79.46,         237.48,        3000.87,        3074.55,        1496.88,              0,         123.47,         124.18,        1270.01,              0,         133.36,         171.60,              0,         151.69,         689.46,         178.08,          60.46,         226.39,          18.11,         445.22,         417.82,          38.45,           3.04,          20.47,           7.75,           3.35,          11.03,           2.83,           1.13,           3.50
        53,        8244.96,         487.12,        8551.38,          82.68,         222.15,        2835.56,        2890.66,        1225.51,              0,          59.91,         127.72,        1248.73,              0,         109.42,         158.82,              0,         148.57,         660.58,         171.45,          57.74,         220.24,          17.28,         440.78,         418.85,          39.27,           4.03,          21.74,           7.47,           3.30,          11.09,           2.87,           1.16,           3.40
        54,        7956.71,         461.60,        8397.37,          77.19,         228.56,        2653.72,        2778.49,        1331.17,              0,          67.68,          72.58,        1382.11,              0,          94.52,         105.58,              0,         135.24,         619.76,         159.47,          53.35,         207.17,          15.50,         398.56,         392.91,          33.19,           2.96,          19.87,           7.72,           3.87,          12.16,           3.57,           1.36,           4.39
        55,        7554.21,         431.22,        7641.13,          70.54,         184.17,        2610.25,        2630.64,        1294.19,              0,          89.72,         103.35,         875.02,              0,         123.45,         155.88,              0,         133.76,         594.76,         154.89,          51.42,         200.11,          14.89,         356.05,         377.24,          31.99,           3.27,          19.25,           6.18,           3.35,          13.00,           2.85,           1.00,           3.60
        56,        6949.23,         399.24,        7303.91,          71.25,         164.60,        2405.56,        2574.30,        1244.74,              0,         119.73,          85.68,        1168.58,              0,         113.69,         124.98,              0,         124.67,         575.86,         151.36,          48.38,         188.15,          13.36,         333.55,         372.86,          29.21,           3.43,          18.30,           7.01,           3.72,          13.03,           3.64,           1.38,           4.10
        57,        6452.83,         369.51,        7113.91,          64.40,         152.73,        2539.37,        2369.96,        1084.55,              0,         106.40,         148.07,         870.88,              0,         149.50,         201.28,              0,         116.41,         558.15,         147.67,          47.41,         184.37,          12.00,         316.31,         359.44,          27.51,           3.38,          16.94,           8.34,           4.07,          14.07,           3.82,           1.43,           4.90
        58,        6572.72,         369.68,        6659.73,          62.33,         152.79,        2270.55,        2283.49,        1141.09,              0,         101.71,         147.18,         842.85,              0,         119.06,         212.61,              0,         108.16,         530.18,         142.35,          41.86,         174.60,          12.96,         356.36,         350.13,          29.61,           3.10,          15.93,           6.25,           2.87,          12.25,           2.80,           1.08,           3.68
        59,        5979.44,         349.80,        6614.43,          52.00,         142.42,        2188.74,        2148.95,        1051.93,              0,          76.33,         107.92,         607.47,              0,         120.40,         138.90,              0,         110.09,         519.62,         140.98,          42.85,         173.66,           9.94,         288.37,         329.41,          22.97,           3.04,          15.79,           6.14,           2.95,          12.78,           2.73,           1.02,           3.78
        60,        5764.27,         337.61,        6047.69,          56.17,         135.79,        2120.12,        2034.98,         825.33,              0,         100.94,          75.15,         679.44,              0,         140.05,         128.05,              0,         109.44,         504.59,         138.74,          39.74,         165.03,           7.84,         244.40,         336.95,          19.10,           2.64,          15.61,           5.23,           2.76,          12.31,           2.46,           0.89,           3.30
        61,        5390.51,         319.34,        5823.51,          50.94,         138.16,        2060.91,        1907.81,         924.07,              0,          69.98,         106.36,         553.16,              0,          99.88,         145.22,              0,         106.73,         479.73,         136.71,          41.24,         160.01,           8.39,         253.67,         326.37,          21.27,           2.27,          14.87,           4.62,           2.74,          14.79,           2.20,           0.71,           2.80
        62,        5121.61,         282.16,        5667.39,          45.50,         126.03,        1935.41,        1893.02,         893.85,              0,          75.26,          74.39,         683.44,              0,         117.21,         110.30,              0,         109.42,         457.79,         138.47,          44.38,         156.09,           8.84,         247.36,         311.95,          17.29,           1.80,          14.35,           4.50,           1.99,          10.85,           1.64,           0.52,           2.21
        63,        4882.19,         263.68,        5377.84,          44.39,         130.43,        1909.59,        1835.50,         795.89,              0,          59.00,          88.24,         629.48,              0,          92.82,          97.86,              0,         104.40,         433.04,         133.25,          38.30,         142.29,           8.57,         229.87,         308.43,          18.23,           2.06,          13.07,           4.29,           2.26,          10.20,           1.49,           0.48,           2.00
        64,        4933.77,         271.50,        4928.56,          43.36,         115.33,        1776.98,        1727.61,         756.95,              0,          58.03,          57.78,         615.76,              0,          76.65,         102.61,              0,         111.21,         446.03,         134.86,          40.73,         142.15,           8.22,         243.90,         282.23,          16.64,           1.49,          11.17,           3.96,           2.09,          10.91,           1.42,           0.55,           2.42
        65,        4478.35,         299.76,        4806.69,          41.03,         101.65,        1816.80,        1710.10,         848.00,              0,          34.50,          76.18,         577.33,              0,          65.93,          92.08,              0,         106.98,         431.26,         135.13,          38.31,         134.05,           6.57,         162.81,         277.97,          12.38,           1.30,          10.70,           3.62,           1.28,           8.09,           1.08,           0.34,           1.69
        66,        3966.40,         290.00,        4540.75,          39.75,         109.07,        1790.48,        1649.70,         865.59,              0,          38.70,          48.03,         542.95,              0,          51.45,          67.21,              0,         105.24,         425.11,         130.02,          36.06,         125.95,           5.28,         134.27,         260.27,          11.21,           1.42,           9.37,           3.22,           1.91,           9.33,           1.22,           0.26,           1.76
        67,        3867.92,         302.94,        4588.53,          37.01,          86.33,        1650.74,        1519.44,         833.89,              0,          53.41,          33.55,         607.87,              0,          78.50,          44.61,              0,         102.55,         424.31,         128.41,          38.07,         121.57,           5.85,         144.36,         260.48,           9.99,           1.30,           9.73,           2.88,           1.25,           8.19,           0.84,           0.21,           1.31
        68,        3609.68,         294.27,        4127.30,          33.65,          82.16,        1561.30,        1425.05,         641.71,              0,          43.02,          45.13,         622.72,              0,          63.53,          55.98,              0,          94.34,         410.55,         127.23,          35.80,         117.24,           4.78,         131.25,         244.72,           9.66,           1.31,           9.25,           3.10,           1.41,           6.92,           0.99,           0.31,           1.30
        69,        3419.58,         279.31,        4260.23,          32.43,          74.82,        1550.06,        1365.50,         706.35,              0,          59.61,          28.47,         645.23,              0,          88.70,          35.63,              0,          93.48,         399.02,         126.17,          35.61,         115.84,           4.35,         106.32,         230.65,           7.27,           1.16,           8.09,           3.66,           1.59,           7.26,           1.25,           0.42,           1.88
        70,        3356.57,         270.35,        3762.54,          32.11,          68.88,        1429.81,        1276.99,         620.77,              0,          62.76,          53.21,         631.92,              0,          88.63,          63.40,              0,          90.62,         395.42,         122.30,          34.62,         112.03,           3.85,         116.93,         217.39,           8.56,           0.54,           7.02,           3.02,           1.28,           7.33,           0.83,           0.18,           1.26
        71,        3162.88,         256.86,        3557.66,          31.87,          61.17,        1386.92,        1181.20,         669.68,              0,          41.05,          56.56,         470.11,              0,          64.17,          65.75,              0,          89.03,         389.47,         119.82,          35.23,         112.32,           4.40,         160.90,         213.29,          11.20,           0.88,           6.89,           3.55,           1.24,           5.95,           0.86,           0.25,           1.27
        72,        2732.83,         258.84,        3489.48,          31.10,          55.29,        1418.65,        1194.79,         558.11,              0,          41.21,          45.21,         531.98,              0,          66.84,          54.37,              0,          87.53,         384.74,         121.91,          34.84,         110.67,           3.92,         100.28,         206.45,           7.26,           0.66,           6.80,           3.05,           1.00,           5.34,           0.73,           0.28,           1.06
        73,        2781.10,         267.73,        3501.59,          32.83,          57.07,        1339.77,        1129.09,         631.07,              0,          50.72,          35.50,         561.62,              0,          61.05,          45.37,              0,          85.21,         372.84,         120.86,          36.97,         109.52,           4.32,          96.98,         203.18,           7.55,           0.69,           6.71,           2.70,           0.96,           6.12,           0.77,           0.21,           1.21
        74,        2657.18,         250.67,        3115.96,          24.61,          54.98,        1254.09,        1065.26,         567.15,              0,          43.78,          48.07,         486.89,              0,          56.52,          56.84,              0,          83.63,         365.20,         118.45,          35.01,         105.77,           3.80,          95.48,         200.23,           7.94,           0.66,           6.83,           3.27,           0.91,           5.29,           0.66,           0.32,           1.02
        75,        2469.98,         260.29,        3213.23,          26.36,          49.36,        1151.08,        1033.13,         621.33,              0,          54.03,          61.21,         427.81,              0,          60.29,          63.62,              0,          77.03,         349.11,         109.08,          29.46,          98.79,           5.14,         102.31,         203.59,           8.18,           0.67,           6.47,           3.16,           1.21,           6.92,           1.04,           0.34,           1.19
        76,        2347.43,         268.19,        2987.20,          25.73,          51.02,        1135.55,         958.58,         548.49,              0,          53.25,          61.14,         501.81,              0,          69.22,          64.90,              0,          76.51,         338.05,         108.96,          30.64,          97.11,           5.41,         101.28,         199.87,           8.93,           0.86,           6.95,           2.76,           0.74,           6.03,           0.58,           0.12,           0.80
        77,        2201.82,         250.35,        2909.39,          26.53,          46.06,        1094.09,         963.97,         542.78,              0,          34.46,          51.57,         412.08,              0,          43.16,          57.58,              0,          76.89,         330.20,         107.33,          31.71,          95.83,           4.60,         112.06,         190.66,           9.77,           0.80,           6.02,           2.70,           1.28,           7.18,           0.93,           0.48,           1.17
        78,        2085.05,         278.52,        2760.28,          27.07,          40.77,        1034.08,         895.55,         543.63,              0,          41.52,          41.53,         542.46,              0,          54.58,          40.52,              0,          69.48,         316.31,          97.77,          30.27,          88.66,           5.24,         115.58,         181.92,          10.20,           0.67,           5.99,           2.88,           1.34,           7.31,           1.05,           0.55,           1.30
        79,        1967.54,         270.70,        2756.35,          28.04,          16.50,         953.88,         847.42,         546.13,              0,          53.52,          55.93,         471.39,              0,          67.67,          62.33,              0,          65.48,         303.27,          95.06,          26.45,          84.48,           5.97,         119.93,         187.57,          10.14,           0.76,           5.85,           2.61,           1.01,           6.87,           0.78,           0.35,           1.01
        80,        1967.23,         246.97,        2659.05,          28.58,           5.31,         944.65,         804.39,         445.33,              0,          28.33,          60.80,         548.51,              0,          35.40,          60.85,              0,          59.03,         287.59,          90.65,          26.32,          80.36,           5.46,         130.03,         180.48,          11.12,           0.76,           5.94,           1.98,           1.13,           7.95,           0.73,           0.37,           1.05
        81,        2000.18,         244.97,        2392.72,          24.45,           3.70,         920.93,         753.00,         419.14,              0,          33.49,          21.73,         588.94,              0,          42.86,          21.87,              0,          59.58,         276.29,          88.16,          24.02,          76.42,           5.44,         119.31,         175.49,          11.39,           0.92,           6.07,           2.33,           1.18,           8.52,           0.91,           0.40,           1.20
        82,        1903.79,         228.70,        2344.61,          25.25,           1.96,         818.24,         727.06,         533.45,              0,          35.89,          18.25,         589.16,              0,          43.23,          25.48,              0,          54.34,         270.63,          82.68,          23.97,          73.91,           6.20,         141.49,         171.06,          13.10,           1.12,           5.66,           2.04,           1.36,           9.35,           1.00,           0.57,           1.44
        83,        1878.95,         254.82,        2246.67,          24.06,           1.14,         821.25,         651.29,         524.61,              0,          27.90,          18.18,         435.26,              0,          32.24,          26.75,              0,          50.99,         251.73,          78.82,          20.91,          69.37,           5.72,         118.42,         167.44,          11.41,           0.83,           5.40,           1.78,           1.41,           8.66,           1.04,           0.45,           1.38
        84,        1824.07,         265.45,        2178.71,          24.03,           0.33,         765.59,         664.94,         437.84,              0,          25.30,          15.29,         383.59,              0,          46.24,          20.75,              0,          50.53,         249.34,          79.90,          22.82,          69.53,           6.63,         136.57,         169.13,          13.04,           1.15,           6.00,           2.23,           1.42,           8.96,           1.00,           0.44,           1.55
        85,        1803.84,         267.26,        2178.77,          22.36,           0.01,         805.80,         649.13,         408.60,              0,          25.62,          17.13,         391.06,              0,          33.75,          21.82,              0,          42.39,         224.40,          69.99,          19.36,          59.67,           6.31,         140.73,         172.96,          14.25,           1.20,           5.50,           2.06,           1.31,          10.33,           0.82,           0.41,           1.45
        86,        1710.80,         242.43,        2237.20,          20.50,              0,         806.80,         616.05,         406.26,              0,          21.83,          12.40,         302.75,              0,          35.56,          14.43,              0,          39.90,         209.98,          69.20,          17.68,          56.98,           6.13,         157.63,         179.16,          15.63,           1.43,           6.01,           2.27,           2.04,          12.42,           1.28,           0.75,           1.88
        87,        1648.09,         242.41,        1846.05,          23.20,              0,         758.93,         599.66,         384.97,              0,          22.82,          10.06,         310.80,              0,          31.09,          14.39,              0,          38.98,         199.08,          63.40,          17.05,          55.05,           6.01,         146.69,         175.59,          15.23,           1.47,           5.27,           2.38,           1.98,          11.94,           1.72,           0.95,           2.00
        88,        1493.75,         239.88,        1951.19,          18.06,              0,         703.18,         558.77,         318.85,              0,          30.82,          11.41,         231.95,              0,          36.01,          13.52,              0,          34.11,         186.19,          58.03,          16.33,          50.30,           5.83,         141.86,         169.23,          14.68,           1.41,           5.38,           2.32,           2.03,          10.14,           1.59,           1.03,           2.15
        89,        1514.99,         224.09,        1854.39,          18.95,              0,         698.66,         538.79,         256.56,              0,          26.11,          14.69,         318.85,              0,          34.94,          15.04,              0,          27.63,         169.02,          54.04,          16.15,          45.02,           6.01,         155.58,         168.62,          17.48,           1.52,           5.63,           1.93,           1.86,          11.65,           1.43,           0.90,           2.13
        90,        1440.05,         235.24,        1815.21,          17.20,              0,         666.27,         514.15,         364.37,              0,          18.21,           8.64,         248.76,              0,          29.03,          12.48,              0,          27.21,         159.94,          51.42,          13.16,          42.14,           6.54,         178.91,         181.80,          20.36,           2.09,           6.24,           1.98,           1.93,          12.03,           1.53,           0.92,           2.44
        91,        1415.45,         233.71,        1753.30,          16.88,              0,         644.23,         493.94,         361.20,              0,          18.80,           7.62,         240.56,              0,          25.16,          10.30,              0,          26.17,         153.57,          47.43,          13.71,          40.20,           6.00,         184.28,         167.79,          18.65,           1.78,           5.48,           1.89,           2.43,          12.40,           1.89,           1.47,           2.80
        92,        1336.38,         228.74,        1599.48,          18.24,              0,         569.32,         486.74,         327.24,              0,          17.50,          10.47,         158.17,              0,          22.07,          11.43,              0,          25.49,         147.49,          46.14,          14.97,          39.69,           5.57,         188.78,         165.60,          16.59,           1.63,           5.25,           1.78,           2.52,          12.95,           2.19,           1.60,           2.99
        93,        1307.18,         234.75,        1540.83,          16.32,              0,         604.08,         463.10,         389.22,              0,          23.66,           8.04,         179.89,              0,          21.11,           8.29,              0,          22.24,         138.24,          44.31,          14.84,          37.80,           4.75,         134.84,         156.98,          13.72,           1.11,           4.61,           1.70,           1.92,          12.40,           1.54,           1.01,           2.47
        94,        1309.99,         229.78,        1525.35,          12.15,              0,         566.40,         459.59,         383.27,              0,          18.92,           9.34,         178.79,              0,          25.56,           9.07,              0,          20.31,         125.93,          42.03,          12.10,          33.30,           4.59,         151.55,         160.67,          16.71,           1.48,           5.09,           1.64,           1.56,          12.20,           1.15,           0.87,           2.04
        95,        1330.58,         235.52,        1474.16,          14.45,              0,         547.58,         453.38,         447.40,              0,          25.64,           8.27,         110.39,              0,          20.31,           9.14,              0,          18.02,         118.72,          37.97,          11.14,          31.06,           5.36,         165.51,         156.10,          17.96,           1.70,           5.42,           1.37,           1.57,          10.19,           1.23,           0.80,           2.10
        96,        1241.61,         192.42,        1373.87,          11.02,              0,         502.91,         448.26,         362.91,              0,          23.43,          11.33,         101.05,              0,          29.27,           7.95,              0,          20.03,         113.97,          39.92,          10.29,          30.79,           4.20,         165.06,         153.16,          17.36,           1.60,           5.24,           1.32,           1.82,          11.97,           1.37,           0.96,           2.19
        97,        1172.72,         171.24,        1356.55,          13.73,              0,         490.92,         382.50,         376.11,              0,          20.09,          18.85,          99.15,              0,          28.98,          13.86,              0,          12.44,          96.81,          31.36,           7.52,          23.28,           4.29,         139.69,         144.49,          13.89,           1.11,           4.74,           1.29,           1.63,          11.93,           1.21,           0.86,           2.22
        98,        1169.00,         167.30,        1229.86,          12.24,              0,         447.91,         396.70,         339.43,              0,          18.34,          11.47,         138.47,              0,          25.32,          10.90,              0,          11.26,          91.59,          30.48,           7.02,          22.49,           3.29,         137.29,         139.39,          15.07,           1.35,           4.34,           1.12,           1.91,          11.05,           1.44,           0.99,           2.20
        99,        1052.65,         163.53,        1262.92,          10.74,              0,         434.73,         389.26,         438.52,              0,          18.75,          12.00,          95.00,              0,          20.65,          10.88,              0,          11.35,          87.40,          28.88,           7.14,          21.06,           3.63,         141.78,         134.29,          13.76,           1.19,           4.35,           0.92,           1.66,          11.00,           1.24,           0.86,           2.37
       100,         931.68,         160.52,        1222.89,           9.98,              0,         467.10,         392.55,         372.87,              0,          24.62,          13.18,          63.46,              0,          29.53,           9.90,              0,           9.93,          79.99,          25.67,           8.16,          20.35,           2.58,         120.33,         129.06,          11.70,           0.89,           3.94,           0.55,           1.68,           9.72,           1.36,           1.03,           2.09
       101,         871.16,         175.52,        1240.86,           8.72,              0,         431.00,         350.39,         346.23,              0,          22.18,          25.62,          59.49,              0,          29.35,          17.51,              0,           8.00,          73.07,          25.78,           7.56,          18.81,           3.56,         134.25,         130.57,          13.42,           1.11,           4.10,           0.67,           1.36,           9.59,           1.17,           0.92,           1.84
       102,         822.39,         171.32,        1184.77,           9.26,              0,         396.30,         341.12,         351.01,              0,          21.25,          13.60,          54.52,              0,          25.17,          14.49,              0,           8.04,          72.56,          27.11,           7.64,          18.97,           2.51,         124.74,         123.43,          12.21,           0.99,           3.65,           0.50,           0.97,           8.36,           0.66,           0.49,           1.42
       103,         757.53,         156.27,        1217.85,           9.52,              0,         377.70,         321.46,         350.58,              0,          18.59,          19.40,          76.19,              0,          28.93,          15.45,              0,           8.71,          71.41,          23.38,           6.46,          17.68,           2.08,         111.24,         118.15,           9.63,           0.61,           3.46,           0.54,           1.29,           9.08,           0.84,           0.67,           1.60
       104,         768.51,         167.59,        1197.54,           9.23,              0,         376.34,         322.16,         375.20,              0,          19.71,          21.78,          40.79,              0,          22.29,          21.11,              0,           6.13,          60.82,          22.29,           5.55,          15.86,           1.90,         112.33,         114.73,          10.95,           0.86,           3.58,           0.21,           1.15,           9.35,           0.86,           0.65,           1.64
       105,         682.55,         147.40,        1084.80,           7.35,              0,         364.39,         288.92,         260.93,              0,          31.85,          19.39,          35.14,              0,          38.28,          19.30,              0,           6.13,          58.10,          22.44,           4.30,          14.96,           2.19,         115.21,         115.50,          11.17,           0.84,           3.82,           0.16,           0.88,           8.35,           0.65,           0.52,           1.34
       106,         682.66,         163.53,        1035.40,           5.50,              0,         328.80,         276.79,         250.57,              0,          26.43,          30.73,          32.81,              0,          35.38,          26.26,              0,           4.83,          53.83,          19.15,           4.00,          13.28,           1.49,          96.29,         102.01,           8.78,           0.64,           2.92,           0.16,           1.12,           8.48,           0.72,           0.59,           1.41
       107,         683.05,         103.66,         990.20,           6.39,              0,         321.27,         268.10,         232.70,              0,          19.21,          44.30,          35.61,              0,          26.23,          32.70,              0,           4.25,          48.88,          18.37,           3.55,          12.12,           1.42,          96.46,          98.31,           8.35,           0.52,           2.75,           0.23,           0.90,           7.59,           0.68,           0.52,           1.31
       108,         652.19,          89.67,         848.17,           6.27,              0,         322.11,         258.96,         247.11,              0,          24.92,          25.14,          24.63,              0,          27.09,          33.02,              0,           3.13,          45.37,          17.97,           3.16,          11.08,           1.08,          94.64,          98.84,           8.97,           0.60,           2.90,           0.05,           0.59,           7.21,           0.38,           0.32,           1.07
       109,         676.16,          76.56,         841.72,           6.39,              0,         290.61,         238.08,         234.63,              0,          25.68,          30.67,          29.26,              0,          30.98,          30.12,              0,           2.87,          42.06,          15.87,           2.54,          10.04,           0.81,          94.40,          88.90,           8.08,           0.38,           2.17,           0.01,           0.63,           6.78,           0.42,           0.31,           1.09
       110,         637.96,          69.67,         819.00,           6.29,              0,         274.40,         230.03,         234.02,              0,          25.27,          60.10,          26.57,              0,          33.98,          56.28,              0,           1.95,          38.03,          14.35,           2.38,           8.56,           0.91,          88.56,          84.57,           8.09,           0.48,           2.25,           0.02,           0.66,           6.69,           0.39,           0.27,           1.04
       111,         561.68,          69.26,         714.35,           5.88,              0,         283.11,         201.33,         233.55,              0,          27.27,          56.76,          30.57,              0,          38.20,          66.64,              0,           1.78,          32.90,          13.49,           2.15,           7.67,           0.82,          84.10,          80.06,           7.59,           0.48,           2.42,              0,           0.59,           6.19,           0.38,           0.32,           1.16
       112,         509.52,          62.07,         779.20,           4.31,              0,         258.41,         225.77,         231.65,              0,          18.36,          74.29,          26.20,              0,          22.69,          87.09,              0,           1.08,          31.35,          13.16,           2.39,           7.08,           0.59,          79.79,          77.86,           6.72,           0.31,           1.82,              0,           0.49,           6.30,           0.25,           0.16,           0.98
       113,         490.23,          58.32,         736.44,           4.13,              0,         279.20,         196.54,         255.30,              0,          21.12,          41.13,          36.45,              0,          21.79,          57.71,              0,           1.02,          28.52,          12.47,           1.96,           7.08,           0.36,          77.50,          76.80,           7.45,           0.45,           2.30,              0,           0.40,           5.04,           0.20,           0.22,           0.76
       114,         453.35,          57.75,         709.80,           3.20,              0,         244.45,         181.91,         190.23,              0,          17.44,          40.05,          36.67,              0,          24.67,          55.59,              0,           0.83,          27.40,          11.40,           1.88,           6.03,           0.44,          69.77,          67.41,           6.89,           0.34,           1.82,              0,           0.34,           5.04,           0.25,           0.22,           0.85
       115,         449.73,          51.07,         688.61,           2.73,              0,         200.40,         146.71,         209.93,              0,          20.17,          60.08,          42.68,              0,          25.67,          79.10,              0,           0.43,          24.08,          10.51,           1.21,           4.88,           0.56,          68.16,          67.28,           6.43,           0.45,           2.04,              0,           0.55,           5.07,           0.40,           0.34,           1.23
       116,         458.74,          55.54,         689.06,           2.67,              0,         205.04,         157.11,         186.58,              0,          15.42,          45.17,          33.98,              0,          18.28,          70.57,              0,           0.35,          21.93,          10.97,           1.45,           4.75,           0.36,          66.43,          63.34,           6.22,           0.42,           2.17,              0,           0.53,           4.71,           0.32,           0.30,           1.07
       117,         400.79,          49.36,         604.32,           3.41,              0,         187.44,         139.46,         198.36,              0,          16.58,          52.55,          36.05,              0,          24.48,          56.65,              0,           0.02,          19.03,           9.10,           0.75,           3.80,           0.28,          59.89,          61.09,           5.88,           0.35,           1.78,              0,           0.38,           3.97,           0.13,           0.17,           0.69
       118,         428.31,          44.93,         544.32,           2.91,              0,         174.63,         129.20,         243.32,              0,          15.36,          75.16,          60.44,              0,          18.08,          77.60,              0,           0.12,          17.66,           9.24,           1.11,           3.82,           0.10,          63.96,          57.54,           6.05,           0.34,           1.73,              0,           0.42,           4.38,           0.30,           0.28,           0.96
       119,         402.15,          40.08,         515.04,           1.87,              0,         170.43,         125.28,         162.04,              0,          12.04,          50.30,          31.25,              0,          18.37,          98.54,              0,              0,          16.62,           8.98,           1.46,           3.98,           0.28,          58.82,          58.15,           5.93,           0.44,           2.28,              0,           0.42,           3.94,           0.32,           0.36,           1.21
       120,         419.44,          35.27,         515.94,           1.68,              0,         145.60,         106.14,         152.33,              0,          13.44,          78.57,          39.94,              0,          19.13,          81.61,              0,              0,          14.15,           8.92,           0.83,           3.02,           0.04,          49.05,          53.20,           4.58,           0.38,           2.32,              0,           0.56,           3.45,           0.45,           0.48,           1.12
       121,         383.62,          33.88,         453.08,           1.34,              0,         137.59,          90.96,         189.97,              0,          15.80,          34.11,          68.69,              0,          22.53,          47.80,              0,              0,          11.79,           7.64,           0.70,           2.66,           0.06,          53.70,          51.43,           4.66,           0.27,           2.23,              0,           0.62,           3.72,           0.41,           0.51,           1.18
       122,         355.93,          35.69,         439.89,           0.96,              0,         117.00,          88.10,         197.25,              0,          17.21,          45.52,          79.55,              0,          20.10,          49.74,              0,              0,          11.29,           6.75,           0.51,           2.91,              0,          51.23,          46.53,           4.76,           0.39,           1.79,              0,           0.39,           3.37,           0.22,           0.27,           0.88
       123,         384.60,          33.95,         445.35,           0.82,              0,         126.25,          82.50,         153.04,              0,          19.44,          41.93,          57.55,              0,          22.40,          58.43,              0,              0,           9.26,           6.14,           0.70,           2.23,           0.03,          44.83,          48.95,           4.54,           0.31,           2.01,              0,           0.33,           3.38,           0.21,           0.26,           0.98
       124,         319.44,          29.64,         413.01,           1.20,              0,         123.40,          75.23,         184.12,              0,          14.21,         105.68,         134.74,              0,          21.41,          93.08,              0,              0,           7.95,           5.05,           0.47,           1.51,              0,          50.20,          48.32,           4.68,           0.44,           2.41,              0,           0.43,           3.27,           0.27,           0.33,           0.89
       125,         316.89,          27.04,         408.40,           0.05,              0,         105.51,          97.91,         196.95,              0,          11.92,          94.08,         209.35,              0,          18.43,         107.23,              0,              0,           7.09,           5.09,           0.32,           1.52,              0,          44.97,          45.15,           4.29,           0.30,           2.01,              0,           0.27,           2.93,           0.12,           0.16,           0.82
       126,         277.31,          22.95,         358.45,           0.08,              0,         178.52,          64.72,         189.33,              0,          17.98,          65.41,         140.93,              0,          17.47,         100.27,              0,              0,           5.29,           4.77,           0.28,           1.08,              0,          41.36,          47.50,           4.51,           0.33,           2.38,              0,           0.50,           3.38,           0.31,           0.32,           1.05
       127,         279.19,          22.86,         410.33,           0.01,              0,         101.38,          51.58,         168.34,              0,          18.05,          81.41,         146.79,              0,          25.82,          84.56,              0,              0,           4.75,           4.25,           0.39,           1.11,              0,          42.36,          49.13,           4.33,           0.53,           2.41,              0,           0.66,           3.97,           0.28,           0.35,           1.08
       128,         256.25,          20.29,         434.79,              0,              0,          81.12,          49.71,         172.92,              0,          13.87,          88.40,         162.17,              0,          18.07,         110.79,              0,              0,           3.70,           3.63,           0.17,           0.78,              0,          38.49,          47.69,           3.77,           0.51,           2.32,              0,           0.65,           3.18,           0.33,           0.45,           1.16
       129,         259.15,          22.73,         326.84,              0,              0,          84.46,          46.33,         172.66,              0,          15.24,          61.84,         169.84,              0,          18.97,         138.01,              0,              0,           3.13,           3.59,           0.19,           0.74,              0,          37.31,          50.96,           3.99,           0.67,           3.03,              0,           0.63,           3.98,           0.35,           0.42,           1.10
       130,         225.63,          19.05,         365.74,              0,              0,          78.14,          48.21,         131.55,              0,          15.58,          89.15,         107.04,              0,          21.15,         107.27,              0,              0,           2.53,           3.67,           0.20,           0.71,              0,          33.46,          50.28,           3.79,           0.51,           2.78,              0,           0.56,           3.39,           0.29,           0.39,           1.15
       131,         199.54,          19.46,         340.48,              0,              0,          82.65,          35.44,         147.18,              0,          21.90,          82.98,         139.54,              0,          25.99,         151.65,              0,              0,           1.29,           2.63,           0.10,           0.35,              0,          31.21,          47.99,           3.00,           0.44,           2.62,              0,           0.73,           3.67,           0.41,           0.54,           1.45
       132,         225.54,          16.22,         320.27,              0,              0,          69.55,          37.68,         123.02,              0,          16.18,         139.25,         125.84,              0,          22.25,         160.94,              0,              0,           1.01,           2.03,           0.11,           0.30,              0,          33.96,          48.57,           3.38,           0.46,           2.39,              0,           0.88,           4.19,           0.50,           0.71,           1.52
       133,         171.93,          15.82,         324.93,              0,              0,          68.22,          27.79,         117.86,              0,          19.05,         154.79,         191.11,              0,          28.13,         197.36,              0,              0,           1.03,           1.85,           0.10,           0.33,              0,          28.70,          44.48,           3.00,           0.42,           2.18,              0,           0.54,           3.55,           0.24,           0.32,           1.13
       134,         159.02,          15.16,         303.81,              0,              0,          60.46,          24.92,         143.18,              0,          18.99,         122.40,         159.94,              0,          18.08,         183.20,              0,              0,           0.54,           2.14,           0.04,           0.19,              0,          29.08,          47.37,           2.78,           0.64,           2.78,              0,           0.55,           3.89,           0.30,           0.43,           1.18
       135,         149.82,          13.79,         282.34,              0,              0,          48.81,          19.86,         140.54,              0,          23.12,         139.73,         192.08,              0,          39.15,         159.86,              0,              0,           0.31,           1.04,           0.02,           0.13,              0,          20.76,          43.27,           1.78,           0.49,           2.62,              0,           0.67,           3.73,           0.42,           0.50,           1.31
       136,         135.64,          13.50,         255.09,              0,              0,          48.70,          16.42,         147.66,              0,          17.07,         156.50,         140.51,              0,          21.76,         176.56,              0,              0,           0.14,           1.20,              0,           0.07,              0,          24.18,          47.61,           2.16,           0.51,           3.08,              0,           0.40,           3.50,           0.13,           0.21,           0.90
       137,         131.37,          11.69,         233.17,              0,              0,          44.99,          12.73,         120.90,              0,          18.15,         159.41,         134.26,              0,          25.58,         195.16,              0,              0,           0.02,           1.35,              0,           0.10,              0,          24.99,          46.54,           1.84,           0.47,           2.73,              0,           0.90,           3.84,           0.44,           0.69,           1.45
       138,         115.72,          12.35,         213.67,              0,              0,          36.21,           8.72,         111.56,              0,          17.90,         136.77,         125.76,              0,          26.58,         206.58,              0,              0,              0,           1.09,              0,           0.02,              0,          26.64,          44.85,           1.89,           0.45,           2.94,              0,           0.70,           3.51,           0.25,           0.42,           1.17
       139,         111.86,          10.98,         202.04,              0,              0,          33.75,           6.60,         109.25,              0,          15.46,         130.94,         106.81,              0,          19.70,         165.69,              0,              0,              0,           0.83,              0,           0.04,              0,          19.72,          42.23,           1.48,           0.44,           2.48,              0,           0.69,           3.36,           0.43,           0.60,           1.49
       140,         107.72,           8.87,         179.46,              0,              0,          30.09,           5.57,          96.47,              0,          12.31,         182.51,         100.14,              0,          21.32,         164.76,              0,              0,              0,           1.17,              0,              0,              0,          13.05,          42.58,           1.02,           0.59,           2.79,              0,           0.72,           3.52,           0.32,           0.45,           1.47
       141,          92.86,           7.31,         164.97,              0,              0,          31.72,           3.15,         115.55,              0,          15.42,         115.71,         144.42,              0,          17.88,         203.52,              0,              0,              0,           0.66,              0,              0,              0,          12.97,          43.11,           0.71,           0.42,           2.74,              0,           0.79,           3.16,           0.28,           0.50,           1.40
       142,          87.26,           6.19,         161.92,              0,              0,          23.77,           1.57,         108.82,              0,          15.55,         118.05,         112.84,              0,          23.31,         131.56,              0,              0,              0,           0.39,              0,              0,              0,          12.09,          43.39,           1.01,           0.46,           2.48,              0,           0.95,           3.39,           0.45,           0.72,           1.53
       143,          73.51,           5.57,         150.83,              0,              0,          25.35,           0.41,         125.38,              0,          15.01,         166.68,          79.15,              0,          21.34,         242.52,              0,              0,              0,           0.48,              0,              0,              0,          13.29,          42.24,           1.04,           0.63,           2.54,              0,           0.89,           3.74,           0.31,           0.49,           1.27
       144,          61.79,           4.24,         140.15,              0,              0,          18.89,           0.24,          93.81,              0,          13.51,          78.71,          65.15,              0,          19.56,         115.32,              0,              0,              0,           0.26,              0,              0,              0,           8.36,          39.49,           0.50,           0.51,           2.40,              0,           0.84,           3.30,           0.45,           0.62,           1.37
       145,          61.49,           3.02,         107.92,              0,              0,          17.76,           0.02,         106.70,              0,          14.15,         100.94,          63.03,              0,          20.64,         141.97,              0,              0,              0,           0.14,              0,              0,              0,           7.83,          42.46,           0.42,           0.57,           2.71,              0,           0.80,           3.15,           0.49,           0.61,           1.31
       146,          46.80,           2.65,         101.03,              0,              0,          16.07,           0.02,          81.75,              0,           8.91,         127.65,          55.64,              0,          16.83,         139.40,              0,              0,              0,           0.10,              0,              0,              0,           9.13,          41.98,           0.54,           0.48,           2.26,              0,           0.84,           2.90,           0.50,           0.73,           1.70
       147,          38.42,           1.02,          71.62,              0,              0,          11.34,              0,          84.15,              0,           9.33,          90.06,          55.97,              0,          12.42,         159.16,              0,              0,              0,           0.18,              0,              0,              0,           9.77,          35.54,           0.74,           0.28,           1.65,              0,           1.23,           3.52,           0.68,           1.05,           1.98
       148,          31.04,           0.59,          81.02,              0,              0,           8.57,              0,          84.51,              0,           8.71,          99.75,          58.09,              0,          14.26,         111.29,              0,              0,              0,           0.06,              0,              0,              0,           6.37,          37.41,           0.35,           0.37,           1.90,              0,           1.02,           3.53,           0.54,           0.79,           1.68
       149,          28.78,           0.16,          55.02,              0,              0,          10.91,              0,          66.62,              0,           7.01,          31.63,          50.56,              0,           8.91,          59.68,              0,              0,              0,           0.06,              0,              0,              0,           7.09,          36.12,           0.44,           0.47,           1.90,              0,           0.83,           2.61,           0.57,           0.87,           1.68
       150,          23.66,           0.08,          41.91,              0,              0,           5.33,              0,          56.11,              0,           8.89,          80.05,          37.91,              0,          12.09,          70.99,              0,              0,              0,           0.04,              0,              0,              0,           6.17,          34.73,           0.41,           0.49,           1.88,              0,           0.85,           3.19,           0.56,           0.86,           1.66
       151,          20.21,              0,          58.73,              0,              0,           5.46,              0,          78.99,              0,          10.11,          71.30,          25.23,              0,          11.81,         103.55,              0,              0,              0,              0,              0,              0,              0,           6.85,          32.69,           0.32,           0.34,           1.57,              0,           0.95,           3.41,           0.76,           1.20,           1.93
       152,          20.59,              0,          24.71,              0,              0,           2.62,              0,          64.60,              0,           6.10,         118.22,          19.16,              0,          11.72,         120.31,              0,              0,              0,              0,              0,              0,              0,           5.09,          31.08,           0.40,           0.38,           1.59,              0,           1.03,           3.07,           0.74,           1.16,           2.04
       153,          15.14,              0,          20.96,              0,              0,           2.22,              0,          57.85,              0,           7.99,          84.71,          16.73,              0,          11.16,         106.05,              0,              0,              0,           0.02,              0,              0,              0,           4.33,          27.85,           0.16,           0.23,           1.17,              0,           0.64,           3.11,           0.49,           0.79,           1.72
       154,          15.58,              0,           9.50,              0,              0,           1.34,              0,          52.99,              0,           6.71,          70.81,           9.30,              0,          10.00,          90.10,              0,              0,              0,              0,              0,              0,              0,           4.55,          29.94,           0.30,           0.52,           1.57,              0,           0.65,           2.72,           0.45,           0.70,           1.67
       155,          10.64,              0,           7.00,              0,              0,           0.71,              0,          58.65,              0,           5.96,          69.96,           7.17,              0,           8.23,          90.27,              0,              0,              0,              0,              0,              0,              0,           3.28,          24.55,           0.19,           0.31,           0.97,              0,           0.87,           2.77,           0.70,           0.94,           1.70
       156,           5.73,              0,           2.51,              0,              0,           0.23,              0,          46.78,              0,           5.12,          48.10,           7.19,              0,           9.05,          83.89,              0,              0,              0,              0,              0,              0,              0,           2.56,          22.53,           0.13,           0.27,           0.82,              0,           0.77,           2.87,           0.54,           0.87,           1.74
       157,           5.83,              0,           1.60,              0,              0,           0.09,              0,          40.21,              0,           5.75,          60.71,           5.24,              0,           7.44,          55.51,              0,              0,              0,              0,              0,              0,              0,           3.15,          22.01,           0.12,           0.32,           0.79,              0,           0.63,           2.91,           0.52,           0.82,           1.64
       158,           3.00,              0,           1.08,              0,              0,           0.02,              0,          43.54,              0,           5.77,          52.58,           4.09,              0,           8.10,          68.86,              0,              0,              0,              0,              0,              0,              0,           1.88,          22.07,           0.04,           0.31,           1.11,              0,           0.51,           2.22,           0.48,           0.61,           1.18
       159,           0.90,              0,              0,              0,              0,              0,              0,          60.99,              0,           7.40,          34.10,           3.59,              0,          10.97,          67.33,              0,              0,              0,              0,              0,              0,              0,           2.02,          21.52,           0.09,           0.25,           0.80,              0,           0.56,           2.40,           0.47,           0.77,           1.50
       160,           0.39,              0,              0,              0,              0,              0,              0,          48.01,              0,           6.63,          42.92,           1.95,              0,           9.46,          57.28,              0,              0,              0,              0,              0,              0,              0,           1.37,          17.16,           0.07,           0.10,           0.50,              0,           0.79,           2.57,           0.72,           1.30,           2.18
       161,           0.14,              0,              0,              0,              0,              0,              0,          67.54,              0,           4.54,          26.46,           1.65,              0,           5.53,          38.58,              0,              0,              0,              0,              0,              0,              0,           1.13,          15.01,           0.03,           0.14,           0.39,              0,           0.73,           2.95,           0.60,           0.94,           1.80
       162,           0.05,              0,              0,              0,              0,              0,              0,          57.97,              0,           5.83,          17.52,           0.97,              0,           7.58,          37.40,              0,              0,              0,              0,              0,              0,              0,           0.80,          15.61,           0.01,           0.21,           0.44,              0,           0.37,           2.05,           0.33,           0.49,           1.10
       163,              0,              0,              0,              0,              0,              0,              0,          48.93,              0,           3.60,          61.38,           0.69,              0,           6.96,          45.25,              0,              0,              0,              0,              0,              0,              0,           0.73,          14.23,              0,           0.19,           0.51,              0,           0.32,           1.98,           0.28,           0.50,           1.14
       164,           0.01,              0,              0,              0,              0,              0,              0,          43.91,              0,           3.89,          32.82,           0.61,              0,           5.43,          59.68,              0,              0,              0,              0,              0,              0,              0,           0.78,          13.05,           0.02,           0.12,           0.32,              0,           0.41,           2.36,           0.40,           0.67,           1.48
       165,              0,              0,           1.00,              0,              0,              0,              0,          51.41,              0,           3.12,          30.06,           0.25,              0,           5.75,          19.27,              0,              0,              0,              0,              0,              0,              0,           0.58,           9.87,           0.02,           0.08,           0.14,              0,           0.56,           2.60,           0.55,           0.80,           1.60
       166,              0,              0,           1.00,              0,              0,              0,              0,          38.39,              0,           2.81,          21.33,           0.43,              0,           4.12,          26.11,              0,              0,              0,              0,              0,              0,              0,           0.61,           9.46,           0.03,           0.13,           0.18,              0,           0.36,           2.50,           0.29,           0.52,           1.34
       167,              0,              0,              0,              0,              0,              0,              0,          44.55,              0,           3.14,          17.03,           0.29,              0,           4.56,          22.87,              0,              0,              0,              0,              0,              0,              0,           0.33,           8.73,           0.02,           0.13,           0.06,              0,           0.22,           1.71,           0.23,           0.36,           0.95
       168,              0,              0,              0,              0,              0,              0,              0,          44.44,              0,           2.73,          18.01,           0.22,              0,           3.83,          12.87,              0,              0,              0,              0,              0,              0,              0,           0.54,           8.46,           0.02,           0.16,           0.15,              0,           0.29,           2.00,           0.37,           0.56,           1.28
       169,              0,              0,              0,              0,              0,              0,              0,          57.32,              0,           2.86,          12.41,           0.32,              0,           4.81,          17.98,              0,              0,              0,              0,              0,              0,              0,           0.09,           6.04,              0,           0.12,           0.06,              0,           0.36,           2.03,           0.47,           0.72,           1.52
       170,              0,              0,              0,              0,              0,              0,              0,          37.37,              0,           3.32,          12.34,           0.32,              0,           4.76,          10.09,              0,              0,              0,              0,              0,              0,              0,           0.04,           5.11,              0,           0.07,           0.02,              0,           0.33,           2.09,           0.33,           0.53,           1.37
       171,              0,              0,           1.00,              0,              0,              0,              0,          48.00,              0,           2.85,          14.90,           0.53,              0,           4.34,          14.03,              0,              0,              0,              0,              0,              0,              0,           0.09,           4.19,              0,           0.07,              0,              0,           0.36,           2.18,           0.35,           0.51,           1.32
       172,              0,              0,           1.00,              0,              0,              0,              0,          53.11,              0,           2.72,           7.04,           0.45,              0,           3.99,           7.85,              0,              0,              0,              0,              0,              0,              0,           0.02,           3.12,              0,           0.10,              0,              0,           0.19,           1.58,           0.35,           0.52,           1.29
       173,              0,              0,              0,              0,              0,              0,              0,          45.18,              0,           2.43,           8.05,           0.57,              0,           4.98,           9.69,              0,              0,              0,              0,              0,              0,              0,           0.02,           2.15,              0,           0.06,              0,              0,           0.19,           1.78,           0.35,           0.54,           1.28
       174,              0,              0,              0,              0,              0,              0,              0,          52.40,              0,           3.25,           6.17,           0.49,              0,           4.11,           4.97,              0,              0,              0,              0,              0,              0,              0,              0,           1.19,           0.01,           0.02,              0,              0,           0.22,           1.92,           0.38,           0.60,           1.72
       175,              0,              0,              0,              0,              0,              0,              0,          54.04,              0,           4.19,           6.37,           0.62,              0,           4.43,           7.71,              0,              0,              0,              0,              0,              0,              0,              0,           0.83,              0,           0.07,              0,              0,           0.20,           1.61,           0.42,           0.57,           1.41
       176,              0,              0,              0,              0,              0,              0,              0,          49.85,              0,           3.63,           5.92,           0.79,              0,           5.18,           6.54,              0,              0,              0,              0,              0,              0,              0,           0.01,           0.48,              0,           0.10,              0,              0,           0.12,           1.93,           0.24,           0.40,           1.14
       177,              0,              0,              0,              0,              0,              0,              0,          55.81,              0,           4.89,           6.93,           0.85,              0,           4.71,           5.43,              0,              0,              0,              0,              0,              0,              0,              0,           0.19,              0,           0.05,              0,              0,           0.15,           1.70,           0.36,           0.55,           1.57
       178,              0,              0,              0,              0,              0,              0,              0,          50.57,              0,           2.28,           9.25,           1.53,              0,           5.62,           7.66,              0,              0,              0,              0,              0,              0,              0,              0,           0.04,              0,           0.05,              0,              0,           0.23,           1.54,           0.49,           0.69,           1.87
       179,              0,              0,              0,              0,              0,              0,              0,          52.59,              0,           2.20,           4.25,           0.87,              0,           3.87,           8.22,              0,              0,              0,              0,              0,              0,              0,              0,              0,              0,           0.02,              0,              0,           0.14,           1.26,           0.29,           0.41,           1.63
       180,              0,              0,              0,              0,              0,              0,              0,          53.84,              0,           2.02,           3.53,           0.77,              0,           2.91,           5.43,              0,              0,              0,              0,              0,              0,              0,              0,              0,              0,           0.03,              0,              0,           0.15,           1.54,           0.33,           0.51,           1.76
       181,              0,              0,              0,              0,              0,              0,              0,          65.69,              0,           3.57,           4.38,           1.08,              0,           3.79,           3.51,              0,              0,              0,              0,              0,              0,              0,              0,              0,              0,           0.03,              0,              0,           0.06,           1.25,           0.36,           0.57,           1.49
       182,              0,              0,              0,              0,              0,              0,              0,          37.94,              0,           3.14,           3.59,           1.81,              0,           3.70,           4.49,              0,              0,              0,              0,              0,              0,              0,              0,              0,              0,           0.03,              0,              0,           0.17,           1.31,           0.45,           0.77,           1.48
       183,              0,              0,              0,              0,              0,              0,              0,          41.46,              0,           3.48,           6.88,           1.34,              0,           4.10,           5.03,              0,              0,              0,              0,              0,              0,              0,              0,              0,              0,              0,              0,              0,           0.16,           1.46,           0.66,           0.91,           2.02
       184,              0,              0,              0,              0,              0,              0,              0,          40.26,              0,           4.68,           4.77,           1.07,              0,           5.58,           7.42,              0,              0,              0,              0,              0,              0,              0,              0,              0,              0,           0.01,              0,              0,           0.07,           1.24,           0.35,           0.47,           1.56
       185,              0,              0,              0,              0,              0,              0,              0,          41.16,              0,           2.95,           4.75,           1.07,              0,           5.36,           5.51,              0,              0,              0,              0,              0,              0,              0,              0,              0,              0,           0.01,              0,              0,           0.07,           1.09,           0.24,           0.41,           0.93
       186,              0,              0,              0,              0,              0,              0,              0,          50.47,              0,           2.07,           6.39,           0.88,              0,           3.79,           6.88,              0,              0,              0,              0,              0,              0,              0,              0,              0,              0,              0,              0,              0,           0.03,           0.89,           0.25,           0.42,           0.95
       187,              0,              0,              0,              0,              0,              0,              0,          53.85,              0,           1.97,           6.96,           1.29,              0,           2.90,           8.99,              0,              0,              0,              0,              0,              0,              0,              0,              0,              0,              0,              0,              0,           0.06,           1.17,           0.43,           0.63,           1.40
       188,              0,              0,              0,              0,              0,              0,              0,          49.82,              0,           2.46,           2.52,           1.46,              0,           3.37,           6.87,              0,              0,              0,              0,              0,              0,              0,              0,              0,              0,              0,              0,              0,           0.09,           1.27,           0.39,           0.55,           1.48
       189,              0,              0,              0,              0,              0,              0,              0,          43.47,              0,           2.76,           4.72,           1.47,              0,           3.93,           4.45,              0,              0,              0,              0,              0,              0,              0,              0,              0,              0,              0,              0,              0,           0.05,           0.93,           0.41,           0.59,           1.04
       190,              0,              0,              0,              0,              0,              0,              0,          56.49,              0,           3.63,           5.05,           1.46,              0,           3.32,           6.64,              0,              0,              0,              0,              0,              0,              0,              0,              0,              0,              0,              0,              0,           0.02,           1.22,           0.35,           0.51,           1.16
       191,              0,              0,              0,              0,              0,              0,              0,          45.12,              0,           2.47,          11.84,           1.62,              0,           5.02,           5.40,              0,              0,              0,              0,              0,              0,              0,              0,              0,              0,              0,              0,              0,           0.04,           0.99,           0.29,           0.40,           1.10
       192,              0,              0,              0,              0,              0,              0,              0,          44.87,              0,           2.09,           5.35,           1.34,              0,           3.64,          14.86,              0,              0,              0,              0,              0,              0,              0,              0,              0,              0,              0,              0,              0,           0.01,           0.88,           0.37,           0.59,           1.24
       193,              0,              0,              0,              0,              0,              0,              0,          41.71,              0,           1.77,           4.49,           1.31,              0,           2.70,           8.14,              0,              0,              0,              0,              0,              0,              0,              0,              0,              0,              0,              0,              0,              0,           0.13,           0.19,           0.22,           0.78
       194,              0,              0,              0,              0,              0,              0,              0,          51.22,              0,           2.71,           4.22,           1.46,              0,           3.20,           6.98,              0,              0,              0,              0,              0,              0,              0,              0,              0,              0,              0,              0,              0,           0.01,           0.05,           0.35,           0.45,           1.04
       195,              0,              0,              0,              0,              0,              0,              0,          56.96,              0,           3.68,           1.84,           1.14,              0,           3.74,           5.53,              0,              0,              0,              0,              0,              0,              0,              0,              0,              0,              0,              0,              0,              0,              0,           0.18,           0.37,           0.92
       196,              0,              0,              0,              0,              0,              0,              0,          41.72,              0,           1.73,          13.61,           1.43,              0,           4.68,           6.12,              0,              0,              0,              0,              0,              0,              0,              0,              0,              0,              0,              0,              0,              0,              0,           0.22,           0.29,           0.61
       197,              0,              0,              0,              0,              0,              0,              0,          43.04,              0,           3.49,           5.12,           1.21,              0,           2.47,          17.15,              0,              0,              0,              0,              0,              0,              0,              0,              0,              0,              0,              0,              0,              0,              0,           0.11,           0.21,           0.10
       198,              0,              0,              0,              0,              0,              0,              0,          34.95,              0,           2.32,           3.06,           1.27,              0,           4.19,           5.67,              0,              0,              0,              0,              0,              0,              0,              0,              0,              0,              0,              0,              0,              0,              0,           0.15,           0.24,           0.05
       199,              0,              0,              0,              0,              0,              0,              0,          40.29,              0,           2.25,           4.84,           0.93,              0,           3.08,           6.93,              0,              0,              0,              0,              0,              0,              0,              0,              0,              0,              0,              0,              0,              0,              0,           0.14,           0.30,              0
       200,              0,              0,           1.00,              0,              0,              0,              0,          31.57,              0,           2.42,           3.95,           1.30,              0,           3.42,           6.63,              0,              0,              0,              0,              0,              0,              0,              0,              0,              0,              0,              0,              0,              0,              0,           0.06,           0.08,              0
       201,              0,              0,              0,              0,              0,              0,              0,          25.33,              0,           2.82,           6.91,           1.28,              0,           3.53,           9.81,              0,              0,              0,              0,              0,              0,              0,              0,              0,              0,              0,              0,              0,              0,              0,           0.11,           0.20,              0
       202,              0,              0,              0,              0,              0,              0,              0,          25.31,              0,           2.13,           3.75,           0.66,              0,           3.88,           4.96,              0,              0,              0,              0,              0,              0,              0,              0,              0,              0,              0,              0,              0,              0,              0,           0.06,           0.08,              0
       203,              0,              0,              0,              0,              0,              0,              0,          21.10,              0,           3.19,           4.59,           0.57,              0,           2.80,           6.67,              0,              0,              0,              0,              0,              0,              0,              0,              0,              0,              0,              0,              0,              0,              0,           0.18,           0.22,              0
       204,              0,              0,              0,              0,              0,              0,              0,          18.22,              0,           3.34,           5.33,           0.61,              0,           4.09,           7.24,              0,              0,              0,              0,              0,              0,              0,              0,              0,              0,              0,              0,              0,              0,              0,           0.08,           0.10,              0
       205,              0,              0,              0,              0,              0,              0,              0,          19.63,              0,           2.92,          11.41,           0.29,              0,           4.30,           8.71,              0,              0,              0,              0,              0,              0,              0,              0,              0,              0,              0,              0,              0,              0,              0,           0.14,           0.15,              0
       206,              0,              0,              0,              0,              0,              0,              0,          22.64,              0,           2.03,          23.28,           0.27,              0,           4.05,          10.90,              0,              0,              0,              0,              0,              0,              0,              0,              0,              0,              0,              0,              0,              0,              0,           0.12,           0.17,              0
       207,              0,              0,              0,              0,              0,              0,              0,          19.21,              0,           2.62,           9.26,           0.16,              0,           2.89,          18.78,              0,              0,              0,              0,              0,              0,              0,              0,              0,              0,              0,              0,              0,              0,              0,           0.08,           0.12,              0
       208,              0,              0,              0,              0,              0,              0,              0,          13.41,              0,           2.45,           7.96,           0.29,              0,           3.62,          10.81,              0,              0,              0,              0,              0,              0,              0,              0,              0,              0,              0,              0,              0,              0,              0,           0.03,           0.03,              0
       209,              0,              0,              0,              0,              0,              0,              0,          14.20,              0,           2.76,           8.59,           0.12,              0,           3.29,           7.57,              0,              0,              0,              0,              0,              0,              0,              0,              0,              0,              0,              0,              0,              0,              0,           0.14,           0.18,              0
       210,              0,              0,              0,              0,              0,              0,              0,          11.61,              0,           4.44,          14.07,           0.21,              0,           3.57,          10.27,              0,              0,              0,              0,              0,              0,              0,              0,              0,              0,              0,              0,              0,              0,              0,           0.07,           0.11,              0
       211,              0,              0,              0,              0,              0,              0,              0,          14.79,              0,           2.01,          23.70,           0.28,              0,           4.76,          10.46,              0,              0,              0,              0,              0,              0,              0,              0,              0,              0,              0,              0,              0,              0,              0,           0.12,           0.16,              0
       212,              0,              0,              0,              0,              0,              0,              0,          15.16,              0,           3.36,          14.86,           0.09,              0,           3.58,          19.59,              0,              0,              0,              0,              0,              0,              0,              0,              0,              0,              0,              0,              0,              0,              0,           0.13,           0.16,              0
       213,              0,              0,              0,              0,              0,              0,              0,          11.23,              0,           3.57,          24.46,           0.51,              0,           4.15,          20.12,              0,              0,              0,              0,              0,              0,              0,              0,              0,              0,              0,              0,              0,              0,              0,           0.07,           0.08,              0
       214,              0,              0,              0,              0,              0,              0,              0,          11.65,              0,           4.64,          39.68,           0.09,              0,           4.26,          26.98,              0,              0,              0,              0,              0,              0,              0,              0,              0,              0,              0,              0,              0,              0,              0,           0.04,           0.08,              0
       215,              0,              0,              0,              0,              0,              0,              0,           8.92,              0,           3.02,          48.31,           0.05,              0,           4.82,          41.38,              0,              0,              0,              0,              0,              0,              0,              0,              0,              0,              0,              0,              0,              0,              0,           0.07,           0.08,              0
       216,              0,              0,              0,              0,              0,              0,              0,           8.66,              0,           1.93,          26.57,           0.05,              0,           3.89,          24.67,              0,              0,              0,              0,              0,              0,              0,              0,              0,              0,              0,              0,              0,              0,              0,           0.12,           0.13,              0
       217,              0,              0,              0,              0,              0,              0,              0,          10.79,              0,           1.99,          43.00,           0.04,              0,           2.51,          41.11,              0,              0,              0,              0,              0,              0,              0,              0,              0,              0,              0,              0,              0,              0,              0,           0.02,           0.06,              0
       218,              0,              0,              0,              0,              0,              0,              0,           6.14,              0,           2.85,          42.85,           0.05,              0,           2.70,          52.87,              0,              0,              0,              0,              0,              0,              0,              0,              0,              0,              0,              0,              0,              0,              0,           0.07,           0.10,              0
       219,              0,              0,              0,              0,              0,              0,              0,           4.91,              0,           1.13,          85.72,              0,              0,           3.32,          26.88,              0,              0,              0,              0,              0,              0,              0,              0,              0,              0,              0,              0,              0,              0,              0,           0.04,           0.06,              0
       220,              0,              0,              0,              0,              0,              0,              0,           5.14,              0,           1.59,          55.57,              0,              0,           1.76,          82.30,              0,              0,              0,              0,              0,              0,              0,              0,              0,              0,              0,              0,              0,              0,              0,           0.05,           0.06,              0
       221,              0,              0,              0,              0,              0,              0,              0,           4.64,              0,           0.92,          52.47,              0,              0,           2.25,          68.69,              0,              0,              0,              0,              0,              0,              0,              0,              0,              0,              0,              0,              0,              0,              0,           0.07,           0.08,              0
       222,              0,              0,              0,              0,              0,              0,              0,           4.57,              0,           1.86,          57.81,              0,              0,           1.29,          33.75,              0,              0,              0,              0,              0,              0,              0,              0,              0,              0,              0,              0,              0,              0,              0,           0.10,           0.12,              0
       223,              0,              0,              0,              0,              0,              0,              0,           3.98,              0,           0.80,          45.43,              0,              0,           2.48,          68.78,              0,              0,              0,              0,              0,              0,              0,              0,              0,              0,              0,              0,              0,              0,              0,           0.09,           0.13,              0
       224,              0,              0,              0,              0,              0,              0,              0,           3.38,              0,           2.14,          33.87,              0,              0,           1.26,          32.77,              0,              0,              0,              0,              0,              0,              0,              0,              0,              0,              0,              0,              0,              0,              0,           0.05,           0.06,              0
       225,              0,              0,              0,              0,              0,              0,              0,           3.80,              0,           2.31,          62.34,              0,              0,           2.74,          76.43,              0,              0,              0,              0,              0,              0,              0,              0,              0,              0,              0,              0,              0,              0,              0,              0,              0,              0
       226,              0,              0,              0,              0,              0,              0,              0,           3.34,              0,           1.07,          94.37,              0,              0,           2.62,          75.46,              0,              0,              0,              0,              0,              0,              0,              0,              0,              0,              0,              0,              0,              0,              0,           0.02,           0.04,              0
       227,              0,              0,              0,              0,              0,              0,              0,           4.84,              0,           2.15,          98.88,              0,              0,           1.48,         126.73,              0,              0,              0,              0,              0,              0,              0,              0,              0,              0,              0,              0,              0,              0,              0,              0,              0,              0
       228,              0,              0,              0,              0,              0,              0,              0,           3.82,              0,           1.28,          74.88,              0,              0,           1.85,         184.55,              0,              0,              0,              0,              0,              0,              0,              0,              0,              0,              0,              0,              0,              0,              0,              0,              0,              0
       229,              0,              0,              0,              0,              0,              0,              0,           3.71,              0,           0.54,          66.21,              0,              0,           1.89,         108.70,              0,              0,              0,              0,              0,              0,              0,              0,              0,              0,              0,              0,              0,              0,              0,              0,           0.02,              0
       230,              0,              0,              0,              0,              0,              0,              0,           5.20,              0,           0.93,          42.87,              0,              0,           0.73,          77.43,              0,              0,              0,              0,              0,              0,              0,              0,              0,              0,              0,              0,              0,              0,              0,              0,              0,              0
       231,              0,              0,              0,              0,              0,              0,              0,           2.92,              0,           0.45,          31.04,              0,              0,           0.98,          97.92,              0,              0,              0,              0,              0,              0,              0,              0,              0,              0,              0,              0,              0,              0,              0,              0,              0,              0
       232,              0,              0,              0,              0,              0,              0,              0,           3.99,              0,           0.49,          35.37,              0,              0,           0.56,          65.36,              0,              0,              0,              0,              0,              0,              0,              0,              0,              0,              0,              0,              0,              0,              0,              0,              0,              0
       233,              0,              0,              0,              0,              0,              0,              0,           3.64,              0,           0.55,          33.85,              0,              0,           0.66,          93.39,              0,              0,              0,              0,              0,              0,              0,              0,              0,              0,              0,              0,              0,              0,              0,              0,              0,              0
       234,              0,              0,              0,              0,              0,              0,              0,           3.05,              0,           0.43,          28.66,              0,              0,           0.66,          23.01,              0,              0,              0,              0,              0,              0,              0,              0,              0,              0,              0,              0,              0,              0,              0,           0.02,           0.02,              0
       235,              0,              0,              0,              0,              0,              0,              0,           3.78,              0,           0.48,          34.64,              0,              0,           0.60,          49.02,              0,              0,              0,              0,              0,              0,              0,              0,              0,              0,              0,              0,              0,              0,              0,           0.01,           0.01,              0
       236,              0,              0,              0,              0,              0,              0,              0,           4.41,              0,           0.25,          32.69,              0,              0,           0.68,          61.40,              0,              0,              0,              0,              0,              0,              0,              0,              0,              0,              0,              0,              0,              0,              0,           0.01,              0,              0
       237,              0,              0,              0,              0,              0,              0,              0,           2.59,              0,           0.55,          19.55,              0,              0,           0.35,          43.05,              0,              0,              0,              0,              0,              0,              0,              0,              0,              0,              0,              0,              0,              0,              0,           0.02,           0.02,              0
       238,              0,              0,              0,              0,              0,              0,              0,           4.44,              0,           0.38,          24.45,              0,              0,           0.57,          49.55,              0,              0,              0,              0,              0,              0,              0,              0,              0,              0,              0,              0,              0,              0,              0,           0.03,           0.03,              0
       239,              0,              0,              0,              0,              0,              0,              0,           4.11,              0,           0.32,           9.55,              0,              0,           0.56,          22.45,              0,              0,              0,              0,              0,              0,              0,              0,              0,              0,              0,              0,              0,              0,              0,           0.01,              0,              0
       240,              0,              0,              0,              0,              0,              0,              0,           3.28,              0,           0.23,          11.25,              0,              0,           0.27,          13.37,              0,              0,              0,              0,              0,              0,              0,              0,              0,              0,              0,              0,              0,              0,              0,              0,              0,              0
       241,              0,              0,              0,              0,              0,              0,              0,           2.75,              0,           0.27,           8.01,              0,              0,           0.35,          17.64,              0,              0,              0,              0,              0,              0,              0,              0,              0,              0,              0,              0,              0,              0,              0,              0,              0,              0
       242,              0,              0,              0,              0,              0,              0,              0,           3.21,              0,           0.22,          16.14,              0,              0,           0.25,           7.85,              0,              0,              0,              0,              0,              0,              0,              0,              0,              0,              0,              0,              0,              0,              0,              0,              0,              0
       243,              0,              0,              0,              0,              0,              0,              0,           3.78,              0,           0.18,           5.84,              0,              0,           0.20,          14.62,              0,              0,              0,              0,              0,              0,              0,              0,              0,              0,              0,              0,              0,              0,              0,              0,              0,              0
       244,              0,              0,              0,              0,              0,              0,              0,           5.62,              0,           0.22,           5.37,              0,              0,           0.24,           7.02,              0,              0,              0,              0,              0,              0,              0,              0,              0,              0,              0,              0,              0,              0,              0,              0,              0,              0
       245,              0,              0,              0,              0,              0,              0,              0,           2.45,              0,           0.16,           1.79,              0,              0,           0.17,           5.74,              0,              0,              0,              0,              0,              0,              0,              0,              0,              0,              0,              0,              0,              0,              0,              0,              0,              0
       246,              0,              0,              0,              0,              0,              0,              0,           1.72,              0,           0.15,          14.89,              0,              0,           0.17,           2.92,              0,              0,              0,              0,              0,              0,              0,              0,              0,              0,              0,              0,              0,              0,              0,              0,              0,              0
       247,              0,              0,              0,              0,              0,              0,              0,           3.75,              0,           0.06,           8.49,              0,              0,           0.18,          12.72,              0,              0,              0,              0,              0,              0,              0,              0,              0,              0,              0,              0,              0,              0,              0,              0,              0,              0
       248,              0,              0,              0,              0,              0,              0,              0,           3.86,              0,           0.24,           2.66,              0,              0,           0.08,           8.12,              0,              0,              0,              0,              0,              0,              0,              0,              0,              0,              0,              0,              0,              0,              0,              0,              0,              0
       249,              0,              0,              0,              0,              0,              0,              0,           2.41,              0,           0.49,           4.96,              0,              0,           0.14,           4.61,              0,              0,              0,              0,              0,              0,              0,              0,              0,              0,              0,              0,              0,              0,              0,              0,              0,              0
       250,              0,              0,              0,              0,              0,              0,              0,           5.41,              0,           0.07,           2.84,              0,              0,           0.54,           3.88,              0,              0,              0,              0,              0,              0,              0,              0,              0,              0,              0,              0,              0,              0,              0,              0,              0,              0
       251,              0,              0,              0,              0,              0,              0,              0,           4.04,              0,           0.31,           2.83,              0,              0,           0.07,           2.65,              0,              0,              0,              0,              0,              0,              0,              0,              0,              0,              0,              0,              0,              0,              0,              0,              0,              0
       252,              0,              0,              0,              0,              0,              0,              0,           3.54,              0,           0.20,           1.84,              0,              0,           0.27,           3.52,              0,              0,              0,              0,              0,              0,              0,              0,              0,              0,              0,              0,              0,              0,              0,              0,              0,              0
       253,              0,              0,              0,              0,              0,              0,              0,           4.71,              0,           0.04,           1.22,              0,              0,           0.16,           2.46,              0,              0,              0,              0,              0,              0,              0,              0,              0,              0,              0,              0,              0,              0,              0,              0,              0,              0
       254,              0,              0,              0,              0,              0,              0,              0,           2.98,              0,           0.13,           0.79,              0,              0,           0.10,           1.62,              0,              0,              0,              0,              0,              0,              0,              0,              0,              0,              0,              0,              0,              0,              0,              0,              0,              0
       255,              0,              0,              0,              0,              0,              0,              0,           5.13,              0,           0.28,           0.57,              0,              0,           0.13,           0.86,              0,              0,              0,              0,              0,              0,              0,              0,              0,              0,              0,              0,              0,              0,              0,              0,              0,              0
       256,              0,              0,              0,              0,              0,              0,              0,           5.38,              0,           0.19,           0.50,              0,              0,           0.21,           0.92,              0,              0,              0,              0,              0,              0,              0,              0,              0,              0,              0,              0,              0,              0,              0,              0,              0,              0
       257,              0,              0,              0,              0,              0,              0,              0,           3.11,              0,           0.10,           0.22,              0,              0,           0.29,           0.59,              0,              0,              0,              0,              0,              0,              0,              0,              0,              0,              0,              0,              0,              0,              0,              0,              0,              0
       258,              0,              0,              0,              0,              0,              0,              0,           4.85,              0,           0.21,           0.94,              0,              0,           0.08,           0.45,              0,              0,              0,              0,              0,              0,              0,              0,              0,              0,              0,              0,              0,              0,              0,              0,              0,              0
       259,              0,              0,              0,              0,              0,              0,              0,           4.45,              0,           0.31,           0.33,              0,              0,           0.23,           1.24,              0,              0,              0,              0,              0,              0,              0,              0,              0,              0,              0,              0,              0,              0,              0,              0,              0,              0
       260,              0,              0,              0,              0,              0,              0,              0,           5.00,              0,           0.24,           0.40,              0,              0,           0.24,           0.48,              0,              0,              0,              0,              0,              0,              0,              0,              0,              0,              0,              0,              0,              0,              0,              0,              0,              0
       261,              0,              0,              0,              0,              0,              0,              0,           2.59,              0,           0.16,           0.18,              0,              0,           0.26,           0.60,              0,              0,              0,              0,              0,              0,              0,              0,              0,              0,              0,              0,              0,              0,              0,              0,              0,              0
       262,              0,              0,              0,              0,              0,              0,              0,           2.99,              0,           0.05,           0.39,              0,              0,           0.25,           0.22,              0,              0,              0,              0,              0,              0,              0,              0,              0,              0,              0,              0,              0,              0,              0,              0,              0,              0
       263,              0,              0,              0,              0,              0,              0,              0,           2.98,              0,           0.36,           0.26,              0,              0,           0.07,           0.38,              0,              0,              0,              0,              0,              0,              0,              0,              0,              0,              0,              0,              0,              0,              0,              0,              0,              0
       264,              0,              0,              0,              0,              0,              0,              0,           3.32,              0,           0.18,           0.15,              0,              0,           0.31,           0.39,              0,              0,              0,              0,              0,              0,              0,              0,              0,              0,              0,              0,              0,              0,              0,              0,              0,              0
       265,              0,              0,              0,              0,              0,              0,              0,           1.88,              0,           0.16,           0.08,              0,              0,           0.15,           0.31,              0,              0,              0,              0,              0,              0,              0,              0,              0,              0,              0,              0,              0,              0,              0,              0,              0,              0
       266,              0,              0,              0,              0,              0,              0,              0,           3.14,              0,           0.10,           1.25,              0,              0,           0.20,           0.08,              0,              0,              0,              0,              0,              0,              0,              0,              0,              0,              0,              0,              0,              0,              0,              0,              0,              0
       267,              0,              0,              0,              0,              0,              0,              0,           2.13,              0,           0.31,           0.21,              0,              0,           0.13,           1.43,              0,              0,              0,              0,              0,              0,              0,              0,              0,              0,              0,              0,              0,              0,              0,              0,              0,              0
       268,              0,              0,              0,              0,              0,              0,              0,           2.65,              0,           0.24,           0.15,              0,              0,           0.12,           0.39,              0,              0,              0,              0,              0,              0,              0,              0,              0,              0,              0,              0,              0,              0,              0,              0,              0,              0
       269,              0,              0,              0,              0,              0,              0,              0,           2.78,              0,           0.25,           0.10,              0,              0,           0.35,           0.23,              0,              0,              0,              0,              0,              0,              0,              0,              0,              0,              0,              0,              0,              0,              0,              0,              0,              0
       270,              0,              0,              0,              0,              0,              0,              0,           1.51,              0,           0.10,           0.42,              0,              0,           0.33,           0.18,              0,              0,              0,              0,              0,              0,              0,              0,              0,              0,              0,              0,              0,              0,              0,              0,              0,              0
       271,              0,              0,              0,              0,              0,              0,              0,           2.29,              0,           0.24,           1.03,              0,              0,           0.15,           1.52,              0,              0,              0,              0,              0,              0,              0,              0,              0,              0,              0,              0,              0,              0,              0,              0,              0,              0
       272,              0,              0,              0,              0,              0,              0,              0,           1.88,              0,           0.19,           0.21,              0,              0,           0.20,           0.36,              0,              0,              0,              0,              0,              0,              0,              0,              0,              0,              0,              0,              0,              0,              0,              0,              0,              0
       273,              0,              0,              0,              0,              0,              0,              0,           1.80,              0,           0.24,           0.15,              0,              0,           0.16,           0.38,              0,              0,              0,              0,              0,              0,              0,              0,              0,              0,              0,              0,              0,              0,              0,              0,              0,              0
       274,              0,              0,              0,              0,              0,              0,              0,           2.70,              0,           0.07,           0.16,              0,              0,           0.19,           0.21,              0,              0,              0,              0,              0,              0,              0,              0,              0,              0,              0,              0,              0,              0,              0,              0,              0,              0
       275,              0,              0,              0,              0,              0,              0,              0,           1.56,              0,           0.13,           0.23,              0,              0,           0.21,           0.29,              0,              0,              0,              0,              0,              0,              0,              0,              0,              0,              0,              0,              0,              0,              0,              0,              0,              0
       276,              0,              0,              0,              0,              0,              0,              0,           1.90,              0,           0.28,           0.28,              0,              0,           0.13,           0.33,              0,              0,              0,              0,              0,              0,              0,              0,              0,              0,              0,              0,              0,              0,              0,              0,              0,              0
       277,              0,              0,              0,              0,              0,              0,              0,           1.38,              0,           0.44,           0.07,              0,              0,           0.12,           0.45,              0,              0,              0,              0,              0,              0,              0,              0,              0,              0,              0,              0,              0,              0,              0,              0,              0,              0
       278,              0,              0,              0,              0,              0,              0,              0,           1.19,              0,           0.30,           0.13,              0,              0,           0.50,           0.22,              0,              0,              0,              0,              0,              0,              0,              0,              0,              0,              0,              0,              0,              0,              0,              0,              0,              0
       279,              0,              0,              0,              0,              0,              0,              0,           1.17,              0,           0.27,           0.51,              0,              0,           0.31,           0.23,              0,              0,              0,              0,              0,              0,              0,              0,              0,              0,              0,              0,              0,              0,              0,              0,              0,              0
       280,              0,              0,              0,              0,              0,              0,              0,           1.02,              0,           0.11,           1.64,              0,              0,           0.30,           0.83,              0,              0,              0,              0,              0,              0,              0,              0,              0,              0,              0,              0,              0,              0,              0,              0,              0,              0
       281,              0,              0,              0,              0,              0,              0,              0,           0.99,              0,           0.13,           1.24,              0,              0,           0.08,           2.48,              0,              0,              0,              0,              0,              0,              0,              0,              0,              0,              0,              0,              0,              0,              0,              0,              0,              0
       282,              0,              0,              0,              0,              0,              0,              0,           0.62,              0,           0.26,           0.54,              0,              0,           0.15,           2.09,              0,              0,              0,              0,              0,              0,              0,              0,              0,              0,              0,              0,              0,              0,              0,              0,              0,              0
       283,              0,              0,              0,              0,              0,              0,              0,           0.63,              0,           0.25,           0.44,              0,              0,           0.12,           0.74,              0,              0,              0,              0,              0,              0,              0,              0,              0,              0,              0,              0,              0,              0,              0,              0,              0,              0
       284,              0,              0,              0,              0,              0,              0,              0,           0.48,              0,           0.03,           0.30,              0,              0,           0.31,           0.82,              0,              0,              0,              0,              0,              0,              0,              0,              0,              0,              0,              0,              0,              0,              0,              0,              0,              0
       285,              0,              0,              0,              0,              0,              0,              0,           0.35,              0,           0.13,           0.57,              0,              0,           0.07,           0.92,              0,              0,              0,              0,              0,              0,              0,              0,              0,              0,              0,              0,              0,              0,              0,              0,              0,              0
       286,              0,              0,              0,              0,              0,              0,              0,           0.39,              0,           0.23,           1.07,              0,              0,           0.14,           1.24,              0,              0,              0,              0,              0,              0,              0,              0,              0,              0,              0,              0,              0,              0,              0,              0,              0,              0
       287,              0,              0,              0,              0,              0,              0,              0,           0.24,              0,           0.07,           0.14,              0,              0,           0.18,           2.14,              0,              0,              0,              0,              0,              0,              0,              0,              0,              0,              0,              0,              0,              0,              0,              0,              0,              0
       288,              0,              0,              0,              0,              0,              0,              0,           0.28,              0,           0.02,           1.01,              0,              0,           0.14,           0.55,              0,              0,              0,              0,              0,              0,              0,              0,              0,              0,              0,              0,              0,              0,              0,              0,              0,              0
       289,              0,              0,              0,              0,              0,              0,              0,           0.27,              0,           0.07,           1.25,              0,              0,           0.03,           2.56,              0,              0,              0,              0,              0,              0,              0,              0,              0,              0,              0,              0,              0,              0,              0,              0,              0,              0
       290,              0,              0,              0,              0,              0,              0,              0,           0.46,              0,           0.05,           0.42,              0,              0,           0.07,           3.62,              0,              0,              0,              0,              0,              0,              0,              0,              0,              0,              0,              0,              0,              0,              0,              0,              0,              0
       291,              0,              0,              0,              0,              0,              0,              0,           0.53,              0,           0.14,           0.15,              0,              0,           0.07,           1.02,              0,              0,              0,              0,              0,              0,              0,              0,              0,              0,              0,              0,              0,              0,              0,              0,              0,              0
       292,              0,              0,              0,              0,              0,              0,              0,           0.67,              0,           0.06,           0.47,              0,              0,           0.10,           0.72,              0,              0,              0,              0,              0,              0,              0,              0,              0,              0,              0,              0,              0,              0,              0,              0,              0,              0
       293,              0,              0,              0,              0,              0,              0,              0,           0.43,              0,           0.02,           0.33,              0,              0,           0.06,           1.74,              0,              0,              0,              0,              0,              0,              0,              0,              0,              0,              0,              0,              0,              0,              0,              0,              0,              0
       294,              0,              0,              0,              0,              0,              0,              0,           0.37,              0,           0.03,           0.99,              0,              0,           0.03,           2.51,              0,              0,              0,              0,              0,              0,              0,              0,              0,              0,              0,              0,              0,              0,              0,              0,              0,              0
       295,              0,              0,              0,              0,              0,              0,              0,           0.45,              0,           0.02,           0.38,              0,              0,           0.03,           0.49,              0,              0,              0,              0,              0,              0,              0,              0,              0,              0,              0,              0,              0,              0,              0,              0,              0,              0
       296,              0,              0,              0,              0,              0,              0,              0,           0.61,              0,           0.01,           0.24,              0,              0,           0.03,           0.78,              0,              0,              0,              0,              0,              0,              0,              0,              0,              0,              0,              0,              0,              0,              0,              0,              0,              0
       297,              0,              0,              0,              0,              0,              0,              0,           0.37,              0,           0.02,           0.11,              0,              0,           0.03,           0.55,              0,              0,              0,              0,              0,              0,              0,              0,              0,              0,              0,              0,              0,              0,              0,              0,              0,              0
       298,              0,              0,              0,              0,              0,              0,              0,           0.39,              0,              0,           0.06,              0,              0,           0.02,           0.35,              0,              0,              0,              0,              0,              0,              0,              0,              0,              0,              0,              0,              0,              0,              0,              0,              0,              0
       299,              0,              0,              0,              0,              0,              0,              0,           0.48,              0,              0,           0.07,              0,              0,              0,           0.19,              0,              0,              0,              0,              0,              0,              0,              0,              0,              0,              0,              0,              0,              0,              0,              0,              0,              0
       300,              0,              0,              0,              0,              0,              0,              0,           0.52,              0,           0.01,           0.14,              0,              0,           0.01,           0.24,              0,              0,              0,              0,              0,              0,              0,              0,              0,              0,              0,              0,              0,              0,              0,              0,              0,              0
       301,              0,              0,              0,              0,              0,              0,              0,           0.65,              0,           0.03,           0.04,              0,              0,              0,           0.18,              0,              0,              0,              0,              0,              0,              0,              0,              0,              0,              0,              0,              0,              0,              0,              0,              0,              0
       302,              0,              0,              0,              0,              0,              0,              0,           0.36,              0,           0.01,           0.02,              0,              0,           0.03,           0.07,              0,              0,              0,              0,              0,              0,              0,              0,              0,              0,              0,              0,              0,              0,              0,              0,              0,              0
       303,              0,              0,              0,              0,              0,              0,              0,           0.26,              0,              0,              0,              0,              0,              0,           0.05,              0,              0,              0,              0,              0,              0,              0,              0,              0,              0,              0,              0,              0,              0,              0,              0,              0,              0
       304,              0,              0,              0,              0,              0,              0,              0,           0.16,              0,              0,           0.04,              0,              0,              0,           0.10,              0,              0,              0,              0,              0,              0,              0,              0,              0,              0,              0,              0,              0,              0,              0,              0,              0,              0
       305,              0,              0,              0,              0,              0,              0,              0,           0.09,              0,              0,           0.07,              0,              0,              0,           0.22,              0,              0,              0,              0,              0,              0,              0,              0,              0,              0,              0,              0,              0,              0,              0,              0,              0,              0
       306,              0,              0,              0,              0,              0,              0,              0,           0.04,              0,           0.02,           0.03,              0,              0,              0,           0.11,              0,              0,              0,              0,              0,              0,              0,              0,              0,              0,              0,              0,              0,              0,              0,              0,              0,              0
       307,              0,              0,              0,              0,              0,              0,              0,           0.32,              0,           0.01,           0.02,              0,              0,           0.01,           0.14,              0,              0,              0,              0,              0,              0,              0,              0,              0,              0,              0,              0,              0,              0,              0,              0,              0,              0
       308,              0,              0,              0,              0,              0,              0,              0,           0.05,              0,           0.01,              0,              0,              0,              0,           0.08,              0,              0,              0,              0,              0,              0,              0,              0,              0,              0,              0,              0,              0,              0,              0,              0,              0,              0
       309,              0,              0,              0,              0,              0,              0,              0,           0.05,              0,           0.02,           0.25,              0,              0,           0.01,           0.02,              0,              0,              0,              0,              0,              0,              0,              0,              0,              0,              0,              0,              0,              0,              0,              0,              0,              0
       310,              0,              0,              0,              0,              0,              0,              0,           0.07,              0,           0.01,              0,              0,              0,              0,           0.84,              0,              0,              0,              0,              0,              0,              0,              0,              0,              0,              0,              0,              0,              0,              0,              0,              0,              0
       311,              0,              0,              0,              0,              0,              0,              0,           0.07,              0,              0,              0,              0,              0,              0,           0.09,              0,              0,              0,              0,              0,              0,              0,              0,              0,              0,              0,              0,              0,              0,              0,              0,              0,              0
       312,              0,              0,              0,              0,              0,              0,              0,           0.09,              0,              0,           0.17,              0,              0,              0,           0.02,              0,              0,              0,              0,              0,              0,              0,              0,              0,              0,              0,              0,              0,              0,              0,              0,              0,              0
       313,              0,              0,              0,              0,              0,              0,              0,           0.07,              0,              0,           0.05,              0,              0,              0,           0.66,              0,              0,              0,              0,              0,              0,              0,              0,              0,              0,              0,              0,              0,              0,              0,              0,              0,              0
       314,              0,              0,              0,              0,              0,              0,              0,           0.06,              0,              0,           0.06,              0,              0,              0,           0.07,              0,              0,              0,              0,              0,              0,              0,              0,              0,              0,              0,              0,              0,              0,              0,              0,              0,              0
       315,              0,              0,              0,              0,              0,              0,              0,           0.05,              0,           0.03,           0.11,              0,              0,              0,           0.23,              0,              0,              0,              0,              0,              0,              0,              0,              0,              0,              0,              0,              0,              0,              0,              0,              0,              0
       316,              0,              0,              0,              0,              0,              0,              0,           0.04,              0,              0,           0.01,              0,              0,              0,           0.20,              0,              0,              0,              0,              0,              0,              0,              0,              0,              0,              0,              0,              0,              0,              0,              0,              0,              0
       317,              0,              0,              0,              0,              0,              0,              0,           0.07,              0,           0.05,           0.01,              0,              0,           0.01,           0.15,              0,              0,              0,              0,              0,              0,              0,              0,              0,              0,              0,              0,              0,              0,              0,              0,              0,              0
       318,              0,              0,              0,              0,              0,              0,              0,           0.05,              0,              0,           0.01,              0,              0,           0.01,           0.17,              0,              0,              0,              0,              0,              0,              0,              0,              0,              0,              0,              0,              0,              0,              0,              0,              0,              0
       319,              0,              0,              0,              0,              0,              0,              0,           0.06,              0,           0.04,           0.10,              0,              0,           0.02,           0.16,              0,              0,              0,              0,              0,              0,              0,              0,              0,              0,              0,              0,              0,              0,              0,              0,              0,              0
       320,              0,              0,              0,              0,              0,              0,              0,           0.04,              0,           0.02,           0.05,              0,              0,           0.02,           0.36,              0,              0,              0,              0,              0,              0,              0,              0,              0,              0,              0,              0,              0,              0,              0,              0,              0,              0
       321,              0,              0,              0,              0,              0,              0,              0,           0.02,              0,              0,           0.52,              0,              0,           0.02,           1.68,              0,              0,              0,              0,              0,              0,              0,              0,              0,              0,              0,              0,              0,              0,              0,              0,              0,              0
       322,              0,              0,              0,              0,              0,              0,              0,           0.02,              0,           0.01,           0.29,              0,              0,              0,           0.63,              0,              0,              0,              0,              0,              0,              0,              0,              0,              0,              0,              0,              0,              0,              0,              0,              0,              0
       323,              0,              0,              0,              0,              0,              0,              0,              0,              0,              0,           0.16,              0,              0,              0,           0.40,              0,              0,              0,              0,              0,              0,              0,              0,              0,              0,              0,              0,              0,              0,              0,              0,              0,              0
       324,              0,              0,              0,              0,              0,              0,              0,              0,              0,           0.01,           0.09,              0,              0,              0,           0.46,              0,              0,              0,              0,              0,              0,              0,              0,              0,              0,              0,              0,              0,              0,              0,              0,              0,              0
       325,              0,              0,              0,              0,              0,              0,              0,           0.03,              0,              0,           0.05,              0,              0,              0,           0.19,              0,              0,              0,              0,              0,              0,              0,              0,              0,              0,              0,              0,              0,              0,              0,              0,              0,              0
       326,              0,              0,              0,              0,              0,              0,              0,              0,              0,              0,              0,              0,              0,              0,           0.08,              0,              0,              0,              0,              0,              0,              0,              0,              0,              0,              0,              0,              0,              0,              0,              0,              0,              0
       327,              0,              0,              0,              0,              0,              0,              0,              0,              0,              0,           0.04,              0,              0,              0,           0.07,              0,              0,              0,              0,              0,              0,              0,              0,              0,              0,              0,              0,              0,              0,              0,              0,              0,              0
       328,              0,              0,              0,              0,              0,              0,              0,              0,              0,              0,           0.01,              0,              0,              0,           0.04,              0,              0,              0,              0,              0,              0,              0,              0,              0,              0,              0,              0,              0,              0,              0,              0,              0,              0
       329,              0,              0,              0,              0,              0,              0,              0,              0,              0,              0,           0.01,              0,              0,              0,              0,              0,              0,              0,              0,              0,              0,              0,              0,              0,              0,              0,              0,              0,              0,              0,              0,              0,              0
       330,              0,              0,              0,              0,              0,              0,              0,              0,              0,              0,              0,              0,              0,              0,           0.02,              0,              0,              0,              0,              0,              0,              0,              0,              0,              0,              0,              0,              0,              0,              0,              0,              0,              0
       331,              0,              0,              0,              0,              0,              0,              0,           0.01,              0,              0,              0,              0,              0,              0,              0,              0,              0,              0,              0,              0,              0,              0,              0,              0,              0,              0,              0,              0,              0,              0,              0,              0,              0
       332,              0,              0,              0,              0,              0,              0,              0,              0,              0,           0.01,              0,              0,              0,              0,              0,              0,              0,              0,              0,              0,              0,              0,              0,              0,              0,              0,              0,              0,              0,              0,              0,              0,              0
       333,              0,              0,              0,              0,              0,              0,              0,              0,              0,              0,              0,              0,              0,              0,              0,              0,              0,              0,              0,              0,              0,              0,              0,              0,              0,              0,              0,              0,              0,              0,              0,              0,              0
       334,              0,              0,              0,              0,              0,              0,              0,              0,              0,              0,              0,              0,              0,              0,              0,              0,              0,              0,              0,              0,              0,              0,              0,              0,              0,              0,              0,              0,              0,              0,              0,              0,              0
       335,              0,              0,              0,              0,              0,              0,              0,              0,              0,              0,              0,              0,              0,              0,              0,              0,              0,              0,              0,              0,              0,              0,              0,              0,              0,              0,              0,              0,              0,              0,              0,              0,              0
       336,              0,              0,              0,              0,              0,              0,              0,              0,              0,              0,              0,              0,              0,              0,              0,              0,              0,              0,              0,              0,              0,              0,              0,              0,              0,              0,              0,              0,              0,              0,              0,              0,              0
       337,              0,              0,              0,              0,              0,              0,              0,              0,              0,           0.01,              0,              0,              0,              0,              0,              0,              0,              0,              0,              0,              0,              0,              0,              0,              0,              0,              0,              0,              0,              0,              0,              0,              0
       338,              0,              0,              0,              0,              0,              0,              0,              0,              0,              0,              0,              0,              0,              0,              0,              0,              0,              0,              0,              0,              0,              0,              0,              0,              0,              0,              0,              0,              0,              0,              0,              0,              0
       339,              0,              0,              0,              0,              0,              0,              0,              0,              0,              0,              0,              0,              0,              0,              0,              0,              0,              0,              0,              0,              0,              0,              0,              0,              0,              0,              0,              0,              0,              0,              0,              0,              0
       340,              0,              0,              0,              0,              0,              0,              0,              0,              0,              0,              0,              0,              0,              0,              0,              0,              0,              0,              0,              0,              0,              0,              0,              0,              0,              0,              0,              0,              0,              0,              0,              0,              0
       341,              0,              0,              0,              0,              0,              0,              0,              0,              0,              0,              0,              0,              0,              0,              0,              0,              0,              0,              0,              0,              0,              0,              0,              0,              0,              0,              0,              0,              0,              0,              0,              0,              0
       342,              0,              0,              0,              0,              0,              0,              0,              0,              0,              0,              0,              0,              0,              0,              0,              0,              0,              0,              0,              0,              0,              0,              0,              0,              0,              0,              0,              0,              0,              0,              0,              0,              0
       343,              0,              0,              0,              0,              0,              0,              0,              0,              0,              0,              0,              0,              0,              0,              0,              0,              0,              0,              0,              0,              0,              0,              0,              0,              0,              0,              0,              0,              0,              0,              0,              0,              0
       344,              0,              0,              0,              0,              0,              0,              0,              0,              0,              0,              0,              0,              0,              0,              0,              0,              0,              0,              0,              0,              0,              0,              0,              0,              0,              0,              0,              0,              0,              0,              0,              0,              0
       345,              0,              0,              0,              0,              0,              0,              0,              0,              0,              0,              0,              0,              0,              0,              0,              0,              0,              0,              0,              0,              0,              0,              0,              0,              0,              0,              0,              0,              0,              0,              0,              0,              0
       346,              0,              0,              0,              0,              0,              0,              0,              0,              0,              0,              0,              0,              0,              0,              0,              0,              0,              0,              0,              0,              0,              0,              0,              0,              0,              0,              0,              0,              0,              0,              0,              0,              0
       347,              0,              0,              0,              0,              0,              0,              0,              0,              0,              0,              0,              0,              0,              0,              0,              0,              0,              0,              0,              0,              0,              0,              0,              0,              0,              0,              0,              0,              0,              0,              0,              0,              0
       348,              0,              0,              0,              0,              0,              0,              0,              0,              0,              0,              0,              0,              0,              0,              0,              0,              0,              0,              0,              0,              0,              0,              0,              0,              0,              0,              0,              0,              0,              0,              0,              0,              0
       349,              0,              0,              0,              0,              0,              0,              0,              0,              0,              0,              0,              0,              0,              0,              0,              0,              0,              0,              0,              0,              0,              0,              0,              0,              0,              0,              0,              0,              0,              0,              0,              0,              0
       350,              0,              0,              0,              0,              0,              0,              0,              0,              0,              0,              0,              0,              0,              0,              0,              0,              0,              0,              0,              0,              0,              0,              0,              0,              0,              0,              0,              0,              0,              0,              0,              0,              0
       351,              0,              0,              0,              0,              0,              0,              0,              0,              0,              0,              0,              0,              0,              0,              0,              0,              0,              0,              0,              0,              0,              0,              0,              0,              0,              0,              0,              0,              0,              0,              0,              0,              0
       352,              0,              0,              0,              0,              0,              0,              0,              0,              0,              0,              0,              0,              0,              0,              0,              0,              0,              0,              0,              0,              0,              0,              0,              0,              0,              0,              0,              0,              0,              0,              0,              0,              0
       353,              0,              0,              0,              0,              0,              0,              0,              0,              0,              0,              0,              0,              0,              0,              0,              0,              0,              0,              0,              0,              0,              0,              0,              0,              0,              0,              0,              0,              0,              0,              0,              0,              0
       354,              0,              0,              0,              0,              0,              0,              0,              0,              0,              0,              0,              0,              0,              0,              0,              0,              0,              0,              0,              0,              0,              0,              0,              0,              0,              0,              0,              0,              0,              0,              0,              0,              0
       355,              0,              0,              0,              0,              0,              0,              0,              0,              0,              0,              0,              0,              0,              0,              0,              0,              0,              0,              0,              0,              0,              0,              0,              0,              0,              0,              0,              0,              0,              0,              0,              0,              0
       356,              0,              0,              0,              0,              0,              0,              0,              0,              0,              0,              0,              0,              0,              0,              0,              0,              0,              0,              0,              0,              0,              0,              0,              0,              0,              0,              0,              0,              0,              0,              0,              0,              0
       357,              0,              0,              0,              0,              0,              0,              0,              0,              0,              0,              0,              0,              0,              0,              0,              0,              0,              0,              0,              0,              0,              0,              0,              0,              0,              0,              0,              0,              0,              0,              0,              0,              0
       358,              0,              0,              0,              0,              0,              0,              0,              0,              0,              0,              0,              0,              0,              0,              0,              0,              0,              0,              0,              0,              0,              0,              0,              0,              0,              0,              0,              0,              0,              0,              0,              0,              0
       359,              0,              0,              0,              0,              0,              0,              0,              0,              0,              0,              0,              0,              0,              0,              0,              0,              0,              0,              0,              0,              0,              0,              0,              0,              0,              0,              0,              0,              0,              0,              0,              0,              0
       360,              0,              0,              0,              0,              0,              0,              0,              0,              0,              0,              0,              0,              0,              0,              0,              0,              0,              0,              0,              0,              0,              0,              0,              0,              0,              0,              0,              0,              0,              0,              0,              0,              0
       361,              0,              0,              0,              0,              0,              0,              0,              0,              0,              0,              0,              0,              0,              0,              0,              0,              0,              0,              0,              0,              0,              0,              0,              0,              0,              0,              0,              0,              0,              0,              0,              0,              0
       362,              0,              0,              0,              0,              0,              0,              0,              0,              0,              0,              0,              0,              0,              0,              0,              0,              0,              0,              0,              0,              0,              0,              0,              0,              0,              0,              0,              0,              0,              0,              0,              0,              0
       363,              0,              0,              0,              0,              0,              0,              0,              0,              0,              0,              0,              0,              0,              0,              0,              0,              0,              0,              0,              0,              0,              0,              0,              0,              0,              0,              0,              0,              0,              0,              0,              0,              0
       364,              0,              0,              0,              0,              0,              0,              0,              0,              0,              0,              0,              0,              0,              0,              0,              0,              0,              0,              0,              0,              0,              0,              0,              0,              0,              0,              0,              0,              0,              0,              0,              0,              0
       365,              0,              0,              0,              0,              0,              0,              0,              0,              0,              0,              0,              0,              0,              0,              0,              0,              0,              0,              0,              0,              0,              0,              0,              0,              0,              0,              0,              0,              0,              0,              0,              0,              0
       366,              0,              0,              0,              0,              0,              0,              0,              0,              0,              0,              0,              0,              0,              0,              0,              0,              0,              0,              0,              0,              0,              0,              0,              0,              0,              0,              0,              0,              0,              0,              0,              0,              0
       367,              0,              0,              0,              0,              0,              0,              0,              0,              0,              0,              0,              0,              0,              0,              0,              0,              0,              0,              0,              0,              0,              0,              0,              0,              0,              0,              0,              0,              0,              0,              0,              0,              0
       368,              0,              0,              0,              0,              0,              0,              0,              0,              0,              0,              0,              0,              0,              0,              0,              0,              0,              0,              0,              0,              0,              0,              0,              0,              0,              0,              0,              0,              0,              0,              0,              0,              0
       369,              0,              0,              0,              0,              0,              0,              0,              0,              0,              0,              0,              0,              0,              0,              0,              0,              0,              0,              0,              0,              0,              0,              0,              0,              0,              0,              0,              0,              0,              0,              0,              0,              0
       370,              0,              0,              0,              0,              0,              0,              0,              0,              0,              0,              0,              0,              0,              0,              0,              0,              0,              0,              0,              0,              0,              0,              0,              0,              0,              0,              0,              0,              0,              0,              0,              0,              0
       371,              0,              0,              0,              0,              0,              0,              0,              0,              0,              0,              0,              0,              0,              0,              0,              0,              0,              0,              0,              0,              0,              0,              0,              0,              0,              0,              0,              0,              0,              0,              0,              0,              0
       372,              0,              0,              0,              0,              0,              0,              0,              0,              0,              0,              0,              0,              0,              0,              0,              0,              0,              0,              0,              0,              0,              0,              0,              0,              0,              0,              0,              0,              0,              0,              0,              0,              0
       373,              0,              0,              0,              0,              0,              0,              0,              0,              0,              0,              0,              0,              0,              0,              0,              0,              0,              0,              0,              0,              0,              0,              0,              0,              0,              0,              0,              0,              0,              0,              0,              0,              0
       374,              0,              0,              0,              0,              0,              0,              0,              0,              0,              0,              0,              0,              0,              0,              0,              0,              0,              0,              0,              0,              0,              0,              0,              0,              0,              0,              0,              0,              0,              0,              0,              0,              0
       375,              0,              0,              0,              0,              0,              0,              0,              0,              0,              0,              0,              0,              0,              0,              0,              0,              0,              0,              0,              0,              0,              0,              0,              0,              0,              0,              0,              0,              0,              0,              0,              0,              0
       376,              0,              0,              0,              0,              0,              0,              0,              0,              0,              0,              0,              0,              0,              0,              0,              0,              0,              0,              0,              0,              0,              0,              0,              0,              0,              0,              0,              0,              0,              0,              0,              0,              0
       377,              0,              0,              0,              0,              0,              0,              0,              0,              0,              0,              0,              0,              0,              0,              0,              0,              0,              0,              0,              0,              0,              0,              0,              0,              0,              0,              0,              0,              0,              0,              0,              0,              0
       378,              0,              0,              0,              0,              0,              0,              0,              0,              0,              0,              0,              0,              0,              0,              0,              0,              0,              0,              0,              0,              0,              0,              0,              0,              0,              0,              0,              0,              0,              0,              0,              0,              0
       379,              0,              0,              0,              0,              0,              0,              0,              0,              0,              0,              0,              0,              0,              0,              0,              0,              0,              0,              0,              0,              0,              0,              0,              0,              0,              0,              0,              0,              0,              0,              0,              0,              0
       380,              0,              0,              0,              0,              0,              0,              0,              0,              0,              0,              0,              0,              0,              0,              0,              0,              0,              0,              0,              0,              0,              0,              0,              0,              0,              0,              0,              0,              0,              0,              0,              0,              0
       381,              0,              0,              0,              0,              0,              0,              0,              0,              0,              0,              0,              0,              0,              0,              0,              0,              0,              0,              0,              0,              0,              0,              0,              0,              0,              0,              0,              0,              0,              0,              0,              0,              0
       382,              0,              0,              0,              0,              0,              0,              0,              0,              0,              0,              0,              0,              0,              0,              0,              0,              0,              0,              0,              0,              0,              0,              0,              0,              0,              0,              0,              0,              0,              0,              0,              0,              0
       383,              0,              0,              0,              0,              0,              0,              0,              0,              0,              0,              0,              0,              0,              0,              0,              0,              0,              0,              0,              0,              0,              0,              0,              0,              0,              0,              0,              0,              0,              0,              0,              0,              0
       384,              0,              0,              0,              0,              0,              0,              0,              0,              0,              0,              0,              0,              0,              0,              0,              0,              0,              0,              0,              0,              0,              0,              0,              0,              0,              0,              0,              0,              0,              0,              0,              0,              0
       385,              0,              0,              0,              0,              0,              0,              0,              0,              0,              0,              0,              0,              0,              0,              0,              0,              0,              0,              0,              0,              0,              0,              0,              0,              0,              0,              0,              0,              0,              0,              0,              0,              0
       386,              0,              0,              0,              0,              0,              0,              0,              0,              0,              0,              0,              0,              0,              0,              0,              0,              0,              0,              0,              0,              0,              0,              0,              0,              0,              0,              0,              0,              0,              0,              0,              0,              0
       387,              0,              0,              0,              0,              0,              0,              0,              0,              0,              0,              0,              0,              0,              0,              0,              0,              0,              0,              0,              0,              0,              0,              0,              0,              0,              0,              0,              0,              0,              0,              0,              0,              0
       388,              0,              0,              0,              0,              0,              0,              0,              0,              0,              0,              0,              0,              0,              0,              0,              0,              0,              0,              0,              0,              0,              0,              0,              0,              0,              0,              0,              0,              0,              0,              0,              0,              0
       389,              0,              0,              0,              0,              0,              0,              0,              0,              0,              0,              0,              0,              0,              0,              0,              0,              0,              0,              0,              0,              0,              0,              0,              0,              0,              0,              0,              0,              0,              0,              0,              0,              0
       390,              0,              0,              0,              0,              0,              0,              0,              0,              0,              0,              0,              0,              0,              0,              0,              0,              0,              0,              0,              0,              0,              0,              0,              0,              0,              0,              0,              0,              0,              0,              0,              0,              0
       391,              0,              0,              0,              0,              0,              0,              0,              0,              0,              0,              0,              0,              0,              0,              0,              0,              0,              0,              0,              0,              0,              0,              0,              0,              0,              0,              0,              0,              0,              0,              0,              0,              0
       392,              0,              0,              0,              0,              0,              0,              0,              0,              0,              0,              0,              0,              0,              0,              0,              0,              0,              0,              0,              0,              0,              0,              0,              0,              0,              0,              0,              0,              0,              0,              0,              0,              0
       393,              0,              0,              0,              0,              0,              0,              0,              0,              0,              0,              0,              0,              0,              0,              0,              0,              0,              0,              0,              0,              0,              0,              0,              0,              0,              0,              0,              0,              0,              0,              0,              0,              0
       394,              0,              0,              0,              0,              0,              0,              0,              0,              0,              0,              0,              0,              0,              0,              0,              0,              0,              0,              0,              0,              0,              0,              0,              0,              0,              0,              0,              0,              0,              0,              0,              0,              0
       395,              0,              0,              0,              0,              0,              0,              0,              0,              0,              0,              0,              0,              0,              0,              0,              0,              0,              0,              0,              0,              0,              0,              0,              0,              0,              0,              0,              0,              0,              0,              0,              0,              0
       396,              0,              0,              0,              0,              0,              0,              0,              0,              0,              0,              0,              0,              0,              0,              0,              0,              0,              0,              0,              0,              0,              0,              0,              0,              0,              0,              0,              0,              0,              0,              0,              0,              0
       397,              0,              0,              0,              0,              0,              0,              0,              0,              0,              0,              0,              0,              0,              0,              0,              0,              0,              0,              0,              0,              0,              0,              0,              0,              0,              0,              0,              0,              0,              0,              0,              0,              0
       398,              0,              0,              0,              0,              0,              0,              0,              0,              0,              0,              0,              0,              0,              0,              0,              0,              0,              0,              0,              0,              0,              0,              0,              0,              0,              0,              0,              0,              0,              0,              0,              0,              0
       399,              0,              0,              0,              0,              0,              0,              0,              0,              0,              0,              0,              0,              0,              0,              0,              0,              0,              0,              0,              0,              0,              0,              0,              0,              0,              0,              0,              0,              0,              0,              0,              0,              0
       400,              0,              0,              0,              0,              0,              0,              0,              0,              0,           0.06,              0,              0,              0,           0.02,              0,              0,              0,              0,              0,              0,              0,              0,              0,              0,              0,              0,              0,              0,              0,              0,              0,              0,              0
