I,J,TOT,HBW,HBShp,HBOth,HBSch_Pr,HBSch_Sc,HBC,NHBW,NHBNW,IX,XI,XX,II_LT,II_MD,II_HV,Ext_MD,Ext_HV,HBSch,HBO,NHB,TTUNIQUE,HBOthnTT,Tot_HBW,Tel_HBW,Tot_NHBW,Tel_NHBW,II_LT_D2D,II_LT_HnS,II_LT_Lcl,II_LT_Reg,II_LT_LHl,II_LT_Unk,II_MD_D2D,II_MD_HnS,II_MD_Lcl,II_MD_Reg,II_MD_LHl,II_MD_Unk,II_HV_D2D,II_HV_HnS,II_HV_Lcl,II_HV_Reg,II_HV_LHl,II_HV_Unk,IX_MD,XI_MD,XX_MD,IX_HV,XI_HV,XX_HV
         1,         1,   127535.66,    11069.19,     9723.00,    50005.28,     4142.12,     4111.75,           0,     7230.76,    17212.08,           0,           0,           0,    16495.91,     5479.92,     2066.98,           0,           0,     8253.87,    59728.12,    24443.07,           0,    50005.28,    12295.78,     1227.19,     7703.87,      472.85,    13227.51,      620.14,     1578.89,      295.00,      120.66,      653.76,       55.96,      749.85,     4182.91,      118.49,       73.72,      299.00,      231.25,      161.23,     1213.58,       90.02,       64.75,      306.22,           0,           0,           0,           0,           0,           0
         1,         2,      952.09,       69.38,        5.33,      386.61,           0,           0,           0,       83.82,      161.58,           0,           0,           0,      191.73,       46.96,        7.00,           0,           0,           0,      391.90,      245.37,           0,      386.61,       76.68,        7.34,       87.21,        3.41,      150.53,        7.64,       21.96,        2.81,        0.89,        7.92,        0.09,        2.78,       41.76,        0.60,        0.32,        1.41,        0.89,        0.31,        4.74,        0.19,        0.08,        0.79,           0,           0,           0,           0,           0,           0
         1,         3,        0.55,           0,           0,           0,           0,           0,           0,           0,           0,           0,           0,           0,        0.55,           0,           0,           0,           0,           0,           0,           0,           0,           0,           0,           0,           0,           0,        0.55,           0,           0,           0,           0,           0,           0,           0,           0,           0,           0,           0,           0,           0,           0,           0,           0,           0,           0,           0,           0,           0,           0,           0
         1,         4,     9305.25,     1856.24,      443.86,     3495.02,      240.04,      340.46,           0,      638.68,      891.31,           0,           0,           0,      457.83,      595.45,      346.90,           0,           0,      580.50,     3938.85,     1529.92,           0,     3495.02,     2069.57,      213.25,      669.27,       30.17,      147.29,       43.36,      172.27,       30.60,        8.17,       56.14,        2.81,       77.63,      462.58,       18.01,       10.13,       24.29,       52.46,       39.72,      145.25,       34.55,       18.86,       56.07,           0,           0,           0,           0,           0,           0
         1,         5,     4663.86,     1238.19,       85.82,     1429.26,       14.71,       25.69,      217.00,      416.02,      412.01,           0,           0,           0,      201.73,      395.20,      230.58,           0,           0,       40.40,     1515.01,      827.60,           0,     1429.26,     1397.11,      160.35,      442.91,       26.92,       10.80,       25.77,      104.25,       22.97,        7.03,       30.91,        3.19,       53.69,      300.02,       12.86,        7.77,       17.67,       28.90,       23.41,      119.03,       18.17,        8.31,       32.75,           0,           0,           0,           0,           0,           0
         1,         6,        7.31,        0.07,           0,        2.06,           0,           0,           0,        0.04,        0.11,           0,           0,           0,        5.01,        0.02,           0,           0,           0,           0,        2.06,        0.15,           0,        2.06,        0.07,           0,        0.04,           0,        5.01,           0,           0,           0,           0,           0,           0,           0,        0.02,           0,           0,           0,           0,           0,           0,           0,           0,           0,           0,           0,           0,           0,           0,           0
         1,         7,        0.11,        0.01,           0,        0.05,           0,           0,           0,           0,           0,           0,           0,           0,        0.05,           0,           0,           0,           0,           0,        0.05,           0,           0,        0.05,        0.01,           0,           0,           0,        0.05,           0,           0,           0,           0,           0,           0,           0,           0,           0,           0,           0,           0,           0,           0,           0,           0,           0,           0,           0,           0,           0,           0,           0
         1,         8,     3348.56,      909.07,       13.30,      873.07,       12.87,       26.99,       24.00,      379.72,      328.07,           0,           0,           0,      217.34,      450.88,      114.90,           0,           0,       39.86,      886.37,      707.52,           0,      873.07,     1049.28,      141.41,      405.21,       25.90,        1.54,       27.51,      119.64,       25.12,        7.69,       35.83,        1.95,       47.70,      329.21,       11.65,       11.74,       48.63,       25.88,       10.84,       51.22,        9.89,        4.29,       12.78,           0,           0,           0,           0,           0,           0
         1,         9,      866.86,      163.80,       13.79,      209.44,        1.76,        1.84,           0,       76.52,       73.66,           0,           0,           0,       71.48,      193.53,       61.18,           0,           0,        3.60,      223.23,      150.16,           0,      209.44,      184.80,       20.64,       78.76,        2.27,           0,        7.12,       40.63,       10.86,        3.06,        9.81,        0.51,       22.34,      134.20,        4.00,        7.22,       25.28,        4.70,        6.14,       34.46,        5.04,        2.96,        7.89,           0,           0,           0,           0,           0,           0
         1,        10,        0.52,           0,           0,        0.51,           0,           0,           0,           0,        0.01,           0,           0,           0,           0,           0,           0,           0,           0,           0,        0.51,        0.01,           0,        0.51,           0,           0,           0,           0,           0,           0,           0,           0,           0,           0,           0,           0,           0,           0,           0,           0,           0,           0,           0,           0,           0,           0,           0,           0,           0,           0,           0,           0
         1,        11,      223.89,       89.14,        5.33,       65.21,           0,           0,           0,        7.96,        2.43,           0,           0,           0,       16.24,       25.76,       11.97,           0,           0,           0,       70.55,       10.38,           0,       65.21,       99.49,       10.10,        8.27,        0.33,           0,        1.00,        8.07,        3.19,        1.07,        2.92,           0,       16.47,        7.13,        1.91,        0.12,        0.14,           0,        1.24,        5.56,        0.83,        1.44,        2.90,           0,           0,           0,           0,           0,           0
         1,        12,     1051.25,      286.93,        8.99,      451.89,        0.08,           0,        9.00,       48.27,       25.36,           0,           0,           0,       73.37,      103.64,       44.21,           0,           0,        0.08,      460.88,       73.53,      168.00,      283.89,      320.44,       33.36,       49.28,        1.01,           0,        4.15,       37.58,       14.05,        5.06,       12.58,        0.02,       66.92,       29.23,        7.02,        0.27,        0.23,           0,        4.26,       24.04,        2.83,        4.19,        8.89,           0,           0,           0,           0,           0,           0
         1,        13,      392.06,      121.80,        9.82,      172.50,           0,           0,        2.00,       21.71,       17.93,           0,           0,           0,       22.65,       19.29,        4.45,           0,           0,           0,      182.31,       39.61,           0,      172.50,      143.35,       21.23,       21.92,        0.23,           0,        0.87,       13.48,        4.31,        1.37,        2.62,           0,       12.62,        5.75,        0.89,           0,        0.03,           0,        0.10,        3.65,        0.05,        0.08,        0.57,           0,           0,           0,           0,           0,           0
         1,        14,      992.13,      327.67,       12.38,      413.47,           0,           0,        7.00,       61.50,       34.40,           0,           0,           0,       52.65,       66.74,       16.89,           0,           0,           0,      425.84,       95.56,           0,      413.47,      362.38,       34.17,       64.62,        3.40,           0,        4.79,       29.73,        9.98,        1.37,        6.89,           0,       46.17,       18.86,        1.64,           0,        0.12,           0,        0.74,       13.42,        0.26,        0.34,        2.13,           0,           0,           0,           0,           0,           0
         1,        15,        9.12,        3.08,           0,        0.73,           0,           0,           0,           0,           0,           0,           0,           0,        0.37,        2.01,        2.94,           0,           0,           0,        0.73,           0,           0,        0.73,        3.12,        0.05,           0,           0,           0,           0,        0.13,        0.18,        0.01,        0.05,           0,        1.74,        0.22,        0.05,           0,           0,           0,        0.08,        1.20,        0.11,        0.21,        1.34,           0,           0,           0,           0,           0,           0
         1,        16,      125.31,       44.36,        1.38,       27.69,           0,           0,           0,        3.96,        1.01,           0,           0,           0,       12.92,       19.25,       14.94,           0,           0,           0,       29.05,        4.97,           0,       27.69,       47.57,        3.15,        3.96,        0.02,           0,           0,        7.37,        3.93,        0.49,        1.13,           0,       14.72,        4.02,        0.52,           0,           0,           0,        0.56,        9.69,        0.47,        1.05,        3.17,           0,           0,           0,           0,           0,           0
         1,        17,      124.72,       42.81,        1.70,       36.24,           0,           0,           0,        4.22,        0.99,           0,           0,           0,       13.01,       16.56,        9.32,           0,           0,           0,       37.93,        5.20,           0,       36.24,       46.55,        3.83,        4.22,           0,           0,           0,        7.86,        3.83,        0.30,        1.02,           0,       12.25,        3.94,        0.38,           0,           0,           0,        0.21,        6.87,        0.14,        0.34,        1.76,           0,           0,           0,           0,           0,           0
         1,        18,        0.30,        0.18,           0,        0.06,           0,           0,           0,           0,           0,           0,           0,           0,        0.06,           0,           0,           0,           0,           0,        0.06,           0,           0,        0.06,        0.18,           0,           0,           0,           0,           0,           0,        0.06,           0,           0,           0,           0,           0,           0,           0,           0,           0,           0,           0,           0,           0,           0,           0,           0,           0,           0,           0,           0
         1,        19,        0.07,           0,           0,           0,           0,           0,           0,           0,           0,           0,           0,           0,           0,           0,        0.07,           0,           0,           0,           0,           0,           0,           0,           0,           0,           0,           0,           0,           0,           0,           0,           0,           0,           0,           0,           0,           0,           0,           0,           0,           0,           0,        0.03,        0.04,           0,           0,           0,           0,           0,           0,           0
         1,        20,       11.21,        3.08,           0,           0,           0,           0,           0,           0,           0,           0,           0,           0,        0.29,        1.99,        5.85,           0,           0,           0,           0,           0,           0,           0,        3.30,        0.25,           0,           0,           0,           0,           0,        0.29,           0,           0,           0,           0,        1.99,           0,           0,           0,           0,        0.09,        1.75,        0.66,        1.12,        2.23,           0,           0,           0,           0,           0,           0
         1,        21,        6.55,        0.03,           0,           0,           0,           0,        5.00,           0,           0,           0,           0,           0,           0,           0,        1.52,           0,           0,           0,           0,           0,           0,           0,        0.03,           0,           0,           0,           0,           0,           0,           0,           0,           0,           0,           0,           0,           0,           0,           0,           0,           0,        0.05,        0.44,        0.70,        0.33,           0,           0,           0,           0,           0,           0
         1,        22,        0.64,           0,           0,           0,           0,           0,           0,           0,           0,           0,           0,           0,           0,           0,        0.64,           0,           0,           0,           0,           0,           0,           0,           0,           0,           0,           0,           0,           0,           0,           0,           0,           0,           0,           0,           0,           0,           0,           0,           0,           0,           0,        0.26,        0.38,           0,           0,           0,           0,           0,           0,           0
         1,        23,           0,           0,           0,           0,           0,           0,           0,           0,           0,           0,           0,           0,           0,           0,           0,           0,           0,           0,           0,           0,           0,           0,           0,           0,           0,           0,           0,           0,           0,           0,           0,           0,           0,           0,           0,           0,           0,           0,           0,           0,           0,           0,           0,           0,           0,           0,           0,           0,           0,           0
         1,        24,           0,           0,           0,           0,           0,           0,           0,           0,           0,           0,           0,           0,           0,           0,           0,           0,           0,           0,           0,           0,           0,           0,           0,           0,           0,           0,           0,           0,           0,           0,           0,           0,           0,           0,           0,           0,           0,           0,           0,           0,           0,           0,           0,           0,           0,           0,           0,           0,           0,           0
         1,        25,           0,           0,           0,           0,           0,           0,           0,           0,           0,           0,           0,           0,           0,           0,           0,           0,           0,           0,           0,           0,           0,           0,           0,           0,           0,           0,           0,           0,           0,           0,           0,           0,           0,           0,           0,           0,           0,           0,           0,           0,           0,           0,           0,           0,           0,           0,           0,           0,           0,           0
         1,        26,           0,           0,           0,           0,           0,           0,           0,           0,           0,           0,           0,           0,           0,           0,           0,           0,           0,           0,           0,           0,           0,           0,           0,           0,           0,           0,           0,           0,           0,           0,           0,           0,           0,           0,           0,           0,           0,           0,           0,           0,           0,           0,           0,           0,           0,           0,           0,           0,           0,           0
         1,        27,     8263.71,           0,           0,           0,           0,           0,           0,           0,           0,     7532.41,           0,           0,           0,           0,           0,      513.24,      218.16,           0,           0,           0,           0,           0,           0,           0,           0,           0,           0,           0,           0,           0,           0,           0,           0,           0,           0,           0,           0,           0,           0,           0,           0,           0,           0,           0,      513.24,           0,           0,      218.16,           0,           0
         2,         1,     3544.89,      529.40,      411.03,     1361.74,      273.47,      342.81,           0,       74.53,      172.96,           0,           0,           0,      326.35,       45.74,        6.90,           0,           0,      616.28,     1772.80,      247.47,           0,     1361.74,      587.02,       57.67,       79.20,        4.69,      289.38,        6.72,       19.68,        2.70,        0.81,        7.07,        0.08,        2.32,       41.05,        0.59,        0.32,        1.38,        0.85,        0.31,        4.68,        0.19,        0.08,        0.79,           0,           0,           0,           0,           0,           0
         2,         2,     2943.62,       61.80,      161.44,     1518.37,           0,           0,           0,       68.15,      262.86,           0,           0,           0,      844.76,       24.72,        1.52,           0,           0,           0,     1679.81,      331.00,           0,     1518.37,       68.66,        6.87,       71.07,        2.93,      825.56,        3.97,        9.99,        0.78,        0.29,        4.18,        0.02,        0.41,       23.74,        0.08,        0.06,        0.41,        0.05,        0.07,        1.25,        0.01,        0.01,        0.13,           0,           0,           0,           0,           0,           0
         2,         3,        0.04,           0,           0,           0,           0,           0,           0,           0,           0,           0,           0,           0,        0.04,           0,           0,           0,           0,           0,           0,           0,           0,           0,           0,           0,           0,           0,        0.04,           0,           0,           0,           0,           0,           0,           0,           0,           0,           0,           0,           0,           0,           0,           0,           0,           0,           0,           0,           0,           0,           0,           0
         2,         4,      546.31,      132.05,        5.37,      212.95,       38.20,        9.84,           0,       30.50,       38.03,           0,           0,           0,       53.05,       21.69,        4.73,           0,           0,       48.03,      218.32,       68.52,           0,      212.95,      147.44,       15.41,       32.31,        1.79,       36.73,        2.55,        8.73,        1.62,        0.30,        3.12,        0.02,        1.13,       19.53,        0.29,        0.20,        0.52,        0.60,        0.50,        2.28,        0.42,        0.13,        0.80,           0,           0,           0,           0,           0,           0
         2,         5,      342.63,       92.62,        6.68,      147.74,       13.27,        2.69,           0,       21.09,       23.41,           0,           0,           0,       16.21,       15.47,        3.58,           0,           0,       15.96,      154.42,       44.46,           0,      147.74,      104.92,       12.38,       22.68,        1.61,        4.65,        1.88,        5.84,        1.28,        0.30,        2.27,        0.02,        1.00,       13.63,        0.21,        0.17,        0.44,        0.28,        0.26,        2.41,        0.17,        0.02,        0.44,           0,           0,           0,           0,           0,           0
         2,         6,        1.53,        0.01,           0,        0.28,           0,           0,           0,        0.01,        0.01,           0,           0,           0,        1.22,           0,           0,           0,           0,           0,        0.28,        0.02,           0,        0.28,        0.01,           0,        0.01,           0,        1.22,           0,           0,           0,           0,           0,           0,           0,           0,           0,           0,           0,           0,           0,           0,           0,           0,           0,           0,           0,           0,           0,           0,           0
         2,         7,        0.03,        0.01,           0,        0.02,           0,           0,           0,           0,           0,           0,           0,           0,           0,           0,           0,           0,           0,           0,        0.02,           0,           0,        0.02,        0.01,           0,           0,           0,           0,           0,           0,           0,           0,           0,           0,           0,           0,           0,           0,           0,           0,           0,           0,           0,           0,           0,           0,           0,           0,           0,           0,           0
         2,         8,      254.17,       60.00,        3.72,      101.13,       20.28,        0.35,           0,       17.43,       18.22,           0,           0,           0,       14.43,       17.15,        1.66,           0,           0,       20.63,      104.85,       35.64,           0,      101.13,       69.59,        9.66,       18.86,        1.43,        0.92,        2.22,        7.08,        1.40,        0.34,        2.47,           0,        0.88,       14.52,        0.16,        0.23,        1.36,        0.27,        0.09,        1.04,        0.07,        0.04,        0.15,           0,           0,           0,           0,           0,           0
         2,         9,       91.20,       19.87,        4.21,       38.00,        3.62,           0,           0,        4.91,        5.92,           0,           0,           0,        5.74,        8.11,        0.85,           0,           0,        3.62,       42.21,       10.82,           0,       38.00,       22.85,        2.95,        5.25,        0.34,           0,        0.72,        3.06,        0.71,        0.17,        1.08,           0,        0.42,        6.86,        0.03,        0.15,        0.65,        0.01,        0.03,        0.72,           0,           0,        0.09,           0,           0,           0,           0,           0,           0
         2,        10,        0.11,           0,           0,        0.11,           0,           0,           0,           0,           0,           0,           0,           0,           0,           0,           0,           0,           0,           0,        0.11,           0,           0,        0.11,           0,           0,           0,           0,           0,           0,           0,           0,           0,           0,           0,           0,           0,           0,           0,           0,           0,           0,           0,           0,           0,           0,           0,           0,           0,           0,           0,           0
         2,        11,       20.01,       10.13,        0.58,        7.19,           0,           0,           0,        0.28,        0.06,           0,           0,           0,        1.01,        0.62,        0.15,           0,           0,           0,        7.77,        0.33,           0,        7.19,       11.46,        1.32,        0.30,        0.01,           0,        0.03,        0.58,        0.16,        0.04,        0.20,           0,        0.22,        0.37,        0.03,           0,           0,           0,           0,        0.10,           0,           0,        0.05,           0,           0,           0,           0,           0,           0
         2,        12,       91.15,       34.71,        1.35,       43.39,           0,           0,           0,        2.53,        0.75,           0,           0,           0,        5.17,        2.76,        0.61,           0,           0,           0,       44.72,        3.27,        4.00,       39.39,       39.67,        5.01,        2.60,        0.09,           0,        0.19,        2.83,        0.87,        0.17,        1.11,           0,        1.08,        1.57,        0.11,           0,           0,           0,        0.02,        0.48,           0,        0.02,        0.09,           0,           0,           0,           0,           0,           0
         2,        13,       48.34,       14.92,        2.07,       26.54,           0,           0,           0,        1.38,        0.92,           0,           0,           0,        1.85,        0.64,        0.05,           0,           0,           0,       28.61,        2.29,           0,       26.54,       18.07,        3.13,        1.41,        0.03,           0,        0.06,        1.08,        0.30,        0.06,        0.35,           0,        0.16,        0.48,           0,           0,           0,           0,           0,        0.05,           0,           0,           0,           0,           0,           0,           0,           0,           0
         2,        14,       99.93,       38.67,        1.79,       49.60,           0,           0,           0,        2.77,        0.64,           0,           0,           0,        4.48,        1.87,        0.23,           0,           0,           0,       51.37,        3.41,           0,       49.60,       44.30,        5.59,        2.88,        0.11,           0,        0.08,        2.90,        0.68,        0.04,        0.79,           0,        0.53,        1.35,        0.01,           0,           0,           0,           0,        0.21,           0,           0,        0.02,           0,           0,           0,           0,           0,           0
         2,        15,        0.29,        0.24,           0,           0,           0,           0,           0,           0,           0,           0,           0,           0,        0.01,        0.01,        0.03,           0,           0,           0,           0,           0,           0,           0,        0.24,        0.02,           0,           0,           0,           0,           0,        0.01,           0,           0,           0,           0,        0.01,           0,           0,           0,           0,           0,        0.01,           0,           0,        0.02,           0,           0,           0,           0,           0,           0
         2,        16,        6.50,        4.82,           0,        0.44,           0,           0,           0,           0,           0,           0,           0,           0,        0.83,        0.27,        0.16,           0,           0,           0,        0.44,           0,           0,        0.44,        5.36,        0.67,           0,           0,           0,           0,        0.44,        0.25,        0.01,        0.13,           0,        0.05,        0.22,           0,           0,           0,           0,           0,        0.16,           0,           0,           0,           0,           0,           0,           0,           0,           0
         2,        17,        6.37,        4.81,           0,        0.26,           0,           0,           0,           0,           0,           0,           0,           0,        0.96,        0.26,        0.11,           0,           0,           0,        0.26,           0,           0,        0.26,        5.47,        0.69,           0,           0,           0,           0,        0.55,        0.28,           0,        0.13,           0,        0.06,        0.20,           0,           0,           0,           0,           0,        0.11,           0,           0,           0,           0,           0,           0,           0,           0,           0
         2,        18,        0.01,        0.01,           0,           0,           0,           0,           0,           0,           0,           0,           0,           0,           0,           0,           0,           0,           0,           0,           0,           0,           0,           0,        0.01,           0,           0,           0,           0,           0,           0,           0,           0,           0,           0,           0,           0,           0,           0,           0,           0,           0,           0,           0,           0,           0,           0,           0,           0,           0,           0,           0
         2,        19,           0,           0,           0,           0,           0,           0,           0,           0,           0,           0,           0,           0,           0,           0,           0,           0,           0,           0,           0,           0,           0,           0,           0,           0,           0,           0,           0,           0,           0,           0,           0,           0,           0,           0,           0,           0,           0,           0,           0,           0,           0,           0,           0,           0,           0,           0,           0,           0,           0,           0
         2,        20,           0,           0,           0,           0,           0,           0,           0,           0,           0,           0,           0,           0,           0,           0,           0,           0,           0,           0,           0,           0,           0,           0,           0,           0,           0,           0,           0,           0,           0,           0,           0,           0,           0,           0,           0,           0,           0,           0,           0,           0,           0,           0,           0,           0,           0,           0,           0,           0,           0,           0
         2,        21,           0,           0,           0,           0,           0,           0,           0,           0,           0,           0,           0,           0,           0,           0,           0,           0,           0,           0,           0,           0,           0,           0,           0,           0,           0,           0,           0,           0,           0,           0,           0,           0,           0,           0,           0,           0,           0,           0,           0,           0,           0,           0,           0,           0,           0,           0,           0,           0,           0,           0
         2,        22,           0,           0,           0,           0,           0,           0,           0,           0,           0,           0,           0,           0,           0,           0,           0,           0,           0,           0,           0,           0,           0,           0,           0,           0,           0,           0,           0,           0,           0,           0,           0,           0,           0,           0,           0,           0,           0,           0,           0,           0,           0,           0,           0,           0,           0,           0,           0,           0,           0,           0
         2,        23,           0,           0,           0,           0,           0,           0,           0,           0,           0,           0,           0,           0,           0,           0,           0,           0,           0,           0,           0,           0,           0,           0,           0,           0,           0,           0,           0,           0,           0,           0,           0,           0,           0,           0,           0,           0,           0,           0,           0,           0,           0,           0,           0,           0,           0,           0,           0,           0,           0,           0
         2,        24,           0,           0,           0,           0,           0,           0,           0,           0,           0,           0,           0,           0,           0,           0,           0,           0,           0,           0,           0,           0,           0,           0,           0,           0,           0,           0,           0,           0,           0,           0,           0,           0,           0,           0,           0,           0,           0,           0,           0,           0,           0,           0,           0,           0,           0,           0,           0,           0,           0,           0
         2,        25,           0,           0,           0,           0,           0,           0,           0,           0,           0,           0,           0,           0,           0,           0,           0,           0,           0,           0,           0,           0,           0,           0,           0,           0,           0,           0,           0,           0,           0,           0,           0,           0,           0,           0,           0,           0,           0,           0,           0,           0,           0,           0,           0,           0,           0,           0,           0,           0,           0,           0
         2,        26,           0,           0,           0,           0,           0,           0,           0,           0,           0,           0,           0,           0,           0,           0,           0,           0,           0,           0,           0,           0,           0,           0,           0,           0,           0,           0,           0,           0,           0,           0,           0,           0,           0,           0,           0,           0,           0,           0,           0,           0,           0,           0,           0,           0,           0,           0,           0,           0,           0,           0
         2,        27,      295.49,           0,           0,           0,           0,           0,           0,           0,           0,      290.87,           0,           0,           0,           0,           0,        3.23,        1.39,           0,           0,           0,           0,           0,           0,           0,           0,           0,           0,           0,           0,           0,           0,           0,           0,           0,           0,           0,           0,           0,           0,           0,           0,           0,           0,           0,        3.23,           0,           0,        1.39,           0,           0
         3,         1,        0.99,           0,           0,           0,           0,           0,           0,           0,           0,           0,           0,           0,        0.99,           0,           0,           0,           0,           0,           0,           0,           0,           0,           0,           0,           0,           0,        0.99,           0,           0,           0,           0,           0,           0,           0,           0,           0,           0,           0,           0,           0,           0,           0,           0,           0,           0,           0,           0,           0,           0,           0
         3,         2,        0.04,           0,           0,           0,           0,           0,           0,           0,           0,           0,           0,           0,        0.04,           0,           0,           0,           0,           0,           0,           0,           0,           0,           0,           0,           0,           0,        0.04,           0,           0,           0,           0,           0,           0,           0,           0,           0,           0,           0,           0,           0,           0,           0,           0,           0,           0,           0,           0,           0,           0,           0
         3,         3,       20.11,           0,           0,           0,           0,           0,           0,           0,           0,           0,           0,           0,       20.11,           0,           0,           0,           0,           0,           0,           0,           0,           0,           0,           0,           0,           0,       20.11,           0,           0,           0,           0,           0,           0,           0,           0,           0,           0,           0,           0,           0,           0,           0,           0,           0,           0,           0,           0,           0,           0,           0
         3,         4,       72.34,           0,           0,           0,           0,           0,           0,           0,           0,           0,           0,           0,       72.34,           0,           0,           0,           0,           0,           0,           0,           0,           0,           0,           0,           0,           0,       72.34,           0,           0,           0,           0,           0,           0,           0,           0,           0,           0,           0,           0,           0,           0,           0,           0,           0,           0,           0,           0,           0,           0,           0
         3,         5,        8.19,           0,           0,           0,           0,           0,           0,           0,           0,           0,           0,           0,        8.19,           0,           0,           0,           0,           0,           0,           0,           0,           0,           0,           0,           0,           0,        8.19,           0,           0,           0,           0,           0,           0,           0,           0,           0,           0,           0,           0,           0,           0,           0,           0,           0,           0,           0,           0,           0,           0,           0
         3,         6,        0.08,           0,           0,           0,           0,           0,           0,           0,           0,           0,           0,           0,        0.08,           0,           0,           0,           0,           0,           0,           0,           0,           0,           0,           0,           0,           0,        0.08,           0,           0,           0,           0,           0,           0,           0,           0,           0,           0,           0,           0,           0,           0,           0,           0,           0,           0,           0,           0,           0,           0,           0
         3,         7,           0,           0,           0,           0,           0,           0,           0,           0,           0,           0,           0,           0,           0,           0,           0,           0,           0,           0,           0,           0,           0,           0,           0,           0,           0,           0,           0,           0,           0,           0,           0,           0,           0,           0,           0,           0,           0,           0,           0,           0,           0,           0,           0,           0,           0,           0,           0,           0,           0,           0
         3,         8,        2.64,           0,           0,           0,           0,           0,           0,           0,           0,           0,           0,           0,        2.64,           0,           0,           0,           0,           0,           0,           0,           0,           0,           0,           0,           0,           0,        2.64,           0,           0,           0,           0,           0,           0,           0,           0,           0,           0,           0,           0,           0,           0,           0,           0,           0,           0,           0,           0,           0,           0,           0
         3,         9,           0,           0,           0,           0,           0,           0,           0,           0,           0,           0,           0,           0,           0,           0,           0,           0,           0,           0,           0,           0,           0,           0,           0,           0,           0,           0,           0,           0,           0,           0,           0,           0,           0,           0,           0,           0,           0,           0,           0,           0,           0,           0,           0,           0,           0,           0,           0,           0,           0,           0
         3,        10,           0,           0,           0,           0,           0,           0,           0,           0,           0,           0,           0,           0,           0,           0,           0,           0,           0,           0,           0,           0,           0,           0,           0,           0,           0,           0,           0,           0,           0,           0,           0,           0,           0,           0,           0,           0,           0,           0,           0,           0,           0,           0,           0,           0,           0,           0,           0,           0,           0,           0
         3,        11,           0,           0,           0,           0,           0,           0,           0,           0,           0,           0,           0,           0,           0,           0,           0,           0,           0,           0,           0,           0,           0,           0,           0,           0,           0,           0,           0,           0,           0,           0,           0,           0,           0,           0,           0,           0,           0,           0,           0,           0,           0,           0,           0,           0,           0,           0,           0,           0,           0,           0
         3,        12,           0,           0,           0,           0,           0,           0,           0,           0,           0,           0,           0,           0,           0,           0,           0,           0,           0,           0,           0,           0,           0,           0,           0,           0,           0,           0,           0,           0,           0,           0,           0,           0,           0,           0,           0,           0,           0,           0,           0,           0,           0,           0,           0,           0,           0,           0,           0,           0,           0,           0
         3,        13,           0,           0,           0,           0,           0,           0,           0,           0,           0,           0,           0,           0,           0,           0,           0,           0,           0,           0,           0,           0,           0,           0,           0,           0,           0,           0,           0,           0,           0,           0,           0,           0,           0,           0,           0,           0,           0,           0,           0,           0,           0,           0,           0,           0,           0,           0,           0,           0,           0,           0
         3,        14,           0,           0,           0,           0,           0,           0,           0,           0,           0,           0,           0,           0,           0,           0,           0,           0,           0,           0,           0,           0,           0,           0,           0,           0,           0,           0,           0,           0,           0,           0,           0,           0,           0,           0,           0,           0,           0,           0,           0,           0,           0,           0,           0,           0,           0,           0,           0,           0,           0,           0
         3,        15,           0,           0,           0,           0,           0,           0,           0,           0,           0,           0,           0,           0,           0,           0,           0,           0,           0,           0,           0,           0,           0,           0,           0,           0,           0,           0,           0,           0,           0,           0,           0,           0,           0,           0,           0,           0,           0,           0,           0,           0,           0,           0,           0,           0,           0,           0,           0,           0,           0,           0
         3,        16,           0,           0,           0,           0,           0,           0,           0,           0,           0,           0,           0,           0,           0,           0,           0,           0,           0,           0,           0,           0,           0,           0,           0,           0,           0,           0,           0,           0,           0,           0,           0,           0,           0,           0,           0,           0,           0,           0,           0,           0,           0,           0,           0,           0,           0,           0,           0,           0,           0,           0
         3,        17,           0,           0,           0,           0,           0,           0,           0,           0,           0,           0,           0,           0,           0,           0,           0,           0,           0,           0,           0,           0,           0,           0,           0,           0,           0,           0,           0,           0,           0,           0,           0,           0,           0,           0,           0,           0,           0,           0,           0,           0,           0,           0,           0,           0,           0,           0,           0,           0,           0,           0
         3,        18,           0,           0,           0,           0,           0,           0,           0,           0,           0,           0,           0,           0,           0,           0,           0,           0,           0,           0,           0,           0,           0,           0,           0,           0,           0,           0,           0,           0,           0,           0,           0,           0,           0,           0,           0,           0,           0,           0,           0,           0,           0,           0,           0,           0,           0,           0,           0,           0,           0,           0
         3,        19,           0,           0,           0,           0,           0,           0,           0,           0,           0,           0,           0,           0,           0,           0,           0,           0,           0,           0,           0,           0,           0,           0,           0,           0,           0,           0,           0,           0,           0,           0,           0,           0,           0,           0,           0,           0,           0,           0,           0,           0,           0,           0,           0,           0,           0,           0,           0,           0,           0,           0
         3,        20,           0,           0,           0,           0,           0,           0,           0,           0,           0,           0,           0,           0,           0,           0,           0,           0,           0,           0,           0,           0,           0,           0,           0,           0,           0,           0,           0,           0,           0,           0,           0,           0,           0,           0,           0,           0,           0,           0,           0,           0,           0,           0,           0,           0,           0,           0,           0,           0,           0,           0
         3,        21,           0,           0,           0,           0,           0,           0,           0,           0,           0,           0,           0,           0,           0,           0,           0,           0,           0,           0,           0,           0,           0,           0,           0,           0,           0,           0,           0,           0,           0,           0,           0,           0,           0,           0,           0,           0,           0,           0,           0,           0,           0,           0,           0,           0,           0,           0,           0,           0,           0,           0
         3,        22,           0,           0,           0,           0,           0,           0,           0,           0,           0,           0,           0,           0,           0,           0,           0,           0,           0,           0,           0,           0,           0,           0,           0,           0,           0,           0,           0,           0,           0,           0,           0,           0,           0,           0,           0,           0,           0,           0,           0,           0,           0,           0,           0,           0,           0,           0,           0,           0,           0,           0
         3,        23,           0,           0,           0,           0,           0,           0,           0,           0,           0,           0,           0,           0,           0,           0,           0,           0,           0,           0,           0,           0,           0,           0,           0,           0,           0,           0,           0,           0,           0,           0,           0,           0,           0,           0,           0,           0,           0,           0,           0,           0,           0,           0,           0,           0,           0,           0,           0,           0,           0,           0
         3,        24,           0,           0,           0,           0,           0,           0,           0,           0,           0,           0,           0,           0,           0,           0,           0,           0,           0,           0,           0,           0,           0,           0,           0,           0,           0,           0,           0,           0,           0,           0,           0,           0,           0,           0,           0,           0,           0,           0,           0,           0,           0,           0,           0,           0,           0,           0,           0,           0,           0,           0
         3,        25,           0,           0,           0,           0,           0,           0,           0,           0,           0,           0,           0,           0,           0,           0,           0,           0,           0,           0,           0,           0,           0,           0,           0,           0,           0,           0,           0,           0,           0,           0,           0,           0,           0,           0,           0,           0,           0,           0,           0,           0,           0,           0,           0,           0,           0,           0,           0,           0,           0,           0
         3,        26,           0,           0,           0,           0,           0,           0,           0,           0,           0,           0,           0,           0,           0,           0,           0,           0,           0,           0,           0,           0,           0,           0,           0,           0,           0,           0,           0,           0,           0,           0,           0,           0,           0,           0,           0,           0,           0,           0,           0,           0,           0,           0,           0,           0,           0,           0,           0,           0,           0,           0
         3,        27,           0,           0,           0,           0,           0,           0,           0,           0,           0,           0,           0,           0,           0,           0,           0,           0,           0,           0,           0,           0,           0,           0,           0,           0,           0,           0,           0,           0,           0,           0,           0,           0,           0,           0,           0,           0,           0,           0,           0,           0,           0,           0,           0,           0,           0,           0,           0,           0,           0,           0
         4,         1,     7786.07,     2910.25,      210.19,     2205.88,       16.46,       50.67,           0,      471.04,      663.49,           0,           0,           0,      390.58,      559.53,      307.82,           0,           0,       67.13,     2416.07,     1134.50,           0,     2205.88,     3210.21,      299.45,      487.01,       15.85,      133.72,       31.63,      143.28,       28.68,        6.96,       46.31,        2.09,       68.26,      439.33,       17.03,        9.95,       22.87,       49.16,       37.22,      119.41,       33.71,       17.80,       50.52,           0,           0,           0,           0,           0,           0
         4,         2,      191.82,       40.31,        0.16,       42.35,           0,           0,           0,       23.51,       23.04,           0,           0,           0,       37.62,       20.77,        4.05,           0,           0,           0,       42.51,       46.55,           0,       42.35,       44.14,        3.84,       24.20,        0.69,       22.84,        2.03,        7.96,        1.61,        0.30,        2.88,        0.02,        1.13,       18.62,        0.29,        0.19,        0.52,        0.58,        0.47,        1.79,        0.42,        0.10,        0.69,           0,           0,           0,           0,           0,           0
         4,         3,       64.31,           0,           0,           0,           0,           0,           0,           0,           0,           0,           0,           0,       64.31,           0,           0,           0,           0,           0,           0,           0,           0,           0,           0,           0,           0,           0,       64.31,           0,           0,           0,           0,           0,           0,           0,           0,           0,           0,           0,           0,           0,           0,           0,           0,           0,           0,           0,           0,           0,           0,           0
         4,         4,   468030.46,    40593.48,    38867.02,   215193.66,    20956.99,    19337.06,           0,    21591.33,    51142.42,           0,           0,           0,    40556.17,    11519.92,     8309.02,           0,           0,    40293.62,   254053.61,    72727.14,           0,   215193.66,    45528.03,     4938.02,    23009.28,     1419.05,    29582.49,     1949.62,     5399.76,      981.86,      338.60,     2305.58,      113.58,     2440.07,     7944.80,      292.96,      177.38,      552.28,     1061.57,      789.40,     4204.01,      490.24,      385.85,     1379.30,           0,           0,           0,           0,           0,           0
         4,         5,   146130.53,    28172.24,    15164.52,    60684.91,     1278.53,     2656.21,     2898.00,     7846.80,    15672.05,           0,           0,           0,     4597.33,     4184.53,     3042.15,           0,           0,     3933.64,    75835.34,    23504.63,           0,    60684.91,    31997.89,     3833.22,     8494.55,      654.00,      750.45,      674.51,     1914.80,      387.89,      138.88,      738.31,       41.35,      915.23,     2820.29,      127.15,       76.23,      208.20,      477.07,      229.30,     1616.16,      168.20,      113.81,      441.52,           0,           0,           0,           0,           0,           0
         4,         6,      178.00,        2.83,           0,       79.67,           0,           0,           0,        2.26,        7.17,           0,           0,           0,       85.16,        0.80,        0.10,           0,           0,           0,       79.67,        9.43,           0,       79.67,        3.15,        0.32,        2.26,           0,       84.20,        0.12,        0.65,        0.03,           0,        0.16,           0,        0.03,        0.77,           0,           0,           0,        0.04,           0,        0.06,           0,           0,           0,           0,           0,           0,           0,           0,           0
         4,         7,       48.72,        1.05,           0,        1.26,           0,           0,           0,        0.09,        0.19,           0,           0,           0,       46.13,           0,           0,           0,           0,           0,        1.26,        0.28,           0,        1.26,        1.07,        0.02,        0.09,           0,       46.13,           0,           0,           0,           0,           0,           0,           0,           0,           0,           0,           0,           0,           0,           0,           0,           0,           0,           0,           0,           0,           0,           0,           0
         4,         8,    74169.30,    19935.75,     3230.87,    30934.59,      781.92,     1431.39,      422.00,     4417.37,     7257.46,           0,           0,           0,     2575.20,     2424.62,      822.12,           0,           0,     2212.83,    34160.29,    11663.32,           0,    30934.59,    23165.84,     3245.44,     4781.75,      370.26,      404.32,      342.24,     1149.18,      215.52,       53.71,      415.02,       17.28,      359.95,     1726.84,       63.41,       48.82,      210.54,      315.01,       58.58,      280.55,       48.19,       29.86,       90.79,           0,           0,           0,           0,           0,           0
         4,         9,     7996.74,     2837.71,      163.65,     1993.14,       10.34,       61.85,           0,      702.82,      727.30,           0,           0,           0,      455.95,      744.48,      312.82,           0,           0,       72.18,     2156.52,     1428.43,           0,     1993.14,     3269.26,      438.67,      746.21,       44.48,        1.14,       51.18,      245.85,       63.61,       15.00,       79.20,        5.27,      100.33,      512.76,       20.75,       24.64,       80.74,       86.40,       33.03,      107.97,       31.16,       15.93,       38.36,           0,           0,           0,           0,           0,           0
         4,        10,        7.75,           0,           0,        4.85,           0,           0,           0,        0.03,        0.23,           0,           0,           0,        2.63,        0.01,           0,           0,           0,           0,        4.85,        0.26,           0,        4.85,           0,           0,        0.03,           0,        2.63,           0,           0,           0,           0,           0,           0,           0,        0.01,           0,           0,           0,           0,           0,           0,           0,           0,           0,           0,           0,           0,           0,           0,           0
         4,        11,     1679.91,      754.25,       71.33,      457.35,        0.07,           0,           0,       74.38,       43.65,           0,           0,           0,      106.86,      120.13,       52.00,           0,           0,        0.07,      528.86,      117.91,           0,      457.35,      850.41,       94.78,       77.99,        3.66,           0,       11.33,       54.30,       17.57,        5.10,       18.56,        0.94,       79.80,       29.48,        8.41,        0.67,        0.83,        3.23,        7.05,       17.54,        7.53,        6.37,       10.31,           0,           0,           0,           0,           0,           0
         4,        12,     7106.72,     2493.89,      164.43,     2575.26,        2.54,        0.27,       41.00,      388.59,      308.76,           0,           0,           0,      469.74,      468.05,      197.90,           0,           0,        2.81,     2739.65,      697.05,      722.00,     1853.26,     2839.73,      347.35,      403.87,       15.51,           0,       48.78,      235.27,       77.84,       25.11,       82.70,        4.24,      310.53,      117.65,       31.66,        1.66,        2.34,       12.54,       26.28,       79.97,       24.74,       19.84,       34.55,           0,           0,           0,           0,           0,           0
         4,        13,     2762.60,     1049.40,      144.77,     1009.39,           0,           0,        2.00,      152.05,      144.71,           0,           0,           0,      140.76,       94.76,       27.02,           0,           0,           0,     1154.15,      296.48,           0,     1009.39,     1264.22,      216.17,      156.48,        4.88,           0,       11.41,       77.90,       24.12,        7.54,       19.79,        0.98,       62.75,       24.83,        5.75,        0.14,        0.31,        5.71,        1.28,       14.53,        1.25,        0.79,        3.46,           0,           0,           0,           0,           0,           0
         4,        14,     7864.78,     2860.34,      227.23,     2762.82,        0.50,        0.89,      234.00,      501.70,      441.91,           0,           0,           0,      407.27,      348.95,       82.34,           0,           0,        1.39,     2990.02,      942.95,           0,     2762.82,     3248.70,      387.25,      529.51,       28.23,           0,       53.55,      223.57,       64.28,       10.56,       55.36,        2.30,      246.52,       86.65,       12.30,        0.12,        1.06,        4.66,        7.71,       49.92,        5.25,        3.43,       11.37,           0,           0,           0,           0,           0,           0
         4,        15,      193.10,       59.15,           0,       41.24,        0.01,           0,           0,       13.52,        6.42,           0,           0,           0,       20.30,       40.72,       12.10,           0,           0,        0.01,       41.24,       19.91,           0,       41.24,       62.17,        3.60,       13.55,        0.03,           0,        0.57,       12.68,        3.66,        0.73,        2.67,           0,       33.98,        4.69,        2.05,        0.01,        0.04,           0,        1.14,        4.08,        0.92,        1.22,        4.74,           0,           0,           0,           0,           0,           0
         4,        16,     1747.17,      528.94,       49.30,      475.56,        0.18,           0,        1.00,      150.70,      122.78,           0,           0,           0,      182.06,      172.62,       67.43,           0,           0,        0.18,      524.68,      272.93,           0,      475.56,      593.98,       67.28,      153.20,        2.62,           0,        9.28,      106.61,       35.40,        6.88,       23.94,        0.06,      126.22,       37.55,        8.50,        0.10,        0.25,        0.24,        6.63,       34.28,        5.72,        6.41,       14.15,           0,           0,           0,           0,           0,           0
         4,        17,     1697.25,      485.89,       54.15,      561.34,        0.03,           0,           0,      137.30,      117.62,           0,           0,           0,      166.59,      133.82,       42.58,           0,           0,        0.03,      615.40,      254.60,           0,      561.34,      552.27,       66.92,      138.89,        1.80,           0,        8.85,       98.05,       32.26,        6.34,       21.09,        0.11,       95.93,       31.65,        5.85,        0.06,        0.23,        0.41,        3.09,       25.46,        2.81,        2.70,        8.11,           0,           0,           0,           0,           0,           0
         4,        18,       24.34,        8.91,        2.09,        4.90,           0,           0,           0,        2.87,        1.29,           0,           0,           0,        3.33,        1.00,        0.02,           0,           0,           0,        6.99,        4.16,           0,        4.90,        8.99,        0.12,        2.88,        0.01,           0,        0.03,        1.64,        0.92,        0.26,        0.48,           0,        0.32,        0.52,        0.16,           0,           0,           0,           0,        0.02,           0,           0,           0,           0,           0,           0,           0,           0,           0
         4,        19,        2.04,        0.57,           0,           0,           0,           0,           0,           0,           0,           0,           0,           0,        0.06,        0.68,        0.73,           0,           0,           0,           0,           0,           0,           0,        0.57,           0,           0,           0,           0,           0,        0.04,        0.02,           0,           0,           0,           0,        0.68,           0,           0,           0,           0,        0.06,           0,        0.16,        0.25,        0.26,           0,           0,           0,           0,           0,           0
         4,        20,      436.73,      168.16,        2.22,       30.04,           0,           0,           0,       18.90,        6.14,           0,           0,           0,       44.33,      132.78,       35.22,           0,           0,           0,       32.26,       24.97,           0,       30.04,      186.20,       20.71,       18.92,        0.06,           0,        0.32,       23.60,       15.16,        1.47,        3.78,           0,        0.95,      125.72,        0.01,        1.10,        5.10,           0,        5.38,        8.57,        4.41,        6.70,       10.17,           0,           0,           0,           0,           0,           0
         4,        21,      186.76,       45.57,           0,        0.28,           0,           0,       80.00,        0.14,           0,           0,           0,           0,        8.46,       28.17,       24.43,           0,           0,           0,        0.28,        0.14,           0,        0.28,       47.66,        3.07,        0.14,           0,           0,           0,        2.36,        5.68,        0.01,        0.41,           0,        0.19,       27.43,           0,        0.14,        0.42,           0,        1.75,        6.61,        2.89,        4.27,        8.91,           0,           0,           0,           0,           0,           0
         4,        22,       11.94,        1.02,           0,           0,           0,           0,           0,           0,           0,           0,           0,           0,        0.28,        0.28,       10.37,           0,           0,           0,           0,           0,           0,           0,        1.02,           0,           0,           0,           0,           0,           0,        0.28,           0,           0,           0,           0,        0.28,           0,           0,           0,           0,        0.26,        1.23,        2.05,        3.11,        3.72,           0,           0,           0,           0,           0,           0
         4,        23,           0,           0,           0,           0,           0,           0,           0,           0,           0,           0,           0,           0,           0,           0,           0,           0,           0,           0,           0,           0,           0,           0,           0,           0,           0,           0,           0,           0,           0,           0,           0,           0,           0,           0,           0,           0,           0,           0,           0,           0,           0,           0,           0,           0,           0,           0,           0,           0,           0,           0
         4,        24,        0.02,           0,           0,           0,           0,           0,           0,           0,           0,           0,           0,           0,           0,           0,        0.02,           0,           0,           0,           0,           0,           0,           0,           0,           0,           0,           0,           0,           0,           0,           0,           0,           0,           0,           0,           0,           0,           0,           0,           0,           0,           0,           0,           0,        0.02,           0,           0,           0,           0,           0,           0
         4,        25,        0.01,           0,           0,           0,           0,           0,           0,           0,           0,           0,           0,           0,           0,           0,        0.01,           0,           0,           0,           0,           0,           0,           0,           0,           0,           0,           0,           0,           0,           0,           0,           0,           0,           0,           0,           0,           0,           0,           0,           0,           0,           0,           0,           0,        0.01,           0,           0,           0,           0,           0,           0
         4,        26,           0,           0,           0,           0,           0,           0,           0,           0,           0,           0,           0,           0,           0,           0,           0,           0,           0,           0,           0,           0,           0,           0,           0,           0,           0,           0,           0,           0,           0,           0,           0,           0,           0,           0,           0,           0,           0,           0,           0,           0,           0,           0,           0,           0,           0,           0,           0,           0,           0,           0
         4,        27,    10654.84,           0,           0,           0,           0,           0,           0,           0,           0,     9206.68,           0,           0,           0,           0,           0,      588.10,      860.58,           0,           0,           0,           0,           0,           0,           0,           0,           0,           0,           0,           0,           0,           0,           0,           0,           0,           0,           0,           0,           0,           0,           0,           0,           0,           0,           0,      588.10,           0,           0,      860.58,           0,           0
         5,         1,     2150.75,      685.44,        3.91,      185.21,        1.59,       12.12,           0,      281.22,      254.63,           0,           0,           0,      161.82,      364.00,      201.13,           0,           0,       13.71,      189.12,      535.78,           0,      185.21,      750.57,       66.13,      291.65,       10.42,       12.65,       16.29,       82.19,       21.31,        5.83,       23.54,        2.30,       45.24,      280.38,       12.00,        7.77,       16.32,       27.40,       22.59,       95.79,       17.80,        7.92,       29.62,           0,           0,           0,           0,           0,           0
         5,         2,       76.01,        8.90,           0,        6.09,           0,           0,           0,       15.46,       12.75,           0,           0,           0,       14.99,       14.77,        3.07,           0,           0,           0,        6.09,       28.20,           0,        6.09,        9.52,        0.64,       15.90,        0.44,        4.68,        1.46,        5.23,        1.26,        0.30,        2.06,        0.02,        0.97,       12.97,        0.21,        0.17,        0.43,        0.28,        0.26,        1.98,        0.17,        0.02,        0.36,           0,           0,           0,           0,           0,           0
         5,         3,        4.72,           0,           0,           0,           0,           0,           0,           0,           0,           0,           0,           0,        4.72,           0,           0,           0,           0,           0,           0,           0,           0,           0,           0,           0,           0,           0,        4.72,           0,           0,           0,           0,           0,           0,           0,           0,           0,           0,           0,           0,           0,           0,           0,           0,           0,           0,           0,           0,           0,           0,           0
         5,         4,    72619.54,    10492.23,     3548.22,    21334.44,      905.86,     1651.65,           0,     7685.60,    15069.53,           0,           0,           0,     4772.17,     4159.26,     3061.32,           0,           0,     2557.12,    24872.98,    22741.31,           0,    21334.44,    11750.07,     1263.58,     8191.65,      511.38,      962.72,      662.27,     1898.34,      386.96,      138.18,      731.63,       40.60,      908.71,     2802.16,      126.88,       76.65,      207.87,      482.68,      234.29,     1613.63,      169.41,      114.94,      450.23,           0,           0,           0,           0,           0,           0
         5,         5,   358400.58,    32193.93,    29870.56,   140359.41,     8981.36,     8320.82,     5165.00,    27643.41,    63068.59,           0,           0,           0,    23288.32,    11666.80,     7863.55,           0,           0,    17301.82,   170222.74,    90708.03,           0,   140359.41,    36559.77,     4365.39,    29985.24,     2342.47,    12028.75,     2317.04,     5309.61,     1035.52,      427.85,     2173.43,      215.20,     2572.06,     7854.29,      269.63,      164.00,      594.00,      710.92,      467.89,     5426.01,      218.73,      155.73,      886.07,           0,           0,           0,           0,           0,           0
         5,         6,      196.12,        2.62,           0,       70.67,           0,           0,           0,        4.42,       12.43,           0,           0,           0,      104.38,        1.34,        0.27,           0,           0,           0,       70.67,       16.85,           0,       70.67,        3.08,        0.46,        4.46,        0.04,      102.52,        0.19,        1.33,        0.03,           0,        0.31,           0,        0.07,        1.26,           0,           0,        0.01,        0.03,           0,        0.24,           0,           0,           0,           0,           0,           0,           0,           0,           0
         5,         7,       11.73,        0.09,           0,        0.11,           0,           0,           0,        0.16,        0.18,           0,           0,           0,       11.19,           0,           0,           0,           0,           0,        0.11,        0.34,           0,        0.11,        0.09,           0,        0.16,           0,       11.19,           0,           0,           0,           0,           0,           0,           0,           0,           0,           0,           0,           0,           0,           0,           0,           0,           0,           0,           0,           0,           0,           0,           0
         5,         8,    38446.00,     9845.02,      367.53,    10586.81,      325.02,      418.78,      239.00,     4730.40,     6543.58,           0,           0,           0,     2282.69,     2342.42,      831.17,           0,           0,      743.35,    10950.40,    11258.83,           0,    10586.81,    11446.27,     1613.52,     5143.57,      419.38,      283.85,      340.99,     1023.40,      206.88,       64.05,      370.50,       28.95,      420.12,     1553.08,       66.61,       51.73,      225.63,      320.25,       47.70,      332.12,       30.86,       18.99,       82.52,           0,           0,           0,           0,           0,           0
         5,         9,     6814.61,     1964.42,       68.68,     1130.36,        8.60,       42.25,           0,      971.27,     1000.02,           0,           0,           0,      525.83,      800.14,      313.56,           0,           0,       50.85,     1198.49,     1969.30,           0,     1130.36,     2266.49,      306.26,     1041.76,       71.47,        6.35,       68.37,      265.49,       72.99,       21.80,       90.88,       11.71,      115.55,      534.24,       23.62,       25.37,       89.67,       93.85,       25.92,      132.54,       18.89,        8.70,       33.68,           0,           0,           0,           0,           0,           0
         5,        10,       14.90,        0.02,           0,        3.42,           0,           0,           0,        0.19,        0.71,           0,           0,           0,       10.56,        0.01,           0,           0,           0,           0,        3.42,        0.90,           0,        3.42,        0.02,           0,        0.19,           0,       10.56,           0,           0,           0,           0,           0,           0,           0,        0.01,           0,           0,           0,           0,           0,           0,           0,           0,           0,           0,           0,           0,           0,           0,           0
         5,        11,     1051.63,      394.28,       17.86,      181.04,        0.20,           0,           0,      100.49,       58.45,           0,           0,           0,      119.70,      132.01,       48.10,           0,           0,        0.20,      198.98,      158.71,           0,      181.04,      444.40,       49.31,      106.91,        6.48,           0,       15.66,       56.61,       19.70,        7.15,       20.58,        2.13,       88.45,       30.91,        8.90,        0.67,        0.96,        4.40,        5.64,       22.00,        4.68,        3.54,        7.84,           0,           0,           0,           0,           0,           0
         5,        12,     5110.33,     1423.15,       36.15,     1461.83,        2.11,        0.64,       20.00,      534.38,      404.06,           0,           0,           0,      527.86,      514.78,      190.37,           0,           0,        2.75,     1497.93,      937.29,      678.00,      783.83,     1618.86,      198.74,      566.22,       33.29,           0,       65.57,      246.49,       87.82,       35.66,       92.35,       10.46,      340.30,      125.96,       33.80,        1.71,        2.56,       14.49,       20.63,      102.40,       15.36,       10.58,       26.92,           0,           0,           0,           0,           0,           0
         5,        13,     1790.20,      622.55,       31.82,      441.95,           0,        0.06,        3.00,      212.49,      188.62,           0,           0,           0,      158.66,      107.73,       29.25,           0,           0,        0.06,      473.76,      399.64,           0,      441.95,      746.48,      128.06,      223.68,       12.24,           0,       16.47,       80.28,       27.23,       10.99,       23.68,        2.81,       69.62,       28.91,        6.05,        0.07,        0.28,        5.86,        0.77,       19.86,        0.47,        0.20,        2.09,           0,           0,           0,           0,           0,           0
         5,        14,     5048.81,     1482.82,       49.86,     1095.55,        0.91,        1.82,      244.00,      667.92,      560.73,           0,           0,           0,      476.30,      392.33,       84.58,           0,           0,        2.73,     1145.38,     1226.69,           0,     1095.55,     1679.03,      199.69,      712.66,       46.70,           0,       74.49,      238.94,       76.16,       17.29,       69.42,        6.16,      274.61,       97.77,       12.41,        0.13,        1.22,        3.27,        5.12,       66.16,        2.26,        0.93,        6.84,           0,           0,           0,           0,           0,           0
         5,        15,      188.61,       30.19,           0,       18.51,        0.15,           0,           0,       28.24,       17.85,           0,           0,           0,       33.04,       50.37,       10.80,           0,           0,        0.15,       18.51,       45.87,           0,       18.51,       31.67,        1.67,       28.60,        0.53,           0,        2.24,       19.39,        5.62,        1.27,        4.54,        0.04,       41.43,        6.60,        2.35,           0,        0.02,           0,        0.71,        5.52,        0.39,        0.47,        3.71,           0,           0,           0,           0,           0,           0
         5,        16,     1372.58,      259.29,       14.18,      186.58,        0.65,           0,        2.00,      219.80,      190.02,           0,           0,           0,      234.16,      203.33,       64.91,           0,           0,        0.65,      200.74,      408.92,           0,      186.58,      290.57,       31.40,      228.10,        8.85,           0,       20.83,      124.96,       44.21,       11.52,       32.69,        0.76,      146.94,       46.44,        8.90,        0.06,        0.27,        0.55,        4.22,       45.17,        2.97,        2.54,        9.46,           0,           0,           0,           0,           0,           0
         5,        17,     1243.21,      235.61,       15.24,      219.11,        0.25,           0,           0,      193.42,      173.00,           0,           0,           0,      209.01,      155.76,       43.65,           0,           0,        0.25,      234.35,      365.53,           0,      219.11,      266.15,       30.60,      200.07,        7.20,           0,       18.98,      112.13,       38.73,       10.29,       28.93,        0.92,      110.49,       37.77,        6.32,        0.05,        0.23,        0.84,        1.86,       33.88,        1.23,        0.82,        5.02,           0,           0,           0,           0,           0,           0
         5,        18,       23.91,        4.81,        1.63,        2.75,           0,           0,           0,        5.70,        2.89,           0,           0,           0,        4.93,        1.22,        0.05,           0,           0,           0,        4.38,        8.54,           0,        2.75,        4.85,        0.05,        5.77,        0.11,           0,        0.20,        2.49,        1.16,        0.47,        0.61,           0,        0.36,        0.68,        0.18,           0,           0,           0,           0,        0.05,           0,           0,           0,           0,           0,           0,           0,           0,           0
         5,        19,        4.05,        0.67,           0,           0,           0,           0,           0,        0.03,           0,           0,           0,           0,        0.37,        2.61,        0.38,           0,           0,           0,           0,        0.03,           0,           0,        0.67,        0.03,        0.03,           0,           0,           0,        0.24,        0.13,           0,           0,           0,           0,        2.61,           0,           0,           0,           0,        0.04,           0,        0.09,        0.09,        0.16,           0,           0,           0,           0,           0,           0
         5,        20,      474.93,       95.44,        3.13,       20.06,           0,           0,           0,       53.72,       20.02,           0,           0,           0,       82.72,      176.27,       26.48,           0,           0,           0,       23.18,       72.89,           0,       20.06,      105.93,       11.82,       54.68,        1.46,           0,        2.11,       43.91,       23.12,        4.07,        9.67,           0,        1.10,      166.06,        0.01,        0.87,        8.35,           0,        3.81,       12.16,        1.79,        2.55,        6.17,           0,           0,           0,           0,           0,           0
         5,        21,      163.94,       39.32,        0.15,        1.70,           0,           0,       25.00,        1.30,           0,           0,           0,           0,       22.59,       56.37,       18.49,           0,           0,           0,        1.85,        1.30,           0,        1.70,       41.49,        2.81,        1.30,           0,           0,           0,        8.88,       11.49,        0.36,        1.91,           0,        0.29,       54.72,           0,        0.16,        1.26,           0,        1.31,        9.26,        1.02,        1.45,        5.45,           0,           0,           0,           0,           0,           0
         5,        22,       11.73,        1.62,           0,           0,           0,           0,           0,           0,           0,           0,           0,           0,        1.35,        1.76,        7.02,           0,           0,           0,           0,           0,           0,           0,        1.62,        0.02,           0,           0,           0,           0,        0.01,        1.34,           0,           0,           0,           0,        1.76,           0,           0,           0,           0,        0.13,        2.67,        0.68,        1.09,        2.45,           0,           0,           0,           0,           0,           0
         5,        23,           0,           0,           0,           0,           0,           0,           0,           0,           0,           0,           0,           0,           0,           0,           0,           0,           0,           0,           0,           0,           0,           0,           0,           0,           0,           0,           0,           0,           0,           0,           0,           0,           0,           0,           0,           0,           0,           0,           0,           0,           0,           0,           0,           0,           0,           0,           0,           0,           0,           0
         5,        24,           0,           0,           0,           0,           0,           0,           0,           0,           0,           0,           0,           0,           0,           0,           0,           0,           0,           0,           0,           0,           0,           0,           0,           0,           0,           0,           0,           0,           0,           0,           0,           0,           0,           0,           0,           0,           0,           0,           0,           0,           0,           0,           0,           0,           0,           0,           0,           0,           0,           0
         5,        25,        0.04,           0,           0,           0,           0,           0,           0,           0,           0,           0,           0,           0,        0.03,           0,        0.01,           0,           0,           0,           0,           0,           0,           0,           0,           0,           0,           0,           0,           0,           0,        0.03,           0,           0,           0,           0,           0,           0,           0,           0,           0,           0,        0.01,           0,           0,           0,           0,           0,           0,           0,           0,           0
         5,        26,           0,           0,           0,           0,           0,           0,           0,           0,           0,           0,           0,           0,           0,           0,           0,           0,           0,           0,           0,           0,           0,           0,           0,           0,           0,           0,           0,           0,           0,           0,           0,           0,           0,           0,           0,           0,           0,           0,           0,           0,           0,           0,           0,           0,           0,           0,           0,           0,           0,           0
         5,        27,     6533.89,           0,           0,           0,           0,           0,           0,           0,           0,     5634.32,           0,           0,           0,           0,           0,      527.66,      372.52,           0,           0,           0,           0,           0,           0,           0,           0,           0,           0,           0,           0,           0,           0,           0,           0,           0,           0,           0,           0,           0,           0,           0,           0,           0,           0,           0,      527.66,           0,           0,      372.52,           0,           0
         6,         1,        7.96,        1.28,        0.04,        0.38,           0,        0.01,           0,        0.01,        0.04,           0,           0,           0,        6.18,        0.02,           0,           0,           0,        0.01,        0.42,        0.05,           0,        0.38,        1.35,        0.07,        0.01,           0,        6.18,           0,           0,           0,           0,           0,           0,           0,        0.02,           0,           0,           0,           0,           0,           0,           0,           0,           0,           0,           0,           0,           0,           0,           0
         6,         2,        1.23,        0.02,           0,        0.01,           0,           0,           0,           0,        0.01,           0,           0,           0,        1.19,           0,           0,           0,           0,           0,        0.01,        0.01,           0,        0.01,        0.02,           0,           0,           0,        1.19,           0,           0,           0,           0,           0,           0,           0,           0,           0,           0,           0,           0,           0,           0,           0,           0,           0,           0,           0,           0,           0,           0,           0
         6,         3,        0.04,           0,           0,           0,           0,           0,           0,           0,           0,           0,           0,           0,        0.04,           0,           0,           0,           0,           0,           0,           0,           0,           0,           0,           0,           0,           0,        0.04,           0,           0,           0,           0,           0,           0,           0,           0,           0,           0,           0,           0,           0,           0,           0,           0,           0,           0,           0,           0,           0,           0,           0
         6,         4,      219.76,       17.89,       11.02,       53.30,        2.72,        3.11,           0,        2.15,        6.71,           0,           0,           0,      121.99,        0.79,        0.11,           0,           0,        5.83,       64.30,        8.86,           0,       53.30,       19.81,        1.89,        2.21,        0.06,      121.06,        0.11,        0.63,        0.03,           0,        0.16,           0,        0.02,        0.77,           0,           0,           0,        0.04,           0,        0.07,           0,           0,           0,           0,           0,           0,           0,           0,           0
         6,         5,      312.25,       31.18,       26.48,      108.48,        4.42,        4.18,           0,        4.39,       12.34,           0,           0,           0,      119.23,        1.37,        0.33,           0,           0,        8.60,      134.93,       16.72,           0,      108.48,       35.16,        4.01,        4.59,        0.18,      117.37,        0.19,        1.33,        0.03,           0,        0.31,           0,        0.06,        1.30,           0,           0,        0.01,        0.03,           0,        0.30,           0,           0,           0,           0,           0,           0,           0,           0,           0
         6,         6,      398.64,           0,           0,        3.93,           0,           0,           0,        0.05,        0.25,           0,           0,           0,      394.39,        0.02,           0,           0,           0,           0,        3.93,        0.30,           0,        3.93,           0,           0,        0.05,           0,      394.35,        0.01,        0.02,           0,           0,        0.01,           0,           0,        0.02,           0,           0,           0,           0,           0,           0,           0,           0,           0,           0,           0,           0,           0,           0,           0
         6,         7,        0.03,           0,           0,           0,           0,           0,           0,           0,           0,           0,           0,           0,        0.03,           0,           0,           0,           0,           0,           0,           0,           0,           0,           0,           0,           0,           0,        0.03,           0,           0,           0,           0,           0,           0,           0,           0,           0,           0,           0,           0,           0,           0,           0,           0,           0,           0,           0,           0,           0,           0,           0
         6,         8,       48.70,       12.16,        0.59,       12.68,        0.21,        0.51,           0,        0.92,        1.92,           0,           0,           0,       19.51,        0.23,        0.02,           0,           0,        0.72,       13.27,        2.84,           0,       12.68,       13.97,        1.85,        0.96,        0.04,       19.43,           0,        0.08,           0,           0,           0,           0,           0,        0.23,           0,           0,           0,        0.02,           0,           0,           0,           0,           0,           0,           0,           0,           0,           0,           0
         6,         9,        7.52,        2.64,        0.28,        2.41,           0,        0.12,           0,        0.09,        0.34,           0,           0,           0,        1.62,        0.02,           0,           0,           0,        0.12,        2.69,        0.43,           0,        2.41,        2.93,        0.30,        0.09,           0,        1.61,           0,        0.01,           0,           0,           0,           0,           0,        0.02,           0,           0,           0,           0,           0,           0,           0,           0,           0,           0,           0,           0,           0,           0,           0
         6,        10,        1.44,           0,           0,           0,           0,           0,           0,           0,           0,           0,           0,           0,        1.44,           0,           0,           0,           0,           0,           0,           0,           0,           0,           0,           0,           0,           0,        1.44,           0,           0,           0,           0,           0,           0,           0,           0,           0,           0,           0,           0,           0,           0,           0,           0,           0,           0,           0,           0,           0,           0,           0
         6,        11,        1.24,        0.64,        0.15,        0.42,           0,           0,           0,        0.01,        0.01,           0,           0,           0,        0.01,           0,           0,           0,           0,           0,        0.57,        0.02,           0,        0.42,        0.70,        0.06,        0.01,           0,           0,           0,        0.01,           0,           0,           0,           0,           0,           0,           0,           0,           0,           0,           0,           0,           0,           0,           0,           0,           0,           0,           0,           0,           0
         6,        12,        3.58,        1.93,        0.11,        1.46,           0,           0,           0,        0.02,        0.01,           0,           0,           0,        0.02,        0.02,        0.01,           0,           0,           0,        1.57,        0.03,           0,        1.46,        2.06,        0.13,        0.02,           0,           0,           0,        0.01,           0,           0,        0.01,           0,        0.01,        0.01,           0,           0,           0,           0,           0,        0.01,           0,           0,           0,           0,           0,           0,           0,           0,           0
         6,        13,        1.98,        0.75,        0.15,        1.07,           0,           0,           0,           0,        0.01,           0,           0,           0,           0,           0,           0,           0,           0,           0,        1.22,        0.01,           0,        1.07,        0.85,        0.09,           0,           0,           0,           0,           0,           0,           0,           0,           0,           0,           0,           0,           0,           0,           0,           0,           0,           0,           0,           0,           0,           0,           0,           0,           0,           0
         6,        14,        4.34,        1.97,        0.17,        1.96,           0,           0,           0,        0.08,        0.09,           0,           0,           0,        0.05,        0.02,           0,           0,           0,           0,        2.13,        0.17,           0,        1.96,        2.18,        0.20,        0.08,           0,           0,        0.01,        0.04,           0,           0,           0,           0,        0.02,           0,           0,           0,           0,           0,           0,           0,           0,           0,           0,           0,           0,           0,           0,           0,           0
         6,        15,        0.02,        0.02,           0,           0,           0,           0,           0,           0,           0,           0,           0,           0,           0,           0,           0,           0,           0,           0,           0,           0,           0,           0,        0.02,           0,           0,           0,           0,           0,           0,           0,           0,           0,           0,           0,           0,           0,           0,           0,           0,           0,           0,           0,           0,           0,           0,           0,           0,           0,           0,           0
         6,        16,        0.34,        0.22,        0.04,        0.06,           0,           0,           0,           0,        0.02,           0,           0,           0,           0,           0,           0,           0,           0,           0,        0.10,        0.02,           0,        0.06,        0.22,           0,           0,           0,           0,           0,           0,           0,           0,           0,           0,           0,           0,           0,           0,           0,           0,           0,           0,           0,           0,           0,           0,           0,           0,           0,           0,           0
         6,        17,        0.31,        0.19,        0.04,        0.08,           0,           0,           0,           0,           0,           0,           0,           0,           0,           0,           0,           0,           0,           0,        0.12,           0,           0,        0.08,        0.21,        0.02,           0,           0,           0,           0,           0,           0,           0,           0,           0,           0,           0,           0,           0,           0,           0,           0,           0,           0,           0,           0,           0,           0,           0,           0,           0,           0
         6,        18,        0.01,           0,        0.01,           0,           0,           0,           0,           0,           0,           0,           0,           0,           0,           0,           0,           0,           0,           0,        0.01,           0,           0,           0,           0,           0,           0,           0,           0,           0,           0,           0,           0,           0,           0,           0,           0,           0,           0,           0,           0,           0,           0,           0,           0,           0,           0,           0,           0,           0,           0,           0
         6,        19,           0,           0,           0,           0,           0,           0,           0,           0,           0,           0,           0,           0,           0,           0,           0,           0,           0,           0,           0,           0,           0,           0,           0,           0,           0,           0,           0,           0,           0,           0,           0,           0,           0,           0,           0,           0,           0,           0,           0,           0,           0,           0,           0,           0,           0,           0,           0,           0,           0,           0
         6,        20,        0.01,        0.01,           0,           0,           0,           0,           0,           0,           0,           0,           0,           0,           0,           0,           0,           0,           0,           0,           0,           0,           0,           0,        0.01,           0,           0,           0,           0,           0,           0,           0,           0,           0,           0,           0,           0,           0,           0,           0,           0,           0,           0,           0,           0,           0,           0,           0,           0,           0,           0,           0
         6,        21,           0,           0,           0,           0,           0,           0,           0,           0,           0,           0,           0,           0,           0,           0,           0,           0,           0,           0,           0,           0,           0,           0,           0,           0,           0,           0,           0,           0,           0,           0,           0,           0,           0,           0,           0,           0,           0,           0,           0,           0,           0,           0,           0,           0,           0,           0,           0,           0,           0,           0
         6,        22,           0,           0,           0,           0,           0,           0,           0,           0,           0,           0,           0,           0,           0,           0,           0,           0,           0,           0,           0,           0,           0,           0,           0,           0,           0,           0,           0,           0,           0,           0,           0,           0,           0,           0,           0,           0,           0,           0,           0,           0,           0,           0,           0,           0,           0,           0,           0,           0,           0,           0
         6,        23,           0,           0,           0,           0,           0,           0,           0,           0,           0,           0,           0,           0,           0,           0,           0,           0,           0,           0,           0,           0,           0,           0,           0,           0,           0,           0,           0,           0,           0,           0,           0,           0,           0,           0,           0,           0,           0,           0,           0,           0,           0,           0,           0,           0,           0,           0,           0,           0,           0,           0
         6,        24,           0,           0,           0,           0,           0,           0,           0,           0,           0,           0,           0,           0,           0,           0,           0,           0,           0,           0,           0,           0,           0,           0,           0,           0,           0,           0,           0,           0,           0,           0,           0,           0,           0,           0,           0,           0,           0,           0,           0,           0,           0,           0,           0,           0,           0,           0,           0,           0,           0,           0
         6,        25,           0,           0,           0,           0,           0,           0,           0,           0,           0,           0,           0,           0,           0,           0,           0,           0,           0,           0,           0,           0,           0,           0,           0,           0,           0,           0,           0,           0,           0,           0,           0,           0,           0,           0,           0,           0,           0,           0,           0,           0,           0,           0,           0,           0,           0,           0,           0,           0,           0,           0
         6,        26,           0,           0,           0,           0,           0,           0,           0,           0,           0,           0,           0,           0,           0,           0,           0,           0,           0,           0,           0,           0,           0,           0,           0,           0,           0,           0,           0,           0,           0,           0,           0,           0,           0,           0,           0,           0,           0,           0,           0,           0,           0,           0,           0,           0,           0,           0,           0,           0,           0,           0
         6,        27,        4.55,           0,           0,           0,           0,           0,           0,           0,           0,        4.55,           0,           0,           0,           0,           0,           0,           0,           0,           0,           0,           0,           0,           0,           0,           0,           0,           0,           0,           0,           0,           0,           0,           0,           0,           0,           0,           0,           0,           0,           0,           0,           0,           0,           0,           0,           0,           0,           0,           0,           0
         7,         1,        0.03,           0,           0,           0,           0,           0,           0,           0,           0,           0,           0,           0,        0.03,           0,           0,           0,           0,           0,           0,           0,           0,           0,           0,           0,           0,           0,        0.03,           0,           0,           0,           0,           0,           0,           0,           0,           0,           0,           0,           0,           0,           0,           0,           0,           0,           0,           0,           0,           0,           0,           0
         7,         2,           0,           0,           0,           0,           0,           0,           0,           0,           0,           0,           0,           0,           0,           0,           0,           0,           0,           0,           0,           0,           0,           0,           0,           0,           0,           0,           0,           0,           0,           0,           0,           0,           0,           0,           0,           0,           0,           0,           0,           0,           0,           0,           0,           0,           0,           0,           0,           0,           0,           0
         7,         3,           0,           0,           0,           0,           0,           0,           0,           0,           0,           0,           0,           0,           0,           0,           0,           0,           0,           0,           0,           0,           0,           0,           0,           0,           0,           0,           0,           0,           0,           0,           0,           0,           0,           0,           0,           0,           0,           0,           0,           0,           0,           0,           0,           0,           0,           0,           0,           0,           0,           0
         7,         4,       52.48,           0,           0,           0,           0,           0,           0,        0.06,        0.14,           0,           0,           0,       52.28,           0,           0,           0,           0,           0,           0,        0.20,           0,           0,           0,           0,        0.06,           0,       52.28,           0,           0,           0,           0,           0,           0,           0,           0,           0,           0,           0,           0,           0,           0,           0,           0,           0,           0,           0,           0,           0,           0,           0
         7,         5,       10.51,           0,           0,           0,           0,           0,           0,        0.15,        0.18,           0,           0,           0,       10.18,           0,           0,           0,           0,           0,           0,        0.33,           0,           0,           0,           0,        0.15,           0,       10.18,           0,           0,           0,           0,           0,           0,           0,           0,           0,           0,           0,           0,           0,           0,           0,           0,           0,           0,           0,           0,           0,           0,           0
         7,         6,        0.03,           0,           0,           0,           0,           0,           0,           0,           0,           0,           0,           0,        0.03,           0,           0,           0,           0,           0,           0,           0,           0,           0,           0,           0,           0,           0,        0.03,           0,           0,           0,           0,           0,           0,           0,           0,           0,           0,           0,           0,           0,           0,           0,           0,           0,           0,           0,           0,           0,           0,           0
         7,         7,      283.50,           0,           0,           0,           0,           0,           0,        0.01,        0.05,           0,           0,           0,      283.44,           0,           0,           0,           0,           0,           0,        0.06,           0,           0,           0,           0,        0.01,           0,      283.44,           0,           0,           0,           0,           0,           0,           0,           0,           0,           0,           0,           0,           0,           0,           0,           0,           0,           0,           0,           0,           0,           0,           0
         7,         8,      168.95,           0,           0,           0,           0,           0,           0,        0.86,        1.17,           0,           0,           0,      166.92,           0,           0,           0,           0,           0,           0,        2.03,           0,           0,           0,           0,        0.88,        0.02,      166.92,           0,           0,           0,           0,           0,           0,           0,           0,           0,           0,           0,           0,           0,           0,           0,           0,           0,           0,           0,           0,           0,           0,           0
         7,         9,       85.93,           0,           0,           0,           0,           0,           0,        0.05,        0.13,           0,           0,           0,       85.75,           0,           0,           0,           0,           0,           0,        0.18,           0,           0,           0,           0,        0.05,           0,       85.75,           0,           0,           0,           0,           0,           0,           0,           0,           0,           0,           0,           0,           0,           0,           0,           0,           0,           0,           0,           0,           0,           0,           0
         7,        10,        2.19,           0,           0,           0,           0,           0,           0,           0,           0,           0,           0,           0,        2.19,           0,           0,           0,           0,           0,           0,           0,           0,           0,           0,           0,           0,           0,        2.19,           0,           0,           0,           0,           0,           0,           0,           0,           0,           0,           0,           0,           0,           0,           0,           0,           0,           0,           0,           0,           0,           0,           0
         7,        11,        1.53,           0,           0,           0,           0,           0,           0,        0.01,        0.01,           0,           0,           0,        1.51,           0,           0,           0,           0,           0,           0,        0.02,           0,           0,           0,           0,        0.01,           0,        1.51,           0,           0,           0,           0,           0,           0,           0,           0,           0,           0,           0,           0,           0,           0,           0,           0,           0,           0,           0,           0,           0,           0,           0
         7,        12,       20.24,           0,           0,       10.00,           0,           0,           0,        0.02,        0.01,           0,           0,           0,       10.21,           0,           0,           0,           0,           0,       10.00,        0.03,       10.00,           0,           0,           0,        0.02,           0,       10.21,           0,           0,           0,           0,           0,           0,           0,           0,           0,           0,           0,           0,           0,           0,           0,           0,           0,           0,           0,           0,           0,           0,           0
         7,        13,        3.41,           0,           0,           0,           0,           0,           0,           0,        0.01,           0,           0,           0,        3.40,           0,           0,           0,           0,           0,           0,        0.01,           0,           0,           0,           0,           0,           0,        3.40,           0,           0,           0,           0,           0,           0,           0,           0,           0,           0,           0,           0,           0,           0,           0,           0,           0,           0,           0,           0,           0,           0,           0
         7,        14,        6.89,           0,           0,           0,           0,           0,           0,        0.05,        0.04,           0,           0,           0,        6.80,           0,           0,           0,           0,           0,           0,        0.09,           0,           0,           0,           0,        0.06,        0.01,        6.80,           0,           0,           0,           0,           0,           0,           0,           0,           0,           0,           0,           0,           0,           0,           0,           0,           0,           0,           0,           0,           0,           0,           0
         7,        15,           0,           0,           0,           0,           0,           0,           0,           0,           0,           0,           0,           0,           0,           0,           0,           0,           0,           0,           0,           0,           0,           0,           0,           0,           0,           0,           0,           0,           0,           0,           0,           0,           0,           0,           0,           0,           0,           0,           0,           0,           0,           0,           0,           0,           0,           0,           0,           0,           0,           0
         7,        16,        0.27,           0,           0,           0,           0,           0,           0,           0,           0,           0,           0,           0,        0.27,           0,           0,           0,           0,           0,           0,           0,           0,           0,           0,           0,           0,           0,        0.27,           0,           0,           0,           0,           0,           0,           0,           0,           0,           0,           0,           0,           0,           0,           0,           0,           0,           0,           0,           0,           0,           0,           0
         7,        17,        0.06,           0,           0,           0,           0,           0,           0,           0,           0,           0,           0,           0,        0.06,           0,           0,           0,           0,           0,           0,           0,           0,           0,           0,           0,           0,           0,        0.06,           0,           0,           0,           0,           0,           0,           0,           0,           0,           0,           0,           0,           0,           0,           0,           0,           0,           0,           0,           0,           0,           0,           0
         7,        18,           0,           0,           0,           0,           0,           0,           0,           0,           0,           0,           0,           0,           0,           0,           0,           0,           0,           0,           0,           0,           0,           0,           0,           0,           0,           0,           0,           0,           0,           0,           0,           0,           0,           0,           0,           0,           0,           0,           0,           0,           0,           0,           0,           0,           0,           0,           0,           0,           0,           0
         7,        19,           0,           0,           0,           0,           0,           0,           0,           0,           0,           0,           0,           0,           0,           0,           0,           0,           0,           0,           0,           0,           0,           0,           0,           0,           0,           0,           0,           0,           0,           0,           0,           0,           0,           0,           0,           0,           0,           0,           0,           0,           0,           0,           0,           0,           0,           0,           0,           0,           0,           0
         7,        20,           0,           0,           0,           0,           0,           0,           0,           0,           0,           0,           0,           0,           0,           0,           0,           0,           0,           0,           0,           0,           0,           0,           0,           0,           0,           0,           0,           0,           0,           0,           0,           0,           0,           0,           0,           0,           0,           0,           0,           0,           0,           0,           0,           0,           0,           0,           0,           0,           0,           0
         7,        21,           0,           0,           0,           0,           0,           0,           0,           0,           0,           0,           0,           0,           0,           0,           0,           0,           0,           0,           0,           0,           0,           0,           0,           0,           0,           0,           0,           0,           0,           0,           0,           0,           0,           0,           0,           0,           0,           0,           0,           0,           0,           0,           0,           0,           0,           0,           0,           0,           0,           0
         7,        22,           0,           0,           0,           0,           0,           0,           0,           0,           0,           0,           0,           0,           0,           0,           0,           0,           0,           0,           0,           0,           0,           0,           0,           0,           0,           0,           0,           0,           0,           0,           0,           0,           0,           0,           0,           0,           0,           0,           0,           0,           0,           0,           0,           0,           0,           0,           0,           0,           0,           0
         7,        23,           0,           0,           0,           0,           0,           0,           0,           0,           0,           0,           0,           0,           0,           0,           0,           0,           0,           0,           0,           0,           0,           0,           0,           0,           0,           0,           0,           0,           0,           0,           0,           0,           0,           0,           0,           0,           0,           0,           0,           0,           0,           0,           0,           0,           0,           0,           0,           0,           0,           0
         7,        24,           0,           0,           0,           0,           0,           0,           0,           0,           0,           0,           0,           0,           0,           0,           0,           0,           0,           0,           0,           0,           0,           0,           0,           0,           0,           0,           0,           0,           0,           0,           0,           0,           0,           0,           0,           0,           0,           0,           0,           0,           0,           0,           0,           0,           0,           0,           0,           0,           0,           0
         7,        25,           0,           0,           0,           0,           0,           0,           0,           0,           0,           0,           0,           0,           0,           0,           0,           0,           0,           0,           0,           0,           0,           0,           0,           0,           0,           0,           0,           0,           0,           0,           0,           0,           0,           0,           0,           0,           0,           0,           0,           0,           0,           0,           0,           0,           0,           0,           0,           0,           0,           0
         7,        26,           0,           0,           0,           0,           0,           0,           0,           0,           0,           0,           0,           0,           0,           0,           0,           0,           0,           0,           0,           0,           0,           0,           0,           0,           0,           0,           0,           0,           0,           0,           0,           0,           0,           0,           0,           0,           0,           0,           0,           0,           0,           0,           0,           0,           0,           0,           0,           0,           0,           0
         7,        27,           0,           0,           0,           0,           0,           0,           0,           0,           0,           0,           0,           0,           0,           0,           0,           0,           0,           0,           0,           0,           0,           0,           0,           0,           0,           0,           0,           0,           0,           0,           0,           0,           0,           0,           0,           0,           0,           0,           0,           0,           0,           0,           0,           0,           0,           0,           0,           0,           0,           0
         8,         1,     2351.42,      843.14,       20.77,      321.24,        4.14,       14.69,           0,      243.08,      197.48,           0,           0,           0,      168.10,      422.59,      116.49,           0,           0,       18.83,      342.01,      440.53,           0,      321.24,      921.50,       79.86,      251.07,        8.02,        2.74,       17.05,       92.74,       22.81,        6.02,       26.74,        1.26,       36.77,      318.80,       10.74,       12.02,       43.00,       25.92,       11.52,       51.56,       10.17,        4.29,       13.03,           0,           0,           0,           0,           0,           0
         8,         2,       75.40,       10.14,        0.04,       11.98,           0,           0,           0,       12.13,        9.85,           0,           0,           0,       12.78,       16.80,        1.69,           0,           0,           0,       12.02,       21.98,           0,       11.98,       10.76,        0.65,       12.38,        0.27,        1.01,        1.70,        6.20,        1.39,        0.31,        2.17,           0,        0.83,       14.29,        0.16,        0.23,        1.29,        0.27,        0.11,        1.04,        0.07,        0.04,        0.16,           0,           0,           0,           0,           0,           0
         8,         3,        1.25,           0,           0,           0,           0,           0,           0,           0,           0,           0,           0,           0,        1.25,           0,           0,           0,           0,           0,           0,           0,           0,           0,           0,           0,           0,           0,        1.25,           0,           0,           0,           0,           0,           0,           0,           0,           0,           0,           0,           0,           0,           0,           0,           0,           0,           0,           0,           0,           0,           0,           0
         8,         4,    60631.21,    11792.68,     3142.89,    25898.83,     1107.02,     1558.55,           0,     4175.20,     7021.27,           0,           0,           0,     2634.21,     2433.48,      920.00,           0,           0,     2665.19,    29035.10,    11186.50,           0,    25898.83,    13212.51,     1429.46,     4411.69,      239.79,      511.87,      334.28,     1124.00,      212.45,       51.91,      405.41,       16.23,      337.77,     1765.89,       62.42,       50.38,      202.80,      332.34,       65.40,      338.11,       50.91,       31.52,      102.57,           0,           0,           0,           0,           0,           0
         8,         5,    69738.03,    17179.45,     5059.37,    25563.81,      393.33,      919.24,     4074.00,     4537.27,     6505.31,           0,           0,           0,     2279.71,     2359.65,      932.95,           0,           0,     1311.81,    30613.08,    11029.17,           0,    25563.81,    19470.86,     2302.22,     4909.54,      377.91,      307.81,      339.88,     1006.91,      203.94,       62.45,      364.89,       27.98,      395.69,     1602.99,       65.93,       53.03,      217.93,      332.74,       51.93,      406.05,       32.26,       19.84,       91.44,           0,           0,           0,           0,           0,           0
         8,         6,       42.97,        1.81,           0,       19.80,           0,           0,           0,        0.89,        1.87,           0,           0,           0,       18.37,        0.23,        0.02,           0,           0,           0,       19.80,        2.76,           0,       19.80,        1.96,        0.15,        0.90,        0.01,       18.30,           0,        0.07,           0,           0,           0,           0,           0,        0.23,           0,           0,           0,        0.02,           0,           0,           0,           0,           0,           0,           0,           0,           0,           0,           0
         8,         7,      139.17,        3.38,           0,        4.15,           0,           0,           0,        0.88,        1.24,           0,           0,           0,      129.52,           0,           0,           0,           0,           0,        4.15,        2.12,           0,        4.15,        3.63,        0.25,        0.92,        0.04,      129.52,           0,           0,           0,           0,           0,           0,           0,           0,           0,           0,           0,           0,           0,           0,           0,           0,           0,           0,           0,           0,           0,           0,           0
         8,         8,   809456.49,    80830.69,    68245.99,   374879.55,    34310.98,    33809.88,     1036.00,    46520.15,   105871.78,           0,           0,           0,    42095.08,    18712.49,     3188.95,           0,           0,    68120.02,   443117.51,   152384.88,           0,   374879.55,    93657.51,    12829.63,    50766.62,     4247.63,    24077.67,     3418.62,     9018.33,     1480.01,      588.07,     3534.64,      202.86,     2647.93,    12212.25,      380.12,      340.84,     2936.58,     1175.73,      166.89,     1407.48,       88.31,       64.24,      287.83,           0,           0,           0,           0,           0,           0
         8,         9,    50622.24,    12207.02,     4420.64,    20383.84,      310.86,      616.73,           0,     3217.44,     5188.56,           0,           0,           0,     1761.45,     2059.74,      474.44,           0,           0,      927.39,    24800.65,     8402.60,           0,    20383.84,    14152.79,     1944.75,     3475.51,      259.04,      177.77,      244.77,      815.22,      174.49,       51.80,      299.42,       22.70,      225.03,     1332.57,       46.48,       60.03,      373.92,      253.51,       21.19,      146.31,       15.35,        8.35,       29.93,           0,           0,           0,           0,           0,           0
         8,        10,       96.46,        0.63,           0,       33.85,           0,           0,           0,        0.98,        3.61,           0,           0,           0,       57.27,        0.12,           0,           0,           0,           0,       33.85,        4.59,           0,       33.85,        0.63,           0,        0.98,           0,       57.21,           0,        0.06,           0,           0,           0,           0,           0,        0.08,           0,           0,        0.04,           0,           0,           0,           0,           0,           0,           0,           0,           0,           0,           0,           0
         8,        11,     4794.44,     2259.14,      128.51,     1392.59,        4.72,        1.20,           0,      296.00,      184.50,           0,           0,           0,      269.68,      217.17,       45.90,           0,           0,        5.92,     1521.31,      479.20,           0,     1392.59,     2562.26,      304.74,      318.14,       23.08,        1.19,       36.43,      130.87,       37.09,       12.98,       51.35,        4.05,      120.21,       71.03,       15.17,        1.69,        5.08,       13.82,        4.40,       15.71,        4.10,        2.64,        5.23,           0,           0,           0,           0,           0,           0
         8,        12,    23236.08,     8841.05,      337.49,     8502.55,       32.55,       15.36,      196.00,     1663.97,     1384.16,           0,           0,           0,     1242.16,      877.36,      172.68,           0,           0,       47.88,     8839.67,     3042.74,     2022.00,     6480.55,    10157.29,     1327.45,     1790.05,      129.77,        0.23,      158.42,      603.15,      171.68,       67.01,      242.16,       20.39,      472.18,      302.50,       62.05,        4.56,       15.79,       45.72,       15.69,       72.22,       13.04,        7.86,       18.15,           0,           0,           0,           0,           0,           0
         8,        13,    10331.50,     4122.39,      278.98,     3881.58,        0.22,        0.66,       19.00,      701.15,      698.00,           0,           0,           0,      405.65,      202.19,       32.63,           0,           0,        0.88,     4160.10,     1396.60,           0,     3881.58,     5000.60,      882.49,      753.86,       54.63,        0.01,       44.06,      211.38,       57.74,       23.21,       69.42,        5.61,      100.73,       78.84,       13.21,        0.46,        3.34,       17.64,        0.57,       12.22,        0.62,        0.25,        1.32,           0,           0,           0,           0,           0,           0
         8,        14,    24793.45,     8757.11,      471.76,     8691.54,       20.55,       30.32,      945.00,     2086.60,     1905.31,           0,           0,           0,     1174.54,      682.55,       74.62,           0,           0,       50.87,     9162.64,     3984.57,           0,     8691.54,    10075.24,     1336.53,     2248.70,      167.46,        0.12,      175.53,      604.94,      157.80,       35.53,      200.96,       11.33,      383.14,      254.30,       25.59,        0.40,        7.86,       18.70,        3.87,       44.21,        2.49,        0.96,        4.39,           0,           0,           0,           0,           0,           0
         8,        15,      608.00,      122.79,        0.51,      153.93,        5.10,           0,           0,       79.33,       66.12,           0,           0,           0,       90.85,       82.71,        7.66,           0,           0,        5.10,      154.43,      145.29,           0,      153.93,      132.59,       10.70,       80.90,        1.77,           0,        8.07,       54.32,       12.00,        2.81,       13.71,        0.14,       60.74,       16.88,        4.53,        0.06,        0.40,        0.48,        0.56,        3.66,        0.53,        0.43,        2.00,           0,           0,           0,           0,           0,           0
         8,        16,     4500.86,     1078.10,      140.67,     1219.40,       17.58,        0.77,       15.00,      561.73,      527.72,           0,           0,           0,      555.11,      339.57,       54.09,           0,           0,       18.35,     1360.02,     1087.62,           0,     1219.40,     1239.67,      167.21,      587.50,       27.10,           0,       60.08,      295.25,       88.98,       23.08,       87.75,        2.75,      204.98,      110.50,       16.87,        0.68,        3.80,        9.63,        3.33,       31.14,        3.08,        2.04,        4.90,           0,           0,           0,           0,           0,           0
         8,        17,     4244.10,      986.05,      148.54,     1354.63,       10.02,        1.73,           0,      492.75,      470.76,           0,           0,           0,      488.65,      263.86,       38.69,           0,           0,       11.75,     1503.06,      961.22,           0,     1354.63,     1145.84,      164.18,      513.91,       23.27,           0,       54.09,      259.83,       77.15,       20.38,       77.20,        2.81,      154.23,       90.94,       12.17,        0.48,        3.23,        9.59,        1.47,       22.91,        1.41,        0.78,        2.53,           0,           0,           0,           0,           0,           0
         8,        18,      111.63,       21.15,       16.74,       26.19,           0,           0,           0,       17.80,       13.46,           0,           0,           0,       13.26,        3.14,        0.02,           0,           0,           0,       42.90,       31.22,           0,       26.19,       21.93,        0.82,       18.25,        0.53,           0,        1.15,        6.61,        2.39,        1.08,        2.04,           0,        0.70,        1.97,        0.42,        0.01,        0.04,           0,           0,        0.02,           0,           0,           0,           0,           0,           0,           0,           0,           0
         8,        19,       33.52,        7.73,           0,        2.06,           0,           0,           0,        2.59,        0.67,           0,           0,           0,        5.84,       14.60,        0.28,           0,           0,           0,        2.06,        3.22,           0,        2.06,        8.02,        0.80,        2.59,        0.01,           0,           0,        4.41,        0.92,        0.03,        0.48,           0,        0.01,       14.05,           0,        0.01,        0.58,           0,        0.05,           0,        0.05,        0.08,        0.10,           0,           0,           0,           0,           0,           0
         8,        20,     2010.49,      436.56,       55.51,      341.29,        2.68,           0,           0,      225.23,      168.39,           0,           0,           0,      281.01,      492.88,       16.65,           0,           0,        2.68,      396.66,      391.13,           0,      341.29,      506.14,       75.41,      232.34,        8.71,           0,       15.76,      158.28,       56.52,       11.93,       38.79,           0,        2.75,      419.73,        0.35,        5.10,       65.32,           0,        2.97,        6.46,        2.07,        2.13,        3.02,           0,           0,           0,           0,           0,           0
         8,        21,     1305.38,      282.04,        7.29,      140.53,           0,           0,      427.00,       53.12,       14.78,           0,           0,           0,      128.59,      247.97,       11.22,           0,           0,           0,      147.76,       67.05,        1.00,      139.53,      311.08,       33.86,       54.91,        2.43,           0,        1.68,       71.44,       34.35,        4.65,       16.83,           0,        1.93,      218.74,        0.28,        2.46,       24.95,           0,        1.34,        4.87,        0.92,        1.29,        2.80,           0,           0,           0,           0,           0,           0
         8,        22,       85.12,       32.78,        0.01,        0.57,           0,           0,           0,        0.17,           0,           0,           0,           0,       12.71,       34.95,        4.29,           0,           0,           0,        0.58,        0.17,           0,        0.57,       33.74,        1.50,        0.17,           0,           0,           0,        4.56,        6.99,        0.34,        0.85,           0,        0.06,       32.18,           0,        0.30,        2.52,           0,        0.37,        1.02,        0.60,        0.93,        1.37,           0,           0,           0,           0,           0,           0
         8,        23,        0.01,        0.01,           0,           0,           0,           0,           0,           0,           0,           0,           0,           0,           0,           0,           0,           0,           0,           0,           0,           0,           0,           0,        0.01,           0,           0,           0,           0,           0,           0,           0,           0,           0,           0,           0,           0,           0,           0,           0,           0,           0,           0,           0,           0,           0,           0,           0,           0,           0,           0,           0
         8,        24,        0.02,           0,           0,        0.02,           0,           0,           0,           0,           0,           0,           0,           0,           0,           0,           0,           0,           0,           0,        0.02,           0,           0,        0.02,           0,           0,           0,           0,           0,           0,           0,           0,           0,           0,           0,           0,           0,           0,           0,           0,           0,           0,           0,           0,           0,           0,           0,           0,           0,           0,           0,           0
         8,        25,        1.48,        0.50,           0,           0,           0,           0,           0,           0,           0,           0,           0,           0,        0.34,        0.64,           0,           0,           0,           0,           0,           0,           0,           0,        0.50,           0,           0,           0,           0,           0,        0.08,        0.24,        0.01,        0.01,           0,           0,        0.61,           0,        0.01,        0.02,           0,           0,           0,           0,           0,           0,           0,           0,           0,           0,           0,           0
         8,        26,           0,           0,           0,           0,           0,           0,           0,           0,           0,           0,           0,           0,           0,           0,           0,           0,           0,           0,           0,           0,           0,           0,           0,           0,           0,           0,           0,           0,           0,           0,           0,           0,           0,           0,           0,           0,           0,           0,           0,           0,           0,           0,           0,           0,           0,           0,           0,           0,           0,           0
         8,        27,     7249.12,           0,           0,           0,           0,           0,           0,           0,           0,     6383.52,           0,           0,           0,           0,           0,      447.90,      419.01,           0,           0,           0,           0,           0,           0,           0,           0,           0,           0,           0,           0,           0,           0,           0,           0,           0,           0,           0,           0,           0,           0,           0,           0,           0,           0,           0,      447.90,           0,           0,      419.01,           0,           0
         9,         1,      506.79,       91.99,        0.89,       39.18,        0.95,           0,           0,       36.73,       32.43,           0,           0,           0,       48.09,      184.67,       71.85,           0,           0,        0.95,       40.07,       69.18,           0,       39.18,       97.46,        5.52,       36.98,        0.25,           0,        3.48,       27.38,        9.57,        2.14,        5.52,        0.24,       14.82,      135.10,        3.50,        7.73,       23.28,        5.10,        6.95,       41.91,        5.54,        3.09,        9.26,           0,           0,           0,           0,           0,           0
         9,         2,       23.71,        1.86,           0,        2.48,           0,           0,           0,        2.96,        2.65,           0,           0,           0,        4.67,        8.09,        1.00,           0,           0,           0,        2.48,        5.61,           0,        2.48,        1.87,        0.01,        2.97,        0.01,           0,        0.45,        2.55,        0.65,        0.14,        0.88,           0,        0.31,        6.96,        0.03,        0.15,        0.64,        0.01,        0.03,        0.85,           0,           0,        0.11,           0,           0,           0,           0,           0,           0
         9,         3,           0,           0,           0,           0,           0,           0,           0,           0,           0,           0,           0,           0,           0,           0,           0,           0,           0,           0,           0,           0,           0,           0,           0,           0,           0,           0,           0,           0,           0,           0,           0,           0,           0,           0,           0,           0,           0,           0,           0,           0,           0,           0,           0,           0,           0,           0,           0,           0,           0,           0
         9,         4,     4618.79,      996.11,        8.60,      875.54,       27.04,       22.38,           0,      553.77,      563.15,           0,           0,           0,      413.47,      760.30,      402.11,           0,           0,       49.42,      884.12,     1116.12,           0,      875.54,     1102.93,      109.99,      577.03,       23.78,        2.57,       44.88,      222.03,       60.48,       13.36,       70.15,        4.58,       83.34,      545.91,       19.81,       26.55,       80.09,      104.14,       39.16,      159.32,       33.76,       17.43,       48.31,           0,           0,           0,           0,           0,           0
         9,         5,     7891.72,     1781.79,       27.26,     1777.76,       27.04,       24.11,      924.00,      792.05,      825.80,           0,           0,           0,      490.42,      821.16,      407.01,           0,           0,       51.15,     1805.01,     1616.60,           0,     1777.76,     2005.93,      229.81,      848.36,       56.77,        9.40,       62.60,      244.73,       70.38,       20.02,       83.29,       10.65,       96.77,      574.78,       22.61,       27.18,       89.18,      110.25,       30.61,      194.52,       20.63,        9.51,       41.50,           0,           0,           0,           0,           0,           0
         9,         6,        4.29,        0.12,           0,        2.44,           0,           0,           0,        0.07,        0.22,           0,           0,           0,        1.41,        0.03,           0,           0,           0,           0,        2.44,        0.29,           0,        2.44,        0.12,           0,        0.07,           0,        1.40,           0,        0.01,           0,           0,           0,           0,           0,        0.03,           0,           0,           0,           0,           0,           0,           0,           0,           0,           0,           0,           0,           0,           0,           0
         9,         7,       68.27,        0.06,           0,        0.28,           0,           0,           0,        0.05,        0.08,           0,           0,           0,       67.80,           0,           0,           0,           0,           0,        0.28,        0.13,           0,        0.28,        0.06,           0,        0.05,           0,       67.80,           0,           0,           0,           0,           0,           0,           0,           0,           0,           0,           0,           0,           0,           0,           0,           0,           0,           0,           0,           0,           0,           0,           0
         9,         8,    33677.76,     6454.81,      470.86,    12696.88,      857.79,     1261.60,      219.00,     2820.26,     4565.14,           0,           0,           0,     1723.34,     2096.03,      529.53,           0,           0,     2119.17,    13166.59,     7382.28,           0,    12696.88,     7481.27,     1033.06,     3044.74,      226.00,      213.02,      231.76,      775.73,      171.08,       49.37,      284.70,       21.98,      205.63,     1375.98,       45.63,       62.09,      385.56,      282.24,       22.63,      167.61,       15.87,        8.68,       32.70,           0,           0,           0,           0,           0,           0
         9,         9,   411626.83,    27970.43,    41868.08,   176277.87,    16892.75,    16328.42,           0,    23759.81,    69826.11,           0,           0,           0,    24265.80,    11751.26,     2701.86,           0,           0,    33220.81,   218142.05,    93583.21,           0,   176277.87,    32347.47,     4375.51,    25779.20,     2019.21,    14753.45,     1734.00,     4584.69,      880.48,      409.69,     1911.58,      134.45,     1374.72,     7635.77,      198.55,      278.60,     2133.32,      806.40,      144.17,     1400.65,       73.77,       56.23,      221.66,           0,           0,           0,           0,           0,           0
         9,        10,       59.81,        0.30,           0,       16.28,           0,           0,           0,        0.44,        2.10,           0,           0,           0,       40.57,        0.12,           0,           0,           0,           0,       16.28,        2.54,           0,       16.28,        0.30,           0,        0.44,           0,       40.55,           0,        0.02,           0,           0,           0,           0,           0,        0.08,           0,           0,        0.04,           0,           0,           0,           0,           0,           0,           0,           0,           0,           0,           0,           0
         9,        11,     8506.76,     3693.69,      141.59,     2901.72,       14.33,       21.51,           0,      541.91,      462.17,           0,           0,           0,      357.07,      288.97,       89.90,           0,           0,       35.84,     3043.17,     1003.05,           0,     2901.72,     4194.12,      502.47,      588.72,       47.50,       17.29,       48.10,      163.77,       42.77,       16.42,       69.33,        6.69,      146.34,      105.73,       21.36,        2.32,        6.80,       39.19,        6.26,       26.72,        5.04,        3.86,        8.93,           0,           0,           0,           0,           0,           0
         9,        12,    49064.01,    14666.56,      733.03,    21470.25,      250.18,      380.09,      322.00,     3245.15,     4245.76,           0,           0,           0,     2025.54,     1376.69,      391.55,           0,           0,      629.72,    22198.19,     7481.96,     1854.00,    19616.25,    16890.18,     2230.04,     3528.56,      288.00,      172.95,      270.90,      881.41,      223.74,       95.79,      383.39,       39.08,      717.59,      491.72,       92.13,        8.07,       28.81,      148.54,       24.89,      150.59,       16.60,       14.07,       37.03,           0,           0,           0,           0,           0,           0
         9,        13,    23895.89,     6935.10,      799.79,    11610.73,        3.26,        9.30,       94.00,     1291.28,     2065.85,           0,           0,           0,      669.20,      336.58,      103.06,           0,           0,       12.53,    12405.65,     3349.74,           0,    11610.73,     8423.38,     1488.69,     1401.74,      114.65,       72.61,       79.84,      299.84,       76.42,       32.95,      110.17,       10.97,      167.31,      129.02,       21.14,        1.15,        7.58,       61.46,        1.09,       35.97,        0.51,        0.36,        3.80,           0,           0,           0,           0,           0,           0
         9,        14,    50879.28,    15015.47,     1007.59,    21420.47,       99.40,      419.27,     1328.00,     3774.99,     4964.54,           0,           0,           0,     1730.15,      991.31,      195.35,           0,           0,      518.46,    22421.15,     8724.46,           0,    21420.47,    17324.33,     2322.29,     4109.34,      341.26,      123.52,      253.99,      801.18,      199.49,       52.86,      301.03,       25.74,      505.16,      403.47,       43.97,        0.86,       12.46,       81.60,        6.31,       94.12,        2.32,        1.31,        9.79,           0,           0,           0,           0,           0,           0
         9,        15,      797.60,      138.84,        0.06,      168.48,       11.36,        7.48,           0,      133.74,      125.39,           0,           0,           0,      105.68,       96.43,       15.86,           0,           0,       18.85,      168.54,      257.26,           0,      168.48,      151.48,       14.60,      137.87,        4.84,        0.13,       11.16,       58.56,       13.80,        3.84,       18.27,        0.69,       62.63,       26.15,        6.11,        0.11,        0.77,        5.10,        0.95,        6.23,        0.75,        0.37,        2.46,           0,           0,           0,           0,           0,           0
         9,        16,     7111.28,     1672.92,       41.80,     1811.44,       38.08,       77.34,       35.00,     1074.91,     1177.95,           0,           0,           0,      671.20,      429.84,      110.79,           0,           0,      115.35,     1853.02,     2245.00,           0,     1811.44,     1942.34,      282.74,     1141.26,       70.51,        1.27,       76.00,      345.10,       99.51,       30.49,      119.12,       10.09,      213.62,      171.82,       26.46,        1.07,        6.84,       41.01,        5.52,       50.14,        4.25,        2.00,        7.88,           0,           0,           0,           0,           0,           0
         9,        17,     6941.91,     1633.09,       45.88,     2094.26,       24.71,      106.88,           0,      966.35,     1085.30,           0,           0,           0,      600.92,      339.67,       80.20,           0,           0,      131.53,     2139.77,     2042.85,           0,     2094.26,     1911.32,      291.05,     1024.20,       62.94,        0.48,       68.01,      311.38,       88.80,       26.80,      105.83,        8.83,      161.26,      143.16,       20.26,        0.71,        5.52,       35.12,        2.26,       36.42,        1.61,        0.57,        4.22,           0,           0,           0,           0,           0,           0
         9,        18,      116.35,       16.28,        6.14,       25.98,           0,           0,           0,       24.37,       24.40,           0,           0,           0,       15.06,        4.25,        0.10,           0,           0,           0,       32.12,       48.67,           0,       25.98,       16.79,        0.65,       25.21,        0.92,        0.34,        1.65,        6.72,        2.52,        1.45,        2.38,           0,        0.96,        2.64,        0.54,        0.02,        0.09,        0.03,           0,        0.07,           0,           0,           0,           0,           0,           0,           0,           0,           0
         9,        19,       73.69,        7.41,           0,        4.99,        1.00,           0,           0,       10.67,        8.38,           0,           0,           0,       12.52,       28.62,        0.34,           0,           0,        1.00,        4.99,       19.00,           0,        4.99,        7.87,        0.89,       10.69,           0,           0,        0.26,        9.18,        1.55,        0.09,        1.44,           0,        0.05,       26.57,           0,        0.05,        1.97,           0,        0.12,           0,        0.07,        0.07,        0.08,           0,           0,           0,           0,           0,           0
         9,        20,     2284.82,      310.53,       21.72,      324.05,       21.85,        1.19,           0,      314.79,      317.87,           0,           0,           0,      327.44,      625.81,       29.33,           0,           0,       23.04,      345.76,      629.53,           0,      324.05,      359.95,       55.32,      327.54,       15.44,           0,       29.68,      175.36,       60.21,       16.23,       46.02,        0.82,        4.01,      511.87,        0.41,       11.04,       97.76,        1.57,        5.18,       14.32,        3.82,        1.53,        2.91,           0,           0,           0,           0,           0,           0
         9,        21,     1940.58,      226.48,        9.38,      316.66,        2.27,           0,      402.00,      186.75,      151.13,           0,           0,           0,      216.42,      417.17,       17.54,           0,           0,        2.27,      326.04,      336.60,        2.00,      314.66,      251.50,       27.92,      200.10,       14.15,           0,       16.91,      117.68,       42.99,        9.92,       29.20,        0.03,        4.54,      349.03,        0.80,        6.39,       56.67,        0.05,        2.58,       10.20,        1.57,        0.83,        2.31,           0,           0,           0,           0,           0,           0
         9,        22,      287.00,       40.60,        1.17,       15.54,        0.06,           0,           0,       26.63,       14.25,           0,           0,           0,       43.78,      139.72,        6.11,           0,           0,        0.06,       16.71,       40.65,           0,       15.54,       42.25,        2.00,       26.88,        0.40,           0,        0.81,       24.00,       13.07,        1.85,        4.06,           0,        0.66,      121.25,        0.02,        1.40,       16.47,           0,        0.90,        3.00,        0.58,        0.57,        1.06,           0,           0,           0,           0,           0,           0
         9,        23,        0.19,        0.19,           0,           0,           0,           0,           0,           0,           0,           0,           0,           0,           0,           0,           0,           0,           0,           0,           0,           0,           0,           0,        0.19,           0,           0,           0,           0,           0,           0,           0,           0,           0,           0,           0,           0,           0,           0,           0,           0,           0,           0,           0,           0,           0,           0,           0,           0,           0,           0,           0
         9,        24,        0.04,           0,           0,        0.04,           0,           0,           0,           0,           0,           0,           0,           0,           0,           0,           0,           0,           0,           0,        0.04,           0,           0,        0.04,           0,           0,           0,           0,           0,           0,           0,           0,           0,           0,           0,           0,           0,           0,           0,           0,           0,           0,           0,           0,           0,           0,           0,           0,           0,           0,           0,           0
         9,        25,       10.58,        1.09,        1.06,        1.33,           0,           0,           0,        1.59,        0.68,           0,           0,           0,        1.88,        3.07,        0.01,           0,           0,           0,        2.39,        2.23,           0,        1.33,        1.09,           0,        1.60,        0.03,           0,        0.02,        0.89,        0.46,        0.19,        0.32,           0,           0,        2.60,           0,        0.05,        0.42,           0,           0,        0.01,           0,           0,           0,           0,           0,           0,           0,           0,           0
         9,        26,           0,           0,           0,           0,           0,           0,           0,           0,           0,           0,           0,           0,           0,           0,           0,           0,           0,           0,           0,           0,           0,           0,           0,           0,           0,           0,           0,           0,           0,           0,           0,           0,           0,           0,           0,           0,           0,           0,           0,           0,           0,           0,           0,           0,           0,           0,           0,           0,           0,           0
         9,        27,     4526.07,           0,           0,           0,           0,           0,           0,           0,           0,     3613.39,           0,           0,           0,           0,           0,      265.23,      648.32,           0,           0,           0,           0,           0,           0,           0,           0,           0,           0,           0,           0,           0,           0,           0,           0,           0,           0,           0,           0,           0,           0,           0,           0,           0,           0,           0,      265.23,           0,           0,      648.32,           0,           0
        10,         1,        0.23,        0.12,        0.04,        0.04,        0.03,           0,           0,           0,           0,           0,           0,           0,           0,           0,           0,           0,           0,        0.03,        0.08,           0,           0,        0.04,        0.12,           0,           0,           0,           0,           0,           0,           0,           0,           0,           0,           0,           0,           0,           0,           0,           0,           0,           0,           0,           0,           0,           0,           0,           0,           0,           0,           0
        10,         2,        0.01,           0,           0,        0.01,           0,           0,           0,           0,           0,           0,           0,           0,           0,           0,           0,           0,           0,           0,        0.01,           0,           0,        0.01,           0,           0,           0,           0,           0,           0,           0,           0,           0,           0,           0,           0,           0,           0,           0,           0,           0,           0,           0,           0,           0,           0,           0,           0,           0,           0,           0,           0
        10,         3,           0,           0,           0,           0,           0,           0,           0,           0,           0,           0,           0,           0,           0,           0,           0,           0,           0,           0,           0,           0,           0,           0,           0,           0,           0,           0,           0,           0,           0,           0,           0,           0,           0,           0,           0,           0,           0,           0,           0,           0,           0,           0,           0,           0,           0,           0,           0,           0,           0,           0
        10,         4,       10.00,        1.37,        0.25,        3.15,        0.53,        0.19,           0,        0.01,        0.13,           0,           0,           0,        4.36,        0.01,           0,           0,           0,        0.72,        3.40,        0.14,           0,        3.15,        1.47,        0.10,        0.01,           0,        4.36,           0,           0,           0,           0,           0,           0,           0,        0.01,           0,           0,           0,           0,           0,           0,           0,           0,           0,           0,           0,           0,           0,           0,           0
        10,         5,       27.62,        3.16,        0.97,        8.76,        0.56,        0.33,           0,        0.18,        0.61,           0,           0,           0,       13.06,        0.01,           0,           0,           0,        0.89,        9.73,        0.79,           0,        8.76,        3.37,        0.21,        0.18,           0,       13.06,           0,           0,           0,           0,           0,           0,           0,        0.01,           0,           0,           0,           0,           0,           0,           0,           0,           0,           0,           0,           0,           0,           0,           0
        10,         6,        1.37,           0,           0,           0,           0,           0,           0,           0,           0,           0,           0,           0,        1.37,           0,           0,           0,           0,           0,           0,           0,           0,           0,           0,           0,           0,           0,        1.37,           0,           0,           0,           0,           0,           0,           0,           0,           0,           0,           0,           0,           0,           0,           0,           0,           0,           0,           0,           0,           0,           0,           0
        10,         7,        2.92,           0,           0,           0,           0,           0,           0,           0,           0,           0,           0,           0,        2.92,           0,           0,           0,           0,           0,           0,           0,           0,           0,           0,           0,           0,           0,        2.92,           0,           0,           0,           0,           0,           0,           0,           0,           0,           0,           0,           0,           0,           0,           0,           0,           0,           0,           0,           0,           0,           0,           0
        10,         8,      133.14,       10.01,        4.43,       33.89,        3.73,        4.98,           0,        0.88,        3.24,           0,           0,           0,       71.87,        0.13,           0,           0,           0,        8.71,       38.32,        4.12,           0,       33.89,       11.46,        1.44,        0.90,        0.02,       71.82,           0,        0.05,           0,           0,           0,           0,           0,        0.09,           0,           0,        0.04,           0,           0,           0,           0,           0,           0,           0,           0,           0,           0,           0,           0
        10,         9,      121.90,        7.68,        5.31,       23.15,        1.79,        2.88,           0,        0.46,        2.17,           0,           0,           0,       78.37,        0.11,           0,           0,           0,        4.67,       28.46,        2.63,           0,       23.15,        8.83,        1.14,        0.46,           0,       78.35,           0,        0.02,           0,           0,           0,           0,           0,        0.07,           0,           0,        0.04,           0,           0,           0,           0,           0,           0,           0,           0,           0,           0,           0,           0
        10,        10,      176.73,        0.01,           0,        4.40,           0,           0,           0,        0.01,        0.10,           0,           0,           0,      172.21,           0,           0,           0,           0,           0,        4.40,        0.11,           0,        4.40,        0.01,           0,        0.01,           0,      172.21,           0,           0,           0,           0,           0,           0,           0,           0,           0,           0,           0,           0,           0,           0,           0,           0,           0,           0,           0,           0,           0,           0,           0
        10,        11,        5.46,        1.32,        0.77,        2.60,        0.11,           0,           0,        0.01,        0.05,           0,           0,           0,        0.59,           0,           0,           0,           0,        0.11,        3.38,        0.06,           0,        2.60,        1.46,        0.14,        0.01,           0,        0.58,           0,        0.01,           0,           0,           0,           0,           0,           0,           0,           0,           0,           0,           0,           0,           0,           0,           0,           0,           0,           0,           0,           0,           0
        10,        12,       26.04,        5.25,        1.87,       13.26,        0.56,        0.06,           0,        0.09,        0.44,           0,           0,           0,        4.50,        0.01,           0,           0,           0,        0.62,       15.13,        0.53,        1.00,       12.26,        5.84,        0.59,        0.09,           0,        4.48,           0,        0.01,           0,           0,        0.01,           0,           0,        0.01,           0,           0,           0,           0,           0,           0,           0,           0,           0,           0,           0,           0,           0,           0,           0
        10,        13,       15.67,        2.64,        1.53,        7.67,           0,        0.01,           0,        0.04,        0.33,           0,           0,           0,        3.46,           0,           0,           0,           0,        0.01,        9.20,        0.37,           0,        7.67,        3.06,        0.43,        0.04,           0,        3.46,           0,           0,           0,           0,           0,           0,           0,           0,           0,           0,           0,           0,           0,           0,           0,           0,           0,           0,           0,           0,           0,           0,           0
        10,        14,       30.10,        4.88,        2.55,       16.91,        0.45,        0.18,           0,        0.18,        0.63,           0,           0,           0,        4.34,        0.01,           0,           0,           0,        0.63,       19.46,        0.81,           0,       16.91,        5.29,        0.43,        0.19,        0.01,        4.30,        0.01,        0.03,           0,           0,           0,           0,           0,        0.01,           0,           0,           0,           0,           0,           0,           0,           0,           0,           0,           0,           0,           0,           0,           0
        10,        15,        0.37,        0.04,           0,        0.25,        0.08,           0,           0,           0,           0,           0,           0,           0,           0,           0,           0,           0,           0,        0.08,        0.25,           0,           0,        0.25,        0.04,           0,           0,           0,           0,           0,           0,           0,           0,           0,           0,           0,           0,           0,           0,           0,           0,           0,           0,           0,           0,           0,           0,           0,           0,           0,           0,           0
        10,        16,        4.25,        0.52,        0.86,        2.36,        0.38,           0,           0,        0.01,        0.12,           0,           0,           0,           0,           0,           0,           0,           0,        0.38,        3.22,        0.13,           0,        2.36,        0.54,        0.02,        0.01,           0,           0,           0,           0,           0,           0,           0,           0,           0,           0,           0,           0,           0,           0,           0,           0,           0,           0,           0,           0,           0,           0,           0,           0,           0
        10,        17,        4.34,        0.47,        0.89,        2.68,        0.20,           0,           0,           0,        0.10,           0,           0,           0,           0,           0,           0,           0,           0,        0.20,        3.57,        0.10,           0,        2.68,        0.49,        0.02,           0,           0,           0,           0,           0,           0,           0,           0,           0,           0,           0,           0,           0,           0,           0,           0,           0,           0,           0,           0,           0,           0,           0,           0,           0,           0
        10,        18,        0.16,        0.01,        0.11,        0.04,           0,           0,           0,           0,           0,           0,           0,           0,           0,           0,           0,           0,           0,           0,        0.15,           0,           0,        0.04,        0.01,           0,           0,           0,           0,           0,           0,           0,           0,           0,           0,           0,           0,           0,           0,           0,           0,           0,           0,           0,           0,           0,           0,           0,           0,           0,           0,           0
        10,        19,           0,           0,           0,           0,           0,           0,           0,           0,           0,           0,           0,           0,           0,           0,           0,           0,           0,           0,           0,           0,           0,           0,           0,           0,           0,           0,           0,           0,           0,           0,           0,           0,           0,           0,           0,           0,           0,           0,           0,           0,           0,           0,           0,           0,           0,           0,           0,           0,           0,           0
        10,        20,        0.64,        0.12,        0.27,        0.25,           0,           0,           0,           0,           0,           0,           0,           0,           0,           0,           0,           0,           0,           0,        0.52,           0,           0,        0.25,        0.12,           0,           0,           0,           0,           0,           0,           0,           0,           0,           0,           0,           0,           0,           0,           0,           0,           0,           0,           0,           0,           0,           0,           0,           0,           0,           0,           0
        10,        21,        0.09,        0.05,        0.01,        0.03,           0,           0,           0,           0,           0,           0,           0,           0,           0,           0,           0,           0,           0,           0,        0.04,           0,           0,        0.03,        0.05,           0,           0,           0,           0,           0,           0,           0,           0,           0,           0,           0,           0,           0,           0,           0,           0,           0,           0,           0,           0,           0,           0,           0,           0,           0,           0,           0
        10,        22,           0,           0,           0,           0,           0,           0,           0,           0,           0,           0,           0,           0,           0,           0,           0,           0,           0,           0,           0,           0,           0,           0,           0,           0,           0,           0,           0,           0,           0,           0,           0,           0,           0,           0,           0,           0,           0,           0,           0,           0,           0,           0,           0,           0,           0,           0,           0,           0,           0,           0
        10,        23,           0,           0,           0,           0,           0,           0,           0,           0,           0,           0,           0,           0,           0,           0,           0,           0,           0,           0,           0,           0,           0,           0,           0,           0,           0,           0,           0,           0,           0,           0,           0,           0,           0,           0,           0,           0,           0,           0,           0,           0,           0,           0,           0,           0,           0,           0,           0,           0,           0,           0
        10,        24,           0,           0,           0,           0,           0,           0,           0,           0,           0,           0,           0,           0,           0,           0,           0,           0,           0,           0,           0,           0,           0,           0,           0,           0,           0,           0,           0,           0,           0,           0,           0,           0,           0,           0,           0,           0,           0,           0,           0,           0,           0,           0,           0,           0,           0,           0,           0,           0,           0,           0
        10,        25,           0,           0,           0,           0,           0,           0,           0,           0,           0,           0,           0,           0,           0,           0,           0,           0,           0,           0,           0,           0,           0,           0,           0,           0,           0,           0,           0,           0,           0,           0,           0,           0,           0,           0,           0,           0,           0,           0,           0,           0,           0,           0,           0,           0,           0,           0,           0,           0,           0,           0
        10,        26,           0,           0,           0,           0,           0,           0,           0,           0,           0,           0,           0,           0,           0,           0,           0,           0,           0,           0,           0,           0,           0,           0,           0,           0,           0,           0,           0,           0,           0,           0,           0,           0,           0,           0,           0,           0,           0,           0,           0,           0,           0,           0,           0,           0,           0,           0,           0,           0,           0,           0
        10,        27,        0.89,           0,           0,           0,           0,           0,           0,           0,           0,        0.89,           0,           0,           0,           0,           0,           0,           0,           0,           0,           0,           0,           0,           0,           0,           0,           0,           0,           0,           0,           0,           0,           0,           0,           0,           0,           0,           0,           0,           0,           0,           0,           0,           0,           0,           0,           0,           0,           0,           0,           0
        11,         1,       62.47,       11.65,        0.06,        1.29,           0,           0,           0,        3.27,        0.89,           0,           0,           0,       11.12,       19.80,       14.43,           0,           0,           0,        1.35,        4.16,           0,        1.29,       11.98,        0.40,        3.29,        0.03,           0,        0.49,        5.16,        2.78,        0.84,        1.85,           0,       10.46,        7.37,        1.72,        0.13,        0.14,           0,        1.49,        7.19,        0.95,        1.49,        3.31,           0,           0,           0,           0,           0,           0
        11,         2,        1.84,        0.13,           0,           0,           0,           0,           0,        0.14,        0.02,           0,           0,           0,        0.77,        0.58,        0.20,           0,           0,           0,           0,        0.16,           0,           0,        0.13,           0,        0.14,           0,           0,        0.02,        0.44,        0.14,        0.03,        0.14,           0,        0.16,        0.39,        0.03,           0,           0,           0,        0.01,        0.14,           0,           0,        0.05,           0,           0,           0,           0,           0,           0
        11,         3,           0,           0,           0,           0,           0,           0,           0,           0,           0,           0,           0,           0,           0,           0,           0,           0,           0,           0,           0,           0,           0,           0,           0,           0,           0,           0,           0,           0,           0,           0,           0,           0,           0,           0,           0,           0,           0,           0,           0,           0,           0,           0,           0,           0,           0,           0,           0,           0,           0,           0
        11,         4,      460.55,       56.60,        3.30,       55.41,        0.46,           0,           0,       50.88,       27.58,           0,           0,           0,       91.14,      105.49,       69.91,           0,           0,        0.46,       58.71,       78.38,           0,       55.41,       60.65,        4.28,       52.00,        1.19,           0,        9.44,       46.02,       16.37,        4.23,       15.09,        0.76,       62.36,       32.81,        7.89,        0.75,        0.92,        4.43,        8.76,       27.90,        8.31,        7.13,       13.38,           0,           0,           0,           0,           0,           0
        11,         5,      584.48,       81.38,        8.86,       91.33,        0.76,           0,           0,       73.30,       41.13,           0,           0,           0,      105.21,      116.00,       67.04,           0,           0,        0.76,      100.19,      114.29,           0,       91.33,       89.35,        8.26,       77.09,        3.90,           0,       13.59,       49.03,       18.67,        6.22,       17.70,        1.89,       69.46,       34.43,        8.42,        0.73,        1.08,        5.95,        6.88,       34.92,        5.14,        3.92,       10.23,           0,           0,           0,           0,           0,           0
        11,         6,        0.03,           0,           0,        0.03,           0,           0,           0,           0,           0,           0,           0,           0,           0,           0,           0,           0,           0,           0,        0.03,           0,           0,        0.03,           0,           0,           0,           0,           0,           0,           0,           0,           0,           0,           0,           0,           0,           0,           0,           0,           0,           0,           0,           0,           0,           0,           0,           0,           0,           0,           0,           0
        11,         7,        1.40,           0,           0,           0,           0,           0,           0,        0.01,        0.01,           0,           0,           0,        1.38,           0,           0,           0,           0,           0,           0,        0.02,           0,           0,           0,           0,        0.01,           0,        1.38,           0,           0,           0,           0,           0,           0,           0,           0,           0,           0,           0,           0,           0,           0,           0,           0,           0,           0,           0,           0,           0,           0,           0
        11,         8,     1301.22,      211.96,       10.17,      204.23,        3.29,        5.40,           0,      232.20,      136.07,           0,           0,           0,      242.91,      202.48,       55.96,           0,           0,        8.69,      214.40,      367.52,           0,      204.23,      241.96,       31.68,      246.74,       15.65,        1.76,       32.06,      117.03,       35.49,       11.62,       45.21,        3.61,      101.15,       75.78,       14.51,        1.83,        5.69,       17.77,        4.79,       20.23,        4.33,        2.76,        6.09,           0,           0,           0,           0,           0,           0
        11,         9,     3488.73,      950.45,       69.62,      787.28,        8.59,       23.37,           0,      504.36,      421.87,           0,           0,           0,      350.57,      283.21,       96.53,           0,           0,       31.95,      856.39,      925.20,           0,      787.28,     1092.03,      143.94,      541.85,       38.20,       24.67,       45.60,      157.18,       42.07,       15.61,       66.12,        6.40,      138.41,      107.72,       21.06,        2.39,        7.46,       43.55,        6.56,       28.20,        5.16,        3.88,        9.26,           0,           0,           0,           0,           0,           0
        11,        10,        0.95,           0,           0,        0.43,           0,           0,           0,        0.01,        0.03,           0,           0,           0,        0.48,           0,           0,           0,           0,           0,        0.43,        0.04,           0,        0.43,           0,           0,        0.01,           0,        0.47,           0,        0.01,           0,           0,           0,           0,           0,           0,           0,           0,           0,           0,           0,           0,           0,           0,           0,           0,           0,           0,           0,           0,           0
        11,        11,   114222.87,     7731.80,     6056.91,    54516.57,     7280.80,     6109.15,           0,     6811.35,    12714.48,           0,           0,           0,     9485.77,     3188.07,      328.14,           0,           0,    13389.96,    60573.51,    19525.40,           0,    54516.57,     8780.03,     1047.85,     7432.64,      621.02,     5607.68,      694.16,     1702.50,      328.43,      235.87,      919.93,       78.55,     2718.58,      255.53,      129.11,        1.70,        5.00,       73.23,       28.42,      157.17,       12.23,       14.13,       43.12,           0,           0,           0,           0,           0,           0
        11,        12,    79831.10,    13967.73,    11083.96,    35264.24,     1008.24,     2115.84,      373.00,     4238.73,     6084.71,           0,           0,           0,     3061.76,     2405.00,      244.09,           0,           0,     3123.66,    46344.28,    10319.17,     1784.00,    33480.24,    16109.67,     2142.39,     4628.70,      392.16,      405.99,      451.07,     1201.14,      265.24,      155.91,      589.22,       37.28,     2065.92,      169.36,      130.27,        1.00,        1.98,       61.11,       17.01,      112.01,       11.87,       12.33,       30.19,           0,           0,           0,           0,           0,           0
        11,        13,     7183.57,     2110.80,      317.78,     2768.96,        0.15,        1.56,        7.00,      633.54,      690.65,           0,           0,           0,      364.62,      267.84,       29.88,           0,           0,        1.71,     3083.65,     1321.27,           0,     2768.96,     2557.82,      447.16,      687.49,       55.65,       24.68,       47.35,      163.66,       41.08,       23.05,       66.09,        6.13,      226.58,       17.73,       17.36,        0.06,        0.13,       15.23,        0.64,       11.03,        0.34,        0.31,        2.36,           0,           0,           0,           0,           0,           0
        11,        14,    21866.45,     6243.69,      996.24,     8438.58,       23.41,       90.95,      385.00,     1979.74,     1907.24,           0,           0,           0,      969.48,      797.66,       59.81,           0,           0,      114.29,     9429.28,     3881.59,           0,     8438.58,     7217.92,      977.53,     2153.79,      177.22,       48.61,      155.72,      440.35,      106.32,       35.88,      184.79,       15.29,      692.21,       52.16,       38.00,        0.02,        0.17,       22.28,        2.85,       27.33,        1.30,        1.14,        4.95,           0,           0,           0,           0,           0,           0
        11,        15,     3565.14,      600.17,      165.25,     1663.44,       40.81,       56.59,           0,      277.79,      300.76,           0,           0,           0,      259.61,      193.78,       11.04,           0,           0,       97.33,     1828.55,      577.71,           0,     1663.44,      677.43,       78.36,      294.54,       17.19,       79.67,       28.38,       91.07,       16.87,        5.34,       38.51,        1.27,      174.69,        8.48,        9.40,           0,           0,        4.16,        0.65,        3.35,        0.48,        0.48,        1.92,           0,           0,           0,           0,           0,           0
        11,        16,     9750.33,     1993.43,      344.87,     3745.69,       89.43,      182.74,       79.00,     1066.69,     1117.86,           0,           0,           0,      655.35,      450.01,       43.55,           0,           0,      272.00,     4088.93,     2181.29,           0,     3745.69,     2317.87,      329.70,     1137.39,       72.90,       51.95,       87.31,      298.71,       72.55,       24.16,      121.37,        7.62,      382.67,       31.58,       28.18,        0.02,        0.02,       17.75,        2.63,       15.07,        2.16,        1.60,        4.34,           0,           0,           0,           0,           0,           0
        11,        17,     4792.90,     1152.42,      132.64,     1649.61,       10.71,       62.18,           0,      604.44,      512.06,           0,           0,           0,      376.10,      277.68,       26.19,           0,           0,       72.88,     1781.48,     1114.53,           0,     1649.61,     1359.70,      210.94,      644.04,       41.08,        1.90,       48.38,      186.19,       49.43,       17.60,       72.70,        6.04,      233.26,       19.78,       18.56,        0.01,        0.03,       11.79,        1.15,        9.52,        0.86,        0.60,        2.27,           0,           0,           0,           0,           0,           0
        11,        18,       74.74,       11.14,        9.72,       16.15,           0,           0,           0,       15.33,       10.57,           0,           0,           0,        9.35,        2.52,        0.06,           0,           0,           0,       25.86,       25.88,           0,       16.15,       11.81,        0.75,       15.92,        0.68,        0.34,        1.12,        4.04,        1.31,        0.92,        1.62,           0,        1.68,        0.35,        0.49,           0,           0,        0.02,           0,        0.04,           0,           0,           0,           0,           0,           0,           0,           0,           0
        11,        19,       45.48,        6.21,           0,        7.13,        0.69,           0,           0,       10.11,        5.74,           0,           0,           0,       11.54,        3.98,        0.22,           0,           0,        0.69,        7.13,       15.81,           0,        7.13,        7.00,        0.93,       10.15,        0.04,           0,        0.95,        7.36,        1.36,        0.10,        1.77,           0,        0.20,        3.73,        0.03,           0,        0.02,        0.01,        0.06,           0,        0.05,        0.05,        0.05,           0,           0,           0,           0,           0,           0
        11,        20,     1229.93,      228.92,       46.23,      235.77,        7.95,        5.34,           0,      227.79,      159.38,           0,           0,           0,      218.77,       95.98,       12.21,           0,           0,       13.29,      281.94,      384.93,           0,      235.77,      270.75,       46.24,      239.05,       13.09,           0,       24.95,      109.18,       35.69,       11.69,       37.50,        1.63,       12.08,       77.55,        2.20,        0.41,        2.11,        0.81,        2.42,        4.06,        2.06,        1.21,        1.66,           0,           0,           0,           0,           0,           0
        11,        21,      776.97,      114.54,       26.86,      175.76,        0.93,           0,       69.00,      111.82,       65.29,           0,           0,           0,      141.21,       65.74,        7.28,           0,           0,        0.93,      202.62,      176.82,        1.00,      174.76,      130.29,       17.07,      120.31,        8.92,           0,       15.48,       70.08,       25.29,        7.68,       22.92,        0.50,       12.31,       49.74,        1.98,        0.19,        1.04,        0.11,        1.19,        3.00,        0.94,        0.72,        1.33,           0,           0,           0,           0,           0,           0
        11,        22,      145.49,       24.80,        6.96,       19.85,        0.04,           0,           0,       20.48,        9.23,           0,           0,           0,       39.55,       21.58,        3.38,           0,           0,        0.04,       26.81,       29.61,           0,       19.85,       26.50,        2.03,       20.99,        0.60,           0,        1.71,       19.63,        9.57,        2.51,        6.17,           0,        4.14,       16.64,        0.56,        0.04,        0.20,           0,        0.62,        1.22,        0.42,        0.49,        0.63,           0,           0,           0,           0,           0,           0
        11,        23,        0.75,        0.49,           0,        0.17,           0,           0,           0,        0.01,        0.02,           0,           0,           0,        0.03,        0.03,           0,           0,           0,           0,        0.17,        0.03,           0,        0.17,        0.55,        0.07,        0.01,           0,           0,           0,        0.02,        0.01,           0,           0,           0,           0,        0.03,           0,           0,           0,           0,           0,           0,           0,           0,           0,           0,           0,           0,           0,           0,           0
        11,        24,        0.18,           0,           0,        0.13,           0,           0,           0,        0.01,        0.01,           0,           0,           0,           0,        0.03,           0,           0,           0,           0,        0.13,        0.02,           0,        0.13,           0,           0,        0.01,           0,           0,           0,           0,           0,           0,           0,           0,        0.03,           0,           0,           0,           0,           0,           0,           0,           0,           0,           0,           0,           0,           0,           0,           0,           0
        11,        25,        9.05,        0.57,        3.52,        1.37,           0,           0,           0,        1.24,        0.54,           0,           0,           0,        1.39,        0.47,        0.02,           0,           0,           0,        4.86,        1.77,           0,        1.37,        0.57,           0,        1.27,        0.04,           0,        0.07,        0.61,        0.31,        0.15,        0.25,           0,        0.02,        0.43,        0.01,           0,        0.01,           0,           0,        0.02,           0,           0,           0,           0,           0,           0,           0,           0,           0
        11,        26,           0,           0,           0,           0,           0,           0,           0,           0,           0,           0,           0,           0,           0,           0,           0,           0,           0,           0,           0,           0,           0,           0,           0,           0,           0,           0,           0,           0,           0,           0,           0,           0,           0,           0,           0,           0,           0,           0,           0,           0,           0,           0,           0,           0,           0,           0,           0,           0,           0,           0
        11,        27,     3191.25,           0,           0,           0,           0,           0,           0,           0,           0,     1775.92,           0,           0,           0,           0,           0,      312.06,     1103.71,           0,           0,           0,           0,           0,           0,           0,           0,           0,           0,           0,           0,           0,           0,           0,           0,           0,           0,           0,           0,           0,           0,           0,           0,           0,           0,           0,      312.06,           0,           0,     1103.71,           0,           0
        12,         1,      249.67,       42.44,        0.03,        2.52,        0.02,           0,           0,       16.95,        6.11,           0,           0,           0,       47.12,       79.38,       55.17,           0,           0,        0.02,        2.55,       23.06,           0,        2.52,       43.58,        1.27,       17.01,        0.07,           0,        1.76,       22.46,       11.88,        3.52,        7.51,        0.01,       42.66,       30.07,        6.11,        0.30,        0.24,           0,        5.24,       31.42,        3.20,        4.48,       10.84,           0,           0,           0,           0,           0,           0
        12,         2,        9.02,        0.35,           0,        0.10,           0,           0,           0,        1.16,        0.18,           0,           0,           0,        3.92,        2.49,        0.82,           0,           0,           0,        0.10,        1.34,           0,        0.10,        0.35,           0,        1.16,           0,           0,        0.07,        2.12,        0.77,        0.13,        0.83,           0,        0.77,        1.64,        0.08,           0,           0,           0,        0.02,        0.62,           0,        0.02,        0.16,           0,           0,           0,           0,           0,           0
        12,         3,           0,           0,           0,           0,           0,           0,           0,           0,           0,           0,           0,           0,           0,           0,           0,           0,           0,           0,           0,           0,           0,           0,           0,           0,           0,           0,           0,           0,           0,           0,           0,           0,           0,           0,           0,           0,           0,           0,           0,           0,           0,           0,           0,           0,           0,           0,           0,           0,           0,           0
        12,         4,     1909.64,      222.96,        2.10,      156.58,        8.24,        2.13,           0,      260.80,      175.41,           0,           0,           0,      395.28,      409.22,      277.59,           0,           0,       10.37,      158.68,      436.09,           0,      156.58,      236.81,       15.03,      265.41,        4.71,           0,       38.42,      194.83,       72.44,       21.45,       68.11,        3.52,      241.04,      130.18,       29.92,        2.00,        2.58,       18.06,       33.30,      130.78,       27.62,       22.14,       45.71,           0,           0,           0,           0,           0,           0
        12,         5,     2607.80,      360.41,       10.09,      301.85,        8.84,        3.73,       94.00,      382.21,      261.70,           0,           0,           0,      457.54,      453.83,      275.72,           0,           0,       12.57,      311.94,      643.47,           0,      301.85,      389.26,       30.90,      401.64,       20.01,           0,       55.46,      210.45,       82.36,       31.11,       78.15,        9.50,      267.56,      139.82,       32.08,        2.00,        2.88,       21.73,       25.34,      164.59,       17.11,       11.66,       35.30,           0,           0,           0,           0,           0,           0
        12,         6,        0.09,           0,           0,        0.04,           0,           0,           0,           0,           0,           0,           0,           0,        0.02,        0.02,        0.01,           0,           0,           0,        0.04,           0,           0,        0.04,           0,           0,           0,           0,           0,           0,        0.01,           0,           0,        0.01,           0,        0.01,        0.01,           0,           0,           0,           0,           0,        0.01,           0,           0,           0,           0,           0,           0,           0,           0,           0
        12,         7,        9.39,           0,           0,           0,           0,           0,           0,        0.02,        0.01,           0,           0,           0,        9.36,           0,           0,           0,           0,           0,           0,        0.03,           0,           0,           0,           0,        0.02,           0,        9.36,           0,           0,           0,           0,           0,           0,           0,           0,           0,           0,           0,           0,           0,           0,           0,           0,           0,           0,           0,           0,           0,           0,           0
        12,         8,     6581.23,     1210.66,       12.49,      840.10,       37.02,      100.14,       15.00,     1288.73,      946.15,           0,           0,           0,     1110.25,      822.05,      213.48,           0,           0,      137.12,      852.59,     2230.92,           0,      840.10,     1377.35,      177.26,     1373.15,       88.26,        1.43,      136.44,      535.42,      163.99,       60.83,      212.59,       19.16,      398.16,      321.25,       59.80,        5.11,       18.65,       60.51,       17.75,       92.09,       13.89,        8.32,       20.92,           0,           0,           0,           0,           0,           0
        12,         9,    22577.69,     5340.30,      724.55,     5425.89,      340.10,      446.59,           0,     2980.35,     3600.79,           0,           0,           0,     1997.42,     1348.45,      418.32,           0,           0,      786.68,     6146.60,     6572.47,           0,     5425.89,     6133.42,      805.70,     3209.06,      233.12,      225.69,      255.31,      840.58,      220.01,       92.31,      366.18,       38.52,      681.09,      498.87,       90.79,        8.40,       31.31,      165.46,       25.66,      158.05,       16.94,       14.20,       38.09,           0,           0,           0,           0,           0,           0
        12,        10,        5.33,           0,           0,        1.73,           0,           0,           0,        0.05,        0.28,           0,           0,           0,        3.26,        0.01,           0,           0,           0,           0,        1.73,        0.33,           0,        1.73,           0,           0,        0.05,           0,        3.24,           0,        0.01,           0,           0,        0.01,           0,           0,        0.01,           0,           0,           0,           0,           0,           0,           0,           0,           0,           0,           0,           0,           0,           0,           0
        12,        11,    56518.85,    12933.37,     2462.75,    22846.85,     1511.29,     1041.92,           0,     4185.82,     5775.98,           0,           0,           0,     3131.65,     2406.42,      243.99,           0,           0,     2552.67,    25308.23,     9957.01,           0,    22846.85,    14671.63,     1740.56,     4540.42,      356.18,      485.91,      447.39,     1194.00,      264.94,      156.99,      588.78,       38.04,     2066.84,      168.93,      130.39,        1.01,        1.99,       61.23,       16.95,      111.82,       11.87,       12.37,       30.16,           0,           0,           0,           0,           0,           0
        12,        12,   676548.88,    67509.51,    57119.79,   295306.42,    29454.03,    25737.54,     1165.00,    43903.22,    97489.95,           0,           0,           0,    40629.38,    16717.93,     1589.32,           0,           0,    55189.11,   352408.46,   141375.63,     8745.00,   286561.42,    77991.07,    10483.38,    47851.35,     3953.06,    19038.32,     3696.53,     9795.79,     2023.76,     1322.04,     4770.19,      361.51,    14302.43,     1263.58,      772.75,        5.62,       14.40,      278.18,      114.67,      874.17,       59.49,       66.25,      197.24,           0,           0,           0,           0,           0,           0
        12,        13,    74841.11,    13674.23,     6955.40,    34109.16,       29.48,      203.24,       12.00,     5313.40,     9514.02,           0,           0,           0,     3287.54,     1646.59,      151.14,           0,           0,      232.62,    41048.88,    14808.74,           0,    34109.16,    16562.49,     2892.54,     5786.77,      482.80,      689.37,      382.68,     1256.14,      289.05,      170.39,      512.47,       44.71,     1385.84,      123.29,       93.52,        0.09,        0.21,       59.00,        2.55,       77.41,        1.11,        1.20,       10.01,           0,           0,           0,           0,           0,           0
        12,        14,   218380.68,    39745.84,    16294.72,    88076.36,     1427.70,     5491.69,     2319.00,    18185.42,    30914.52,           0,           0,           0,    10147.87,     5593.56,      400.82,           0,           0,     6916.11,   104330.33,    49039.00,           0,    88076.36,    45951.05,     6225.32,    19824.24,     1668.12,     2164.49,     1415.82,     3777.62,      872.66,      338.89,     1613.37,      121.19,     4850.05,      400.23,      224.38,        0.05,        0.69,       97.52,       14.50,      245.63,        5.92,        5.71,       31.68,           0,           0,           0,           0,           0,           0
        12,        15,     8848.44,     1550.56,       79.39,     3281.88,      273.26,      196.32,           0,      976.98,     1189.85,           0,           0,           0,      737.07,      551.65,       29.08,           0,           0,      469.33,     3361.00,     2163.15,           0,     3281.88,     1737.06,      191.69,     1027.54,       52.04,      183.24,       75.06,      282.56,       58.84,       20.44,      117.40,        5.17,      492.95,       23.29,       30.29,        0.01,        0.01,        9.07,        1.67,       11.22,        1.15,        1.05,        4.94,           0,           0,           0,           0,           0,           0
        12,        16,    91409.19,    12362.67,     6237.46,    38577.04,     2178.60,     2288.52,      279.00,     7908.04,    14253.77,           0,           0,           0,     4996.67,     2248.44,      201.82,           0,           0,     4466.09,    44801.03,    22134.81,           0,    38577.04,    14428.03,     2094.51,     8475.04,      579.78,     1178.02,      570.25,     1874.00,      443.39,      168.58,      771.37,       52.99,     1899.52,      172.05,      124.32,        0.10,        0.17,       65.93,        9.50,       97.80,        6.32,        5.39,       16.96,           0,           0,           0,           0,           0,           0
        12,        17,    42222.49,     8376.25,     1525.73,    15360.16,      335.99,      870.90,           0,     4712.71,     6709.24,           0,           0,           0,     2787.15,     1510.49,      133.04,           0,           0,     1206.13,    16874.03,    11399.91,           0,    15360.16,     9887.52,     1532.46,     5049.97,      348.62,      416.21,      332.73,     1157.59,      297.40,      119.68,      471.07,       41.42,     1276.63,      106.96,       85.92,        0.03,        0.06,       51.24,        4.12,       63.78,        2.55,        2.01,        9.36,           0,           0,           0,           0,           0,           0
        12,        18,      477.38,       80.31,       18.65,       85.44,           0,           0,           0,      113.49,       99.46,           0,           0,           0,       69.68,       10.68,        0.18,           0,           0,           0,      104.08,      212.79,           0,       85.44,       85.32,        5.49,      119.16,        5.80,       20.47,        5.74,       21.73,        6.91,        5.61,        9.22,        0.02,        6.67,        1.64,        2.35,           0,           0,        0.04,           0,        0.14,           0,           0,           0,           0,           0,           0,           0,           0,           0
        12,        19,      204.57,       21.14,           0,       18.97,        5.71,        1.73,           0,       53.65,       39.28,           0,           0,           0,       48.90,       15.55,        0.61,           0,           0,        7.44,       18.97,       92.47,           0,       18.97,       23.09,        2.82,       53.95,        0.43,           0,        4.01,       30.61,        5.84,        0.53,        7.95,           0,        0.72,       14.69,        0.08,           0,        0.06,           0,        0.23,           0,        0.14,        0.12,        0.12,           0,           0,           0,           0,           0,           0
        12,        20,     7493.80,     1521.00,       74.29,     1123.56,       89.61,       65.13,       40.00,     1595.39,     1450.05,           0,           0,           0,     1112.33,      437.35,       42.15,           0,           0,      154.69,     1197.64,     3025.81,           0,     1123.56,     1805.87,      312.25,     1689.79,      106.02,        2.76,      116.15,      548.27,      177.65,       67.69,      200.69,        9.79,       46.75,      367.96,        7.64,        0.69,        4.58,        1.90,        8.66,       16.63,        6.35,        3.42,        5.19,           0,           0,           0,           0,           0,           0
        12,        21,     3749.40,      540.89,       39.48,      660.73,       13.25,        1.23,      321.00,      680.83,      513.36,           0,           0,           0,      682.31,      281.61,       26.27,           0,           0,       14.48,      700.21,     1190.15,       17.00,      643.73,      607.83,       75.12,      734.39,       57.26,           0,       76.00,      329.41,      121.69,       43.97,      111.57,        4.02,       48.42,      219.33,        6.80,        0.52,        2.62,        0.39,        4.65,       12.07,        3.19,        2.08,        3.90,           0,           0,           0,           0,           0,           0
        12,        22,      724.00,       98.78,       11.18,       58.69,        1.73,           0,           0,      144.35,      101.77,           0,           0,           0,      204.44,       93.58,       10.37,           0,           0,        1.73,       69.86,      245.87,           0,       58.69,      104.16,        6.38,      148.13,        4.07,           0,       11.27,      103.69,       45.35,       13.86,       30.44,           0,       16.88,       74.31,        1.89,        0.07,        0.47,           0,        2.04,        3.96,        1.24,        1.33,        1.80,           0,           0,           0,           0,           0,           0
        12,        23,        2.27,        1.33,           0,        0.28,           0,           0,           0,        0.22,        0.15,           0,           0,           0,        0.21,        0.08,           0,           0,           0,           0,        0.28,        0.37,           0,        0.28,        1.43,        0.11,        0.22,           0,           0,           0,        0.16,        0.03,           0,        0.02,           0,           0,        0.08,           0,           0,           0,           0,           0,           0,           0,           0,           0,           0,           0,           0,           0,           0,           0
        12,        24,        1.06,           0,           0,        0.56,           0,           0,           0,        0.08,        0.13,           0,           0,           0,        0.17,        0.11,        0.01,           0,           0,           0,        0.56,        0.21,           0,        0.56,           0,           0,        0.08,           0,        0.16,           0,        0.01,           0,           0,           0,           0,        0.09,        0.01,        0.01,           0,           0,           0,           0,           0,           0,           0,        0.01,           0,           0,           0,           0,           0,           0
        12,        25,       39.81,        2.49,        8.20,        5.09,           0,           0,           0,        7.99,        6.19,           0,           0,           0,        7.80,        2.19,        0.04,           0,           0,           0,       13.27,       14.14,           0,        5.09,        2.50,        0.01,        8.32,        0.36,           0,        0.50,        3.40,        1.52,        0.98,        1.40,           0,        0.03,        2.15,        0.01,           0,        0.01,           0,        0.01,        0.02,           0,           0,        0.01,           0,           0,           0,           0,           0,           0
        12,        26,           0,           0,           0,           0,           0,           0,           0,           0,           0,           0,           0,           0,           0,           0,           0,           0,           0,           0,           0,           0,           0,           0,           0,           0,           0,           0,           0,           0,           0,           0,           0,           0,           0,           0,           0,           0,           0,           0,           0,           0,           0,           0,           0,           0,           0,           0,           0,           0,           0,           0
        12,        27,    13349.97,           0,           0,           0,           0,           0,           0,           0,           0,     8942.18,           0,           0,           0,           0,           0,     1171.87,     3238.18,           0,           0,           0,           0,           0,           0,           0,           0,           0,           0,           0,           0,           0,           0,           0,           0,           0,           0,           0,           0,           0,           0,           0,           0,           0,           0,           0,     1171.87,           0,           0,     3238.18,           0,           0
        13,         1,       47.98,        2.79,           0,           0,           0,           0,           0,        7.06,        4.25,           0,           0,           0,       13.47,       14.23,        6.19,           0,           0,           0,           0,       11.30,           0,           0,        2.81,        0.02,        7.06,           0,           0,        0.26,        7.64,        3.51,        0.81,        1.25,           0,        7.43,        6.09,        0.69,           0,        0.02,           0,        0.14,        5.13,        0.08,        0.09,        0.75,           0,           0,           0,           0,           0,           0
        13,         2,        2.82,        0.01,           0,           0,           0,           0,           0,        0.65,        0.17,           0,           0,           0,        1.35,        0.56,        0.08,           0,           0,           0,           0,        0.82,           0,           0,        0.01,           0,        0.65,           0,           0,        0.03,        0.76,        0.28,        0.03,        0.25,           0,        0.08,        0.48,           0,           0,           0,           0,           0,        0.08,           0,           0,           0,           0,           0,           0,           0,           0,           0
        13,         3,           0,           0,           0,           0,           0,           0,           0,           0,           0,           0,           0,           0,           0,           0,           0,           0,           0,           0,           0,           0,           0,           0,           0,           0,           0,           0,           0,           0,           0,           0,           0,           0,           0,           0,           0,           0,           0,           0,           0,           0,           0,           0,           0,           0,           0,           0,           0,           0,           0,           0
        13,         4,      433.65,       16.74,           0,        1.24,        0.59,        0.06,           0,       98.68,       75.72,           0,           0,           0,      114.88,       82.62,       43.41,           0,           0,        0.65,        1.24,      174.24,           0,        1.24,       17.36,        0.77,      100.44,        1.91,           0,        8.54,       62.86,       22.03,        6.16,       15.29,        0.78,       47.71,       28.19,        5.46,        0.16,        0.32,        8.13,        1.79,       26.01,        1.52,        0.90,        5.06,           0,           0,           0,           0,           0,           0
        13,         5,      598.29,       32.16,        0.02,        7.17,        0.47,        0.09,       26.00,      147.00,      111.01,           0,           0,           0,      134.28,       94.19,       47.29,           0,           0,        0.56,        7.19,      257.28,           0,        7.17,       33.79,        2.03,      154.12,        7.73,           0,       13.31,       66.91,       25.32,        9.36,       19.42,        2.46,       53.64,       32.02,        5.65,        0.08,        0.35,        8.61,        1.00,       33.80,        0.61,        0.26,        3.01,           0,           0,           0,           0,           0,           0
        13,         6,           0,           0,           0,           0,           0,           0,           0,           0,           0,           0,           0,           0,           0,           0,           0,           0,           0,           0,           0,           0,           0,           0,           0,           0,           0,           0,           0,           0,           0,           0,           0,           0,           0,           0,           0,           0,           0,           0,           0,           0,           0,           0,           0,           0,           0,           0,           0,           0,           0,           0
        13,         7,        3.52,           0,           0,           0,           0,           0,           0,           0,        0.01,           0,           0,           0,        3.51,           0,           0,           0,           0,           0,           0,        0.01,           0,           0,           0,           0,           0,           0,        3.51,           0,           0,           0,           0,           0,           0,           0,           0,           0,           0,           0,           0,           0,           0,           0,           0,           0,           0,           0,           0,           0,           0,           0
        13,         8,     1740.15,      143.93,        0.05,       39.83,        3.03,        6.21,        1.00,      524.15,      435.28,           0,           0,           0,      356.63,      190.89,       42.43,           0,           0,        9.24,       39.88,      957.72,           0,       39.83,      161.44,       19.01,      560.65,       37.86,        0.67,       36.45,      184.22,       54.99,       20.44,       59.94,        5.12,       84.50,       83.97,       12.59,        0.57,        4.14,       22.84,        0.70,       16.36,        0.64,        0.27,        1.62,           0,           0,           0,           0,           0,           0
        13,         9,     4809.09,      577.33,       16.18,      335.08,       29.14,       18.45,           0,     1142.87,     1598.84,           0,           0,           0,      669.41,      330.58,      110.64,           0,           0,       47.59,      350.66,     2733.74,           0,      335.08,      660.07,       85.94,     1228.48,       89.21,      107.61,       73.66,      281.17,       74.58,       31.09,      103.79,       10.74,      158.29,      131.74,       20.74,        1.18,        8.38,       66.98,        1.10,       37.90,        0.52,        0.36,        3.89,           0,           0,           0,           0,           0,           0
        13,        10,        2.89,           0,           0,        0.03,           0,           0,           0,        0.04,        0.18,           0,           0,           0,        2.64,           0,           0,           0,           0,           0,        0.03,        0.22,           0,        0.03,           0,           0,        0.04,           0,        2.64,           0,           0,           0,           0,           0,           0,           0,           0,           0,           0,           0,           0,           0,           0,           0,           0,           0,           0,           0,           0,           0,           0,           0
        13,        11,     3132.36,      797.34,       54.99,      434.68,        6.29,        2.97,           0,      601.34,      583.86,           0,           0,           0,      359.78,      268.25,       29.47,           0,           0,        9.26,      489.61,     1182.23,           0,      434.68,      904.39,      108.07,      656.65,       56.36,       26.78,       45.92,      159.59,       40.78,       22.94,       65.12,        6.33,      226.83,       17.67,       17.40,        0.06,        0.13,       14.95,        0.63,       10.92,        0.33,        0.31,        2.33,           0,           0,           0,           0,           0,           0
        13,        12,    31804.41,     3487.36,      558.56,     8020.27,      468.17,       88.55,       71.00,     5153.48,     8901.14,           0,           0,           0,     3311.15,     1644.97,      149.76,           0,           0,      556.27,     8575.13,    14035.41,     3066.00,     4954.27,     4010.05,      527.81,     5615.83,      470.75,      747.46,      376.76,     1237.42,      287.59,      168.20,      506.51,       44.59,     1383.97,      123.70,       93.50,        0.09,        0.20,       57.80,        2.55,       77.31,        1.10,        1.20,        9.96,           0,           0,           0,           0,           0,           0
        13,        13,    86279.36,     4956.68,     5682.91,    19637.93,      137.77,      143.41,       18.00,    12812.82,    34099.19,           0,           0,           0,     6684.49,     1923.09,      175.81,           0,           0,      281.24,    25321.19,    46914.84,           0,    19637.93,     5999.74,     1041.51,    14022.77,     1207.47,     2291.05,      623.28,     2200.46,      415.48,      358.22,      793.01,       81.66,     1546.75,      195.84,       97.22,        0.13,        1.38,       53.68,        1.37,      111.62,        0.31,        0.33,        8.49,           0,           0,           0,           0,           0,           0
        13,        14,    79277.33,     6387.11,     2782.54,    15937.21,      688.92,     1109.17,     1133.00,    13409.05,    28613.94,           0,           0,           0,     6774.12,     2335.59,      156.19,           0,           0,     1797.86,    18711.41,    42006.42,           0,    15937.21,     7372.63,      989.66,    14663.16,     1261.26,     1834.26,      834.22,     2438.53,      509.59,      253.37,      912.48,       62.28,     1971.30,      211.63,       90.46,           0,        0.49,       42.51,        0.91,      107.46,        0.13,        0.12,        5.07,           0,           0,           0,           0,           0,           0
        13,        15,      462.58,       27.77,           0,        9.94,        2.17,        1.30,           0,      140.00,      123.40,           0,           0,           0,       85.29,       73.27,        2.25,           0,           0,        3.47,        9.94,      261.71,           0,        9.94,       29.66,        2.45,      145.11,        5.84,        2.63,        6.96,       46.69,       10.71,        4.16,       14.21,        0.67,       66.56,        1.90,        4.18,           0,           0,        1.18,        0.02,        0.80,        0.01,        0.01,        0.23,           0,           0,           0,           0,           0,           0
        13,        16,     3680.39,      365.94,        2.96,      178.23,       11.31,       11.67,        3.00,     1058.33,     1181.25,           0,           0,           0,      560.06,      302.57,       22.89,           0,           0,       22.98,      181.16,     2231.06,           0,      178.23,      419.31,       58.21,     1129.28,       74.79,       33.59,       53.28,      271.42,       77.51,       32.87,       91.77,        9.91,      256.31,       17.56,       18.81,           0,           0,       13.53,        0.09,        8.79,        0.07,        0.02,        0.40,           0,           0,           0,           0,           0,           0
        13,        17,     3676.48,      384.32,        4.24,      240.58,       10.34,       18.36,           0,     1015.84,     1215.26,           0,           0,           0,      533.30,      252.28,       20.70,           0,           0,       28.70,      244.69,     2223.02,           0,      240.58,      445.49,       65.43,     1083.57,       71.20,       46.90,       52.43,      249.53,       69.51,       30.01,       85.45,        9.34,      213.23,       15.25,       14.49,           0,           0,       13.21,        0.02,        7.24,        0.01,           0,        0.22,           0,           0,           0,           0,           0,           0
        13,        18,       87.66,        4.26,        0.19,        2.08,           0,           0,           0,       31.89,       29.32,           0,           0,           0,       18.17,        1.82,           0,           0,           0,           0,        2.27,       61.17,           0,        2.08,        4.33,        0.11,       33.35,        1.52,        5.55,        1.16,        5.81,        1.99,        1.64,        2.02,           0,        1.09,        0.29,        0.44,           0,           0,           0,           0,           0,           0,           0,           0,           0,           0,           0,           0,           0,           0
        13,        19,       32.09,        0.65,           0,           0,        0.16,           0,           0,       10.77,        7.88,           0,           0,           0,       10.64,        2.15,           0,           0,           0,        0.16,           0,       18.58,           0,           0,        0.67,        0.02,       10.82,        0.04,           0,        0.46,        7.56,        1.35,        0.10,        1.17,           0,        0.06,        2.09,           0,           0,           0,           0,           0,           0,           0,           0,           0,           0,           0,           0,           0,           0,           0
        13,        20,     1134.08,       65.25,        0.15,        9.88,        3.29,        1.20,           0,      380.95,      341.07,           0,           0,           0,      262.57,       76.79,        1.90,           0,           0,        4.49,       10.03,      715.54,           0,        9.88,       73.49,        9.91,      400.33,       23.07,           0,       20.60,      137.82,       47.37,       18.61,       38.39,        1.57,        4.85,       69.85,        0.24,           0,        0.28,        0.29,        0.08,        1.42,        0.04,        0.01,        0.06,           0,           0,           0,           0,           0,           0
        13,        21,      583.60,       22.62,        0.03,        7.35,        0.25,           0,       19.00,      176.77,      137.03,           0,           0,           0,      170.70,       50.01,        1.00,           0,           0,        0.25,        7.38,      313.12,           0,        7.35,       24.14,        1.82,      189.92,       13.95,           0,       14.41,       88.93,       33.37,       11.94,       22.13,        0.57,        6.12,       42.72,        0.45,           0,        0.15,        0.04,        0.03,        0.84,        0.02,           0,        0.07,           0,           0,           0,           0,           0,           0
        13,        22,      125.80,        2.82,           0,        0.04,           0,           0,           0,       36.60,       26.07,           0,           0,           0,       47.21,       13.09,        0.18,           0,           0,           0,        0.04,       62.54,           0,        0.04,        2.85,        0.03,       37.32,        0.77,           0,        1.44,       26.38,       11.53,        3.25,        4.61,           0,        1.39,       11.68,        0.02,           0,           0,           0,           0,        0.18,           0,           0,           0,           0,           0,           0,           0,           0,           0
        13,        23,        0.03,           0,           0,           0,           0,           0,           0,        0.01,        0.01,           0,           0,           0,        0.01,           0,           0,           0,           0,           0,           0,        0.02,           0,           0,           0,           0,        0.01,           0,           0,           0,        0.01,           0,           0,           0,           0,           0,           0,           0,           0,           0,           0,           0,           0,           0,           0,           0,           0,           0,           0,           0,           0,           0
        13,        24,        0.03,           0,           0,           0,           0,           0,           0,           0,        0.03,           0,           0,           0,           0,           0,           0,           0,           0,           0,           0,        0.03,           0,           0,           0,           0,           0,           0,           0,           0,           0,           0,           0,           0,           0,           0,           0,           0,           0,           0,           0,           0,           0,           0,           0,           0,           0,           0,           0,           0,           0,           0
        13,        25,        6.18,        0.06,        0.06,        0.03,           0,           0,           0,        2.07,        1.63,           0,           0,           0,        1.95,        0.43,           0,           0,           0,           0,        0.09,        3.66,           0,        0.03,        0.06,           0,        2.14,        0.08,           0,        0.08,        0.88,        0.42,        0.31,        0.26,           0,           0,        0.43,           0,           0,           0,           0,           0,           0,           0,           0,           0,           0,           0,           0,           0,           0,           0
        13,        26,           0,           0,           0,           0,           0,           0,           0,           0,           0,           0,           0,           0,           0,           0,           0,           0,           0,           0,           0,           0,           0,           0,           0,           0,           0,           0,           0,           0,           0,           0,           0,           0,           0,           0,           0,           0,           0,           0,           0,           0,           0,           0,           0,           0,           0,           0,           0,           0,           0,           0
        13,        27,     1516.47,           0,           0,           0,           0,           0,           0,           0,           0,      912.53,           0,           0,           0,           0,           0,      303.12,      301.69,           0,           0,           0,           0,           0,           0,           0,           0,           0,           0,           0,           0,           0,           0,           0,           0,           0,           0,           0,           0,           0,           0,           0,           0,           0,           0,           0,      303.12,           0,           0,      301.69,           0,           0
        14,         1,      173.46,       40.21,           0,        0.06,        0.02,           0,           0,       21.26,        7.94,           0,           0,           0,       32.19,       49.32,       22.82,           0,           0,        0.02,        0.06,       29.04,           0,        0.06,       40.74,        0.63,       21.63,        0.51,           0,        2.74,       16.45,        8.17,        0.93,        3.91,           0,       28.36,       19.45,        1.39,        0.01,        0.13,           0,        0.97,       18.39,        0.31,        0.34,        2.81,           0,           0,           0,           0,           0,           0
        14,         2,        6.68,        0.09,           0,           0,           0,           0,           0,        1.26,        0.11,           0,           0,           0,        3.15,        1.76,        0.32,           0,           0,           0,           0,        1.37,           0,           0,        0.09,           0,        1.27,        0.01,           0,        0.08,        2.12,        0.56,        0.03,        0.36,           0,        0.32,        1.43,        0.01,           0,           0,           0,           0,        0.30,           0,           0,        0.02,           0,           0,           0,           0,           0,           0
        14,         3,           0,           0,           0,           0,           0,           0,           0,           0,           0,           0,           0,           0,           0,           0,           0,           0,           0,           0,           0,           0,           0,           0,           0,           0,           0,           0,           0,           0,           0,           0,           0,           0,           0,           0,           0,           0,           0,           0,           0,           0,           0,           0,           0,           0,           0,           0,           0,           0,           0,           0
        14,         4,     1586.18,      212.15,        1.01,       53.40,        3.58,        0.18,           0,      323.75,      229.82,           0,           0,           0,      328.72,      301.44,      132.74,           0,           0,        3.76,       54.41,      553.27,           0,       53.40,      223.40,       12.38,      332.01,        8.47,           0,       42.61,      175.96,       58.47,        8.34,       43.33,        1.96,      189.28,       97.30,       11.56,        0.17,        1.17,        7.05,       10.69,       88.59,        6.49,        3.89,       16.03,           0,           0,           0,           0,           0,           0
        14,         5,     2364.30,      345.79,        4.75,      157.01,        4.35,        0.11,      171.00,      464.19,      334.15,           0,           0,           0,      401.46,      342.62,      141.82,           0,           0,        4.46,      161.76,      797.35,           0,      157.01,      367.03,       23.45,      488.97,       25.40,           0,       61.22,      197.46,       70.91,       14.57,       57.29,        5.69,      213.98,      109.83,       11.56,        0.15,        1.41,        5.86,        6.83,      115.64,        2.75,        1.08,        9.66,           0,           0,           0,           0,           0,           0
        14,         6,        0.15,           0,           0,           0,           0,           0,           0,        0.05,        0.05,           0,           0,           0,        0.03,        0.02,           0,           0,           0,           0,           0,        0.10,           0,           0,           0,           0,        0.05,           0,           0,           0,        0.03,           0,           0,           0,           0,        0.01,        0.01,           0,           0,           0,           0,           0,           0,           0,           0,           0,           0,           0,           0,           0,           0,           0
        14,         7,        6.07,           0,           0,           0,           0,           0,           0,        0.04,        0.02,           0,           0,           0,        6.01,           0,           0,           0,           0,           0,           0,        0.06,           0,           0,           0,           0,        0.04,           0,        6.01,           0,           0,           0,           0,           0,           0,           0,           0,           0,           0,           0,           0,           0,           0,           0,           0,           0,           0,           0,           0,           0,           0,           0
        14,         8,     6385.53,     1255.92,        6.84,      523.79,       20.48,       32.19,       20.00,     1569.89,     1209.85,           0,           0,           0,     1025.05,      639.01,      100.28,           0,           0,       52.65,      530.63,     2774.17,           0,      523.79,     1416.19,      173.78,     1671.08,      105.77,        1.06,      146.19,      525.62,      149.98,       31.36,      171.10,       10.38,      322.08,      272.19,       24.38,        0.54,        9.49,       27.45,        4.51,       59.63,        2.62,        0.97,        5.08,           0,           0,           0,           0,           0,           0
        14,         9,    18218.36,     5026.95,      141.67,     2750.21,      112.91,       95.55,           0,     3366.89,     3918.26,           0,           0,           0,     1684.30,      972.33,      214.51,           0,           0,      208.39,     2888.91,     7270.82,           0,     2750.21,     5762.18,      758.69,     3614.66,      254.90,      175.36,      233.02,      750.50,      194.60,       49.94,      282.87,       25.08,      478.11,      410.77,       43.44,        0.89,       14.43,       93.29,        6.60,      100.87,        2.41,        1.32,       10.08,           0,           0,           0,           0,           0,           0
        14,        10,        4.51,           0,           0,        0.77,           0,           0,           0,        0.14,        0.34,           0,           0,           0,        3.25,        0.01,           0,           0,           0,           0,        0.77,        0.48,           0,        0.77,           0,           0,        0.14,           0,        3.22,        0.01,        0.02,           0,           0,           0,           0,           0,        0.01,           0,           0,           0,           0,           0,           0,           0,           0,           0,           0,           0,           0,           0,           0,           0
        14,        11,    16476.07,     7314.00,      263.39,     3492.12,       47.79,       28.45,           0,     1894.51,     1637.15,           0,           0,           0,      966.08,      799.65,       60.12,           0,           0,       76.21,     3755.42,     3526.30,           0,     3492.12,     8293.44,      987.46,     2054.97,      162.82,       64.25,      150.52,      429.61,      105.47,       36.15,      182.31,       15.83,      693.53,       52.15,       38.14,        0.02,        0.17,       22.58,        2.81,       27.47,        1.30,        1.15,        4.85,           0,           0,           0,           0,           0,           0
        14,        12,   161552.26,    38879.39,     5597.47,    50586.53,     1589.60,      936.74,     1111.00,    17782.17,    29305.53,           0,           0,           0,    10019.97,     5599.70,      404.21,           0,           0,     2522.63,    56143.53,    47024.27,     4574.00,    46012.53,    44801.42,     5958.77,    19354.60,     1602.16,     2125.50,     1392.87,     3732.00,      869.16,      337.77,     1598.96,      121.02,     4854.63,      401.47,      224.66,        0.05,        0.69,       99.06,       14.48,      247.72,        5.91,        5.71,       31.52,           0,           0,           0,           0,           0,           0
        14,        13,   149151.64,    23969.42,    14547.14,    58341.49,      290.32,      347.32,      124.00,    13481.64,    28931.34,           0,           0,           0,     6666.76,     2341.44,      158.30,           0,           0,      637.59,    72869.88,    42397.66,           0,    58341.49,    29073.34,     5099.13,    14745.62,     1271.33,     1720.66,      834.21,     2441.92,      509.60,      254.85,      913.96,       62.38,     1976.93,      211.57,       90.65,           0,        0.51,       44.19,        0.92,      107.92,        0.13,        0.12,        5.03,           0,           0,           0,           0,           0,           0
        14,        14,   957756.39,   103564.74,    80800.68,   377288.98,    21179.22,    21535.09,    18080.00,    79480.14,   186333.52,           0,           0,           0,    55360.50,    13491.01,      776.48,           0,           0,    42712.10,   458042.27,   265785.39,           0,   377288.98,   119785.19,    16211.96,    86896.13,     7425.06,    27969.82,     6070.42,    12686.88,     2580.53,      828.84,     5238.61,      322.95,    11580.88,     1280.74,      303.43,        0.15,        5.09,       95.14,       18.23,      622.90,        2.48,        2.37,       35.37,           0,           0,           0,           0,           0,           0
        14,        15,     2913.64,      547.81,        0.13,      354.99,       29.30,       15.82,           0,      669.13,      627.63,           0,           0,           0,      338.80,      333.70,        7.74,           0,           0,       45.11,      355.12,     1293.17,           0,      354.99,      600.32,       59.12,      697.16,       29.42,       18.38,       40.60,      182.11,       34.59,        8.24,       55.09,        2.17,      309.92,        9.68,       11.99,           0,        0.01,        2.28,        0.23,        4.19,        0.05,        0.03,        0.96,           0,           0,           0,           0,           0,           0
        14,        16,    36234.46,     7811.00,      571.05,     7727.61,      177.24,      175.67,      132.00,     6246.70,     8720.07,           0,           0,           0,     2995.40,     1717.98,      104.15,           0,           0,      352.64,     8289.99,    14931.87,           0,     7727.61,     9116.28,     1354.16,     6699.62,      468.06,      409.85,      399.56,     1295.08,      329.04,       90.38,      478.52,       35.39,     1521.54,      102.43,       59.21,           0,        0.15,       33.84,        1.81,       64.22,        0.42,        0.32,        3.56,           0,           0,           0,           0,           0,           0
        14,        17,    83647.70,    12577.14,     4515.35,    29093.98,      749.44,     1622.90,           0,     9670.04,    18155.23,           0,           0,           0,     5144.81,     2077.10,      138.41,           0,           0,     2371.85,    33601.05,    27804.25,           0,    29093.98,    14897.87,     2349.86,    10395.08,      734.68,     1091.77,      681.87,     2012.56,      462.80,      144.29,      757.52,       46.68,     1806.38,      158.75,       65.26,           0,        0.31,       42.07,        1.41,       90.30,        0.39,        0.22,        4.01,           0,           0,           0,           0,           0,           0
        14,        18,     1078.70,      157.85,       77.04,      145.70,           0,           0,           0,      231.96,      264.42,           0,           0,           0,      191.53,       10.51,        0.07,           0,           0,           0,      222.76,      496.35,           0,      145.70,      168.71,       11.58,      244.97,       13.12,      125.18,        9.64,       31.73,        8.80,        4.51,       11.68,        0.09,        6.73,        2.04,        1.65,           0,           0,           0,           0,        0.07,           0,           0,           0,           0,           0,           0,           0,           0,           0
        14,        19,      171.21,       15.94,           0,        3.17,        2.19,        0.13,           0,       59.35,       43.18,           0,           0,           0,       38.56,        9.80,        0.05,           0,           0,        2.32,        3.17,      101.81,           0,        3.17,       16.77,        1.70,       60.05,        0.86,           0,        4.72,       25.65,        3.77,        0.16,        4.39,           0,        0.41,        9.35,        0.01,           0,        0.03,           0,        0.03,           0,        0.01,           0,        0.01,           0,           0,           0,           0,           0,           0
        14,        20,     7511.13,     1483.90,       36.23,      637.09,       47.14,       22.54,       28.00,     1998.07,     1875.73,           0,           0,           0,     1059.25,      369.85,       10.22,           0,           0,       69.68,      673.28,     3850.97,           0,      637.09,     1742.44,      291.73,     2117.10,      133.04,        3.80,      132.65,      557.35,      166.77,       38.37,      160.97,        6.38,       31.51,      327.28,        1.93,        0.01,        2.79,        0.09,        1.47,        7.60,        0.36,        0.08,        0.62,           0,           0,           0,           0,           0,           0
        14,        21,     3909.80,      535.07,       17.20,      376.84,        4.06,        0.27,      520.00,      902.30,      696.47,           0,           0,           0,      634.81,      229.82,        7.02,           0,           0,        4.33,      394.02,     1593.09,        7.00,      369.84,      590.53,       65.10,      975.34,       77.52,           0,       88.03,      329.01,      110.93,       21.76,       85.68,        2.93,       34.08,      189.05,        2.31,        0.03,        1.56,           0,        0.70,        5.63,        0.14,        0.03,        0.52,           0,           0,           0,           0,           0,           0
        14,        22,      654.04,       87.26,        3.50,       14.51,        0.22,           0,           0,      182.82,      131.13,           0,           0,           0,      167.10,       67.07,        2.26,           0,           0,        0.22,       18.01,      312.81,           0,       14.51,       89.77,        3.21,      189.08,        6.83,           0,       14.92,       88.75,       37.79,        5.87,       20.24,        0.13,       10.74,       55.43,        0.48,           0,        0.34,           0,        0.27,        1.70,        0.06,        0.01,        0.22,           0,           0,           0,           0,           0,           0
        14,        23,        1.15,        0.53,           0,           0,           0,           0,           0,        0.27,        0.16,           0,           0,           0,        0.15,        0.05,           0,           0,           0,           0,           0,        0.42,           0,           0,        0.53,           0,        0.27,           0,           0,           0,        0.07,        0.06,           0,        0.02,           0,           0,        0.05,           0,           0,           0,           0,           0,           0,           0,           0,           0,           0,           0,           0,           0,           0,           0
        14,        24,        0.81,           0,           0,        0.16,           0,           0,           0,        0.09,        0.19,           0,           0,           0,        0.31,        0.06,           0,           0,           0,           0,        0.16,        0.28,           0,        0.16,           0,           0,        0.09,           0,        0.29,        0.01,        0.01,           0,           0,           0,           0,        0.05,        0.01,           0,           0,           0,           0,           0,           0,           0,           0,           0,           0,           0,           0,           0,           0,           0
        14,        25,       36.84,        2.56,        4.68,        2.22,           0,           0,           0,       10.11,        7.90,           0,           0,           0,        7.46,        1.98,        0.02,           0,           0,           0,        6.90,       17.98,           0,        2.22,        2.56,           0,       10.52,        0.46,           0,        0.52,        3.76,        1.53,        0.60,        1.09,           0,        0.03,        1.92,        0.01,           0,        0.02,           0,           0,        0.02,           0,           0,           0,           0,           0,           0,           0,           0,           0
        14,        26,           0,           0,           0,           0,           0,           0,           0,           0,           0,           0,           0,           0,           0,           0,           0,           0,           0,           0,           0,           0,           0,           0,           0,           0,           0,           0,           0,           0,           0,           0,           0,           0,           0,           0,           0,           0,           0,           0,           0,           0,           0,           0,           0,           0,           0,           0,           0,           0,           0,           0
        14,        27,    12826.10,           0,           0,           0,           0,           0,           0,           0,           0,    10940.11,           0,           0,           0,           0,           0,      911.54,      977.85,           0,           0,           0,           0,           0,           0,           0,           0,           0,           0,           0,           0,           0,           0,           0,           0,           0,           0,           0,           0,           0,           0,           0,           0,           0,           0,           0,      911.54,           0,           0,      977.85,           0,           0
        15,         1,       12.59,        7.30,           0,        0.12,           0,           0,           0,           0,           0,           0,           0,           0,        0.23,        1.35,        3.59,           0,           0,           0,        0.12,           0,           0,        0.12,        7.41,        0.13,           0,           0,           0,           0,        0.05,        0.15,        0.01,        0.02,           0,        1.08,        0.24,        0.03,           0,           0,           0,        0.10,        1.58,        0.11,        0.23,        1.57,           0,           0,           0,           0,           0,           0
        15,         2,        0.06,           0,           0,           0,           0,           0,           0,           0,           0,           0,           0,           0,        0.01,        0.01,        0.04,           0,           0,           0,           0,           0,           0,           0,           0,           0,           0,           0,           0,           0,           0,        0.01,           0,           0,           0,           0,        0.01,           0,           0,           0,           0,           0,        0.02,           0,           0,        0.02,           0,           0,           0,           0,           0,           0
        15,         3,           0,           0,           0,           0,           0,           0,           0,           0,           0,           0,           0,           0,           0,           0,           0,           0,           0,           0,           0,           0,           0,           0,           0,           0,           0,           0,           0,           0,           0,           0,           0,           0,           0,           0,           0,           0,           0,           0,           0,           0,           0,           0,           0,           0,           0,           0,           0,           0,           0,           0
        15,         4,      229.44,       89.54,        3.72,       55.63,        0.09,           0,           0,        8.55,        3.50,           0,           0,           0,       16.85,       34.64,       17.20,           0,           0,        0.09,       59.35,       12.05,           0,       55.63,       95.58,        6.40,        8.56,        0.01,           0,        0.43,       10.27,        3.39,        0.60,        2.17,           0,       27.36,        5.32,        1.91,        0.03,        0.04,           0,        1.40,        7.17,        0.98,        1.38,        6.27,           0,           0,           0,           0,           0,           0
        15,         5,      434.66,      138.73,       12.82,      121.73,        0.22,           0,       40.00,       20.74,       12.95,           0,           0,           0,       29.01,       43.37,       15.90,           0,           0,        0.22,      134.49,       33.60,           0,      121.73,      151.68,       13.14,       21.30,        0.64,           0,        1.90,       16.99,        5.12,        1.16,        3.88,        0.04,       33.74,        7.33,        2.23,        0.02,        0.03,           0,        0.96,        9.30,        0.53,        0.53,        4.58,           0,           0,           0,           0,           0,           0
        15,         6,           0,           0,           0,           0,           0,           0,           0,           0,           0,           0,           0,           0,           0,           0,           0,           0,           0,           0,           0,           0,           0,           0,           0,           0,           0,           0,           0,           0,           0,           0,           0,           0,           0,           0,           0,           0,           0,           0,           0,           0,           0,           0,           0,           0,           0,           0,           0,           0,           0,           0
        15,         7,           0,           0,           0,           0,           0,           0,           0,           0,           0,           0,           0,           0,           0,           0,           0,           0,           0,           0,           0,           0,           0,           0,           0,           0,           0,           0,           0,           0,           0,           0,           0,           0,           0,           0,           0,           0,           0,           0,           0,           0,           0,           0,           0,           0,           0,           0,           0,           0,           0,           0
        15,         8,      871.58,      300.47,       21.90,      264.85,        1.37,           0,        2.00,       63.14,       49.68,           0,           0,           0,       82.69,       76.31,        9.67,           0,           0,        1.37,      286.74,      112.71,           0,      264.85,      344.22,       43.34,       65.33,        2.42,           0,        6.81,       49.85,       11.47,        2.59,       11.99,        0.13,       53.31,       17.88,        4.39,        0.06,        0.56,        0.85,        0.65,        4.92,        0.54,        0.43,        2.29,           0,           0,           0,           0,           0,           0
        15,         9,     1822.94,      696.15,       97.29,      561.70,        4.07,        3.30,           0,      130.25,      121.39,           0,           0,           0,      104.81,       95.07,       17.97,           0,           0,        7.37,      658.84,      249.78,           0,      561.70,      796.66,      103.06,      135.55,        6.37,        0.19,       11.08,       58.02,       13.72,        3.85,       18.02,        0.70,       61.08,       26.16,        6.08,        0.13,        0.92,        6.72,        1.02,        6.60,        0.81,        0.37,        2.45,           0,           0,           0,           0,           0,           0
        15,        10,        0.64,           0,           0,        0.64,           0,           0,           0,           0,           0,           0,           0,           0,           0,           0,           0,           0,           0,           0,        0.64,           0,           0,        0.64,           0,           0,           0,           0,           0,           0,           0,           0,           0,           0,           0,           0,           0,           0,           0,           0,           0,           0,           0,           0,           0,           0,           0,           0,           0,           0,           0,           0
        15,        11,     8228.11,     3580.95,      296.71,     3174.19,       34.29,       49.56,           0,      288.35,      308.47,           0,           0,           0,      289.63,      198.59,       11.54,           0,           0,       83.81,     3470.62,      596.09,           0,     3174.19,     4053.19,      472.59,      308.54,       20.45,      104.69,       29.32,       93.52,       17.01,        5.61,       39.69,        1.30,      179.58,        8.25,        9.47,        0.01,        0.01,        4.68,        0.65,        3.33,        0.53,        0.47,        1.89,           0,           0,           0,           0,           0,           0
        15,        12,    27688.25,    10202.17,     1341.96,    11814.80,      100.23,      250.69,      302.00,     1034.05,     1321.61,           0,           0,           0,      744.64,      568.81,       30.50,           0,           0,      350.65,    13151.73,     2351.78,      674.00,    11140.80,    11771.55,     1570.99,     1108.28,       76.49,      168.10,       79.72,      293.81,       59.78,       21.23,      122.52,        5.26,      510.27,       22.79,       30.53,        0.01,        0.01,       10.70,        1.74,       11.11,        1.17,        1.02,        4.77,           0,           0,           0,           0,           0,           0
        15,        13,     4029.49,     1668.63,      216.19,     1667.40,        0.03,        0.43,        7.00,      155.05,      156.72,           0,           0,           0,       90.47,       75.96,        2.60,           0,           0,        0.46,     1882.60,      310.01,           0,     1667.40,     2018.46,      353.05,      162.98,        9.12,        2.14,        7.73,       50.06,       10.90,        4.43,       15.37,        0.70,       69.23,        1.84,        4.24,           0,           0,        1.53,        0.02,        0.80,        0.02,        0.01,        0.22,           0,           0,           0,           0,           0,           0
        15,        14,    15764.20,     6009.53,      725.83,     6298.28,       11.97,       49.52,      495.00,      730.66,      770.08,           0,           0,           0,      357.37,      344.56,        8.10,           0,           0,       61.46,     7020.56,     1496.91,           0,     6298.28,     6938.60,      938.24,      778.51,       49.63,       15.40,       45.29,      193.45,       35.53,        8.62,       59.33,        2.23,      320.89,        9.44,       12.06,           0,        0.01,        2.77,        0.24,        4.09,        0.05,        0.03,        0.92,           0,           0,           0,           0,           0,           0
        15,        15,   127638.38,     6167.45,     6226.12,    70041.37,    10711.73,     7466.89,           0,     3743.27,    10002.05,           0,           0,           0,    12042.09,     1191.30,       46.95,           0,           0,    18178.52,    76267.02,    13745.44,           0,    70041.37,     6945.14,      777.00,     3964.10,      220.00,    10326.94,      314.40,      863.22,      120.01,       39.25,      378.69,        8.60,     1092.65,       62.03,       27.46,        0.11,        0.46,       14.92,        2.66,       18.95,        1.10,        1.32,        8.00,           0,           0,           0,           0,           0,           0
        15,        16,   107106.31,    14774.30,    16134.75,    52496.51,     2051.65,     5256.17,      161.00,     3781.26,     8839.72,           0,           0,           0,     2724.54,      859.87,       48.50,           0,           0,     7306.92,    68625.65,    12616.07,           0,    52496.51,    17223.40,     2447.62,     4053.87,      274.29,      923.41,      307.06,      923.56,      158.61,       48.46,      366.07,        5.94,      761.32,       59.36,       33.22,        0.01,        0.12,       19.04,        1.48,       21.26,        0.95,        0.78,        4.99,           0,           0,           0,           0,           0,           0
        15,        17,    17739.27,     5151.83,     1563.89,     8235.12,       34.16,      134.63,           0,      792.63,     1126.42,           0,           0,           0,      433.35,      268.17,       13.26,           0,           0,      168.70,     9795.18,     1916.34,           0,     8235.12,     6085.75,      933.87,      846.93,       55.41,       69.39,       48.58,      196.69,       38.06,       10.33,       70.53,        1.98,      245.10,        8.85,       12.25,           0,           0,        7.39,        0.17,        4.41,        0.08,        0.06,        1.15,           0,           0,           0,           0,           0,           0
        15,        18,      158.45,       41.23,       37.56,       42.95,           0,           0,           0,       15.75,       12.72,           0,           0,           0,        6.59,        1.82,           0,           0,           0,           0,       80.48,       28.45,           0,       42.95,       44.49,        3.29,       16.31,        0.61,           0,        0.73,        3.28,        0.85,        0.48,        1.25,           0,        1.40,        0.12,        0.30,           0,           0,           0,           0,           0,           0,           0,           0,           0,           0,           0,           0,           0,           0
        15,        19,      279.28,       88.24,           0,       89.54,        3.37,        8.20,           0,       35.77,       34.77,           0,           0,           0,       17.66,        3.36,        0.12,           0,           0,       11.57,       89.54,       70.37,           0,       89.54,      105.28,       18.30,       36.16,        0.50,        1.12,        1.07,       12.26,        0.84,        0.06,        2.31,           0,        0.29,        3.05,        0.02,           0,           0,        0.05,        0.02,           0,        0.02,        0.01,        0.02,           0,           0,           0,           0,           0,           0
        15,        20,     8428.08,     2966.25,      591.47,     2915.54,       48.25,       52.53,       46.00,      630.00,      775.68,           0,           0,           0,      335.33,       90.61,        3.80,           0,           0,      100.74,     3504.46,     1401.64,           0,     2915.54,     3597.41,      640.62,      671.88,       44.23,       33.11,       32.41,      174.40,       33.44,        8.51,       53.58,        0.49,       15.03,       73.19,        1.67,           0,        0.23,        0.75,        0.49,        1.05,        0.41,        0.15,        0.95,           0,           0,           0,           0,           0,           0
        15,        21,     3401.53,      970.30,      176.72,     1088.33,        4.10,        4.97,      508.00,      240.90,      216.07,           0,           0,           0,      148.21,       52.24,        2.10,           0,           0,        9.06,     1264.90,      455.25,           0,     1088.33,     1137.31,      172.29,      259.61,       19.94,           0,       16.62,       85.05,       18.85,        4.95,       22.76,        0.24,       14.48,       36.09,        1.30,        0.01,        0.12,        0.21,        0.24,        0.75,        0.18,        0.07,        0.65,           0,           0,           0,           0,           0,           0
        15,        22,      470.71,      145.80,       62.18,      133.71,        0.82,           0,           0,       41.07,       36.34,           0,           0,           0,       35.35,       15.28,        0.56,           0,           0,        0.82,      195.88,       77.34,           0,      133.71,      164.21,       19.00,       41.98,        0.94,           0,        2.06,       22.47,        5.63,        1.36,        3.84,           0,        5.96,        8.93,        0.39,           0,           0,           0,        0.07,        0.15,        0.07,        0.02,        0.25,           0,           0,           0,           0,           0,           0
        15,        23,        5.65,        3.51,           0,        1.52,           0,           0,           0,        0.29,        0.24,           0,           0,           0,        0.06,        0.03,           0,           0,           0,           0,        1.52,        0.53,           0,        1.52,        4.39,        0.89,        0.29,           0,           0,           0,        0.06,           0,           0,           0,           0,        0.01,        0.02,           0,           0,           0,           0,           0,           0,           0,           0,           0,           0,           0,           0,           0,           0,           0
        15,        24,        2.57,        0.22,           0,        1.63,           0,           0,           0,        0.01,        0.08,           0,           0,           0,        0.58,        0.05,           0,           0,           0,           0,        1.63,        0.09,           0,        1.63,        0.22,           0,        0.01,           0,        0.58,           0,           0,           0,           0,           0,           0,        0.05,           0,           0,           0,           0,           0,           0,           0,           0,           0,           0,           0,           0,           0,           0,           0,           0
        15,        25,       50.96,        3.18,       30.33,       10.63,           0,           0,           0,        2.29,        2.21,           0,           0,           0,        1.94,        0.41,           0,           0,           0,           0,       40.96,        4.50,           0,       10.63,        3.46,        0.28,        2.38,        0.09,           0,        0.16,        1.05,        0.27,        0.13,        0.33,           0,        0.02,        0.38,        0.01,           0,           0,           0,           0,           0,           0,           0,           0,           0,           0,           0,           0,           0,           0
        15,        26,        0.67,           0,           0,           0,           0,           0,           0,           0,           0,           0,           0,           0,        0.67,           0,           0,           0,           0,           0,           0,           0,           0,           0,           0,           0,           0,           0,        0.67,           0,           0,           0,           0,           0,           0,           0,           0,           0,           0,           0,           0,           0,           0,           0,           0,           0,           0,           0,           0,           0,           0,           0
        15,        27,     2167.50,           0,           0,           0,           0,           0,           0,           0,           0,     1920.56,           0,           0,           0,           0,           0,       60.40,      187.05,           0,           0,           0,           0,           0,           0,           0,           0,           0,           0,           0,           0,           0,           0,           0,           0,           0,           0,           0,           0,           0,           0,           0,           0,           0,           0,           0,       60.40,           0,           0,      187.05,           0,           0
        16,         1,       77.25,       34.71,           0,        0.36,           0,           0,           0,        1.00,        0.24,           0,           0,           0,        7.51,       13.22,       20.28,           0,           0,           0,        0.36,        1.24,           0,        0.36,       35.26,        0.82,        1.00,           0,           0,           0,        3.52,        3.15,        0.31,        0.53,           0,        8.58,        4.23,        0.41,           0,           0,           0,        0.76,       13.88,        0.57,        1.13,        3.94,           0,           0,           0,           0,           0,           0
        16,         2,        1.23,        0.10,           0,           0,           0,           0,           0,           0,           0,           0,           0,           0,        0.62,        0.25,        0.26,           0,           0,           0,           0,           0,           0,           0,        0.10,           0,           0,           0,           0,           0,        0.33,        0.22,        0.01,        0.06,           0,        0.02,        0.23,           0,           0,           0,           0,           0,        0.26,           0,           0,           0,           0,           0,           0,           0,           0,           0
        16,         3,           0,           0,           0,           0,           0,           0,           0,           0,           0,           0,           0,           0,           0,           0,           0,           0,           0,           0,           0,           0,           0,           0,           0,           0,           0,           0,           0,           0,           0,           0,           0,           0,           0,           0,           0,           0,           0,           0,           0,           0,           0,           0,           0,           0,           0,           0,           0,           0,           0,           0
        16,         4,      972.41,      244.70,        2.31,      140.90,        0.48,           0,           0,      101.86,       74.38,           0,           0,           0,      154.28,      149.50,      104.90,           0,           0,        0.48,      143.21,      175.97,           0,      140.90,      260.91,       16.88,      102.90,        1.17,           0,        7.16,       88.92,       32.93,        5.78,       19.51,        0.05,       99.13,       41.80,        8.02,        0.19,        0.37,        0.55,        9.01,       61.83,        6.90,        7.21,       19.40,           0,           0,           0,           0,           0,           0
        16,         5,     1576.75,      367.64,       10.97,      290.35,        1.47,           0,      122.00,      161.72,      132.22,           0,           0,           0,      206.34,      178.76,      106.76,           0,           0,        1.47,      301.30,      293.46,           0,      290.35,      399.81,       32.32,      168.31,        6.82,           0,       17.85,      108.88,       41.52,       10.11,       28.04,        0.69,      117.20,       51.87,        8.44,        0.17,        0.39,        1.38,        5.90,       79.83,        3.50,        2.84,       13.31,           0,           0,           0,           0,           0,           0
        16,         6,        0.02,           0,           0,        0.01,           0,           0,           0,           0,        0.01,           0,           0,           0,           0,           0,           0,           0,           0,           0,        0.01,        0.01,           0,        0.01,           0,           0,           0,           0,           0,           0,           0,           0,           0,           0,           0,           0,           0,           0,           0,           0,           0,           0,           0,           0,           0,           0,           0,           0,           0,           0,           0,           0
        16,         7,        0.13,           0,           0,           0,           0,           0,           0,           0,           0,           0,           0,           0,        0.13,           0,           0,           0,           0,           0,           0,           0,           0,           0,           0,           0,           0,           0,        0.13,           0,           0,           0,           0,           0,           0,           0,           0,           0,           0,           0,           0,           0,           0,           0,           0,           0,           0,           0,           0,           0,           0,           0
        16,         8,     3194.75,      820.10,       15.86,      614.69,        8.63,        2.10,        5.00,      447.95,      385.56,           0,           0,           0,      505.66,      318.52,       74.57,           0,           0,       10.73,      630.53,      832.29,           0,      614.69,      932.15,      114.19,      470.41,       23.82,           0,       52.83,      267.68,       85.82,       21.30,       78.05,        2.56,      176.92,      116.73,       16.40,        0.76,        5.16,       16.23,        4.12,       42.84,        3.38,        2.17,        5.88,           0,           0,           0,           0,           0,           0
        16,         9,     8193.56,     2923.69,       84.71,     1849.27,       23.87,       26.85,           0,     1026.32,     1075.69,           0,           0,           0,      656.71,      426.03,      130.92,           0,           0,       50.72,     1933.61,     2094.65,           0,     1849.27,     3350.69,      437.23,     1091.56,       69.03,        1.34,       73.48,      337.16,       98.50,       30.25,      116.29,       10.25,      207.44,      172.48,       26.28,        1.14,        8.48,       54.45,        6.07,       55.63,        4.55,        2.01,        8.21,           0,           0,           0,           0,           0,           0
        16,        10,        1.51,           0,           0,        1.43,           0,           0,           0,        0.01,        0.07,           0,           0,           0,           0,           0,           0,           0,           0,           0,        1.43,        0.08,           0,        1.43,           0,           0,        0.01,           0,           0,           0,           0,           0,           0,           0,           0,           0,           0,           0,           0,           0,           0,           0,           0,           0,           0,           0,           0,           0,           0,           0,           0,           0
        16,        11,    18983.50,     8576.89,      329.09,     6564.76,       74.59,       83.04,           0,     1091.80,     1113.59,           0,           0,           0,      658.16,      460.77,       46.61,           0,           0,      157.51,     6893.46,     2202.01,           0,     6564.76,     9711.83,     1137.65,     1174.35,       83.97,       42.74,       89.39,      303.43,       72.99,       25.36,      124.84,        8.12,      393.04,       31.11,       28.51,        0.02,        0.02,       20.29,        2.76,       15.47,        2.18,        1.60,        4.32,           0,           0,           0,           0,           0,           0
        16,        12,   140781.09,    36147.19,     6266.37,    61121.28,     2092.46,     3350.82,     1463.00,     8181.10,    14983.58,           0,           0,           0,     4770.08,     2300.22,      216.23,           0,           0,     5441.60,    67368.39,    23137.57,     3141.00,    57980.28,    41734.73,     5595.29,     8821.60,      654.74,      867.03,      587.57,     1914.93,      446.43,      173.14,      789.97,       54.46,     1950.89,      169.78,      125.57,        0.10,        0.17,       76.73,        9.96,      100.85,        6.49,        5.39,       16.84,           0,           0,           0,           0,           0,           0
        16,        13,    16910.26,     6952.60,      298.21,     6192.90,        0.47,        1.70,       35.00,     1147.35,     1409.64,           0,           0,           0,      570.99,      310.63,       26.81,           0,           0,        2.17,     6486.45,     2548.33,           0,     6192.90,     8420.35,     1476.00,     1234.43,       92.26,       19.93,       57.12,      284.60,       78.64,       34.53,       96.45,       10.21,      264.25,       17.13,       19.04,           0,           0,       16.85,        0.09,        9.39,        0.07,        0.02,        0.40,           0,           0,           0,           0,           0,           0
        16,        14,    85634.24,    27227.18,     3630.51,    30529.48,      240.78,      463.35,     2369.00,     6645.76,     9827.59,           0,           0,           0,     2995.66,     1758.57,      111.62,           0,           0,      703.57,    34135.89,    16437.73,           0,    30529.48,    31447.97,     4251.80,     7196.60,      568.01,      306.79,      422.13,     1346.88,      333.52,       93.76,      499.34,       36.49,     1562.08,      100.55,       59.91,           0,        0.16,       39.55,        1.96,       65.79,        0.44,        0.32,        3.59,           0,           0,           0,           0,           0,           0
        16,        15,    58147.30,     6386.10,     1910.79,    29166.94,     2431.13,     2399.30,           0,     3737.36,     8600.06,           0,           0,           0,     2638.23,      856.25,       49.12,           0,           0,     4829.79,    31075.74,    12331.95,           0,    29166.94,     7187.33,      804.64,     3949.13,      213.54,      849.74,      303.98,      916.86,      158.22,       48.25,      363.70,        5.98,      757.34,       59.64,       33.31,        0.01,        0.12,       18.91,        1.48,       21.93,        0.95,        0.79,        5.06,           0,           0,           0,           0,           0,           0
        16,        16,   688003.97,    57257.05,    68056.91,   308529.71,    29077.85,    26951.98,      463.00,    39337.75,   106543.66,           0,           0,           0,    42926.70,     8176.08,      750.53,           0,           0,    56028.06,   376571.69,   145866.79,           0,   308529.71,    66935.30,     9679.57,    42485.08,     3152.98,    27076.34,     2746.52,     7774.27,     1484.02,      656.72,     3199.56,      181.00,     7051.89,      656.89,      280.80,        0.98,        5.31,      200.59,       25.89,      439.14,       12.21,       11.68,       61.07,           0,           0,           0,           0,           0,           0
        16,        17,   143795.06,    21950.60,    11877.15,    59812.08,     1413.75,     2896.23,           0,    11331.92,    25057.46,           0,           0,           0,     6408.79,     2877.58,      271.76,           0,           0,     4308.52,    71667.20,    36362.80,           0,    59812.08,    25915.50,     3968.45,    12228.48,      909.45,     1411.75,      790.11,     2525.52,      524.05,      220.06,      954.34,       62.82,     2517.48,      188.03,      109.61,        0.06,        0.64,       98.03,        4.42,      149.09,        2.54,        2.05,       15.66,           0,           0,           0,           0,           0,           0
        16,        18,      658.22,      165.62,       37.84,      146.76,           0,           0,           0,      123.71,      117.00,           0,           0,           0,       59.37,        8.28,        0.18,           0,           0,           0,      184.55,      240.60,           0,      146.76,      178.87,       13.44,      130.40,        6.86,       15.35,        5.11,       20.99,        6.19,        3.91,        7.82,        0.02,        5.32,        1.30,        1.64,           0,           0,        0.15,           0,        0.03,           0,           0,           0,           0,           0,           0,           0,           0,           0
        16,        19,      775.32,      170.33,           0,      157.82,       10.05,       14.49,           0,      164.94,      164.29,           0,           0,           0,       79.72,       19.12,        0.52,           0,           0,       24.54,      157.82,      326.84,           0,      157.82,      200.45,       33.07,      167.88,        3.38,        0.86,        6.73,       51.67,        7.09,        0.54,       12.87,           0,        0.73,       18.32,        0.04,           0,        0.03,        0.24,        0.12,           0,        0.09,        0.02,        0.05,           0,           0,           0,           0,           0,           0
        16,        20,    27613.39,     7618.75,     1099.86,     7349.62,      215.16,      141.98,      184.00,     3651.28,     4969.18,           0,           0,           0,     1909.31,      523.06,       37.53,           0,           0,      357.01,     8445.24,     8601.05,           0,     7349.62,     9239.40,     1657.08,     3932.97,      290.92,      198.07,      208.31,      899.52,      222.68,       72.86,      312.09,       13.26,       60.10,      438.65,        7.03,        0.02,        4.13,       11.09,        3.77,       15.90,        2.53,        1.03,        3.21,           0,           0,           0,           0,           0,           0
        16,        21,    10811.08,     2604.18,      123.32,     2418.71,       15.67,       14.98,     1569.00,     1511.84,     1405.94,           0,           0,           0,      865.25,      291.05,       15.83,           0,           0,       30.65,     2541.82,     2911.54,       18.00,     2400.71,     3042.93,      455.65,     1652.10,      145.19,        0.51,      100.28,      451.68,      131.19,       40.45,      141.30,        7.06,       45.88,      231.67,        4.74,        0.09,        1.61,        3.51,        1.73,        7.42,        1.29,        0.40,        1.48,           0,           0,           0,           0,           0,           0
        16,        22,     1520.60,      360.07,       37.79,      235.40,        3.05,        0.74,           0,      289.80,      263.45,           0,           0,           0,      244.66,       82.95,        4.13,           0,           0,        3.79,      273.19,      552.80,           0,      235.40,      401.47,       43.59,      301.67,       12.33,           0,       17.11,      139.48,       45.79,       11.76,       30.52,        0.41,       15.86,       65.71,        0.74,           0,        0.24,        0.69,        0.57,        1.90,        0.65,        0.10,        0.22,           0,           0,           0,           0,           0,           0
        16,        23,       13.95,        6.89,           0,        1.88,           0,           0,           0,        2.10,        1.95,           0,           0,           0,        1.01,        0.14,           0,           0,           0,           0,        1.88,        4.04,           0,        1.88,        8.22,        1.39,        2.10,           0,           0,           0,        0.93,        0.03,           0,        0.05,           0,           0,        0.14,           0,           0,           0,           0,           0,           0,           0,           0,           0,           0,           0,           0,           0,           0,           0
        16,        24,       10.24,        0.29,           0,        4.40,           0,           0,           0,        0.38,        1.03,           0,           0,           0,        4.06,        0.08,           0,           0,           0,           0,        4.40,        1.41,           0,        4.40,        0.29,           0,        0.38,           0,        4.06,           0,           0,           0,           0,           0,           0,        0.08,           0,           0,           0,           0,           0,           0,           0,           0,           0,           0,           0,           0,           0,           0,           0,           0
        16,        25,       90.62,        7.00,       22.57,       19.85,           0,           0,           0,       13.97,       14.76,           0,           0,           0,       10.46,        2.13,           0,           0,           0,           0,       42.41,       28.69,           0,       19.85,        7.39,        0.42,       14.76,        0.82,        0.13,        1.01,        5.12,        1.57,        0.96,        1.67,           0,        0.02,        2.11,           0,           0,           0,           0,           0,           0,           0,           0,           0,           0,           0,           0,           0,           0,           0
        16,        26,        1.45,           0,           0,           0,           0,           0,           0,           0,           0,           0,           0,           0,        1.45,           0,           0,           0,           0,           0,           0,           0,           0,           0,           0,           0,           0,           0,        1.45,           0,           0,           0,           0,           0,           0,           0,           0,           0,           0,           0,           0,           0,           0,           0,           0,           0,           0,           0,           0,           0,           0,           0
        16,        27,     8820.90,           0,           0,           0,           0,           0,           0,           0,           0,     7599.18,           0,           0,           0,           0,           0,      442.40,      781.86,           0,           0,           0,           0,           0,           0,           0,           0,           0,           0,           0,           0,           0,           0,           0,           0,           0,           0,           0,           0,           0,           0,           0,           0,           0,           0,           0,      442.40,           0,           0,      781.86,           0,           0
        17,         1,       59.15,       26.15,           0,           0,           0,           0,           0,        0.90,        0.13,           0,           0,           0,        7.67,       11.24,       13.06,           0,           0,           0,           0,        1.03,           0,           0,       26.54,        0.52,        0.90,           0,           0,           0,        4.04,        3.05,        0.17,        0.42,           0,        6.96,        4.00,        0.28,           0,           0,           0,        0.31,       10.03,        0.17,        0.37,        2.18,           0,           0,           0,           0,           0,           0
        17,         2,        1.18,        0.05,           0,           0,           0,           0,           0,           0,           0,           0,           0,           0,        0.70,        0.22,        0.21,           0,           0,           0,           0,           0,           0,           0,        0.05,           0,           0,           0,           0,           0,        0.40,        0.23,           0,        0.07,           0,        0.01,        0.21,           0,           0,           0,           0,           0,        0.21,           0,           0,           0,           0,           0,           0,           0,           0,           0
        17,         3,           0,           0,           0,           0,           0,           0,           0,           0,           0,           0,           0,           0,           0,           0,           0,           0,           0,           0,           0,           0,           0,           0,           0,           0,           0,           0,           0,           0,           0,           0,           0,           0,           0,           0,           0,           0,           0,           0,           0,           0,           0,           0,           0,           0,           0,           0,           0,           0,           0,           0
        17,         4,      732.43,      176.59,        0.54,       72.81,        0.26,           0,           0,       91.00,       67.51,           0,           0,           0,      139.70,      115.18,       69.37,           0,           0,        0.26,       73.35,      158.37,           0,       72.81,      187.16,       11.12,       91.63,        0.71,           0,        6.64,       81.06,       29.72,        5.47,       16.84,        0.09,       74.07,       35.08,        5.54,        0.09,        0.31,        0.75,        4.55,       46.37,        3.43,        2.98,       11.29,           0,           0,           0,           0,           0,           0
        17,         5,     1159.37,      265.83,        4.01,      167.44,        0.83,           0,       77.00,      140.07,      114.33,           0,           0,           0,      182.00,      136.19,       73.23,           0,           0,        0.83,      171.45,      254.02,           0,      167.44,      286.05,       20.83,      145.60,        5.82,           0,       15.99,       96.04,       36.42,        8.88,       24.75,        0.81,       87.01,       42.04,        5.95,        0.07,        0.33,        1.58,        2.68,       59.32,        1.49,        0.96,        7.20,           0,           0,           0,           0,           0,           0
        17,         6,           0,           0,           0,           0,           0,           0,           0,           0,           0,           0,           0,           0,           0,           0,           0,           0,           0,           0,           0,           0,           0,           0,           0,           0,           0,           0,           0,           0,           0,           0,           0,           0,           0,           0,           0,           0,           0,           0,           0,           0,           0,           0,           0,           0,           0,           0,           0,           0,           0,           0
        17,         7,        0.01,           0,           0,           0,           0,           0,           0,           0,           0,           0,           0,           0,        0.01,           0,           0,           0,           0,           0,           0,           0,           0,           0,           0,           0,           0,           0,        0.01,           0,           0,           0,           0,           0,           0,           0,           0,           0,           0,           0,           0,           0,           0,           0,           0,           0,           0,           0,           0,           0,           0,           0
        17,         8,     2435.87,      596.47,        6.23,      364.90,        6.71,        0.58,        9.00,      387.16,      328.10,           0,           0,           0,      439.67,      247.10,       54.95,           0,           0,        7.29,      371.13,      713.51,           0,      364.90,      673.59,       80.15,      406.49,       20.85,           0,       46.10,      232.93,       74.03,       18.75,       67.87,        2.61,      131.91,       95.99,       11.74,        0.60,        4.25,       15.36,        1.83,       32.17,        1.59,        0.82,        3.18,           0,           0,           0,           0,           0,           0
        17,         9,     6276.06,     2205.94,       35.66,     1163.05,       17.70,       14.73,           0,      907.33,      948.34,           0,           0,           0,      582.60,      335.71,       95.13,           0,           0,       32.43,     1198.51,     1848.09,           0,     1163.05,     2525.28,      330.71,      965.47,       62.23,        1.08,       64.47,      300.58,       87.57,       26.44,      102.71,        8.93,      155.20,      143.82,       20.11,        0.82,        6.87,       45.45,        2.46,       40.52,        1.77,        0.57,        4.36,           0,           0,           0,           0,           0,           0
        17,        10,        0.89,           0,           0,        0.81,           0,           0,           0,           0,        0.08,           0,           0,           0,           0,           0,           0,           0,           0,           0,        0.81,        0.08,           0,        0.81,           0,           0,           0,           0,           0,           0,           0,           0,           0,           0,           0,           0,           0,           0,           0,           0,           0,           0,           0,           0,           0,           0,           0,           0,           0,           0,           0,           0
        17,        11,     7164.15,     3669.60,       53.97,     1636.42,       14.07,        8.38,           0,      610.10,      487.24,           0,           0,           0,      384.42,      282.36,       27.93,           0,           0,       22.43,     1690.33,     1095.16,           0,     1636.42,     4156.15,      489.97,      656.22,       47.23,        6.00,       48.79,      187.60,       49.63,       18.33,       74.19,        6.32,      237.85,       19.41,       18.75,        0.01,        0.03,       13.23,        1.17,        9.77,        0.89,        0.60,        2.27,           0,           0,           0,           0,           0,           0
        17,        12,    56820.42,    19971.96,      807.04,    18697.31,      263.82,      202.32,      836.00,     4824.40,     6874.00,           0,           0,           0,     2771.83,     1536.58,      141.61,           0,           0,      465.34,    19495.58,    11675.70,     2670.00,    16027.31,    23037.10,     3084.85,     5211.29,      398.38,      362.40,      339.56,     1175.31,      299.12,      122.47,      480.52,       42.41,     1302.38,      105.60,       86.55,        0.05,        0.08,       57.95,        4.21,       65.63,        2.62,        1.97,        9.27,           0,           0,           0,           0,           0,           0
        17,        13,    14397.19,     6178.23,      198.36,     4729.17,        0.52,        1.08,       31.00,     1082.86,     1388.84,           0,           0,           0,      538.00,      257.50,       23.52,           0,           0,        1.60,     4923.96,     2463.61,           0,     4729.17,     7484.05,     1312.94,     1168.86,       89.98,       33.36,       55.08,      259.01,       70.37,       31.44,       89.15,        9.67,      218.31,       14.89,       14.66,           0,           0,       15.64,        0.03,        7.63,        0.01,           0,        0.22,           0,           0,           0,           0,           0,           0
        17,        14,   133436.99,    33170.98,     8140.42,    50272.08,     1024.59,     1532.72,     2632.00,    10044.71,    19313.77,           0,           0,           0,     5150.15,     2105.91,      143.98,           0,           0,     2556.53,    58392.67,    29337.04,           0,    50272.08,    38366.05,     5197.47,    10904.60,      870.38,     1003.51,      702.70,     2059.13,      466.79,      147.16,      776.53,       47.57,     1835.98,      156.63,       65.69,           0,        0.31,       46.68,        1.43,       91.27,        0.39,        0.21,        4.01,           0,           0,           0,           0,           0,           0
        17,        15,     5390.85,     1296.59,        6.89,     1424.62,      102.83,       41.34,           0,      769.42,     1034.48,           0,           0,           0,      452.68,      264.71,       13.45,           0,           0,      143.98,     1431.39,     1800.72,           0,     1424.62,     1446.30,      154.33,      806.97,       38.76,       96.04,       46.98,      192.76,       37.83,       10.25,       69.00,        1.99,      241.64,        8.83,       12.27,           0,           0,        7.28,        0.16,        4.68,        0.08,        0.06,        1.19,           0,           0,           0,           0,           0,           0
        17,        16,   132286.14,    22365.63,    10889.12,    50188.61,     1814.45,     1547.61,      247.00,    11222.55,    24472.80,           0,           0,           0,     6524.54,     2865.37,      270.20,           0,           0,     3360.90,    61061.46,    35668.30,           0,    50188.61,    26378.73,     4033.33,    12196.70,      985.74,     1555.13,      783.04,     2511.40,      522.91,      219.75,      949.84,       62.59,     2505.71,      187.97,      109.55,        0.06,        0.63,       96.63,        4.41,      149.05,        2.52,        2.05,       15.60,           0,           0,           0,           0,           0,           0
        17,        17,   515312.03,    38438.37,    49699.51,   235229.21,    17823.60,    18336.96,           0,    30341.91,    87326.46,           0,           0,           0,    32780.60,     4930.92,      441.82,           0,           0,    36159.54,   284917.45,   117660.84,           0,   235229.21,    45317.58,     6876.17,    32745.78,     2405.80,    20543.98,     2064.79,     6133.13,     1132.90,      516.68,     2393.82,      147.38,     4152.78,      462.37,      164.94,        0.44,        3.30,      126.26,        8.19,      277.49,        2.93,        2.27,       24.67,           0,           0,           0,           0,           0,           0
        17,        18,     1541.81,      328.11,      241.41,      416.86,        0.02,           0,           0,      179.09,      211.41,           0,           0,           0,      154.88,        9.74,        0.30,           0,           0,        0.02,      658.34,      390.53,           0,      416.86,      357.19,       29.04,      189.85,       10.76,       95.28,        7.85,       28.99,        7.17,        4.50,       11.09,        0.05,        6.70,        1.53,        1.46,           0,           0,        0.26,           0,        0.04,           0,           0,           0,           0,           0,           0,           0,           0,           0
        17,        19,      387.14,       70.81,           0,       53.62,        7.41,        6.18,           0,       97.75,       92.29,           0,           0,           0,       51.42,       11.39,        0.15,           0,           0,       13.59,       53.62,      188.13,           0,       53.62,       81.09,       12.22,       99.08,        1.64,        0.28,        3.78,       34.67,        4.89,        0.33,        7.51,           0,        0.45,       10.91,        0.01,           0,        0.02,        0.11,        0.02,           0,        0.01,           0,        0.01,           0,           0,           0,           0,           0,           0
        17,        20,    20349.96,     5652.94,      542.39,     4944.84,      304.06,      150.58,      134.00,     2848.64,     3864.84,           0,           0,           0,     1577.64,      382.34,       19.30,           0,           0,      454.56,     5485.26,     6695.25,           0,     4944.84,     6859.28,     1240.58,     3066.97,      226.38,      215.77,      162.86,      722.12,      180.36,       57.20,      242.55,       10.13,       37.16,      329.13,        3.46,           0,        2.53,        6.66,        0.88,       10.16,        0.52,        0.13,        0.95,           0,           0,           0,           0,           0,           0
        17,        21,     8253.27,     2017.78,       57.67,     1620.70,       19.85,       12.72,     1167.00,     1256.22,     1182.49,           0,           0,           0,      715.66,      215.81,        8.29,           0,           0,       32.57,     1678.30,     2433.29,       11.00,     1609.70,     2351.99,      350.36,     1372.56,      120.62,        1.52,       81.70,      376.85,      108.80,       33.19,      113.70,        5.26,       28.99,      177.56,        2.80,        0.05,        1.16,        1.98,        0.43,        5.00,        0.27,        0.03,        0.58,           0,           0,           0,           0,           0,           0
        17,        22,     1148.50,      272.61,       15.89,      136.80,        4.56,        1.46,           0,      239.96,      217.83,           0,           0,           0,      199.71,       59.12,        1.50,           0,           0,        6.02,      152.69,      457.49,           0,      136.80,      302.01,       31.96,      249.79,       10.13,           0,       13.67,      115.85,       37.66,        9.16,       23.38,        0.26,        9.16,       49.16,        0.40,           0,        0.14,        0.34,        0.05,        1.00,        0.07,           0,        0.04,           0,           0,           0,           0,           0,           0
        17,        23,        6.82,        3.42,           0,        0.65,        0.02,           0,           0,        1.12,        0.95,           0,           0,           0,        0.59,        0.07,           0,           0,           0,        0.02,        0.65,        2.07,           0,        0.65,        3.78,        0.47,        1.12,           0,           0,           0,        0.53,        0.02,           0,        0.04,           0,           0,        0.07,           0,           0,           0,           0,           0,           0,           0,           0,           0,           0,           0,           0,           0,           0,           0
        17,        24,       13.92,        0.10,           0,        5.53,           0,           0,           0,        0.36,        1.03,           0,           0,           0,        6.86,        0.04,           0,           0,           0,           0,        5.53,        1.39,           0,        5.53,        0.10,           0,        0.36,           0,        6.83,           0,        0.03,           0,           0,           0,           0,        0.04,           0,           0,           0,           0,           0,           0,           0,           0,           0,           0,           0,           0,           0,           0,           0,           0
        17,        25,       62.89,        5.17,       11.25,       12.19,           0,           0,           0,       11.60,       12.22,           0,           0,           0,        9.00,        1.62,           0,           0,           0,           0,       23.44,       23.78,           0,       12.19,        5.37,        0.23,       12.28,        0.72,        0.30,        0.81,        4.38,        1.29,        0.78,        1.44,           0,           0,        1.62,           0,           0,           0,           0,           0,           0,           0,           0,           0,           0,           0,           0,           0,           0,           0
        17,        26,        0.48,           0,           0,           0,           0,           0,           0,           0,           0,           0,           0,           0,        0.48,           0,           0,           0,           0,           0,           0,           0,           0,           0,           0,           0,           0,           0,        0.48,           0,           0,           0,           0,           0,           0,           0,           0,           0,           0,           0,           0,           0,           0,           0,           0,           0,           0,           0,           0,           0,           0,           0
        17,        27,     7127.80,           0,           0,           0,           0,           0,           0,           0,           0,     6332.61,           0,           0,           0,           0,           0,      368.99,      428.74,           0,           0,           0,           0,           0,           0,           0,           0,           0,           0,           0,           0,           0,           0,           0,           0,           0,           0,           0,           0,           0,           0,           0,           0,           0,           0,           0,      368.99,           0,           0,      428.74,           0,           0
        18,         1,        0.05,           0,           0,           0,           0,           0,           0,           0,           0,           0,           0,           0,        0.05,           0,           0,           0,           0,           0,           0,           0,           0,           0,           0,           0,           0,           0,           0,           0,           0,        0.05,           0,           0,           0,           0,           0,           0,           0,           0,           0,           0,           0,           0,           0,           0,           0,           0,           0,           0,           0,           0
        18,         2,           0,           0,           0,           0,           0,           0,           0,           0,           0,           0,           0,           0,           0,           0,           0,           0,           0,           0,           0,           0,           0,           0,           0,           0,           0,           0,           0,           0,           0,           0,           0,           0,           0,           0,           0,           0,           0,           0,           0,           0,           0,           0,           0,           0,           0,           0,           0,           0,           0,           0
        18,         3,           0,           0,           0,           0,           0,           0,           0,           0,           0,           0,           0,           0,           0,           0,           0,           0,           0,           0,           0,           0,           0,           0,           0,           0,           0,           0,           0,           0,           0,           0,           0,           0,           0,           0,           0,           0,           0,           0,           0,           0,           0,           0,           0,           0,           0,           0,           0,           0,           0,           0
        18,         4,        8.06,        1.11,           0,        0.04,           0,           0,           0,        2.03,        0.99,           0,           0,           0,        2.93,        0.91,        0.07,           0,           0,           0,        0.04,        3.02,           0,        0.04,        1.12,        0.03,        2.03,        0.01,           0,        0.03,        1.43,        0.89,        0.20,        0.38,           0,        0.19,        0.58,        0.14,           0,           0,           0,           0,        0.07,           0,           0,           0,           0,           0,           0,           0,           0,           0
        18,         5,       15.17,        2.00,        0.04,        0.60,           0,           0,           0,        4.35,        2.61,           0,           0,           0,        4.37,        1.13,        0.12,           0,           0,           0,        0.64,        6.92,           0,        0.60,        2.08,        0.10,        4.50,        0.17,           0,        0.18,        2.13,        1.08,        0.41,        0.57,           0,        0.23,        0.74,        0.16,           0,           0,           0,           0,        0.12,           0,           0,           0,           0,           0,           0,           0,           0,           0
        18,         6,           0,           0,           0,           0,           0,           0,           0,           0,           0,           0,           0,           0,           0,           0,           0,           0,           0,           0,           0,           0,           0,           0,           0,           0,           0,           0,           0,           0,           0,           0,           0,           0,           0,           0,           0,           0,           0,           0,           0,           0,           0,           0,           0,           0,           0,           0,           0,           0,           0,           0
        18,         7,           0,           0,           0,           0,           0,           0,           0,           0,           0,           0,           0,           0,           0,           0,           0,           0,           0,           0,           0,           0,           0,           0,           0,           0,           0,           0,           0,           0,           0,           0,           0,           0,           0,           0,           0,           0,           0,           0,           0,           0,           0,           0,           0,           0,           0,           0,           0,           0,           0,           0
        18,         8,       52.54,        5.36,        0.07,        3.10,        0.16,           0,           0,       14.84,       13.89,           0,           0,           0,       12.13,        3.07,        0.03,           0,           0,        0.16,        3.17,       28.65,           0,        3.10,        5.86,        0.49,       15.59,        0.79,           0,        1.00,        6.03,        2.28,        0.99,        1.84,           0,        0.57,        2.03,        0.41,        0.02,        0.04,           0,           0,        0.03,           0,           0,           0,           0,           0,           0,           0,           0,           0
        18,         9,       92.70,       10.15,        0.47,        8.62,        1.10,        0.19,           0,       24.04,       28.74,           0,           0,           0,       15.28,        4.18,        0.13,           0,           0,        1.29,        9.09,       52.63,           0,        8.62,       11.17,        1.02,       25.41,        1.49,        0.89,        1.57,        6.51,        2.51,        1.45,        2.35,           0,        0.91,        2.61,        0.53,        0.02,        0.11,        0.05,           0,        0.08,           0,           0,           0,           0,           0,           0,           0,           0,           0
        18,        10,           0,           0,           0,           0,           0,           0,           0,           0,           0,           0,           0,           0,           0,           0,           0,           0,           0,           0,           0,           0,           0,           0,           0,           0,           0,           0,           0,           0,           0,           0,           0,           0,           0,           0,           0,           0,           0,           0,           0,           0,           0,           0,           0,           0,           0,           0,           0,           0,           0,           0
        18,        11,       72.55,       16.33,        0.89,       11.75,        0.56,        0.14,           0,       16.25,       14.01,           0,           0,           0,       10.13,        2.55,        0.07,           0,           0,        0.70,       12.65,       30.18,           0,       11.75,       18.27,        1.95,       17.41,        1.20,        0.86,        1.16,        4.11,        1.31,        0.97,        1.72,        0.01,        1.70,        0.34,        0.50,           0,           0,        0.03,           0,        0.04,           0,           0,           0,           0,           0,           0,           0,           0,           0
        18,        12,      664.25,       91.78,        3.69,      195.70,        3.86,        3.70,           0,      123.11,      144.41,           0,           0,           0,       87.48,       10.82,        0.17,           0,           0,        7.56,      199.39,      267.31,      118.00,       77.70,      104.30,       12.68,      132.82,        9.87,       36.35,        6.00,       22.50,        7.04,        5.89,        9.71,        0.02,        6.82,        1.60,        2.38,           0,           0,        0.06,           0,        0.11,           0,           0,           0,           0,           0,           0,           0,           0,           0
        18,        13,      182.43,       34.67,        3.09,       37.75,        0.03,        0.06,           0,       36.03,       45.96,           0,           0,           0,       23.09,        1.86,        0.02,           0,           0,        0.09,       40.84,       81.89,           0,       37.75,       41.56,        6.91,       38.90,        2.90,        9.76,        1.22,        6.19,        2.04,        1.74,        2.14,           0,        1.16,        0.26,        0.44,           0,           0,        0.02,           0,           0,           0,           0,           0,           0,           0,           0,           0,           0,           0
        18,        14,     1454.82,      198.55,       21.83,      254.12,        8.80,       18.01,       19.00,      256.74,      381.54,           0,           0,           0,      285.83,       10.60,        0.06,           0,           0,       26.81,      275.91,      638.21,           0,      254.12,      227.41,       28.57,      279.33,       22.55,      216.31,       10.32,       33.30,        8.91,        4.71,       12.28,        0.10,        6.90,        1.95,        1.65,           0,           0,           0,           0,        0.06,           0,           0,           0,           0,           0,           0,           0,           0,           0
        18,        15,       50.21,        3.29,           0,        3.23,        1.19,        0.42,           0,       16.30,       17.50,           0,           0,           0,        6.55,        1.81,           0,           0,           0,        1.61,        3.23,       33.76,           0,        3.23,        3.51,        0.23,       17.01,        0.75,           0,        0.73,        3.22,        0.85,        0.48,        1.27,           0,        1.39,        0.12,        0.30,           0,           0,           0,           0,           0,           0,           0,           0,           0,           0,           0,           0,           0,           0
        18,        16,      498.92,       54.30,        2.28,       50.56,        4.30,        5.56,           0,      129.96,      167.76,           0,           0,           0,       76.46,        8.21,        0.16,           0,           0,        9.86,       52.83,      297.45,           0,       50.56,       62.50,        8.47,      139.78,        9.93,       31.92,        5.24,       21.23,        6.20,        3.97,        7.91,        0.02,        5.26,        1.30,        1.63,           0,           0,        0.15,           0,        0.01,           0,           0,           0,           0,           0,           0,           0,           0,           0
        18,        17,     1121.84,       98.66,       14.06,      184.90,       11.68,       22.61,           0,      191.27,      316.97,           0,           0,           0,      271.71,        9.74,        0.28,           0,           0,       34.29,      198.95,      508.31,           0,      184.90,      115.88,       17.25,      205.09,       13.69,      211.19,        8.02,       29.43,        7.22,        4.53,       11.32,        0.05,        6.72,        1.50,        1.47,           0,           0,        0.26,           0,        0.02,           0,           0,           0,           0,           0,           0,           0,           0,           0
        18,        18,     6431.16,       88.41,      263.35,      765.65,       12.90,           0,           0,      757.46,     2401.40,           0,           0,           0,     2134.51,        7.30,        0.17,           0,           0,       12.90,     1028.98,     3158.87,           0,      765.65,       96.54,        8.13,      807.70,       50.27,     1990.95,       24.29,       57.43,       12.71,       19.00,       30.13,        0.12,        2.07,        3.44,        1.63,        0.01,        0.03,        0.10,           0,        0.07,           0,           0,           0,           0,           0,           0,           0,           0,           0
        18,        19,        5.19,        0.18,           0,        0.01,        0.10,           0,           0,        1.81,        1.85,           0,           0,           0,        1.08,        0.20,           0,           0,           0,        0.10,        0.01,        3.64,           0,        0.01,        0.18,        0.02,        1.83,        0.02,           0,        0.08,        0.67,        0.15,        0.01,        0.17,           0,           0,        0.20,           0,           0,           0,           0,           0,           0,           0,           0,           0,           0,           0,           0,           0,           0,           0
        18,        20,      163.68,       10.88,        0.50,        7.06,        2.73,        0.41,           0,       52.53,       60.44,           0,           0,           0,       24.80,        4.95,           0,           0,           0,        3.14,        7.56,      112.55,           0,        7.06,       12.49,        1.74,       56.05,        3.79,        0.01,        2.46,       11.82,        4.12,        2.43,        3.97,           0,           0,        4.90,        0.05,           0,           0,           0,           0,           0,           0,           0,           0,           0,           0,           0,           0,           0,           0
        18,        21,      143.79,        6.08,        0.18,        6.44,        0.18,           0,       58.00,       26.71,       26.67,           0,           0,           0,       16.43,        3.28,           0,           0,           0,        0.18,        6.62,       53.27,           0,        6.44,        6.62,        0.59,       29.05,        2.42,           0,        1.68,        7.65,        2.98,        1.63,        2.49,           0,        0.02,        3.19,        0.07,           0,           0,           0,           0,           0,           0,           0,           0,           0,           0,           0,           0,           0,           0
        18,        22,       18.31,        0.96,        0.02,        0.16,           0,           0,           0,        6.20,        5.21,           0,           0,           0,        4.85,        0.93,           0,           0,           0,           0,        0.18,       11.41,           0,        0.16,        0.98,        0.04,        6.45,        0.27,           0,        0.24,        2.40,        1.11,        0.52,        0.58,           0,           0,        0.93,           0,           0,           0,           0,           0,           0,           0,           0,           0,           0,           0,           0,           0,           0,           0
        18,        23,        0.03,        0.01,           0,           0,           0,           0,           0,        0.01,        0.01,           0,           0,           0,           0,           0,           0,           0,           0,           0,           0,        0.02,           0,           0,        0.01,           0,        0.01,           0,           0,           0,           0,           0,           0,           0,           0,           0,           0,           0,           0,           0,           0,           0,           0,           0,           0,           0,           0,           0,           0,           0,           0,           0
        18,        24,        0.02,           0,           0,           0,           0,           0,           0,        0.01,        0.01,           0,           0,           0,           0,           0,           0,           0,           0,           0,           0,        0.02,           0,           0,           0,           0,        0.01,           0,           0,           0,           0,           0,           0,           0,           0,           0,           0,           0,           0,           0,           0,           0,           0,           0,           0,           0,           0,           0,           0,           0,           0,           0
        18,        25,        0.83,        0.02,        0.06,        0.02,           0,           0,           0,        0.29,        0.25,           0,           0,           0,        0.17,        0.03,           0,           0,           0,           0,        0.08,        0.54,           0,        0.02,        0.02,           0,        0.30,        0.02,           0,        0.01,        0.07,        0.03,        0.03,        0.03,           0,           0,        0.03,           0,           0,           0,           0,           0,           0,           0,           0,           0,           0,           0,           0,           0,           0,           0
        18,        26,           0,           0,           0,           0,           0,           0,           0,           0,           0,           0,           0,           0,           0,           0,           0,           0,           0,           0,           0,           0,           0,           0,           0,           0,           0,           0,           0,           0,           0,           0,           0,           0,           0,           0,           0,           0,           0,           0,           0,           0,           0,           0,           0,           0,           0,           0,           0,           0,           0,           0
        18,        27,       20.51,           0,           0,           0,           0,           0,           0,           0,           0,       18.02,           0,           0,           0,           0,           0,        1.26,        1.24,           0,           0,           0,           0,           0,           0,           0,           0,           0,           0,           0,           0,           0,           0,           0,           0,           0,           0,           0,           0,           0,           0,           0,           0,           0,           0,           0,        1.26,           0,           0,        1.24,           0,           0
        19,         1,        0.08,           0,           0,           0,           0,           0,           0,           0,           0,           0,           0,           0,           0,           0,        0.08,           0,           0,           0,           0,           0,           0,           0,           0,           0,           0,           0,           0,           0,           0,           0,           0,           0,           0,           0,           0,           0,           0,           0,           0,           0,           0,        0.03,        0.05,           0,           0,           0,           0,           0,           0,           0
        19,         2,           0,           0,           0,           0,           0,           0,           0,           0,           0,           0,           0,           0,           0,           0,           0,           0,           0,           0,           0,           0,           0,           0,           0,           0,           0,           0,           0,           0,           0,           0,           0,           0,           0,           0,           0,           0,           0,           0,           0,           0,           0,           0,           0,           0,           0,           0,           0,           0,           0,           0
        19,         3,           0,           0,           0,           0,           0,           0,           0,           0,           0,           0,           0,           0,           0,           0,           0,           0,           0,           0,           0,           0,           0,           0,           0,           0,           0,           0,           0,           0,           0,           0,           0,           0,           0,           0,           0,           0,           0,           0,           0,           0,           0,           0,           0,           0,           0,           0,           0,           0,           0,           0
        19,         4,       21.17,       18.40,           0,        0.98,           0,           0,           0,           0,           0,           0,           0,           0,        0.04,        0.92,        0.90,           0,           0,           0,        0.98,           0,           0,        0.98,       19.36,        1.03,           0,           0,           0,           0,        0.03,        0.01,           0,           0,           0,           0,        0.92,           0,           0,           0,           0,        0.10,           0,        0.20,        0.26,        0.34,           0,           0,           0,           0,           0,           0
        19,         5,       53.43,       43.32,           0,        6.75,           0,           0,           0,        0.02,           0,           0,           0,           0,        0.35,        2.97,        0.52,           0,           0,           0,        6.75,        0.02,           0,        6.75,       45.93,        3.22,        0.02,           0,           0,           0,        0.22,        0.13,           0,           0,           0,           0,        2.97,           0,           0,           0,           0,        0.11,           0,        0.09,        0.09,        0.23,           0,           0,           0,           0,           0,           0
        19,         6,           0,           0,           0,           0,           0,           0,           0,           0,           0,           0,           0,           0,           0,           0,           0,           0,           0,           0,           0,           0,           0,           0,           0,           0,           0,           0,           0,           0,           0,           0,           0,           0,           0,           0,           0,           0,           0,           0,           0,           0,           0,           0,           0,           0,           0,           0,           0,           0,           0,           0
        19,         7,           0,           0,           0,           0,           0,           0,           0,           0,           0,           0,           0,           0,           0,           0,           0,           0,           0,           0,           0,           0,           0,           0,           0,           0,           0,           0,           0,           0,           0,           0,           0,           0,           0,           0,           0,           0,           0,           0,           0,           0,           0,           0,           0,           0,           0,           0,           0,           0,           0,           0
        19,         8,      282.20,      156.02,        7.31,       95.88,           0,           0,           0,        2.64,        0.83,           0,           0,           0,        6.03,       16.07,        0.33,           0,           0,           0,      102.75,        3.43,           0,       95.88,      176.01,       21.47,        2.66,        0.03,           0,           0,        4.58,        0.92,        0.03,        0.50,           0,           0,       15.18,           0,        0.02,        0.89,           0,        0.09,           0,        0.05,        0.08,        0.11,           0,           0,           0,           0,           0,           0
        19,         9,      806.03,      280.87,      144.16,      307.66,        0.97,           0,           0,       13.91,       15.73,           0,           0,           0,       14.38,       30.09,        0.40,           0,           0,        0.97,      450.53,       29.60,           0,      307.66,      322.26,       40.87,       13.93,        0.04,           0,        0.49,       10.37,        1.58,        0.10,        1.84,           0,        0.05,       27.09,           0,        0.08,        2.89,           0,        0.18,           0,        0.07,        0.07,        0.08,           0,           0,           0,           0,           0,           0
        19,        10,        0.12,           0,           0,        0.12,           0,           0,           0,           0,           0,           0,           0,           0,           0,           0,           0,           0,           0,           0,        0.12,           0,           0,        0.12,           0,           0,           0,           0,           0,           0,           0,           0,           0,           0,           0,           0,           0,           0,           0,           0,           0,           0,           0,           0,           0,           0,           0,           0,           0,           0,           0,           0
        19,        11,     1087.51,      455.50,      173.74,      414.13,        1.68,        0.07,           0,       13.87,       11.06,           0,           0,           0,       13.48,        4.00,        0.22,           0,           0,        1.75,      587.95,       24.87,           0,      414.13,      514.95,       58.95,       14.15,        0.35,           0,        1.31,        8.54,        1.42,        0.10,        2.12,           0,        0.21,        3.72,        0.03,           0,        0.04,        0.02,        0.06,           0,        0.05,        0.05,        0.04,           0,           0,           0,           0,           0,           0
        19,        12,     4193.03,     1517.45,      580.07,     1858.56,        8.26,        4.77,           0,       75.52,       79.74,           0,           0,           0,       57.67,       15.60,        0.69,           0,           0,       13.03,     2439.03,      154.68,       79.00,     1779.56,     1744.55,      227.78,       77.14,        1.90,           0,        5.68,       35.78,        5.99,        0.60,        9.65,           0,        0.73,       14.70,        0.08,        0.01,        0.08,        0.05,        0.25,           0,        0.15,        0.12,        0.12,           0,           0,           0,           0,           0,           0
        19,        13,     1604.54,      493.30,      358.39,      701.85,        0.03,           0,           0,       16.52,       20.00,           0,           0,           0,       12.87,        2.22,           0,           0,           0,        0.03,     1060.22,       36.47,           0,      701.85,      598.94,      104.67,       16.63,        0.14,           0,        0.76,        8.98,        1.43,        0.11,        1.59,           0,        0.08,        2.14,           0,           0,           0,           0,           0,           0,           0,           0,           0,           0,           0,           0,           0,           0,           0
        19,        14,     5453.53,     1791.75,      869.21,     2549.99,        4.95,        2.24,           0,       86.22,       99.41,           0,           0,           0,       47.77,        9.97,        0.06,           0,           0,        7.19,     3418.67,      184.63,           0,     2549.99,     2060.94,      270.09,       89.45,        3.72,           0,        6.20,       32.02,        3.98,        0.17,        5.53,           0,        0.42,        9.49,        0.01,           0,        0.05,           0,        0.04,           0,        0.01,           0,        0.01,           0,           0,           0,           0,           0,           0
        19,        15,     1112.70,      329.59,       14.94,      612.16,       14.38,       23.01,           0,       44.32,       54.80,           0,           0,           0,       19.46,        3.45,        0.14,           0,           0,       37.32,      626.95,       98.86,           0,      612.16,      368.08,       39.22,       45.27,        1.02,        0.66,        1.46,       13.58,        0.86,        0.08,        2.83,           0,        0.29,        3.13,        0.02,           0,        0.01,        0.07,        0.02,           0,        0.02,        0.01,        0.02,           0,           0,           0,           0,           0,           0
        19,        16,     7645.86,     2529.75,      762.52,     3631.90,       37.22,      103.39,        9.00,      207.34,      269.07,           0,           0,           0,       89.30,       19.53,        0.70,           0,           0,      140.22,     4393.40,      474.50,           0,     3631.90,     2966.36,      439.72,      216.60,       10.02,        0.45,        8.45,       57.82,        7.23,        0.58,       14.82,           0,        0.72,       18.71,        0.04,           0,        0.06,        0.42,        0.12,           0,        0.09,        0.02,        0.05,           0,           0,           0,           0,           0,           0
        19,        17,     4948.20,     1432.82,      633.04,     2480.16,       11.14,       48.68,           0,      125.52,      160.36,           0,           0,           0,       58.98,       11.80,        0.29,           0,           0,       59.77,     3112.65,      283.68,           0,     2480.16,     1684.72,      256.81,      130.01,        5.46,        0.05,        5.12,       39.38,        5.07,        0.35,        9.05,           0,        0.45,       11.30,        0.01,           0,        0.04,        0.25,        0.03,           0,        0.01,           0,           0,           0,           0,           0,           0,           0,           0
        19,        18,      120.82,       15.68,       74.78,       24.53,           0,           0,           0,        2.34,        2.18,           0,           0,           0,        1.16,        0.20,           0,           0,           0,           0,       99.27,        4.51,           0,       24.53,       16.79,        1.09,        2.34,        0.03,           0,        0.12,        0.69,        0.15,        0.01,        0.19,           0,           0,        0.20,           0,           0,           0,           0,           0,           0,           0,           0,           0,           0,           0,           0,           0,           0,           0
        19,        19,    80749.03,     3241.00,      702.05,    38398.79,     6394.86,     6431.34,           0,     1434.12,     3695.48,           0,           0,           0,    20011.11,      433.39,        4.29,           0,           0,    12826.20,    39100.86,     5130.45,           0,    38398.79,     3971.83,      729.92,     1507.80,       73.19,    19388.93,      114.73,      337.95,       32.43,        3.06,      133.75,           0,        0.83,      412.58,        0.19,        0.37,       19.39,        2.06,        0.56,        0.02,        0.48,        0.41,        0.76,           0,           0,           0,           0,           0,           0
        19,        20,    38367.53,     6526.06,     6325.05,    20040.37,      940.72,      946.73,       25.00,      787.71,     1857.20,           0,           0,           0,      616.14,      318.59,        0.87,           0,           0,     1887.08,    26361.50,     2642.03,           0,    20040.37,     7889.17,     1364.18,      837.32,       51.00,      272.28,       51.06,      202.51,       23.69,        1.59,       65.40,           0,           0,      308.57,           0,        0.01,       10.01,        0.21,        0.37,        0.02,        0.23,        0.02,        0.02,           0,           0,           0,           0,           0,           0
        19,        21,     7546.03,     2261.79,      847.55,     3199.21,       16.08,       32.66,      564.00,      202.12,      226.04,           0,           0,           0,       82.92,      120.62,        0.35,           0,           0,       48.68,     4046.03,      427.19,       16.00,     3183.21,     2672.23,      412.79,      218.56,       17.23,           0,        9.43,       53.64,        6.79,        0.55,       12.53,           0,        0.01,      117.40,           0,        0.02,        3.19,        0.09,        0.14,           0,        0.10,        0.01,        0.01,           0,           0,           0,           0,           0,           0
        19,        22,     1081.74,      317.38,      290.48,      340.77,        5.33,        2.70,           0,       32.09,       35.67,           0,           0,           0,       16.95,       41.09,        0.09,           0,           0,        8.03,      631.18,       67.70,           0,      340.77,      366.14,       49.16,       32.75,        0.71,        0.01,        1.04,       12.75,        1.45,        0.10,        1.60,           0,           0,       40.08,           0,           0,        1.01,        0.01,        0.04,           0,        0.04,           0,           0,           0,           0,           0,           0,           0,           0
        19,        23,       37.87,       10.84,           0,        6.89,        0.12,           0,           0,        0.42,        0.54,           0,           0,           0,       18.75,        0.31,           0,           0,           0,        0.12,        6.89,        0.96,           0,        6.89,       14.47,        3.64,        0.42,           0,       18.61,           0,        0.14,           0,           0,           0,           0,           0,        0.31,           0,           0,           0,           0,           0,           0,           0,           0,           0,           0,           0,           0,           0,           0,           0
        19,        24,        7.91,        1.13,           0,        2.78,           0,           0,           0,           0,        0.05,           0,           0,           0,        3.95,           0,           0,           0,           0,           0,        2.78,        0.05,           0,        2.78,        1.13,           0,           0,           0,        3.95,           0,           0,           0,           0,           0,           0,           0,           0,           0,           0,           0,           0,           0,           0,           0,           0,           0,           0,           0,           0,           0,           0,           0
        19,        25,      175.57,        6.24,      136.32,       27.32,           0,           0,           0,        1.69,        2.08,           0,           0,           0,        0.87,        1.09,           0,           0,           0,           0,      163.64,        3.77,           0,       27.32,        6.80,        0.56,        1.75,        0.06,           0,        0.08,        0.56,        0.10,        0.01,        0.12,           0,           0,        1.06,           0,           0,        0.03,           0,           0,           0,           0,           0,           0,           0,           0,           0,           0,           0,           0
        19,        26,      100.36,           0,           0,           0,           0,           0,           0,           0,           0,           0,           0,           0,      100.36,           0,           0,           0,           0,           0,           0,           0,           0,           0,           0,           0,           0,           0,      100.36,           0,           0,           0,           0,           0,           0,           0,           0,           0,           0,           0,           0,           0,           0,           0,           0,           0,           0,           0,           0,           0,           0,           0
        19,        27,      420.44,           0,           0,           0,           0,           0,           0,           0,           0,      357.37,           0,           0,           0,           0,           0,        7.88,       55.23,           0,           0,           0,           0,           0,           0,           0,           0,           0,           0,           0,           0,           0,           0,           0,           0,           0,           0,           0,           0,           0,           0,           0,           0,           0,           0,           0,        7.88,           0,           0,       55.23,           0,           0
        20,         1,       11.22,        1.37,           0,           0,           0,           0,           0,           0,           0,           0,           0,           0,        0.18,        1.98,        7.69,           0,           0,           0,           0,           0,           0,           0,        1.38,        0.02,           0,           0,           0,           0,           0,        0.18,           0,           0,           0,           0,        1.98,           0,           0,           0,           0,        0.23,        2.80,        0.87,        1.19,        2.60,           0,           0,           0,           0,           0,           0
        20,         2,           0,           0,           0,           0,           0,           0,           0,           0,           0,           0,           0,           0,           0,           0,           0,           0,           0,           0,           0,           0,           0,           0,           0,           0,           0,           0,           0,           0,           0,           0,           0,           0,           0,           0,           0,           0,           0,           0,           0,           0,           0,           0,           0,           0,           0,           0,           0,           0,           0,           0
        20,         3,           0,           0,           0,           0,           0,           0,           0,           0,           0,           0,           0,           0,           0,           0,           0,           0,           0,           0,           0,           0,           0,           0,           0,           0,           0,           0,           0,           0,           0,           0,           0,           0,           0,           0,           0,           0,           0,           0,           0,           0,           0,           0,           0,           0,           0,           0,           0,           0,           0,           0
        20,         4,      499.39,      201.30,        0.19,       45.37,           0,           0,           0,       14.45,        4.52,           0,           0,           0,       40.61,      140.54,       53.82,           0,           0,           0,       45.55,       18.92,           0,       45.37,      212.55,       13.03,       14.45,           0,           0,        0.31,       21.31,       14.32,        1.21,        3.47,           0,        0.56,      130.80,        0.01,        1.62,        7.65,           0,        8.37,       18.06,        5.57,        7.67,       14.15,           0,           0,           0,           0,           0,           0
        20,         5,      956.68,      357.85,        1.11,      172.56,        0.03,           0,       60.00,       44.80,       16.51,           0,           0,           0,       78.69,      188.16,       43.65,           0,           0,        0.03,      173.63,       60.61,           0,      172.56,      382.10,       27.80,       45.58,        1.12,           0,        2.06,       41.60,       22.29,        3.65,        9.15,           0,        0.67,      173.98,        0.01,        1.54,       12.09,           0,        5.76,       24.19,        2.37,        2.88,        8.45,           0,           0,           0,           0,           0,           0
        20,         6,           0,           0,           0,           0,           0,           0,           0,           0,           0,           0,           0,           0,           0,           0,           0,           0,           0,           0,           0,           0,           0,           0,           0,           0,           0,           0,           0,           0,           0,           0,           0,           0,           0,           0,           0,           0,           0,           0,           0,           0,           0,           0,           0,           0,           0,           0,           0,           0,           0,           0
        20,         7,           0,           0,           0,           0,           0,           0,           0,           0,           0,           0,           0,           0,           0,           0,           0,           0,           0,           0,           0,           0,           0,           0,           0,           0,           0,           0,           0,           0,           0,           0,           0,           0,           0,           0,           0,           0,           0,           0,           0,           0,           0,           0,           0,           0,           0,           0,           0,           0,           0,           0
        20,         8,     2746.89,      907.98,       13.98,      656.59,        1.26,           0,        6.00,      205.57,      148.04,           0,           0,           0,      276.87,      517.26,       22.61,           0,           0,        1.26,      670.15,      351.50,           0,      656.59,     1029.96,      123.87,      212.55,        8.10,           0,       15.64,      155.89,       55.66,       11.62,       38.30,           0,        1.99,      420.74,        0.34,        6.98,       87.63,           0,        4.22,       10.14,        2.44,        2.26,        3.55,           0,           0,           0,           0,           0,           0
        20,         9,     4407.49,     1356.12,      117.01,     1222.72,        5.90,        0.15,           0,      346.68,      354.10,           0,           0,           0,      349.37,      632.44,       35.35,           0,           0,        6.04,     1339.42,      697.77,           0,     1222.72,     1548.78,      194.99,      358.41,       13.85,           0,       33.15,      187.61,       61.11,       17.02,       50.52,        0.98,        3.80,      492.25,        0.44,       13.48,      121.61,        3.89,        6.49,       16.04,        4.39,        1.55,        3.00,           0,           0,           0,           0,           0,           0
        20,        10,        1.32,           0,           0,        1.32,           0,           0,           0,           0,           0,           0,           0,           0,           0,           0,           0,           0,           0,           0,        1.32,           0,           0,        1.32,           0,           0,           0,           0,           0,           0,           0,           0,           0,           0,           0,           0,           0,           0,           0,           0,           0,           0,           0,           0,           0,           0,           0,           0,           0,           0,           0,           0
        20,        11,     4726.41,     2204.26,      133.28,     1574.16,        3.03,        5.03,           0,      270.15,      195.45,           0,           0,           0,      244.05,       92.95,       13.44,           0,           0,        8.06,     1707.57,      462.87,           0,     1574.16,     2487.49,      285.48,      283.51,       14.60,           0,       29.42,      122.07,       36.98,       12.76,       43.02,        2.01,       12.66,       72.87,        2.26,        0.51,        2.66,        1.55,        2.74,        4.16,        2.16,        1.22,        1.61,           0,           0,           0,           0,           0,           0
        20,        12,    27837.51,    10469.96,      416.52,    11198.74,       23.49,       74.73,      232.00,     1915.52,     1905.12,           0,           0,           0,     1244.50,      420.96,       46.74,           0,           0,       98.06,    11614.96,     3796.81,     2159.00,     9039.74,    12023.95,     1590.96,     2021.64,      119.59,        0.39,      139.15,      617.29,      184.51,       74.03,      230.18,       11.51,       48.83,      346.01,        7.88,        0.85,        5.98,        4.13,       10.00,       17.14,        7.02,        3.43,        5.02,           0,           0,           0,           0,           0,           0
        20,        13,     8255.30,     3201.43,      268.91,     3419.03,        0.05,        0.55,       46.00,      476.93,      500.29,           0,           0,           0,      302.60,       73.29,        2.53,           0,           0,        0.60,     3687.77,      968.94,           0,     3419.03,     3860.62,      673.65,      498.52,       26.21,           0,       26.05,      160.05,       49.70,       21.06,       45.93,        1.86,        5.16,       65.54,        0.25,           0,        0.48,        0.80,        0.10,        1.49,        0.07,        0.01,        0.06,           0,           0,           0,           0,           0,           0
        20,        14,    34673.91,    12938.41,      645.76,    13397.89,       17.39,       97.14,     1061.00,     2459.94,     2640.88,           0,           0,           0,     1216.32,      351.88,       10.94,           0,           0,      114.48,    14042.12,     5071.21,           0,    13397.89,    14865.31,     1986.12,     2610.26,      165.81,        0.80,      162.15,      645.15,      174.88,       42.92,      191.05,        7.28,       32.96,      306.28,        1.96,        0.02,        3.40,        0.28,        1.70,        7.83,        0.41,        0.08,        0.64,           0,           0,           0,           0,           0,           0
        20,        15,     6886.37,     1884.20,       15.73,     2804.29,       51.00,      122.01,           0,      704.11,      881.06,           0,           0,           0,      352.50,       87.40,        4.38,           0,           0,      172.64,     2819.87,     1580.82,           0,     2804.29,     2104.22,      223.35,      730.94,       28.23,       27.89,       36.30,      186.88,       34.15,        8.89,       58.48,        0.56,       14.96,       69.82,        1.69,           0,        0.37,        1.17,        0.52,        1.11,        0.44,        0.15,        0.99,           0,           0,           0,           0,           0,           0
        20,        16,    56638.69,    18568.40,     1318.29,    23135.96,      220.40,      810.36,      151.00,     4125.78,     5855.33,           0,           0,           0,     1995.95,      507.14,       41.78,           0,           0,     1029.02,    24446.95,     9960.51,           0,    23135.96,    21859.36,     3307.24,     4416.45,      300.46,      156.08,      231.38,      968.53,      228.24,       76.51,      339.09,       14.84,       60.18,      420.21,        7.14,        0.05,        4.84,       15.12,        4.21,       15.53,        2.70,        1.03,        3.19,           0,           0,           0,           0,           0,           0
        20,        17,    46002.58,    13229.37,     1081.32,    21142.37,       96.45,      550.22,           0,     3262.95,     4693.22,           0,           0,           0,     1637.34,      369.75,       21.98,           0,           0,      646.31,    22216.52,     7937.58,           0,    21142.37,    15614.05,     2400.35,     3476.82,      223.57,      162.18,      183.30,      783.16,      185.31,       60.13,      266.27,       11.04,       37.56,      314.68,        3.51,        0.01,        3.00,        9.25,        1.09,        9.97,        0.60,        0.13,        0.94,           0,           0,           0,           0,           0,           0
        20,        18,      411.17,      100.89,       59.14,      114.64,           0,           0,           0,       57.07,       49.44,           0,           0,           0,       26.46,        4.73,           0,           0,           0,           0,      173.70,      106.16,           0,      114.64,      107.76,        7.29,       59.15,        2.35,        0.02,        2.76,       12.61,        4.27,        2.53,        4.27,           0,           0,        4.68,        0.05,           0,           0,           0,           0,           0,           0,           0,           0,           0,           0,           0,           0,           0,           0
        20,        19,    17496.21,     1644.41,      212.24,     9031.83,     1041.47,     2356.56,           0,      738.04,     1579.82,           0,           0,           0,      599.79,      307.18,        0.83,           0,           0,     3398.03,     9243.85,     2314.09,           0,     9031.83,     2001.78,      362.84,      762.46,       25.04,      260.73,       49.58,      199.98,       23.78,        1.61,       64.62,           0,           0,      297.35,           0,        0.01,        9.84,        0.17,        0.35,        0.02,        0.23,        0.03,        0.03,           0,           0,           0,           0,           0,           0
        20,        20,   982600.14,    87713.94,    88841.56,   446633.90,    47628.25,    45779.62,      299.00,    49173.29,   137143.68,           0,           0,           0,    61781.80,    17406.33,      335.57,           0,           0,    93405.05,   535454.53,   186283.74,           0,   446633.90,   106212.06,    18499.09,    53696.91,     4532.61,    42933.73,     3398.10,     9173.16,     1763.88,      752.12,     3787.56,      113.40,       48.60,    15854.11,       14.53,       73.56,     1304.80,       25.04,       81.37,      126.63,       35.76,       20.39,       46.41,           0,           0,           0,           0,           0,           0
        20,        21,   123082.42,    29066.50,     4808.32,    48925.57,      804.37,     1046.73,     6847.00,     8849.42,    14618.72,           0,           0,           0,     4207.68,     3892.44,       63.68,           0,           0,     1850.63,    53722.65,    23458.55,      106.00,    48819.57,    34439.44,     5367.88,     9800.03,      954.18,      688.67,      571.86,     1759.57,      397.90,      134.46,      657.37,       21.53,       10.02,     3583.42,        2.78,       15.13,      259.80,        9.71,       15.40,       18.76,        8.04,        3.62,        8.15,           0,           0,           0,           0,           0,           0
        20,        22,    11651.58,     3831.67,      236.22,     2641.25,       23.45,      130.99,           0,     1449.69,     1551.18,           0,           0,           0,      671.06,     1109.58,        8.58,           0,           0,      154.44,     2877.38,     3000.52,           0,     2641.25,     4451.50,      615.79,     1549.68,       99.30,        6.24,       62.48,      378.26,       94.33,       26.91,      102.78,        1.40,        0.16,     1041.65,        0.05,        1.72,       64.59,        1.08,        3.29,        0.60,        2.57,        0.47,        0.57,           0,           0,           0,           0,           0,           0
        20,        23,      126.44,       56.90,           0,       28.16,        0.19,           0,           0,        8.76,        9.12,           0,           0,           0,       16.83,        6.50,           0,           0,           0,        0.19,       28.16,       17.88,           0,       28.16,       75.15,       18.27,        8.81,        0.05,       14.36,        0.08,        2.19,        0.06,           0,        0.14,           0,           0,        6.47,           0,           0,        0.03,           0,           0,           0,           0,           0,           0,           0,           0,           0,           0,           0,           0
        20,        24,      171.75,        6.91,           0,       81.14,           0,           0,           0,        2.06,        8.30,           0,           0,           0,       72.74,        0.69,           0,           0,           0,           0,       81.14,       10.36,           0,       81.14,        6.93,        0.01,        2.06,           0,       72.15,        0.05,        0.46,           0,           0,        0.08,           0,           0,        0.69,           0,           0,           0,           0,           0,           0,           0,           0,           0,           0,           0,           0,           0,           0,           0
        20,        25,      645.85,       78.69,      112.85,      219.52,           0,           0,           0,       69.25,       83.93,           0,           0,           0,       51.33,       30.39,           0,           0,           0,           0,      332.32,      153.14,           0,      219.52,       87.31,        8.36,       74.26,        5.03,       26.55,        3.14,       12.29,        3.06,        1.80,        4.49,           0,           0,       28.12,           0,        0.06,        2.21,           0,           0,           0,           0,           0,           0,           0,           0,           0,           0,           0,           0
        20,        26,       28.76,           0,           0,        0.05,           0,           0,           0,           0,           0,           0,           0,           0,       28.71,           0,           0,           0,           0,           0,        0.05,           0,           0,        0.05,           0,           0,           0,           0,       28.71,           0,           0,           0,           0,           0,           0,           0,           0,           0,           0,           0,           0,           0,           0,           0,           0,           0,           0,           0,           0,           0,           0,           0
        20,        27,     5754.31,           0,           0,           0,           0,           0,           0,           0,           0,     4588.64,           0,           0,           0,           0,           0,      572.65,      594.62,           0,           0,           0,           0,           0,           0,           0,           0,           0,           0,           0,           0,           0,           0,           0,           0,           0,           0,           0,           0,           0,           0,           0,           0,           0,           0,           0,      572.65,           0,           0,      594.62,           0,           0
        21,         1,        1.88,           0,           0,           0,           0,           0,           0,           0,           0,           0,           0,           0,           0,           0,        1.88,           0,           0,           0,           0,           0,           0,           0,           0,           0,           0,           0,           0,           0,           0,           0,           0,           0,           0,           0,           0,           0,           0,           0,           0,           0,        0.16,        0.63,        0.75,        0.34,           0,           0,           0,           0,           0,           0
        21,         2,           0,           0,           0,           0,           0,           0,           0,           0,           0,           0,           0,           0,           0,           0,           0,           0,           0,           0,           0,           0,           0,           0,           0,           0,           0,           0,           0,           0,           0,           0,           0,           0,           0,           0,           0,           0,           0,           0,           0,           0,           0,           0,           0,           0,           0,           0,           0,           0,           0,           0
        21,         3,           0,           0,           0,           0,           0,           0,           0,           0,           0,           0,           0,           0,           0,           0,           0,           0,           0,           0,           0,           0,           0,           0,           0,           0,           0,           0,           0,           0,           0,           0,           0,           0,           0,           0,           0,           0,           0,           0,           0,           0,           0,           0,           0,           0,           0,           0,           0,           0,           0,           0
        21,         4,      106.08,       30.38,           0,        0.08,           0,           0,           0,        0.09,           0,           0,           0,           0,        8.22,       28.02,       39.79,           0,           0,           0,        0.08,        0.09,           0,        0.08,       31.07,        1.37,        0.09,           0,           0,           0,        2.32,        5.49,        0.01,        0.41,           0,        0.14,       26.72,           0,        0.34,        0.85,           0,        3.70,       15.33,        3.70,        4.81,       12.25,           0,           0,           0,           0,           0,           0
        21,         5,      205.99,       71.69,           0,        2.12,           0,           0,       20.00,        1.16,           0,           0,           0,           0,       22.48,       56.40,       33.32,           0,           0,           0,        2.12,        1.16,           0,        2.12,       74.13,        3.88,        1.16,           0,           0,           0,        8.92,       11.31,        0.34,        1.95,           0,        0.16,       53.83,           0,        0.38,        2.06,           0,        2.29,       20.01,        1.30,        1.69,        8.03,           0,           0,           0,           0,           0,           0
        21,         6,           0,           0,           0,           0,           0,           0,           0,           0,           0,           0,           0,           0,           0,           0,           0,           0,           0,           0,           0,           0,           0,           0,           0,           0,           0,           0,           0,           0,           0,           0,           0,           0,           0,           0,           0,           0,           0,           0,           0,           0,           0,           0,           0,           0,           0,           0,           0,           0,           0,           0
        21,         7,           0,           0,           0,           0,           0,           0,           0,           0,           0,           0,           0,           0,           0,           0,           0,           0,           0,           0,           0,           0,           0,           0,           0,           0,           0,           0,           0,           0,           0,           0,           0,           0,           0,           0,           0,           0,           0,           0,           0,           0,           0,           0,           0,           0,           0,           0,           0,           0,           0,           0
        21,         8,      786.90,      274.90,        0.02,       55.80,           0,           0,        2.00,       51.88,       12.41,           0,           0,           0,      132.13,      247.55,       15.57,           0,           0,           0,       55.82,       63.58,           0,       55.80,      302.20,       30.75,       53.02,        1.63,           0,        1.72,       73.71,       34.58,        4.75,       17.76,           0,        1.36,      206.60,        0.28,        3.67,       36.20,           0,        2.03,        7.86,        1.10,        1.33,        3.25,           0,           0,           0,           0,           0,           0
        21,         9,     1775.73,      488.47,        2.63,      240.22,        1.13,           0,           0,      220.65,      161.92,           0,           0,           0,      239.54,      404.29,       21.40,           0,           0,        1.13,      242.83,      381.03,           0,      240.22,      551.89,       63.81,      229.41,        9.60,           0,       19.34,      131.26,       44.52,       11.01,       33.71,        0.05,        4.28,      317.69,        0.82,        8.57,       73.19,        0.37,        3.47,       12.42,        1.85,        0.86,        2.43,           0,           0,           0,           0,           0,           0
        21,        10,        0.01,           0,           0,        0.01,           0,           0,           0,           0,           0,           0,           0,           0,           0,           0,           0,           0,           0,           0,        0.01,           0,           0,        0.01,           0,           0,           0,           0,           0,           0,           0,           0,           0,           0,           0,           0,           0,           0,           0,           0,           0,           0,           0,           0,           0,           0,           0,           0,           0,           0,           0,           0
        21,        11,     1420.38,      684.92,        8.55,      275.84,        0.58,           0,           0,      142.39,       76.73,           0,           0,           0,      163.14,       61.29,        8.22,           0,           0,        0.58,      284.37,      218.50,           0,      275.84,      771.31,       85.07,      150.28,        8.46,           0,       18.45,       81.94,       26.64,        8.86,       27.51,        0.74,       12.77,       44.01,        2.07,        0.29,        1.42,        0.40,        1.53,        3.26,        1.05,        0.72,        1.26,           0,           0,           0,           0,           0,           0
        21,        12,     8006.02,     2503.80,       15.40,     2764.57,        9.08,        1.12,      111.00,      877.21,      657.37,           0,           0,           0,      793.02,      260.25,       30.16,           0,           0,       10.20,     2779.96,     1528.91,     1456.00,     1308.57,     2853.54,      353.65,      925.31,       51.65,           0,       92.72,      387.31,      128.78,       49.65,      135.11,        5.48,       50.54,      192.89,        7.04,        0.65,        3.74,        1.81,        5.85,       13.12,        3.52,        2.09,        3.77,           0,           0,           0,           0,           0,           0
        21,        13,     2195.56,      869.99,       12.01,      566.59,           0,           0,       63.00,      237.32,      197.90,           0,           0,           0,      204.52,       45.27,        1.47,           0,           0,           0,      578.56,      433.88,           0,      566.59,     1049.91,      178.96,      248.43,       12.15,           0,       18.36,      108.22,       35.85,       14.02,       28.20,        0.88,        6.44,       37.10,        0.50,        0.01,        0.34,        0.29,        0.09,        0.99,        0.04,           0,        0.06,           0,           0,           0,           0,           0,           0
        21,        14,     8952.43,     3210.71,       25.47,     2074.08,        6.56,        2.38,      530.00,     1191.49,      961.17,           0,           0,           0,      760.11,      207.50,        7.85,           0,           0,        8.94,     2099.52,     2144.42,           0,     2074.08,     3650.87,      449.35,     1267.16,       80.77,           0,      108.24,      400.90,      118.34,       25.95,      107.45,        3.66,       35.51,      163.97,        2.38,        0.04,        2.03,        0.09,        0.88,        6.16,        0.17,        0.03,        0.52,           0,           0,           0,           0,           0,           0
        21,        15,     1242.05,      259.09,        0.02,      222.88,       14.87,       10.57,           0,      287.23,      235.84,           0,           0,           0,      166.92,       48.40,        2.72,           0,           0,       25.38,      222.90,      520.85,           0,      222.88,      280.89,       24.17,      296.34,       10.27,           0,       19.05,       96.06,       19.71,        5.36,       26.76,        0.29,       14.45,       32.14,        1.34,        0.01,        0.17,        0.66,        0.28,        0.83,        0.19,        0.07,        0.69,           0,           0,           0,           0,           0,           0
        21,        16,    10288.52,     3468.25,       29.17,     1996.54,       43.85,       82.76,       24.00,     1817.36,     1607.45,           0,           0,           0,      968.12,      269.63,       21.44,           0,           0,      126.43,     2025.60,     3415.27,           0,     1996.54,     4053.69,      607.30,     1936.20,      123.63,        1.50,      115.39,      507.88,      136.68,       44.48,      162.42,        9.08,       45.85,      207.47,        4.89,        0.12,        2.22,        8.06,        2.17,        7.88,        1.45,        0.40,        1.48,           0,           0,           0,           0,           0,           0
        21,        17,     8770.40,     2696.01,       27.10,     2022.46,       19.41,       80.83,           0,     1533.00,     1403.55,           0,           0,           0,      810.34,      200.19,       11.66,           0,           0,      100.21,     2049.50,     2928.15,           0,     2022.46,     3151.46,      471.46,     1625.32,       97.37,        3.52,       95.47,      428.79,      114.00,       36.52,      132.30,        6.85,       29.37,      159.51,        2.92,        0.06,        1.49,        4.99,        0.48,        5.26,        0.34,        0.03,        0.56,           0,           0,           0,           0,           0,           0
        21,        18,      122.37,       26.97,        4.13,       18.60,           0,           0,           0,       30.91,       20.95,           0,           0,           0,       18.06,        2.90,           0,           0,           0,           0,       22.73,       51.79,           0,       18.60,       28.32,        1.36,       32.05,        1.24,           0,        1.89,        8.56,        3.09,        1.69,        2.83,           0,        0.02,        2.80,        0.07,           0,        0.01,           0,           0,           0,           0,           0,           0,           0,           0,           0,           0,           0,           0
        21,        19,      805.06,      141.36,           0,       87.52,       10.44,       25.97,           0,      194.39,      156.52,           0,           0,           0,       84.53,      108.58,        0.33,           0,           0,       36.41,       87.52,      349.53,           0,       87.52,      165.32,       26.81,      199.06,        5.12,        0.32,        8.91,       54.89,        7.01,        0.57,       12.84,           0,        0.01,      105.27,        0.01,        0.04,        3.25,        0.07,        0.14,           0,        0.10,        0.01,        0.01,           0,           0,           0,           0,           0,           0
        21,        20,    83987.46,    20341.48,     3929.15,    23620.55,     1481.97,     2735.31,      113.00,     9204.38,    14262.18,           0,           0,           0,     4538.47,     3772.46,       67.75,           0,           0,     4216.55,    27541.89,    23452.42,           0,    23620.55,    24509.92,     4194.10,    10051.17,      852.17,      942.48,      578.49,     1805.47,      402.88,      137.67,      675.04,       23.67,        9.95,     3452.92,        2.82,       16.05,      267.32,       12.73,       15.93,       19.31,        8.11,        3.61,        8.06,           0,           0,           0,           0,           0,           0
        21,        21,   931570.67,    92332.25,    69490.30,   386591.11,    28012.76,    25995.87,    39298.00,    71319.32,   156631.12,           0,           0,           0,    43011.27,    18637.30,      327.97,           0,           0,    54007.49,   456060.29,   227935.24,      822.00,   385769.11,   109117.92,    16787.97,    79393.73,     8079.33,    20585.17,     4433.66,    10892.10,     2049.32,      813.71,     4249.56,      182.21,       98.57,    17034.24,       25.53,       76.19,     1221.33,       53.75,       62.30,      142.93,       21.60,        9.56,       37.85,           0,           0,           0,           0,           0,           0
        21,        22,    39484.37,     9910.63,     2147.25,     7963.68,      345.07,     1650.52,           0,     5544.65,     7386.82,           0,           0,           0,     2427.24,     2118.46,       28.01,           0,           0,     1995.49,    10104.67,    12924.08,           0,     7963.68,    11569.01,     1663.64,     6036.09,      494.59,      438.74,      309.00,     1040.99,      219.18,       68.65,      352.39,        8.68,        5.46,     1963.02,        1.57,        6.71,      133.25,        8.79,        6.10,        6.16,        3.47,        0.88,        2.61,           0,           0,           0,           0,           0,           0
        21,        23,       74.46,       21.55,           0,        4.65,        0.68,           0,           0,       19.56,       13.50,           0,           0,           0,        5.95,        8.60,           0,           0,           0,        0.68,        4.65,       33.04,           0,        4.65,       27.90,        6.53,       20.17,        0.61,           0,        0.68,        4.36,        0.20,        0.01,        0.70,           0,           0,        8.49,           0,           0,        0.11,           0,           0,           0,           0,           0,           0,           0,           0,           0,           0,           0,           0
        21,        24,       91.74,        0.27,           0,        1.89,           0,           0,           0,        0.32,        0.62,           0,           0,           0,       88.59,        0.05,           0,           0,           0,           0,        1.89,        0.94,           0,        1.89,        0.27,           0,        0.32,           0,       88.57,           0,        0.02,           0,           0,           0,           0,           0,        0.05,           0,           0,           0,           0,           0,           0,           0,           0,           0,           0,           0,           0,           0,           0,           0
        21,        25,     1093.37,      127.93,       66.72,      305.43,           0,           0,           0,      169.78,      204.52,           0,           0,           0,      177.64,       41.44,           0,           0,           0,           0,      372.10,      374.27,           0,      305.43,      143.13,       15.17,      181.80,       12.04,      135.80,        6.32,       22.03,        3.89,        2.33,        7.27,        0.02,           0,       38.84,        0.01,        0.11,        2.46,           0,           0,           0,           0,           0,           0,           0,           0,           0,           0,           0,           0
        21,        26,        0.35,           0,           0,           0,           0,           0,           0,        0.01,        0.01,           0,           0,           0,        0.33,           0,           0,           0,           0,           0,           0,        0.02,           0,           0,           0,           0,        0.01,           0,        0.33,           0,           0,           0,           0,           0,           0,           0,           0,           0,           0,           0,           0,           0,           0,           0,           0,           0,           0,           0,           0,           0,           0,           0
        21,        27,     6575.01,           0,           0,           0,           0,           0,           0,           0,           0,     4967.04,           0,           0,           0,           0,           0,      840.03,      769.09,           0,           0,           0,           0,           0,           0,           0,           0,           0,           0,           0,           0,           0,           0,           0,           0,           0,           0,           0,           0,           0,           0,           0,           0,           0,           0,           0,      840.03,           0,           0,      769.09,           0,           0
        22,         1,        0.84,           0,           0,           0,           0,           0,           0,           0,           0,           0,           0,           0,           0,           0,        0.84,           0,           0,           0,           0,           0,           0,           0,           0,           0,           0,           0,           0,           0,           0,           0,           0,           0,           0,           0,           0,           0,           0,           0,           0,           0,           0,        0.45,        0.39,           0,           0,           0,           0,           0,           0,           0
        22,         2,           0,           0,           0,           0,           0,           0,           0,           0,           0,           0,           0,           0,           0,           0,           0,           0,           0,           0,           0,           0,           0,           0,           0,           0,           0,           0,           0,           0,           0,           0,           0,           0,           0,           0,           0,           0,           0,           0,           0,           0,           0,           0,           0,           0,           0,           0,           0,           0,           0,           0
        22,         3,           0,           0,           0,           0,           0,           0,           0,           0,           0,           0,           0,           0,           0,           0,           0,           0,           0,           0,           0,           0,           0,           0,           0,           0,           0,           0,           0,           0,           0,           0,           0,           0,           0,           0,           0,           0,           0,           0,           0,           0,           0,           0,           0,           0,           0,           0,           0,           0,           0,           0
        22,         4,       16.71,        0.19,           0,           0,           0,           0,           0,           0,           0,           0,           0,           0,        0.28,        0.28,       15.96,           0,           0,           0,           0,           0,           0,           0,        0.19,           0,           0,           0,           0,           0,           0,        0.28,           0,           0,           0,           0,        0.28,           0,           0,           0,           0,        0.60,        3.47,        2.86,        3.65,        5.39,           0,           0,           0,           0,           0,           0
        22,         5,      117.78,        2.04,           0,           0,           0,           0,       99.00,           0,           0,           0,           0,           0,        1.39,        1.81,       13.56,           0,           0,           0,           0,           0,           0,           0,        2.05,           0,           0,           0,           0,           0,        0.03,        1.36,           0,           0,           0,           0,        1.81,           0,           0,           0,           0,        0.51,        7.11,        0.98,        1.36,        3.59,           0,           0,           0,           0,           0,           0
        22,         6,           0,           0,           0,           0,           0,           0,           0,           0,           0,           0,           0,           0,           0,           0,           0,           0,           0,           0,           0,           0,           0,           0,           0,           0,           0,           0,           0,           0,           0,           0,           0,           0,           0,           0,           0,           0,           0,           0,           0,           0,           0,           0,           0,           0,           0,           0,           0,           0,           0,           0
        22,         7,           0,           0,           0,           0,           0,           0,           0,           0,           0,           0,           0,           0,           0,           0,           0,           0,           0,           0,           0,           0,           0,           0,           0,           0,           0,           0,           0,           0,           0,           0,           0,           0,           0,           0,           0,           0,           0,           0,           0,           0,           0,           0,           0,           0,           0,           0,           0,           0,           0,           0
        22,         8,      148.41,       75.69,           0,        0.18,           0,           0,       15.00,        0.20,           0,           0,           0,           0,       14.02,       36.99,        6.75,           0,           0,           0,        0.18,        0.20,           0,        0.18,       79.32,        5.33,        0.20,           0,           0,           0,        5.39,        7.24,        0.41,        1.02,           0,        0.02,       31.94,           0,        0.60,        4.59,           0,        0.72,        2.60,        0.76,        0.96,        1.71,           0,           0,           0,           0,           0,           0
        22,         9,      825.77,      423.41,        0.36,      136.17,           0,           0,           0,       38.77,       20.74,           0,           0,           0,       55.74,      145.34,        8.15,           0,           0,           0,      136.53,       59.13,           0,      136.17,      471.04,       50.73,       39.15,        0.59,           0,        1.34,       32.34,       13.88,        2.37,        5.87,           0,        0.61,      116.98,        0.05,        2.28,       25.50,           0,        1.59,        4.16,        0.71,        0.58,        1.11,           0,           0,           0,           0,           0,           0
        22,        10,           0,           0,           0,           0,           0,           0,           0,           0,           0,           0,           0,           0,           0,           0,           0,           0,           0,           0,           0,           0,           0,           0,           0,           0,           0,           0,           0,           0,           0,           0,           0,           0,           0,           0,           0,           0,           0,           0,           0,           0,           0,           0,           0,           0,           0,           0,           0,           0,           0,           0
        22,        11,     1007.56,      643.46,        6.43,      236.81,           0,           0,           0,       32.29,       15.24,           0,           0,           0,       51.02,       20.84,        3.75,           0,           0,           0,      243.10,       47.26,           0,      236.81,      719.91,       76.57,       33.11,        1.05,           0,        2.66,       26.53,       10.28,        3.08,        8.49,           0,        4.33,       15.47,        0.63,        0.07,        0.34,           0,        0.82,        1.34,        0.46,        0.49,        0.64,           0,           0,           0,           0,           0,           0
        22,        12,     5385.33,     2497.18,       34.29,     2063.46,        0.15,           0,           0,      234.03,      191.20,           0,           0,           0,      270.35,       90.32,       12.50,           0,           0,        0.15,     2096.90,      424.24,      566.00,     1497.46,     2834.37,      338.80,      240.13,        6.51,           0,       17.46,      142.90,       49.67,       17.15,       43.37,        0.04,       17.65,       69.79,        1.96,        0.14,        0.78,        0.10,        2.96,        4.64,        1.54,        1.35,        1.91,           0,           0,           0,           0,           0,           0
        22,        13,     1781.54,      897.45,       18.57,      670.19,           0,           0,        3.00,       63.33,       55.09,           0,           0,           0,       64.47,       12.02,        0.29,           0,           0,           0,      687.94,      117.95,           0,      670.19,     1076.33,      178.91,       64.25,        1.10,           0,        2.50,       37.81,       12.85,        4.11,        7.22,           0,        1.50,       10.47,        0.03,           0,        0.02,           0,        0.01,        0.27,           0,           0,        0.01,           0,           0,           0,           0,           0,           0
        22,        14,     6398.06,     3001.95,       77.25,     2260.90,        0.11,           0,      202.00,      303.36,      264.38,           0,           0,           0,      229.13,       63.92,        2.81,           0,           0,        0.11,     2336.89,      565.91,           0,     2260.90,     3410.76,      406.82,      315.95,       13.61,           0,       22.42,      128.98,       42.01,        7.31,       29.04,        0.29,       11.29,       51.32,        0.50,           0,        0.54,        0.01,        0.44,        2.06,        0.06,        0.02,        0.22,           0,           0,           0,           0,           0,           0
        22,        15,      593.39,      191.17,        0.62,      213.87,        3.27,           0,           0,       62.79,       58.79,           0,           0,           0,       47.55,       14.81,        0.82,           0,           0,        3.27,      214.49,      121.44,           0,      213.87,      206.68,       15.74,       63.49,        0.84,           0,        3.17,       31.17,        6.12,        1.65,        5.43,           0,        5.90,        8.47,        0.41,           0,        0.03,        0.09,        0.15,        0.18,        0.08,        0.02,        0.30,           0,           0,           0,           0,           0,           0
        22,        16,     4701.09,     1739.65,      110.36,     1590.09,       13.54,        0.44,           0,      424.62,      424.86,           0,           0,           0,      314.56,       81.06,        6.77,           0,           0,       13.98,     1700.26,      848.34,           0,     1590.09,     2010.90,      273.91,      439.77,       15.71,           0,       25.72,      182.96,       49.38,       14.06,       42.45,        0.80,       15.80,       63.26,        0.81,           0,        0.39,        2.64,        0.86,        2.22,        0.73,        0.10,        0.22,           0,           0,           0,           0,           0,           0
        22,        17,     4248.72,     1432.39,      105.24,     1659.80,        4.46,        0.60,           0,      359.02,      369.71,           0,           0,           0,      261.76,       57.59,        2.82,           0,           0,        5.06,     1764.82,      727.63,           0,     1659.80,     1666.69,      235.33,      370.43,       12.22,           0,       21.03,      155.10,       40.98,       11.22,       33.44,        0.62,        9.24,       47.02,        0.42,           0,        0.29,        1.48,        0.09,        1.12,        0.08,        0.01,        0.04,           0,           0,           0,           0,           0,           0
        22,        18,       69.52,       26.49,        5.50,       16.71,           0,           0,           0,        8.59,        5.22,           0,           0,           0,        6.19,        0.94,           0,           0,           0,           0,       22.17,       13.81,           0,       16.71,       27.77,        1.29,        8.70,        0.12,           0,        0.33,        3.25,        1.22,        0.59,        0.80,           0,           0,        0.93,        0.01,           0,           0,           0,           0,           0,           0,           0,           0,           0,           0,           0,           0,           0,           0
        22,        19,      266.32,       78.78,           0,       55.65,        3.81,        0.35,           0,       37.07,       32.07,           0,           0,           0,       19.87,       39.08,        0.13,           0,           0,        4.16,       55.65,       68.96,           0,       55.65,       90.38,       12.90,       37.29,        0.24,           0,        1.23,       15.08,        1.56,        0.12,        1.88,           0,           0,       37.91,           0,           0,        1.17,        0.02,        0.07,           0,        0.04,           0,           0,           0,           0,           0,           0,           0,           0
        22,        20,    18219.64,     7650.13,      342.81,     4403.26,       93.20,       74.99,           0,     1771.29,     1981.87,           0,           0,           0,      767.26,     1136.19,       10.86,           0,           0,      168.19,     4745.93,     3751.39,           0,     4403.26,     9195.35,     1564.27,     1896.44,      125.54,        1.58,       79.14,      435.24,       98.27,       30.25,      122.78,        2.02,        0.16,     1057.43,        0.05,        2.19,       74.34,        2.44,        4.06,        0.67,        2.62,        0.46,        0.60,           0,           0,           0,           0,           0,           0
        22,        21,    92121.95,    29196.16,     1600.61,    37450.07,      238.91,      197.32,     3462.00,     6258.16,     9182.52,           0,           0,           0,     2315.68,     2245.67,       31.98,           0,           0,      436.15,    39042.67,    15431.54,      235.00,    37215.07,    34400.48,     5217.82,     6952.26,      698.02,      177.33,      347.00,     1117.53,      222.82,       71.56,      381.15,        9.91,        5.44,     2078.67,        1.59,        7.10,      143.12,       11.87,        6.68,        6.35,        3.50,        0.90,        2.67,           0,           0,           0,           0,           0,           0
        22,        22,   582318.84,    53668.78,    51090.62,   260951.40,    25090.61,    25773.43,           0,    29373.23,    77157.14,           0,           0,           0,    50104.93,     8942.95,      206.83,           0,           0,    50863.74,   312031.95,   106520.47,           0,   260951.40,    63581.35,     9910.10,    32060.17,     2689.68,    39392.39,     1899.37,     5353.36,      949.33,      376.49,     2135.77,       60.29,       48.53,     8174.83,       12.97,       36.13,      610.22,       32.66,       49.08,       64.83,       21.68,       10.70,       27.89,           0,           0,           0,           0,           0,           0
        22,        23,      767.01,      281.29,        1.13,      289.08,       42.73,           0,           0,       48.63,       70.07,           0,           0,           0,       21.11,       13.14,           0,           0,           0,       42.73,      290.21,      118.70,           0,      289.08,      371.02,       90.37,       50.52,        1.89,        7.79,        1.70,        9.26,        0.39,           0,        1.97,           0,           0,       12.98,           0,           0,        0.16,           0,           0,           0,           0,           0,           0,           0,           0,           0,           0,           0,           0
        22,        24,       17.66,        0.06,           0,        0.78,           0,           0,           0,        0.02,        0.07,           0,           0,           0,       16.73,           0,           0,           0,           0,           0,        0.78,        0.09,           0,        0.78,        0.06,           0,        0.02,           0,       16.73,           0,           0,           0,           0,           0,           0,           0,           0,           0,           0,           0,           0,           0,           0,           0,           0,           0,           0,           0,           0,           0,           0,           0
        22,        25,     1511.94,       88.30,       70.48,      899.93,           0,           0,           0,       85.21,      177.47,           0,           0,           0,      164.60,       26.37,           0,           0,           0,           0,      970.33,      262.61,           0,      899.93,       97.83,        9.74,       87.83,        2.68,      137.30,        3.90,       15.64,        1.92,        0.92,        4.92,           0,           0,       24.85,           0,        0.04,        1.48,           0,           0,           0,           0,           0,           0,           0,           0,           0,           0,           0,           0
        22,        26,        3.83,           0,           0,        1.06,           0,           0,           0,           0,        0.05,           0,           0,           0,        2.72,           0,           0,           0,           0,           0,        1.06,        0.05,           0,        1.06,           0,           0,           0,           0,        2.72,           0,           0,           0,           0,           0,           0,           0,           0,           0,           0,           0,           0,           0,           0,           0,           0,           0,           0,           0,           0,           0,           0,           0
        22,        27,     6577.26,           0,           0,           0,           0,           0,           0,           0,           0,     5289.63,           0,           0,           0,           0,           0,      386.48,      902.15,           0,           0,           0,           0,           0,           0,           0,           0,           0,           0,           0,           0,           0,           0,           0,           0,           0,           0,           0,           0,           0,           0,           0,           0,           0,           0,           0,      386.48,           0,           0,      902.15,           0,           0
        23,         1,           0,           0,           0,           0,           0,           0,           0,           0,           0,           0,           0,           0,           0,           0,           0,           0,           0,           0,           0,           0,           0,           0,           0,           0,           0,           0,           0,           0,           0,           0,           0,           0,           0,           0,           0,           0,           0,           0,           0,           0,           0,           0,           0,           0,           0,           0,           0,           0,           0,           0
        23,         2,           0,           0,           0,           0,           0,           0,           0,           0,           0,           0,           0,           0,           0,           0,           0,           0,           0,           0,           0,           0,           0,           0,           0,           0,           0,           0,           0,           0,           0,           0,           0,           0,           0,           0,           0,           0,           0,           0,           0,           0,           0,           0,           0,           0,           0,           0,           0,           0,           0,           0
        23,         3,           0,           0,           0,           0,           0,           0,           0,           0,           0,           0,           0,           0,           0,           0,           0,           0,           0,           0,           0,           0,           0,           0,           0,           0,           0,           0,           0,           0,           0,           0,           0,           0,           0,           0,           0,           0,           0,           0,           0,           0,           0,           0,           0,           0,           0,           0,           0,           0,           0,           0
        23,         4,           0,           0,           0,           0,           0,           0,           0,           0,           0,           0,           0,           0,           0,           0,           0,           0,           0,           0,           0,           0,           0,           0,           0,           0,           0,           0,           0,           0,           0,           0,           0,           0,           0,           0,           0,           0,           0,           0,           0,           0,           0,           0,           0,           0,           0,           0,           0,           0,           0,           0
        23,         5,           0,           0,           0,           0,           0,           0,           0,           0,           0,           0,           0,           0,           0,           0,           0,           0,           0,           0,           0,           0,           0,           0,           0,           0,           0,           0,           0,           0,           0,           0,           0,           0,           0,           0,           0,           0,           0,           0,           0,           0,           0,           0,           0,           0,           0,           0,           0,           0,           0,           0
        23,         6,           0,           0,           0,           0,           0,           0,           0,           0,           0,           0,           0,           0,           0,           0,           0,           0,           0,           0,           0,           0,           0,           0,           0,           0,           0,           0,           0,           0,           0,           0,           0,           0,           0,           0,           0,           0,           0,           0,           0,           0,           0,           0,           0,           0,           0,           0,           0,           0,           0,           0
        23,         7,           0,           0,           0,           0,           0,           0,           0,           0,           0,           0,           0,           0,           0,           0,           0,           0,           0,           0,           0,           0,           0,           0,           0,           0,           0,           0,           0,           0,           0,           0,           0,           0,           0,           0,           0,           0,           0,           0,           0,           0,           0,           0,           0,           0,           0,           0,           0,           0,           0,           0
        23,         8,           0,           0,           0,           0,           0,           0,           0,           0,           0,           0,           0,           0,           0,           0,           0,           0,           0,           0,           0,           0,           0,           0,           0,           0,           0,           0,           0,           0,           0,           0,           0,           0,           0,           0,           0,           0,           0,           0,           0,           0,           0,           0,           0,           0,           0,           0,           0,           0,           0,           0
        23,         9,        4.69,        3.68,        0.04,        0.97,           0,           0,           0,           0,           0,           0,           0,           0,           0,           0,           0,           0,           0,           0,        1.01,           0,           0,        0.97,        3.74,        0.15,           0,           0,           0,           0,           0,           0,           0,           0,           0,           0,           0,           0,           0,           0,           0,           0,           0,           0,           0,           0,           0,           0,           0,           0,           0,           0
        23,        10,           0,           0,           0,           0,           0,           0,           0,           0,           0,           0,           0,           0,           0,           0,           0,           0,           0,           0,           0,           0,           0,           0,           0,           0,           0,           0,           0,           0,           0,           0,           0,           0,           0,           0,           0,           0,           0,           0,           0,           0,           0,           0,           0,           0,           0,           0,           0,           0,           0,           0
        23,        11,       16.56,       10.60,        0.30,        5.62,           0,           0,           0,        0.01,        0.02,           0,           0,           0,        0.03,        0.02,           0,           0,           0,           0,        5.91,        0.03,           0,        5.62,       11.63,        1.13,        0.01,           0,           0,           0,        0.02,        0.01,           0,           0,           0,           0,        0.02,           0,           0,           0,           0,           0,           0,           0,           0,           0,           0,           0,           0,           0,           0,           0
        23,        12,      107.91,       47.23,        4.52,       55.63,        0.08,           0,           0,        0.46,        0.38,           0,           0,           0,        0.38,        0.07,           0,           0,           0,        0.08,       60.02,        0.83,        8.00,       47.63,       52.56,        5.83,        0.46,           0,           0,           0,        0.31,        0.03,           0,        0.04,           0,           0,        0.07,           0,           0,           0,           0,           0,           0,           0,           0,           0,           0,           0,           0,           0,           0,           0
        23,        13,       26.54,       15.49,        0.85,        9.50,           0,           0,        1.00,        0.03,        0.04,           0,           0,           0,        0.04,           0,           0,           0,           0,           0,       10.30,        0.07,           0,        9.50,       17.86,        2.68,        0.03,           0,           0,           0,        0.04,           0,           0,           0,           0,           0,           0,           0,           0,           0,           0,           0,           0,           0,           0,           0,           0,           0,           0,           0,           0,           0
        23,        14,      118.77,       49.26,       11.14,       58.15,        0.05,           0,           0,        0.53,        0.41,           0,           0,           0,        0.18,        0.04,           0,           0,           0,        0.05,       68.86,        0.92,           0,       58.15,       54.39,        5.38,        0.53,        0.01,           0,        0.02,        0.08,        0.06,           0,        0.02,           0,           0,        0.04,           0,           0,           0,           0,           0,           0,           0,           0,           0,           0,           0,           0,           0,           0,           0
        23,        15,       27.22,        5.91,        0.58,       18.33,        0.78,           0,           0,        0.55,        0.90,           0,           0,           0,        0.17,        0.03,           0,           0,           0,        0.78,       18.91,        1.45,           0,       18.33,        6.36,        0.46,        0.55,           0,           0,           0,        0.16,           0,           0,        0.01,           0,        0.01,        0.02,           0,           0,           0,           0,           0,           0,           0,           0,           0,           0,           0,           0,           0,           0,           0
        23,        16,      196.35,       43.23,       35.26,      105.21,        1.96,        0.03,           0,        3.75,        5.64,           0,           0,           0,        1.33,        0.14,           0,           0,           0,        1.99,      140.33,        9.38,           0,      105.21,       49.60,        6.33,        3.75,        0.01,        0.04,           0,        1.16,        0.03,           0,        0.10,           0,           0,        0.14,           0,           0,           0,           0,           0,           0,           0,           0,           0,           0,           0,           0,           0,           0,           0
        23,        17,      154.84,       31.49,       28.88,       87.94,        0.51,           0,           0,        2.25,        3.19,           0,           0,           0,        0.88,        0.07,           0,           0,           0,        0.51,      116.56,        5.44,           0,       87.94,       36.19,        4.65,        2.25,           0,           0,        0.02,        0.78,        0.02,           0,        0.06,           0,           0,        0.07,           0,           0,           0,           0,           0,           0,           0,           0,           0,           0,           0,           0,           0,           0,           0
        23,        18,        0.79,        0.39,        0.16,        0.22,           0,           0,           0,        0.01,        0.01,           0,           0,           0,           0,           0,           0,           0,           0,           0,        0.38,        0.02,           0,        0.22,        0.40,        0.01,        0.01,           0,           0,           0,           0,           0,           0,           0,           0,           0,           0,           0,           0,           0,           0,           0,           0,           0,           0,           0,           0,           0,           0,           0,           0,           0
        23,        19,       26.93,        3.14,           0,        6.77,        0.86,        1.43,           0,        0.54,        0.83,           0,           0,           0,       13.06,        0.30,           0,           0,           0,        2.29,        6.77,        1.37,           0,        6.77,        3.64,        0.54,        0.54,           0,       12.90,           0,        0.16,           0,           0,           0,           0,           0,        0.30,           0,           0,           0,           0,           0,           0,           0,           0,           0,           0,           0,           0,           0,           0,           0
        23,        20,      437.42,       69.76,       95.97,      155.40,        9.07,        9.10,           0,       11.61,       18.17,           0,           0,           0,       61.68,        6.66,           0,           0,           0,       18.17,      251.38,       29.77,           0,      155.40,       83.29,       13.59,       11.80,        0.18,       58.91,        0.16,        2.40,        0.06,           0,        0.15,           0,           0,        6.61,           0,           0,        0.05,           0,           0,           0,           0,           0,           0,           0,           0,           0,           0,           0,           0
        23,        21,      844.89,      193.74,      114.61,      437.22,        2.54,       14.63,       11.00,       24.40,       30.84,           0,           0,           0,        6.33,        9.47,           0,           0,           0,       17.17,      551.91,       55.23,           0,      437.22,      227.59,       33.81,       26.40,        2.00,           0,        0.85,        4.54,        0.20,        0.01,        0.73,           0,           0,        9.33,           0,           0,        0.14,           0,           0,           0,           0,           0,           0,           0,           0,           0,           0,           0,           0
        23,        22,     1995.84,      353.89,      226.07,      817.68,       12.49,      305.80,           0,       47.77,       92.40,           0,           0,           0,      126.42,       12.94,           0,           0,           0,      318.29,     1043.80,      140.17,           0,      817.68,      429.25,       74.91,       50.23,        2.44,      114.01,        1.56,        8.72,        0.38,           0,        1.75,           0,           0,       12.79,           0,           0,        0.15,           0,           0,           0,           0,           0,           0,           0,           0,           0,           0,           0,           0
        23,        23,     3746.05,      202.38,       55.31,     1771.25,      294.90,           0,           0,       52.63,      185.30,           0,           0,           0,     1175.81,        8.41,           0,           0,           0,      294.90,     1826.54,      237.94,           0,     1771.25,      268.34,       65.93,       55.26,        2.61,     1158.01,        3.66,        9.78,        0.49,        0.01,        3.86,           0,           0,        8.28,           0,           0,        0.13,           0,           0,           0,           0,           0,           0,           0,           0,           0,           0,           0,           0
        23,        24,        8.05,        0.06,           0,        0.06,           0,           0,           0,           0,           0,           0,           0,           0,        7.93,           0,           0,           0,           0,           0,        0.06,           0,           0,        0.06,        0.06,           0,           0,           0,        7.93,           0,           0,           0,           0,           0,           0,           0,           0,           0,           0,           0,           0,           0,           0,           0,           0,           0,           0,           0,           0,           0,           0,           0
        23,        25,       49.03,        1.24,       16.88,       24.72,           0,           0,           0,        0.83,        2.28,           0,           0,           0,        2.89,        0.19,           0,           0,           0,           0,       41.60,        3.11,           0,       24.72,        1.35,        0.11,        0.84,        0.01,        2.68,        0.02,        0.15,           0,           0,        0.04,           0,           0,        0.19,           0,           0,           0,           0,           0,           0,           0,           0,           0,           0,           0,           0,           0,           0,           0
        23,        26,       52.93,           0,           0,        2.11,           0,           0,           0,           0,        0.10,           0,           0,           0,       50.72,           0,           0,           0,           0,           0,        2.11,        0.10,           0,        2.11,           0,           0,           0,           0,       50.72,           0,           0,           0,           0,           0,           0,           0,           0,           0,           0,           0,           0,           0,           0,           0,           0,           0,           0,           0,           0,           0,           0,           0
        23,        27,       46.08,           0,           0,           0,           0,           0,           0,           0,           0,       44.00,           0,           0,           0,           0,           0,        1.09,        1.00,           0,           0,           0,           0,           0,           0,           0,           0,           0,           0,           0,           0,           0,           0,           0,           0,           0,           0,           0,           0,           0,           0,           0,           0,           0,           0,           0,        1.09,           0,           0,        1.00,           0,           0
        24,         1,           0,           0,           0,           0,           0,           0,           0,           0,           0,           0,           0,           0,           0,           0,           0,           0,           0,           0,           0,           0,           0,           0,           0,           0,           0,           0,           0,           0,           0,           0,           0,           0,           0,           0,           0,           0,           0,           0,           0,           0,           0,           0,           0,           0,           0,           0,           0,           0,           0,           0
        24,         2,           0,           0,           0,           0,           0,           0,           0,           0,           0,           0,           0,           0,           0,           0,           0,           0,           0,           0,           0,           0,           0,           0,           0,           0,           0,           0,           0,           0,           0,           0,           0,           0,           0,           0,           0,           0,           0,           0,           0,           0,           0,           0,           0,           0,           0,           0,           0,           0,           0,           0
        24,         3,           0,           0,           0,           0,           0,           0,           0,           0,           0,           0,           0,           0,           0,           0,           0,           0,           0,           0,           0,           0,           0,           0,           0,           0,           0,           0,           0,           0,           0,           0,           0,           0,           0,           0,           0,           0,           0,           0,           0,           0,           0,           0,           0,           0,           0,           0,           0,           0,           0,           0
        24,         4,        0.10,        0.06,           0,           0,           0,           0,           0,           0,           0,           0,           0,           0,           0,           0,        0.04,           0,           0,           0,           0,           0,           0,           0,        0.06,           0,           0,           0,           0,           0,           0,           0,           0,           0,           0,           0,           0,           0,           0,           0,           0,           0,           0,           0,           0,        0.04,           0,           0,           0,           0,           0,           0
        24,         5,        0.14,        0.08,           0,        0.05,           0,           0,           0,           0,           0,           0,           0,           0,           0,           0,        0.01,           0,           0,           0,        0.05,           0,           0,        0.05,        0.08,           0,           0,           0,           0,           0,           0,           0,           0,           0,           0,           0,           0,           0,           0,           0,           0,           0,           0,           0,           0,        0.01,           0,           0,           0,           0,           0,           0
        24,         6,           0,           0,           0,           0,           0,           0,           0,           0,           0,           0,           0,           0,           0,           0,           0,           0,           0,           0,           0,           0,           0,           0,           0,           0,           0,           0,           0,           0,           0,           0,           0,           0,           0,           0,           0,           0,           0,           0,           0,           0,           0,           0,           0,           0,           0,           0,           0,           0,           0,           0
        24,         7,           0,           0,           0,           0,           0,           0,           0,           0,           0,           0,           0,           0,           0,           0,           0,           0,           0,           0,           0,           0,           0,           0,           0,           0,           0,           0,           0,           0,           0,           0,           0,           0,           0,           0,           0,           0,           0,           0,           0,           0,           0,           0,           0,           0,           0,           0,           0,           0,           0,           0
        24,         8,        0.48,        0.28,           0,        0.20,           0,           0,           0,           0,           0,           0,           0,           0,           0,           0,           0,           0,           0,           0,        0.20,           0,           0,        0.20,        0.30,        0.02,           0,           0,           0,           0,           0,           0,           0,           0,           0,           0,           0,           0,           0,           0,           0,           0,           0,           0,           0,           0,           0,           0,           0,           0,           0,           0
        24,         9,        1.11,        0.46,           0,        0.65,           0,           0,           0,           0,           0,           0,           0,           0,           0,           0,           0,           0,           0,           0,        0.65,           0,           0,        0.65,        0.46,           0,           0,           0,           0,           0,           0,           0,           0,           0,           0,           0,           0,           0,           0,           0,           0,           0,           0,           0,           0,           0,           0,           0,           0,           0,           0,           0
        24,        10,           0,           0,           0,           0,           0,           0,           0,           0,           0,           0,           0,           0,           0,           0,           0,           0,           0,           0,           0,           0,           0,           0,           0,           0,           0,           0,           0,           0,           0,           0,           0,           0,           0,           0,           0,           0,           0,           0,           0,           0,           0,           0,           0,           0,           0,           0,           0,           0,           0,           0
        24,        11,        1.83,        0.85,        0.04,        0.89,           0,           0,           0,        0.01,        0.01,           0,           0,           0,           0,        0.03,           0,           0,           0,           0,        0.93,        0.02,           0,        0.89,        0.95,        0.09,        0.01,           0,           0,           0,           0,           0,           0,           0,           0,        0.03,           0,           0,           0,           0,           0,           0,           0,           0,           0,           0,           0,           0,           0,           0,           0,           0
        24,        12,       12.24,        5.21,        0.02,        6.37,        0.01,        0.10,           0,        0.10,        0.21,           0,           0,           0,        0.15,        0.11,        0.01,           0,           0,        0.11,        6.39,        0.31,           0,        6.37,        5.73,        0.60,        0.10,           0,        0.13,           0,        0.01,           0,           0,        0.01,           0,        0.09,        0.01,        0.01,           0,           0,           0,           0,           0,           0,           0,        0.01,           0,           0,           0,           0,           0,           0
        24,        13,        4.30,        1.71,        0.04,        2.51,           0,           0,           0,        0.02,        0.04,           0,           0,           0,           0,           0,           0,           0,           0,           0,        2.55,        0.06,           0,        2.51,        1.93,        0.28,        0.02,           0,           0,           0,           0,           0,           0,           0,           0,           0,           0,           0,           0,           0,           0,           0,           0,           0,           0,           0,           0,           0,           0,           0,           0,           0
        24,        14,       17.11,        6.37,        0.10,        9.80,           0,        0.19,           0,        0.10,        0.27,           0,           0,           0,        0.25,        0.06,           0,           0,           0,        0.19,        9.90,        0.37,           0,        9.80,        7.03,        0.70,        0.11,        0.01,        0.22,        0.01,        0.02,           0,           0,           0,           0,        0.05,        0.01,           0,           0,           0,           0,           0,           0,           0,           0,           0,           0,           0,           0,           0,           0,           0
        24,        15,        3.28,        0.65,           0,        1.40,        0.07,        0.11,           0,        0.02,        0.09,           0,           0,           0,        0.89,        0.05,           0,           0,           0,        0.18,        1.40,        0.11,           0,        1.40,        0.71,        0.06,        0.02,           0,        0.89,           0,           0,           0,           0,           0,           0,        0.05,           0,           0,           0,           0,           0,           0,           0,           0,           0,           0,           0,           0,           0,           0,           0,           0
        24,        16,       33.19,        8.58,        0.82,       15.87,        0.39,        0.87,           0,        0.46,        1.18,           0,           0,           0,        4.94,        0.08,           0,           0,           0,        1.26,       16.69,        1.64,           0,       15.87,       10.02,        1.45,        0.46,           0,        4.94,           0,           0,           0,           0,           0,           0,        0.08,           0,           0,           0,           0,           0,           0,           0,           0,           0,           0,           0,           0,           0,           0,           0,           0
        24,        17,       38.55,        7.10,        0.83,       20.69,        0.14,        0.77,           0,        0.42,        1.32,           0,           0,           0,        7.26,        0.03,           0,           0,           0,        0.91,       21.52,        1.74,           0,       20.69,        8.28,        1.17,        0.42,           0,        7.20,           0,        0.06,           0,           0,           0,           0,        0.03,           0,           0,           0,           0,           0,           0,           0,           0,           0,           0,           0,           0,           0,           0,           0,           0
        24,        18,        0.19,        0.05,        0.02,        0.09,           0,           0,           0,        0.01,        0.01,           0,           0,           0,        0.01,           0,           0,           0,           0,           0,        0.11,        0.02,           0,        0.09,        0.05,           0,        0.01,           0,        0.01,           0,           0,           0,           0,           0,           0,           0,           0,           0,           0,           0,           0,           0,           0,           0,           0,           0,           0,           0,           0,           0,           0,           0
        24,        19,        4.03,        0.16,           0,        0.32,        0.03,        0.08,           0,           0,        0.01,           0,           0,           0,        3.44,           0,           0,           0,           0,        0.11,        0.32,        0.01,           0,        0.32,        0.17,        0.01,           0,           0,        3.44,           0,           0,           0,           0,           0,           0,           0,           0,           0,           0,           0,           0,           0,           0,           0,           0,           0,           0,           0,           0,           0,           0,           0
        24,        20,      259.50,       18.29,       23.38,       85.67,        9.58,        8.46,           0,        1.94,        7.98,           0,           0,           0,      103.71,        0.69,           0,           0,           0,       18.04,      109.09,        9.92,           0,       85.67,       22.33,        4.02,        2.01,        0.07,      103.12,        0.05,        0.46,           0,           0,        0.07,           0,           0,        0.69,           0,           0,           0,           0,           0,           0,           0,           0,           0,           0,           0,           0,           0,           0,           0
        24,        21,       97.03,        4.83,        0.22,        7.90,        0.06,        0.16,           0,        0.28,        0.62,           0,           0,           0,       82.89,        0.08,           0,           0,           0,        0.22,        8.12,        0.90,           0,        7.90,        5.62,        0.80,        0.31,        0.03,       82.87,           0,        0.02,           0,           0,           0,           0,           0,        0.08,           0,           0,           0,           0,           0,           0,           0,           0,           0,           0,           0,           0,           0,           0,           0
        24,        22,       56.84,        0.60,        0.01,        0.41,           0,        0.06,           0,        0.01,        0.04,           0,           0,           0,       55.71,           0,           0,           0,           0,        0.06,        0.42,        0.05,           0,        0.41,        0.64,        0.04,        0.01,           0,       55.71,           0,           0,           0,           0,           0,           0,           0,           0,           0,           0,           0,           0,           0,           0,           0,           0,           0,           0,           0,           0,           0,           0,           0
        24,        23,        1.71,           0,           0,           0,           0,           0,           0,           0,           0,           0,           0,           0,        1.71,           0,           0,           0,           0,           0,           0,           0,           0,           0,           0,           0,           0,           0,        1.71,           0,           0,           0,           0,           0,           0,           0,           0,           0,           0,           0,           0,           0,           0,           0,           0,           0,           0,           0,           0,           0,           0,           0
        24,        24,      193.28,           0,           0,        1.54,           0,           0,           0,        0.01,        0.05,           0,           0,           0,      191.68,           0,           0,           0,           0,           0,        1.54,        0.06,           0,        1.54,           0,           0,        0.01,           0,      191.68,           0,           0,           0,           0,           0,           0,           0,           0,           0,           0,           0,           0,           0,           0,           0,           0,           0,           0,           0,           0,           0,           0,           0
        24,        25,        1.58,        0.01,        0.03,        0.05,           0,           0,           0,           0,        0.01,           0,           0,           0,        1.48,           0,           0,           0,           0,           0,        0.08,        0.01,           0,        0.05,        0.01,           0,           0,           0,        1.48,           0,           0,           0,           0,           0,           0,           0,           0,           0,           0,           0,           0,           0,           0,           0,           0,           0,           0,           0,           0,           0,           0,           0
        24,        26,        0.53,           0,           0,           0,           0,           0,           0,           0,           0,           0,           0,           0,        0.53,           0,           0,           0,           0,           0,           0,           0,           0,           0,           0,           0,           0,           0,        0.53,           0,           0,           0,           0,           0,           0,           0,           0,           0,           0,           0,           0,           0,           0,           0,           0,           0,           0,           0,           0,           0,           0,           0
        24,        27,        1.18,           0,           0,           0,           0,           0,           0,           0,           0,        0.99,           0,           0,           0,           0,           0,        0.19,           0,           0,           0,           0,           0,           0,           0,           0,           0,           0,           0,           0,           0,           0,           0,           0,           0,           0,           0,           0,           0,           0,           0,           0,           0,           0,           0,           0,        0.19,           0,           0,           0,           0,           0
        25,         1,           0,           0,           0,           0,           0,           0,           0,           0,           0,           0,           0,           0,           0,           0,           0,           0,           0,           0,           0,           0,           0,           0,           0,           0,           0,           0,           0,           0,           0,           0,           0,           0,           0,           0,           0,           0,           0,           0,           0,           0,           0,           0,           0,           0,           0,           0,           0,           0,           0,           0
        25,         2,           0,           0,           0,           0,           0,           0,           0,           0,           0,           0,           0,           0,           0,           0,           0,           0,           0,           0,           0,           0,           0,           0,           0,           0,           0,           0,           0,           0,           0,           0,           0,           0,           0,           0,           0,           0,           0,           0,           0,           0,           0,           0,           0,           0,           0,           0,           0,           0,           0,           0
        25,         3,           0,           0,           0,           0,           0,           0,           0,           0,           0,           0,           0,           0,           0,           0,           0,           0,           0,           0,           0,           0,           0,           0,           0,           0,           0,           0,           0,           0,           0,           0,           0,           0,           0,           0,           0,           0,           0,           0,           0,           0,           0,           0,           0,           0,           0,           0,           0,           0,           0,           0
        25,         4,        0.04,           0,           0,           0,           0,           0,           0,           0,           0,           0,           0,           0,           0,           0,        0.04,           0,           0,           0,           0,           0,           0,           0,           0,           0,           0,           0,           0,           0,           0,           0,           0,           0,           0,           0,           0,           0,           0,           0,           0,           0,        0.01,        0.01,           0,        0.02,           0,           0,           0,           0,           0,           0
        25,         5,        0.10,           0,           0,           0,           0,           0,           0,           0,           0,           0,           0,           0,        0.03,           0,        0.07,           0,           0,           0,           0,           0,           0,           0,           0,           0,           0,           0,           0,           0,           0,        0.03,           0,           0,           0,           0,           0,           0,           0,           0,           0,           0,        0.07,           0,           0,           0,           0,           0,           0,           0,           0,           0
        25,         6,           0,           0,           0,           0,           0,           0,           0,           0,           0,           0,           0,           0,           0,           0,           0,           0,           0,           0,           0,           0,           0,           0,           0,           0,           0,           0,           0,           0,           0,           0,           0,           0,           0,           0,           0,           0,           0,           0,           0,           0,           0,           0,           0,           0,           0,           0,           0,           0,           0,           0
        25,         7,           0,           0,           0,           0,           0,           0,           0,           0,           0,           0,           0,           0,           0,           0,           0,           0,           0,           0,           0,           0,           0,           0,           0,           0,           0,           0,           0,           0,           0,           0,           0,           0,           0,           0,           0,           0,           0,           0,           0,           0,           0,           0,           0,           0,           0,           0,           0,           0,           0,           0
        25,         8,        1.24,        0.26,           0,           0,           0,           0,           0,           0,           0,           0,           0,           0,        0.33,        0.65,        0.01,           0,           0,           0,           0,           0,           0,           0,        0.26,           0,           0,           0,           0,           0,        0.08,        0.23,        0.01,        0.01,           0,           0,        0.60,           0,        0.01,        0.04,           0,           0,        0.01,           0,           0,           0,           0,           0,           0,           0,           0,           0
        25,         9,       14.39,        5.20,           0,        1.12,           0,           0,           0,        1.93,        1.18,           0,           0,           0,        1.98,        3.11,        0.01,           0,           0,           0,        1.12,        3.01,           0,        1.12,        5.36,        0.25,        1.96,        0.06,           0,        0.02,        0.94,        0.47,        0.20,        0.35,           0,           0,        2.47,           0,        0.08,        0.57,           0,           0,        0.01,           0,           0,           0,           0,           0,           0,           0,           0,           0
        25,        10,           0,           0,           0,           0,           0,           0,           0,           0,           0,           0,           0,           0,           0,           0,           0,           0,           0,           0,           0,           0,           0,           0,           0,           0,           0,           0,           0,           0,           0,           0,           0,           0,           0,           0,           0,           0,           0,           0,           0,           0,           0,           0,           0,           0,           0,           0,           0,           0,           0,           0
        25,        11,       18.82,       10.61,        0.17,        3.46,           0,           0,           0,        1.58,        1.07,           0,           0,           0,        1.56,        0.42,        0.01,           0,           0,           0,        3.63,        2.61,           0,        3.46,       11.69,        1.10,        1.64,        0.09,           0,        0.08,        0.69,        0.31,        0.16,        0.33,           0,        0.02,        0.37,        0.01,           0,        0.02,           0,           0,        0.01,           0,           0,           0,           0,           0,           0,           0,           0,           0
        25,        12,      137.90,       58.81,        2.52,       43.76,        0.19,           0,           0,       10.27,       11.95,           0,           0,           0,        8.91,        2.05,        0.04,           0,           0,        0.19,       46.20,       22.05,        5.00,       38.76,       66.00,        7.49,       10.86,        0.65,           0,        0.57,        4.01,        1.57,        1.05,        1.71,           0,        0.04,        1.97,        0.01,        0.01,        0.02,           0,        0.01,        0.02,           0,           0,        0.01,           0,           0,           0,           0,           0,           0
        25,        13,       42.44,       20.50,        0.94,       12.31,           0,           0,           0,        2.80,        3.47,           0,           0,           0,        2.19,        0.38,           0,           0,           0,           0,       13.21,        6.20,           0,       12.31,       23.94,        3.61,        2.94,        0.17,           0,        0.09,        0.99,        0.43,        0.34,        0.34,           0,           0,        0.38,           0,           0,           0,           0,           0,           0,           0,           0,           0,           0,           0,           0,           0,           0,           0
        25,        14,      175.50,       67.52,        7.29,       60.73,        0.15,           0,           0,       13.32,       16.49,           0,           0,           0,        8.60,        1.84,        0.01,           0,           0,        0.15,       67.89,       29.74,           0,       60.73,       75.10,        7.85,       14.15,        0.88,           0,        0.62,        4.34,        1.59,        0.70,        1.37,           0,        0.03,        1.78,        0.01,           0,        0.02,           0,           0,        0.01,           0,           0,           0,           0,           0,           0,           0,           0,           0
        25,        15,       27.56,        5.59,        0.21,       11.72,        1.02,           0,           0,        2.82,        3.80,           0,           0,           0,        2.06,        0.38,           0,           0,           0,        1.02,       11.93,        6.62,           0,       11.72,        5.98,        0.40,        2.91,        0.12,        0.01,        0.18,        1.09,        0.27,        0.14,        0.37,           0,        0.02,        0.35,        0.01,           0,           0,           0,           0,           0,           0,           0,           0,           0,           0,           0,           0,           0,           0
        25,        16,      249.54,       56.87,       25.73,      105.44,        4.41,        0.15,           0,       17.61,       25.61,           0,           0,           0,       12.06,        1.98,           0,           0,           0,        4.56,      131.03,       43.13,           0,      105.44,       65.38,        8.49,       18.70,        1.17,        0.60,        1.12,        5.73,        1.61,        1.06,        1.94,           0,        0.02,        1.96,           0,           0,           0,           0,           0,           0,           0,           0,           0,           0,           0,           0,           0,           0,           0
        25,        17,      225.91,       45.54,       24.03,      106.13,        1.87,        0.14,           0,       14.73,       21.93,           0,           0,           0,       10.42,        1.51,           0,           0,           0,        2.01,      130.02,       36.61,           0,      106.13,       52.31,        6.79,       15.55,        0.86,        0.88,        0.97,        4.85,        1.33,        0.83,        1.56,           0,           0,        1.51,           0,           0,           0,           0,           0,           0,           0,           0,           0,           0,           0,           0,           0,           0,           0
        25,        18,        1.81,        0.52,        0.20,        0.27,           0,           0,           0,        0.33,        0.28,           0,           0,           0,        0.19,        0.03,           0,           0,           0,           0,        0.47,        0.60,           0,        0.27,        0.53,        0.01,        0.34,        0.01,           0,        0.01,        0.08,        0.03,        0.04,        0.03,           0,           0,        0.03,           0,           0,           0,           0,           0,           0,           0,           0,           0,           0,           0,           0,           0,           0,           0
        25,        19,       14.05,        2.47,           0,        4.26,        1.48,        0.08,           0,        1.70,        2.17,           0,           0,           0,        0.92,        1.02,           0,           0,           0,        1.56,        4.26,        3.85,           0,        4.26,        2.82,        0.44,        1.73,        0.04,        0.04,        0.08,        0.57,        0.10,        0.01,        0.12,           0,           0,        0.99,           0,           0,        0.03,           0,           0,           0,           0,           0,           0,           0,           0,           0,           0,           0,           0
        25,        20,      942.36,      143.44,      103.90,      244.06,       54.12,       11.67,           0,       74.18,      119.68,           0,           0,           0,      161.00,       30.42,           0,           0,           0,       65.79,      347.97,      193.77,           0,      244.06,      171.67,       28.28,       79.87,        5.74,      135.94,        3.26,       12.47,        3.02,        1.77,        4.54,           0,           0,       28.08,           0,        0.06,        2.28,           0,           0,           0,           0,           0,           0,           0,           0,           0,           0,           0,           0
        25,        21,     2621.09,      457.98,      173.56,     1135.67,       65.11,       38.30,        2.00,      173.24,      293.57,           0,           0,           0,      237.91,       43.63,           0,           0,           0,      103.41,     1309.20,      466.83,        2.00,     1133.67,      539.09,       81.08,      192.04,       18.76,      196.60,        6.50,       21.61,        3.84,        2.25,        7.11,        0.02,           0,       41.00,        0.01,        0.10,        2.50,           0,           0,           0,           0,           0,           0,           0,           0,           0,           0,           0,           0
        25,        22,     3308.90,      457.82,      276.51,     1167.44,      220.51,      309.09,           0,       77.17,      171.36,           0,           0,           0,      603.19,       25.74,           0,           0,           0,      529.60,     1443.97,      248.50,           0,     1167.44,      545.19,       86.94,       82.51,        5.29,      578.59,        3.34,       14.17,        1.87,        0.84,        4.37,           0,           0,       24.33,           0,        0.03,        1.38,           0,           0,           0,           0,           0,           0,           0,           0,           0,           0,           0,           0
        25,        23,       24.29,        7.76,        0.02,        9.69,        3.14,           0,           0,        0.73,        1.56,           0,           0,           0,        1.20,        0.19,           0,           0,           0,        3.14,        9.71,        2.29,           0,        9.69,       10.23,        2.49,        0.76,        0.03,        1.00,        0.02,        0.15,           0,           0,        0.03,           0,           0,        0.19,           0,           0,           0,           0,           0,           0,           0,           0,           0,           0,           0,           0,           0,           0,           0
        25,        24,        2.30,        0.01,           0,        0.05,           0,           0,           0,           0,        0.01,           0,           0,           0,        2.23,           0,           0,           0,           0,           0,        0.05,        0.01,           0,        0.05,        0.01,           0,           0,           0,        2.23,           0,           0,           0,           0,           0,           0,           0,           0,           0,           0,           0,           0,           0,           0,           0,           0,           0,           0,           0,           0,           0,           0,           0
        25,        25,     5640.21,       19.14,      129.80,     1430.21,           0,           0,           0,      153.62,      734.90,           0,           0,           0,     3157.27,       15.17,        0.09,           0,           0,           0,     1560.01,      888.53,           0,     1430.21,       21.49,        2.36,      166.74,       13.10,     3139.22,        3.51,        8.02,        1.04,        1.91,        3.55,        0.01,        0.01,       14.01,        0.01,        0.08,        1.05,        0.01,        0.03,        0.04,           0,           0,        0.01,           0,           0,           0,           0,           0,           0
        25,        26,        0.28,           0,           0,        0.08,           0,           0,           0,           0,        0.01,           0,           0,           0,        0.19,           0,           0,           0,           0,           0,        0.08,        0.01,           0,        0.08,           0,           0,           0,           0,        0.19,           0,           0,           0,           0,           0,           0,           0,           0,           0,           0,           0,           0,           0,           0,           0,           0,           0,           0,           0,           0,           0,           0,           0
        25,        27,       55.67,           0,           0,           0,           0,           0,           0,           0,           0,       50.62,           0,           0,           0,           0,           0,        4.15,        0.90,           0,           0,           0,           0,           0,           0,           0,           0,           0,           0,           0,           0,           0,           0,           0,           0,           0,           0,           0,           0,           0,           0,           0,           0,           0,           0,           0,        4.15,           0,           0,        0.90,           0,           0
        26,         1,           0,           0,           0,           0,           0,           0,           0,           0,           0,           0,           0,           0,           0,           0,           0,           0,           0,           0,           0,           0,           0,           0,           0,           0,           0,           0,           0,           0,           0,           0,           0,           0,           0,           0,           0,           0,           0,           0,           0,           0,           0,           0,           0,           0,           0,           0,           0,           0,           0,           0
        26,         2,           0,           0,           0,           0,           0,           0,           0,           0,           0,           0,           0,           0,           0,           0,           0,           0,           0,           0,           0,           0,           0,           0,           0,           0,           0,           0,           0,           0,           0,           0,           0,           0,           0,           0,           0,           0,           0,           0,           0,           0,           0,           0,           0,           0,           0,           0,           0,           0,           0,           0
        26,         3,           0,           0,           0,           0,           0,           0,           0,           0,           0,           0,           0,           0,           0,           0,           0,           0,           0,           0,           0,           0,           0,           0,           0,           0,           0,           0,           0,           0,           0,           0,           0,           0,           0,           0,           0,           0,           0,           0,           0,           0,           0,           0,           0,           0,           0,           0,           0,           0,           0,           0
        26,         4,           0,           0,           0,           0,           0,           0,           0,           0,           0,           0,           0,           0,           0,           0,           0,           0,           0,           0,           0,           0,           0,           0,           0,           0,           0,           0,           0,           0,           0,           0,           0,           0,           0,           0,           0,           0,           0,           0,           0,           0,           0,           0,           0,           0,           0,           0,           0,           0,           0,           0
        26,         5,           0,           0,           0,           0,           0,           0,           0,           0,           0,           0,           0,           0,           0,           0,           0,           0,           0,           0,           0,           0,           0,           0,           0,           0,           0,           0,           0,           0,           0,           0,           0,           0,           0,           0,           0,           0,           0,           0,           0,           0,           0,           0,           0,           0,           0,           0,           0,           0,           0,           0
        26,         6,           0,           0,           0,           0,           0,           0,           0,           0,           0,           0,           0,           0,           0,           0,           0,           0,           0,           0,           0,           0,           0,           0,           0,           0,           0,           0,           0,           0,           0,           0,           0,           0,           0,           0,           0,           0,           0,           0,           0,           0,           0,           0,           0,           0,           0,           0,           0,           0,           0,           0
        26,         7,           0,           0,           0,           0,           0,           0,           0,           0,           0,           0,           0,           0,           0,           0,           0,           0,           0,           0,           0,           0,           0,           0,           0,           0,           0,           0,           0,           0,           0,           0,           0,           0,           0,           0,           0,           0,           0,           0,           0,           0,           0,           0,           0,           0,           0,           0,           0,           0,           0,           0
        26,         8,           0,           0,           0,           0,           0,           0,           0,           0,           0,           0,           0,           0,           0,           0,           0,           0,           0,           0,           0,           0,           0,           0,           0,           0,           0,           0,           0,           0,           0,           0,           0,           0,           0,           0,           0,           0,           0,           0,           0,           0,           0,           0,           0,           0,           0,           0,           0,           0,           0,           0
        26,         9,           0,           0,           0,           0,           0,           0,           0,           0,           0,           0,           0,           0,           0,           0,           0,           0,           0,           0,           0,           0,           0,           0,           0,           0,           0,           0,           0,           0,           0,           0,           0,           0,           0,           0,           0,           0,           0,           0,           0,           0,           0,           0,           0,           0,           0,           0,           0,           0,           0,           0
        26,        10,           0,           0,           0,           0,           0,           0,           0,           0,           0,           0,           0,           0,           0,           0,           0,           0,           0,           0,           0,           0,           0,           0,           0,           0,           0,           0,           0,           0,           0,           0,           0,           0,           0,           0,           0,           0,           0,           0,           0,           0,           0,           0,           0,           0,           0,           0,           0,           0,           0,           0
        26,        11,           0,           0,           0,           0,           0,           0,           0,           0,           0,           0,           0,           0,           0,           0,           0,           0,           0,           0,           0,           0,           0,           0,           0,           0,           0,           0,           0,           0,           0,           0,           0,           0,           0,           0,           0,           0,           0,           0,           0,           0,           0,           0,           0,           0,           0,           0,           0,           0,           0,           0
        26,        12,        0.03,        0.01,           0,        0.02,           0,           0,           0,           0,           0,           0,           0,           0,           0,           0,           0,           0,           0,           0,        0.02,           0,           0,        0.02,        0.01,           0,           0,           0,           0,           0,           0,           0,           0,           0,           0,           0,           0,           0,           0,           0,           0,           0,           0,           0,           0,           0,           0,           0,           0,           0,           0,           0
        26,        13,           0,           0,           0,           0,           0,           0,           0,           0,           0,           0,           0,           0,           0,           0,           0,           0,           0,           0,           0,           0,           0,           0,           0,           0,           0,           0,           0,           0,           0,           0,           0,           0,           0,           0,           0,           0,           0,           0,           0,           0,           0,           0,           0,           0,           0,           0,           0,           0,           0,           0
        26,        14,        0.03,        0.02,           0,        0.01,           0,           0,           0,           0,           0,           0,           0,           0,           0,           0,           0,           0,           0,           0,        0.01,           0,           0,        0.01,        0.02,           0,           0,           0,           0,           0,           0,           0,           0,           0,           0,           0,           0,           0,           0,           0,           0,           0,           0,           0,           0,           0,           0,           0,           0,           0,           0,           0
        26,        15,        0.56,           0,           0,        0.04,           0,           0,           0,           0,           0,           0,           0,           0,        0.52,           0,           0,           0,           0,           0,        0.04,           0,           0,        0.04,           0,           0,           0,           0,        0.52,           0,           0,           0,           0,           0,           0,           0,           0,           0,           0,           0,           0,           0,           0,           0,           0,           0,           0,           0,           0,           0,           0,           0
        26,        16,        1.87,        0.05,        0.06,        0.58,           0,           0,           0,           0,           0,           0,           0,           0,        1.18,           0,           0,           0,           0,           0,        0.64,           0,           0,        0.58,        0.05,           0,           0,           0,        1.18,           0,           0,           0,           0,           0,           0,           0,           0,           0,           0,           0,           0,           0,           0,           0,           0,           0,           0,           0,           0,           0,           0,           0
        26,        17,        0.79,        0.05,        0.06,        0.42,           0,           0,           0,           0,           0,           0,           0,           0,        0.26,           0,           0,           0,           0,           0,        0.48,           0,           0,        0.42,        0.05,           0,           0,           0,        0.26,           0,           0,           0,           0,           0,           0,           0,           0,           0,           0,           0,           0,           0,           0,           0,           0,           0,           0,           0,           0,           0,           0,           0
        26,        18,           0,           0,           0,           0,           0,           0,           0,           0,           0,           0,           0,           0,           0,           0,           0,           0,           0,           0,           0,           0,           0,           0,           0,           0,           0,           0,           0,           0,           0,           0,           0,           0,           0,           0,           0,           0,           0,           0,           0,           0,           0,           0,           0,           0,           0,           0,           0,           0,           0,           0
        26,        19,      115.08,        0.01,           0,           0,        0.02,           0,           0,           0,           0,           0,           0,           0,      115.05,           0,           0,           0,           0,        0.02,           0,           0,           0,           0,        0.01,           0,           0,           0,      115.05,           0,           0,           0,           0,           0,           0,           0,           0,           0,           0,           0,           0,           0,           0,           0,           0,           0,           0,           0,           0,           0,           0,           0
        26,        20,       33.12,        0.09,        0.30,        0.95,        0.22,           0,           0,           0,           0,           0,           0,           0,       31.55,           0,           0,           0,           0,        0.22,        1.25,           0,           0,        0.95,        0.09,           0,           0,           0,       31.55,           0,           0,           0,           0,           0,           0,           0,           0,           0,           0,           0,           0,           0,           0,           0,           0,           0,           0,           0,           0,           0,           0,           0
        26,        21,        3.93,        0.33,        0.39,        2.97,        0.05,           0,           0,        0.01,        0.02,           0,           0,           0,        0.16,           0,           0,           0,           0,        0.05,        3.36,        0.03,           0,        2.97,        0.35,        0.01,        0.01,           0,        0.16,           0,           0,           0,           0,           0,           0,           0,           0,           0,           0,           0,           0,           0,           0,           0,           0,           0,           0,           0,           0,           0,           0,           0
        26,        22,       50.90,        0.62,        0.41,        2.80,        0.32,        1.12,           0,           0,        0.04,           0,           0,           0,       45.59,           0,           0,           0,           0,        1.44,        3.21,        0.04,           0,        2.80,        0.66,        0.04,           0,           0,       45.59,           0,           0,           0,           0,           0,           0,           0,           0,           0,           0,           0,           0,           0,           0,           0,           0,           0,           0,           0,           0,           0,           0,           0
        26,        23,       59.51,        0.20,           0,        1.36,        0.28,           0,           0,           0,        0.05,           0,           0,           0,       57.62,           0,           0,           0,           0,        0.28,        1.36,        0.05,           0,        1.36,        0.27,        0.07,           0,           0,       57.62,           0,           0,           0,           0,           0,           0,           0,           0,           0,           0,           0,           0,           0,           0,           0,           0,           0,           0,           0,           0,           0,           0,           0
        26,        24,        0.32,           0,           0,           0,           0,           0,           0,           0,           0,           0,           0,           0,        0.32,           0,           0,           0,           0,           0,           0,           0,           0,           0,           0,           0,           0,           0,        0.32,           0,           0,           0,           0,           0,           0,           0,           0,           0,           0,           0,           0,           0,           0,           0,           0,           0,           0,           0,           0,           0,           0,           0
        26,        25,        0.64,           0,        0.06,        0.11,           0,           0,           0,           0,        0.01,           0,           0,           0,        0.46,           0,           0,           0,           0,           0,        0.17,        0.01,           0,        0.11,           0,           0,           0,           0,        0.46,           0,           0,           0,           0,           0,           0,           0,           0,           0,           0,           0,           0,           0,           0,           0,           0,           0,           0,           0,           0,           0,           0,           0
        26,        26,      172.05,           0,           0,        0.06,           0,           0,           0,           0,           0,           0,           0,           0,      171.99,           0,           0,           0,           0,           0,        0.06,           0,           0,        0.06,           0,           0,           0,           0,      171.99,           0,           0,           0,           0,           0,           0,           0,           0,           0,           0,           0,           0,           0,           0,           0,           0,           0,           0,           0,           0,           0,           0,           0
        26,        27,        0.09,           0,           0,           0,           0,           0,           0,           0,           0,        0.09,           0,           0,           0,           0,           0,           0,           0,           0,           0,           0,           0,           0,           0,           0,           0,           0,           0,           0,           0,           0,           0,           0,           0,           0,           0,           0,           0,           0,           0,           0,           0,           0,           0,           0,           0,           0,           0,           0,           0,           0
        27,         1,    20689.99,           0,           0,           0,           0,           0,           0,           0,           0,           0,    19810.77,           0,           0,           0,           0,      663.06,      216.30,           0,           0,           0,           0,           0,           0,           0,           0,           0,           0,           0,           0,           0,           0,           0,           0,           0,           0,           0,           0,           0,           0,           0,           0,           0,           0,           0,           0,      663.06,           0,           0,      216.30,           0
        27,         2,      455.75,           0,           0,           0,           0,           0,           0,           0,           0,           0,      444.05,           0,           0,           0,           0,        9.03,        2.68,           0,           0,           0,           0,           0,           0,           0,           0,           0,           0,           0,           0,           0,           0,           0,           0,           0,           0,           0,           0,           0,           0,           0,           0,           0,           0,           0,           0,        9.03,           0,           0,        2.68,           0
        27,         3,           0,           0,           0,           0,           0,           0,           0,           0,           0,           0,           0,           0,           0,           0,           0,           0,           0,           0,           0,           0,           0,           0,           0,           0,           0,           0,           0,           0,           0,           0,           0,           0,           0,           0,           0,           0,           0,           0,           0,           0,           0,           0,           0,           0,           0,           0,           0,           0,           0,           0
        27,         4,     8705.04,           0,           0,           0,           0,           0,           0,           0,           0,           0,     6860.07,           0,           0,           0,           0,      868.94,      976.40,           0,           0,           0,           0,           0,           0,           0,           0,           0,           0,           0,           0,           0,           0,           0,           0,           0,           0,           0,           0,           0,           0,           0,           0,           0,           0,           0,           0,      868.94,           0,           0,      976.40,           0
        27,         5,     8117.17,           0,           0,           0,           0,           0,           0,           0,           0,           0,     7011.04,           0,           0,           0,           0,      672.37,      434.71,           0,           0,           0,           0,           0,           0,           0,           0,           0,           0,           0,           0,           0,           0,           0,           0,           0,           0,           0,           0,           0,           0,           0,           0,           0,           0,           0,           0,      672.37,           0,           0,      434.71,           0
        27,         6,        2.58,           0,           0,           0,           0,           0,           0,           0,           0,           0,        2.40,           0,           0,           0,           0,        0.10,        0.08,           0,           0,           0,           0,           0,           0,           0,           0,           0,           0,           0,           0,           0,           0,           0,           0,           0,           0,           0,           0,           0,           0,           0,           0,           0,           0,           0,           0,        0.10,           0,           0,        0.08,           0
        27,         7,        0.01,           0,           0,           0,           0,           0,           0,           0,           0,           0,        0.01,           0,           0,           0,           0,           0,           0,           0,           0,           0,           0,           0,           0,           0,           0,           0,           0,           0,           0,           0,           0,           0,           0,           0,           0,           0,           0,           0,           0,           0,           0,           0,           0,           0,           0,           0,           0,           0,           0,           0
        27,         8,     9607.91,           0,           0,           0,           0,           0,           0,           0,           0,           0,     8467.65,           0,           0,           0,           0,      608.47,      533.54,           0,           0,           0,           0,           0,           0,           0,           0,           0,           0,           0,           0,           0,           0,           0,           0,           0,           0,           0,           0,           0,           0,           0,           0,           0,           0,           0,           0,      608.47,           0,           0,      533.54,           0
        27,         9,     5519.29,           0,           0,           0,           0,           0,           0,           0,           0,           0,     4246.68,           0,           0,           0,           0,      310.61,      963.02,           0,           0,           0,           0,           0,           0,           0,           0,           0,           0,           0,           0,           0,           0,           0,           0,           0,           0,           0,           0,           0,           0,           0,           0,           0,           0,           0,           0,      310.61,           0,           0,      963.02,           0
        27,        10,        0.40,           0,           0,           0,           0,           0,           0,           0,           0,           0,        0.40,           0,           0,           0,           0,           0,           0,           0,           0,           0,           0,           0,           0,           0,           0,           0,           0,           0,           0,           0,           0,           0,           0,           0,           0,           0,           0,           0,           0,           0,           0,           0,           0,           0,           0,           0,           0,           0,           0,           0
        27,        11,     6122.19,           0,           0,           0,           0,           0,           0,           0,           0,           0,     4520.97,           0,           0,           0,           0,      300.20,     1301.71,           0,           0,           0,           0,           0,           0,           0,           0,           0,           0,           0,           0,           0,           0,           0,           0,           0,           0,           0,           0,           0,           0,           0,           0,           0,           0,           0,           0,      300.20,           0,           0,     1301.71,           0
        27,        12,    22281.78,           0,           0,           0,           0,           0,           0,           0,           0,           0,    17304.25,           0,           0,           0,           0,     1203.13,     3778.09,           0,           0,           0,           0,           0,           0,           0,           0,           0,           0,           0,           0,           0,           0,           0,           0,           0,           0,           0,           0,           0,           0,           0,           0,           0,           0,           0,           0,     1203.13,           0,           0,     3778.09,           0
        27,        13,     6150.24,           0,           0,           0,           0,           0,           0,           0,           0,           0,     5462.21,           0,           0,           0,           0,      304.37,      384.32,           0,           0,           0,           0,           0,           0,           0,           0,           0,           0,           0,           0,           0,           0,           0,           0,           0,           0,           0,           0,           0,           0,           0,           0,           0,           0,           0,           0,      304.37,           0,           0,      384.32,           0
        27,        14,    24585.17,           0,           0,           0,           0,           0,           0,           0,           0,           0,    21999.15,           0,           0,           0,           0,     1061.43,     1528.99,           0,           0,           0,           0,           0,           0,           0,           0,           0,           0,           0,           0,           0,           0,           0,           0,           0,           0,           0,           0,           0,           0,           0,           0,           0,           0,           0,           0,     1061.43,           0,           0,     1528.99,           0
        27,        15,     1185.32,           0,           0,           0,           0,           0,           0,           0,           0,           0,      860.66,           0,           0,           0,           0,       76.46,      249.05,           0,           0,           0,           0,           0,           0,           0,           0,           0,           0,           0,           0,           0,           0,           0,           0,           0,           0,           0,           0,           0,           0,           0,           0,           0,           0,           0,           0,       76.46,           0,           0,      249.05,           0
        27,        16,     6513.26,           0,           0,           0,           0,           0,           0,           0,           0,           0,     4994.29,           0,           0,           0,           0,      508.19,     1014.97,           0,           0,           0,           0,           0,           0,           0,           0,           0,           0,           0,           0,           0,           0,           0,           0,           0,           0,           0,           0,           0,           0,           0,           0,           0,           0,           0,           0,      508.19,           0,           0,     1014.97,           0
        27,        17,     6360.78,           0,           0,           0,           0,           0,           0,           0,           0,           0,     5295.31,           0,           0,           0,           0,      437.83,      630.91,           0,           0,           0,           0,           0,           0,           0,           0,           0,           0,           0,           0,           0,           0,           0,           0,           0,           0,           0,           0,           0,           0,           0,           0,           0,           0,           0,           0,      437.83,           0,           0,      630.91,           0
        27,        18,       35.32,           0,           0,           0,           0,           0,           0,           0,           0,           0,       31.25,           0,           0,           0,           0,        1.45,        2.65,           0,           0,           0,           0,           0,           0,           0,           0,           0,           0,           0,           0,           0,           0,           0,           0,           0,           0,           0,           0,           0,           0,           0,           0,           0,           0,           0,           0,        1.45,           0,           0,        2.65,           0
        27,        19,      198.95,           0,           0,           0,           0,           0,           0,           0,           0,           0,      121.90,           0,           0,           0,           0,       12.59,       64.69,           0,           0,           0,           0,           0,           0,           0,           0,           0,           0,           0,           0,           0,           0,           0,           0,           0,           0,           0,           0,           0,           0,           0,           0,           0,           0,           0,           0,       12.59,           0,           0,       64.69,           0
        27,        20,     6968.47,           0,           0,           0,           0,           0,           0,           0,           0,           0,     5515.44,           0,           0,           0,           0,      687.69,      767.88,           0,           0,           0,           0,           0,           0,           0,           0,           0,           0,           0,           0,           0,           0,           0,           0,           0,           0,           0,           0,           0,           0,           0,           0,           0,           0,           0,           0,      687.69,           0,           0,      767.88,           0
        27,        21,    12020.68,           0,           0,           0,           0,           0,           0,           0,           0,           0,     9921.18,           0,           0,           0,           0,     1091.75,     1009.60,           0,           0,           0,           0,           0,           0,           0,           0,           0,           0,           0,           0,           0,           0,           0,           0,           0,           0,           0,           0,           0,           0,           0,           0,           0,           0,           0,           0,     1091.75,           0,           0,     1009.60,           0
        27,        22,    11912.24,           0,           0,           0,           0,           0,           0,           0,           0,           0,    10117.35,           0,           0,           0,           0,      792.30,     1003.48,           0,           0,           0,           0,           0,           0,           0,           0,           0,           0,           0,           0,           0,           0,           0,           0,           0,           0,           0,           0,           0,           0,           0,           0,           0,           0,           0,           0,      792.30,           0,           0,     1003.48,           0
        27,        23,      100.72,           0,           0,           0,           0,           0,           0,           0,           0,           0,       94.61,           0,           0,           0,           0,        4.04,        2.08,           0,           0,           0,           0,           0,           0,           0,           0,           0,           0,           0,           0,           0,           0,           0,           0,           0,           0,           0,           0,           0,           0,           0,           0,           0,           0,           0,           0,        4.04,           0,           0,        2.08,           0
        27,        24,        0.64,           0,           0,           0,           0,           0,           0,           0,           0,           0,        0.36,           0,           0,           0,           0,        0.26,        0.02,           0,           0,           0,           0,           0,           0,           0,           0,           0,           0,           0,           0,           0,           0,           0,           0,           0,           0,           0,           0,           0,           0,           0,           0,           0,           0,           0,           0,        0.26,           0,           0,        0.02,           0
        27,        25,       87.18,           0,           0,           0,           0,           0,           0,           0,           0,           0,       79.95,           0,           0,           0,           0,        4.92,        2.33,           0,           0,           0,           0,           0,           0,           0,           0,           0,           0,           0,           0,           0,           0,           0,           0,           0,           0,           0,           0,           0,           0,           0,           0,           0,           0,           0,           0,        4.92,           0,           0,        2.33,           0
        27,        26,           0,           0,           0,           0,           0,           0,           0,           0,           0,           0,           0,           0,           0,           0,           0,           0,           0,           0,           0,           0,           0,           0,           0,           0,           0,           0,           0,           0,           0,           0,           0,           0,           0,           0,           0,           0,           0,           0,           0,           0,           0,           0,           0,           0,           0,           0,           0,           0,           0,           0
        27,        27,    19596.00,           0,           0,           0,           0,           0,           0,           0,           0,           0,           0,    13936.00,           0,           0,           0,     1652.00,     4008.00,           0,           0,           0,           0,           0,           0,           0,           0,           0,           0,           0,           0,           0,           0,           0,           0,           0,           0,           0,           0,           0,           0,           0,           0,           0,           0,           0,           0,           0,     1652.00,           0,           0,     4008.00
