I,J,HBW,HBC,HBSch,HBO,NHB,IX,XI,XX,II_LT,II_MD,II_HV,Ext_MD,Ext_HV,TOT
    1,    1,  10840.86,         0,   8253.78,  59720.27,  24437.22,         0,         0,         0,  15772.87,   5594.50,   4179.99,         0,         0, 128799.49
    1,    2,     46.03,         0,         0,    391.84,    245.40,         0,         0,         0,    183.28,     50.47,     17.05,         0,         0,    934.07
    1,    3,         0,         0,         0,         0,         0,         0,         0,         0,      0.54,         0,         0,         0,         0,      0.54
    1,    4,   1967.31,         0,    580.53,   3938.43,   1529.52,         0,         0,         0,    444.73,    595.98,    530.11,         0,         0,   9586.61
    1,    5,   1249.67,    217.00,     40.43,   1514.75,    828.04,         0,         0,         0,    194.71,    395.65,    353.68,         0,         0,   4793.93
    1,    6,      0.02,         0,         0,      2.06,      0.15,         0,         0,         0,      4.95,      0.02,         0,         0,         0,      7.20
    1,    7,         0,         0,         0,      0.05,         0,         0,         0,         0,      0.05,         0,         0,         0,         0,      0.10
    1,    8,   1000.81,     24.00,     39.88,    886.74,    708.45,         0,         0,         0,    211.47,    132.77,     19.34,         0,         0,   3023.46
    1,    9,    222.45,         0,      3.64,    223.56,    150.40,         0,         0,         0,     69.38,     52.09,     10.17,         0,         0,    731.69
    1,   10,         0,         0,         0,      0.51,      0.01,         0,         0,         0,         0,         0,         0,         0,         0,      0.52
    1,   11,     87.84,         0,         0,     70.70,     10.46,         0,         0,         0,     15.65,     28.57,     15.04,         0,         0,    228.26
    1,   12,    287.52,      9.00,      0.09,    461.74,     74.28,         0,         0,         0,     70.56,    117.93,     56.82,         0,         0,   1077.94
    1,   13,    110.26,      2.00,         0,    183.36,     40.05,         0,         0,         0,     21.82,     22.52,      5.86,         0,         0,    385.87
    1,   14,    269.86,      7.00,         0,    429.11,     97.93,         0,         0,         0,     51.00,     75.54,     21.27,         0,         0,    951.71
    1,   15,      4.20,         0,         0,      0.73,         0,         0,         0,         0,      0.35,      2.44,      3.74,         0,         0,     11.46
    1,   16,     44.96,         0,         0,     29.48,      5.18,         0,         0,         0,     12.33,     22.30,     18.70,         0,         0,    132.95
    1,   17,     42.09,         0,         0,     38.79,      5.60,         0,         0,         0,     12.66,     18.97,     11.76,         0,         0,    129.87
    1,   18,      0.44,         0,         0,      0.06,         0,         0,         0,         0,      0.06,         0,         0,         0,         0,      0.56
    1,   19,      0.24,         0,         0,         0,         0,         0,         0,         0,         0,         0,      0.14,         0,         0,      0.38
    1,   20,     11.54,         0,         0,         0,         0,         0,         0,         0,      0.27,      3.60,     11.02,         0,         0,     26.43
    1,   21,      7.50,      5.00,         0,         0,         0,         0,         0,         0,         0,         0,      2.88,         0,         0,     15.38
    1,   22,      0.85,         0,         0,         0,         0,         0,         0,         0,         0,         0,      1.41,         0,         0,      2.26
    1,   23,         0,         0,         0,         0,         0,         0,         0,         0,         0,         0,         0,         0,         0,         0
    1,   24,         0,         0,         0,         0,         0,         0,         0,         0,         0,         0,         0,         0,         0,         0
    1,   25,         0,         0,         0,         0,         0,         0,         0,         0,         0,         0,         0,         0,         0,         0
    1,   26,         0,         0,         0,         0,         0,         0,         0,         0,         0,         0,         0,         0,         0,         0
    1,   27,         0,         0,         0,         0,         0,   8744.29,         0,         0,         0,         0,         0,    525.81,    238.19,   9508.29
    2,    1,    490.47,         0,    616.15,   1771.81,    247.36,         0,         0,         0,    311.12,     49.50,     17.79,         0,         0,   3504.20
    2,    2,    114.58,         0,         0,   1679.38,    330.93,         0,         0,         0,    808.68,     27.83,      4.14,         0,         0,   2965.54
    2,    3,         0,         0,         0,         0,         0,         0,         0,         0,      0.04,         0,         0,         0,         0,      0.04
    2,    4,    124.16,         0,     48.03,    218.21,     68.51,         0,         0,         0,     52.10,     22.75,      8.74,         0,         0,    542.50
    2,    5,     87.81,         0,     15.95,    154.29,     44.46,         0,         0,         0,     15.88,     16.39,      6.85,         0,         0,    341.63
    2,    6,         0,         0,         0,      0.28,      0.02,         0,         0,         0,      1.22,         0,         0,         0,         0,      1.52
    2,    7,         0,         0,         0,      0.02,         0,         0,         0,         0,         0,         0,         0,         0,         0,      0.02
    2,    8,     77.21,         0,     20.60,    104.79,     35.68,         0,         0,         0,     14.04,      5.91,      0.31,         0,         0,    258.54
    2,    9,     19.60,         0,      3.68,     42.24,     10.83,         0,         0,         0,      5.53,      2.83,      0.20,         0,         0,     84.91
    2,   10,         0,         0,         0,      0.11,         0,         0,         0,         0,         0,         0,         0,         0,         0,      0.11
    2,   11,      8.62,         0,         0,      7.80,      0.34,         0,         0,         0,      0.97,      0.79,      0.26,         0,         0,     18.78
    2,   12,     28.07,         0,         0,     44.99,      3.32,         0,         0,         0,      5.02,      3.51,      0.96,         0,         0,     85.87
    2,   13,      9.77,         0,         0,     28.78,      2.34,         0,         0,         0,      1.75,      0.74,      0.10,         0,         0,     43.48
    2,   14,     26.67,         0,         0,     52.37,      3.54,         0,         0,         0,      4.27,      2.40,      0.34,         0,         0,     89.59
    2,   15,      0.62,         0,         0,         0,         0,         0,         0,         0,      0.01,      0.01,      0.08,         0,         0,      0.72
    2,   16,      5.48,         0,         0,      0.48,         0,         0,         0,         0,      0.83,      0.34,      0.32,         0,         0,      7.45
    2,   17,      5.01,         0,         0,      0.27,         0,         0,         0,         0,      0.93,      0.39,      0.23,         0,         0,      6.83
    2,   18,      0.07,         0,         0,         0,         0,         0,         0,         0,         0,         0,         0,         0,         0,      0.07
    2,   19,      0.05,         0,         0,         0,         0,         0,         0,         0,         0,         0,         0,         0,         0,      0.05
    2,   20,      2.17,         0,         0,         0,         0,         0,         0,         0,         0,         0,      0.01,         0,         0,      2.18
    2,   21,      1.60,         0,         0,         0,         0,         0,         0,         0,         0,         0,         0,         0,         0,      1.60
    2,   22,      0.42,         0,         0,         0,         0,         0,         0,         0,         0,         0,         0,         0,         0,      0.42
    2,   23,         0,         0,         0,         0,         0,         0,         0,         0,         0,         0,         0,         0,         0,         0
    2,   24,         0,         0,         0,         0,         0,         0,         0,         0,         0,         0,         0,         0,         0,         0
    2,   25,      0.01,         0,         0,         0,         0,         0,         0,         0,         0,         0,         0,         0,         0,      0.01
    2,   26,         0,         0,         0,         0,         0,         0,         0,         0,         0,         0,         0,         0,         0,         0
    2,   27,         0,         0,         0,         0,         0,    329.15,         0,         0,         0,         0,         0,      3.09,      1.62,    333.86
    3,    1,         0,         0,         0,         0,         0,         0,         0,         0,      0.94,         0,         0,         0,         0,      0.94
    3,    2,         0,         0,         0,         0,         0,         0,         0,         0,      0.04,         0,         0,         0,         0,      0.04
    3,    3,         0,         0,         0,         0,         0,         0,         0,         0,     20.09,         0,         0,         0,         0,     20.09
    3,    4,         0,         0,         0,         0,         0,         0,         0,         0,     72.32,         0,         0,         0,         0,     72.32
    3,    5,         0,         0,         0,         0,         0,         0,         0,         0,      8.22,         0,         0,         0,         0,      8.22
    3,    6,         0,         0,         0,         0,         0,         0,         0,         0,      0.08,         0,         0,         0,         0,      0.08
    3,    7,         0,         0,         0,         0,         0,         0,         0,         0,         0,         0,         0,         0,         0,         0
    3,    8,         0,         0,         0,         0,         0,         0,         0,         0,      2.67,         0,         0,         0,         0,      2.67
    3,    9,         0,         0,         0,         0,         0,         0,         0,         0,         0,         0,         0,         0,         0,         0
    3,   10,         0,         0,         0,         0,         0,         0,         0,         0,         0,         0,         0,         0,         0,         0
    3,   11,         0,         0,         0,         0,         0,         0,         0,         0,         0,         0,         0,         0,         0,         0
    3,   12,         0,         0,         0,         0,         0,         0,         0,         0,         0,         0,         0,         0,         0,         0
    3,   13,         0,         0,         0,         0,         0,         0,         0,         0,         0,         0,         0,         0,         0,         0
    3,   14,         0,         0,         0,         0,         0,         0,         0,         0,         0,         0,         0,         0,         0,         0
    3,   15,         0,         0,         0,         0,         0,         0,         0,         0,         0,         0,         0,         0,         0,         0
    3,   16,         0,         0,         0,         0,         0,         0,         0,         0,         0,         0,         0,         0,         0,         0
    3,   17,         0,         0,         0,         0,         0,         0,         0,         0,         0,         0,         0,         0,         0,         0
    3,   18,         0,         0,         0,         0,         0,         0,         0,         0,         0,         0,         0,         0,         0,         0
    3,   19,         0,         0,         0,         0,         0,         0,         0,         0,         0,         0,         0,         0,         0,         0
    3,   20,         0,         0,         0,         0,         0,         0,         0,         0,         0,         0,         0,         0,         0,         0
    3,   21,         0,         0,         0,         0,         0,         0,         0,         0,         0,         0,         0,         0,         0,         0
    3,   22,         0,         0,         0,         0,         0,         0,         0,         0,         0,         0,         0,         0,         0,         0
    3,   23,         0,         0,         0,         0,         0,         0,         0,         0,         0,         0,         0,         0,         0,         0
    3,   24,         0,         0,         0,         0,         0,         0,         0,         0,         0,         0,         0,         0,         0,         0
    3,   25,         0,         0,         0,         0,         0,         0,         0,         0,         0,         0,         0,         0,         0,         0
    3,   26,         0,         0,         0,         0,         0,         0,         0,         0,         0,         0,         0,         0,         0,         0
    3,   27,         0,         0,         0,         0,         0,         0,         0,         0,         0,         0,         0,         0,         0,         0
    4,    1,   2971.77,         0,     66.99,   2413.88,   1132.98,         0,         0,         0,    375.92,    561.86,    506.85,         0,         0,   8030.25
    4,    2,     21.14,         0,         0,     42.48,     46.47,         0,         0,         0,     36.16,     21.98,      8.07,         0,         0,    176.30
    4,    3,         0,         0,         0,         0,         0,         0,         0,         0,     64.30,         0,         0,         0,         0,     64.30
    4,    4,  40259.12,         0,  40266.11, 253873.80,  72648.19,         0,         0,         0,  40529.93,  10896.22,   8843.44,         0,         0, 467316.81
    4,    5,  27931.56,   2898.00,   3935.69,  75839.37,  23521.97,         0,         0,         0,   4597.58,   3986.87,   3308.99,         0,         0, 146020.03
    4,    6,      2.92,         0,         0,     79.66,      9.42,         0,         0,         0,     85.17,      0.74,      0.13,         0,         0,    178.04
    4,    7,      1.15,         0,         0,      1.26,      0.28,         0,         0,         0,     46.49,         0,         0,         0,         0,     49.18
    4,    8,  19427.46,    422.00,   2238.46,  34324.90,  11730.86,         0,         0,         0,   2603.98,    761.52,    130.14,         0,         0,  71639.32
    4,    9,   2872.38,         0,     72.75,   2163.58,   1433.13,         0,         0,         0,    459.21,    215.33,     42.53,         0,         0,   7258.91
    4,   10,         0,         0,         0,      4.87,      0.26,         0,         0,         0,      2.67,         0,         0,         0,         0,      7.80
    4,   11,    863.51,         0,      0.08,    528.89,    118.23,         0,         0,         0,    106.92,    125.35,     45.28,         0,         0,   1788.26
    4,   12,   2994.85,     41.00,      2.86,   2741.40,    699.65,         0,         0,         0,    469.88,    492.50,    172.91,         0,         0,   7615.05
    4,   13,   1351.53,      2.00,         0,   1159.21,    298.86,         0,         0,         0,    141.16,    100.32,     22.79,         0,         0,   3075.87
    4,   14,   2879.09,    234.00,      1.47,   2998.09,    949.54,         0,         0,         0,    408.95,    364.76,     67.47,         0,         0,   7903.37
    4,   15,     46.61,         0,      0.01,     41.83,     20.39,         0,         0,         0,     20.51,     41.77,     10.24,         0,         0,    181.36
    4,   16,    473.78,      1.00,      0.18,    527.30,    275.65,         0,         0,         0,    182.94,    178.46,     55.46,         0,         0,   1694.77
    4,   17,    434.13,         0,      0.03,    618.25,    257.24,         0,         0,         0,    167.96,    139.27,     33.99,         0,         0,   1650.87
    4,   18,      5.17,         0,         0,      7.08,      4.29,         0,         0,         0,      3.39,      1.14,      0.01,         0,         0,     21.08
    4,   19,      2.11,         0,         0,         0,         0,         0,         0,         0,      0.07,      1.16,      0.83,         0,         0,      4.17
    4,   20,    139.37,         0,         0,     32.49,     25.50,         0,         0,         0,     44.92,    175.33,     37.48,         0,         0,    455.09
    4,   21,     86.74,     80.00,         0,      0.28,      0.14,         0,         0,         0,      8.59,     39.18,     25.46,         0,         0,    240.39
    4,   22,     13.48,         0,         0,         0,         0,         0,         0,         0,      0.30,      0.48,     11.20,         0,         0,     25.46
    4,   23,         0,         0,         0,         0,         0,         0,         0,         0,         0,         0,         0,         0,         0,         0
    4,   24,         0,         0,         0,         0,         0,         0,         0,         0,         0,         0,      0.04,         0,         0,      0.04
    4,   25,      0.04,         0,         0,         0,         0,         0,         0,         0,         0,         0,      0.02,         0,         0,      0.06
    4,   26,         0,         0,         0,         0,         0,         0,         0,         0,         0,         0,         0,         0,         0,         0
    4,   27,         0,         0,         0,         0,         0,  10570.49,         0,         0,         0,         0,         0,    617.52,    957.46,  12145.47
    5,    1,    633.35,         0,     13.67,    188.98,    534.90,         0,         0,         0,    155.53,    362.64,    339.15,         0,         0,   2228.22
    5,    2,      4.45,         0,         0,      6.08,     28.17,         0,         0,         0,     14.44,     15.53,      6.29,         0,         0,     74.96
    5,    3,         0,         0,         0,         0,         0,         0,         0,         0,      4.73,         0,         0,         0,         0,      4.73
    5,    4,  10257.65,         0,   2560.07,  24906.98,  22759.94,         0,         0,         0,   4772.08,   3948.22,   3336.26,         0,         0,  72541.20
    5,    5,  32434.46,   5165.00,  17294.14, 170130.88,  90614.84,         0,         0,         0,  23254.76,  11037.72,   8450.54,         0,         0, 358382.34
    5,    6,      3.03,         0,         0,     70.66,     16.83,         0,         0,         0,    104.31,      1.34,      0.36,         0,         0,    196.53
    5,    7,      0.31,         0,         0,      0.12,      0.34,         0,         0,         0,     11.44,         0,         0,         0,         0,     12.21
    5,    8,   9285.75,    239.00,    748.80,  11012.22,  11341.52,         0,         0,         0,   2312.41,    730.03,    136.34,         0,         0,  35806.07
    5,    9,   1826.37,         0,     51.05,   1202.20,   1972.70,         0,         0,         0,    528.87,    239.26,     44.81,         0,         0,   5865.26
    5,   10,         0,         0,         0,      3.46,      0.89,         0,         0,         0,     10.70,         0,         0,         0,         0,     15.05
    5,   11,    493.23,         0,      0.21,    198.98,    159.13,         0,         0,         0,    119.64,    137.05,     42.02,         0,         0,   1150.26
    5,   12,   1725.46,     20.00,      2.79,   1499.00,    940.40,         0,         0,         0,    527.38,    538.58,    166.64,         0,         0,   5420.25
    5,   13,    760.15,      3.00,      0.06,    476.11,    403.95,         0,         0,         0,    159.06,    112.65,     25.13,         0,         0,   1940.11
    5,   14,   1639.95,    244.00,      2.80,   1149.20,   1235.90,         0,         0,         0,    477.50,    408.64,     70.01,         0,         0,   5228.00
    5,   15,     24.44,         0,      0.15,     18.70,     46.41,         0,         0,         0,     33.22,     51.67,      9.00,         0,         0,    183.59
    5,   16,    250.73,      2.00,      0.66,    201.52,    410.98,         0,         0,         0,    234.53,    209.79,     52.44,         0,         0,   1362.65
    5,   17,    230.91,         0,      0.26,    235.04,    368.14,         0,         0,         0,    210.12,    161.20,     34.89,         0,         0,   1240.56
    5,   18,      2.45,         0,         0,      4.44,      8.76,         0,         0,         0,      5.00,      1.37,      0.03,         0,         0,     22.05
    5,   19,      1.03,         0,         0,         0,      0.03,         0,         0,         0,      0.40,      3.60,      0.43,         0,         0,      5.49
    5,   20,     66.88,         0,         0,     23.32,     74.59,         0,         0,         0,     83.51,    228.00,     28.22,         0,         0,    504.52
    5,   21,     37.02,     25.00,         0,      1.79,      1.30,         0,         0,         0,     22.80,     74.51,     19.21,         0,         0,    181.63
    5,   22,      5.03,         0,         0,         0,         0,         0,         0,         0,      1.38,      2.66,      7.44,         0,         0,     16.51
    5,   23,         0,         0,         0,         0,         0,         0,         0,         0,         0,         0,         0,         0,         0,         0
    5,   24,         0,         0,         0,         0,         0,         0,         0,         0,         0,         0,      0.01,         0,         0,      0.01
    5,   25,      0.02,         0,         0,         0,         0,         0,         0,         0,      0.03,         0,      0.02,         0,         0,      0.07
    5,   26,         0,         0,         0,         0,         0,         0,         0,         0,         0,         0,         0,         0,         0,         0
    5,   27,         0,         0,         0,         0,         0,   6450.75,         0,         0,         0,         0,         0,    563.52,    415.23,   7429.50
    6,    1,      1.23,         0,      0.01,      0.42,      0.05,         0,         0,         0,      5.88,      0.01,         0,         0,         0,      7.60
    6,    2,         0,         0,         0,      0.01,      0.01,         0,         0,         0,      1.16,         0,         0,         0,         0,      1.18
    6,    3,         0,         0,         0,         0,         0,         0,         0,         0,      0.04,         0,         0,         0,         0,      0.04
    6,    4,     17.94,         0,      5.82,     64.31,      8.86,         0,         0,         0,    122.02,      0.74,      0.15,         0,         0,    219.84
    6,    5,     29.85,         0,      8.61,    134.89,     16.71,         0,         0,         0,    119.15,      1.36,      0.39,         0,         0,    310.96
    6,    6,      0.01,         0,         0,      3.93,      0.30,         0,         0,         0,    394.28,      0.02,         0,         0,         0,    398.54
    6,    7,         0,         0,         0,         0,         0,         0,         0,         0,      0.03,         0,         0,         0,         0,      0.03
    6,    8,     12.02,         0,      0.71,     13.27,      2.84,         0,         0,         0,     19.83,      0.02,         0,         0,         0,     48.69
    6,    9,      2.77,         0,      0.12,      2.69,      0.43,         0,         0,         0,      1.67,         0,         0,         0,         0,      7.68
    6,   10,         0,         0,         0,         0,         0,         0,         0,         0,      1.45,         0,         0,         0,         0,      1.45
    6,   11,      0.74,         0,         0,      0.57,      0.02,         0,         0,         0,      0.01,         0,         0,         0,         0,      1.34
    6,   12,      2.56,         0,         0,      1.57,      0.03,         0,         0,         0,      0.02,      0.02,      0.01,         0,         0,      4.21
    6,   13,      1.35,         0,         0,      1.22,      0.01,         0,         0,         0,         0,         0,         0,         0,         0,      2.58
    6,   14,      2.16,         0,         0,      2.14,      0.17,         0,         0,         0,      0.05,      0.03,         0,         0,         0,      4.55
    6,   15,      0.01,         0,         0,         0,         0,         0,         0,         0,         0,         0,         0,         0,         0,      0.01
    6,   16,      0.16,         0,         0,      0.11,      0.02,         0,         0,         0,         0,         0,         0,         0,         0,      0.29
    6,   17,      0.16,         0,         0,      0.12,         0,         0,         0,         0,         0,         0,         0,         0,         0,      0.28
    6,   18,         0,         0,         0,      0.01,         0,         0,         0,         0,         0,         0,         0,         0,         0,      0.01
    6,   19,         0,         0,         0,         0,         0,         0,         0,         0,         0,         0,         0,         0,         0,         0
    6,   20,      0.01,         0,         0,         0,         0,         0,         0,         0,         0,         0,         0,         0,         0,      0.01
    6,   21,         0,         0,         0,         0,         0,         0,         0,         0,         0,         0,         0,         0,         0,         0
    6,   22,         0,         0,         0,         0,         0,         0,         0,         0,         0,         0,         0,         0,         0,         0
    6,   23,         0,         0,         0,         0,         0,         0,         0,         0,         0,         0,         0,         0,         0,         0
    6,   24,         0,         0,         0,         0,         0,         0,         0,         0,         0,         0,         0,         0,         0,         0
    6,   25,         0,         0,         0,         0,         0,         0,         0,         0,         0,         0,         0,         0,         0,         0
    6,   26,         0,         0,         0,         0,         0,         0,         0,         0,         0,         0,         0,         0,         0,         0
    6,   27,         0,         0,         0,         0,         0,      5.24,         0,         0,         0,         0,         0,         0,         0,      5.24
    7,    1,         0,         0,         0,         0,         0,         0,         0,         0,      0.03,         0,         0,         0,         0,      0.03
    7,    2,         0,         0,         0,         0,         0,         0,         0,         0,         0,         0,         0,         0,         0,         0
    7,    3,         0,         0,         0,         0,         0,         0,         0,         0,         0,         0,         0,         0,         0,         0
    7,    4,         0,         0,         0,         0,      0.20,         0,         0,         0,     52.49,         0,         0,         0,         0,     52.69
    7,    5,         0,         0,         0,         0,      0.32,         0,         0,         0,     10.44,         0,         0,         0,         0,     10.76
    7,    6,         0,         0,         0,         0,         0,         0,         0,         0,      0.03,         0,         0,         0,         0,      0.03
    7,    7,         0,         0,         0,         0,      0.06,         0,         0,         0,    285.59,         0,         0,         0,         0,    285.65
    7,    8,         0,         0,         0,         0,      2.02,         0,         0,         0,    168.81,         0,         0,         0,         0,    170.83
    7,    9,         0,         0,         0,         0,      0.18,         0,         0,         0,     86.79,         0,         0,         0,         0,     86.97
    7,   10,         0,         0,         0,         0,         0,         0,         0,         0,      2.22,         0,         0,         0,         0,      2.22
    7,   11,         0,         0,         0,         0,      0.02,         0,         0,         0,      1.49,         0,         0,         0,         0,      1.51
    7,   12,         0,         0,         0,     10.00,      0.03,         0,         0,         0,     10.22,         0,         0,         0,         0,     20.25
    7,   13,         0,         0,         0,         0,      0.01,         0,         0,         0,      3.44,         0,         0,         0,         0,      3.45
    7,   14,         0,         0,         0,         0,      0.09,         0,         0,         0,      6.92,         0,         0,         0,         0,      7.01
    7,   15,         0,         0,         0,         0,         0,         0,         0,         0,         0,         0,         0,         0,         0,         0
    7,   16,         0,         0,         0,         0,         0,         0,         0,         0,      0.28,         0,         0,         0,         0,      0.28
    7,   17,         0,         0,         0,         0,         0,         0,         0,         0,      0.07,         0,         0,         0,         0,      0.07
    7,   18,         0,         0,         0,         0,         0,         0,         0,         0,         0,         0,         0,         0,         0,         0
    7,   19,         0,         0,         0,         0,         0,         0,         0,         0,         0,         0,         0,         0,         0,         0
    7,   20,         0,         0,         0,         0,         0,         0,         0,         0,         0,         0,         0,         0,         0,         0
    7,   21,         0,         0,         0,         0,         0,         0,         0,         0,         0,         0,         0,         0,         0,         0
    7,   22,         0,         0,         0,         0,         0,         0,         0,         0,         0,         0,         0,         0,         0,         0
    7,   23,         0,         0,         0,         0,         0,         0,         0,         0,         0,         0,         0,         0,         0,         0
    7,   24,         0,         0,         0,         0,         0,         0,         0,         0,         0,         0,         0,         0,         0,         0
    7,   25,         0,         0,         0,         0,         0,         0,         0,         0,         0,         0,         0,         0,         0,         0
    7,   26,         0,         0,         0,         0,         0,         0,         0,         0,         0,         0,         0,         0,         0,         0
    7,   27,         0,         0,         0,         0,         0,         0,         0,         0,         0,         0,         0,         0,         0,         0
    8,    1,    921.58,         0,     18.77,    341.03,    439.71,         0,         0,         0,    162.35,    123.40,     23.37,         0,         0,   2030.21
    8,    2,      6.06,         0,         0,     11.96,     21.86,         0,         0,         0,     12.45,      5.71,      0.34,         0,         0,     58.38
    8,    3,         0,         0,         0,         0,         0,         0,         0,         0,      1.28,         0,         0,         0,         0,      1.28
    8,    4,  11643.57,         0,   2670.90,  29118.34,  11237.38,         0,         0,         0,   2659.74,    757.17,    154.24,         0,         0,  58241.34
    8,    5,  16643.10,   4074.00,   1318.42,  30731.91,  11091.51,         0,         0,         0,   2304.74,    730.52,    161.63,         0,         0,  67055.83
    8,    6,      1.59,         0,         0,     19.80,      2.76,         0,         0,         0,     18.51,      0.02,         0,         0,         0,     42.68
    8,    7,      3.37,         0,         0,      4.14,      2.11,         0,         0,         0,    130.68,         0,         0,         0,         0,    140.30
    8,    8,  81219.58,   1036.00,  68092.49, 442808.23, 152242.71,         0,         0,         0,  42508.71,   2358.34,    112.36,         0,         0, 790378.42
    8,    9,  11609.04,         0,    941.83,  24896.71,   8420.11,         0,         0,         0,   1785.75,    208.78,      8.19,         0,         0,  47870.41
    8,   10,         0,         0,         0,     33.88,      4.57,         0,         0,         0,     57.78,         0,         0,         0,         0,     96.23
    8,   11,   2563.55,         0,      5.91,   1516.66,    480.23,         0,         0,         0,    270.86,     63.87,      4.30,         0,         0,   4905.38
    8,   12,   9192.03,    196.00,     47.93,   8834.28,   3048.54,         0,         0,         0,   1247.79,    254.95,     13.51,         0,         0,  22835.03
    8,   13,   3953.80,     19.00,      0.88,   4174.34,   1404.19,         0,         0,         0,    409.25,     51.91,      1.99,         0,         0,  10015.36
    8,   14,   8587.95,    945.00,     51.67,   9188.54,   4013.66,         0,         0,         0,   1185.45,    175.30,      3.91,         0,         0,  24151.48
    8,   15,    127.78,         0,      5.09,    154.52,    145.62,         0,         0,         0,     91.40,     21.22,      0.29,         0,         0,    545.92
    8,   16,   1278.26,     15.00,     18.32,   1358.06,   1089.06,         0,         0,         0,    558.02,     81.58,      1.83,         0,         0,   4400.13
    8,   17,   1179.81,         0,     11.89,   1502.52,    965.07,         0,         0,         0,    491.96,     62.15,      1.27,         0,         0,   4214.67
    8,   18,     14.56,         0,         0,     42.98,     31.44,         0,         0,         0,     13.38,      0.61,         0,         0,         0,    102.97
    8,   19,      5.63,         0,         0,      2.06,      3.35,         0,         0,         0,      5.87,      3.34,         0,         0,         0,     20.25
    8,   20,    358.41,         0,      2.69,    395.78,    393.40,         0,         0,         0,    283.19,    172.07,      0.21,         0,         0,   1605.75
    8,   21,    213.03,    427.00,         0,    146.94,     67.76,         0,         0,         0,    129.86,     82.65,      0.12,         0,         0,   1067.36
    8,   22,     39.96,         0,         0,      0.53,      0.16,         0,         0,         0,     12.91,      9.26,         0,         0,         0,     62.82
    8,   23,      0.05,         0,         0,         0,         0,         0,         0,         0,         0,         0,         0,         0,         0,      0.05
    8,   24,         0,         0,         0,      0.02,         0,         0,         0,         0,         0,         0,         0,         0,         0,      0.02
    8,   25,      0.43,         0,         0,         0,         0,         0,         0,         0,      0.34,      0.16,         0,         0,         0,      0.93
    8,   26,         0,         0,         0,         0,         0,         0,         0,         0,         0,         0,         0,         0,         0,         0
    8,   27,         0,         0,         0,         0,         0,   7276.67,         0,         0,         0,         0,         0,    485.04,    474.23,   8235.94
    9,    1,    126.31,         0,      0.93,     39.88,     69.17,         0,         0,         0,     46.30,     46.83,     15.25,         0,         0,    344.67
    9,    2,      0.57,         0,         0,      2.47,      5.60,         0,         0,         0,      4.53,      2.69,      0.26,         0,         0,     16.12
    9,    3,         0,         0,         0,         0,         0,         0,         0,         0,         0,         0,         0,         0,         0,         0
    9,    4,   1080.10,         0,     49.12,    884.83,   1119.50,         0,         0,         0,    416.94,    208.65,     66.20,         0,         0,   3825.34
    9,    5,   1829.32,    924.00,     50.74,   1801.48,   1618.44,         0,         0,         0,    493.50,    235.16,     70.99,         0,         0,   7023.63
    9,    6,      0.08,         0,         0,      2.41,      0.29,         0,         0,         0,      1.43,         0,         0,         0,         0,      4.21
    9,    7,      0.10,         0,         0,      0.27,      0.13,         0,         0,         0,     68.50,         0,         0,         0,         0,     69.00
    9,    8,   6333.68,    219.00,   2129.05,  13218.47,   7407.27,         0,         0,         0,   1749.61,    203.69,     10.91,         0,         0,  31271.68
    9,    9,  29332.20,         0,  33208.84, 217914.58,  93495.89,         0,         0,         0,  24506.90,   1372.25,    101.98,         0,         0, 399932.64
    9,   10,         0,         0,         0,     16.22,      2.54,         0,         0,         0,     41.06,         0,         0,         0,         0,     59.82
    9,   11,   3819.22,         0,     35.66,   3033.74,   1001.11,         0,         0,         0,    358.53,     83.86,     11.71,         0,         0,   8343.83
    9,   12,  14629.33,    322.00,    632.20,  22250.94,   7499.26,         0,         0,         0,   2042.30,    399.64,     48.55,         0,         0,  47824.22
    9,   13,   6321.34,     94.00,     12.78,  12470.09,   3375.22,         0,         0,         0,    678.53,     92.22,     11.66,         0,         0,  23055.84
    9,   14,  14101.85,   1328.00,    521.41,  22507.17,   8766.31,         0,         0,         0,   1749.92,    263.94,     14.33,         0,         0,  49252.93
    9,   15,    152.46,         0,     18.73,    168.48,    259.25,         0,         0,         0,    106.49,     23.05,      0.86,         0,         0,    729.32
    9,   16,   1609.21,     35.00,    114.65,   1850.38,   2250.53,         0,         0,         0,    674.91,    103.73,      6.81,         0,         0,   6645.22
    9,   17,   1527.52,         0,    130.92,   2139.53,   2052.95,         0,         0,         0,    604.92,     81.43,      5.11,         0,         0,   6542.38
    9,   18,     17.75,         0,         0,     31.94,     48.77,         0,         0,         0,     15.17,      0.66,         0,         0,         0,    114.29
    9,   19,      5.36,         0,      0.99,      4.88,     18.98,         0,         0,         0,     12.57,      8.25,         0,         0,         0,     51.03
    9,   20,    367.25,         0,     22.88,    343.15,    630.09,         0,         0,         0,    328.83,    227.04,      0.39,         0,         0,   1919.63
    9,   21,    186.59,    402.00,      2.23,    323.42,    335.21,         0,         0,         0,    217.03,    149.32,      0.16,         0,         0,   1615.96
    9,   22,     33.86,         0,      0.06,     16.26,     40.28,         0,         0,         0,     43.83,     39.52,         0,         0,         0,    173.81
    9,   23,      0.06,         0,         0,         0,         0,         0,         0,         0,         0,         0,         0,         0,         0,      0.06
    9,   24,         0,         0,         0,      0.04,         0,         0,         0,         0,         0,         0,         0,         0,         0,      0.04
    9,   25,      0.43,         0,         0,      2.36,      2.25,         0,         0,         0,      1.89,      1.13,         0,         0,         0,      8.06
    9,   26,         0,         0,         0,         0,         0,         0,         0,         0,         0,         0,         0,         0,         0,         0
    9,   27,         0,         0,         0,         0,         0,   3940.04,         0,         0,         0,         0,         0,    285.06,    708.50,   4933.60
   10,    1,      0.12,         0,      0.03,      0.08,         0,         0,         0,         0,         0,         0,         0,         0,         0,      0.23
   10,    2,         0,         0,         0,      0.01,         0,         0,         0,         0,         0,         0,         0,         0,         0,      0.01
   10,    3,         0,         0,         0,         0,         0,         0,         0,         0,         0,         0,         0,         0,         0,         0
   10,    4,      1.54,         0,      0.72,      3.41,      0.15,         0,         0,         0,      4.37,         0,         0,         0,         0,     10.19
   10,    5,      3.16,         0,      0.89,      9.74,      0.80,         0,         0,         0,     13.15,         0,         0,         0,         0,     27.74
   10,    6,         0,         0,         0,         0,         0,         0,         0,         0,      1.37,         0,         0,         0,         0,      1.37
   10,    7,         0,         0,         0,         0,         0,         0,         0,         0,      2.98,         0,         0,         0,         0,      2.98
   10,    8,      9.68,         0,      8.67,     38.22,      4.12,         0,         0,         0,     72.59,         0,         0,         0,         0,    133.28
   10,    9,      7.58,         0,      4.67,     28.41,      2.62,         0,         0,         0,     79.01,         0,         0,         0,         0,    122.29
   10,   10,         0,         0,         0,      4.37,      0.11,         0,         0,         0,    173.76,         0,         0,         0,         0,    178.24
   10,   11,      1.58,         0,      0.11,      3.37,      0.06,         0,         0,         0,      0.59,         0,         0,         0,         0,      5.71
   10,   12,      5.62,         0,      0.62,     15.09,      0.53,         0,         0,         0,      4.54,         0,         0,         0,         0,     26.40
   10,   13,      2.20,         0,      0.01,      9.22,      0.37,         0,         0,         0,      3.48,         0,         0,         0,         0,     15.28
   10,   14,      5.00,         0,      0.66,     19.48,      0.83,         0,         0,         0,      4.47,         0,         0,         0,         0,     30.44
   10,   15,      0.03,         0,      0.08,      0.25,         0,         0,         0,         0,         0,         0,         0,         0,         0,      0.36
   10,   16,      0.53,         0,      0.38,      3.21,      0.13,         0,         0,         0,         0,         0,         0,         0,         0,      4.25
   10,   17,      0.52,         0,      0.20,      3.58,      0.10,         0,         0,         0,         0,         0,         0,         0,         0,      4.40
   10,   18,         0,         0,         0,      0.15,         0,         0,         0,         0,         0,         0,         0,         0,         0,      0.15
   10,   19,         0,         0,         0,         0,         0,         0,         0,         0,         0,         0,         0,         0,         0,         0
   10,   20,      0.03,         0,         0,      0.52,         0,         0,         0,         0,         0,         0,         0,         0,         0,      0.55
   10,   21,      0.03,         0,         0,      0.04,         0,         0,         0,         0,         0,         0,         0,         0,         0,      0.07
   10,   22,         0,         0,         0,         0,         0,         0,         0,         0,         0,         0,         0,         0,         0,         0
   10,   23,         0,         0,         0,         0,         0,         0,         0,         0,         0,         0,         0,         0,         0,         0
   10,   24,         0,         0,         0,         0,         0,         0,         0,         0,         0,         0,         0,         0,         0,         0
   10,   25,         0,         0,         0,         0,         0,         0,         0,         0,         0,         0,         0,         0,         0,         0
   10,   26,         0,         0,         0,         0,         0,         0,         0,         0,         0,         0,         0,         0,         0,         0
   10,   27,         0,         0,         0,         0,         0,      1.06,         0,         0,         0,         0,         0,         0,         0,      1.06
   11,    1,     12.15,         0,         0,      1.38,      4.18,         0,         0,         0,     10.75,     20.41,     22.14,         0,         0,     71.01
   11,    2,         0,         0,         0,         0,      0.16,         0,         0,         0,      0.76,      0.64,      0.38,         0,         0,      1.94
   11,    3,         0,         0,         0,         0,         0,         0,         0,         0,         0,         0,         0,         0,         0,         0
   11,    4,     72.37,         0,      0.47,     58.98,     78.77,         0,         0,         0,     91.50,    103.60,     68.76,         0,         0,    474.45
   11,    5,    109.32,         0,      0.76,    100.35,    114.89,         0,         0,         0,    105.33,    113.97,     66.95,         0,         0,    611.57
   11,    6,         0,         0,         0,      0.03,         0,         0,         0,         0,         0,         0,         0,         0,         0,      0.03
   11,    7,         0,         0,         0,         0,      0.02,         0,         0,         0,      1.40,         0,         0,         0,         0,      1.42
   11,    8,    297.98,         0,      8.72,    214.74,    369.29,         0,         0,         0,    244.77,     57.70,      6.70,         0,         0,   1199.90
   11,    9,    945.09,         0,     31.95,    858.73,    925.75,         0,         0,         0,    352.56,     81.59,     13.87,         0,         0,   3209.54
   11,   10,         0,         0,         0,      0.43,      0.04,         0,         0,         0,      0.48,         0,         0,         0,         0,      0.95
   11,   11,   8318.91,         0,  13390.63,  60590.73,  19530.52,         0,         0,         0,   9486.19,   3341.93,    268.02,         0,         0, 114926.93
   11,   12,  13709.04,    373.00,   3123.47,  46346.92,  10325.19,         0,         0,         0,   3061.75,   2535.10,    200.09,         0,         0,  79674.56
   11,   13,   1960.54,      7.00,      1.74,   3082.54,   1324.18,         0,         0,         0,    364.09,    283.66,     25.53,         0,         0,   7049.28
   11,   14,   5910.04,    385.00,    114.65,   9428.44,   3886.59,         0,         0,         0,    968.83,    840.45,     48.03,         0,         0,  21582.03
   11,   15,    592.97,         0,     97.35,   1828.17,    578.05,         0,         0,         0,    258.95,    203.04,      8.52,         0,         0,   3567.05
   11,   16,   1973.46,     79.00,    272.19,   4086.21,   2182.84,         0,         0,         0,    654.60,    471.60,     33.51,         0,         0,   9753.41
   11,   17,   1121.05,         0,     72.97,   1782.78,   1116.22,         0,         0,         0,    375.95,    291.10,     20.24,         0,         0,   4780.31
   11,   18,     12.58,         0,         0,     25.88,     25.92,         0,         0,         0,      9.35,      2.75,      0.04,         0,         0,     76.52
   11,   19,      8.27,         0,      0.69,      7.12,     15.80,         0,         0,         0,     11.55,      5.38,      0.19,         0,         0,     49.00
   11,   20,    265.26,         0,     13.30,    281.18,    385.89,         0,         0,         0,    218.34,    126.17,     11.05,         0,         0,   1301.19
   11,   21,    113.81,     69.00,      0.93,    201.99,    175.97,         0,         0,         0,    140.52,     86.42,      6.49,         0,         0,    795.13
   11,   22,     22.92,         0,      0.04,     26.41,     29.29,         0,         0,         0,     39.22,     28.92,      2.77,         0,         0,    149.57
   11,   23,      0.33,         0,         0,      0.17,      0.03,         0,         0,         0,      0.03,      0.04,         0,         0,         0,      0.60
   11,   24,         0,         0,         0,      0.11,      0.02,         0,         0,         0,         0,      0.04,         0,         0,         0,      0.17
   11,   25,      0.31,         0,         0,      4.84,      1.78,         0,         0,         0,      1.37,      0.67,      0.02,         0,         0,      8.99
   11,   26,         0,         0,         0,         0,         0,         0,         0,         0,         0,         0,         0,         0,         0,         0
   11,   27,         0,         0,         0,         0,         0,   1882.07,         0,         0,         0,         0,         0,    337.12,   1190.38,   3409.57
   12,    1,     38.08,         0,      0.02,      2.62,     23.27,         0,         0,         0,     45.37,     82.68,     87.04,         0,         0,    279.08
   12,    2,      0.02,         0,         0,      0.10,      1.37,         0,         0,         0,      3.81,      2.83,      1.60,         0,         0,      9.73
   12,    3,         0,         0,         0,         0,         0,         0,         0,         0,         0,         0,         0,         0,         0,         0
   12,    4,    279.77,         0,     10.51,    159.42,    439.09,         0,         0,         0,    396.64,    403.78,    276.00,         0,         0,   1965.21
   12,    5,    444.09,     94.00,     12.68,    312.60,    647.04,         0,         0,         0,    458.88,    448.37,    279.34,         0,         0,   2697.00
   12,    6,         0,         0,         0,      0.04,         0,         0,         0,         0,      0.02,      0.02,      0.01,         0,         0,      0.09
   12,    7,         0,         0,         0,         0,      0.03,         0,         0,         0,      9.48,         0,         0,         0,         0,      9.51
   12,    8,   1289.15,     15.00,    137.65,    854.83,   2243.46,         0,         0,         0,   1118.89,    229.44,     22.18,         0,         0,   5910.60
   12,    9,   4903.46,         0,    793.66,   6207.70,   6605.87,         0,         0,         0,   2019.03,    387.11,     57.77,         0,         0,  20974.60
   12,   10,         0,         0,         0,      1.73,      0.33,         0,         0,         0,      3.31,         0,         0,         0,         0,      5.37
   12,   11,  12549.98,         0,   2551.57,  25317.23,   9963.89,         0,         0,         0,   3131.53,   2535.47,    199.13,         0,         0,  56248.80
   12,   12,  71397.43,   1165.00,  55182.33, 352336.00, 141364.45,         0,         0,         0,  40610.89,  17656.99,   1301.24,         0,         0, 681014.33
   12,   13,  12633.79,     12.00,    233.45,  41054.37,  14818.38,         0,         0,         0,   3283.03,   1751.24,    127.49,         0,         0,  73913.75
   12,   14,  38556.13,   2319.00,   6917.21, 104368.98,  49094.18,         0,         0,         0,  10142.76,   5895.26,    317.74,         0,         0, 217611.26
   12,   15,   1439.84,         0,    469.33,   3360.02,   2168.61,         0,         0,         0,    737.55,    579.78,     22.04,         0,         0,   8777.17
   12,   16,  11686.47,    279.00,   4469.66,  44835.42,  22177.72,         0,         0,         0,   5002.05,   2361.90,    154.29,         0,         0,  90966.51
   12,   17,   7813.55,         0,   1207.52,  16880.78,  11415.48,         0,         0,         0,   2784.72,   1586.29,    102.05,         0,         0,  41790.39
   12,   18,     77.17,         0,         0,    104.02,    212.87,         0,         0,         0,     69.62,     11.97,      0.11,         0,         0,    475.76
   12,   19,     24.90,         0,      7.43,     19.15,     93.14,         0,         0,         0,     48.91,     21.57,      0.55,         0,         0,    215.65
   12,   20,   1420.81,     40.00,    154.49,   1194.90,   3036.01,         0,         0,         0,   1108.69,    572.26,     38.52,         0,         0,   7565.68
   12,   21,    574.05,    321.00,     14.38,    697.05,   1186.15,         0,         0,         0,    678.77,    372.13,     22.89,         0,         0,   3866.42
   12,   22,    103.52,         0,      1.70,     69.26,    243.24,         0,         0,         0,    202.61,    128.36,      8.59,         0,         0,    757.28
   12,   23,      0.66,         0,         0,      0.28,      0.37,         0,         0,         0,      0.21,      0.16,         0,         0,         0,      1.68
   12,   24,         0,         0,         0,      0.56,      0.21,         0,         0,         0,      0.15,      0.16,      0.01,         0,         0,      1.09
   12,   25,      1.46,         0,         0,     13.17,     14.05,         0,         0,         0,      7.73,      2.97,      0.06,         0,         0,     39.44
   12,   26,         0,         0,         0,         0,         0,         0,         0,         0,         0,         0,         0,         0,         0,         0
   12,   27,         0,         0,         0,         0,         0,   9509.15,         0,         0,         0,         0,         0,   1237.41,   3520.67,  14267.23
   13,    1,      1.14,         0,         0,         0,     11.53,         0,         0,         0,     12.80,     15.04,     10.94,         0,         0,     51.45
   13,    2,         0,         0,         0,         0,      0.86,         0,         0,         0,      1.29,      0.62,      0.23,         0,         0,      3.00
   13,    3,         0,         0,         0,         0,         0,         0,         0,         0,         0,         0,         0,         0,         0,         0
   13,    4,     13.32,         0,      0.70,      1.28,    176.53,         0,         0,         0,    115.66,     81.62,     45.13,         0,         0,    434.24
   13,    5,     27.34,     26.00,      0.56,      7.27,    260.55,         0,         0,         0,    135.14,     93.47,     50.85,         0,         0,    601.18
   13,    6,         0,         0,         0,         0,         0,         0,         0,         0,         0,         0,         0,         0,         0,         0
   13,    7,         0,         0,         0,         0,      0.01,         0,         0,         0,      3.57,         0,         0,         0,         0,      3.58
   13,    8,     85.67,      1.00,      9.38,     40.24,    966.32,         0,         0,         0,    361.25,     46.64,      3.69,         0,         0,   1514.19
   13,    9,    359.39,         0,     48.13,    354.96,   2763.44,         0,         0,         0,    681.22,     89.51,     14.22,         0,         0,   4310.87
   13,   10,         0,         0,         0,      0.03,      0.22,         0,         0,         0,      2.70,         0,         0,         0,         0,      2.95
   13,   11,    474.25,         0,      9.30,    489.74,   1185.40,         0,         0,         0,    359.18,    283.57,     25.06,         0,         0,   2826.50
   13,   12,   2323.44,     71.00,    557.39,   8577.02,  14047.65,         0,         0,         0,   3306.99,   1750.31,    125.52,         0,         0,  30759.32
   13,   13,   6925.99,     18.00,    281.06,  25318.02,  46899.57,         0,         0,         0,   6678.71,   2042.87,    148.92,         0,         0,  88313.14
   13,   14,   6463.12,   1133.00,   1796.79,  18719.82,  42009.47,         0,         0,         0,   6767.56,   2475.08,    126.69,         0,         0,  79491.53
   13,   15,     16.60,         0,      3.48,      9.97,    263.73,         0,         0,         0,     85.26,     77.16,      1.75,         0,         0,    457.95
   13,   16,    225.17,      3.00,     23.02,    181.06,   2239.03,         0,         0,         0,    559.49,    318.83,     17.38,         0,         0,   3566.98
   13,   17,    235.28,         0,     28.70,    244.62,   2230.25,         0,         0,         0,    533.13,    266.77,     15.91,         0,         0,   3554.66
   13,   18,      1.84,         0,         0,      2.26,     61.20,         0,         0,         0,     18.12,      2.10,         0,         0,         0,     85.52
   13,   19,      0.40,         0,      0.16,         0,     18.50,         0,         0,         0,     10.54,      3.35,         0,         0,         0,     32.95
   13,   20,     39.52,         0,      4.47,      9.84,    717.58,         0,         0,         0,    261.26,    105.67,      1.74,         0,         0,   1140.08
   13,   21,     13.93,     19.00,      0.24,      7.33,    311.74,         0,         0,         0,    169.94,     69.96,      0.79,         0,         0,    592.93
   13,   22,      1.00,         0,         0,      0.04,     61.73,         0,         0,         0,     46.79,     19.77,      0.14,         0,         0,    129.47
   13,   23,         0,         0,         0,         0,      0.02,         0,         0,         0,         0,         0,         0,         0,         0,      0.02
   13,   24,         0,         0,         0,         0,      0.03,         0,         0,         0,         0,      0.01,         0,         0,         0,      0.04
   13,   25,         0,         0,         0,      0.08,      3.66,         0,         0,         0,      1.94,      0.57,         0,         0,         0,      6.25
   13,   26,         0,         0,         0,         0,         0,         0,         0,         0,         0,         0,         0,         0,         0,         0
   13,   27,         0,         0,         0,         0,         0,    968.38,         0,         0,         0,         0,         0,    319.46,    329.28,   1617.12
   14,    1,     35.26,         0,      0.02,      0.06,     29.94,         0,         0,         0,     31.22,     50.64,     39.29,         0,         0,    186.43
   14,    2,         0,         0,         0,         0,      1.43,         0,         0,         0,      3.07,      1.95,      0.79,         0,         0,      7.24
   14,    3,         0,         0,         0,         0,         0,         0,         0,         0,         0,         0,         0,         0,         0,         0
   14,    4,    269.55,         0,      3.83,     55.21,    559.47,         0,         0,         0,    331.23,    293.55,    130.76,         0,         0,   1643.60
   14,    5,    451.74,    171.00,      4.49,    163.07,    806.03,         0,         0,         0,    403.91,    334.90,    142.21,         0,         0,   2477.35
   14,    6,         0,         0,         0,         0,      0.10,         0,         0,         0,      0.03,      0.02,         0,         0,         0,      0.15
   14,    7,         0,         0,         0,         0,      0.06,         0,         0,         0,      6.24,         0,         0,         0,         0,      6.30
   14,    8,   1313.28,     20.00,     53.22,    534.48,   2805.46,         0,         0,         0,   1037.35,    155.30,      7.21,         0,         0,   5926.30
   14,    9,   4544.59,         0,    209.86,   2914.37,   7326.58,         0,         0,         0,   1709.84,    254.83,     18.67,         0,         0,  16978.74
   14,   10,         0,         0,         0,      0.79,      0.50,         0,         0,         0,      3.38,         0,         0,         0,         0,      4.67
   14,   11,   6776.14,         0,     76.21,   3758.17,   3532.00,         0,         0,         0,    965.56,    842.27,     48.30,         0,         0,  15998.65
   14,   12,  36286.96,   1111.00,   2524.34,  56183.64,  47086.60,         0,         0,         0,  10017.37,   5903.98,    321.19,         0,         0, 159435.08
   14,   13,  23412.39,    124.00,    637.29,  72861.06,  42400.30,         0,         0,         0,   6661.12,   2481.12,    129.17,         0,         0, 148706.45
   14,   14, 108813.65,  18080.00,  42715.92, 458078.45, 265762.41,         0,         0,         0,  55336.71,  14175.33,    602.85,         0,         0, 963565.32
   14,   15,    492.88,         0,     45.13,    355.98,   1299.00,         0,         0,         0,    338.90,    349.33,      5.59,         0,         0,   2886.81
   14,   16,   7301.83,    132.00,    352.74,   8299.28,  14967.00,         0,         0,         0,   2995.12,   1793.01,     75.73,         0,         0,  35916.71
   14,   17,  11399.34,         0,   2372.33,  33614.02,  27824.21,         0,         0,         0,   5142.91,   2169.31,    103.50,         0,         0,  82625.62
   14,   18,    144.81,         0,         0,    222.65,    496.27,         0,         0,         0,    191.45,     11.54,      0.05,         0,         0,   1066.77
   14,   19,     18.11,         0,      2.28,      3.01,    101.32,         0,         0,         0,     38.18,     14.23,      0.05,         0,         0,    177.18
   14,   20,   1393.35,     28.00,     69.41,    668.43,   3853.98,         0,         0,         0,   1053.33,    486.01,      8.98,         0,         0,   7561.49
   14,   21,    571.09,    520.00,      4.25,    391.01,   1587.44,         0,         0,         0,    631.15,    306.06,      5.97,         0,         0,   4016.97
   14,   22,     94.36,         0,      0.22,     17.74,    310.65,         0,         0,         0,    165.63,     92.85,      1.81,         0,         0,    683.26
   14,   23,      0.21,         0,         0,         0,      0.43,         0,         0,         0,      0.14,      0.07,         0,         0,         0,      0.85
   14,   24,         0,         0,         0,      0.16,      0.28,         0,         0,         0,      0.31,      0.09,         0,         0,         0,      0.84
   14,   25,      1.23,         0,         0,      6.83,     17.91,         0,         0,         0,      7.43,      2.57,      0.02,         0,         0,     35.99
   14,   26,         0,         0,         0,         0,         0,         0,         0,         0,         0,         0,         0,         0,         0,         0
   14,   27,         0,         0,         0,         0,         0,  11489.35,         0,         0,         0,         0,         0,    948.89,   1064.16,  13502.40
   15,    1,     14.71,         0,         0,      0.12,         0,         0,         0,         0,      0.22,      1.36,      5.84,         0,         0,     22.25
   15,    2,         0,         0,         0,         0,         0,         0,         0,         0,      0.01,      0.01,      0.12,         0,         0,      0.14
   15,    3,         0,         0,         0,         0,         0,         0,         0,         0,         0,         0,         0,         0,         0,         0
   15,    4,     80.57,         0,      0.10,     60.51,     12.30,         0,         0,         0,     17.16,     32.97,     16.07,         0,         0,    219.68
   15,    5,    123.39,     40.00,      0.21,    135.57,     34.17,         0,         0,         0,     29.34,     41.77,     15.16,         0,         0,    419.61
   15,    6,         0,         0,         0,         0,         0,         0,         0,         0,         0,         0,         0,         0,         0,         0
   15,    7,         0,         0,         0,         0,         0,         0,         0,         0,         0,         0,         0,         0,         0,         0
   15,    8,    308.90,      2.00,      1.39,    287.66,    113.49,         0,         0,         0,     83.77,     18.96,      0.52,         0,         0,    816.69
   15,    9,    820.77,         0,      7.36,    661.32,    252.53,         0,         0,         0,    105.61,     22.17,      1.51,         0,         0,   1871.27
   15,   10,         0,         0,         0,      0.64,         0,         0,         0,         0,         0,         0,         0,         0,         0,      0.64
   15,   11,   3645.23,         0,     82.95,   3462.05,    596.44,         0,         0,         0,    289.15,    208.24,      8.95,         0,         0,   8293.01
   15,   12,  10024.79,    302.00,    349.53,  13165.35,   2358.23,         0,         0,         0,    745.17,    597.79,     23.24,         0,         0,  27566.10
   15,   13,   1613.23,      7.00,      0.46,   1884.66,    312.22,         0,         0,         0,     90.58,     80.25,      2.07,         0,         0,   3990.47
   15,   14,   5946.23,    495.00,     61.81,   7032.75,   1503.62,         0,         0,         0,    357.65,    361.11,      5.87,         0,         0,  15764.04
   15,   15,   6163.04,         0,  18178.12,  76266.22,  13745.47,         0,         0,         0,  12042.63,   1239.40,     37.13,         0,         0, 127672.01
   15,   16,  14625.60,    161.00,   7310.46,  68619.28,  12616.04,         0,         0,         0,   2722.64,    891.30,     36.61,         0,         0, 106982.93
   15,   17,   5237.07,         0,    168.91,   9801.03,   1919.97,         0,         0,         0,    433.18,    278.80,      9.61,         0,         0,  17848.57
   15,   18,     47.05,         0,         0,     80.54,     28.47,         0,         0,         0,      6.59,      2.02,         0,         0,         0,    164.67
   15,   19,     89.69,         0,     11.55,     89.60,     70.75,         0,         0,         0,     17.76,      4.52,      0.12,         0,         0,    283.99
   15,   20,   2934.60,     46.00,    100.78,   3504.33,   1405.48,         0,         0,         0,    335.68,    112.00,      3.33,         0,         0,   8442.20
   15,   21,   1004.46,    508.00,      8.98,   1257.90,    453.56,         0,         0,         0,    147.27,     64.77,      1.63,         0,         0,   3446.57
   15,   22,    198.16,         0,      0.82,    194.89,     76.78,         0,         0,         0,     35.07,     19.75,      0.46,         0,         0,    525.93
   15,   23,      3.43,         0,         0,      1.52,      0.53,         0,         0,         0,      0.06,      0.03,         0,         0,         0,      5.57
   15,   24,         0,         0,         0,      1.63,      0.09,         0,         0,         0,      0.59,      0.06,         0,         0,         0,      2.37
   15,   25,      2.56,         0,         0,     40.78,      4.47,         0,         0,         0,      1.94,      0.49,         0,         0,         0,     50.24
   15,   26,         0,         0,         0,         0,         0,         0,         0,         0,      0.66,         0,         0,         0,         0,      0.66
   15,   27,         0,         0,         0,         0,         0,   2059.90,         0,         0,         0,         0,         0,     64.26,    207.98,   2332.14
   16,    1,     40.84,         0,         0,      0.37,      1.30,         0,         0,         0,      7.18,     13.10,     33.67,         0,         0,     96.46
   16,    2,         0,         0,         0,         0,         0,         0,         0,         0,      0.59,      0.26,      0.71,         0,         0,      1.56
   16,    3,         0,         0,         0,         0,         0,         0,         0,         0,         0,         0,         0,         0,         0,         0
   16,    4,    250.17,         0,      0.51,    144.87,    178.22,         0,         0,         0,    155.79,    140.92,     99.91,         0,         0,    970.39
   16,    5,    395.47,    122.00,      1.52,    302.61,    295.61,         0,         0,         0,    207.53,    168.96,    103.36,         0,         0,   1597.06
   16,    6,         0,         0,         0,      0.01,      0.01,         0,         0,         0,         0,         0,         0,         0,         0,      0.02
   16,    7,         0,         0,         0,         0,         0,         0,         0,         0,      0.13,         0,         0,         0,         0,      0.13
   16,    8,   1030.31,      5.00,     10.93,    631.91,    837.14,         0,         0,         0,    510.43,     70.69,      4.48,         0,         0,   3100.89
   16,    9,   3006.54,         0,     50.81,   1940.11,   2106.06,         0,         0,         0,    661.57,     97.23,     11.10,         0,         0,   7873.42
   16,   10,         0,         0,         0,      1.43,      0.08,         0,         0,         0,         0,         0,         0,         0,         0,      1.51
   16,   11,   8526.44,         0,    156.83,   6895.22,   2204.47,         0,         0,         0,    657.74,    481.87,     36.62,         0,         0,  18959.19
   16,   12,  35510.08,   1463.00,   5456.26,  67492.90,  23186.69,         0,         0,         0,   4776.79,   2415.21,    168.36,         0,         0, 140469.29
   16,   13,   6651.58,     35.00,      2.16,   6490.03,   2556.69,         0,         0,         0,    570.95,    327.14,     21.17,         0,         0,  16654.72
   16,   14,  26418.02,   2369.00,    704.21,  34154.79,  16477.27,         0,         0,         0,   2995.52,   1834.76,     82.74,         0,         0,  85036.31
   16,   15,   6029.76,         0,   4828.28,  31055.06,  12332.03,         0,         0,         0,   2637.02,    888.21,     37.63,         0,         0,  57807.99
   16,   16,  59089.92,    463.00,  56020.93, 376489.59, 145864.10,         0,         0,         0,  42916.80,   8446.80,    579.29,         0,         0, 689870.43
   16,   17,  21798.04,         0,   4308.84,  71679.67,  36391.12,         0,         0,         0,   6408.76,   2976.37,    208.39,         0,         0, 143771.19
   16,   18,    176.53,         0,         0,    184.51,    240.77,         0,         0,         0,     59.33,      9.02,      0.11,         0,         0,    670.27
   16,   19,    173.37,         0,     24.57,    158.10,    330.04,         0,         0,         0,     79.94,     23.79,      0.49,         0,         0,    790.30
   16,   20,   7368.96,    184.00,    356.56,   8447.96,   8613.06,         0,         0,         0,   1907.58,    636.22,     33.85,         0,         0,  27548.19
   16,   21,   2500.94,   1569.00,     30.39,   2528.14,   2898.47,         0,         0,         0,    860.72,    356.13,     13.42,         0,         0,  10757.21
   16,   22,    466.36,         0,      3.69,    271.60,    549.00,         0,         0,         0,    243.31,    106.16,      3.15,         0,         0,   1643.27
   16,   23,      6.26,         0,         0,      1.88,      4.08,         0,         0,         0,      1.02,      0.20,         0,         0,         0,     13.44
   16,   24,         0,         0,         0,      4.41,      1.41,         0,         0,         0,      4.07,      0.13,         0,         0,         0,     10.02
   16,   25,      6.06,         0,         0,     42.22,     28.57,         0,         0,         0,     10.42,      2.71,         0,         0,         0,     89.98
   16,   26,         0,         0,         0,         0,         0,         0,         0,         0,      1.46,         0,         0,         0,         0,      1.46
   16,   27,         0,         0,         0,         0,         0,   8105.78,         0,         0,         0,         0,         0,    467.18,    848.67,   9421.63
   17,    1,     29.79,         0,         0,         0,      1.11,         0,         0,         0,      7.42,     11.07,     22.10,         0,         0,     71.49
   17,    2,         0,         0,         0,         0,         0,         0,         0,         0,      0.69,      0.25,      0.44,         0,         0,      1.38
   17,    3,         0,         0,         0,         0,         0,         0,         0,         0,         0,         0,         0,         0,         0,         0
   17,    4,    184.71,         0,      0.29,     74.30,    160.81,         0,         0,         0,    141.55,    109.36,     66.38,         0,         0,    737.40
   17,    5,    291.79,     77.00,      0.84,    172.27,    256.35,         0,         0,         0,    183.41,    129.69,     71.32,         0,         0,   1182.67
   17,    6,         0,         0,         0,         0,         0,         0,         0,         0,         0,         0,         0,         0,         0,         0
   17,    7,         0,         0,         0,         0,         0,         0,         0,         0,      0.01,         0,         0,         0,         0,      0.01
   17,    8,    769.84,      9.00,      7.32,    372.01,    719.69,         0,         0,         0,    444.64,     52.61,      3.43,         0,         0,   2378.54
   17,    9,   2160.51,         0,     32.23,   1202.48,   1861.71,         0,         0,         0,    588.36,     76.41,      8.09,         0,         0,   5929.79
   17,   10,         0,         0,         0,      0.81,      0.08,         0,         0,         0,         0,         0,         0,         0,         0,      0.89
   17,   11,   3614.06,         0,     22.38,   1688.77,   1097.23,         0,         0,         0,    384.46,    296.24,     21.87,         0,         0,   7125.01
   17,   12,  19416.99,    836.00,    465.62,  19489.46,  11694.19,         0,         0,         0,   2771.42,   1611.41,    111.65,         0,         0,  56396.74
   17,   13,   5889.56,     31.00,      1.58,   4923.96,   2471.56,         0,         0,         0,    538.12,    271.44,     19.26,         0,         0,  14146.48
   17,   14,  32106.57,   2632.00,   2557.63,  58404.08,  29362.20,         0,         0,         0,   5150.18,   2196.32,    109.47,         0,         0, 132518.45
   17,   15,   1304.28,         0,    144.09,   1431.59,   1804.57,         0,         0,         0,    452.69,    275.38,      9.83,         0,         0,   5422.43
   17,   16,  21878.19,    247.00,   3359.98,  61081.15,  35696.55,         0,         0,         0,   6524.92,   2964.16,    206.79,         0,         0, 131958.74
   17,   17,  40822.16,         0,  36163.29, 284972.97, 117688.85,         0,         0,         0,  32781.40,   5112.48,    344.44,         0,         0, 517885.59
   17,   18,    328.13,         0,      0.02,    658.29,    390.59,         0,         0,         0,    154.85,     10.55,      0.18,         0,         0,   1542.61
   17,   19,     74.11,         0,     13.58,     53.54,    189.56,         0,         0,         0,     51.13,     14.18,      0.14,         0,         0,    396.24
   17,   20,   5319.55,    134.00,    453.78,   5477.07,   6695.28,         0,         0,         0,   1572.38,    468.01,     17.37,         0,         0,  20137.44
   17,   21,   1856.68,   1167.00,     32.24,   1669.39,   2422.97,         0,         0,         0,    712.12,    268.67,      6.73,         0,         0,   8135.80
   17,   22,    338.02,         0,      5.97,    151.50,    454.23,         0,         0,         0,    198.52,     76.78,      1.05,         0,         0,   1226.07
   17,   23,      2.83,         0,      0.02,      0.65,      2.06,         0,         0,         0,      0.58,      0.08,         0,         0,         0,      6.22
   17,   24,         0,         0,         0,      5.54,      1.39,         0,         0,         0,      6.86,      0.06,         0,         0,         0,     13.85
   17,   25,      4.54,         0,         0,     23.33,     23.69,         0,         0,         0,      8.98,      2.11,         0,         0,         0,     62.65
   17,   26,         0,         0,         0,         0,         0,         0,         0,         0,      0.47,         0,         0,         0,         0,      0.47
   17,   27,         0,         0,         0,         0,         0,   6686.44,         0,         0,         0,         0,         0,    386.24,    461.94,   7534.62
   18,    1,      0.16,         0,         0,         0,         0,         0,         0,         0,      0.05,         0,      0.03,         0,         0,      0.24
   18,    2,         0,         0,         0,         0,         0,         0,         0,         0,         0,         0,         0,         0,         0,         0
   18,    3,         0,         0,         0,         0,         0,         0,         0,         0,         0,         0,         0,         0,         0,         0
   18,    4,      1.02,         0,         0,      0.04,      3.14,         0,         0,         0,      3.00,      0.88,      0.08,         0,         0,      8.16
   18,    5,      1.55,         0,         0,      0.66,      7.10,         0,         0,         0,      4.48,      1.10,      0.13,         0,         0,     15.02
   18,    6,         0,         0,         0,         0,         0,         0,         0,         0,         0,         0,         0,         0,         0,         0
   18,    7,         0,         0,         0,         0,         0,         0,         0,         0,         0,         0,         0,         0,         0,         0
   18,    8,      4.82,         0,      0.17,      3.20,     28.92,         0,         0,         0,     12.36,      0.53,         0,         0,         0,     50.00
   18,    9,     13.04,         0,      1.29,      9.16,     52.87,         0,         0,         0,     15.61,      0.61,         0,         0,         0,     92.58
   18,   10,         0,         0,         0,         0,         0,         0,         0,         0,         0,         0,         0,         0,         0,         0
   18,   11,     20.22,         0,      0.70,     12.62,     30.28,         0,         0,         0,     10.12,      2.77,      0.05,         0,         0,     76.76
   18,   12,     97.51,         0,      7.55,    199.35,    267.46,         0,         0,         0,     87.43,     12.04,      0.13,         0,         0,    671.47
   18,   13,     33.27,         0,      0.09,     40.83,     82.01,         0,         0,         0,     23.07,      2.12,         0,         0,         0,    181.39
   18,   14,    188.70,     19.00,     26.79,    275.88,    638.28,         0,         0,         0,    285.75,     11.55,      0.04,         0,         0,   1445.99
   18,   15,      3.75,         0,      1.61,      3.23,     33.78,         0,         0,         0,      6.55,      2.01,         0,         0,         0,     50.93
   18,   16,     54.34,         0,      9.85,     52.84,    297.69,         0,         0,         0,     76.42,      8.91,      0.09,         0,         0,    500.14
   18,   17,     94.44,         0,     34.27,    199.03,    508.34,         0,         0,         0,    271.72,     10.45,      0.18,         0,         0,   1118.43
   18,   18,     88.35,         0,     12.90,   1029.01,   3158.80,         0,         0,         0,   2134.36,      8.00,      0.15,         0,         0,   6431.57
   18,   19,      0.16,         0,      0.10,      0.01,      3.66,         0,         0,         0,      1.08,      0.23,         0,         0,         0,      5.24
   18,   20,     12.82,         0,      3.12,      7.55,    112.79,         0,         0,         0,     24.78,      6.55,         0,         0,         0,    167.61
   18,   21,      5.19,     58.00,      0.18,      6.57,     53.12,         0,         0,         0,     16.35,      4.31,         0,         0,         0,    143.72
   18,   22,      0.74,         0,         0,      0.17,     11.27,         0,         0,         0,      4.82,      1.29,         0,         0,         0,     18.29
   18,   23,         0,         0,         0,         0,      0.02,         0,         0,         0,         0,         0,         0,         0,         0,      0.02
   18,   24,         0,         0,         0,         0,      0.02,         0,         0,         0,         0,         0,         0,         0,         0,      0.02
   18,   25,      0.01,         0,         0,      0.08,      0.52,         0,         0,         0,      0.17,      0.03,         0,         0,         0,      0.81
   18,   26,         0,         0,         0,         0,         0,         0,         0,         0,         0,         0,         0,         0,         0,         0
   18,   27,         0,         0,         0,         0,         0,     18.88,         0,         0,         0,         0,         0,      1.36,      1.44,     21.68
   19,    1,      7.46,         0,         0,         0,         0,         0,         0,         0,         0,         0,      0.15,         0,         0,      7.61
   19,    2,         0,         0,         0,         0,         0,         0,         0,         0,         0,         0,         0,         0,         0,         0
   19,    3,         0,         0,         0,         0,         0,         0,         0,         0,         0,         0,         0,         0,         0,         0
   19,    4,     32.81,         0,         0,      1.01,         0,         0,         0,         0,      0.06,      0.79,      1.03,         0,         0,     35.70
   19,    5,     48.75,         0,         0,      6.92,      0.03,         0,         0,         0,      0.38,      2.79,      0.65,         0,         0,     59.52
   19,    6,         0,         0,         0,         0,         0,         0,         0,         0,         0,         0,         0,         0,         0,         0
   19,    7,         0,         0,         0,         0,         0,         0,         0,         0,         0,         0,         0,         0,         0,         0
   19,    8,    112.06,         0,         0,    103.83,      3.58,         0,         0,         0,      6.15,      2.49,      0.01,         0,         0,    228.12
   19,    9,    219.64,         0,      0.93,    453.23,     29.70,         0,         0,         0,     14.52,      6.66,         0,         0,         0,    724.68
   19,   10,         0,         0,         0,      0.12,         0,         0,         0,         0,         0,         0,         0,         0,         0,      0.12
   19,   11,    403.77,         0,      1.71,    590.27,     24.99,         0,         0,         0,     13.52,      4.63,      0.22,         0,         0,   1039.11
   19,   12,   1488.88,         0,     13.17,   2445.82,    156.16,         0,         0,         0,     57.81,     18.47,      0.68,         0,         0,   4180.99
   19,   13,    456.40,         0,      0.03,   1057.90,     36.38,         0,         0,         0,     12.84,      2.58,         0,         0,         0,   1566.13
   19,   14,   1611.54,         0,      6.72,   3407.91,    184.51,         0,         0,         0,     47.53,     12.15,      0.07,         0,         0,   5270.43
   19,   15,    348.15,         0,     37.61,    628.92,     99.59,         0,         0,         0,     19.51,      4.18,      0.13,         0,         0,   1138.09
   19,   16,   2528.79,      9.00,    141.47,   4409.62,    478.19,         0,         0,         0,     89.55,     22.56,      0.64,         0,         0,   7679.82
   19,   17,   1394.46,         0,     58.90,   3103.55,    285.62,         0,         0,         0,     58.70,     13.39,      0.24,         0,         0,   4914.86
   19,   18,     15.85,         0,         0,     99.59,      4.54,         0,         0,         0,      1.16,      0.23,         0,         0,         0,    121.37
   19,   19,   3072.47,         0,  12830.19,  39135.82,   5134.04,         0,         0,         0,  20012.45,    524.76,      4.76,         0,         0,  80714.49
   19,   20,   6822.40,     25.00,   1884.46,  26338.81,   2643.23,         0,         0,         0,    615.64,    391.92,      0.99,         0,         0,  38722.45
   19,   21,   2335.89,    564.00,     48.40,   4037.03,    426.34,         0,         0,         0,     82.74,    151.15,      0.42,         0,         0,   7645.97
   19,   22,    431.36,         0,      7.91,    631.13,     67.44,         0,         0,         0,     16.85,     53.98,      0.12,         0,         0,   1208.79
   19,   23,     11.93,         0,      0.12,      6.89,      0.96,         0,         0,         0,     18.74,      0.40,         0,         0,         0,     39.04
   19,   24,         0,         0,         0,      2.76,      0.05,         0,         0,         0,      3.94,         0,         0,         0,         0,      6.75
   19,   25,      7.11,         0,         0,    163.93,      3.77,         0,         0,         0,      0.87,      1.39,         0,         0,         0,    177.07
   19,   26,         0,         0,         0,         0,         0,         0,         0,         0,    100.37,         0,         0,         0,         0,    100.37
   19,   27,         0,         0,         0,         0,         0,    383.15,         0,         0,         0,         0,         0,      8.37,     60.45,    451.97
   20,    1,     40.48,         0,         0,         0,         0,         0,         0,         0,      0.17,      2.11,     18.43,         0,         0,     61.19
   20,    2,         0,         0,         0,         0,         0,         0,         0,         0,         0,         0,      0.05,         0,         0,      0.05
   20,    3,         0,         0,         0,         0,         0,         0,         0,         0,         0,         0,         0,         0,         0,         0
   20,    4,    202.79,         0,         0,     45.94,     19.56,         0,         0,         0,     41.55,    134.86,     66.61,         0,         0,    511.31
   20,    5,    319.90,     60.00,      0.03,    174.75,     62.49,         0,         0,         0,     79.98,    180.57,     55.83,         0,         0,    933.55
   20,    6,         0,         0,         0,         0,         0,         0,         0,         0,         0,         0,         0,         0,         0,         0
   20,    7,         0,         0,         0,         0,         0,         0,         0,         0,         0,         0,         0,         0,         0,         0
   20,    8,    750.34,      6.00,      1.22,    672.14,    355.79,         0,         0,         0,    280.85,    127.90,      0.61,         0,         0,   2194.85
   20,    9,   1613.53,         0,      5.87,   1340.86,    701.26,         0,         0,         0,    352.04,    178.44,      1.01,         0,         0,   4193.01
   20,   10,         0,         0,         0,      1.32,         0,         0,         0,         0,         0,         0,         0,         0,         0,      1.32
   20,   11,   2553.85,         0,      7.96,   1708.35,    464.76,         0,         0,         0,    243.95,    106.45,     12.80,         0,         0,   5098.12
   20,   12,  11183.02,    232.00,     98.19,  11606.23,   3814.18,         0,         0,         0,   1242.76,    486.03,     45.13,         0,         0,  28707.54
   20,   13,   3798.73,     46.00,      0.53,   3671.01,    973.00,         0,         0,         0,    301.42,     84.81,      2.63,         0,         0,   8878.13
   20,   14,  12709.65,   1061.00,    112.13,  13984.69,   5083.37,         0,         0,         0,   1211.99,    400.44,     10.42,         0,         0,  34573.69
   20,   15,   1836.50,         0,    174.17,   2830.96,   1586.51,         0,         0,         0,    352.79,    100.37,      4.02,         0,         0,   6885.32
   20,   16,  18411.72,    151.00,   1037.91,  24498.25,   9982.42,         0,         0,         0,   1995.06,    575.00,     38.44,         0,         0,  56689.80
   20,   17,  12763.54,         0,    643.94,  22163.98,   7941.95,         0,         0,         0,   1634.24,    419.74,     20.11,         0,         0,  45587.50
   20,   18,    117.62,         0,         0,    173.87,    106.42,         0,         0,         0,     26.45,      5.66,         0,         0,         0,    430.02
   20,   19,   1576.88,         0,   3396.98,   9244.43,   2316.49,         0,         0,         0,    598.78,    373.67,      0.95,         0,         0,  17508.18
   20,   20,  87905.74,    299.00,  93410.69, 535669.76, 186399.36,         0,         0,         0,  61792.80,  21013.48,    386.33,         0,         0, 986877.16
   20,   21,  27348.09,   6847.00,   1847.88,  53645.81,  23438.94,         0,         0,         0,   4201.16,   4739.24,     73.65,         0,         0, 122141.77
   20,   22,   4039.93,         0,    153.16,   2871.73,   2995.46,         0,         0,         0,    670.23,   1378.48,     10.33,         0,         0,  12119.32
   20,   23,     55.23,         0,      0.19,     28.18,     17.88,         0,         0,         0,     16.82,      8.46,         0,         0,         0,    126.76
   20,   24,         0,         0,         0,     81.15,     10.37,         0,         0,         0,     72.60,      0.96,         0,         0,         0,    165.08
   20,   25,     71.07,         0,         0,    332.21,    152.97,         0,         0,         0,     51.26,     37.59,         0,         0,         0,    645.10
   20,   26,         0,         0,         0,      0.05,         0,         0,         0,         0,     28.69,         0,         0,         0,         0,     28.74
   20,   27,         0,         0,         0,         0,         0,   5012.01,         0,         0,         0,         0,         0,    622.05,    673.71,   6307.77
   21,    1,     13.15,         0,         0,         0,         0,         0,         0,         0,         0,         0,      4.46,         0,         0,     17.61
   21,    2,         0,         0,         0,         0,         0,         0,         0,         0,         0,         0,         0,         0,         0,         0
   21,    3,         0,         0,         0,         0,         0,         0,         0,         0,         0,         0,         0,         0,         0,         0
   21,    4,     57.69,         0,         0,      0.05,      0.10,         0,         0,         0,      8.42,     26.11,     49.35,         0,         0,    141.72
   21,    5,    101.57,     20.00,         0,      2.06,      1.16,         0,         0,         0,     22.77,     51.69,     43.52,         0,         0,    242.77
   21,    6,         0,         0,         0,         0,         0,         0,         0,         0,         0,         0,         0,         0,         0,         0
   21,    7,         0,         0,         0,         0,         0,         0,         0,         0,         0,         0,         0,         0,         0,         0
   21,    8,    219.82,      2.00,         0,     55.24,     64.75,         0,         0,         0,    134.39,     54.01,      0.45,         0,         0,    530.66
   21,    9,    432.10,         0,      0.97,    242.25,    381.43,         0,         0,         0,    241.16,    104.93,      0.71,         0,         0,   1403.55
   21,   10,         0,         0,         0,      0.01,         0,         0,         0,         0,         0,         0,         0,         0,         0,      0.01
   21,   11,    593.24,         0,      0.52,    283.35,    218.13,         0,         0,         0,    162.73,     68.44,      7.72,         0,         0,   1334.13
   21,   12,   2636.86,    111.00,      9.79,   2773.48,   1527.61,         0,         0,         0,    791.24,    295.72,     28.68,         0,         0,   8174.38
   21,   13,   1064.05,     63.00,         0,    576.14,    433.10,         0,         0,         0,    203.75,     51.46,      1.41,         0,         0,   2392.91
   21,   14,   3188.83,    530.00,      8.44,   2089.38,   2142.11,         0,         0,         0,    757.80,    232.50,      7.52,         0,         0,   8956.58
   21,   15,    276.03,         0,     25.19,    221.68,    520.16,         0,         0,         0,    166.25,     54.19,      2.39,         0,         0,   1265.89
   21,   16,   3134.28,     24.00,    124.48,   2013.45,   3407.63,         0,         0,         0,    964.22,    298.83,     18.32,         0,         0,   9985.21
   21,   17,   2445.34,         0,     98.38,   2037.81,   2922.42,         0,         0,         0,    807.48,    221.94,     10.09,         0,         0,   8543.46
   21,   18,     27.07,         0,         0,     22.69,     51.69,         0,         0,         0,     18.00,      3.36,         0,         0,         0,    122.81
   21,   19,    150.20,         0,     36.23,     87.09,    349.49,         0,         0,         0,     84.19,    129.09,      0.44,         0,         0,    836.73
   21,   20,  18671.84,    113.00,   4214.57,  27521.06,  23441.18,         0,         0,         0,   4533.08,   4466.13,     78.94,         0,         0,  83039.80
   21,   21,  94472.46,  39298.00,  54017.08, 456176.94, 228046.39,         0,         0,         0,  43029.29,  22114.65,    366.23,         0,         0, 937521.04
   21,   22,   9566.13,         0,   1996.39,  10099.49,  12921.01,         0,         0,         0,   2424.27,   2530.26,     32.33,         0,         0,  39569.88
   21,   23,     21.69,         0,      0.69,      4.65,     33.05,         0,         0,         0,      5.95,     10.67,         0,         0,         0,     76.70
   21,   24,         0,         0,         0,      1.88,      0.94,         0,         0,         0,     88.60,      0.15,         0,         0,         0,     91.57
   21,   25,    122.75,         0,         0,    372.12,    374.13,         0,         0,         0,    177.55,     49.90,      0.01,         0,         0,   1096.46
   21,   26,         0,         0,         0,         0,      0.02,         0,         0,         0,      0.31,         0,         0,         0,         0,      0.33
   21,   27,         0,         0,         0,         0,         0,   5523.92,         0,         0,         0,         0,         0,    924.14,    853.32,   7301.38
   22,    1,     20.31,         0,         0,         0,         0,         0,         0,         0,         0,         0,      2.00,         0,         0,     22.31
   22,    2,         0,         0,         0,         0,         0,         0,         0,         0,         0,         0,         0,         0,         0,         0
   22,    3,         0,         0,         0,         0,         0,         0,         0,         0,         0,         0,         0,         0,         0,         0
   22,    4,     78.30,         0,         0,         0,         0,         0,         0,         0,      0.31,      0.27,     20.23,         0,         0,     99.11
   22,    5,    116.40,     99.00,         0,         0,         0,         0,         0,         0,      1.41,      1.60,     18.46,         0,         0,    236.87
   22,    6,         0,         0,         0,         0,         0,         0,         0,         0,         0,         0,         0,         0,         0,         0
   22,    7,         0,         0,         0,         0,         0,         0,         0,         0,         0,         0,         0,         0,         0,         0
   22,    8,    261.78,     15.00,         0,      0.17,      0.20,         0,         0,         0,     14.28,      5.42,      0.07,         0,         0,    296.92
   22,    9,    416.56,         0,         0,    134.88,     58.97,         0,         0,         0,     56.16,     27.45,      0.06,         0,         0,    694.08
   22,   10,         0,         0,         0,         0,         0,         0,         0,         0,         0,         0,         0,         0,         0,         0
   22,   11,    535.93,         0,         0,    239.91,     46.85,         0,         0,         0,     50.72,     23.24,      3.62,         0,         0,    900.27
   22,   12,   2222.39,         0,      0.15,   2086.66,    422.30,         0,         0,         0,    268.86,    102.00,     11.98,         0,         0,   5114.34
   22,   13,    967.37,      3.00,         0,    683.20,    117.35,         0,         0,         0,     64.16,     14.09,      0.28,         0,         0,   1849.45
   22,   14,   2688.18,    202.00,      0.08,   2321.10,    563.16,         0,         0,         0,    227.82,     71.48,      2.75,         0,         0,   6076.57
   22,   15,    190.36,         0,      3.13,    214.04,    121.00,         0,         0,         0,     47.31,     16.95,      0.70,         0,         0,    593.49
   22,   16,   2163.88,         0,     13.73,   1694.71,    845.03,         0,         0,         0,    313.58,     89.85,      5.58,         0,         0,   5126.36
   22,   17,   1691.24,         0,      4.90,   1759.80,    725.21,         0,         0,         0,    260.98,     64.29,      2.30,         0,         0,   4508.72
   22,   18,     17.12,         0,         0,     22.00,     13.70,         0,         0,         0,      6.16,      0.99,         0,         0,         0,     59.97
   22,   19,     90.29,         0,      4.15,     55.50,     68.74,         0,         0,         0,     19.84,     47.34,      0.21,         0,         0,    286.07
   22,   20,   8361.40,         0,    167.31,   4741.32,   3748.24,         0,         0,         0,    767.26,   1346.34,     13.18,         0,         0,  19145.05
   22,   21,  28774.79,   3462.00,    435.01,  39020.80,  15429.94,         0,         0,         0,   2314.00,   2661.90,     36.42,         0,         0,  92134.86
   22,   22,  52764.31,         0,  50867.77, 312140.42, 106570.41,         0,         0,         0,  50113.33,  10553.34,    228.28,         0,         0, 583237.86
   22,   23,    264.87,         0,     42.78,    290.33,    118.71,         0,         0,         0,     21.11,     15.81,         0,         0,         0,    753.61
   22,   24,         0,         0,         0,      0.78,      0.09,         0,         0,         0,     16.73,      0.01,         0,         0,         0,     17.61
   22,   25,     61.97,         0,         0,    970.38,    262.70,         0,         0,         0,    164.56,     31.68,         0,         0,         0,   1491.29
   22,   26,         0,         0,         0,      1.06,      0.05,         0,         0,         0,      2.72,         0,         0,         0,         0,      3.83
   22,   27,         0,         0,         0,         0,         0,   6014.58,         0,         0,         0,         0,         0,    434.04,    984.54,   7433.16
   23,    1,      0.45,         0,         0,         0,         0,         0,         0,         0,         0,         0,         0,         0,         0,      0.45
   23,    2,         0,         0,         0,         0,         0,         0,         0,         0,         0,         0,         0,         0,         0,         0
   23,    3,         0,         0,         0,         0,         0,         0,         0,         0,         0,         0,         0,         0,         0,         0
   23,    4,      1.48,         0,         0,         0,         0,         0,         0,         0,         0,         0,         0,         0,         0,      1.48
   23,    5,      1.83,         0,         0,         0,         0,         0,         0,         0,         0,         0,         0,         0,         0,      1.83
   23,    6,         0,         0,         0,         0,         0,         0,         0,         0,         0,         0,         0,         0,         0,         0
   23,    7,         0,         0,         0,         0,         0,         0,         0,         0,         0,         0,         0,         0,         0,         0
   23,    8,      4.51,         0,         0,         0,         0,         0,         0,         0,         0,         0,         0,         0,         0,      4.51
   23,    9,      6.49,         0,         0,      1.02,         0,         0,         0,         0,         0,         0,         0,         0,         0,      7.51
   23,   10,         0,         0,         0,         0,         0,         0,         0,         0,         0,         0,         0,         0,         0,         0
   23,   11,      8.63,         0,         0,      5.97,      0.03,         0,         0,         0,      0.03,      0.02,         0,         0,         0,     14.68
   23,   12,     31.84,         0,      0.11,     60.36,      0.87,         0,         0,         0,      0.36,      0.07,         0,         0,         0,     93.61
   23,   13,     12.71,      1.00,         0,      9.94,      0.07,         0,         0,         0,      0.04,         0,         0,         0,         0,     23.76
   23,   14,     38.54,         0,      0.04,     68.08,      0.92,         0,         0,         0,      0.17,      0.04,         0,         0,         0,    107.79
   23,   15,      3.12,         0,      0.80,     18.96,      1.47,         0,         0,         0,      0.17,      0.03,         0,         0,         0,     24.55
   23,   16,     28.78,         0,      2.02,    140.87,      9.45,         0,         0,         0,      1.33,      0.14,         0,         0,         0,    182.59
   23,   17,     20.51,         0,      0.50,    116.46,      5.43,         0,         0,         0,      0.86,      0.08,         0,         0,         0,    143.84
   23,   18,      0.23,         0,         0,      0.37,      0.02,         0,         0,         0,         0,         0,         0,         0,         0,      0.62
   23,   19,      2.89,         0,      2.29,      6.77,      1.37,         0,         0,         0,     13.07,      0.34,         0,         0,         0,     26.73
   23,   20,     83.32,         0,     18.19,    251.66,     29.76,         0,         0,         0,     61.69,      8.32,         0,         0,         0,    452.94
   23,   21,    194.04,     11.00,     16.99,    551.71,     55.16,         0,         0,         0,      6.34,     11.81,         0,         0,         0,    847.05
   23,   22,    368.99,         0,    318.50,   1044.24,    140.18,         0,         0,         0,    126.41,     15.93,         0,         0,         0,   2014.25
   23,   23,    214.84,         0,    294.91,   1827.32,    237.96,         0,         0,         0,   1175.81,      9.88,         0,         0,         0,   3760.72
   23,   24,         0,         0,         0,      0.06,         0,         0,         0,         0,      7.93,         0,         0,         0,         0,      7.99
   23,   25,      0.57,         0,         0,     41.62,      3.12,         0,         0,         0,      2.89,      0.23,         0,         0,         0,     48.43
   23,   26,         0,         0,         0,      2.11,      0.10,         0,         0,         0,     50.72,         0,         0,         0,         0,     52.93
   23,   27,         0,         0,         0,         0,         0,     49.69,         0,         0,         0,         0,         0,      1.36,      1.22,     52.27
   24,    1,         0,         0,         0,         0,         0,         0,         0,         0,         0,         0,         0,         0,         0,         0
   24,    2,         0,         0,         0,         0,         0,         0,         0,         0,         0,         0,         0,         0,         0,         0
   24,    3,         0,         0,         0,         0,         0,         0,         0,         0,         0,         0,         0,         0,         0,         0
   24,    4,      0.05,         0,         0,         0,         0,         0,         0,         0,         0,         0,      0.04,         0,         0,      0.09
   24,    5,      0.07,         0,         0,      0.05,         0,         0,         0,         0,         0,         0,      0.02,         0,         0,      0.14
   24,    6,         0,         0,         0,         0,         0,         0,         0,         0,         0,         0,         0,         0,         0,         0
   24,    7,         0,         0,         0,         0,         0,         0,         0,         0,         0,         0,         0,         0,         0,         0
   24,    8,      0.21,         0,         0,      0.20,         0,         0,         0,         0,         0,         0,         0,         0,         0,      0.41
   24,    9,      0.71,         0,         0,      0.66,         0,         0,         0,         0,         0,         0,         0,         0,         0,      1.37
   24,   10,         0,         0,         0,         0,         0,         0,         0,         0,         0,         0,         0,         0,         0,         0
   24,   11,      1.08,         0,         0,      0.92,      0.02,         0,         0,         0,         0,      0.04,         0,         0,         0,      2.06
   24,   12,      5.32,         0,      0.11,      6.37,      0.31,         0,         0,         0,      0.15,      0.16,      0.01,         0,         0,     12.43
   24,   13,      1.79,         0,         0,      2.55,      0.05,         0,         0,         0,         0,      0.01,         0,         0,         0,      4.40
   24,   14,      6.08,         0,      0.19,      9.89,      0.37,         0,         0,         0,      0.25,      0.10,         0,         0,         0,     16.88
   24,   15,      0.65,         0,      0.18,      1.40,      0.11,         0,         0,         0,      0.89,      0.06,         0,         0,         0,      3.29
   24,   16,      8.84,         0,      1.25,     16.70,      1.63,         0,         0,         0,      4.94,      0.13,         0,         0,         0,     33.49
   24,   17,      7.12,         0,      0.91,     21.51,      1.74,         0,         0,         0,      7.27,      0.06,         0,         0,         0,     38.61
   24,   18,      0.05,         0,         0,      0.11,      0.02,         0,         0,         0,      0.01,         0,         0,         0,         0,      0.19
   24,   19,      0.16,         0,      0.11,      0.32,      0.01,         0,         0,         0,      3.40,         0,         0,         0,         0,      4.00
   24,   20,     17.77,         0,     18.04,    109.13,      9.91,         0,         0,         0,    103.63,      1.00,         0,         0,         0,    259.48
   24,   21,      4.27,         0,      0.22,      8.10,      0.90,         0,         0,         0,     82.91,      0.19,         0,         0,         0,     96.59
   24,   22,      0.65,         0,      0.05,      0.42,      0.05,         0,         0,         0,     55.73,      0.01,         0,         0,         0,     56.91
   24,   23,         0,         0,         0,         0,         0,         0,         0,         0,      1.71,         0,         0,         0,         0,      1.71
   24,   24,         0,         0,         0,      1.54,      0.06,         0,         0,         0,    191.74,      0.01,         0,         0,         0,    193.35
   24,   25,      0.01,         0,         0,      0.08,      0.01,         0,         0,         0,      1.48,         0,         0,         0,         0,      1.58
   24,   26,         0,         0,         0,         0,         0,         0,         0,         0,      0.53,         0,         0,         0,         0,      0.53
   24,   27,         0,         0,         0,         0,         0,      1.09,         0,         0,         0,         0,         0,      0.23,         0,      1.32
   25,    1,      0.63,         0,         0,         0,         0,         0,         0,         0,         0,         0,         0,         0,         0,      0.63
   25,    2,         0,         0,         0,         0,         0,         0,         0,         0,         0,         0,         0,         0,         0,         0
   25,    3,         0,         0,         0,         0,         0,         0,         0,         0,         0,         0,         0,         0,         0,         0
   25,    4,      1.92,         0,         0,         0,         0,         0,         0,         0,         0,         0,      0.07,         0,         0,      1.99
   25,    5,      2.46,         0,         0,         0,         0,         0,         0,         0,      0.03,         0,      0.13,         0,         0,      2.62
   25,    6,         0,         0,         0,         0,         0,         0,         0,         0,         0,         0,         0,         0,         0,         0
   25,    7,         0,         0,         0,         0,         0,         0,         0,         0,         0,         0,         0,         0,         0,         0
   25,    8,      6.12,         0,         0,         0,         0,         0,         0,         0,      0.34,      0.10,         0,         0,         0,      6.56
   25,    9,      9.16,         0,         0,      1.08,      3.10,         0,         0,         0,      2.00,      0.86,         0,         0,         0,     16.20
   25,   10,         0,         0,         0,         0,         0,         0,         0,         0,         0,         0,         0,         0,         0,         0
   25,   11,     12.45,         0,         0,      3.55,      2.61,         0,         0,         0,      1.55,      0.50,      0.02,         0,         0,     20.68
   25,   12,     47.96,         0,      0.18,     45.57,     22.08,         0,         0,         0,      8.85,      2.33,      0.06,         0,         0,    127.03
   25,   13,     19.64,         0,         0,     13.04,      6.21,         0,         0,         0,      2.18,      0.45,         0,         0,         0,     41.52
   25,   14,     58.76,         0,      0.14,     66.73,     29.65,         0,         0,         0,      8.53,      2.02,      0.02,         0,         0,    165.85
   25,   15,      3.78,         0,      1.00,     11.82,      6.60,         0,         0,         0,      2.06,      0.44,         0,         0,         0,     25.70
   25,   16,     42.48,         0,      4.41,    130.33,     43.08,         0,         0,         0,     12.01,      2.25,         0,         0,         0,    234.56
   25,   17,     33.12,         0,      1.93,    129.37,     36.46,         0,         0,         0,     10.39,      1.69,         0,         0,         0,    212.96
   25,   18,      0.39,         0,         0,      0.47,      0.61,         0,         0,         0,      0.19,      0.03,         0,         0,         0,      1.69
   25,   19,      1.71,         0,      1.55,      4.26,      3.87,         0,         0,         0,      0.92,      1.23,         0,         0,         0,     13.54
   25,   20,    150.98,         0,     65.76,    348.33,    193.82,         0,         0,         0,    160.80,     36.79,         0,         0,         0,    956.48
   25,   21,    427.92,      2.00,    103.20,   1310.32,    467.00,         0,         0,         0,    237.89,     52.96,      0.01,         0,         0,   2601.30
   25,   22,    483.87,         0,    530.19,   1445.93,    248.74,         0,         0,         0,    603.13,     31.54,         0,         0,         0,   3343.40
   25,   23,      7.48,         0,      3.14,      9.73,      2.29,         0,         0,         0,      1.20,      0.23,         0,         0,         0,     24.07
   25,   24,         0,         0,         0,      0.05,      0.01,         0,         0,         0,      2.22,         0,         0,         0,         0,      2.28
   25,   25,     40.19,         0,         0,   1561.36,    889.42,         0,         0,         0,   3157.81,     18.27,      0.10,         0,         0,   5667.15
   25,   26,         0,         0,         0,      0.08,      0.01,         0,         0,         0,      0.19,         0,         0,         0,         0,      0.28
   25,   27,         0,         0,         0,         0,         0,     55.74,         0,         0,         0,         0,         0,      4.57,      1.08,     61.39
   26,    1,         0,         0,         0,         0,         0,         0,         0,         0,         0,         0,         0,         0,         0,         0
   26,    2,         0,         0,         0,         0,         0,         0,         0,         0,         0,         0,         0,         0,         0,         0
   26,    3,         0,         0,         0,         0,         0,         0,         0,         0,         0,         0,         0,         0,         0,         0
   26,    4,         0,         0,         0,         0,         0,         0,         0,         0,         0,         0,         0,         0,         0,         0
   26,    5,         0,         0,         0,         0,         0,         0,         0,         0,         0,         0,         0,         0,         0,         0
   26,    6,         0,         0,         0,         0,         0,         0,         0,         0,         0,         0,         0,         0,         0,         0
   26,    7,         0,         0,         0,         0,         0,         0,         0,         0,         0,         0,         0,         0,         0,         0
   26,    8,         0,         0,         0,         0,         0,         0,         0,         0,         0,         0,         0,         0,         0,         0
   26,    9,         0,         0,         0,         0,         0,         0,         0,         0,         0,         0,         0,         0,         0,         0
   26,   10,         0,         0,         0,         0,         0,         0,         0,         0,         0,         0,         0,         0,         0,         0
   26,   11,      0.02,         0,         0,         0,         0,         0,         0,         0,         0,         0,         0,         0,         0,      0.02
   26,   12,      0.02,         0,         0,      0.02,         0,         0,         0,         0,         0,         0,         0,         0,         0,      0.04
   26,   13,         0,         0,         0,         0,         0,         0,         0,         0,         0,         0,         0,         0,         0,         0
   26,   14,      0.05,         0,         0,      0.01,         0,         0,         0,         0,         0,         0,         0,         0,         0,      0.06
   26,   15,         0,         0,         0,      0.04,         0,         0,         0,         0,      0.52,         0,         0,         0,         0,      0.56
   26,   16,         0,         0,         0,      0.64,         0,         0,         0,         0,      1.19,         0,         0,         0,         0,      1.83
   26,   17,         0,         0,         0,      0.47,         0,         0,         0,         0,      0.26,         0,         0,         0,         0,      0.73
   26,   18,         0,         0,         0,         0,         0,         0,         0,         0,         0,         0,         0,         0,         0,         0
   26,   19,      0.01,         0,      0.02,         0,         0,         0,         0,         0,    115.13,         0,         0,         0,         0,    115.16
   26,   20,      0.11,         0,      0.22,      1.24,         0,         0,         0,         0,     31.50,         0,         0,         0,         0,     33.07
   26,   21,      0.44,         0,      0.05,      3.36,      0.03,         0,         0,         0,      0.16,         0,         0,         0,         0,      4.04
   26,   22,      0.75,         0,      1.44,      3.21,      0.04,         0,         0,         0,     45.58,         0,         0,         0,         0,     51.02
   26,   23,      0.14,         0,      0.28,      1.36,      0.05,         0,         0,         0,     57.62,         0,         0,         0,         0,     59.45
   26,   24,         0,         0,         0,         0,         0,         0,         0,         0,      0.33,         0,         0,         0,         0,      0.33
   26,   25,         0,         0,         0,      0.17,      0.01,         0,         0,         0,      0.46,         0,         0,         0,         0,      0.64
   26,   26,         0,         0,         0,      0.06,         0,         0,         0,         0,    172.03,         0,         0,         0,         0,    172.09
   26,   27,         0,         0,         0,         0,         0,      0.10,         0,         0,         0,         0,         0,         0,         0,      0.10
   27,    1,   7924.42,         0,         0,         0,         0,         0,  16090.98,         0,         0,         0,         0,    678.25,    237.20,  24930.86
   27,    2,    176.67,         0,         0,         0,         0,         0,    358.52,         0,         0,         0,         0,      9.37,      3.09,    547.63
   27,    3,         0,         0,         0,         0,         0,         0,         0,         0,         0,         0,         0,         0,         0,         0
   27,    4,   2445.56,         0,         0,         0,         0,         0,   5459.43,         0,         0,         0,         0,    904.16,   1084.10,   9892.65
   27,    5,   2438.92,         0,         0,         0,         0,         0,   5557.45,         0,         0,         0,         0,    711.60,    483.89,   9191.24
   27,    6,      0.84,         0,         0,         0,         0,         0,      1.97,         0,         0,         0,         0,      0.10,      0.08,      2.97
   27,    7,         0,         0,         0,         0,         0,         0,      0.01,         0,         0,         0,         0,         0,         0,      0.01
   27,    8,   3213.82,         0,         0,         0,         0,         0,   6727.24,         0,         0,         0,         0,    651.13,    605.08,  11196.77
   27,    9,   1783.00,         0,         0,         0,         0,         0,   3046.88,         0,         0,         0,         0,    333.12,   1041.85,   6203.83
   27,   10,      0.17,         0,         0,         0,         0,         0,      0.30,         0,         0,         0,         0,         0,      0.04,      0.48
   27,   11,   2079.71,         0,         0,         0,         0,         0,   3051.09,         0,         0,         0,         0,    323.09,   1394.92,   6848.31
   27,   12,   7691.35,         0,         0,         0,         0,         0,  11450.92,         0,         0,         0,         0,   1269.98,   4105.90,  24515.59
   27,   13,   2410.77,         0,         0,         0,         0,         0,   3596.13,         0,         0,         0,         0,    320.69,    418.80,   6745.72
   27,   14,   9434.30,         0,         0,         0,         0,         0,  14079.38,         0,         0,         0,         0,   1104.96,   1666.84,  26282.00
   27,   15,    354.50,         0,         0,         0,         0,         0,    588.65,         0,         0,         0,         0,     81.60,    277.54,   1301.43
   27,   16,   1985.81,         0,         0,         0,         0,         0,   3457.22,         0,         0,         0,         0,    538.06,   1101.32,   7079.23
   27,   17,   2124.78,         0,         0,         0,         0,         0,   3539.22,         0,         0,         0,         0,    458.62,    679.15,   6799.01
   27,   18,     12.91,         0,         0,         0,         0,         0,     20.22,         0,         0,         0,         0,      1.85,      2.87,     37.87
   27,   19,     17.23,         0,         0,         0,         0,         0,    110.66,         0,         0,         0,         0,     13.50,     71.20,    212.26
   27,   20,   1025.31,         0,         0,         0,         0,         0,   5043.50,         0,         0,         0,         0,    754.69,    857.48,   7677.79
   27,   21,   1202.22,         0,         0,         0,         0,         0,   9853.69,         0,         0,         0,         0,   1214.54,   1114.04,  13381.74
   27,   22,   1261.60,         0,         0,         0,         0,         0,  10491.29,         0,         0,         0,         0,    903.15,   1091.27,  13744.31
   27,   23,     11.29,         0,         0,         0,         0,         0,     95.98,         0,         0,         0,         0,      4.59,      2.19,    114.07
   27,   24,      0.11,         0,         0,         0,         0,         0,      0.29,         0,         0,         0,         0,      0.28,      0.03,      0.70
   27,   25,      9.62,         0,         0,         0,         0,         0,     80.21,         0,         0,         0,         0,      5.25,      2.63,     97.56
   27,   26,      0.02,         0,         0,         0,         0,         0,      0.13,         0,         0,         0,         0,         0,         0,      0.15
   27,   27,         0,         0,         0,         0,         0,         0,         0,  16469.00,         0,         0,         0,   1800.00,   4421.00,  22690.00
