I,J,TOT,HBW,HBShp,HBOth,HBSch_Pr,HBSch_Sc,HBC,NHBW,NHBNW,IX,XI,XX,II_LT,II_MD,II_HV,Ext_MD,Ext_HV,HBSch,HBO,NHB,TTUNIQUE,HBOthnTT,Tot_HBW,Tel_HBW,Tot_NHBW,Tel_NHBW,II_LT_D2D,II_LT_HnS,II_LT_Lcl,II_LT_Reg,II_LT_LHl,II_LT_Unk,II_MD_D2D,II_MD_HnS,II_MD_Lcl,II_MD_Reg,II_MD_LHl,II_MD_Unk,II_HV_D2D,II_HV_HnS,II_HV_Lcl,II_HV_Reg,II_HV_LHl,II_HV_Unk,IX_MD,XI_MD,XX_MD,IX_HV,XI_HV,XX_HV
         1,         1,   129024.41,    11067.64,     9722.71,    49997.56,     4142.07,     4111.71,           0,     7227.95,    17209.27,           0,           0,           0,    15772.87,     5594.50,     4179.99,           0,           0,     8253.77,    59720.01,    24437.21,           0,    49997.56,    12293.97,     1226.92,     7700.60,      472.64,    12668.88,      589.71,     1500.45,      278.48,      114.35,      621.07,       57.86,      748.80,     4252.33,      123.44,       83.30,      328.82,      471.11,      343.98,     2384.13,      204.76,      146.38,      629.83,           0,           0,           0,           0,           0,           0
         1,         2,      957.07,       69.37,        5.32,      386.52,           0,           0,           0,       83.81,      161.59,           0,           0,           0,      183.28,       50.47,       17.05,           0,           0,           0,      391.80,      245.37,           0,      386.52,       76.65,        7.34,       87.20,        3.41,      144.38,        7.23,       20.72,        2.65,        0.84,        7.46,        0.13,        2.97,       44.44,        0.69,        0.41,        1.83,        2.25,        1.13,       10.49,        0.66,        0.28,        2.24,           0,           0,           0,           0,           0,           0
         1,         3,        0.54,           0,           0,           0,           0,           0,           0,           0,           0,           0,           0,           0,        0.54,           0,           0,           0,           0,           0,           0,           0,           0,           0,           0,           0,           0,           0,        0.54,           0,           0,           0,           0,           0,           0,           0,           0,           0,           0,           0,           0,           0,           0,           0,           0,           0,           0,           0,           0,           0,           0,           0
         1,         4,     9474.56,     1855.86,      443.71,     3494.72,      240.05,      340.48,           0,      638.32,      891.20,           0,           0,           0,      444.73,      595.98,      530.11,           0,           0,      580.53,     3938.37,     1529.44,           0,     3494.72,     2069.03,      213.18,      668.88,       30.16,      145.39,       41.84,      166.56,       29.19,        7.82,       53.93,        2.99,       75.17,      461.36,       18.18,       11.17,       27.11,       82.63,       63.17,      210.01,       57.21,       31.59,       85.52,           0,           0,           0,           0,           0,           0
         1,         5,     4779.48,     1237.60,       85.78,     1428.97,       14.74,       25.69,      217.00,      415.94,      412.10,           0,           0,           0,      194.71,      395.65,      353.68,           0,           0,       40.43,     1514.67,      827.59,           0,     1428.97,     1396.42,      160.26,      442.90,       26.94,       10.65,       24.84,      100.76,       22.00,        6.75,       29.71,        3.45,       52.54,      298.26,       13.02,        8.68,       19.71,       47.79,       38.18,      170.05,       31.38,       14.72,       51.56,           0,           0,           0,           0,           0,           0
         1,         6,        7.25,        0.07,           0,        2.06,           0,           0,           0,        0.04,        0.11,           0,           0,           0,        4.95,        0.02,           0,           0,           0,           0,        2.06,        0.15,           0,        2.06,        0.07,           0,        0.04,           0,        4.95,           0,           0,           0,           0,           0,           0,           0,        0.02,           0,           0,           0,           0,           0,           0,           0,           0,           0,           0,           0,           0,           0,           0,           0
         1,         7,        0.11,        0.01,           0,        0.05,           0,           0,           0,           0,           0,           0,           0,           0,        0.05,           0,           0,           0,           0,           0,        0.05,           0,           0,        0.05,        0.01,           0,           0,           0,        0.05,           0,           0,           0,           0,           0,           0,           0,           0,           0,           0,           0,           0,           0,           0,           0,           0,           0,           0,           0,           0,           0,           0,           0
         1,         8,     2930.92,      909.54,       13.28,      873.46,       12.92,       26.96,       24.00,      379.90,      328.55,           0,           0,           0,      211.47,      132.77,       19.34,           0,           0,       39.87,      886.74,      708.20,           0,      873.46,     1050.01,      141.52,      405.47,       25.92,        1.60,       26.68,      116.82,       24.22,        7.35,       34.79,        0.18,       11.42,      103.29,        1.87,        2.16,       13.85,        5.02,        1.49,        9.29,        1.39,        0.54,        1.61,           0,           0,           0,           0,           0,           0
         1,         9,      672.64,      163.53,       13.82,      209.74,        1.76,        1.88,           0,       76.55,       73.85,           0,           0,           0,       69.38,       52.09,       10.17,           0,           0,        3.64,      223.56,      150.38,           0,      209.74,      184.49,       20.63,       78.78,        2.27,           0,        6.90,       39.60,       10.52,        2.96,        9.38,        0.02,        3.97,       39.77,        0.25,        1.05,        7.03,        0.78,        0.65,        7.09,        0.49,        0.25,        0.91,           0,           0,           0,           0,           0,           0
         1,        10,        0.52,           0,           0,        0.51,           0,           0,           0,           0,        0.01,           0,           0,           0,           0,           0,           0,           0,           0,           0,        0.51,        0.01,           0,        0.51,           0,           0,           0,           0,           0,           0,           0,           0,           0,           0,           0,           0,           0,           0,           0,           0,           0,           0,           0,           0,           0,           0,           0,           0,           0,           0,           0,           0
         1,        11,      229.56,       89.26,        5.31,       65.39,           0,           0,           0,        8.02,        2.44,           0,           0,           0,       15.65,       28.57,       15.04,           0,           0,           0,       70.72,       10.43,           0,       65.39,       99.59,       10.09,        8.33,        0.33,           0,        0.96,        7.76,        3.08,        1.03,        2.82,           0,       17.48,        8.49,        2.27,        0.14,        0.21,           0,        1.66,        6.35,        1.33,        2.06,        3.64,           0,           0,           0,           0,           0,           0
         1,        12,     1076.60,      286.56,        9.03,      452.71,        0.09,           0,        9.00,       48.67,       25.61,           0,           0,           0,       70.56,      117.93,       56.82,           0,           0,        0.09,      461.74,       74.18,      168.00,      284.71,      320.18,       33.38,       49.69,        1.01,           0,        4.02,       36.30,       13.41,        4.79,       12.10,        0.03,       72.58,       36.05,        8.32,        0.43,        0.56,           0,        6.07,       28.45,        4.20,        6.12,       11.98,           0,           0,           0,           0,           0,           0
         1,        13,      397.79,      122.28,        9.89,      173.47,           0,           0,        2.00,       21.91,       18.14,           0,           0,           0,       21.82,       22.52,        5.86,           0,           0,           0,      183.36,       40.03,           0,      173.47,      143.74,       21.27,       22.13,        0.23,           0,        0.84,       13.10,        4.08,        1.33,        2.47,           0,       13.97,        7.41,        1.11,           0,        0.03,           0,        0.18,        4.50,        0.12,        0.14,        0.92,           0,           0,           0,           0,           0,           0
         1,        14,     1009.95,      328.69,       12.49,      416.62,           0,           0,        7.00,       62.56,       35.37,           0,           0,           0,       51.00,       75.54,       21.27,           0,           0,           0,      429.11,       97.55,           0,      416.62,      363.32,       34.32,       65.67,        3.42,           0,        4.80,       28.93,        9.37,        1.33,        6.65,        0.01,       50.16,       23.02,        2.03,        0.03,        0.29,           0,        1.25,       15.96,        0.39,        0.57,        3.10,           0,           0,           0,           0,           0,           0
         1,        15,       10.41,        3.15,           0,        0.73,           0,           0,           0,           0,           0,           0,           0,           0,        0.35,        2.44,        3.74,           0,           0,           0,        0.73,           0,           0,        0.73,        3.19,        0.05,           0,           0,           0,           0,        0.13,        0.17,        0.01,        0.04,           0,        1.99,        0.39,        0.06,           0,           0,           0,        0.12,        1.42,        0.13,        0.34,        1.73,           0,           0,           0,           0,           0,           0
         1,        16,      132.38,       44.56,        1.41,       28.07,           0,           0,           0,        4.10,        1.08,           0,           0,           0,       12.33,       22.30,       18.70,           0,           0,           0,       29.47,        5.17,           0,       28.07,       47.82,        3.20,        4.12,        0.02,           0,           0,        7.07,        3.69,        0.48,        1.10,           0,       16.11,        5.59,        0.64,           0,        0.01,           0,        0.80,       11.27,        0.73,        1.58,        4.32,           0,           0,           0,           0,           0,           0
         1,        17,      130.93,       43.30,        1.72,       37.07,           0,           0,           0,        4.48,        1.12,           0,           0,           0,       12.66,       18.97,       11.76,           0,           0,           0,       38.78,        5.59,           0,       37.07,       47.06,        3.85,        4.48,           0,           0,           0,        7.71,        3.66,        0.29,        1.00,           0,       13.20,        5.25,        0.51,           0,        0.01,           0,        0.33,        8.19,        0.24,        0.57,        2.43,           0,           0,           0,           0,           0,           0
         1,        18,        0.30,        0.18,           0,        0.06,           0,           0,           0,           0,           0,           0,           0,           0,        0.06,           0,           0,           0,           0,           0,        0.06,           0,           0,        0.06,        0.18,           0,           0,           0,           0,           0,           0,        0.06,           0,           0,           0,           0,           0,           0,           0,           0,           0,           0,           0,           0,           0,           0,           0,           0,           0,           0,           0,           0
         1,        19,        0.14,           0,           0,           0,           0,           0,           0,           0,           0,           0,           0,           0,           0,           0,        0.14,           0,           0,           0,           0,           0,           0,           0,           0,           0,           0,           0,           0,           0,           0,           0,           0,           0,           0,           0,           0,           0,           0,           0,           0,           0,           0,        0.07,        0.07,           0,           0,           0,           0,           0,           0,           0
         1,        20,       18.06,        3.17,           0,           0,           0,           0,           0,           0,           0,           0,           0,           0,        0.27,        3.60,       11.02,           0,           0,           0,           0,           0,           0,           0,        3.40,        0.27,           0,           0,           0,           0,           0,        0.27,           0,           0,           0,           0,        3.60,           0,           0,           0,           0,        0.30,        3.11,        1.55,        2.30,        3.76,           0,           0,           0,           0,           0,           0
         1,        21,        7.91,        0.03,           0,           0,           0,           0,        5.00,           0,           0,           0,           0,           0,           0,           0,        2.88,           0,           0,           0,           0,           0,           0,           0,        0.03,           0,           0,           0,           0,           0,           0,           0,           0,           0,           0,           0,           0,           0,           0,           0,           0,           0,        0.14,        0.94,        1.32,        0.48,           0,           0,           0,           0,           0,           0
         1,        22,        1.41,           0,           0,           0,           0,           0,           0,           0,           0,           0,           0,           0,           0,           0,        1.41,           0,           0,           0,           0,           0,           0,           0,           0,           0,           0,           0,           0,           0,           0,           0,           0,           0,           0,           0,           0,           0,           0,           0,           0,           0,           0,        0.65,        0.76,           0,           0,           0,           0,           0,           0,           0
         1,        23,           0,           0,           0,           0,           0,           0,           0,           0,           0,           0,           0,           0,           0,           0,           0,           0,           0,           0,           0,           0,           0,           0,           0,           0,           0,           0,           0,           0,           0,           0,           0,           0,           0,           0,           0,           0,           0,           0,           0,           0,           0,           0,           0,           0,           0,           0,           0,           0,           0,           0
         1,        24,           0,           0,           0,           0,           0,           0,           0,           0,           0,           0,           0,           0,           0,           0,           0,           0,           0,           0,           0,           0,           0,           0,           0,           0,           0,           0,           0,           0,           0,           0,           0,           0,           0,           0,           0,           0,           0,           0,           0,           0,           0,           0,           0,           0,           0,           0,           0,           0,           0,           0
         1,        25,           0,           0,           0,           0,           0,           0,           0,           0,           0,           0,           0,           0,           0,           0,           0,           0,           0,           0,           0,           0,           0,           0,           0,           0,           0,           0,           0,           0,           0,           0,           0,           0,           0,           0,           0,           0,           0,           0,           0,           0,           0,           0,           0,           0,           0,           0,           0,           0,           0,           0
         1,        26,           0,           0,           0,           0,           0,           0,           0,           0,           0,           0,           0,           0,           0,           0,           0,           0,           0,           0,           0,           0,           0,           0,           0,           0,           0,           0,           0,           0,           0,           0,           0,           0,           0,           0,           0,           0,           0,           0,           0,           0,           0,           0,           0,           0,           0,           0,           0,           0,           0,           0
         1,        27,     9508.09,           0,           0,           0,           0,           0,           0,           0,           0,     8744.29,           0,           0,           0,           0,           0,      525.81,      238.19,           0,           0,           0,           0,           0,           0,           0,           0,           0,           0,           0,           0,           0,           0,           0,           0,           0,           0,           0,           0,           0,           0,           0,           0,           0,           0,           0,      525.81,           0,           0,      238.19,           0,           0
         2,         1,     3542.88,      529.26,      411.01,     1360.80,      273.37,      342.78,           0,       74.41,      172.95,           0,           0,           0,      311.12,       49.50,       17.79,           0,           0,      616.15,     1771.80,      247.33,           0,     1360.80,      586.88,       57.65,       79.06,        4.67,      276.26,        6.39,       18.58,        2.51,        0.76,        6.62,        0.09,        2.47,       44.11,        0.66,        0.41,        1.76,        2.27,        1.16,       10.99,        0.70,        0.29,        2.38,           0,           0,           0,           0,           0,           0
         2,         2,     2912.72,       61.79,      161.43,     1517.95,           0,           0,           0,       68.11,      262.82,           0,           0,           0,      808.68,       27.83,        4.14,           0,           0,           0,     1679.38,      330.93,           0,     1517.95,       68.66,        6.86,       71.03,        2.93,      790.67,        3.75,        9.40,        0.73,        0.26,        3.88,        0.03,        0.46,       26.55,        0.09,        0.09,        0.61,        0.12,        0.25,        3.29,        0.06,        0.03,        0.39,           0,           0,           0,           0,           0,           0
         2,         3,        0.04,           0,           0,           0,           0,           0,           0,           0,           0,           0,           0,           0,        0.04,           0,           0,           0,           0,           0,           0,           0,           0,           0,           0,           0,           0,           0,        0.04,           0,           0,           0,           0,           0,           0,           0,           0,           0,           0,           0,           0,           0,           0,           0,           0,           0,           0,           0,           0,           0,           0,           0
         2,         4,      550.23,      131.96,        5.37,      212.84,       38.18,        9.85,           0,       30.48,       38.03,           0,           0,           0,       52.10,       22.75,        8.74,           0,           0,       48.03,      218.21,       68.50,           0,      212.84,      147.33,       15.41,       32.29,        1.79,       36.32,        2.45,        8.49,        1.54,        0.30,        3.00,        0.02,        1.17,       20.23,        0.33,        0.26,        0.74,        1.21,        1.06,        3.71,        0.78,        0.44,        1.54,           0,           0,           0,           0,           0,           0
         2,         5,      346.22,       92.53,        6.68,      147.61,       13.26,        2.69,           0,       21.06,       23.40,           0,           0,           0,       15.88,       16.39,        6.85,           0,           0,       15.95,      154.29,       44.43,           0,      147.61,      104.87,       12.37,       22.65,        1.61,        4.62,        1.82,        5.77,        1.22,        0.30,        2.15,        0.03,        1.03,       14.24,        0.23,        0.22,        0.64,        0.76,        0.58,        3.91,        0.37,        0.16,        1.07,           0,           0,           0,           0,           0,           0
         2,         6,        1.53,        0.01,           0,        0.28,           0,           0,           0,        0.01,        0.01,           0,           0,           0,        1.22,           0,           0,           0,           0,           0,        0.28,        0.02,           0,        0.28,        0.01,           0,        0.01,           0,        1.22,           0,           0,           0,           0,           0,           0,           0,           0,           0,           0,           0,           0,           0,           0,           0,           0,           0,           0,           0,           0,           0,           0,           0
         2,         7,        0.03,        0.01,           0,        0.02,           0,           0,           0,           0,           0,           0,           0,           0,           0,           0,           0,           0,           0,           0,        0.02,           0,           0,        0.02,        0.01,           0,           0,           0,           0,           0,           0,           0,           0,           0,           0,           0,           0,           0,           0,           0,           0,           0,           0,           0,           0,           0,           0,           0,           0,           0,           0,           0
         2,         8,      241.18,       60.07,        3.71,      101.08,       20.24,        0.36,           0,       17.43,       18.25,           0,           0,           0,       14.04,        5.91,        0.31,           0,           0,       20.60,      104.79,       35.66,           0,      101.08,       69.65,        9.66,       18.86,        1.44,        0.94,        2.18,        6.87,        1.39,        0.31,        2.35,           0,        0.13,        5.25,        0.01,        0.03,        0.49,        0.04,           0,        0.24,           0,           0,        0.03,           0,           0,           0,           0,           0,           0
         2,         9,       85.09,       19.80,        4.21,       38.03,        3.68,           0,           0,        4.90,        5.93,           0,           0,           0,        5.53,        2.83,        0.20,           0,           0,        3.68,       42.24,       10.83,           0,       38.03,       22.77,        2.93,        5.24,        0.34,           0,        0.69,        2.96,        0.67,        0.16,        1.05,           0,        0.02,        2.54,           0,           0,        0.27,           0,           0,        0.20,           0,           0,           0,           0,           0,           0,           0,           0,           0
         2,        10,        0.11,           0,           0,        0.11,           0,           0,           0,           0,           0,           0,           0,           0,           0,           0,           0,           0,           0,           0,        0.11,           0,           0,        0.11,           0,           0,           0,           0,           0,           0,           0,           0,           0,           0,           0,           0,           0,           0,           0,           0,           0,           0,           0,           0,           0,           0,           0,           0,           0,           0,           0,           0
         2,        11,       20.29,       10.14,        0.57,        7.23,           0,           0,           0,        0.28,        0.06,           0,           0,           0,        0.97,        0.79,        0.26,           0,           0,           0,        7.81,        0.33,           0,        7.23,       11.47,        1.32,        0.30,        0.01,           0,        0.03,        0.56,        0.14,        0.04,        0.20,           0,        0.30,        0.45,        0.04,           0,           0,           0,        0.01,        0.15,           0,        0.02,        0.08,           0,           0,           0,           0,           0,           0
         2,        12,       92.39,       34.73,        1.35,       43.64,           0,           0,           0,        2.55,        0.77,           0,           0,           0,        5.02,        3.51,        0.96,           0,           0,           0,       44.97,        3.32,        4.00,       39.64,       39.72,        5.02,        2.63,        0.09,           0,        0.19,        2.79,        0.81,        0.17,        1.06,           0,        1.27,        2.10,        0.12,        0.01,        0.01,           0,        0.04,        0.68,        0.02,        0.02,        0.20,           0,           0,           0,           0,           0,           0
         2,        13,       48.65,       14.99,        2.07,       26.71,           0,           0,           0,        1.39,        0.95,           0,           0,           0,        1.75,        0.74,        0.10,           0,           0,           0,       28.78,        2.33,           0,       26.71,       18.15,        3.15,        1.42,        0.03,           0,        0.06,        1.06,        0.29,        0.04,        0.30,           0,        0.18,        0.56,           0,           0,           0,           0,           0,        0.10,           0,           0,           0,           0,           0,           0,           0,           0,           0
         2,        14,      101.61,       38.89,        1.85,       50.52,           0,           0,           0,        2.87,        0.67,           0,           0,           0,        4.27,        2.40,        0.34,           0,           0,           0,       52.34,        3.54,           0,       50.52,       44.50,        5.63,        2.97,        0.12,           0,        0.09,        2.78,        0.64,        0.03,        0.74,           0,        0.65,        1.72,        0.02,           0,        0.01,           0,           0,        0.32,           0,           0,        0.02,           0,           0,           0,           0,           0,           0
         2,        15,        0.34,        0.24,           0,           0,           0,           0,           0,           0,           0,           0,           0,           0,        0.01,        0.01,        0.08,           0,           0,           0,           0,           0,           0,           0,        0.24,        0.02,           0,           0,           0,           0,           0,        0.01,           0,           0,           0,           0,        0.01,           0,           0,           0,           0,           0,        0.05,           0,           0,        0.03,           0,           0,           0,           0,           0,           0
         2,        16,        6.79,        4.84,           0,        0.48,           0,           0,           0,           0,           0,           0,           0,           0,        0.83,        0.34,        0.32,           0,           0,           0,        0.48,           0,           0,        0.48,        5.41,        0.67,           0,           0,           0,           0,        0.44,        0.25,        0.01,        0.13,           0,        0.08,        0.26,           0,           0,           0,           0,           0,        0.28,           0,           0,        0.04,           0,           0,           0,           0,           0,           0
         2,        17,        6.68,        4.87,           0,        0.27,           0,           0,           0,           0,           0,           0,           0,           0,        0.93,        0.39,        0.23,           0,           0,           0,        0.27,           0,           0,        0.27,        5.54,        0.70,           0,           0,           0,           0,        0.55,        0.25,           0,        0.13,           0,        0.07,        0.32,           0,           0,           0,           0,           0,        0.22,           0,           0,        0.01,           0,           0,           0,           0,           0,           0
         2,        18,        0.01,        0.01,           0,           0,           0,           0,           0,           0,           0,           0,           0,           0,           0,           0,           0,           0,           0,           0,           0,           0,           0,           0,        0.01,           0,           0,           0,           0,           0,           0,           0,           0,           0,           0,           0,           0,           0,           0,           0,           0,           0,           0,           0,           0,           0,           0,           0,           0,           0,           0,           0
         2,        19,           0,           0,           0,           0,           0,           0,           0,           0,           0,           0,           0,           0,           0,           0,           0,           0,           0,           0,           0,           0,           0,           0,           0,           0,           0,           0,           0,           0,           0,           0,           0,           0,           0,           0,           0,           0,           0,           0,           0,           0,           0,           0,           0,           0,           0,           0,           0,           0,           0,           0
         2,        20,        0.01,           0,           0,           0,           0,           0,           0,           0,           0,           0,           0,           0,           0,           0,        0.01,           0,           0,           0,           0,           0,           0,           0,           0,           0,           0,           0,           0,           0,           0,           0,           0,           0,           0,           0,           0,           0,           0,           0,           0,           0,        0.01,           0,           0,           0,           0,           0,           0,           0,           0,           0
         2,        21,           0,           0,           0,           0,           0,           0,           0,           0,           0,           0,           0,           0,           0,           0,           0,           0,           0,           0,           0,           0,           0,           0,           0,           0,           0,           0,           0,           0,           0,           0,           0,           0,           0,           0,           0,           0,           0,           0,           0,           0,           0,           0,           0,           0,           0,           0,           0,           0,           0,           0
         2,        22,           0,           0,           0,           0,           0,           0,           0,           0,           0,           0,           0,           0,           0,           0,           0,           0,           0,           0,           0,           0,           0,           0,           0,           0,           0,           0,           0,           0,           0,           0,           0,           0,           0,           0,           0,           0,           0,           0,           0,           0,           0,           0,           0,           0,           0,           0,           0,           0,           0,           0
         2,        23,           0,           0,           0,           0,           0,           0,           0,           0,           0,           0,           0,           0,           0,           0,           0,           0,           0,           0,           0,           0,           0,           0,           0,           0,           0,           0,           0,           0,           0,           0,           0,           0,           0,           0,           0,           0,           0,           0,           0,           0,           0,           0,           0,           0,           0,           0,           0,           0,           0,           0
         2,        24,           0,           0,           0,           0,           0,           0,           0,           0,           0,           0,           0,           0,           0,           0,           0,           0,           0,           0,           0,           0,           0,           0,           0,           0,           0,           0,           0,           0,           0,           0,           0,           0,           0,           0,           0,           0,           0,           0,           0,           0,           0,           0,           0,           0,           0,           0,           0,           0,           0,           0
         2,        25,           0,           0,           0,           0,           0,           0,           0,           0,           0,           0,           0,           0,           0,           0,           0,           0,           0,           0,           0,           0,           0,           0,           0,           0,           0,           0,           0,           0,           0,           0,           0,           0,           0,           0,           0,           0,           0,           0,           0,           0,           0,           0,           0,           0,           0,           0,           0,           0,           0,           0
         2,        26,           0,           0,           0,           0,           0,           0,           0,           0,           0,           0,           0,           0,           0,           0,           0,           0,           0,           0,           0,           0,           0,           0,           0,           0,           0,           0,           0,           0,           0,           0,           0,           0,           0,           0,           0,           0,           0,           0,           0,           0,           0,           0,           0,           0,           0,           0,           0,           0,           0,           0
         2,        27,      333.85,           0,           0,           0,           0,           0,           0,           0,           0,      329.15,           0,           0,           0,           0,           0,        3.09,        1.62,           0,           0,           0,           0,           0,           0,           0,           0,           0,           0,           0,           0,           0,           0,           0,           0,           0,           0,           0,           0,           0,           0,           0,           0,           0,           0,           0,        3.09,           0,           0,        1.62,           0,           0
         3,         1,        0.94,           0,           0,           0,           0,           0,           0,           0,           0,           0,           0,           0,        0.94,           0,           0,           0,           0,           0,           0,           0,           0,           0,           0,           0,           0,           0,        0.94,           0,           0,           0,           0,           0,           0,           0,           0,           0,           0,           0,           0,           0,           0,           0,           0,           0,           0,           0,           0,           0,           0,           0
         3,         2,        0.04,           0,           0,           0,           0,           0,           0,           0,           0,           0,           0,           0,        0.04,           0,           0,           0,           0,           0,           0,           0,           0,           0,           0,           0,           0,           0,        0.04,           0,           0,           0,           0,           0,           0,           0,           0,           0,           0,           0,           0,           0,           0,           0,           0,           0,           0,           0,           0,           0,           0,           0
         3,         3,       20.09,           0,           0,           0,           0,           0,           0,           0,           0,           0,           0,           0,       20.09,           0,           0,           0,           0,           0,           0,           0,           0,           0,           0,           0,           0,           0,       20.09,           0,           0,           0,           0,           0,           0,           0,           0,           0,           0,           0,           0,           0,           0,           0,           0,           0,           0,           0,           0,           0,           0,           0
         3,         4,       72.32,           0,           0,           0,           0,           0,           0,           0,           0,           0,           0,           0,       72.32,           0,           0,           0,           0,           0,           0,           0,           0,           0,           0,           0,           0,           0,       72.32,           0,           0,           0,           0,           0,           0,           0,           0,           0,           0,           0,           0,           0,           0,           0,           0,           0,           0,           0,           0,           0,           0,           0
         3,         5,        8.22,           0,           0,           0,           0,           0,           0,           0,           0,           0,           0,           0,        8.22,           0,           0,           0,           0,           0,           0,           0,           0,           0,           0,           0,           0,           0,        8.22,           0,           0,           0,           0,           0,           0,           0,           0,           0,           0,           0,           0,           0,           0,           0,           0,           0,           0,           0,           0,           0,           0,           0
         3,         6,        0.08,           0,           0,           0,           0,           0,           0,           0,           0,           0,           0,           0,        0.08,           0,           0,           0,           0,           0,           0,           0,           0,           0,           0,           0,           0,           0,        0.08,           0,           0,           0,           0,           0,           0,           0,           0,           0,           0,           0,           0,           0,           0,           0,           0,           0,           0,           0,           0,           0,           0,           0
         3,         7,           0,           0,           0,           0,           0,           0,           0,           0,           0,           0,           0,           0,           0,           0,           0,           0,           0,           0,           0,           0,           0,           0,           0,           0,           0,           0,           0,           0,           0,           0,           0,           0,           0,           0,           0,           0,           0,           0,           0,           0,           0,           0,           0,           0,           0,           0,           0,           0,           0,           0
         3,         8,        2.67,           0,           0,           0,           0,           0,           0,           0,           0,           0,           0,           0,        2.67,           0,           0,           0,           0,           0,           0,           0,           0,           0,           0,           0,           0,           0,        2.67,           0,           0,           0,           0,           0,           0,           0,           0,           0,           0,           0,           0,           0,           0,           0,           0,           0,           0,           0,           0,           0,           0,           0
         3,         9,           0,           0,           0,           0,           0,           0,           0,           0,           0,           0,           0,           0,           0,           0,           0,           0,           0,           0,           0,           0,           0,           0,           0,           0,           0,           0,           0,           0,           0,           0,           0,           0,           0,           0,           0,           0,           0,           0,           0,           0,           0,           0,           0,           0,           0,           0,           0,           0,           0,           0
         3,        10,           0,           0,           0,           0,           0,           0,           0,           0,           0,           0,           0,           0,           0,           0,           0,           0,           0,           0,           0,           0,           0,           0,           0,           0,           0,           0,           0,           0,           0,           0,           0,           0,           0,           0,           0,           0,           0,           0,           0,           0,           0,           0,           0,           0,           0,           0,           0,           0,           0,           0
         3,        11,           0,           0,           0,           0,           0,           0,           0,           0,           0,           0,           0,           0,           0,           0,           0,           0,           0,           0,           0,           0,           0,           0,           0,           0,           0,           0,           0,           0,           0,           0,           0,           0,           0,           0,           0,           0,           0,           0,           0,           0,           0,           0,           0,           0,           0,           0,           0,           0,           0,           0
         3,        12,           0,           0,           0,           0,           0,           0,           0,           0,           0,           0,           0,           0,           0,           0,           0,           0,           0,           0,           0,           0,           0,           0,           0,           0,           0,           0,           0,           0,           0,           0,           0,           0,           0,           0,           0,           0,           0,           0,           0,           0,           0,           0,           0,           0,           0,           0,           0,           0,           0,           0
         3,        13,           0,           0,           0,           0,           0,           0,           0,           0,           0,           0,           0,           0,           0,           0,           0,           0,           0,           0,           0,           0,           0,           0,           0,           0,           0,           0,           0,           0,           0,           0,           0,           0,           0,           0,           0,           0,           0,           0,           0,           0,           0,           0,           0,           0,           0,           0,           0,           0,           0,           0
         3,        14,           0,           0,           0,           0,           0,           0,           0,           0,           0,           0,           0,           0,           0,           0,           0,           0,           0,           0,           0,           0,           0,           0,           0,           0,           0,           0,           0,           0,           0,           0,           0,           0,           0,           0,           0,           0,           0,           0,           0,           0,           0,           0,           0,           0,           0,           0,           0,           0,           0,           0
         3,        15,           0,           0,           0,           0,           0,           0,           0,           0,           0,           0,           0,           0,           0,           0,           0,           0,           0,           0,           0,           0,           0,           0,           0,           0,           0,           0,           0,           0,           0,           0,           0,           0,           0,           0,           0,           0,           0,           0,           0,           0,           0,           0,           0,           0,           0,           0,           0,           0,           0,           0
         3,        16,           0,           0,           0,           0,           0,           0,           0,           0,           0,           0,           0,           0,           0,           0,           0,           0,           0,           0,           0,           0,           0,           0,           0,           0,           0,           0,           0,           0,           0,           0,           0,           0,           0,           0,           0,           0,           0,           0,           0,           0,           0,           0,           0,           0,           0,           0,           0,           0,           0,           0
         3,        17,           0,           0,           0,           0,           0,           0,           0,           0,           0,           0,           0,           0,           0,           0,           0,           0,           0,           0,           0,           0,           0,           0,           0,           0,           0,           0,           0,           0,           0,           0,           0,           0,           0,           0,           0,           0,           0,           0,           0,           0,           0,           0,           0,           0,           0,           0,           0,           0,           0,           0
         3,        18,           0,           0,           0,           0,           0,           0,           0,           0,           0,           0,           0,           0,           0,           0,           0,           0,           0,           0,           0,           0,           0,           0,           0,           0,           0,           0,           0,           0,           0,           0,           0,           0,           0,           0,           0,           0,           0,           0,           0,           0,           0,           0,           0,           0,           0,           0,           0,           0,           0,           0
         3,        19,           0,           0,           0,           0,           0,           0,           0,           0,           0,           0,           0,           0,           0,           0,           0,           0,           0,           0,           0,           0,           0,           0,           0,           0,           0,           0,           0,           0,           0,           0,           0,           0,           0,           0,           0,           0,           0,           0,           0,           0,           0,           0,           0,           0,           0,           0,           0,           0,           0,           0
         3,        20,           0,           0,           0,           0,           0,           0,           0,           0,           0,           0,           0,           0,           0,           0,           0,           0,           0,           0,           0,           0,           0,           0,           0,           0,           0,           0,           0,           0,           0,           0,           0,           0,           0,           0,           0,           0,           0,           0,           0,           0,           0,           0,           0,           0,           0,           0,           0,           0,           0,           0
         3,        21,           0,           0,           0,           0,           0,           0,           0,           0,           0,           0,           0,           0,           0,           0,           0,           0,           0,           0,           0,           0,           0,           0,           0,           0,           0,           0,           0,           0,           0,           0,           0,           0,           0,           0,           0,           0,           0,           0,           0,           0,           0,           0,           0,           0,           0,           0,           0,           0,           0,           0
         3,        22,           0,           0,           0,           0,           0,           0,           0,           0,           0,           0,           0,           0,           0,           0,           0,           0,           0,           0,           0,           0,           0,           0,           0,           0,           0,           0,           0,           0,           0,           0,           0,           0,           0,           0,           0,           0,           0,           0,           0,           0,           0,           0,           0,           0,           0,           0,           0,           0,           0,           0
         3,        23,           0,           0,           0,           0,           0,           0,           0,           0,           0,           0,           0,           0,           0,           0,           0,           0,           0,           0,           0,           0,           0,           0,           0,           0,           0,           0,           0,           0,           0,           0,           0,           0,           0,           0,           0,           0,           0,           0,           0,           0,           0,           0,           0,           0,           0,           0,           0,           0,           0,           0
         3,        24,           0,           0,           0,           0,           0,           0,           0,           0,           0,           0,           0,           0,           0,           0,           0,           0,           0,           0,           0,           0,           0,           0,           0,           0,           0,           0,           0,           0,           0,           0,           0,           0,           0,           0,           0,           0,           0,           0,           0,           0,           0,           0,           0,           0,           0,           0,           0,           0,           0,           0
         3,        25,           0,           0,           0,           0,           0,           0,           0,           0,           0,           0,           0,           0,           0,           0,           0,           0,           0,           0,           0,           0,           0,           0,           0,           0,           0,           0,           0,           0,           0,           0,           0,           0,           0,           0,           0,           0,           0,           0,           0,           0,           0,           0,           0,           0,           0,           0,           0,           0,           0,           0
         3,        26,           0,           0,           0,           0,           0,           0,           0,           0,           0,           0,           0,           0,           0,           0,           0,           0,           0,           0,           0,           0,           0,           0,           0,           0,           0,           0,           0,           0,           0,           0,           0,           0,           0,           0,           0,           0,           0,           0,           0,           0,           0,           0,           0,           0,           0,           0,           0,           0,           0,           0
         3,        27,           0,           0,           0,           0,           0,           0,           0,           0,           0,           0,           0,           0,           0,           0,           0,           0,           0,           0,           0,           0,           0,           0,           0,           0,           0,           0,           0,           0,           0,           0,           0,           0,           0,           0,           0,           0,           0,           0,           0,           0,           0,           0,           0,           0,           0,           0,           0,           0,           0,           0
         4,         1,     7965.63,     2907.09,      210.05,     2203.83,       16.43,       50.56,           0,      470.20,      662.78,           0,           0,           0,      375.92,      561.86,      506.85,           0,           0,       66.99,     2413.88,     1132.94,           0,     2203.83,     3206.68,      299.13,      486.13,       15.79,      128.86,       30.12,      138.21,       27.54,        6.75,       44.44,        2.01,       64.45,      442.30,       16.77,       10.97,       25.36,       84.76,       62.08,      189.79,       56.75,       30.69,       82.78,           0,           0,           0,           0,           0,           0
         4,         2,      195.44,       40.28,        0.16,       42.32,           0,           0,           0,       23.46,       23.01,           0,           0,           0,       36.16,       21.98,        8.07,           0,           0,           0,       42.48,       46.47,           0,       42.32,       44.10,        3.84,       24.15,        0.69,       21.96,        1.97,        7.64,        1.53,        0.28,        2.78,        0.02,        1.16,       19.53,        0.31,        0.25,        0.71,        1.24,        1.00,        3.24,        0.75,        0.42,        1.42,           0,           0,           0,           0,           0,           0
         4,         3,       64.30,           0,           0,           0,           0,           0,           0,           0,           0,           0,           0,           0,       64.30,           0,           0,           0,           0,           0,           0,           0,           0,           0,           0,           0,           0,           0,       64.30,           0,           0,           0,           0,           0,           0,           0,           0,           0,           0,           0,           0,           0,           0,           0,           0,           0,           0,           0,           0,           0,           0,           0
         4,         4,   467573.59,    40553.51,    38843.03,   215030.77,    20948.87,    19317.24,           0,    21561.12,    51087.07,           0,           0,           0,    40529.93,    10896.22,     8843.44,           0,           0,    40265.70,   253866.57,    72641.13,           0,   215030.77,    45483.00,     4933.25,    22977.22,     1417.16,    29577.41,     1945.52,     5389.89,      979.90,      338.06,     2301.28,      107.34,     2206.07,     7565.29,      275.36,      176.97,      566.15,     1243.28,      837.30,     4381.46,      528.83,      410.47,     1443.54,           0,           0,           0,           0,           0,           0
         4,         5,   146167.84,    28146.20,    15168.84,    60670.53,     1279.57,     2656.12,     2898.00,     7846.37,    15675.60,           0,           0,           0,     4597.58,     3986.87,     3308.99,           0,           0,     3934.78,    75825.76,    23507.96,           0,    60670.53,    31967.68,     3829.34,     8494.21,      654.08,      752.80,      673.94,     1913.48,      387.69,      138.75,      738.04,       39.35,      839.15,     2697.54,      120.87,       77.52,      216.65,      584.83,      248.03,     1702.35,      184.13,      123.75,      470.22,           0,           0,           0,           0,           0,           0
         4,         6,      177.94,        2.82,           0,       79.66,           0,           0,           0,        2.26,        7.16,           0,           0,           0,       85.17,        0.74,        0.13,           0,           0,           0,       79.66,        9.42,           0,       79.66,        3.14,        0.32,        2.26,           0,       84.21,        0.12,        0.65,        0.03,           0,        0.16,           0,        0.02,        0.72,           0,           0,           0,        0.06,           0,        0.07,           0,           0,           0,           0,           0,           0,           0,           0,           0
         4,         7,       49.07,        1.04,           0,        1.26,           0,           0,           0,        0.09,        0.19,           0,           0,           0,       46.49,           0,           0,           0,           0,           0,        1.26,        0.28,           0,        1.26,        1.05,        0.01,        0.09,           0,       46.49,           0,           0,           0,           0,           0,           0,           0,           0,           0,           0,           0,           0,           0,           0,           0,           0,           0,           0,           0,           0,           0,           0,           0
         4,         8,    72136.32,    19981.05,     3247.11,    31077.79,      788.33,     1450.13,      422.00,     4434.74,     7296.12,           0,           0,           0,     2603.98,      761.52,      130.14,           0,           0,     2238.07,    34319.92,    11720.91,           0,    31077.79,    23219.24,     3253.09,     4801.93,      372.26,      412.32,      345.96,     1159.34,      217.48,       54.18,      418.79,        2.32,       99.68,      568.56,       12.93,       11.01,       67.40,       57.48,        6.44,       46.86,        5.18,        3.15,       11.05,           0,           0,           0,           0,           0,           0
         4,         9,     7223.16,     2847.52,      163.80,     1999.78,       10.45,       62.30,           0,      703.97,      729.16,           0,           0,           0,      459.21,      215.33,       42.53,           0,           0,       72.75,     2163.28,     1431.86,           0,     1999.78,     3281.30,      440.27,      747.73,       44.57,        1.21,       51.68,      247.32,       64.08,       15.12,       79.79,        0.37,       22.05,      160.43,        2.77,        5.04,       24.67,       13.40,        3.14,       17.69,        2.90,        1.23,        4.17,           0,           0,           0,           0,           0,           0
         4,        10,        7.80,           0,           0,        4.87,           0,           0,           0,        0.03,        0.23,           0,           0,           0,        2.67,           0,           0,           0,           0,           0,        4.87,        0.26,           0,        4.87,           0,           0,        0.03,           0,        2.67,           0,           0,           0,           0,           0,           0,           0,           0,           0,           0,           0,           0,           0,           0,           0,           0,           0,           0,           0,           0,           0,           0,           0
         4,        11,     1678.81,      754.01,       71.14,      457.75,        0.08,           0,           0,       74.47,       43.76,           0,           0,           0,      106.92,      125.35,       45.28,           0,           0,        0.08,      529.09,      118.15,           0,      457.75,      850.11,       94.77,       78.10,        3.68,           0,       11.34,       54.36,       17.58,        5.09,       18.55,        1.01,       79.99,       33.49,        8.89,        0.80,        1.18,        2.89,        6.14,       14.76,        6.89,        5.65,        8.97,           0,           0,           0,           0,           0,           0
         4,        12,     7110.55,     2492.96,      164.30,     2577.10,        2.59,        0.27,       41.00,      390.05,      309.60,           0,           0,           0,      469.88,      492.50,      172.91,           0,           0,        2.86,     2741.42,      699.37,      722.00,     1855.10,     2839.47,      347.26,      405.58,       15.66,           0,       48.80,      235.34,       77.84,       25.16,       82.70,        4.88,      311.51,      136.53,       33.69,        2.19,        3.70,       11.55,       22.88,       67.85,       22.52,       17.88,       30.23,           0,           0,           0,           0,           0,           0
         4,        13,     2778.32,     1055.96,      145.07,     1014.14,           0,           0,        2.00,      153.27,      145.59,           0,           0,           0,      141.16,      100.32,       22.79,           0,           0,           0,     1159.20,      298.63,           0,     1014.14,     1271.42,      217.44,      158.03,        4.94,           0,       11.51,       78.10,       24.13,        7.56,       19.86,        1.15,       63.02,       29.32,        6.07,        0.16,        0.60,        5.14,        1.06,       11.92,        1.15,        0.63,        2.89,           0,           0,           0,           0,           0,           0
         4,        14,     7887.70,     2866.09,      228.09,     2770.00,        0.52,        0.95,      234.00,      505.20,      444.34,           0,           0,           0,      408.95,      364.76,       67.47,           0,           0,        1.47,     2998.08,      949.09,           0,     2770.00,     3253.84,      388.20,      533.26,       28.44,           0,       53.82,      224.52,       64.39,       10.59,       55.63,        2.67,      246.50,      100.68,       13.01,        0.23,        1.66,        3.96,        6.52,       40.34,        4.41,        2.86,        9.38,           0,           0,           0,           0,           0,           0
         4,        15,      193.56,       59.25,           0,       41.83,        0.01,           0,           0,       13.78,        6.61,           0,           0,           0,       20.51,       41.77,       10.24,           0,           0,        0.01,       41.83,       20.34,           0,       41.83,       62.26,        3.61,       13.81,        0.03,           0,        0.57,       12.81,        3.69,        0.74,        2.71,           0,       33.96,        5.64,        2.14,        0.03,        0.05,           0,        0.93,        3.33,        0.79,        1.11,        4.08,           0,           0,           0,           0,           0,           0
         4,        16,     1746.91,      529.08,       49.76,      477.54,        0.18,           0,        1.00,      151.68,      123.97,           0,           0,           0,      182.94,      178.46,       55.46,           0,           0,        0.18,      527.19,      275.09,           0,      477.54,      594.23,       67.34,      154.20,        2.62,           0,        9.39,      107.19,       35.52,        6.90,       23.99,        0.10,      125.16,       43.91,        8.73,        0.15,        0.51,        0.23,        5.40,       27.44,        4.94,        5.51,       11.94,           0,           0,           0,           0,           0,           0
         4,        17,     1701.90,      486.83,       54.61,      563.64,        0.03,           0,           0,      138.47,      118.77,           0,           0,           0,      167.96,      139.27,       33.99,           0,           0,        0.03,      618.17,      257.09,           0,      563.64,      553.25,       67.06,      140.13,        1.83,           0,        9.02,       98.73,       32.44,        6.41,       21.38,        0.14,       95.22,       37.20,        6.23,        0.10,        0.39,        0.36,        2.41,       19.77,        2.37,        2.37,        6.72,           0,           0,           0,           0,           0,           0
         4,        18,       24.78,        8.93,        2.12,        4.96,           0,           0,           0,        2.98,        1.31,           0,           0,           0,        3.39,        1.14,        0.01,           0,           0,           0,        7.08,        4.29,           0,        4.96,        9.01,        0.12,        2.99,        0.01,           0,        0.03,        1.67,        0.93,        0.26,        0.50,           0,        0.32,        0.65,        0.17,           0,           0,           0,           0,        0.01,           0,           0,           0,           0,           0,           0,           0,           0,           0
         4,        19,        2.63,        0.58,           0,           0,           0,           0,           0,           0,           0,           0,           0,           0,        0.07,        1.16,        0.83,           0,           0,           0,           0,           0,           0,           0,        0.58,           0,           0,           0,           0,           0,        0.05,        0.02,           0,           0,           0,           0,        1.16,           0,           0,           0,           0,        0.07,           0,        0.20,        0.26,        0.30,           0,           0,           0,           0,           0,           0
         4,        20,      482.94,      168.34,        2.28,       30.21,           0,           0,           0,       19.27,        6.23,           0,           0,           0,       44.92,      175.33,       37.48,           0,           0,           0,       32.49,       25.45,           0,       30.21,      186.49,       20.78,       19.30,        0.07,           0,        0.32,       23.94,       15.28,        1.51,        3.87,           0,        1.10,      163.34,        0.05,        1.47,        9.43,           0,        5.49,        8.68,        4.80,        7.60,       10.91,           0,           0,           0,           0,           0,           0
         4,        21,      199.20,       45.90,           0,        0.28,           0,           0,       80.00,        0.14,           0,           0,           0,           0,        8.59,       39.18,       25.46,           0,           0,           0,        0.28,        0.14,           0,        0.28,       48.05,        3.11,        0.14,           0,           0,           0,        2.43,        5.74,        0.01,        0.40,           0,        0.23,       37.67,           0,        0.24,        1.05,           0,        1.74,        6.33,        3.04,        4.79,        9.56,           0,           0,           0,           0,           0,           0
         4,        22,       13.00,        1.03,           0,           0,           0,           0,           0,           0,           0,           0,           0,           0,        0.30,        0.48,       11.20,           0,           0,           0,           0,           0,           0,           0,        1.03,           0,           0,           0,           0,           0,           0,        0.30,           0,           0,           0,           0,        0.48,           0,           0,           0,           0,        0.25,        1.18,        2.19,        3.61,        3.97,           0,           0,           0,           0,           0,           0
         4,        23,           0,           0,           0,           0,           0,           0,           0,           0,           0,           0,           0,           0,           0,           0,           0,           0,           0,           0,           0,           0,           0,           0,           0,           0,           0,           0,           0,           0,           0,           0,           0,           0,           0,           0,           0,           0,           0,           0,           0,           0,           0,           0,           0,           0,           0,           0,           0,           0,           0,           0
         4,        24,        0.04,           0,           0,           0,           0,           0,           0,           0,           0,           0,           0,           0,           0,           0,        0.04,           0,           0,           0,           0,           0,           0,           0,           0,           0,           0,           0,           0,           0,           0,           0,           0,           0,           0,           0,           0,           0,           0,           0,           0,           0,           0,           0,           0,        0.04,           0,           0,           0,           0,           0,           0
         4,        25,        0.02,           0,           0,           0,           0,           0,           0,           0,           0,           0,           0,           0,           0,           0,        0.02,           0,           0,           0,           0,           0,           0,           0,           0,           0,           0,           0,           0,           0,           0,           0,           0,           0,           0,           0,           0,           0,           0,           0,           0,           0,           0,           0,           0,        0.02,           0,           0,           0,           0,           0,           0
         4,        26,           0,           0,           0,           0,           0,           0,           0,           0,           0,           0,           0,           0,           0,           0,           0,           0,           0,           0,           0,           0,           0,           0,           0,           0,           0,           0,           0,           0,           0,           0,           0,           0,           0,           0,           0,           0,           0,           0,           0,           0,           0,           0,           0,           0,           0,           0,           0,           0,           0,           0
         4,        27,    12145.04,           0,           0,           0,           0,           0,           0,           0,           0,    10570.49,           0,           0,           0,           0,           0,      617.52,      957.46,           0,           0,           0,           0,           0,           0,           0,           0,           0,           0,           0,           0,           0,           0,           0,           0,           0,           0,           0,           0,           0,           0,           0,           0,           0,           0,           0,      617.52,           0,           0,      957.46,           0,           0
         5,         1,     2279.53,      684.96,        3.91,      185.07,        1.59,       12.08,           0,      280.74,      254.16,           0,           0,           0,      155.53,      362.64,      339.15,           0,           0,       13.67,      188.98,      534.84,           0,      185.07,      749.99,       66.08,      291.10,       10.38,       11.92,       15.63,       79.34,       20.42,        5.64,       22.58,        2.16,       42.53,      279.27,       11.89,        8.70,       18.09,       50.78,       38.90,      152.53,       31.36,       14.34,       51.24,           0,           0,           0,           0,           0,           0
         5,         2,       79.40,        8.90,           0,        6.08,           0,           0,           0,       15.45,       12.72,           0,           0,           0,       14.44,       15.53,        6.29,           0,           0,           0,        6.08,       28.16,           0,        6.08,        9.51,        0.63,       15.89,        0.44,        4.54,        1.42,        5.04,        1.20,        0.26,        1.98,        0.02,        1.01,       13.45,        0.23,        0.21,        0.61,        0.81,        0.60,        3.37,        0.36,        0.16,        0.99,           0,           0,           0,           0,           0,           0
         5,         3,        4.73,           0,           0,           0,           0,           0,           0,           0,           0,           0,           0,           0,        4.73,           0,           0,           0,           0,           0,           0,           0,           0,           0,           0,           0,           0,           0,        4.73,           0,           0,           0,           0,           0,           0,           0,           0,           0,           0,           0,           0,           0,           0,           0,           0,           0,           0,           0,           0,           0,           0,           0
         5,         4,    72713.90,    10490.71,     3555.59,    21351.39,      906.49,     1653.58,           0,     7685.33,    15074.61,           0,           0,           0,     4772.08,     3948.22,     3336.26,           0,           0,     2559.68,    24897.67,    22746.12,           0,    21351.39,    11748.23,     1263.35,     8191.18,      511.47,      964.29,      662.01,     1897.25,      386.75,      138.10,      731.35,       38.27,      832.08,     2667.69,      120.43,       78.11,      215.53,      597.89,      254.11,     1698.81,      185.68,      125.27,      478.88,           0,           0,           0,           0,           0,           0
         5,         5,   358081.04,    32157.47,    29857.86,   140273.02,     8978.61,     8315.53,     5165.00,    27606.69,    63008.15,           0,           0,           0,    23254.76,    11037.72,     8450.54,           0,           0,    17293.49,   170123.63,    90609.60,           0,   140273.02,    36517.46,     4360.23,    29944.76,     2339.24,    12019.57,     2312.19,     5298.12,     1033.23,      426.97,     2168.74,      202.37,     2353.71,     7446.78,      258.13,      167.37,      612.20,      902.63,      507.98,     5681.73,      241.63,      171.62,      947.02,           0,           0,           0,           0,           0,           0
         5,         6,      196.11,        2.62,           0,       70.66,           0,           0,           0,        4.42,       12.41,           0,           0,           0,      104.31,        1.34,        0.36,           0,           0,           0,       70.66,       16.83,           0,       70.66,        3.08,        0.46,        4.46,        0.04,      102.45,        0.19,        1.33,        0.03,           0,        0.31,           0,        0.05,        1.29,           0,           0,           0,        0.07,           0,        0.29,           0,           0,           0,           0,           0,           0,           0,           0,           0
         5,         7,       11.99,        0.09,           0,        0.12,           0,           0,           0,        0.16,        0.18,           0,           0,           0,       11.44,           0,           0,           0,           0,           0,        0.12,        0.34,           0,        0.12,        0.09,           0,        0.16,           0,       11.44,           0,           0,           0,           0,           0,           0,           0,           0,           0,           0,           0,           0,           0,           0,           0,           0,           0,           0,           0,           0,           0,           0,           0
         5,         8,    36332.23,     9870.27,      370.94,    10641.28,      326.78,      422.02,      239.00,     4753.69,     6587.83,           0,           0,           0,     2312.41,      730.03,      136.34,           0,           0,      748.33,    11008.52,    11327.99,           0,    10641.28,    11476.03,     1617.63,     5169.54,      422.01,      291.03,      345.26,     1033.70,      209.10,       64.78,      374.27,        4.54,      117.81,      510.51,       13.58,       11.75,       72.50,       60.65,        5.17,       56.83,        2.91,        1.71,        9.15,           0,           0,           0,           0,           0,           0
         5,         9,     5995.65,     1965.87,       69.04,     1133.16,        8.65,       42.40,           0,      971.10,     1001.60,           0,           0,           0,      528.87,      239.26,       44.81,           0,           0,       51.05,     1201.71,     1970.80,           0,     1133.16,     2268.26,      306.52,     1041.69,       71.54,        6.58,       68.79,      266.80,       73.46,       21.99,       91.28,        1.38,       26.66,      174.15,        3.18,        5.03,       28.85,       14.99,        1.99,       23.34,        1.19,        0.44,        2.86,           0,           0,           0,           0,           0,           0
         5,        10,       15.07,        0.02,           0,        3.46,           0,           0,           0,        0.18,        0.71,           0,           0,           0,       10.70,           0,           0,           0,           0,           0,        3.46,        0.89,           0,        3.46,        0.02,           0,        0.18,           0,       10.70,           0,           0,           0,           0,           0,           0,           0,           0,           0,           0,           0,           0,           0,           0,           0,           0,           0,           0,           0,           0,           0,           0,           0
         5,        11,     1050.71,      394.15,       17.82,      181.16,        0.21,           0,           0,      100.67,       58.46,           0,           0,           0,      119.64,      137.05,       42.02,           0,           0,        0.21,      199.05,      158.89,           0,      181.16,      444.14,       49.33,      107.06,        6.49,           0,       15.64,       56.56,       19.70,        7.15,       20.59,        2.29,       88.35,       34.56,        9.48,        0.85,        1.52,        4.19,        4.92,       18.55,        4.35,        3.12,        6.89,           0,           0,           0,           0,           0,           0
         5,        12,     5114.42,     1423.81,       36.14,     1462.86,        2.10,        0.69,       20.00,      535.55,      404.85,           0,           0,           0,      527.38,      538.58,      166.64,           0,           0,        2.79,     1498.99,      939.45,      678.00,      784.86,     1620.00,      198.97,      567.67,       33.40,           0,       65.53,      246.19,       87.76,       35.63,       92.28,       11.52,      341.09,      143.46,       36.02,        2.32,        4.21,       13.89,       18.22,       87.29,       13.73,        9.59,       23.92,           0,           0,           0,           0,           0,           0
         5,        13,     1802.46,      627.62,       31.88,      444.23,           0,        0.06,        3.00,      214.03,      189.92,           0,           0,           0,      159.06,      112.65,       25.13,           0,           0,        0.06,      476.11,      402.78,           0,      444.23,      752.94,      129.20,      225.54,       12.35,           0,       16.54,       80.46,       27.25,       11.01,       23.79,        3.04,       69.71,       32.59,        6.48,        0.12,        0.72,        5.82,        0.60,       16.25,        0.43,        0.18,        1.85,           0,           0,           0,           0,           0,           0
         5,        14,     5068.31,     1486.96,       49.97,     1099.23,        0.92,        1.88,      244.00,      672.53,      563.37,           0,           0,           0,      477.50,      408.64,       70.01,           0,           0,        2.80,     1149.17,     1234.30,           0,     1099.23,     1683.63,      200.42,      717.92,       47.09,           0,       74.73,      239.55,       76.28,       17.34,       69.60,        6.77,      274.56,      111.54,       13.52,        0.23,        2.02,        3.07,        4.22,       54.09,        2.02,        0.79,        5.82,           0,           0,           0,           0,           0,           0
         5,        15,      188.80,       30.25,           0,       18.70,        0.15,           0,           0,       28.35,       18.06,           0,           0,           0,       33.22,       51.67,        9.00,           0,           0,        0.15,       18.70,       46.22,           0,       18.70,       31.70,        1.67,       28.71,        0.53,           0,        2.26,       19.49,        5.64,        1.28,        4.56,        0.04,       41.37,        7.73,        2.48,        0.02,        0.04,           0,        0.54,        4.48,        0.33,        0.42,        3.23,           0,           0,           0,           0,           0,           0
         5,        16,     1368.98,      259.13,       14.23,      187.29,        0.66,           0,        2.00,      220.30,      190.68,           0,           0,           0,      234.53,      209.79,       52.44,           0,           0,        0.66,      201.51,      410.20,           0,      187.29,      290.31,       31.42,      228.74,        8.90,           0,       20.91,      125.19,       44.26,       11.55,       32.67,        0.85,      145.61,       53.21,        9.39,        0.18,        0.57,        0.48,        3.46,       36.27,        2.42,        2.12,        7.69,           0,           0,           0,           0,           0,           0
         5,        17,     1244.00,      235.72,       15.35,      219.69,        0.26,           0,           0,      194.31,      173.83,           0,           0,           0,      210.12,      161.20,       34.89,           0,           0,        0.26,      235.04,      367.52,           0,      219.69,      266.27,       30.62,      201.13,        7.22,           0,       19.20,      112.73,       38.79,       10.37,       29.06,        1.03,      109.71,       43.22,        6.73,        0.07,        0.45,        0.74,        1.40,       27.02,        0.98,        0.71,        4.04,           0,           0,           0,           0,           0,           0
         5,        18,       24.32,        4.81,        1.65,        2.79,           0,           0,           0,        5.74,        3.02,           0,           0,           0,        5.00,        1.37,        0.03,           0,           0,           0,        4.44,        8.70,           0,        2.79,        4.85,        0.05,        5.81,        0.11,           0,        0.22,        2.52,        1.16,        0.48,        0.62,           0,        0.37,        0.80,        0.20,           0,           0,           0,           0,        0.03,           0,           0,           0,           0,           0,           0,           0,           0,           0
         5,        19,        5.11,        0.67,           0,           0,           0,           0,           0,        0.03,           0,           0,           0,           0,        0.40,        3.60,        0.43,           0,           0,           0,           0,        0.03,           0,           0,        0.67,        0.03,        0.03,           0,           0,           0,        0.26,        0.14,           0,           0,           0,           0,        3.60,           0,           0,           0,           0,        0.04,           0,        0.09,        0.10,        0.20,           0,           0,           0,           0,           0,           0
         5,        20,      530.21,       95.32,        3.16,       20.16,           0,           0,           0,       54.25,       20.34,           0,           0,           0,       83.51,      228.00,       28.22,           0,           0,           0,       23.31,       73.85,           0,       20.16,      105.80,       11.82,       55.28,        1.48,           0,        2.12,       44.33,       23.18,        4.16,        9.84,           0,        1.40,      210.00,        0.04,        1.50,       15.17,           0,        4.08,       12.41,        2.03,        2.99,        6.71,           0,           0,           0,           0,           0,           0
         5,        21,      182.96,       39.23,        0.15,        1.64,           0,           0,       25.00,        1.30,           0,           0,           0,           0,       22.80,       74.51,       19.21,           0,           0,           0,        1.79,        1.30,           0,        1.64,       41.45,        2.83,        1.30,           0,           0,           0,        9.01,       11.53,        0.37,        1.94,           0,        0.37,       71.28,           0,        0.27,        2.61,           0,        1.33,        8.91,        1.10,        1.69,        6.18,           0,           0,           0,           0,           0,           0
         5,        22,       13.03,        1.60,           0,           0,           0,           0,           0,           0,           0,           0,           0,           0,        1.38,        2.66,        7.44,           0,           0,           0,           0,           0,           0,           0,        1.60,        0.01,           0,           0,           0,           0,        0.01,        1.37,           0,           0,           0,           0,        2.65,           0,           0,        0.01,           0,        0.13,        2.49,        0.76,        1.37,        2.69,           0,           0,           0,           0,           0,           0
         5,        23,           0,           0,           0,           0,           0,           0,           0,           0,           0,           0,           0,           0,           0,           0,           0,           0,           0,           0,           0,           0,           0,           0,           0,           0,           0,           0,           0,           0,           0,           0,           0,           0,           0,           0,           0,           0,           0,           0,           0,           0,           0,           0,           0,           0,           0,           0,           0,           0,           0,           0
         5,        24,        0.01,           0,           0,           0,           0,           0,           0,           0,           0,           0,           0,           0,           0,           0,        0.01,           0,           0,           0,           0,           0,           0,           0,           0,           0,           0,           0,           0,           0,           0,           0,           0,           0,           0,           0,           0,           0,           0,           0,           0,           0,           0,           0,           0,        0.01,           0,           0,           0,           0,           0,           0
         5,        25,        0.05,           0,           0,           0,           0,           0,           0,           0,           0,           0,           0,           0,        0.03,           0,        0.02,           0,           0,           0,           0,           0,           0,           0,           0,           0,           0,           0,           0,           0,           0,        0.03,           0,           0,           0,           0,           0,           0,           0,           0,           0,           0,        0.02,           0,           0,           0,           0,           0,           0,           0,           0,           0
         5,        26,           0,           0,           0,           0,           0,           0,           0,           0,           0,           0,           0,           0,           0,           0,           0,           0,           0,           0,           0,           0,           0,           0,           0,           0,           0,           0,           0,           0,           0,           0,           0,           0,           0,           0,           0,           0,           0,           0,           0,           0,           0,           0,           0,           0,           0,           0,           0,           0,           0,           0
         5,        27,     7428.88,           0,           0,           0,           0,           0,           0,           0,           0,     6450.75,           0,           0,           0,           0,           0,      563.52,      415.23,           0,           0,           0,           0,           0,           0,           0,           0,           0,           0,           0,           0,           0,           0,           0,           0,           0,           0,           0,           0,           0,           0,           0,           0,           0,           0,           0,      563.52,           0,           0,      415.23,           0,           0
         6,         1,        7.65,        1.28,        0.04,        0.38,           0,        0.01,           0,        0.01,        0.04,           0,           0,           0,        5.88,        0.01,           0,           0,           0,        0.01,        0.42,        0.05,           0,        0.38,        1.35,        0.07,        0.01,           0,        5.88,           0,           0,           0,           0,           0,           0,           0,        0.01,           0,           0,           0,           0,           0,           0,           0,           0,           0,           0,           0,           0,           0,           0,           0
         6,         2,        1.20,        0.02,           0,        0.01,           0,           0,           0,           0,        0.01,           0,           0,           0,        1.16,           0,           0,           0,           0,           0,        0.01,        0.01,           0,        0.01,        0.02,           0,           0,           0,        1.16,           0,           0,           0,           0,           0,           0,           0,           0,           0,           0,           0,           0,           0,           0,           0,           0,           0,           0,           0,           0,           0,           0,           0
         6,         3,        0.04,           0,           0,           0,           0,           0,           0,           0,           0,           0,           0,           0,        0.04,           0,           0,           0,           0,           0,           0,           0,           0,           0,           0,           0,           0,           0,        0.04,           0,           0,           0,           0,           0,           0,           0,           0,           0,           0,           0,           0,           0,           0,           0,           0,           0,           0,           0,           0,           0,           0,           0
         6,         4,      219.75,       17.89,       11.02,       53.29,        2.71,        3.11,           0,        2.15,        6.71,           0,           0,           0,      122.02,        0.74,        0.15,           0,           0,        5.82,       64.29,        8.86,           0,       53.29,       19.80,        1.89,        2.21,        0.06,      121.09,        0.11,        0.63,        0.03,           0,        0.16,           0,        0.02,        0.72,           0,           0,           0,        0.07,           0,        0.08,           0,           0,           0,           0,           0,           0,           0,           0,           0
         6,         5,      312.12,       31.15,       26.47,      108.42,        4.43,        4.18,           0,        4.38,       12.33,           0,           0,           0,      119.15,        1.36,        0.39,           0,           0,        8.61,      134.87,       16.70,           0,      108.42,       35.11,        3.99,        4.59,        0.18,      117.29,        0.19,        1.33,        0.03,           0,        0.31,           0,        0.05,        1.31,           0,           0,           0,        0.07,           0,        0.32,           0,           0,           0,           0,           0,           0,           0,           0,           0
         6,         6,      398.52,           0,           0,        3.93,           0,           0,           0,        0.05,        0.25,           0,           0,           0,      394.28,        0.02,           0,           0,           0,           0,        3.93,        0.30,           0,        3.93,           0,           0,        0.05,           0,      394.24,        0.01,        0.02,           0,           0,        0.01,           0,           0,        0.02,           0,           0,           0,           0,           0,           0,           0,           0,           0,           0,           0,           0,           0,           0,           0
         6,         7,        0.03,           0,           0,           0,           0,           0,           0,           0,           0,           0,           0,           0,        0.03,           0,           0,           0,           0,           0,           0,           0,           0,           0,           0,           0,           0,           0,        0.03,           0,           0,           0,           0,           0,           0,           0,           0,           0,           0,           0,           0,           0,           0,           0,           0,           0,           0,           0,           0,           0,           0,           0
         6,         8,       48.80,       12.16,        0.59,       12.68,        0.21,        0.50,           0,        0.92,        1.92,           0,           0,           0,       19.83,        0.02,           0,           0,           0,        0.71,       13.27,        2.84,           0,       12.68,       13.98,        1.85,        0.96,        0.04,       19.75,           0,        0.08,           0,           0,           0,           0,           0,        0.02,           0,           0,           0,           0,           0,           0,           0,           0,           0,           0,           0,           0,           0,           0,           0
         6,         9,        7.54,        2.63,        0.28,        2.41,           0,        0.12,           0,        0.09,        0.34,           0,           0,           0,        1.67,           0,           0,           0,           0,        0.12,        2.69,        0.43,           0,        2.41,        2.92,        0.30,        0.09,           0,        1.66,           0,        0.01,           0,           0,           0,           0,           0,           0,           0,           0,           0,           0,           0,           0,           0,           0,           0,           0,           0,           0,           0,           0,           0
         6,        10,        1.45,           0,           0,           0,           0,           0,           0,           0,           0,           0,           0,           0,        1.45,           0,           0,           0,           0,           0,           0,           0,           0,           0,           0,           0,           0,           0,        1.45,           0,           0,           0,           0,           0,           0,           0,           0,           0,           0,           0,           0,           0,           0,           0,           0,           0,           0,           0,           0,           0,           0,           0
         6,        11,        1.24,        0.64,        0.15,        0.42,           0,           0,           0,        0.01,        0.01,           0,           0,           0,        0.01,           0,           0,           0,           0,           0,        0.57,        0.02,           0,        0.42,        0.70,        0.06,        0.01,           0,           0,           0,        0.01,           0,           0,           0,           0,           0,           0,           0,           0,           0,           0,           0,           0,           0,           0,           0,           0,           0,           0,           0,           0,           0
         6,        12,        3.58,        1.93,        0.11,        1.46,           0,           0,           0,        0.02,        0.01,           0,           0,           0,        0.02,        0.02,        0.01,           0,           0,           0,        1.57,        0.03,           0,        1.46,        2.06,        0.13,        0.02,           0,           0,           0,        0.01,           0,           0,        0.01,           0,        0.01,        0.01,           0,           0,           0,           0,           0,        0.01,           0,           0,           0,           0,           0,           0,           0,           0,           0
         6,        13,        1.98,        0.75,        0.15,        1.07,           0,           0,           0,           0,        0.01,           0,           0,           0,           0,           0,           0,           0,           0,           0,        1.22,        0.01,           0,        1.07,        0.85,        0.09,           0,           0,           0,           0,           0,           0,           0,           0,           0,           0,           0,           0,           0,           0,           0,           0,           0,           0,           0,           0,           0,           0,           0,           0,           0,           0
         6,        14,        4.36,        1.97,        0.17,        1.97,           0,           0,           0,        0.08,        0.09,           0,           0,           0,        0.05,        0.03,           0,           0,           0,           0,        2.14,        0.17,           0,        1.97,        2.18,        0.20,        0.08,           0,           0,        0.01,        0.04,           0,           0,           0,           0,        0.02,        0.01,           0,           0,           0,           0,           0,           0,           0,           0,           0,           0,           0,           0,           0,           0,           0
         6,        15,        0.02,        0.02,           0,           0,           0,           0,           0,           0,           0,           0,           0,           0,           0,           0,           0,           0,           0,           0,           0,           0,           0,           0,        0.02,           0,           0,           0,           0,           0,           0,           0,           0,           0,           0,           0,           0,           0,           0,           0,           0,           0,           0,           0,           0,           0,           0,           0,           0,           0,           0,           0
         6,        16,        0.35,        0.22,        0.04,        0.07,           0,           0,           0,           0,        0.02,           0,           0,           0,           0,           0,           0,           0,           0,           0,        0.11,        0.02,           0,        0.07,        0.22,           0,           0,           0,           0,           0,           0,           0,           0,           0,           0,           0,           0,           0,           0,           0,           0,           0,           0,           0,           0,           0,           0,           0,           0,           0,           0,           0
         6,        17,        0.31,        0.19,        0.04,        0.08,           0,           0,           0,           0,           0,           0,           0,           0,           0,           0,           0,           0,           0,           0,        0.12,           0,           0,        0.08,        0.21,        0.02,           0,           0,           0,           0,           0,           0,           0,           0,           0,           0,           0,           0,           0,           0,           0,           0,           0,           0,           0,           0,           0,           0,           0,           0,           0,           0
         6,        18,        0.01,           0,        0.01,           0,           0,           0,           0,           0,           0,           0,           0,           0,           0,           0,           0,           0,           0,           0,        0.01,           0,           0,           0,           0,           0,           0,           0,           0,           0,           0,           0,           0,           0,           0,           0,           0,           0,           0,           0,           0,           0,           0,           0,           0,           0,           0,           0,           0,           0,           0,           0
         6,        19,           0,           0,           0,           0,           0,           0,           0,           0,           0,           0,           0,           0,           0,           0,           0,           0,           0,           0,           0,           0,           0,           0,           0,           0,           0,           0,           0,           0,           0,           0,           0,           0,           0,           0,           0,           0,           0,           0,           0,           0,           0,           0,           0,           0,           0,           0,           0,           0,           0,           0
         6,        20,        0.01,        0.01,           0,           0,           0,           0,           0,           0,           0,           0,           0,           0,           0,           0,           0,           0,           0,           0,           0,           0,           0,           0,        0.01,           0,           0,           0,           0,           0,           0,           0,           0,           0,           0,           0,           0,           0,           0,           0,           0,           0,           0,           0,           0,           0,           0,           0,           0,           0,           0,           0
         6,        21,           0,           0,           0,           0,           0,           0,           0,           0,           0,           0,           0,           0,           0,           0,           0,           0,           0,           0,           0,           0,           0,           0,           0,           0,           0,           0,           0,           0,           0,           0,           0,           0,           0,           0,           0,           0,           0,           0,           0,           0,           0,           0,           0,           0,           0,           0,           0,           0,           0,           0
         6,        22,           0,           0,           0,           0,           0,           0,           0,           0,           0,           0,           0,           0,           0,           0,           0,           0,           0,           0,           0,           0,           0,           0,           0,           0,           0,           0,           0,           0,           0,           0,           0,           0,           0,           0,           0,           0,           0,           0,           0,           0,           0,           0,           0,           0,           0,           0,           0,           0,           0,           0
         6,        23,           0,           0,           0,           0,           0,           0,           0,           0,           0,           0,           0,           0,           0,           0,           0,           0,           0,           0,           0,           0,           0,           0,           0,           0,           0,           0,           0,           0,           0,           0,           0,           0,           0,           0,           0,           0,           0,           0,           0,           0,           0,           0,           0,           0,           0,           0,           0,           0,           0,           0
         6,        24,           0,           0,           0,           0,           0,           0,           0,           0,           0,           0,           0,           0,           0,           0,           0,           0,           0,           0,           0,           0,           0,           0,           0,           0,           0,           0,           0,           0,           0,           0,           0,           0,           0,           0,           0,           0,           0,           0,           0,           0,           0,           0,           0,           0,           0,           0,           0,           0,           0,           0
         6,        25,           0,           0,           0,           0,           0,           0,           0,           0,           0,           0,           0,           0,           0,           0,           0,           0,           0,           0,           0,           0,           0,           0,           0,           0,           0,           0,           0,           0,           0,           0,           0,           0,           0,           0,           0,           0,           0,           0,           0,           0,           0,           0,           0,           0,           0,           0,           0,           0,           0,           0
         6,        26,           0,           0,           0,           0,           0,           0,           0,           0,           0,           0,           0,           0,           0,           0,           0,           0,           0,           0,           0,           0,           0,           0,           0,           0,           0,           0,           0,           0,           0,           0,           0,           0,           0,           0,           0,           0,           0,           0,           0,           0,           0,           0,           0,           0,           0,           0,           0,           0,           0,           0
         6,        27,        5.24,           0,           0,           0,           0,           0,           0,           0,           0,        5.24,           0,           0,           0,           0,           0,           0,           0,           0,           0,           0,           0,           0,           0,           0,           0,           0,           0,           0,           0,           0,           0,           0,           0,           0,           0,           0,           0,           0,           0,           0,           0,           0,           0,           0,           0,           0,           0,           0,           0,           0
         7,         1,        0.03,           0,           0,           0,           0,           0,           0,           0,           0,           0,           0,           0,        0.03,           0,           0,           0,           0,           0,           0,           0,           0,           0,           0,           0,           0,           0,        0.03,           0,           0,           0,           0,           0,           0,           0,           0,           0,           0,           0,           0,           0,           0,           0,           0,           0,           0,           0,           0,           0,           0,           0
         7,         2,           0,           0,           0,           0,           0,           0,           0,           0,           0,           0,           0,           0,           0,           0,           0,           0,           0,           0,           0,           0,           0,           0,           0,           0,           0,           0,           0,           0,           0,           0,           0,           0,           0,           0,           0,           0,           0,           0,           0,           0,           0,           0,           0,           0,           0,           0,           0,           0,           0,           0
         7,         3,           0,           0,           0,           0,           0,           0,           0,           0,           0,           0,           0,           0,           0,           0,           0,           0,           0,           0,           0,           0,           0,           0,           0,           0,           0,           0,           0,           0,           0,           0,           0,           0,           0,           0,           0,           0,           0,           0,           0,           0,           0,           0,           0,           0,           0,           0,           0,           0,           0,           0
         7,         4,       52.69,           0,           0,           0,           0,           0,           0,        0.06,        0.14,           0,           0,           0,       52.49,           0,           0,           0,           0,           0,           0,        0.20,           0,           0,           0,           0,        0.06,           0,       52.49,           0,           0,           0,           0,           0,           0,           0,           0,           0,           0,           0,           0,           0,           0,           0,           0,           0,           0,           0,           0,           0,           0,           0
         7,         5,       10.76,           0,           0,           0,           0,           0,           0,        0.14,        0.18,           0,           0,           0,       10.44,           0,           0,           0,           0,           0,           0,        0.32,           0,           0,           0,           0,        0.14,           0,       10.44,           0,           0,           0,           0,           0,           0,           0,           0,           0,           0,           0,           0,           0,           0,           0,           0,           0,           0,           0,           0,           0,           0,           0
         7,         6,        0.03,           0,           0,           0,           0,           0,           0,           0,           0,           0,           0,           0,        0.03,           0,           0,           0,           0,           0,           0,           0,           0,           0,           0,           0,           0,           0,        0.03,           0,           0,           0,           0,           0,           0,           0,           0,           0,           0,           0,           0,           0,           0,           0,           0,           0,           0,           0,           0,           0,           0,           0
         7,         7,      285.65,           0,           0,           0,           0,           0,           0,        0.01,        0.05,           0,           0,           0,      285.59,           0,           0,           0,           0,           0,           0,        0.06,           0,           0,           0,           0,        0.01,           0,      285.59,           0,           0,           0,           0,           0,           0,           0,           0,           0,           0,           0,           0,           0,           0,           0,           0,           0,           0,           0,           0,           0,           0,           0
         7,         8,      170.83,           0,           0,           0,           0,           0,           0,        0.85,        1.17,           0,           0,           0,      168.81,           0,           0,           0,           0,           0,           0,        2.02,           0,           0,           0,           0,        0.87,        0.02,      168.81,           0,           0,           0,           0,           0,           0,           0,           0,           0,           0,           0,           0,           0,           0,           0,           0,           0,           0,           0,           0,           0,           0,           0
         7,         9,       86.97,           0,           0,           0,           0,           0,           0,        0.05,        0.13,           0,           0,           0,       86.79,           0,           0,           0,           0,           0,           0,        0.18,           0,           0,           0,           0,        0.05,           0,       86.79,           0,           0,           0,           0,           0,           0,           0,           0,           0,           0,           0,           0,           0,           0,           0,           0,           0,           0,           0,           0,           0,           0,           0
         7,        10,        2.22,           0,           0,           0,           0,           0,           0,           0,           0,           0,           0,           0,        2.22,           0,           0,           0,           0,           0,           0,           0,           0,           0,           0,           0,           0,           0,        2.22,           0,           0,           0,           0,           0,           0,           0,           0,           0,           0,           0,           0,           0,           0,           0,           0,           0,           0,           0,           0,           0,           0,           0
         7,        11,        1.51,           0,           0,           0,           0,           0,           0,        0.01,        0.01,           0,           0,           0,        1.49,           0,           0,           0,           0,           0,           0,        0.02,           0,           0,           0,           0,        0.01,           0,        1.49,           0,           0,           0,           0,           0,           0,           0,           0,           0,           0,           0,           0,           0,           0,           0,           0,           0,           0,           0,           0,           0,           0,           0
         7,        12,       20.25,           0,           0,       10.00,           0,           0,           0,        0.02,        0.01,           0,           0,           0,       10.22,           0,           0,           0,           0,           0,       10.00,        0.03,       10.00,           0,           0,           0,        0.02,           0,       10.22,           0,           0,           0,           0,           0,           0,           0,           0,           0,           0,           0,           0,           0,           0,           0,           0,           0,           0,           0,           0,           0,           0,           0
         7,        13,        3.45,           0,           0,           0,           0,           0,           0,           0,        0.01,           0,           0,           0,        3.44,           0,           0,           0,           0,           0,           0,        0.01,           0,           0,           0,           0,           0,           0,        3.44,           0,           0,           0,           0,           0,           0,           0,           0,           0,           0,           0,           0,           0,           0,           0,           0,           0,           0,           0,           0,           0,           0,           0
         7,        14,        7.01,           0,           0,           0,           0,           0,           0,        0.05,        0.04,           0,           0,           0,        6.92,           0,           0,           0,           0,           0,           0,        0.09,           0,           0,           0,           0,        0.06,        0.01,        6.92,           0,           0,           0,           0,           0,           0,           0,           0,           0,           0,           0,           0,           0,           0,           0,           0,           0,           0,           0,           0,           0,           0,           0
         7,        15,           0,           0,           0,           0,           0,           0,           0,           0,           0,           0,           0,           0,           0,           0,           0,           0,           0,           0,           0,           0,           0,           0,           0,           0,           0,           0,           0,           0,           0,           0,           0,           0,           0,           0,           0,           0,           0,           0,           0,           0,           0,           0,           0,           0,           0,           0,           0,           0,           0,           0
         7,        16,        0.28,           0,           0,           0,           0,           0,           0,           0,           0,           0,           0,           0,        0.28,           0,           0,           0,           0,           0,           0,           0,           0,           0,           0,           0,           0,           0,        0.28,           0,           0,           0,           0,           0,           0,           0,           0,           0,           0,           0,           0,           0,           0,           0,           0,           0,           0,           0,           0,           0,           0,           0
         7,        17,        0.07,           0,           0,           0,           0,           0,           0,           0,           0,           0,           0,           0,        0.07,           0,           0,           0,           0,           0,           0,           0,           0,           0,           0,           0,           0,           0,        0.07,           0,           0,           0,           0,           0,           0,           0,           0,           0,           0,           0,           0,           0,           0,           0,           0,           0,           0,           0,           0,           0,           0,           0
         7,        18,           0,           0,           0,           0,           0,           0,           0,           0,           0,           0,           0,           0,           0,           0,           0,           0,           0,           0,           0,           0,           0,           0,           0,           0,           0,           0,           0,           0,           0,           0,           0,           0,           0,           0,           0,           0,           0,           0,           0,           0,           0,           0,           0,           0,           0,           0,           0,           0,           0,           0
         7,        19,           0,           0,           0,           0,           0,           0,           0,           0,           0,           0,           0,           0,           0,           0,           0,           0,           0,           0,           0,           0,           0,           0,           0,           0,           0,           0,           0,           0,           0,           0,           0,           0,           0,           0,           0,           0,           0,           0,           0,           0,           0,           0,           0,           0,           0,           0,           0,           0,           0,           0
         7,        20,           0,           0,           0,           0,           0,           0,           0,           0,           0,           0,           0,           0,           0,           0,           0,           0,           0,           0,           0,           0,           0,           0,           0,           0,           0,           0,           0,           0,           0,           0,           0,           0,           0,           0,           0,           0,           0,           0,           0,           0,           0,           0,           0,           0,           0,           0,           0,           0,           0,           0
         7,        21,           0,           0,           0,           0,           0,           0,           0,           0,           0,           0,           0,           0,           0,           0,           0,           0,           0,           0,           0,           0,           0,           0,           0,           0,           0,           0,           0,           0,           0,           0,           0,           0,           0,           0,           0,           0,           0,           0,           0,           0,           0,           0,           0,           0,           0,           0,           0,           0,           0,           0
         7,        22,           0,           0,           0,           0,           0,           0,           0,           0,           0,           0,           0,           0,           0,           0,           0,           0,           0,           0,           0,           0,           0,           0,           0,           0,           0,           0,           0,           0,           0,           0,           0,           0,           0,           0,           0,           0,           0,           0,           0,           0,           0,           0,           0,           0,           0,           0,           0,           0,           0,           0
         7,        23,           0,           0,           0,           0,           0,           0,           0,           0,           0,           0,           0,           0,           0,           0,           0,           0,           0,           0,           0,           0,           0,           0,           0,           0,           0,           0,           0,           0,           0,           0,           0,           0,           0,           0,           0,           0,           0,           0,           0,           0,           0,           0,           0,           0,           0,           0,           0,           0,           0,           0
         7,        24,           0,           0,           0,           0,           0,           0,           0,           0,           0,           0,           0,           0,           0,           0,           0,           0,           0,           0,           0,           0,           0,           0,           0,           0,           0,           0,           0,           0,           0,           0,           0,           0,           0,           0,           0,           0,           0,           0,           0,           0,           0,           0,           0,           0,           0,           0,           0,           0,           0,           0
         7,        25,           0,           0,           0,           0,           0,           0,           0,           0,           0,           0,           0,           0,           0,           0,           0,           0,           0,           0,           0,           0,           0,           0,           0,           0,           0,           0,           0,           0,           0,           0,           0,           0,           0,           0,           0,           0,           0,           0,           0,           0,           0,           0,           0,           0,           0,           0,           0,           0,           0,           0
         7,        26,           0,           0,           0,           0,           0,           0,           0,           0,           0,           0,           0,           0,           0,           0,           0,           0,           0,           0,           0,           0,           0,           0,           0,           0,           0,           0,           0,           0,           0,           0,           0,           0,           0,           0,           0,           0,           0,           0,           0,           0,           0,           0,           0,           0,           0,           0,           0,           0,           0,           0
         7,        27,           0,           0,           0,           0,           0,           0,           0,           0,           0,           0,           0,           0,           0,           0,           0,           0,           0,           0,           0,           0,           0,           0,           0,           0,           0,           0,           0,           0,           0,           0,           0,           0,           0,           0,           0,           0,           0,           0,           0,           0,           0,           0,           0,           0,           0,           0,           0,           0,           0,           0
         8,         1,     1951.17,      842.89,       20.56,      320.47,        4.12,       14.65,           0,      242.69,      197.02,           0,           0,           0,      162.35,      123.40,       23.37,           0,           0,       18.77,      341.03,      439.67,           0,      320.47,      921.30,       79.75,      250.62,        7.98,        2.55,       16.45,       89.75,       22.08,        5.78,       25.74,        0.04,        7.29,       99.40,        1.55,        2.40,       12.72,        6.32,        1.70,       11.32,        1.50,        0.56,        1.97,           0,           0,           0,           0,           0,           0
         8,         2,       62.44,       10.14,        0.03,       11.93,           0,           0,           0,       12.08,        9.78,           0,           0,           0,       12.45,        5.71,        0.34,           0,           0,           0,       11.96,       21.86,           0,       11.93,       10.74,        0.64,       12.34,        0.27,        0.99,        1.67,        6.04,        1.36,        0.28,        2.11,           0,        0.11,        5.12,        0.01,        0.03,        0.44,        0.05,        0.01,        0.25,           0,           0,        0.03,           0,           0,           0,           0,           0,           0
         8,         3,        1.28,           0,           0,           0,           0,           0,           0,           0,           0,           0,           0,           0,        1.28,           0,           0,           0,           0,           0,           0,           0,           0,           0,           0,           0,           0,           0,        1.28,           0,           0,           0,           0,           0,           0,           0,           0,           0,           0,           0,           0,           0,           0,           0,           0,           0,           0,           0,           0,           0,           0,           0
         8,         4,    58360.34,    11808.73,     3153.17,    25965.17,     1109.79,     1561.11,           0,     4189.30,     7048.08,           0,           0,           0,     2659.74,      757.17,      154.24,           0,           0,     2670.53,    29111.80,    11229.03,           0,    25965.17,    13231.71,     1431.76,     4426.72,      240.63,      516.96,      337.38,     1133.72,      214.31,       52.54,      408.78,        1.81,       87.47,      575.86,       12.35,       12.04,       67.89,       65.87,        7.99,       58.72,        5.66,        3.28,       12.74,           0,           0,           0,           0,           0,           0
         8,         5,    67564.72,    17211.99,     5084.93,    25646.98,      395.40,      923.02,     4074.00,     4555.63,     6535.88,           0,           0,           0,     2304.74,      730.52,      161.63,           0,           0,     1317.69,    30722.60,    11079.74,           0,    25646.98,    19507.15,     2306.65,     4929.86,      379.60,      311.62,      343.72,     1016.88,      206.40,       63.16,      368.21,        4.05,      103.60,      524.46,       13.07,       12.66,       73.34,       67.81,        5.72,       72.83,        3.23,        1.76,       10.40,           0,           0,           0,           0,           0,           0
         8,         6,       42.90,        1.82,           0,       19.80,           0,           0,           0,        0.89,        1.87,           0,           0,           0,       18.51,        0.02,           0,           0,           0,           0,       19.80,        2.76,           0,       19.80,        1.97,        0.15,        0.90,        0.01,       18.44,           0,        0.07,           0,           0,           0,           0,           0,        0.02,           0,           0,           0,           0,           0,           0,           0,           0,           0,           0,           0,           0,           0,           0,           0
         8,         7,      140.31,        3.38,           0,        4.14,           0,           0,           0,        0.88,        1.23,           0,           0,           0,      130.68,           0,           0,           0,           0,           0,        4.14,        2.11,           0,        4.14,        3.63,        0.25,        0.92,        0.04,      130.68,           0,           0,           0,           0,           0,           0,           0,           0,           0,           0,           0,           0,           0,           0,           0,           0,           0,           0,           0,           0,           0,           0,           0
         8,         8,   789826.16,    80707.02,    68202.74,   374605.49,    34298.41,    33794.08,     1036.00,    46460.88,   105781.83,           0,           0,           0,    42508.71,     2358.34,      112.36,           0,           0,    68091.52,   442800.27,   152235.12,           0,   374605.49,    93514.47,    12809.24,    50700.88,     4242.00,    24296.90,     3453.43,     9113.54,     1498.35,      595.09,     3570.41,       15.51,      288.34,     1578.82,       34.51,       33.50,      408.54,       40.64,        3.74,       56.07,        1.39,        1.05,        9.45,           0,           0,           0,           0,           0,           0
         8,         9,    48446.06,    12200.98,     4434.79,    20461.92,      317.35,      624.48,           0,     3217.63,     5202.48,           0,           0,           0,     1785.75,      208.78,        8.19,           0,           0,      941.62,    24893.04,     8417.02,           0,    20461.92,    14146.17,     1943.63,     3475.57,      259.11,      182.01,      248.30,      824.31,      177.07,       52.66,      302.95,        0.29,       13.91,      148.51,        0.84,        2.44,       42.84,        5.29,        0.04,        2.78,        0.01,           0,        0.07,           0,           0,           0,           0,           0,           0
         8,        10,       96.84,        0.62,           0,       33.88,           0,           0,           0,        0.97,        3.60,           0,           0,           0,       57.78,           0,           0,           0,           0,           0,       33.88,        4.57,           0,       33.88,        0.62,           0,        0.97,           0,       57.72,           0,        0.06,           0,           0,           0,           0,           0,           0,           0,           0,           0,           0,           0,           0,           0,           0,           0,           0,           0,           0,           0,           0,           0
         8,        11,     4593.51,     2256.25,      127.16,     1389.50,        4.70,        1.21,           0,      295.84,      184.39,           0,           0,           0,      270.86,       63.87,        4.30,           0,           0,        5.91,     1516.79,      478.83,           0,     1389.50,     2559.13,      304.22,      317.86,       23.10,        1.20,       36.53,      131.41,       37.34,       13.07,       51.59,        0.89,       34.57,       22.55,        3.70,        0.34,        1.84,        1.54,        0.26,        1.83,        0.24,        0.16,        0.27,           0,           0,           0,           0,           0,           0
         8,        12,    22458.89,     8843.01,      334.34,     8499.94,       32.43,       15.50,      196.00,     1664.56,     1383.98,           0,           0,           0,     1247.79,      254.95,       13.51,           0,           0,       47.90,     8834.19,     3043.16,     2022.00,     6477.94,    10159.38,     1327.50,     1790.99,      129.90,        0.24,      158.82,      605.73,      172.70,       67.40,      243.28,        3.63,      133.97,       98.21,       13.46,        0.90,        4.79,        3.81,        0.97,        6.38,        0.79,        0.44,        1.12,           0,           0,           0,           0,           0,           0
         8,        13,    10201.73,     4149.30,      277.68,     3896.66,        0.21,        0.67,       19.00,      703.98,      700.21,           0,           0,           0,      409.25,       51.91,        1.99,           0,           0,        0.88,     4173.85,     1401.96,           0,     3896.66,     5033.01,      888.29,      757.27,       54.87,        0.01,       44.45,      213.12,       58.36,       23.44,       70.02,        0.83,       25.62,       22.91,        1.81,        0.05,        0.69,        1.45,        0.01,        0.50,        0.01,           0,        0.02,           0,           0,           0,           0,           0,           0
         8,        14,    24331.53,     8810.15,      468.83,     8719.71,       20.60,       31.07,      945.00,     2099.73,     1913.93,           0,           0,           0,     1185.45,      175.30,        3.91,           0,           0,       51.67,     9187.92,     4007.20,           0,     8719.71,    10135.57,     1344.96,     2263.53,      168.62,        0.15,      177.06,      609.91,      159.40,       36.03,      203.10,        2.30,       99.00,       68.10,        3.68,        0.05,        2.18,        1.00,        0.12,        2.62,        0.03,        0.01,        0.13,           0,           0,           0,           0,           0,           0
         8,        15,      539.58,      122.62,        0.52,      154.00,        5.09,           0,           0,       79.31,       66.31,           0,           0,           0,       91.40,       21.22,        0.29,           0,           0,        5.09,      154.51,      145.33,           0,      154.00,      132.17,       10.68,       80.84,        1.76,           0,        8.13,       54.62,       12.13,        2.84,       13.78,           0,       16.88,        3.50,        0.78,           0,        0.06,        0.01,        0.01,        0.14,        0.01,        0.01,        0.11,           0,           0,           0,           0,           0,           0
         8,        16,     4191.11,     1078.05,      139.74,     1218.32,       17.54,        0.78,       15.00,      561.82,      527.24,           0,           0,           0,      558.02,       81.58,        1.83,           0,           0,       18.32,     1358.02,     1087.19,           0,     1218.32,     1239.07,      167.18,      587.66,       27.14,           0,       60.46,      296.48,       89.61,       23.21,       88.33,        0.12,       52.27,       26.44,        1.99,        0.02,        0.75,        0.42,        0.04,        1.16,        0.06,        0.02,        0.13,           0,           0,           0,           0,           0,           0
         8,        17,     4012.76,      988.44,      147.93,     1354.59,       10.05,        1.84,           0,      494.00,      471.07,           0,           0,           0,      491.96,       62.15,        1.27,           0,           0,       11.89,     1502.48,      962.97,           0,     1354.59,     1148.19,      164.53,      515.48,       23.38,           0,       54.45,      261.36,       77.79,       20.59,       77.77,        0.23,       38.22,       21.69,        1.40,        0.02,        0.59,        0.46,           0,        0.77,           0,           0,        0.04,           0,           0,           0,           0,           0,           0
         8,        18,      109.38,       21.13,       16.77,       26.21,           0,           0,           0,       17.85,       13.59,           0,           0,           0,       13.38,        0.61,           0,           0,           0,           0,       42.96,       31.39,           0,       26.21,       21.91,        0.81,       18.29,        0.53,           0,        1.15,        6.66,        2.42,        1.09,        2.08,           0,        0.07,        0.49,        0.05,           0,           0,           0,           0,           0,           0,           0,           0,           0,           0,           0,           0,           0,           0
         8,        19,       22.18,        7.71,           0,        2.06,           0,           0,           0,        2.67,        0.68,           0,           0,           0,        5.87,        3.34,           0,           0,           0,           0,        2.06,        3.30,           0,        2.06,        8.00,        0.80,        2.67,        0.01,           0,           0,        4.43,        0.92,        0.03,        0.49,           0,           0,        3.24,           0,           0,        0.10,           0,           0,           0,           0,           0,           0,           0,           0,           0,           0,           0,           0
         8,        20,     1675.61,      435.25,       55.42,      340.36,        2.69,           0,           0,      225.23,      168.17,           0,           0,           0,      283.19,      172.07,        0.21,           0,           0,        2.69,      395.64,      391.27,           0,      340.36,      504.39,       75.14,      232.56,        8.72,           0,       15.94,      159.33,       57.02,       12.01,       39.09,           0,        0.21,      146.86,           0,        0.66,       24.37,           0,        0.02,        0.07,        0.01,        0.05,        0.06,           0,           0,           0,           0,           0,           0
         8,        21,     1130.09,      280.66,        7.22,      139.72,           0,           0,      427.00,       53.05,       14.71,           0,           0,           0,      129.86,       82.65,        0.12,           0,           0,           0,      146.89,       67.13,        1.00,      138.72,      309.62,       33.72,       54.88,        2.45,           0,        1.74,       72.01,       34.68,        4.72,       17.07,           0,        0.14,       73.91,        0.02,        0.22,        8.41,           0,           0,        0.02,           0,        0.02,        0.08,           0,           0,           0,           0,           0,           0
         8,        22,       55.33,       32.57,        0.01,        0.52,           0,           0,           0,        0.16,           0,           0,           0,           0,       12.91,        9.26,           0,           0,           0,           0,        0.53,        0.16,           0,        0.52,       33.51,        1.49,        0.16,           0,           0,           0,        4.63,        7.07,        0.35,        0.88,           0,           0,        8.67,           0,           0,        0.59,           0,           0,           0,           0,           0,           0,           0,           0,           0,           0,           0,           0
         8,        23,        0.01,        0.01,           0,           0,           0,           0,           0,           0,           0,           0,           0,           0,           0,           0,           0,           0,           0,           0,           0,           0,           0,           0,        0.01,           0,           0,           0,           0,           0,           0,           0,           0,           0,           0,           0,           0,           0,           0,           0,           0,           0,           0,           0,           0,           0,           0,           0,           0,           0,           0,           0
         8,        24,        0.02,           0,           0,        0.02,           0,           0,           0,           0,           0,           0,           0,           0,           0,           0,           0,           0,           0,           0,        0.02,           0,           0,        0.02,           0,           0,           0,           0,           0,           0,           0,           0,           0,           0,           0,           0,           0,           0,           0,           0,           0,           0,           0,           0,           0,           0,           0,           0,           0,           0,           0,           0
         8,        25,        1.00,        0.50,           0,           0,           0,           0,           0,           0,           0,           0,           0,           0,        0.34,        0.16,           0,           0,           0,           0,           0,           0,           0,           0,        0.50,           0,           0,           0,           0,           0,        0.08,        0.24,        0.01,        0.01,           0,           0,        0.16,           0,           0,           0,           0,           0,           0,           0,           0,           0,           0,           0,           0,           0,           0,           0
         8,        26,           0,           0,           0,           0,           0,           0,           0,           0,           0,           0,           0,           0,           0,           0,           0,           0,           0,           0,           0,           0,           0,           0,           0,           0,           0,           0,           0,           0,           0,           0,           0,           0,           0,           0,           0,           0,           0,           0,           0,           0,           0,           0,           0,           0,           0,           0,           0,           0,           0,           0
         8,        27,     8234.64,           0,           0,           0,           0,           0,           0,           0,           0,     7276.67,           0,           0,           0,           0,           0,      485.04,      474.23,           0,           0,           0,           0,           0,           0,           0,           0,           0,           0,           0,           0,           0,           0,           0,           0,           0,           0,           0,           0,           0,           0,           0,           0,           0,           0,           0,      485.04,           0,           0,      474.23,           0,           0
         9,         1,      310.42,       92.04,        0.87,       39.01,        0.93,           0,           0,       36.78,       32.39,           0,           0,           0,       46.30,       46.83,       15.25,           0,           0,        0.93,       39.88,       69.18,           0,       39.01,       97.52,        5.52,       37.04,        0.27,           0,        3.26,       26.46,        9.20,        2.04,        5.34,           0,        2.10,       37.07,        0.16,        1.29,        6.21,        1.29,        0.99,       10.78,        0.60,        0.30,        1.29,           0,           0,           0,           0,           0,           0
         9,         2,       17.41,        1.86,           0,        2.47,           0,           0,           0,        2.96,        2.64,           0,           0,           0,        4.53,        2.69,        0.26,           0,           0,           0,        2.47,        5.60,           0,        2.47,        1.87,        0.01,        2.97,        0.01,           0,        0.44,        2.48,        0.63,        0.12,        0.86,           0,        0.01,        2.42,           0,           0,        0.26,           0,           0,        0.26,           0,           0,           0,           0,           0,           0,           0,           0,           0
         9,         3,           0,           0,           0,           0,           0,           0,           0,           0,           0,           0,           0,           0,           0,           0,           0,           0,           0,           0,           0,           0,           0,           0,           0,           0,           0,           0,           0,           0,           0,           0,           0,           0,           0,           0,           0,           0,           0,           0,           0,           0,           0,           0,           0,           0,           0,           0,           0,           0,           0,           0
         9,         4,     3742.93,     1000.33,        8.63,      876.20,       26.78,       22.34,           0,      555.35,      564.15,           0,           0,           0,      416.94,      208.65,       66.20,           0,           0,       49.12,      884.82,     1118.89,           0,      876.20,     1108.28,      110.50,      578.90,       23.86,        2.60,       45.25,      223.73,       61.02,       13.46,       70.88,        0.22,       16.27,      159.76,        2.46,        5.96,       23.99,       21.63,        4.50,       29.65,        3.37,        1.48,        5.57,           0,           0,           0,           0,           0,           0
         9,         5,     6975.41,     1785.96,       27.07,     1774.41,       26.77,       23.97,      924.00,      792.49,      825.95,           0,           0,           0,      493.50,      235.16,       70.99,           0,           0,       50.74,     1801.47,     1617.62,           0,     1774.41,     2011.25,      230.43,      849.17,       56.76,        9.61,       63.05,      246.02,       70.86,       20.18,       83.83,        1.07,       20.25,      176.69,        2.83,        5.89,       28.43,       23.71,        2.85,       38.31,        1.44,        0.49,        4.19,           0,           0,           0,           0,           0,           0
         9,         6,        4.25,        0.12,           0,        2.41,           0,           0,           0,        0.07,        0.22,           0,           0,           0,        1.43,           0,           0,           0,           0,           0,        2.41,        0.29,           0,        2.41,        0.12,           0,        0.07,           0,        1.42,           0,        0.01,           0,           0,           0,           0,           0,           0,           0,           0,           0,           0,           0,           0,           0,           0,           0,           0,           0,           0,           0,           0,           0
         9,         7,       68.96,        0.06,           0,        0.27,           0,           0,           0,        0.05,        0.08,           0,           0,           0,       68.50,           0,           0,           0,           0,           0,        0.27,        0.13,           0,        0.27,        0.06,           0,        0.05,           0,       68.50,           0,           0,           0,           0,           0,           0,           0,           0,           0,           0,           0,           0,           0,           0,           0,           0,           0,           0,           0,           0,           0,           0,           0
         9,         8,    31387.73,     6464.03,      477.11,    12741.36,      862.92,     1266.13,      219.00,     2825.07,     4582.20,           0,           0,           0,     1749.61,      203.69,       10.91,           0,           0,     2128.81,    13217.78,     7404.45,           0,    12741.36,     7491.88,     1034.34,     3050.30,      226.50,      217.40,      235.31,      786.26,      173.69,       50.12,      288.74,        0.26,       12.44,      145.85,        0.81,        2.65,       41.72,        7.34,        0.06,        3.39,        0.01,           0,        0.11,           0,           0,           0,           0,           0,           0
         9,         9,   398508.92,    27918.53,    41841.29,   176073.29,    16888.21,    16320.63,           0,    23731.63,    69764.26,           0,           0,           0,    24506.90,     1372.25,      101.98,           0,           0,    33208.50,   217911.04,    93494.42,           0,   176073.29,    32288.14,     4367.78,    25748.78,     2016.64,    14883.61,     1752.82,     4636.29,      892.75,      415.39,     1932.73,        8.19,      104.32,      929.47,       10.59,       27.49,      292.38,       28.80,        2.46,       65.05,        0.56,        0.52,        4.58,           0,           0,           0,           0,           0,           0
         9,        10,       60.12,        0.30,           0,       16.22,           0,           0,           0,        0.44,        2.10,           0,           0,           0,       41.06,           0,           0,           0,           0,           0,       16.22,        2.54,           0,       16.22,        0.30,           0,        0.44,           0,       41.04,           0,        0.02,           0,           0,           0,           0,           0,           0,           0,           0,           0,           0,           0,           0,           0,           0,           0,           0,           0,           0,           0,           0,           0
         9,        11,     8204.53,     3686.40,      141.42,     2892.32,       14.22,       21.44,           0,      540.40,      460.71,           0,           0,           0,      358.53,       83.86,       11.71,           0,           0,       35.65,     3033.62,      999.96,           0,     2892.32,     4185.23,      501.31,      587.12,       47.39,       17.36,       48.26,      164.41,       42.96,       16.51,       69.62,        1.44,       39.26,       35.25,        4.77,        0.69,        2.56,        6.13,        0.44,        3.91,        0.26,        0.21,        0.76,           0,           0,           0,           0,           0,           0
         9,        12,    47799.19,    14642.52,      738.71,    21512.23,      250.99,      381.21,      322.00,     3245.77,     4253.49,           0,           0,           0,     2042.30,      399.64,       48.55,           0,           0,      631.63,    22246.16,     7490.68,     1854.00,    19658.23,    16862.75,     2226.66,     3529.64,      288.11,      175.69,      273.06,      887.34,      225.45,       96.63,      386.40,        7.47,      191.60,      169.15,       19.99,        1.56,        9.88,       21.15,        1.78,       21.22,        0.77,        0.68,        2.94,           0,           0,           0,           0,           0,           0
         9,        13,    23672.10,     6956.65,      805.78,    11664.31,        3.29,        9.49,       94.00,     1297.01,     2078.21,           0,           0,           0,      678.53,       92.22,       11.66,           0,           0,       12.72,    12466.09,     3369.04,           0,    11664.31,     8448.96,     1492.99,     1408.80,      115.13,       74.13,       81.05,      303.37,       77.37,       33.28,      111.71,        1.58,       43.60,       42.36,        2.81,        0.08,        1.86,        8.27,        0.02,        3.33,           0,           0,        0.04,           0,           0,           0,           0,           0,           0
         9,        14,    50144.41,    15055.27,     1013.76,    21493.41,       99.11,      422.30,     1328.00,     3783.70,     4982.61,           0,           0,           0,     1749.92,      263.94,       14.33,           0,           0,      521.15,    22500.95,     8753.54,           0,    21493.41,    17368.72,     2328.79,     4120.06,      342.44,      128.10,      256.98,      807.33,      201.63,       53.50,      303.98,        3.81,      127.64,      123.76,        5.36,        0.13,        3.31,        5.27,        0.18,        8.49,        0.03,        0.03,        0.33,           0,           0,           0,           0,           0,           0
         9,        15,      709.85,      139.17,        0.06,      168.42,       11.24,        7.49,           0,      133.85,      125.40,           0,           0,           0,      106.49,       23.05,        0.86,           0,           0,       18.74,      168.48,      257.19,           0,      168.42,      151.71,       14.67,      137.99,        4.82,        0.15,       11.27,       58.95,       13.90,        3.88,       18.42,        0.03,       16.05,        5.85,        0.99,           0,        0.13,        0.28,        0.02,        0.47,           0,           0,        0.09,           0,           0,           0,           0,           0,           0
         9,        16,     6682.20,     1675.95,       41.63,     1808.75,       37.67,       76.98,       35.00,     1074.22,     1176.31,           0,           0,           0,      674.91,      103.73,        6.81,           0,           0,      114.57,     1850.19,     2243.27,           0,     1808.75,     1945.57,      283.32,     1140.97,       70.47,        1.32,       76.46,      346.71,      100.40,       30.70,      119.71,        0.70,       51.30,       47.64,        2.95,        0.04,        1.11,        3.08,        0.05,        3.58,        0.02,           0,        0.08,           0,           0,           0,           0,           0,           0
         9,        17,     6621.49,     1639.17,       45.70,     2093.83,       24.44,      106.48,           0,      967.14,     1085.81,           0,           0,           0,      604.92,       81.43,        5.11,           0,           0,      130.89,     2139.23,     2045.46,           0,     2093.83,     1918.12,      292.23,     1025.86,       63.03,        0.54,       68.43,      313.07,       89.48,       26.98,      106.67,        0.72,       38.19,       39.67,        1.92,        0.02,        0.91,        2.45,           0,        2.63,           0,           0,        0.03,           0,           0,           0,           0,           0,           0
         9,        18,      112.60,       16.33,        6.07,       25.87,           0,           0,           0,       24.38,       24.39,           0,           0,           0,       15.17,        0.66,           0,           0,           0,           0,       31.94,       48.68,           0,       25.87,       16.82,        0.66,       25.22,        0.93,        0.35,        1.68,        6.74,        2.56,        1.46,        2.38,           0,        0.06,        0.55,        0.05,           0,           0,           0,           0,           0,           0,           0,           0,           0,           0,           0,           0,           0,           0
         9,        19,       52.78,        7.33,           0,        4.88,        0.99,           0,           0,       10.63,        8.35,           0,           0,           0,       12.57,        8.25,           0,           0,           0,        0.99,        4.88,       18.92,           0,        4.88,        7.79,        0.89,       10.65,           0,           0,        0.26,        9.20,        1.57,        0.09,        1.46,           0,           0,        7.69,           0,           0,        0.56,           0,           0,           0,           0,           0,           0,           0,           0,           0,           0,           0,           0
         9,        20,     1854.53,      309.62,       21.47,      321.68,       21.64,        1.24,           0,      313.78,      316.31,           0,           0,           0,      328.83,      227.04,        0.39,           0,           0,       22.88,      343.15,      627.40,           0,      321.68,      358.86,       55.24,      326.66,       15.39,           0,       29.74,      176.03,       60.54,       16.31,       46.23,           0,        0.07,      185.77,           0,        1.14,       40.06,           0,        0.03,        0.35,        0.01,           0,           0,           0,           0,           0,           0,           0,           0
         9,        21,     1650.58,      224.98,        9.26,      314.16,        2.23,           0,      402.00,      185.45,      149.76,           0,           0,           0,      217.03,      149.32,        0.16,           0,           0,        2.23,      323.42,      334.05,        2.00,      312.16,      249.67,       27.68,      198.79,       14.05,           0,       16.90,      117.86,       43.25,       10.00,       29.28,           0,        0.24,      125.93,        0.05,        0.63,       22.52,           0,           0,        0.11,           0,           0,        0.05,           0,           0,           0,           0,           0,           0
         9,        22,      179.40,       40.01,        1.12,       15.14,        0.06,           0,           0,       26.28,       14.00,           0,           0,           0,       43.83,       39.52,           0,           0,           0,        0.06,       16.26,       40.09,           0,       15.14,       41.60,        1.95,       26.54,        0.39,           0,        0.80,       23.95,       13.15,        1.86,        4.08,           0,           0,       34.36,           0,        0.07,        5.09,           0,           0,           0,           0,           0,           0,           0,           0,           0,           0,           0,           0
         9,        23,        0.19,        0.19,           0,           0,           0,           0,           0,           0,           0,           0,           0,           0,           0,           0,           0,           0,           0,           0,           0,           0,           0,           0,        0.19,           0,           0,           0,           0,           0,           0,           0,           0,           0,           0,           0,           0,           0,           0,           0,           0,           0,           0,           0,           0,           0,           0,           0,           0,           0,           0,           0
         9,        24,        0.04,           0,           0,        0.04,           0,           0,           0,           0,           0,           0,           0,           0,           0,           0,           0,           0,           0,           0,        0.04,           0,           0,        0.04,           0,           0,           0,           0,           0,           0,           0,           0,           0,           0,           0,           0,           0,           0,           0,           0,           0,           0,           0,           0,           0,           0,           0,           0,           0,           0,           0,           0
         9,        25,        8.63,        1.08,        1.03,        1.33,           0,           0,           0,        1.58,        0.67,           0,           0,           0,        1.89,        1.13,           0,           0,           0,           0,        2.36,        2.21,           0,        1.33,        1.08,           0,        1.59,        0.03,           0,        0.02,        0.90,        0.46,        0.19,        0.32,           0,           0,        0.95,           0,           0,        0.18,           0,           0,           0,           0,           0,           0,           0,           0,           0,           0,           0,           0
         9,        26,           0,           0,           0,           0,           0,           0,           0,           0,           0,           0,           0,           0,           0,           0,           0,           0,           0,           0,           0,           0,           0,           0,           0,           0,           0,           0,           0,           0,           0,           0,           0,           0,           0,           0,           0,           0,           0,           0,           0,           0,           0,           0,           0,           0,           0,           0,           0,           0,           0,           0
         9,        27,     4932.68,           0,           0,           0,           0,           0,           0,           0,           0,     3940.04,           0,           0,           0,           0,           0,      285.06,      708.50,           0,           0,           0,           0,           0,           0,           0,           0,           0,           0,           0,           0,           0,           0,           0,           0,           0,           0,           0,           0,           0,           0,           0,           0,           0,           0,           0,      285.06,           0,           0,      708.50,           0,           0
        10,         1,        0.23,        0.12,        0.04,        0.04,        0.03,           0,           0,           0,           0,           0,           0,           0,           0,           0,           0,           0,           0,        0.03,        0.08,           0,           0,        0.04,        0.12,           0,           0,           0,           0,           0,           0,           0,           0,           0,           0,           0,           0,           0,           0,           0,           0,           0,           0,           0,           0,           0,           0,           0,           0,           0,           0,           0
        10,         2,        0.01,           0,           0,        0.01,           0,           0,           0,           0,           0,           0,           0,           0,           0,           0,           0,           0,           0,           0,        0.01,           0,           0,        0.01,           0,           0,           0,           0,           0,           0,           0,           0,           0,           0,           0,           0,           0,           0,           0,           0,           0,           0,           0,           0,           0,           0,           0,           0,           0,           0,           0,           0
        10,         3,           0,           0,           0,           0,           0,           0,           0,           0,           0,           0,           0,           0,           0,           0,           0,           0,           0,           0,           0,           0,           0,           0,           0,           0,           0,           0,           0,           0,           0,           0,           0,           0,           0,           0,           0,           0,           0,           0,           0,           0,           0,           0,           0,           0,           0,           0,           0,           0,           0,           0
        10,         4,       10.03,        1.38,        0.25,        3.16,        0.53,        0.19,           0,        0.01,        0.14,           0,           0,           0,        4.37,           0,           0,           0,           0,        0.72,        3.41,        0.15,           0,        3.16,        1.48,        0.10,        0.01,           0,        4.37,           0,           0,           0,           0,           0,           0,           0,           0,           0,           0,           0,           0,           0,           0,           0,           0,           0,           0,           0,           0,           0,           0,           0
        10,         5,       27.73,        3.16,        0.97,        8.77,        0.56,        0.33,           0,        0.18,        0.62,           0,           0,           0,       13.15,           0,           0,           0,           0,        0.89,        9.74,        0.80,           0,        8.77,        3.37,        0.21,        0.18,           0,       13.15,           0,           0,           0,           0,           0,           0,           0,           0,           0,           0,           0,           0,           0,           0,           0,           0,           0,           0,           0,           0,           0,           0,           0
        10,         6,        1.37,           0,           0,           0,           0,           0,           0,           0,           0,           0,           0,           0,        1.37,           0,           0,           0,           0,           0,           0,           0,           0,           0,           0,           0,           0,           0,        1.37,           0,           0,           0,           0,           0,           0,           0,           0,           0,           0,           0,           0,           0,           0,           0,           0,           0,           0,           0,           0,           0,           0,           0
        10,         7,        2.98,           0,           0,           0,           0,           0,           0,           0,           0,           0,           0,           0,        2.98,           0,           0,           0,           0,           0,           0,           0,           0,           0,           0,           0,           0,           0,        2.98,           0,           0,           0,           0,           0,           0,           0,           0,           0,           0,           0,           0,           0,           0,           0,           0,           0,           0,           0,           0,           0,           0,           0
        10,         8,      133.55,        9.98,        4.44,       33.78,        3.72,        4.95,           0,        0.88,        3.24,           0,           0,           0,       72.59,           0,           0,           0,           0,        8.67,       38.22,        4.12,           0,       33.78,       11.41,        1.44,        0.90,        0.02,       72.54,           0,        0.05,           0,           0,           0,           0,           0,           0,           0,           0,           0,           0,           0,           0,           0,           0,           0,           0,           0,           0,           0,           0,           0
        10,         9,      122.35,        7.65,        5.31,       23.10,        1.78,        2.89,           0,        0.46,        2.16,           0,           0,           0,       79.01,           0,           0,           0,           0,        4.67,       28.41,        2.62,           0,       23.10,        8.80,        1.14,        0.46,           0,       78.99,           0,        0.02,           0,           0,           0,           0,           0,           0,           0,           0,           0,           0,           0,           0,           0,           0,           0,           0,           0,           0,           0,           0,           0
        10,        10,      178.25,        0.01,           0,        4.37,           0,           0,           0,        0.01,        0.10,           0,           0,           0,      173.76,           0,           0,           0,           0,           0,        4.37,        0.11,           0,        4.37,        0.01,           0,        0.01,           0,      173.76,           0,           0,           0,           0,           0,           0,           0,           0,           0,           0,           0,           0,           0,           0,           0,           0,           0,           0,           0,           0,           0,           0,           0
        10,        11,        5.43,        1.31,        0.77,        2.60,        0.11,           0,           0,        0.01,        0.05,           0,           0,           0,        0.59,           0,           0,           0,           0,        0.11,        3.37,        0.06,           0,        2.60,        1.45,        0.14,        0.01,           0,        0.58,           0,        0.01,           0,           0,           0,           0,           0,           0,           0,           0,           0,           0,           0,           0,           0,           0,           0,           0,           0,           0,           0,           0,           0
        10,        12,       26.00,        5.22,        1.85,       13.24,        0.56,        0.06,           0,        0.09,        0.44,           0,           0,           0,        4.54,           0,           0,           0,           0,        0.62,       15.09,        0.53,        1.00,       12.24,        5.81,        0.58,        0.09,           0,        4.52,           0,        0.01,           0,           0,        0.01,           0,           0,           0,           0,           0,           0,           0,           0,           0,           0,           0,           0,           0,           0,           0,           0,           0,           0
        10,        13,       15.74,        2.68,        1.53,        7.69,           0,        0.01,           0,        0.04,        0.33,           0,           0,           0,        3.48,           0,           0,           0,           0,        0.01,        9.22,        0.37,           0,        7.69,        3.12,        0.43,        0.04,           0,        3.48,           0,           0,           0,           0,           0,           0,           0,           0,           0,           0,           0,           0,           0,           0,           0,           0,           0,           0,           0,           0,           0,           0,           0
        10,        14,       30.33,        4.90,        2.55,       16.93,        0.45,        0.21,           0,        0.19,        0.64,           0,           0,           0,        4.47,           0,           0,           0,           0,        0.66,       19.48,        0.83,           0,       16.93,        5.32,        0.43,        0.20,        0.01,        4.42,        0.02,        0.03,           0,           0,           0,           0,           0,           0,           0,           0,           0,           0,           0,           0,           0,           0,           0,           0,           0,           0,           0,           0,           0
        10,        15,        0.37,        0.04,           0,        0.25,        0.08,           0,           0,           0,           0,           0,           0,           0,           0,           0,           0,           0,           0,        0.08,        0.25,           0,           0,        0.25,        0.04,           0,           0,           0,           0,           0,           0,           0,           0,           0,           0,           0,           0,           0,           0,           0,           0,           0,           0,           0,           0,           0,           0,           0,           0,           0,           0,           0
        10,        16,        4.24,        0.52,        0.85,        2.36,        0.38,           0,           0,        0.01,        0.12,           0,           0,           0,           0,           0,           0,           0,           0,        0.38,        3.21,        0.13,           0,        2.36,        0.54,        0.02,        0.01,           0,           0,           0,           0,           0,           0,           0,           0,           0,           0,           0,           0,           0,           0,           0,           0,           0,           0,           0,           0,           0,           0,           0,           0,           0
        10,        17,        4.34,        0.46,        0.89,        2.69,        0.20,           0,           0,           0,        0.10,           0,           0,           0,           0,           0,           0,           0,           0,        0.20,        3.58,        0.10,           0,        2.69,        0.48,        0.02,           0,           0,           0,           0,           0,           0,           0,           0,           0,           0,           0,           0,           0,           0,           0,           0,           0,           0,           0,           0,           0,           0,           0,           0,           0,           0
        10,        18,        0.16,        0.01,        0.11,        0.04,           0,           0,           0,           0,           0,           0,           0,           0,           0,           0,           0,           0,           0,           0,        0.15,           0,           0,        0.04,        0.01,           0,           0,           0,           0,           0,           0,           0,           0,           0,           0,           0,           0,           0,           0,           0,           0,           0,           0,           0,           0,           0,           0,           0,           0,           0,           0,           0
        10,        19,           0,           0,           0,           0,           0,           0,           0,           0,           0,           0,           0,           0,           0,           0,           0,           0,           0,           0,           0,           0,           0,           0,           0,           0,           0,           0,           0,           0,           0,           0,           0,           0,           0,           0,           0,           0,           0,           0,           0,           0,           0,           0,           0,           0,           0,           0,           0,           0,           0,           0
        10,        20,        0.64,        0.12,        0.27,        0.25,           0,           0,           0,           0,           0,           0,           0,           0,           0,           0,           0,           0,           0,           0,        0.52,           0,           0,        0.25,        0.12,           0,           0,           0,           0,           0,           0,           0,           0,           0,           0,           0,           0,           0,           0,           0,           0,           0,           0,           0,           0,           0,           0,           0,           0,           0,           0,           0
        10,        21,        0.09,        0.05,        0.01,        0.03,           0,           0,           0,           0,           0,           0,           0,           0,           0,           0,           0,           0,           0,           0,        0.04,           0,           0,        0.03,        0.05,           0,           0,           0,           0,           0,           0,           0,           0,           0,           0,           0,           0,           0,           0,           0,           0,           0,           0,           0,           0,           0,           0,           0,           0,           0,           0,           0
        10,        22,           0,           0,           0,           0,           0,           0,           0,           0,           0,           0,           0,           0,           0,           0,           0,           0,           0,           0,           0,           0,           0,           0,           0,           0,           0,           0,           0,           0,           0,           0,           0,           0,           0,           0,           0,           0,           0,           0,           0,           0,           0,           0,           0,           0,           0,           0,           0,           0,           0,           0
        10,        23,           0,           0,           0,           0,           0,           0,           0,           0,           0,           0,           0,           0,           0,           0,           0,           0,           0,           0,           0,           0,           0,           0,           0,           0,           0,           0,           0,           0,           0,           0,           0,           0,           0,           0,           0,           0,           0,           0,           0,           0,           0,           0,           0,           0,           0,           0,           0,           0,           0,           0
        10,        24,           0,           0,           0,           0,           0,           0,           0,           0,           0,           0,           0,           0,           0,           0,           0,           0,           0,           0,           0,           0,           0,           0,           0,           0,           0,           0,           0,           0,           0,           0,           0,           0,           0,           0,           0,           0,           0,           0,           0,           0,           0,           0,           0,           0,           0,           0,           0,           0,           0,           0
        10,        25,           0,           0,           0,           0,           0,           0,           0,           0,           0,           0,           0,           0,           0,           0,           0,           0,           0,           0,           0,           0,           0,           0,           0,           0,           0,           0,           0,           0,           0,           0,           0,           0,           0,           0,           0,           0,           0,           0,           0,           0,           0,           0,           0,           0,           0,           0,           0,           0,           0,           0
        10,        26,           0,           0,           0,           0,           0,           0,           0,           0,           0,           0,           0,           0,           0,           0,           0,           0,           0,           0,           0,           0,           0,           0,           0,           0,           0,           0,           0,           0,           0,           0,           0,           0,           0,           0,           0,           0,           0,           0,           0,           0,           0,           0,           0,           0,           0,           0,           0,           0,           0,           0
        10,        27,        1.06,           0,           0,           0,           0,           0,           0,           0,           0,        1.06,           0,           0,           0,           0,           0,           0,           0,           0,           0,           0,           0,           0,           0,           0,           0,           0,           0,           0,           0,           0,           0,           0,           0,           0,           0,           0,           0,           0,           0,           0,           0,           0,           0,           0,           0,           0,           0,           0,           0,           0
        11,         1,       70.52,       11.66,        0.06,        1.32,           0,           0,           0,        3.29,        0.89,           0,           0,           0,       10.75,       20.41,       22.14,           0,           0,           0,        1.38,        4.18,           0,        1.32,       12.04,        0.42,        3.31,        0.03,           0,        0.46,        5.01,        2.68,        0.81,        1.80,           0,       10.47,        7.84,        1.74,        0.19,        0.19,           0,        2.44,       10.74,        1.58,        2.27,        5.11,           0,           0,           0,           0,           0,           0
        11,         2,        2.07,        0.13,           0,           0,           0,           0,           0,        0.14,        0.02,           0,           0,           0,        0.76,        0.64,        0.38,           0,           0,           0,           0,        0.16,           0,           0,        0.13,           0,        0.14,           0,           0,        0.02,        0.44,        0.14,        0.03,        0.13,           0,        0.18,        0.43,        0.03,           0,           0,           0,        0.03,        0.23,           0,        0.02,        0.10,           0,           0,           0,           0,           0,           0
        11,         3,           0,           0,           0,           0,           0,           0,           0,           0,           0,           0,           0,           0,           0,           0,           0,           0,           0,           0,           0,           0,           0,           0,           0,           0,           0,           0,           0,           0,           0,           0,           0,           0,           0,           0,           0,           0,           0,           0,           0,           0,           0,           0,           0,           0,           0,           0,           0,           0,           0,           0
        11,         4,      458.75,       56.87,        3.32,       55.66,        0.47,           0,           0,       51.08,       27.69,           0,           0,           0,       91.50,      103.60,       68.76,           0,           0,        0.47,       58.98,       78.66,           0,       55.66,       60.99,        4.30,       52.20,        1.19,           0,        9.49,       46.24,       16.40,        4.24,       15.15,        0.74,       59.76,       33.11,        7.84,        1.05,        1.12,        5.60,        8.61,       27.40,        8.09,        6.47,       12.60,           0,           0,           0,           0,           0,           0
        11,         5,      583.52,       81.61,        8.85,       91.50,        0.76,           0,           0,       73.60,       41.29,           0,           0,           0,      105.33,      113.97,       66.95,           0,           0,        0.76,      100.35,      114.70,           0,       91.50,       89.71,        8.31,       77.37,        3.92,           0,       13.61,       49.07,       18.67,        6.22,       17.76,        1.80,       66.70,       34.58,        8.48,        1.02,        1.39,        7.91,        6.69,       34.10,        5.06,        3.63,        9.56,           0,           0,           0,           0,           0,           0
        11,         6,        0.03,           0,           0,        0.03,           0,           0,           0,           0,           0,           0,           0,           0,           0,           0,           0,           0,           0,           0,        0.03,           0,           0,        0.03,           0,           0,           0,           0,           0,           0,           0,           0,           0,           0,           0,           0,           0,           0,           0,           0,           0,           0,           0,           0,           0,           0,           0,           0,           0,           0,           0,           0
        11,         7,        1.42,           0,           0,           0,           0,           0,           0,        0.01,        0.01,           0,           0,           0,        1.40,           0,           0,           0,           0,           0,           0,        0.02,           0,           0,           0,           0,        0.01,           0,        1.40,           0,           0,           0,           0,           0,           0,           0,           0,           0,           0,           0,           0,           0,           0,           0,           0,           0,           0,           0,           0,           0,           0,           0
        11,         8,     1111.44,      212.58,       10.16,      204.58,        3.28,        5.44,           0,      232.91,      136.38,           0,           0,           0,      244.77,       57.70,        6.70,           0,           0,        8.72,      214.74,      368.56,           0,      204.58,      242.73,       31.83,      247.52,       15.72,        1.77,       32.25,      117.94,       35.82,       11.71,       45.53,        0.76,       29.57,       21.85,        3.46,        0.40,        1.67,        2.71,        0.36,        2.86,        0.24,        0.16,        0.37,           0,           0,           0,           0,           0,           0
        11,         9,     3207.64,      950.09,       69.67,      789.06,        8.53,       23.42,           0,      503.82,      421.93,           0,           0,           0,      352.56,       81.59,       13.87,           0,           0,       31.94,      858.23,      924.74,           0,      789.06,     1091.37,      143.81,      541.26,       38.18,       24.81,       45.87,      157.93,       42.37,       15.73,       66.56,        1.38,       37.49,       35.00,        4.63,        0.72,        2.50,        7.43,        0.51,        4.56,        0.28,        0.23,        0.87,           0,           0,           0,           0,           0,           0
        11,        10,        0.95,           0,           0,        0.43,           0,           0,           0,        0.01,        0.03,           0,           0,           0,        0.48,           0,           0,           0,           0,           0,        0.43,        0.04,           0,        0.43,           0,           0,        0.01,           0,        0.47,           0,        0.01,           0,           0,           0,           0,           0,           0,           0,           0,           0,           0,           0,           0,           0,           0,           0,           0,           0,           0,           0,           0,           0
        11,        11,   114349.03,     7742.62,     6058.85,    54531.88,     7281.62,     6109.01,           0,     6813.72,    12716.80,           0,           0,           0,     9486.19,     3341.93,      268.02,           0,           0,    13390.50,    60590.65,    19530.29,           0,    54531.88,     8791.74,     1049.12,     7434.96,      621.19,     5608.08,      694.24,     1702.56,      328.40,      235.74,      920.05,       83.35,     2819.42,      290.49,      139.69,        2.40,        7.14,       66.07,       22.63,      124.40,        9.88,       11.23,       33.94,           0,           0,           0,           0,           0,           0
        11,        12,    79908.42,    13958.72,    11084.41,    35262.51,     1007.80,     2115.67,      373.00,     4239.78,     6085.41,           0,           0,           0,     3061.75,     2535.10,      200.09,           0,           0,     3123.05,    46343.90,    10320.92,     1784.00,    33478.51,    16099.57,     2140.94,     4629.94,      392.22,      405.85,      451.14,     1201.01,      265.23,      155.88,      589.21,       40.37,     2151.86,      197.02,      142.27,        1.60,        3.30,       56.06,       13.36,       88.71,        9.33,        9.55,       23.43,           0,           0,           0,           0,           0,           0
        11,        13,     7187.20,     2108.00,      317.35,     2765.19,        0.16,        1.58,        7.00,      633.47,      690.71,           0,           0,           0,      364.09,      283.66,       25.53,           0,           0,        1.74,     3079.58,     1321.21,           0,     2765.19,     2554.00,      446.59,      687.34,       55.66,       24.53,       47.30,      163.57,       40.99,       23.02,       66.00,        6.62,      236.61,       21.08,       19.21,        0.12,        0.22,       14.22,        0.40,        8.67,        0.23,        0.23,        1.78,           0,           0,           0,           0,           0,           0
        11,        14,    21891.05,     6246.22,      995.96,     8432.48,       23.44,       91.21,      385.00,     1979.57,     1907.02,           0,           0,           0,      968.83,      840.45,       48.03,           0,           0,      114.59,     9422.55,     3881.01,           0,     8432.48,     7219.48,      977.68,     2153.41,      177.19,       48.60,      155.54,      440.15,      106.25,       35.86,      184.73,       16.59,      720.08,       61.64,       42.10,        0.06,        0.33,       19.88,        2.03,       20.86,        0.88,        0.72,        3.68,           0,           0,           0,           0,           0,           0
        11,        15,     3570.88,      601.04,      165.38,     1662.79,       40.78,       56.57,           0,      277.55,      300.50,           0,           0,           0,      258.95,      203.04,        8.52,           0,           0,       97.31,     1827.98,      577.36,           0,     1662.79,      678.31,       78.50,      294.40,       17.23,       79.15,       28.31,       91.01,       16.84,        5.34,       38.44,        1.31,      181.43,       10.12,       10.15,        0.02,        0.02,        3.57,        0.43,        2.52,        0.34,        0.29,        1.37,           0,           0,           0,           0,           0,           0
        11,        16,     9754.18,     1992.34,      344.29,     3741.92,       89.37,      182.82,       79.00,     1066.30,     1116.54,           0,           0,           0,      654.60,      471.60,       33.51,           0,           0,      271.99,     4084.63,     2179.67,           0,     3741.92,     2316.13,      329.45,     1136.87,       72.88,       51.64,       87.25,      298.57,       72.41,       24.15,      121.24,        8.23,      395.63,       37.31,       30.30,        0.05,        0.13,       14.74,        1.75,       11.16,        1.55,        1.17,        3.15,           0,           0,           0,           0,           0,           0
        11,        17,     4801.69,     1153.92,      132.71,     1650.07,       10.73,       62.24,           0,      604.39,      511.83,           0,           0,           0,      375.95,      291.10,       20.24,           0,           0,       72.96,     1781.95,     1114.29,           0,     1650.07,     1361.37,      211.14,      643.93,       41.07,        1.86,       48.36,      186.14,       49.40,       17.59,       72.69,        6.42,      241.14,       23.33,       20.12,        0.03,        0.07,        9.82,        0.74,        7.15,        0.65,        0.36,        1.53,           0,           0,           0,           0,           0,           0
        11,        18,       74.98,       11.14,        9.73,       16.15,           0,           0,           0,       15.34,       10.58,           0,           0,           0,        9.35,        2.75,        0.04,           0,           0,           0,       25.87,       25.89,           0,       16.15,       11.81,        0.75,       15.93,        0.68,        0.34,        1.12,        4.04,        1.31,        0.92,        1.62,        0.02,        1.74,        0.43,        0.56,           0,           0,        0.01,           0,        0.03,           0,           0,           0,           0,           0,           0,           0,           0,           0
        11,        19,       46.73,        6.15,           0,        7.12,        0.69,           0,           0,       10.08,        5.72,           0,           0,           0,       11.55,        5.38,        0.19,           0,           0,        0.69,        7.12,       15.76,           0,        7.12,        6.93,        0.93,       10.12,        0.04,           0,        0.95,        7.36,        1.37,        0.10,        1.77,           0,        0.23,        5.04,        0.04,           0,        0.07,        0.01,        0.05,           0,        0.04,        0.05,        0.04,           0,           0,           0,           0,           0,           0
        11,        20,     1255.79,      228.01,       46.17,      235.01,        7.96,        5.34,           0,      227.09,      158.80,           0,           0,           0,      218.34,      126.17,       11.05,           0,           0,       13.30,      281.12,      383.85,           0,      235.01,      269.51,       46.00,      238.35,       13.07,           0,       24.87,      108.99,       35.63,       11.64,       37.41,        2.05,       14.79,      101.93,        2.80,        0.83,        3.81,        0.85,        2.03,        3.75,        1.87,        1.09,        1.47,           0,           0,           0,           0,           0,           0
        11,        21,      794.06,      114.11,       26.76,      175.23,        0.93,           0,       69.00,      111.20,       64.77,           0,           0,           0,      140.52,       86.42,        6.49,           0,           0,        0.93,      201.98,      175.63,        1.00,      174.23,      129.83,       17.03,      119.64,        8.88,           0,       15.32,       69.65,       25.23,        7.67,       22.85,        0.61,       14.39,       66.26,        2.53,        0.42,        2.26,        0.11,        1.01,        2.69,        0.84,        0.66,        1.18,           0,           0,           0,           0,           0,           0
        11,        22,      150.89,       24.62,        6.87,       19.54,        0.04,           0,           0,       20.23,        9.06,           0,           0,           0,       39.22,       28.92,        2.77,           0,           0,        0.04,       26.41,       29.18,           0,       19.54,       26.28,        2.02,       20.72,        0.60,           0,        1.68,       19.44,        9.53,        2.50,        6.11,           0,        4.80,       22.81,        0.69,        0.10,        0.52,           0,        0.43,        1.00,        0.34,        0.44,        0.56,           0,           0,           0,           0,           0,           0
        11,        23,        0.76,        0.49,           0,        0.17,           0,           0,           0,        0.01,        0.02,           0,           0,           0,        0.03,        0.04,           0,           0,           0,           0,        0.17,        0.03,           0,        0.17,        0.55,        0.07,        0.01,           0,           0,           0,        0.02,        0.01,           0,           0,           0,           0,        0.04,           0,           0,           0,           0,           0,           0,           0,           0,           0,           0,           0,           0,           0,           0,           0
        11,        24,        0.17,           0,           0,        0.11,           0,           0,           0,        0.01,        0.01,           0,           0,           0,           0,        0.04,           0,           0,           0,           0,        0.11,        0.02,           0,        0.11,           0,           0,        0.01,           0,           0,           0,           0,           0,           0,           0,           0,        0.04,           0,           0,           0,           0,           0,           0,           0,           0,           0,           0,           0,           0,           0,           0,           0,           0
        11,        25,        9.17,        0.57,        3.48,        1.36,           0,           0,           0,        1.24,        0.54,           0,           0,           0,        1.37,        0.67,        0.02,           0,           0,           0,        4.81,        1.77,           0,        1.36,        0.57,           0,        1.27,        0.04,           0,        0.06,        0.60,        0.31,        0.15,        0.25,           0,        0.02,        0.61,        0.02,           0,        0.02,           0,           0,        0.02,           0,           0,           0,           0,           0,           0,           0,           0,           0
        11,        26,           0,           0,           0,           0,           0,           0,           0,           0,           0,           0,           0,           0,           0,           0,           0,           0,           0,           0,           0,           0,           0,           0,           0,           0,           0,           0,           0,           0,           0,           0,           0,           0,           0,           0,           0,           0,           0,           0,           0,           0,           0,           0,           0,           0,           0,           0,           0,           0,           0,           0
        11,        27,     3409.17,           0,           0,           0,           0,           0,           0,           0,           0,     1882.07,           0,           0,           0,           0,           0,      337.12,     1190.38,           0,           0,           0,           0,           0,           0,           0,           0,           0,           0,           0,           0,           0,           0,           0,           0,           0,           0,           0,           0,           0,           0,           0,           0,           0,           0,           0,      337.12,           0,           0,     1190.38,           0,           0
        12,         1,      283.49,       42.55,        0.03,        2.59,        0.02,           0,           0,       17.10,        6.17,           0,           0,           0,       45.37,       82.68,       87.04,           0,           0,        0.02,        2.62,       23.26,           0,        2.59,       43.73,        1.27,       17.17,        0.07,           0,        1.68,       21.66,       11.31,        3.43,        7.29,        0.02,       42.71,       32.57,        6.43,        0.54,        0.41,           0,        8.83,       49.38,        5.07,        6.89,       16.87,           0,           0,           0,           0,           0,           0
        12,         2,       10.05,        0.35,           0,        0.10,           0,           0,           0,        1.19,        0.18,           0,           0,           0,        3.81,        2.83,        1.60,           0,           0,           0,        0.10,        1.37,           0,        0.10,        0.35,           0,        1.19,           0,           0,        0.07,        2.08,        0.74,        0.12,        0.80,           0,        0.85,        1.85,        0.11,        0.01,        0.01,           0,        0.06,        1.16,        0.02,        0.02,        0.34,           0,           0,           0,           0,           0,           0
        12,         3,           0,           0,           0,           0,           0,           0,           0,           0,           0,           0,           0,           0,           0,           0,           0,           0,           0,           0,           0,           0,           0,           0,           0,           0,           0,           0,           0,           0,           0,           0,           0,           0,           0,           0,           0,           0,           0,           0,           0,           0,           0,           0,           0,           0,           0,           0,           0,           0,           0,           0
        12,         4,     1909.40,      224.30,        2.11,      157.31,        8.35,        2.16,           0,      262.57,      176.52,           0,           0,           0,      396.64,      403.78,      276.00,           0,           0,       10.51,      159.42,      439.02,           0,      157.31,      238.63,       15.11,      267.32,        4.75,           0,       38.67,      195.65,       72.45,       21.51,       68.30,        3.49,      231.46,      132.49,       30.24,        2.81,        3.29,       24.53,       32.33,      129.03,       26.84,       20.36,       42.92,           0,           0,           0,           0,           0,           0
        12,         5,     2613.56,      362.13,       10.08,      302.52,        8.90,        3.78,       94.00,      384.36,      262.68,           0,           0,           0,      458.88,      448.37,      279.34,           0,           0,       12.68,      312.60,      646.74,           0,      302.52,      391.63,       31.15,      404.20,       20.10,           0,       55.66,      211.17,       82.46,       31.18,       78.40,        9.20,      257.57,      142.46,       32.56,        2.79,        3.80,       30.76,       24.88,      162.62,       16.69,       10.92,       33.48,           0,           0,           0,           0,           0,           0
        12,         6,        0.09,           0,           0,        0.04,           0,           0,           0,           0,           0,           0,           0,           0,        0.02,        0.02,        0.01,           0,           0,           0,        0.04,           0,           0,        0.04,           0,           0,           0,           0,           0,           0,        0.01,           0,           0,        0.01,           0,        0.01,        0.01,           0,           0,           0,           0,           0,        0.01,           0,           0,           0,           0,           0,           0,           0,           0,           0
        12,         7,        9.51,           0,           0,           0,           0,           0,           0,        0.02,        0.01,           0,           0,           0,        9.48,           0,           0,           0,           0,           0,           0,        0.03,           0,           0,           0,           0,        0.02,           0,        9.48,           0,           0,           0,           0,           0,           0,           0,           0,           0,           0,           0,           0,           0,           0,           0,           0,           0,           0,           0,           0,           0,           0,           0
        12,         8,     5824.67,     1215.94,       12.50,      842.33,       37.12,      100.53,       15.00,     1293.47,      949.99,           0,           0,           0,     1118.89,      229.44,       22.18,           0,           0,      137.61,      854.83,     2239.95,           0,      842.33,     1384.13,      178.18,     1378.95,       88.82,        1.49,      137.55,      539.44,      165.14,       61.25,      214.37,        3.18,      114.73,       93.84,       12.55,        1.03,        4.12,        7.55,        1.29,       10.52,        0.94,        0.48,        1.40,           0,           0,           0,           0,           0,           0
        12,         9,    21378.06,     5345.60,      736.74,     5470.96,      340.58,      453.08,           0,     2986.71,     3619.16,           0,           0,           0,     2019.03,      387.11,       57.77,           0,           0,      793.62,     6204.02,     6598.24,           0,     5470.96,     6141.30,      806.35,     3216.79,      233.75,      231.65,      257.87,      847.59,      221.90,       93.02,      369.16,        7.19,      183.85,      165.77,       19.59,        1.63,        9.11,       26.26,        1.91,       24.86,        0.82,        0.70,        3.22,           0,           0,           0,           0,           0,           0
        12,        10,        5.37,           0,           0,        1.73,           0,           0,           0,        0.05,        0.28,           0,           0,           0,        3.31,           0,           0,           0,           0,           0,        1.73,        0.33,           0,        1.73,           0,           0,        0.05,           0,        3.29,           0,        0.01,           0,           0,        0.01,           0,           0,           0,           0,           0,           0,           0,           0,           0,           0,           0,           0,           0,           0,           0,           0,           0,           0
        12,        11,    56630.55,    12952.64,     2461.91,    22855.32,     1510.39,     1041.18,           0,     4186.91,     5776.98,           0,           0,           0,     3131.53,     2535.47,      199.13,           0,           0,     2551.01,    25315.95,     9958.94,           0,    22855.32,    14693.15,     1742.83,     4541.81,      356.28,      485.32,      447.39,     1194.42,      265.00,      157.02,      588.99,       41.45,     2152.55,      195.31,      142.41,        1.61,        3.29,       55.73,       13.31,       88.29,        9.35,        9.58,       23.28,           0,           0,           0,           0,           0,           0
        12,        12,   677019.17,    67468.74,    57109.09,   295226.91,    29452.06,    25730.27,     1165.00,    43896.62,    97467.83,           0,           0,           0,    40610.89,    17656.99,     1301.24,           0,           0,    55180.19,   352319.98,   141347.74,     8745.00,   286481.91,    77946.76,    10476.80,    47844.64,     3952.46,    19031.81,     3695.08,     9790.23,     2023.17,     1321.78,     4768.04,      394.68,    14923.29,     1465.05,      845.47,        8.66,       23.26,      257.19,       91.19,      699.10,       47.47,       51.21,      155.39,           0,           0,           0,           0,           0,           0
        12,        13,    74901.94,    13676.32,     6953.21,    34101.16,       29.77,      203.68,       12.00,     5309.88,     9508.50,           0,           0,           0,     3283.03,     1751.24,      127.49,           0,           0,      233.29,    41039.19,    14799.83,           0,    34101.16,    16564.99,     2892.93,     5782.95,      482.50,      688.76,      382.24,     1254.23,      288.71,      170.18,      511.70,       49.44,     1451.85,      146.91,      103.62,        0.20,        0.52,       56.36,        1.76,       60.86,        0.75,        0.81,        7.03,           0,           0,           0,           0,           0,           0
        12,        14,   218608.81,    39768.13,    16294.18,    88074.80,     1428.65,     5488.56,     2319.00,    18181.77,    30912.41,           0,           0,           0,    10142.76,     5895.26,      317.74,           0,           0,     6913.97,   104328.57,    49035.08,           0,    88074.80,    45973.58,     6228.26,    19821.45,     1667.42,     2164.84,     1414.88,     3775.37,      872.22,      338.62,     1612.23,      133.74,     5048.09,      468.03,      247.42,        0.12,        1.36,       87.28,       10.03,      190.13,        4.25,        3.70,       22.43,           0,           0,           0,           0,           0,           0
        12,        15,     8870.41,     1551.15,       79.33,     3280.69,      273.10,      196.23,           0,      978.06,     1190.55,           0,           0,           0,      737.55,      579.78,       22.04,           0,           0,      469.13,     3359.86,     2164.71,           0,     3280.69,     1738.02,      191.89,     1028.50,       52.17,      183.39,       75.14,      282.72,       58.93,       20.42,      117.46,        5.58,      512.78,       28.34,       33.11,        0.01,        0.03,        7.36,        1.15,        8.46,        0.79,        0.75,        3.53,           0,           0,           0,           0,           0,           0
        12,        16,    91517.14,    12353.97,     6237.26,    38598.16,     2179.31,     2290.35,      279.00,     7913.98,    14263.74,           0,           0,           0,     5002.05,     2361.90,      154.29,           0,           0,     4468.53,    44823.30,    22150.78,           0,    38598.16,    14419.90,     2093.67,     8480.92,      579.85,     1182.23,      571.37,     1876.07,      443.86,      168.68,      772.61,       57.83,     1966.11,      202.67,      135.60,        0.17,        0.38,       54.89,        6.46,       73.01,        4.40,        3.62,       11.99,           0,           0,           0,           0,           0,           0
        12,        17,    42257.81,     8376.35,     1524.67,    15356.11,      335.94,      871.58,           0,     4710.23,     6705.25,           0,           0,           0,     2784.72,     1586.29,      102.05,           0,           0,     1206.76,    16869.18,    11394.48,           0,    15356.11,     9888.14,     1532.72,     5047.97,      348.34,      415.65,      332.41,     1156.41,      297.19,      119.56,      470.61,       45.08,     1320.00,      127.42,       93.87,        0.08,        0.18,       42.54,        2.71,       47.55,        1.63,        1.17,        6.46,           0,           0,           0,           0,           0,           0
        12,        18,      478.31,       80.20,       18.64,       85.38,           0,           0,           0,      113.45,       99.42,           0,           0,           0,       69.62,       11.97,        0.11,           0,           0,           0,      104.02,      212.72,           0,       85.38,       85.29,        5.50,      119.14,        5.81,       20.48,        5.71,       21.72,        6.90,        5.61,        9.20,        0.07,        7.22,        2.09,        2.58,        0.01,           0,        0.01,           0,        0.10,           0,           0,           0,           0,           0,           0,           0,           0,           0
        12,        19,      210.36,       20.90,           0,       19.15,        5.71,        1.72,           0,       53.74,       39.40,           0,           0,           0,       48.91,       21.57,        0.55,           0,           0,        7.43,       19.15,       92.51,           0,       19.15,       22.81,        2.79,       54.02,        0.43,           0,        4.00,       30.66,        5.86,        0.53,        7.93,           0,        0.93,       20.39,        0.12,        0.01,        0.14,           0,        0.19,           0,        0.11,        0.12,        0.13,           0,           0,           0,           0,           0,           0
        12,        20,     7602.02,     1513.55,       74.14,     1120.76,       89.55,       64.94,       40.00,     1590.62,     1445.39,           0,           0,           0,     1108.69,      572.26,       38.52,           0,           0,      154.45,     1194.76,     3016.36,           0,     1120.76,     1796.71,      310.64,     1685.31,      105.79,        2.61,      115.60,      546.63,      177.33,       67.56,      199.86,       12.72,       57.23,      479.19,       10.47,        1.49,       11.24,        2.07,        7.73,       15.01,        5.85,        3.24,        4.62,           0,           0,           0,           0,           0,           0
        12,        21,     3818.31,      536.34,       39.34,      657.71,       13.18,        1.20,      321.00,      676.50,      509.65,           0,           0,           0,      678.77,      372.13,       22.89,           0,           0,       14.38,      697.04,     1182.45,       17.00,      640.71,      602.87,       74.24,      729.89,       56.78,           0,       75.39,      327.65,      121.19,       43.75,      111.05,        5.01,       58.23,      292.65,        9.00,        1.04,        6.35,        0.41,        3.90,       10.44,        2.72,        1.89,        3.53,           0,           0,           0,           0,           0,           0
        12,        22,      750.72,       97.80,       11.10,       58.16,        1.70,           0,           0,      142.80,      100.44,           0,           0,           0,      202.61,      128.36,        8.59,           0,           0,        1.70,       69.25,      243.03,           0,       58.16,      103.09,        6.28,      146.51,        4.01,           0,       11.10,      102.69,       45.12,       13.68,       30.18,        0.04,       20.15,      104.35,        2.29,        0.21,        1.36,           0,        1.57,        3.17,        1.03,        1.17,        1.65,           0,           0,           0,           0,           0,           0
        12,        23,        2.34,        1.32,           0,        0.28,           0,           0,           0,        0.22,        0.15,           0,           0,           0,        0.21,        0.16,           0,           0,           0,           0,        0.28,        0.37,           0,        0.28,        1.42,        0.11,        0.22,           0,           0,           0,        0.16,        0.03,           0,        0.02,           0,           0,        0.16,           0,           0,           0,           0,           0,           0,           0,           0,           0,           0,           0,           0,           0,           0,           0
        12,        24,        1.09,           0,           0,        0.56,           0,           0,           0,        0.08,        0.13,           0,           0,           0,        0.15,        0.16,        0.01,           0,           0,           0,        0.56,        0.21,           0,        0.56,           0,           0,        0.08,           0,        0.14,           0,        0.01,           0,           0,           0,           0,        0.14,        0.01,        0.01,           0,           0,           0,           0,           0,           0,           0,        0.01,           0,           0,           0,           0,           0,           0
        12,        25,       40.31,        2.48,        8.17,        5.00,           0,           0,           0,        7.94,        6.11,           0,           0,           0,        7.73,        2.97,        0.06,           0,           0,           0,       13.14,       14.01,           0,        5.00,        2.49,        0.01,        8.28,        0.36,           0,        0.49,        3.38,        1.51,        0.97,        1.39,           0,        0.07,        2.82,        0.03,        0.01,        0.04,           0,        0.01,        0.04,           0,           0,        0.01,           0,           0,           0,           0,           0,           0
        12,        26,           0,           0,           0,           0,           0,           0,           0,           0,           0,           0,           0,           0,           0,           0,           0,           0,           0,           0,           0,           0,           0,           0,           0,           0,           0,           0,           0,           0,           0,           0,           0,           0,           0,           0,           0,           0,           0,           0,           0,           0,           0,           0,           0,           0,           0,           0,           0,           0,           0,           0
        12,        27,    14264.87,           0,           0,           0,           0,           0,           0,           0,           0,     9509.15,           0,           0,           0,           0,           0,     1237.41,     3520.67,           0,           0,           0,           0,           0,           0,           0,           0,           0,           0,           0,           0,           0,           0,           0,           0,           0,           0,           0,           0,           0,           0,           0,           0,           0,           0,           0,     1237.41,           0,           0,     3520.67,           0,           0
        13,         1,       53.11,        2.80,           0,           0,           0,           0,           0,        7.22,        4.31,           0,           0,           0,       12.80,       15.04,       10.94,           0,           0,           0,           0,       11.53,           0,           0,        2.82,        0.02,        7.22,           0,           0,        0.25,        7.27,        3.30,        0.81,        1.17,           0,        7.36,        6.87,        0.78,           0,        0.03,           0,        0.34,        8.82,        0.16,        0.15,        1.47,           0,           0,           0,           0,           0,           0
        13,         2,        3.01,        0.01,           0,           0,           0,           0,           0,        0.65,        0.21,           0,           0,           0,        1.29,        0.62,        0.23,           0,           0,           0,           0,        0.86,           0,           0,        0.01,           0,        0.65,           0,           0,        0.03,        0.74,        0.26,        0.03,        0.23,           0,        0.09,        0.53,           0,           0,           0,           0,           0,        0.22,           0,           0,        0.01,           0,           0,           0,           0,           0,           0
        13,         3,           0,           0,           0,           0,           0,           0,           0,           0,           0,           0,           0,           0,           0,           0,           0,           0,           0,           0,           0,           0,           0,           0,           0,           0,           0,           0,           0,           0,           0,           0,           0,           0,           0,           0,           0,           0,           0,           0,           0,           0,           0,           0,           0,           0,           0,           0,           0,           0,           0,           0
        13,         4,      437.91,       17.06,           0,        1.28,        0.64,        0.06,           0,       99.87,       76.66,           0,           0,           0,      115.66,       81.62,       45.13,           0,           0,        0.70,        1.28,      176.50,           0,        1.28,       17.68,        0.77,      101.74,        1.93,           0,        8.61,       63.34,       22.10,        6.20,       15.41,        0.80,       45.51,       29.02,        5.51,        0.25,        0.53,       10.92,        1.72,       25.50,        1.45,        0.82,        4.72,           0,           0,           0,           0,           0,           0
        13,         5,      605.20,       32.61,        0.02,        7.25,        0.47,        0.09,       26.00,      148.52,      112.03,           0,           0,           0,      135.14,       93.47,       50.85,           0,           0,        0.56,        7.27,      259.88,           0,        7.25,       34.34,        2.09,      155.92,        7.81,           0,       13.40,       67.37,       25.40,        9.39,       19.59,        2.32,       51.57,       32.92,        5.83,        0.19,        0.65,       12.71,        1.03,       33.50,        0.57,        0.20,        2.84,           0,           0,           0,           0,           0,           0
        13,         6,           0,           0,           0,           0,           0,           0,           0,           0,           0,           0,           0,           0,           0,           0,           0,           0,           0,           0,           0,           0,           0,           0,           0,           0,           0,           0,           0,           0,           0,           0,           0,           0,           0,           0,           0,           0,           0,           0,           0,           0,           0,           0,           0,           0,           0,           0,           0,           0,           0,           0
        13,         7,        3.58,           0,           0,           0,           0,           0,           0,           0,        0.01,           0,           0,           0,        3.57,           0,           0,           0,           0,           0,           0,        0.01,           0,           0,           0,           0,           0,           0,        3.57,           0,           0,           0,           0,           0,           0,           0,           0,           0,           0,           0,           0,           0,           0,           0,           0,           0,           0,           0,           0,           0,           0,           0
        13,         8,     1571.29,      145.18,        0.05,       40.19,        3.08,        6.30,        1.00,      527.77,      438.55,           0,           0,           0,      361.25,       46.64,        3.69,           0,           0,        9.38,       40.24,      965.13,           0,       40.19,      162.91,       19.15,      564.84,       38.15,        0.78,       37.00,      186.56,       55.52,       20.67,       60.76,        0.63,       21.59,       22.06,        1.68,        0.05,        0.63,        2.72,        0.01,        0.93,        0.01,           0,        0.02,           0,           0,           0,           0,           0,           0
        13,         9,     4515.06,      579.26,       16.67,      338.29,       29.44,       18.69,           0,     1150.04,     1613.40,           0,           0,           0,      681.22,       89.51,       14.22,           0,           0,       48.12,      354.31,     2756.92,           0,      338.29,      662.53,       86.32,     1236.85,       89.85,      111.10,       74.99,      284.86,       75.64,       31.60,      105.16,        1.51,       41.37,       42.23,        2.71,        0.08,        1.67,       10.10,        0.02,        4.06,           0,           0,        0.04,           0,           0,           0,           0,           0,           0
        13,        10,        2.95,           0,           0,        0.03,           0,           0,           0,        0.04,        0.18,           0,           0,           0,        2.70,           0,           0,           0,           0,           0,        0.03,        0.22,           0,        0.03,           0,           0,        0.04,           0,        2.70,           0,           0,           0,           0,           0,           0,           0,           0,           0,           0,           0,           0,           0,           0,           0,           0,           0,           0,           0,           0,           0,           0,           0
        13,        11,     3143.33,      798.23,       54.95,      434.79,        6.32,        2.98,           0,      601.43,      583.97,           0,           0,           0,      359.18,      283.57,       25.06,           0,           0,        9.30,      489.66,     1182.36,           0,      434.79,      905.12,      108.18,      656.75,       56.35,       26.49,       45.89,      159.44,       40.77,       22.93,       64.99,        6.79,      236.37,       21.09,       19.21,        0.12,        0.22,       13.88,        0.40,        8.59,        0.23,        0.23,        1.74,           0,           0,           0,           0,           0,           0
        13,        12,    31867.58,     3482.08,      558.59,     8018.43,      468.54,       88.85,       71.00,     5150.49,     8897.16,           0,           0,           0,     3306.99,     1750.31,      125.52,           0,           0,      556.90,     8573.24,    14028.09,     3066.00,     4952.43,     4004.05,      527.07,     5612.89,      470.48,      746.56,      376.39,     1235.72,      287.23,      168.08,      505.93,       49.26,     1449.15,      148.95,      103.56,        0.20,        0.52,       54.62,        1.72,       60.83,        0.73,        0.79,        6.88,           0,           0,           0,           0,           0,           0
        13,        13,    86351.67,     4956.97,     5683.65,    19634.37,      137.62,      143.44,       18.00,    12808.56,    34091.01,           0,           0,           0,     6678.71,     2042.87,      148.92,           0,           0,      281.06,    25318.31,    46902.43,           0,    19634.37,     5999.69,     1041.35,    14017.88,     1206.92,     2289.59,      622.49,     2198.17,      414.96,      357.86,      792.33,       88.26,     1616.68,      227.74,      106.71,        0.37,        3.01,       51.73,        0.93,       89.60,        0.15,        0.19,        6.32,           0,           0,           0,           0,           0,           0
        13,        14,    79366.81,     6388.66,     2781.62,    15938.20,      688.23,     1108.56,     1133.00,    13403.67,    28605.80,           0,           0,           0,     6767.56,     2475.08,      126.69,           0,           0,     1796.58,    18711.52,    41992.48,           0,    15938.20,     7374.04,      989.79,    14657.67,     1261.24,     1832.80,      833.58,     2436.47,      509.00,      253.33,      911.90,       68.48,     2056.83,      248.98,      100.57,        0.04,        1.04,       39.35,        0.55,       83.22,        0.07,        0.05,        3.45,           0,           0,           0,           0,           0,           0
        13,        15,      466.38,       27.79,           0,        9.97,        2.18,        1.30,           0,      140.14,      123.59,           0,           0,           0,       85.26,       77.16,        1.75,           0,           0,        3.48,        9.97,      262.03,           0,        9.97,       29.67,        2.45,      145.28,        5.86,        2.58,        6.93,       46.72,       10.71,        4.18,       14.20,        0.73,       69.13,        2.60,        4.71,           0,           0,        0.98,        0.01,        0.60,        0.01,           0,        0.15,           0,           0,           0,           0,           0,           0
        13,        16,     3691.35,      366.18,        2.96,      178.10,       11.35,       11.67,        3.00,     1057.97,     1181.06,           0,           0,           0,      559.49,      318.83,       17.38,           0,           0,       23.02,      181.04,     2231.37,           0,      178.10,      419.53,       58.23,     1129.27,       74.84,       33.68,       53.24,      270.97,       77.45,       32.86,       91.64,       10.81,      264.83,       22.21,       21.03,           0,           0,       11.29,        0.05,        5.80,        0.05,        0.01,        0.18,           0,           0,           0,           0,           0,           0
        13,        17,     3686.34,      384.51,        4.27,      240.35,       10.34,       18.36,           0,     1015.43,     1214.82,           0,           0,           0,      533.13,      266.77,       15.91,           0,           0,       28.70,      244.48,     2222.96,           0,      240.35,      445.68,       65.43,     1083.39,       71.16,       46.98,       52.45,      249.22,       69.44,       30.01,       85.39,       10.21,      220.76,       19.57,       16.25,           0,           0,       11.00,        0.01,        4.80,           0,           0,        0.10,           0,           0,           0,           0,           0,           0
        13,        18,       87.83,        4.25,        0.19,        2.07,           0,           0,           0,       31.89,       29.31,           0,           0,           0,       18.12,        2.10,           0,           0,           0,           0,        2.26,       61.16,           0,        2.07,        4.32,        0.11,       33.33,        1.52,        5.52,        1.16,        5.79,        1.99,        1.64,        2.02,        0.01,        1.21,        0.37,        0.51,           0,           0,           0,           0,           0,           0,           0,           0,           0,           0,           0,           0,           0,           0
        13,        19,       33.08,        0.65,           0,           0,        0.16,           0,           0,       10.70,        7.80,           0,           0,           0,       10.54,        3.35,           0,           0,           0,        0.16,           0,       18.43,           0,           0,        0.66,        0.02,       10.75,        0.04,           0,        0.45,        7.50,        1.34,        0.10,        1.15,           0,        0.11,        3.24,           0,           0,           0,           0,           0,           0,           0,           0,           0,           0,           0,           0,           0,           0,           0
        13,        20,     1156.87,       64.78,        0.15,        9.69,        3.28,        1.19,           0,      378.56,      339.02,           0,           0,           0,      261.26,      105.67,        1.74,           0,           0,        4.47,        9.84,      711.41,           0,        9.69,       72.95,        9.84,      398.07,       22.89,           0,       20.42,      137.15,       47.24,       18.52,       38.09,        2.02,        6.61,       95.07,        0.45,           0,        1.53,        0.37,        0.08,        1.18,        0.04,        0.01,        0.06,           0,           0,           0,           0,           0,           0
        13,        21,      600.28,       22.36,        0.03,        7.30,        0.24,           0,       19.00,      175.49,      136.25,           0,           0,           0,      169.94,       69.96,        0.79,           0,           0,        0.24,        7.33,      311.13,           0,        7.30,       23.89,        1.81,      188.64,       13.87,           0,       14.31,       88.49,       33.29,       11.89,       21.99,        0.82,        7.62,       59.84,        0.75,        0.03,        0.91,        0.04,           0,        0.69,           0,           0,        0.06,           0,           0,           0,           0,           0,           0
        13,        22,      131.07,        2.78,           0,        0.04,           0,           0,           0,       36.07,       25.66,           0,           0,           0,       46.79,       19.77,        0.14,           0,           0,           0,        0.04,       61.62,           0,        0.04,        2.81,        0.03,       36.79,        0.77,           0,        1.40,       26.12,       11.48,        3.23,        4.56,           0,        1.90,       17.70,        0.05,           0,        0.12,           0,           0,        0.14,           0,           0,           0,           0,           0,           0,           0,           0,           0
        13,        23,        0.02,           0,           0,           0,           0,           0,           0,        0.01,        0.01,           0,           0,           0,           0,           0,           0,           0,           0,           0,           0,        0.02,           0,           0,           0,           0,        0.01,           0,           0,           0,           0,           0,           0,           0,           0,           0,           0,           0,           0,           0,           0,           0,           0,           0,           0,           0,           0,           0,           0,           0,           0,           0
        13,        24,        0.04,           0,           0,           0,           0,           0,           0,           0,        0.03,           0,           0,           0,           0,        0.01,           0,           0,           0,           0,           0,        0.03,           0,           0,           0,           0,           0,           0,           0,           0,           0,           0,           0,           0,           0,        0.01,           0,           0,           0,           0,           0,           0,           0,           0,           0,           0,           0,           0,           0,           0,           0,           0
        13,        25,        6.28,        0.06,        0.06,        0.02,           0,           0,           0,        2.05,        1.61,           0,           0,           0,        1.94,        0.57,           0,           0,           0,           0,        0.08,        3.63,           0,        0.02,        0.06,           0,        2.12,        0.08,           0,        0.08,        0.87,        0.42,        0.31,        0.26,           0,           0,        0.57,           0,           0,           0,           0,           0,           0,           0,           0,           0,           0,           0,           0,           0,           0,           0
        13,        26,           0,           0,           0,           0,           0,           0,           0,           0,           0,           0,           0,           0,           0,           0,           0,           0,           0,           0,           0,           0,           0,           0,           0,           0,           0,           0,           0,           0,           0,           0,           0,           0,           0,           0,           0,           0,           0,           0,           0,           0,           0,           0,           0,           0,           0,           0,           0,           0,           0,           0
        13,        27,     1616.40,           0,           0,           0,           0,           0,           0,           0,           0,      968.38,           0,           0,           0,           0,           0,      319.46,      329.28,           0,           0,           0,           0,           0,           0,           0,           0,           0,           0,           0,           0,           0,           0,           0,           0,           0,           0,           0,           0,           0,           0,           0,           0,           0,           0,           0,      319.46,           0,           0,      329.28,           0,           0
        14,         1,      191.50,       40.56,           0,        0.06,        0.02,           0,           0,       21.69,        8.25,           0,           0,           0,       31.22,       50.64,       39.29,           0,           0,        0.02,        0.06,       29.80,           0,        0.06,       41.11,        0.64,       22.12,        0.52,           0,        2.69,       15.92,        7.85,        0.90,        3.86,           0,       28.27,       20.64,        1.54,        0.03,        0.17,           0,        2.14,       30.88,        0.59,        0.73,        4.95,           0,           0,           0,           0,           0,           0
        14,         2,        7.32,        0.09,           0,           0,           0,           0,           0,        1.32,        0.11,           0,           0,           0,        3.07,        1.95,        0.79,           0,           0,           0,           0,        1.43,           0,           0,        0.09,           0,        1.33,        0.01,           0,        0.08,        2.08,        0.53,        0.03,        0.35,           0,        0.35,        1.59,        0.01,           0,           0,           0,        0.01,        0.74,           0,           0,        0.04,           0,           0,           0,           0,           0,           0
        14,         3,           0,           0,           0,           0,           0,           0,           0,           0,           0,           0,           0,           0,           0,           0,           0,           0,           0,           0,           0,           0,           0,           0,           0,           0,           0,           0,           0,           0,           0,           0,           0,           0,           0,           0,           0,           0,           0,           0,           0,           0,           0,           0,           0,           0,           0,           0,           0,           0,           0,           0
        14,         4,     1587.63,      214.00,        1.02,       54.19,        3.62,        0.21,           0,      327.48,      231.99,           0,           0,           0,      331.23,      293.55,      130.76,           0,           0,        3.83,       55.21,      559.25,           0,       54.19,      225.48,       12.52,      335.96,        8.63,           0,       42.91,      177.41,       58.75,        8.41,       43.75,        1.93,      180.90,       97.38,       11.54,        0.30,        1.50,        9.58,       10.24,       86.51,        6.25,        3.55,       14.63,           0,           0,           0,           0,           0,           0
        14,         5,     2371.64,      348.58,        4.81,      158.26,        4.37,        0.12,      171.00,      468.99,      337.04,           0,           0,           0,      403.91,      334.90,      142.21,           0,           0,        4.49,      163.07,      805.36,           0,      158.26,      370.51,       23.79,      494.28,       25.68,           0,       61.73,      198.74,       71.08,       14.64,       57.71,        5.42,      205.16,      110.30,       11.88,        0.26,        1.85,        9.44,        6.67,      113.31,        2.73,        0.95,        9.11,           0,           0,           0,           0,           0,           0
        14,         6,        0.15,           0,           0,           0,           0,           0,           0,        0.05,        0.05,           0,           0,           0,        0.03,        0.02,           0,           0,           0,           0,           0,        0.10,           0,           0,           0,           0,        0.05,           0,           0,           0,        0.03,           0,           0,           0,           0,        0.01,        0.01,           0,           0,           0,           0,           0,           0,           0,           0,           0,           0,           0,           0,           0,           0,           0
        14,         7,        6.30,           0,           0,           0,           0,           0,           0,        0.04,        0.02,           0,           0,           0,        6.24,           0,           0,           0,           0,           0,           0,        0.06,           0,           0,           0,           0,        0.04,           0,        6.24,           0,           0,           0,           0,           0,           0,           0,           0,           0,           0,           0,           0,           0,           0,           0,           0,           0,           0,           0,           0,           0,           0,           0
        14,         8,     5865.97,     1266.80,        6.79,      527.69,       20.65,       32.57,       20.00,     1585.14,     1220.32,           0,           0,           0,     1037.35,      155.30,        7.21,           0,           0,       53.21,      534.49,     2801.59,           0,      527.69,     1429.51,      175.78,     1688.56,      107.05,        1.21,      147.92,      531.34,      151.46,       31.79,      173.79,        1.96,       83.71,       64.28,        3.42,        0.07,        1.86,        2.30,        0.17,        4.55,        0.04,        0.01,        0.14,           0,           0,           0,           0,           0,           0
        14,         9,    17422.10,     5043.48,      143.78,     2770.59,      113.54,       96.32,           0,     3381.24,     3945.34,           0,           0,           0,     1709.84,      254.83,       18.67,           0,           0,      209.80,     2911.80,     7314.89,           0,     2770.59,     5783.00,      761.46,     3631.89,      256.32,      183.18,      236.01,      758.47,      196.85,       50.87,      286.24,        3.70,      121.84,      120.80,        5.28,        0.14,        3.16,        7.37,        0.19,       10.67,        0.04,        0.03,        0.37,           0,           0,           0,           0,           0,           0
        14,        10,        4.67,           0,           0,        0.79,           0,           0,           0,        0.15,        0.35,           0,           0,           0,        3.38,           0,           0,           0,           0,           0,        0.79,        0.50,           0,        0.79,           0,           0,        0.15,           0,        3.34,        0.02,        0.02,           0,           0,           0,           0,           0,           0,           0,           0,           0,           0,           0,           0,           0,           0,           0,           0,           0,           0,           0,           0,           0
        14,        11,    16515.03,     7322.34,      263.40,     3494.77,       47.80,       28.41,           0,     1894.55,     1637.45,           0,           0,           0,      965.56,      842.27,       48.30,           0,           0,       76.16,     3757.82,     3526.42,           0,     3494.77,     8301.62,      988.56,     2054.70,      162.80,       63.95,      150.56,      429.46,      105.42,       36.15,      182.23,       17.08,      722.04,       60.84,       42.24,        0.06,        0.32,       20.24,        2.01,       20.88,        0.94,        0.70,        3.56,           0,           0,           0,           0,           0,           0
        14,        12,   161724.21,    38834.25,     5597.97,    50585.67,     1588.98,      935.36,     1111.00,    17780.75,    29305.85,           0,           0,           0,    10017.37,     5903.98,      321.19,           0,           0,     2520.80,    56143.74,    47023.36,     4574.00,    46011.67,    44751.60,     5951.85,    19353.20,     1601.92,     2126.57,     1392.29,     3730.35,      868.85,      337.53,     1598.36,      133.43,     5056.59,      468.12,      247.89,        0.12,        1.34,       88.60,       10.06,      192.52,        4.23,        3.70,       22.12,           0,           0,           0,           0,           0,           0
        14,        13,   149222.01,    23977.72,    14542.14,    58318.92,      290.24,      347.05,      124.00,    13476.94,    28923.36,           0,           0,           0,     6661.12,     2481.12,      129.17,           0,           0,      637.21,    72842.64,    42384.29,           0,    58318.92,    29079.91,     5100.12,    14740.10,     1270.84,     1720.01,      833.43,     2440.13,      509.12,      254.70,      913.48,       68.55,     2064.73,      246.82,      100.84,        0.04,        1.04,       41.12,        0.55,       83.89,        0.08,        0.05,        3.48,           0,           0,           0,           0,           0,           0
        14,        14,   958193.12,   103579.51,    80800.51,   377277.94,    21179.85,    21536.07,    18080.00,    79456.74,   186305.67,           0,           0,           0,    55336.71,    14175.33,      602.85,           0,           0,    42713.66,   458033.09,   265732.36,           0,   377277.94,   119795.97,    16213.20,    86870.36,     7422.43,    27962.49,     6066.67,    12680.58,     2578.73,      828.15,     5235.87,      349.23,    12021.99,     1460.41,      336.94,        0.19,        8.97,       80.87,       13.26,      480.79,        1.60,        1.49,       24.82,           0,           0,           0,           0,           0,           0
        14,        15,     2930.53,      548.89,        0.13,      355.85,       29.29,       15.84,           0,      670.38,      628.62,           0,           0,           0,      338.90,      349.33,        5.59,           0,           0,       45.12,      355.98,     1295.36,           0,      355.85,      601.29,       59.27,      698.37,       29.49,       18.28,       40.61,      182.25,       34.59,        8.24,       55.20,        2.36,      322.17,       11.65,       13.21,           0,        0.02,        1.72,        0.11,        3.09,        0.03,        0.03,        0.61,           0,           0,           0,           0,           0,           0
        14,        16,    36285.48,     7813.66,      571.20,     7728.08,      177.21,      175.53,      132.00,     6246.58,     8720.42,           0,           0,           0,     2995.12,     1793.01,       75.73,           0,           0,      352.47,     8290.89,    14934.41,           0,     7728.08,     9118.59,     1354.58,     6700.36,      468.05,      410.41,      399.42,     1294.65,      328.94,       90.24,      478.50,       38.44,     1568.83,      120.61,       65.68,        0.01,        0.28,       26.15,        1.10,       45.84,        0.30,        0.18,        2.16,           0,           0,           0,           0,           0,           0
        14,        17,    83711.27,    12581.21,     4515.86,    29098.16,      749.33,     1623.00,           0,     9669.48,    18154.73,           0,           0,           0,     5142.91,     2169.31,      103.50,           0,           0,     2371.80,    33605.63,    27803.43,           0,    29098.16,    14901.70,     2350.48,    10394.51,      734.70,     1091.54,      681.48,     2011.71,      462.59,      144.21,      757.26,       50.44,     1862.55,      183.58,       72.44,        0.01,        0.61,       33.53,        0.92,       65.99,        0.24,        0.12,        2.70,           0,           0,           0,           0,           0,           0
        14,        18,     1079.46,      157.87,       76.99,      145.66,           0,           0,           0,      231.90,      264.37,           0,           0,           0,      191.45,       11.54,        0.05,           0,           0,           0,      222.66,      496.17,           0,      145.66,      168.72,       11.58,      244.89,       13.11,      125.14,        9.62,       31.71,        8.79,        4.51,       11.68,        0.12,        7.22,        2.42,        1.78,           0,           0,           0,           0,        0.05,           0,           0,           0,           0,           0,           0,           0,           0,           0
        14,        19,      173.60,       15.74,           0,        3.01,        2.18,        0.10,           0,       58.61,       42.71,           0,           0,           0,       38.18,       14.23,        0.05,           0,           0,        2.28,        3.01,      100.49,           0,        3.01,       16.51,        1.70,       59.28,        0.85,           0,        4.71,       25.40,        3.73,        0.16,        4.34,           0,        0.60,       13.55,        0.02,           0,        0.07,           0,        0.03,           0,        0.01,           0,        0.01,           0,           0,           0,           0,           0,           0
        14,        20,     7592.02,     1477.15,       36.12,      632.31,       46.99,       22.42,       28.00,     1988.65,     1865.33,           0,           0,           0,     1053.33,      486.01,        8.98,           0,           0,       69.41,      668.40,     3832.85,           0,      632.31,     1734.13,      290.49,     2108.14,      132.60,        3.51,      131.93,      554.47,      166.03,       38.12,      159.85,        8.09,       40.05,      429.82,        2.61,        0.10,        5.40,        0.09,        1.26,        6.69,        0.33,        0.06,        0.55,           0,           0,           0,           0,           0,           0
        14,        21,     3962.98,      530.53,       17.02,      373.99,        4.01,        0.24,      520.00,      895.96,      691.48,           0,           0,           0,      631.15,      306.06,        5.97,           0,           0,        4.25,      390.99,     1581.81,        7.00,      366.99,      585.45,       64.36,      968.72,       76.97,           0,       87.47,      327.09,      110.51,       21.67,       85.06,        3.40,       41.46,      255.10,        2.93,        0.06,        3.23,           0,        0.57,        4.81,        0.11,        0.03,        0.45,           0,           0,           0,           0,           0,           0
        14,        22,      673.07,       86.03,        3.43,       14.31,        0.22,           0,           0,      181.16,      129.49,           0,           0,           0,      165.63,       92.85,        1.81,           0,           0,        0.22,       17.74,      309.50,           0,       14.31,       88.49,        3.19,      187.33,        6.79,           0,       14.72,       87.93,       37.60,        5.82,       20.07,        0.18,       13.22,       78.05,        0.58,           0,        0.85,           0,        0.18,        1.40,        0.04,           0,        0.19,           0,           0,           0,           0,           0,           0
        14,        23,        1.14,        0.51,           0,           0,           0,           0,           0,        0.27,        0.16,           0,           0,           0,        0.14,        0.07,           0,           0,           0,           0,           0,        0.42,           0,           0,        0.51,           0,        0.27,           0,           0,           0,        0.07,        0.05,           0,        0.02,           0,           0,        0.07,           0,           0,           0,           0,           0,           0,           0,           0,           0,           0,           0,           0,           0,           0,           0
        14,        24,        0.84,           0,           0,        0.16,           0,           0,           0,        0.09,        0.19,           0,           0,           0,        0.31,        0.09,           0,           0,           0,           0,        0.16,        0.28,           0,        0.16,           0,           0,        0.09,           0,        0.29,        0.01,        0.01,           0,           0,           0,           0,        0.08,        0.01,           0,           0,           0,           0,           0,           0,           0,           0,           0,           0,           0,           0,           0,           0,           0
        14,        25,       37.24,        2.55,        4.64,        2.19,           0,           0,           0,       10.06,        7.85,           0,           0,           0,        7.43,        2.57,        0.02,           0,           0,           0,        6.83,       17.87,           0,        2.19,        2.55,           0,       10.48,        0.46,           0,        0.51,        3.76,        1.52,        0.60,        1.08,           0,        0.05,        2.49,        0.01,           0,        0.02,           0,           0,        0.02,           0,           0,           0,           0,           0,           0,           0,           0,           0
        14,        26,           0,           0,           0,           0,           0,           0,           0,           0,           0,           0,           0,           0,           0,           0,           0,           0,           0,           0,           0,           0,           0,           0,           0,           0,           0,           0,           0,           0,           0,           0,           0,           0,           0,           0,           0,           0,           0,           0,           0,           0,           0,           0,           0,           0,           0,           0,           0,           0,           0,           0
        14,        27,    13498.68,           0,           0,           0,           0,           0,           0,           0,           0,    11489.35,           0,           0,           0,           0,           0,      948.89,     1064.16,           0,           0,           0,           0,           0,           0,           0,           0,           0,           0,           0,           0,           0,           0,           0,           0,           0,           0,           0,           0,           0,           0,           0,           0,           0,           0,           0,      948.89,           0,           0,     1064.16,           0,           0
        15,         1,       15.13,        7.59,           0,        0.12,           0,           0,           0,           0,           0,           0,           0,           0,        0.22,        1.36,        5.84,           0,           0,           0,        0.12,           0,           0,        0.12,        7.70,        0.13,           0,           0,           0,           0,        0.05,        0.14,        0.01,        0.02,           0,        1.09,        0.23,        0.04,           0,           0,           0,        0.23,        2.70,        0.18,        0.39,        2.34,           0,           0,           0,           0,           0,           0
        15,         2,        0.14,           0,           0,           0,           0,           0,           0,           0,           0,           0,           0,           0,        0.01,        0.01,        0.12,           0,           0,           0,           0,           0,           0,           0,           0,           0,           0,           0,           0,           0,           0,        0.01,           0,           0,           0,           0,        0.01,           0,           0,           0,           0,           0,        0.08,           0,           0,        0.04,           0,           0,           0,           0,           0,           0
        15,         3,           0,           0,           0,           0,           0,           0,           0,           0,           0,           0,           0,           0,           0,           0,           0,           0,           0,           0,           0,           0,           0,           0,           0,           0,           0,           0,           0,           0,           0,           0,           0,           0,           0,           0,           0,           0,           0,           0,           0,           0,           0,           0,           0,           0,           0,           0,           0,           0,           0,           0
        15,         4,      229.42,       90.78,        3.80,       56.71,        0.10,           0,           0,        8.73,        3.57,           0,           0,           0,       17.16,       32.97,       16.07,           0,           0,        0.10,       60.48,       12.30,           0,       56.71,       96.83,        6.45,        8.74,        0.01,           0,        0.43,       10.48,        3.44,        0.61,        2.20,           0,       26.16,        4.84,        1.91,        0.05,        0.04,           0,        1.32,        6.93,        0.95,        1.23,        5.64,           0,           0,           0,           0,           0,           0
        15,         5,      435.48,      140.20,       13.00,      122.57,        0.21,           0,       40.00,       20.95,       13.22,           0,           0,           0,       29.34,       41.77,       15.16,           0,           0,        0.21,      135.47,       34.07,           0,      122.57,      153.19,       13.28,       21.51,        0.66,           0,        1.94,       17.17,        5.14,        1.18,        3.95,        0.04,       32.62,        6.87,        2.24,        0.02,        0.04,           0,        0.95,        8.99,        0.49,        0.47,        4.26,           0,           0,           0,           0,           0,           0
        15,         6,           0,           0,           0,           0,           0,           0,           0,           0,           0,           0,           0,           0,           0,           0,           0,           0,           0,           0,           0,           0,           0,           0,           0,           0,           0,           0,           0,           0,           0,           0,           0,           0,           0,           0,           0,           0,           0,           0,           0,           0,           0,           0,           0,           0,           0,           0,           0,           0,           0,           0
        15,         7,           0,           0,           0,           0,           0,           0,           0,           0,           0,           0,           0,           0,           0,           0,           0,           0,           0,           0,           0,           0,           0,           0,           0,           0,           0,           0,           0,           0,           0,           0,           0,           0,           0,           0,           0,           0,           0,           0,           0,           0,           0,           0,           0,           0,           0,           0,           0,           0,           0,           0
        15,         8,      810.20,      303.34,       22.01,      265.65,        1.39,           0,        2.00,       63.41,       50.08,           0,           0,           0,       83.77,       18.96,        0.52,           0,           0,        1.39,      287.63,      113.38,           0,      265.65,      346.66,       43.77,       65.61,        2.43,           0,        6.92,       50.42,       11.61,        2.62,       12.22,           0,       15.24,        2.91,        0.74,        0.01,        0.06,        0.02,        0.02,        0.32,        0.01,        0.01,        0.14,           0,           0,           0,           0,           0,           0
        15,         9,     1743.55,      702.90,       97.49,      563.83,        4.04,        3.32,           0,      130.65,      121.88,           0,           0,           0,      105.61,       22.17,        1.51,           0,           0,        7.36,      661.07,      250.66,           0,      563.83,      804.05,      104.07,      136.03,        6.39,        0.20,       11.21,       58.44,       13.81,        3.84,       18.20,        0.03,       16.01,        5.06,        0.97,           0,        0.10,        0.67,        0.02,        0.71,        0.01,           0,        0.10,           0,           0,           0,           0,           0,           0
        15,        10,        0.64,           0,           0,        0.64,           0,           0,           0,           0,           0,           0,           0,           0,           0,           0,           0,           0,           0,           0,        0.64,           0,           0,        0.64,           0,           0,           0,           0,           0,           0,           0,           0,           0,           0,           0,           0,           0,           0,           0,           0,           0,           0,           0,           0,           0,           0,           0,           0,           0,           0,           0,           0
        15,        11,     8197.38,     3552.91,      296.55,     3165.50,       33.86,       49.09,           0,      288.15,      308.29,           0,           0,           0,      289.15,      208.24,        8.95,           0,           0,       82.93,     3461.85,      595.68,           0,     3165.50,     4022.63,      469.11,      308.30,       20.41,      104.33,       29.26,       93.41,       17.02,        5.62,       39.65,        1.34,      187.28,        9.31,       10.28,        0.02,        0.02,        4.03,        0.47,        2.50,        0.35,        0.29,        1.31,           0,           0,           0,           0,           0,           0
        15,        12,    27754.09,    10238.95,     1341.90,    11823.45,       99.61,      249.92,      302.00,     1035.33,     1322.90,           0,           0,           0,      745.17,      597.79,       23.24,           0,           0,      349.32,    13160.48,     2354.06,      674.00,    11149.45,    11810.28,     1576.85,     1109.46,       76.63,      168.16,       79.83,      293.98,       59.77,       21.24,      122.67,        5.63,      532.93,       25.81,       33.40,        0.01,        0.03,        8.89,        1.20,        8.26,        0.85,        0.74,        3.30,           0,           0,           0,           0,           0,           0
        15,        13,     4034.37,     1667.45,      216.35,     1668.31,        0.03,        0.43,        7.00,      155.34,      156.88,           0,           0,           0,       90.58,       80.25,        2.07,           0,           0,        0.46,     1883.76,      310.41,           0,     1668.31,     2017.57,      352.79,      163.34,        9.14,        2.14,        7.72,       50.11,       10.90,        4.45,       15.40,        0.75,       72.50,        2.19,        4.81,           0,           0,        1.31,        0.01,        0.60,        0.01,           0,        0.14,           0,           0,           0,           0,           0,           0
        15,        14,    15806.06,     6026.68,      727.75,     6305.00,       12.04,       49.77,      495.00,      732.09,      771.53,           0,           0,           0,      357.65,      361.11,        5.87,           0,           0,       61.77,     7029.13,     1499.61,           0,     6305.00,     6956.22,      940.99,      779.83,       49.72,       15.27,       45.41,      193.68,       35.63,        8.63,       59.36,        2.39,      334.86,       10.60,       13.30,           0,        0.02,        2.10,        0.13,        3.03,        0.03,        0.03,        0.55,           0,           0,           0,           0,           0,           0
        15,        15,   127671.25,     6163.32,     6226.48,    70039.74,    10711.78,     7466.34,           0,     3743.07,    10002.40,           0,           0,           0,    12042.63,     1239.40,       37.13,           0,           0,    18178.00,    76266.00,    13745.64,           0,    70039.74,     6940.80,      776.61,     3963.89,      220.05,    10327.72,      314.23,      863.04,      119.96,       39.23,      378.70,        9.03,     1133.59,       66.74,       29.30,        0.14,        0.65,       11.90,        2.21,       15.04,        0.89,        1.02,        6.07,           0,           0,           0,           0,           0,           0
        15,        16,   107110.90,    14774.14,    16132.51,    52486.77,     2052.55,     5257.91,      161.00,     3779.66,     8836.38,           0,           0,           0,     2722.64,      891.30,       36.61,           0,           0,     7309.58,    68614.46,    12611.49,           0,    52486.77,    17222.34,     2447.17,     4052.28,      274.15,      922.79,      306.88,      922.79,      158.42,       48.43,      365.68,        6.37,      785.07,       64.19,       35.60,        0.02,        0.20,       15.06,        0.99,       15.95,        0.59,        0.44,        3.60,           0,           0,           0,           0,           0,           0
        15,        17,    17753.69,     5157.56,     1564.49,     8236.54,       34.20,      134.71,           0,      793.14,     1126.83,           0,           0,           0,      433.18,      278.80,        9.61,           0,           0,      168.80,     9797.28,     1917.10,           0,     8236.54,     6091.65,      934.85,      847.10,       55.43,       69.11,       48.63,      196.71,       38.06,       10.33,       70.56,        2.18,      253.41,        9.97,       13.24,           0,           0,        5.63,        0.08,        3.05,        0.06,        0.04,        0.75,           0,           0,           0,           0,           0,           0
        15,        18,      158.55,       41.15,       37.58,       42.96,           0,           0,           0,       15.75,       12.72,           0,           0,           0,        6.59,        2.02,           0,           0,           0,           0,       80.51,       28.44,           0,       42.96,       44.42,        3.27,       16.31,        0.61,           0,        0.73,        3.28,        0.85,        0.48,        1.25,           0,        1.54,        0.13,        0.35,           0,           0,           0,           0,           0,           0,           0,           0,           0,           0,           0,           0,           0,           0
        15,        19,      279.64,       87.55,           0,       89.60,        3.36,        8.19,           0,       35.83,       34.92,           0,           0,           0,       17.76,        4.52,        0.12,           0,           0,       11.55,       89.60,       70.50,           0,       89.60,      104.48,       18.17,       36.20,        0.50,        1.17,        1.07,       12.29,        0.84,        0.06,        2.33,           0,        0.41,        4.08,        0.02,           0,        0.01,        0.05,        0.02,           0,        0.02,        0.01,        0.02,           0,           0,           0,           0,           0,           0
        15,        20,     8426.78,     2946.64,      590.93,     2913.40,       48.31,       52.47,       46.00,      629.70,      775.78,           0,           0,           0,      335.68,      112.00,        3.33,           0,           0,      100.73,     3501.50,     1401.01,           0,     2913.40,     3575.45,      637.07,      671.45,       44.15,       33.52,       32.41,      174.40,       33.45,        8.49,       53.53,        0.64,       18.23,       90.27,        2.22,        0.01,        0.64,        0.72,        0.42,        0.92,        0.35,        0.11,        0.81,           0,           0,           0,           0,           0,           0
        15,        21,     3391.29,      958.69,      176.36,     1081.54,        4.08,        4.90,      508.00,      239.28,      214.28,           0,           0,           0,      147.27,       64.77,        1.63,           0,           0,        8.97,     1257.72,      451.99,           0,     1081.54,     1124.65,      170.19,      257.75,       19.69,           0,       16.40,       84.61,       18.74,        4.93,       22.61,        0.27,       16.83,       45.64,        1.65,        0.02,        0.36,        0.18,        0.21,        0.51,        0.17,        0.07,        0.49,           0,           0,           0,           0,           0,           0
        15,        22,      471.26,      143.75,       62.01,      132.88,        0.82,           0,           0,       40.74,       36.04,           0,           0,           0,       35.07,       19.75,        0.46,           0,           0,        0.82,      194.89,       76.71,           0,      132.88,      162.13,       18.69,       41.65,        0.93,           0,        2.00,       22.31,        5.61,        1.34,        3.80,           0,        7.10,       12.09,        0.50,           0,        0.06,           0,        0.04,        0.12,        0.06,        0.02,        0.22,           0,           0,           0,           0,           0,           0
        15,        23,        5.64,        3.50,           0,        1.52,           0,           0,           0,        0.29,        0.24,           0,           0,           0,        0.06,        0.03,           0,           0,           0,           0,        1.52,        0.53,           0,        1.52,        4.38,        0.88,        0.29,           0,           0,           0,        0.06,           0,           0,           0,           0,        0.01,        0.02,           0,           0,           0,           0,           0,           0,           0,           0,           0,           0,           0,           0,           0,           0,           0
        15,        24,        2.59,        0.22,           0,        1.63,           0,           0,           0,        0.01,        0.08,           0,           0,           0,        0.59,        0.06,           0,           0,           0,           0,        1.63,        0.09,           0,        1.63,        0.22,           0,        0.01,           0,        0.59,           0,           0,           0,           0,           0,           0,        0.06,           0,           0,           0,           0,           0,           0,           0,           0,           0,           0,           0,           0,           0,           0,           0,           0
        15,        25,       50.83,        3.16,       30.18,       10.60,           0,           0,           0,        2.26,        2.21,           0,           0,           0,        1.94,        0.49,           0,           0,           0,           0,       40.78,        4.47,           0,       10.60,        3.44,        0.28,        2.35,        0.09,           0,        0.16,        1.05,        0.27,        0.13,        0.33,           0,        0.03,        0.45,        0.01,           0,           0,           0,           0,           0,           0,           0,           0,           0,           0,           0,           0,           0,           0
        15,        26,        0.66,           0,           0,           0,           0,           0,           0,           0,           0,           0,           0,           0,        0.66,           0,           0,           0,           0,           0,           0,           0,           0,           0,           0,           0,           0,           0,        0.66,           0,           0,           0,           0,           0,           0,           0,           0,           0,           0,           0,           0,           0,           0,           0,           0,           0,           0,           0,           0,           0,           0,           0
        15,        27,     2331.81,           0,           0,           0,           0,           0,           0,           0,           0,     2059.90,           0,           0,           0,           0,           0,       64.26,      207.98,           0,           0,           0,           0,           0,           0,           0,           0,           0,           0,           0,           0,           0,           0,           0,           0,           0,           0,           0,           0,           0,           0,           0,           0,           0,           0,           0,       64.26,           0,           0,      207.98,           0,           0
        16,         1,       90.74,       35.16,           0,        0.37,           0,           0,           0,        1.05,        0.25,           0,           0,           0,        7.18,       13.10,       33.67,           0,           0,           0,        0.37,        1.30,           0,        0.37,       35.74,        0.83,        1.05,           0,           0,           0,        3.42,        2.98,        0.30,        0.49,           0,        8.55,        4.11,        0.44,           0,           0,           0,        1.56,       22.75,        1.08,        1.77,        6.51,           0,           0,           0,           0,           0,           0
        16,         2,        1.66,        0.10,           0,           0,           0,           0,           0,           0,           0,           0,           0,           0,        0.59,        0.26,        0.71,           0,           0,           0,           0,           0,           0,           0,        0.10,           0,           0,           0,           0,           0,        0.31,        0.21,        0.01,        0.06,           0,        0.03,        0.23,           0,           0,           0,           0,           0,        0.65,           0,           0,        0.06,           0,           0,           0,           0,           0,           0
        16,         3,           0,           0,           0,           0,           0,           0,           0,           0,           0,           0,           0,           0,           0,           0,           0,           0,           0,           0,           0,           0,           0,           0,           0,           0,           0,           0,           0,           0,           0,           0,           0,           0,           0,           0,           0,           0,           0,           0,           0,           0,           0,           0,           0,           0,           0,           0,           0,           0,           0,           0
        16,         4,      965.75,      246.30,        2.36,      142.51,        0.51,           0,           0,      102.83,       75.39,           0,           0,           0,      155.79,      140.92,       99.91,           0,           0,        0.51,      144.87,      177.96,           0,      142.51,      263.02,       16.99,      103.91,        1.17,           0,        7.36,       89.83,       33.04,        5.82,       19.77,        0.05,       94.11,       38.26,        7.81,        0.32,        0.42,        0.77,        8.71,       60.01,        6.54,        6.40,       17.48,           0,           0,           0,           0,           0,           0
        16,         5,     1569.79,      369.48,       11.08,      291.53,        1.52,           0,      122.00,      162.62,      132.99,           0,           0,           0,      207.53,      168.96,      103.36,           0,           0,        1.52,      302.58,      295.25,           0,      291.53,      402.17,       32.50,      169.35,        6.85,           0,       18.06,      109.49,       41.62,       10.20,       28.20,        0.68,      111.49,       47.75,        8.43,        0.22,        0.45,        2.04,        5.73,       77.48,        3.40,        2.50,       12.21,           0,           0,           0,           0,           0,           0
        16,         6,        0.02,           0,           0,        0.01,           0,           0,           0,           0,        0.01,           0,           0,           0,           0,           0,           0,           0,           0,           0,        0.01,        0.01,           0,        0.01,           0,           0,           0,           0,           0,           0,           0,           0,           0,           0,           0,           0,           0,           0,           0,           0,           0,           0,           0,           0,           0,           0,           0,           0,           0,           0,           0,           0
        16,         7,        0.13,           0,           0,           0,           0,           0,           0,           0,           0,           0,           0,           0,        0.13,           0,           0,           0,           0,           0,           0,           0,           0,           0,           0,           0,           0,           0,        0.13,           0,           0,           0,           0,           0,           0,           0,           0,           0,           0,           0,           0,           0,           0,           0,           0,           0,           0,           0,           0,           0,           0,           0
        16,         8,     2890.24,      823.31,       15.91,      616.00,        8.75,        2.18,        5.00,      449.82,      387.32,           0,           0,           0,      510.43,       70.69,        4.48,           0,           0,       10.93,      631.90,      835.96,           0,      616.00,      936.00,      114.74,      472.34,       23.91,           0,       53.50,      270.03,       86.49,       21.48,       78.97,        0.09,       46.08,       22.04,        1.85,        0.04,        0.59,        1.38,        0.09,        2.71,        0.08,        0.03,        0.19,           0,           0,           0,           0,           0,           0
        16,         9,     7773.28,     2935.09,       84.91,     1855.20,       23.73,       27.08,           0,     1027.80,     1078.26,           0,           0,           0,      661.57,       97.23,       11.10,           0,           0,       50.81,     1939.65,     2099.26,           0,     1855.20,     3363.94,      439.07,     1093.50,       69.13,        1.44,       74.08,      339.24,       99.39,       30.50,      117.34,        0.69,       50.74,       41.92,        2.93,        0.05,        0.90,        5.57,        0.07,        5.31,        0.03,           0,        0.12,           0,           0,           0,           0,           0,           0
        16,        10,        1.51,           0,           0,        1.43,           0,           0,           0,        0.01,        0.07,           0,           0,           0,           0,           0,           0,           0,           0,           0,        1.43,        0.08,           0,        1.43,           0,           0,        0.01,           0,           0,           0,           0,           0,           0,           0,           0,           0,           0,           0,           0,           0,           0,           0,           0,           0,           0,           0,           0,           0,           0,           0,           0,           0
        16,        11,    18994.64,     8577.06,      329.64,     6565.58,       74.39,       82.44,           0,     1091.64,     1112.83,           0,           0,           0,      657.74,      481.87,       36.62,           0,           0,      156.70,     6894.62,     2201.07,           0,     6565.58,     9713.42,     1138.16,     1174.16,       83.95,       42.52,       89.32,      303.43,       72.89,       25.37,      124.76,        8.61,      408.14,       34.32,       30.73,        0.06,        0.10,       17.18,        1.87,       11.68,        1.63,        1.15,        3.12,           0,           0,           0,           0,           0,           0
        16,        12,   141156.89,    36309.63,     6275.88,    61217.02,     2097.36,     3358.90,     1463.00,     8189.35,    14997.34,           0,           0,           0,     4776.79,     2415.21,      168.36,           0,           0,     5454.42,    67476.83,    23159.66,     3141.00,    58076.02,    41916.45,     5618.95,     8830.36,      655.37,      870.86,      588.80,     1917.41,      447.11,      173.30,      791.29,       59.15,     2029.71,      189.46,      137.21,        0.18,        0.36,       65.07,        6.96,       76.43,        4.61,        3.60,       11.78,           0,           0,           0,           0,           0,           0
        16,        13,    16911.25,     6940.48,      298.51,     6191.52,        0.47,        1.69,       35.00,     1147.13,     1409.56,           0,           0,           0,      570.95,      327.14,       21.17,           0,           0,        2.16,     6485.85,     2548.73,           0,     6191.52,     8408.32,     1473.94,     1234.74,       92.28,       20.14,       57.12,      284.39,       78.56,       34.54,       96.39,       11.13,      275.31,       19.43,       21.29,           0,           0,       14.54,        0.05,        6.34,        0.05,        0.01,        0.18,           0,           0,           0,           0,           0,           0
        16,        14,    85678.88,    27213.71,     3631.81,    30522.98,      240.80,      463.41,     2369.00,     6647.17,     9830.10,           0,           0,           0,     2995.52,     1834.76,       82.74,           0,           0,      703.62,    34132.32,    16443.74,           0,    30522.98,    31438.17,     4250.02,     7199.15,      568.16,      307.03,      422.07,     1346.40,      333.46,       93.74,      499.34,       39.41,     1617.85,      111.54,       66.37,        0.01,        0.26,       31.48,        1.25,       47.33,        0.31,        0.18,        2.20,           0,           0,           0,           0,           0,           0
        16,        15,    58123.03,     6369.04,     1909.23,    29145.83,     2429.92,     2398.36,           0,     3735.66,     8596.37,           0,           0,           0,     2637.02,      888.21,       37.63,           0,           0,     4827.58,    31053.24,    12327.22,           0,    29145.83,     7170.36,      802.68,     3947.46,      213.44,      849.49,      303.69,      916.32,      158.07,       48.23,      363.43,        6.42,      781.57,       64.51,       35.65,        0.02,        0.20,       15.09,        1.00,       16.81,        0.60,        0.44,        3.69,           0,           0,           0,           0,           0,           0
        16,        16,   687913.69,    57188.91,    68042.94,   308446.65,    29075.20,    26945.73,      463.00,    39332.36,   106531.74,           0,           0,           0,    42916.80,     8446.80,      579.29,           0,           0,    56019.07,   376477.35,   145852.45,           0,   308446.65,    66858.55,     9668.70,    42481.36,     3153.03,    27074.36,     2744.68,     7770.46,     1483.36,      656.44,     3198.12,      189.59,     7246.54,      705.59,      297.44,        1.42,        7.26,      160.76,       18.95,      338.17,        8.93,        8.27,       44.19,           0,           0,           0,           0,           0,           0
        16,        17,   143819.41,    21941.67,    11873.48,    59806.19,     1413.40,     2895.44,           0,    11333.14,    25057.98,           0,           0,           0,     6408.76,     2976.37,      208.39,           0,           0,     4307.43,    71659.60,    36365.99,           0,    59806.19,    25907.29,     3966.82,    12229.91,      909.40,     1411.97,      790.05,     2525.52,      523.93,      220.12,      954.45,       65.83,     2589.43,      204.28,      116.98,        0.12,        1.14,       77.93,        2.88,      113.67,        1.74,        1.28,       10.90,           0,           0,           0,           0,           0,           0
        16,        18,      658.49,      165.25,       37.83,      146.68,           0,           0,           0,      123.72,      117.05,           0,           0,           0,       59.33,        9.02,        0.11,           0,           0,           0,      184.47,      240.67,           0,      146.68,      178.60,       13.41,      130.43,        6.86,       15.35,        5.09,       20.98,        6.19,        3.91,        7.81,        0.02,        5.73,        1.51,        1.76,           0,           0,        0.10,           0,        0.01,           0,           0,           0,           0,           0,           0,           0,           0,           0
        16,        19,      778.99,      169.12,           0,      158.10,       10.04,       14.53,           0,      165.35,      164.69,           0,           0,           0,       79.94,       23.79,        0.49,           0,           0,       24.57,      158.10,      327.16,           0,      158.10,      199.15,       32.87,      168.23,        3.38,        0.87,        6.74,       51.82,        7.12,        0.54,       12.90,           0,        0.94,       22.69,        0.09,           0,        0.07,        0.24,        0.11,           0,        0.07,        0.02,        0.05,           0,           0,           0,           0,           0,           0
        16,        20,    27671.90,     7578.22,     1099.80,     7348.16,      214.92,      141.64,      184.00,     3648.26,     4964.80,           0,           0,           0,     1907.58,      636.22,       33.85,           0,           0,      356.46,     8443.25,     8592.33,           0,     7348.16,     9194.57,     1649.44,     3929.50,      290.51,      197.89,      208.23,      898.84,      222.43,       72.89,      311.67,       16.48,       73.90,      528.50,        9.53,        0.24,        7.84,       10.57,        3.12,       14.42,        2.21,        0.82,        2.71,           0,           0,           0,           0,           0,           0
        16,        21,    10812.14,     2577.75,      122.79,     2405.35,       15.57,       14.82,     1569.00,     1501.86,     1396.61,           0,           0,           0,      860.72,      356.13,       13.42,           0,           0,       30.39,     2527.85,     2892.92,       18.00,     2387.35,     3014.41,      451.07,     1641.68,      144.36,        0.49,       99.71,      449.33,      130.55,       40.32,      140.41,        8.56,       55.17,      282.27,        6.38,        0.21,        3.54,        3.31,        1.37,        6.16,        1.06,        0.28,        1.24,           0,           0,           0,           0,           0,           0
        16,        22,     1531.09,      355.56,       37.70,      233.90,        3.01,        0.68,           0,      287.37,      261.63,           0,           0,           0,      243.31,      106.16,        3.15,           0,           0,        3.69,      271.60,      548.56,           0,      233.90,      396.66,       43.05,      299.29,       12.27,           0,       16.99,      138.71,       45.61,       11.72,       30.29,        0.50,       18.64,       85.28,        1.10,        0.01,        0.63,        0.64,        0.36,        1.42,        0.47,        0.07,        0.19,           0,           0,           0,           0,           0,           0
        16,        23,       13.99,        6.84,           0,        1.88,           0,           0,           0,        2.12,        1.96,           0,           0,           0,        1.02,        0.20,           0,           0,           0,           0,        1.88,        4.06,           0,        1.88,        8.16,        1.39,        2.12,           0,           0,           0,        0.94,        0.03,           0,        0.05,           0,           0,        0.20,           0,           0,           0,           0,           0,           0,           0,           0,           0,           0,           0,           0,           0,           0,           0
        16,        24,       10.31,        0.29,           0,        4.41,           0,           0,           0,        0.38,        1.03,           0,           0,           0,        4.07,        0.13,           0,           0,           0,           0,        4.41,        1.41,           0,        4.41,        0.29,           0,        0.38,           0,        4.07,           0,           0,           0,           0,           0,           0,        0.13,           0,           0,           0,           0,           0,           0,           0,           0,           0,           0,           0,           0,           0,           0,           0,           0
        16,        25,       90.79,        6.96,       22.46,       19.76,           0,           0,           0,       13.92,       14.65,           0,           0,           0,       10.42,        2.71,           0,           0,           0,           0,       42.22,       28.54,           0,       19.76,        7.36,        0.42,       14.72,        0.82,        0.12,        1.01,        5.10,        1.57,        0.96,        1.66,           0,        0.07,        2.63,           0,           0,        0.01,           0,           0,           0,           0,           0,           0,           0,           0,           0,           0,           0,           0
        16,        26,        1.46,           0,           0,           0,           0,           0,           0,           0,           0,           0,           0,           0,        1.46,           0,           0,           0,           0,           0,           0,           0,           0,           0,           0,           0,           0,           0,        1.46,           0,           0,           0,           0,           0,           0,           0,           0,           0,           0,           0,           0,           0,           0,           0,           0,           0,           0,           0,           0,           0,           0,           0
        16,        27,     9418.98,           0,           0,           0,           0,           0,           0,           0,           0,     8105.78,           0,           0,           0,           0,           0,      467.18,      848.67,           0,           0,           0,           0,           0,           0,           0,           0,           0,           0,           0,           0,           0,           0,           0,           0,           0,           0,           0,           0,           0,           0,           0,           0,           0,           0,           0,      467.18,           0,           0,      848.67,           0,           0
        17,         1,       67.92,       26.23,           0,           0,           0,           0,           0,        0.95,        0.16,           0,           0,           0,        7.42,       11.07,       22.10,           0,           0,           0,           0,        1.11,           0,           0,       26.63,        0.53,        0.95,           0,           0,           0,        3.94,        2.90,        0.17,        0.41,           0,        6.85,        3.93,        0.29,           0,           0,           0,        0.67,       16.77,        0.32,        0.65,        3.69,           0,           0,           0,           0,           0,           0
        17,         2,        1.44,        0.06,           0,           0,           0,           0,           0,           0,           0,           0,           0,           0,        0.69,        0.25,        0.44,           0,           0,           0,           0,           0,           0,           0,        0.06,           0,           0,           0,           0,           0,        0.39,        0.23,           0,        0.07,           0,        0.03,        0.22,           0,           0,           0,           0,           0,        0.43,           0,           0,        0.01,           0,           0,           0,           0,           0,           0
        17,         3,           0,           0,           0,           0,           0,           0,           0,           0,           0,           0,           0,           0,           0,           0,           0,           0,           0,           0,           0,           0,           0,           0,           0,           0,           0,           0,           0,           0,           0,           0,           0,           0,           0,           0,           0,           0,           0,           0,           0,           0,           0,           0,           0,           0,           0,           0,           0,           0,           0,           0
        17,         4,      729.87,      177.59,        0.56,       73.74,        0.29,           0,           0,       92.24,       68.57,           0,           0,           0,      141.55,      109.36,       66.38,           0,           0,        0.29,       74.30,      160.74,           0,       73.74,      188.38,       11.25,       92.94,        0.72,           0,        6.82,       82.16,       29.92,        5.56,       17.11,        0.07,       70.76,       32.56,        5.42,        0.20,        0.35,        1.15,        4.29,       44.90,        3.26,        2.74,       10.04,           0,           0,           0,           0,           0,           0
        17,         5,     1156.74,      266.90,        4.03,      168.24,        0.84,           0,       77.00,      141.13,      115.22,           0,           0,           0,      183.41,      129.69,       71.32,           0,           0,        0.84,      172.27,      256.12,           0,      168.24,      287.66,       21.01,      146.88,        5.91,           0,       16.17,       96.75,       36.58,        9.02,       24.93,        0.70,       83.22,       39.24,        5.96,        0.19,        0.38,        2.37,        2.57,       57.63,        1.42,        0.81,        6.52,           0,           0,           0,           0,           0,           0
        17,         6,           0,           0,           0,           0,           0,           0,           0,           0,           0,           0,           0,           0,           0,           0,           0,           0,           0,           0,           0,           0,           0,           0,           0,           0,           0,           0,           0,           0,           0,           0,           0,           0,           0,           0,           0,           0,           0,           0,           0,           0,           0,           0,           0,           0,           0,           0,           0,           0,           0,           0
        17,         7,        0.01,           0,           0,           0,           0,           0,           0,           0,           0,           0,           0,           0,        0.01,           0,           0,           0,           0,           0,           0,           0,           0,           0,           0,           0,           0,           0,        0.01,           0,           0,           0,           0,           0,           0,           0,           0,           0,           0,           0,           0,           0,           0,           0,           0,           0,           0,           0,           0,           0,           0,           0
        17,         8,     2202.39,      597.87,        6.20,      365.81,        6.73,        0.59,        9.00,      389.63,      330.06,           0,           0,           0,      444.64,       52.61,        3.43,           0,           0,        7.32,      372.01,      718.17,           0,      365.81,      675.65,       80.57,      409.35,       21.02,           0,       46.86,      235.27,       74.67,       18.96,       68.88,        0.15,       32.50,       18.14,        1.31,        0.03,        0.48,        1.45,        0.01,        1.89,        0.01,           0,        0.07,           0,           0,           0,           0,           0,           0
        17,         9,     5949.89,     2206.66,       35.83,     1166.65,       17.55,       14.68,           0,      909.94,      951.77,           0,           0,           0,      588.36,       76.41,        8.09,           0,           0,       32.23,     1202.32,     1855.84,           0,     1166.65,     2526.12,      330.86,      969.01,       62.51,        1.31,       65.39,      303.11,       88.33,       26.69,      103.71,        0.67,       37.51,       35.54,        1.89,        0.02,        0.78,        4.31,           0,        3.74,           0,           0,        0.04,           0,           0,           0,           0,           0,           0
        17,        10,        0.89,           0,           0,        0.81,           0,           0,           0,           0,        0.08,           0,           0,           0,           0,           0,           0,           0,           0,           0,        0.81,        0.08,           0,        0.81,           0,           0,           0,           0,           0,           0,           0,           0,           0,           0,           0,           0,           0,           0,           0,           0,           0,           0,           0,           0,           0,           0,           0,           0,           0,           0,           0,           0
        17,        11,     7167.48,     3667.07,       53.67,     1635.10,       14.00,        8.38,           0,      610.14,      487.09,           0,           0,           0,      384.46,      296.24,       21.87,           0,           0,       22.37,     1688.75,     1095.17,           0,     1635.10,     4152.64,      489.64,      656.28,       47.22,        6.02,       48.78,      187.64,       49.61,       18.34,       74.18,        6.82,      247.40,       21.49,       20.47,        0.03,        0.06,       11.21,        0.76,        7.40,        0.68,        0.34,        1.50,           0,           0,           0,           0,           0,           0
        17,        12,    56815.45,    19935.67,      806.16,    18683.30,      263.48,      202.14,      836.00,     4822.97,     6871.22,           0,           0,           0,     2771.42,     1611.41,      111.65,           0,           0,      464.86,    19481.07,    11673.11,     2670.00,    16013.30,    22999.34,     3079.84,     5210.47,      398.31,      362.72,      339.44,     1174.86,      298.96,      122.42,      480.19,       45.77,     1352.47,      118.67,       94.78,        0.08,        0.17,       49.86,        2.94,       49.61,        1.72,        1.18,        6.35,           0,           0,           0,           0,           0,           0
        17,        13,    14393.88,     6166.19,      198.19,     4725.77,        0.51,        1.07,       31.00,     1082.94,     1388.62,           0,           0,           0,      538.12,      271.44,       19.26,           0,           0,        1.58,     4920.67,     2464.44,           0,     4725.77,     7470.95,     1310.64,     1169.34,       90.01,       33.60,       55.06,      258.91,       70.36,       31.44,       89.13,       10.37,      227.52,       17.06,       16.49,           0,           0,       13.87,        0.01,        5.29,           0,           0,        0.09,           0,           0,           0,           0,           0,           0
        17,        14,   133493.11,    33177.41,     8140.05,    50264.03,     1024.76,     1532.87,     2632.00,    10046.19,    19316.01,           0,           0,           0,     5150.18,     2196.32,      109.47,           0,           0,     2556.96,    58384.56,    29341.03,           0,    50264.03,    38371.15,     5197.53,    10906.18,      870.43,     1004.01,      702.72,     2059.01,      466.64,      147.08,      776.30,       51.24,     1898.08,      173.71,       73.01,        0.01,        0.61,       38.04,        0.98,       67.40,        0.25,        0.12,        2.68,           0,           0,           0,           0,           0,           0
        17,        15,     5399.73,     1298.44,        6.90,     1424.69,      102.79,       41.30,           0,      769.70,     1034.87,           0,           0,           0,      452.69,      275.38,        9.83,           0,           0,      143.92,     1431.46,     1801.36,           0,     1424.69,     1447.97,      154.54,      807.18,       38.75,       95.96,       47.00,      192.83,       37.84,       10.26,       69.04,        2.20,      249.88,       10.02,       13.28,           0,           0,        5.49,        0.08,        3.33,        0.06,        0.04,        0.83,           0,           0,           0,           0,           0,           0
        17,        16,   132347.12,    22388.72,    10890.37,    50190.78,     1814.00,     1545.98,      247.00,    11223.57,    24472.98,           0,           0,           0,     6524.92,     2964.16,      206.79,           0,           0,     3358.81,    61064.49,    35671.58,           0,    50190.78,    26405.48,     4037.24,    12197.95,      985.93,     1555.35,      782.92,     2511.17,      522.80,      219.73,      949.97,       65.71,     2577.10,      204.59,      117.05,        0.13,        1.14,       76.82,        2.86,      113.27,        1.74,        1.27,       10.85,           0,           0,           0,           0,           0,           0
        17,        17,   515508.85,    38493.13,    49700.22,   235272.75,    17824.53,    18338.76,           0,    30349.66,    87339.19,           0,           0,           0,    32781.40,     5112.48,      344.44,           0,           0,    36162.18,   284959.74,   117679.50,           0,   235272.75,    45379.48,     6885.73,    32752.74,     2406.26,    20545.56,     2064.96,     6133.12,     1132.88,      516.67,     2394.03,      153.82,     4276.41,      501.17,      175.61,        0.80,        5.05,      102.43,        5.97,      214.96,        1.94,        1.53,       17.59,           0,           0,           0,           0,           0,           0
        17,        18,     1542.72,      328.29,      241.37,      416.92,        0.02,           0,           0,      179.13,      211.46,           0,           0,           0,      154.85,       10.55,        0.18,           0,           0,        0.02,      658.33,      390.60,           0,      416.92,      357.34,       29.08,      189.87,       10.77,       95.27,        7.86,       28.98,        7.16,        4.49,       11.09,        0.05,        7.04,        1.84,        1.62,           0,           0,        0.16,           0,        0.02,           0,           0,           0,           0,           0,           0,           0,           0,           0
        17,        19,      387.88,       70.22,           0,       53.54,        7.40,        6.18,           0,       97.55,       92.01,           0,           0,           0,       51.13,       14.18,        0.14,           0,           0,       13.58,       53.54,      187.20,           0,       53.54,       80.37,       12.13,       98.84,        1.63,        0.28,        3.73,       34.55,        4.89,        0.33,        7.41,           0,        0.50,       13.61,        0.03,           0,        0.04,        0.11,        0.02,           0,        0.01,           0,           0,           0,           0,           0,           0,           0,           0
        17,        20,    20383.78,     5637.33,      541.99,     4935.08,      303.41,      150.37,      134.00,     2842.38,     3852.90,           0,           0,           0,     1572.38,      468.01,       17.37,           0,           0,      453.76,     5475.22,     6676.85,           0,     4935.08,     6839.90,     1237.42,     3060.35,      225.76,      213.78,      162.18,      720.76,      179.98,       57.04,      241.71,       12.11,       46.08,      399.56,        4.95,        0.11,        5.27,        6.54,        0.66,        8.91,        0.42,        0.09,        0.75,           0,           0,           0,           0,           0,           0
        17,        21,     8263.97,     2004.76,       57.28,     1612.11,       19.64,       12.60,     1167.00,     1248.37,     1174.60,           0,           0,           0,      712.12,      268.67,        6.73,           0,           0,       32.24,     1669.31,     2417.87,       11.00,     1601.11,     2336.60,      347.92,     1364.44,      119.81,        1.41,       81.18,      375.16,      108.50,       33.06,      112.97,        6.42,       35.27,      220.53,        3.91,        0.12,        2.42,        1.89,        0.30,        3.91,        0.18,        0.03,        0.42,           0,           0,           0,           0,           0,           0
        17,        22,     1157.44,      270.34,       15.84,      135.66,        4.55,        1.42,           0,      238.22,      216.01,           0,           0,           0,      198.52,       76.78,        1.05,           0,           0,        5.97,      151.50,      453.89,           0,      135.66,      299.32,       31.62,      247.97,       10.05,           0,       13.57,      115.12,       37.61,        9.11,       23.11,        0.37,       11.29,       64.15,        0.52,           0,        0.45,        0.32,        0.02,        0.67,        0.02,           0,        0.02,           0,           0,           0,           0,           0,           0
        17,        23,        6.77,        3.38,           0,        0.65,        0.02,           0,           0,        1.11,        0.95,           0,           0,           0,        0.58,        0.08,           0,           0,           0,        0.02,        0.65,        2.06,           0,        0.65,        3.74,        0.47,        1.11,           0,           0,           0,        0.52,        0.02,           0,        0.04,           0,           0,        0.08,           0,           0,           0,           0,           0,           0,           0,           0,           0,           0,           0,           0,           0,           0,           0
        17,        24,       13.95,        0.10,           0,        5.54,           0,           0,           0,        0.36,        1.03,           0,           0,           0,        6.86,        0.06,           0,           0,           0,           0,        5.54,        1.39,           0,        5.54,        0.10,           0,        0.36,           0,        6.83,           0,        0.03,           0,           0,           0,           0,        0.06,           0,           0,           0,           0,           0,           0,           0,           0,           0,           0,           0,           0,           0,           0,           0,           0
        17,        25,       63.09,        5.13,       11.21,       12.12,           0,           0,           0,       11.54,       12.15,           0,           0,           0,        8.98,        2.11,           0,           0,           0,           0,       23.33,       23.64,           0,       12.12,        5.34,        0.23,       12.21,        0.71,        0.30,        0.81,        4.37,        1.29,        0.78,        1.43,           0,        0.01,        2.08,           0,           0,        0.02,           0,           0,           0,           0,           0,           0,           0,           0,           0,           0,           0,           0
        17,        26,        0.47,           0,           0,           0,           0,           0,           0,           0,           0,           0,           0,           0,        0.47,           0,           0,           0,           0,           0,           0,           0,           0,           0,           0,           0,           0,           0,        0.47,           0,           0,           0,           0,           0,           0,           0,           0,           0,           0,           0,           0,           0,           0,           0,           0,           0,           0,           0,           0,           0,           0,           0
        17,        27,     7532.34,           0,           0,           0,           0,           0,           0,           0,           0,     6686.44,           0,           0,           0,           0,           0,      386.24,      461.94,           0,           0,           0,           0,           0,           0,           0,           0,           0,           0,           0,           0,           0,           0,           0,           0,           0,           0,           0,           0,           0,           0,           0,           0,           0,           0,           0,      386.24,           0,           0,      461.94,           0,           0
        18,         1,        0.08,           0,           0,           0,           0,           0,           0,           0,           0,           0,           0,           0,        0.05,           0,        0.03,           0,           0,           0,           0,           0,           0,           0,           0,           0,           0,           0,           0,           0,           0,        0.05,           0,           0,           0,           0,           0,           0,           0,           0,           0,           0,        0.03,           0,           0,           0,           0,           0,           0,           0,           0,           0
        18,         2,           0,           0,           0,           0,           0,           0,           0,           0,           0,           0,           0,           0,           0,           0,           0,           0,           0,           0,           0,           0,           0,           0,           0,           0,           0,           0,           0,           0,           0,           0,           0,           0,           0,           0,           0,           0,           0,           0,           0,           0,           0,           0,           0,           0,           0,           0,           0,           0,           0,           0
        18,         3,           0,           0,           0,           0,           0,           0,           0,           0,           0,           0,           0,           0,           0,           0,           0,           0,           0,           0,           0,           0,           0,           0,           0,           0,           0,           0,           0,           0,           0,           0,           0,           0,           0,           0,           0,           0,           0,           0,           0,           0,           0,           0,           0,           0,           0,           0,           0,           0,           0,           0
        18,         4,        8.29,        1.15,           0,        0.04,           0,           0,           0,        2.11,        1.03,           0,           0,           0,        3.00,        0.88,        0.08,           0,           0,           0,        0.04,        3.14,           0,        0.04,        1.17,        0.03,        2.12,        0.01,           0,        0.03,        1.44,        0.91,        0.22,        0.40,           0,        0.16,        0.58,        0.14,           0,           0,           0,           0,        0.08,           0,           0,           0,           0,           0,           0,           0,           0,           0
        18,         5,       15.41,        2.01,        0.04,        0.62,           0,           0,           0,        4.39,        2.71,           0,           0,           0,        4.48,        1.10,        0.13,           0,           0,           0,        0.66,        7.06,           0,        0.62,        2.09,        0.11,        4.54,        0.17,           0,        0.20,        2.16,        1.11,        0.42,        0.59,           0,        0.23,        0.71,        0.16,           0,           0,           0,           0,        0.13,           0,           0,           0,           0,           0,           0,           0,           0,           0
        18,         6,           0,           0,           0,           0,           0,           0,           0,           0,           0,           0,           0,           0,           0,           0,           0,           0,           0,           0,           0,           0,           0,           0,           0,           0,           0,           0,           0,           0,           0,           0,           0,           0,           0,           0,           0,           0,           0,           0,           0,           0,           0,           0,           0,           0,           0,           0,           0,           0,           0,           0
        18,         7,           0,           0,           0,           0,           0,           0,           0,           0,           0,           0,           0,           0,           0,           0,           0,           0,           0,           0,           0,           0,           0,           0,           0,           0,           0,           0,           0,           0,           0,           0,           0,           0,           0,           0,           0,           0,           0,           0,           0,           0,           0,           0,           0,           0,           0,           0,           0,           0,           0,           0
        18,         8,       50.49,        5.38,        0.07,        3.13,        0.16,        0.01,           0,       14.95,       13.97,           0,           0,           0,       12.36,        0.53,           0,           0,           0,        0.17,        3.20,       28.87,           0,        3.13,        5.89,        0.50,       15.70,        0.81,           0,        1.03,        6.13,        2.33,        1.01,        1.86,           0,        0.06,        0.42,        0.05,           0,           0,           0,           0,           0,           0,           0,           0,           0,           0,           0,           0,           0,           0
        18,         9,       89.52,       10.15,        0.48,        8.68,        1.10,        0.19,           0,       24.08,       28.79,           0,           0,           0,       15.61,        0.61,           0,           0,           0,        1.29,        9.16,       52.75,           0,        8.68,       11.18,        1.02,       25.47,        1.49,        1.03,        1.61,        6.57,        2.54,        1.46,        2.40,           0,        0.06,        0.50,        0.05,           0,           0,           0,           0,           0,           0,           0,           0,           0,           0,           0,           0,           0,           0
        18,        10,           0,           0,           0,           0,           0,           0,           0,           0,           0,           0,           0,           0,           0,           0,           0,           0,           0,           0,           0,           0,           0,           0,           0,           0,           0,           0,           0,           0,           0,           0,           0,           0,           0,           0,           0,           0,           0,           0,           0,           0,           0,           0,           0,           0,           0,           0,           0,           0,           0,           0
        18,        11,       72.76,       16.36,        0.89,       11.73,        0.56,        0.14,           0,       16.27,       14.01,           0,           0,           0,       10.12,        2.77,        0.05,           0,           0,        0.70,       12.63,       30.20,           0,       11.73,       18.29,        1.95,       17.42,        1.20,        0.85,        1.16,        4.11,        1.31,        0.97,        1.72,        0.02,        1.79,        0.39,        0.57,           0,           0,        0.02,           0,        0.03,           0,           0,           0,           0,           0,           0,           0,           0,           0
        18,        12,      665.07,       91.64,        3.69,      195.66,        3.86,        3.69,           0,      123.11,      144.35,           0,           0,           0,       87.43,       12.04,        0.13,           0,           0,        7.55,      199.35,      267.24,      118.00,       77.66,      104.20,       12.63,      132.85,        9.87,       36.38,        5.98,       22.46,        7.03,        5.88,        9.71,        0.07,        7.45,        1.91,        2.60,        0.01,           0,        0.04,           0,        0.09,           0,           0,           0,           0,           0,           0,           0,           0,           0
        18,        13,      182.73,       34.73,        3.09,       37.74,        0.03,        0.06,           0,       36.03,       45.98,           0,           0,           0,       23.07,        2.12,           0,           0,           0,        0.09,       40.83,       81.91,           0,       37.74,       41.62,        6.91,       38.87,        2.90,        9.76,        1.22,        6.18,        2.04,        1.74,        2.13,        0.01,        1.27,        0.33,        0.51,           0,           0,           0,           0,           0,           0,           0,           0,           0,           0,           0,           0,           0,           0
        18,        14,     1455.59,      198.61,       21.84,      254.04,        8.79,       18.00,       19.00,      256.74,      381.54,           0,           0,           0,      285.75,       11.55,        0.04,           0,           0,       26.79,      275.82,      638.15,           0,      254.04,      227.40,       28.60,      279.27,       22.54,      216.34,       10.31,       33.23,        8.90,        4.71,       12.26,        0.12,        7.39,        2.23,        1.81,           0,           0,           0,           0,        0.04,           0,           0,           0,           0,           0,           0,           0,           0,           0
        18,        15,       50.39,        3.30,           0,        3.23,        1.19,        0.42,           0,       16.28,       17.50,           0,           0,           0,        6.55,        2.01,           0,           0,           0,        1.61,        3.23,       33.73,           0,        3.23,        3.51,        0.23,       17.00,        0.75,           0,        0.73,        3.22,        0.85,        0.48,        1.27,           0,        1.53,        0.13,        0.35,           0,           0,           0,           0,           0,           0,           0,           0,           0,           0,           0,           0,           0,           0
        18,        16,      499.52,       54.34,        2.29,       50.55,        4.30,        5.55,           0,      129.96,      167.73,           0,           0,           0,       76.42,        8.91,        0.09,           0,           0,        9.85,       52.82,      297.47,           0,       50.55,       62.54,        8.49,      139.80,        9.93,       31.88,        5.24,       21.23,        6.20,        3.97,        7.91,        0.02,        5.66,        1.47,        1.76,           0,           0,        0.09,           0,           0,           0,           0,           0,           0,           0,           0,           0,           0,           0
        18,        17,     1122.70,       98.75,       14.06,      184.97,       11.67,       22.60,           0,      191.32,      317.02,           0,           0,           0,      271.72,       10.45,        0.18,           0,           0,       34.27,      199.02,      508.40,           0,      184.97,      115.96,       17.27,      205.12,       13.70,      211.21,        8.02,       29.42,        7.22,        4.53,       11.32,        0.05,        7.05,        1.74,        1.61,           0,           0,        0.16,           0,        0.02,           0,           0,           0,           0,           0,           0,           0,           0,           0
        18,        18,     6431.57,       88.40,      263.35,      765.66,       12.90,           0,           0,      757.42,     2401.38,           0,           0,           0,     2134.36,        8.00,        0.15,           0,           0,       12.90,     1029.00,     3158.77,           0,      765.66,       96.51,        8.13,      807.67,       50.25,     1990.91,       24.26,       57.37,       12.71,       18.97,       30.12,        0.15,        2.24,        3.80,        1.75,        0.02,        0.04,        0.08,           0,        0.07,           0,           0,           0,           0,           0,           0,           0,           0,           0
        18,        19,        5.22,        0.18,           0,        0.01,        0.10,           0,           0,        1.81,        1.85,           0,           0,           0,        1.08,        0.23,           0,           0,           0,        0.10,        0.01,        3.63,           0,        0.01,        0.18,        0.02,        1.83,        0.02,           0,        0.08,        0.67,        0.15,        0.01,        0.17,           0,           0,        0.23,           0,           0,           0,           0,           0,           0,           0,           0,           0,           0,           0,           0,           0,           0,           0
        18,        20,      164.98,       10.88,        0.50,        7.05,        2.72,        0.40,           0,       52.42,       60.37,           0,           0,           0,       24.78,        6.55,           0,           0,           0,        3.12,        7.55,      112.34,           0,        7.05,       12.49,        1.74,       55.94,        3.78,        0.01,        2.46,       11.82,        4.12,        2.42,        3.96,           0,        0.02,        6.42,        0.11,           0,           0,           0,           0,           0,           0,           0,           0,           0,           0,           0,           0,           0,           0
        18,        21,      144.42,        6.03,        0.17,        6.40,        0.18,           0,       58.00,       26.56,       26.56,           0,           0,           0,       16.35,        4.31,           0,           0,           0,        0.18,        6.57,       53.06,           0,        6.40,        6.57,        0.59,       28.90,        2.40,           0,        1.68,        7.59,        2.98,        1.63,        2.48,           0,        0.02,        4.18,        0.10,           0,        0.01,           0,           0,           0,           0,           0,           0,           0,           0,           0,           0,           0,           0
        18,        22,       18.46,        0.93,        0.01,        0.16,           0,           0,           0,        6.11,        5.16,           0,           0,           0,        4.82,        1.29,           0,           0,           0,           0,        0.17,       11.26,           0,        0.16,        0.96,        0.04,        6.35,        0.26,           0,        0.24,        2.38,        1.10,        0.52,        0.58,           0,           0,        1.28,        0.01,           0,           0,           0,           0,           0,           0,           0,           0,           0,           0,           0,           0,           0,           0
        18,        23,        0.03,        0.01,           0,           0,           0,           0,           0,        0.01,        0.01,           0,           0,           0,           0,           0,           0,           0,           0,           0,           0,        0.02,           0,           0,        0.01,           0,        0.01,           0,           0,           0,           0,           0,           0,           0,           0,           0,           0,           0,           0,           0,           0,           0,           0,           0,           0,           0,           0,           0,           0,           0,           0,           0
        18,        24,        0.02,           0,           0,           0,           0,           0,           0,        0.01,        0.01,           0,           0,           0,           0,           0,           0,           0,           0,           0,           0,        0.02,           0,           0,           0,           0,        0.01,           0,           0,           0,           0,           0,           0,           0,           0,           0,           0,           0,           0,           0,           0,           0,           0,           0,           0,           0,           0,           0,           0,           0,           0,           0
        18,        25,        0.81,        0.02,        0.06,        0.02,           0,           0,           0,        0.28,        0.24,           0,           0,           0,        0.17,        0.03,           0,           0,           0,           0,        0.08,        0.52,           0,        0.02,        0.02,           0,        0.29,        0.02,           0,        0.01,        0.07,        0.03,        0.03,        0.03,           0,           0,        0.03,           0,           0,           0,           0,           0,           0,           0,           0,           0,           0,           0,           0,           0,           0,           0
        18,        26,           0,           0,           0,           0,           0,           0,           0,           0,           0,           0,           0,           0,           0,           0,           0,           0,           0,           0,           0,           0,           0,           0,           0,           0,           0,           0,           0,           0,           0,           0,           0,           0,           0,           0,           0,           0,           0,           0,           0,           0,           0,           0,           0,           0,           0,           0,           0,           0,           0,           0
        18,        27,       21.68,           0,           0,           0,           0,           0,           0,           0,           0,       18.88,           0,           0,           0,           0,           0,        1.36,        1.44,           0,           0,           0,           0,           0,           0,           0,           0,           0,           0,           0,           0,           0,           0,           0,           0,           0,           0,           0,           0,           0,           0,           0,           0,           0,           0,           0,        1.36,           0,           0,        1.44,           0,           0
        19,         1,        0.15,           0,           0,           0,           0,           0,           0,           0,           0,           0,           0,           0,           0,           0,        0.15,           0,           0,           0,           0,           0,           0,           0,           0,           0,           0,           0,           0,           0,           0,           0,           0,           0,           0,           0,           0,           0,           0,           0,           0,           0,           0,        0.07,        0.08,           0,           0,           0,           0,           0,           0,           0
        19,         2,           0,           0,           0,           0,           0,           0,           0,           0,           0,           0,           0,           0,           0,           0,           0,           0,           0,           0,           0,           0,           0,           0,           0,           0,           0,           0,           0,           0,           0,           0,           0,           0,           0,           0,           0,           0,           0,           0,           0,           0,           0,           0,           0,           0,           0,           0,           0,           0,           0,           0
        19,         3,           0,           0,           0,           0,           0,           0,           0,           0,           0,           0,           0,           0,           0,           0,           0,           0,           0,           0,           0,           0,           0,           0,           0,           0,           0,           0,           0,           0,           0,           0,           0,           0,           0,           0,           0,           0,           0,           0,           0,           0,           0,           0,           0,           0,           0,           0,           0,           0,           0,           0
        19,         4,       20.95,       18.12,           0,        1.01,           0,           0,           0,           0,           0,           0,           0,           0,        0.06,        0.79,        1.03,           0,           0,           0,        1.01,           0,           0,        1.01,       19.03,        1.03,           0,           0,           0,           0,        0.04,        0.02,           0,           0,           0,           0,        0.79,           0,           0,           0,           0,        0.12,           0,        0.25,        0.30,        0.36,           0,           0,           0,           0,           0,           0
        19,         5,       53.16,       42.86,           0,        6.92,           0,           0,           0,        0.03,           0,           0,           0,           0,        0.38,        2.79,        0.65,           0,           0,           0,        6.92,        0.03,           0,        6.92,       45.36,        3.22,        0.03,           0,           0,           0,        0.25,        0.13,           0,           0,           0,           0,        2.79,           0,           0,           0,           0,        0.11,           0,        0.09,        0.13,        0.32,           0,           0,           0,           0,           0,           0
        19,         6,           0,           0,           0,           0,           0,           0,           0,           0,           0,           0,           0,           0,           0,           0,           0,           0,           0,           0,           0,           0,           0,           0,           0,           0,           0,           0,           0,           0,           0,           0,           0,           0,           0,           0,           0,           0,           0,           0,           0,           0,           0,           0,           0,           0,           0,           0,           0,           0,           0,           0
        19,         7,           0,           0,           0,           0,           0,           0,           0,           0,           0,           0,           0,           0,           0,           0,           0,           0,           0,           0,           0,           0,           0,           0,           0,           0,           0,           0,           0,           0,           0,           0,           0,           0,           0,           0,           0,           0,           0,           0,           0,           0,           0,           0,           0,           0,           0,           0,           0,           0,           0,           0
        19,         8,      268.82,      155.37,        7.40,       96.43,           0,           0,           0,        2.73,        0.85,           0,           0,           0,        6.15,        2.49,        0.01,           0,           0,           0,      103.39,        3.56,           0,       96.43,      175.38,       21.43,        2.74,        0.03,           0,           0,        4.68,        0.92,        0.03,        0.52,           0,           0,        2.42,           0,           0,        0.07,           0,           0,           0,           0,           0,        0.01,           0,           0,           0,           0,           0,           0
        19,         9,      783.71,      280.60,      144.89,      308.34,        0.93,           0,           0,       13.93,       15.77,           0,           0,           0,       14.52,        6.66,           0,           0,           0,        0.93,      451.59,       29.65,           0,      308.34,      322.31,       40.88,       13.95,        0.05,           0,        0.50,       10.41,        1.63,        0.10,        1.88,           0,           0,        6.18,           0,           0,        0.48,           0,           0,           0,           0,           0,           0,           0,           0,           0,           0,           0,           0
        19,        10,        0.12,           0,           0,        0.12,           0,           0,           0,           0,           0,           0,           0,           0,           0,           0,           0,           0,           0,           0,        0.12,           0,           0,        0.12,           0,           0,           0,           0,           0,           0,           0,           0,           0,           0,           0,           0,           0,           0,           0,           0,           0,           0,           0,           0,           0,           0,           0,           0,           0,           0,           0,           0
        19,        11,     1094.39,      459.62,      174.96,      415.31,        1.64,        0.07,           0,       13.91,       11.08,           0,           0,           0,       13.52,        4.63,        0.22,           0,           0,        1.71,      590.37,       24.93,           0,      415.31,      519.35,       59.49,       14.18,        0.36,           0,        1.31,        8.57,        1.42,        0.10,        2.13,           0,        0.23,        4.30,        0.04,           0,        0.06,        0.02,        0.06,           0,        0.05,        0.05,        0.04,           0,           0,           0,           0,           0,           0
        19,        12,     4214.46,     1529.71,      582.82,     1863.00,        8.32,        4.85,           0,       75.95,       80.21,           0,           0,           0,       57.81,       18.47,        0.68,           0,           0,       13.17,     2445.92,      155.34,       79.00,     1784.00,     1757.27,      229.59,       77.49,        1.92,           0,        5.71,       35.89,        6.00,        0.60,        9.67,           0,        0.95,       17.26,        0.13,        0.01,        0.13,        0.03,        0.26,           0,        0.15,        0.12,        0.12,           0,           0,           0,           0,           0,           0
        19,        13,     1602.02,      492.55,      358.02,      699.88,        0.03,           0,           0,       16.49,       19.89,           0,           0,           0,       12.84,        2.58,           0,           0,           0,        0.03,     1057.99,       36.33,           0,      699.88,      598.23,      104.59,       16.59,        0.14,           0,        0.75,        8.98,        1.42,        0.10,        1.59,           0,        0.11,        2.47,           0,           0,           0,           0,           0,           0,           0,           0,           0,           0,           0,           0,           0,           0,           0
        19,        14,     5432.53,     1781.69,      868.27,     2539.64,        4.73,        1.99,           0,       85.67,       98.84,           0,           0,           0,       47.53,       12.15,        0.07,           0,           0,        6.72,     3407.30,      183.37,           0,     2539.64,     2049.70,      268.61,       88.88,        3.69,           0,        6.17,       31.85,        3.97,        0.17,        5.50,           0,        0.62,       11.45,        0.02,           0,        0.07,           0,        0.05,           0,        0.01,           0,        0.01,           0,           0,           0,           0,           0,           0
        19,        15,     1118.83,      333.40,       15.05,      613.87,       14.49,       23.12,           0,       44.55,       55.04,           0,           0,           0,       19.51,        4.18,        0.13,           0,           0,       37.49,      628.75,       99.32,           0,      613.87,      371.64,       39.67,       45.48,        1.03,        0.67,        1.46,       13.61,        0.86,        0.08,        2.84,           0,        0.39,        3.76,        0.02,           0,        0.01,        0.06,        0.02,           0,        0.02,        0.01,        0.02,           0,           0,           0,           0,           0,           0
        19,        16,     7683.62,     2551.96,      767.42,     3642.20,       37.61,      103.86,        9.00,      208.21,      269.98,           0,           0,           0,       89.55,       22.56,        0.64,           0,           0,      140.98,     4407.90,      475.79,           0,     3642.20,     2988.96,      443.35,      217.18,       10.02,        0.45,        8.50,       57.94,        7.25,        0.58,       14.90,           0,        0.94,       21.46,        0.09,           0,        0.07,        0.38,        0.12,           0,        0.09,        0.02,        0.03,           0,           0,           0,           0,           0,           0
        19,        17,     4926.44,     1421.18,      633.21,     2470.34,       11.12,       47.78,           0,      125.34,      160.28,           0,           0,           0,       58.70,       13.39,        0.24,           0,           0,       58.87,     3102.90,      283.13,           0,     2470.34,     1671.06,      254.81,      129.65,        5.43,        0.05,        5.08,       39.24,        5.02,        0.35,        9.01,           0,        0.49,       12.83,        0.03,           0,        0.04,        0.20,        0.03,           0,        0.01,           0,           0,           0,           0,           0,           0,           0,           0
        19,        18,      121.18,       15.77,       75.05,       24.54,           0,           0,           0,        2.34,        2.20,           0,           0,           0,        1.16,        0.23,           0,           0,           0,           0,       99.50,        4.52,           0,       24.54,       16.91,        1.10,        2.34,        0.03,           0,        0.12,        0.69,        0.15,        0.01,        0.19,           0,           0,        0.23,           0,           0,           0,           0,           0,           0,           0,           0,           0,           0,           0,           0,           0,           0,           0
        19,        19,    80891.02,     3246.89,      703.22,    38432.60,     6396.65,     6433.54,           0,     1435.72,     3698.32,           0,           0,           0,    20012.45,      524.76,        4.76,           0,           0,    12830.19,    39135.73,     5134.84,           0,    38432.60,     3979.08,      731.29,     1509.48,       73.22,    19389.73,      114.83,      338.29,       32.45,        3.06,      133.81,        0.01,        1.07,      497.54,        0.25,        0.54,       25.30,        2.15,        0.66,        0.03,        0.54,        0.48,        0.90,           0,           0,           0,           0,           0,           0
        19,        20,    38398.52,     6515.00,     6315.68,    20023.13,      938.92,      945.54,       25.00,      787.16,     1856.07,           0,           0,           0,      615.64,      391.92,        0.99,           0,           0,     1884.07,    26334.34,     2640.53,           0,    20023.13,     7876.37,     1361.62,      837.01,       50.96,      271.94,       50.97,      202.45,       23.66,        1.58,       65.37,           0,           0,      376.91,           0,        0.11,       14.94,        0.25,        0.39,        0.02,        0.26,        0.04,        0.03,           0,           0,           0,           0,           0,           0
        19,        21,     7554.94,     2252.48,      848.17,     3188.86,       15.97,       32.43,      564.00,      201.36,      224.98,           0,           0,           0,       82.74,      151.15,        0.42,           0,           0,       48.36,     4036.19,      425.29,       16.00,     3172.86,     2661.55,      411.21,      217.79,       17.09,           0,        9.41,       53.50,        6.78,        0.54,       12.52,           0,        0.02,      145.74,        0.01,        0.05,        5.33,        0.10,        0.17,           0,        0.11,        0.03,        0.01,           0,           0,           0,           0,           0,           0
        19,        22,     1092.48,      315.79,      291.40,      339.73,        5.27,        2.64,           0,       31.93,       35.51,           0,           0,           0,       16.85,       53.98,        0.12,           0,           0,        7.91,      631.09,       67.37,           0,      339.73,      364.43,       49.00,       32.59,        0.71,        0.01,        1.04,       12.67,        1.45,        0.09,        1.59,           0,           0,       52.29,           0,        0.01,        1.68,        0.01,        0.06,           0,        0.05,           0,           0,           0,           0,           0,           0,           0,           0
        19,        23,       37.97,       10.86,           0,        6.89,        0.12,           0,           0,        0.42,        0.54,           0,           0,           0,       18.74,        0.40,           0,           0,           0,        0.12,        6.89,        0.96,           0,        6.89,       14.52,        3.64,        0.42,           0,       18.60,           0,        0.14,           0,           0,           0,           0,           0,        0.40,           0,           0,           0,           0,           0,           0,           0,           0,           0,           0,           0,           0,           0,           0,           0
        19,        24,        7.87,        1.12,           0,        2.76,           0,           0,           0,           0,        0.05,           0,           0,           0,        3.94,           0,           0,           0,           0,           0,        2.76,        0.05,           0,        2.76,        1.12,           0,           0,           0,        3.94,           0,           0,           0,           0,           0,           0,           0,           0,           0,           0,           0,           0,           0,           0,           0,           0,           0,           0,           0,           0,           0,           0,           0
        19,        25,      176.16,        6.26,      136.63,       27.30,           0,           0,           0,        1.69,        2.08,           0,           0,           0,        0.87,        1.39,           0,           0,           0,           0,      163.94,        3.77,           0,       27.30,        6.82,        0.56,        1.75,        0.06,           0,        0.08,        0.56,        0.10,        0.01,        0.12,           0,           0,        1.34,           0,           0,        0.05,           0,           0,           0,           0,           0,           0,           0,           0,           0,           0,           0,           0
        19,        26,      100.37,           0,           0,           0,           0,           0,           0,           0,           0,           0,           0,           0,      100.37,           0,           0,           0,           0,           0,           0,           0,           0,           0,           0,           0,           0,           0,      100.37,           0,           0,           0,           0,           0,           0,           0,           0,           0,           0,           0,           0,           0,           0,           0,           0,           0,           0,           0,           0,           0,           0,           0
        19,        27,      451.93,           0,           0,           0,           0,           0,           0,           0,           0,      383.15,           0,           0,           0,           0,           0,        8.37,       60.45,           0,           0,           0,           0,           0,           0,           0,           0,           0,           0,           0,           0,           0,           0,           0,           0,           0,           0,           0,           0,           0,           0,           0,           0,           0,           0,           0,        8.37,           0,           0,       60.45,           0,           0
        20,         1,       22.01,        1.30,           0,           0,           0,           0,           0,           0,           0,           0,           0,           0,        0.17,        2.11,       18.43,           0,           0,           0,           0,           0,           0,           0,        1.31,        0.02,           0,           0,           0,           0,           0,        0.17,           0,           0,           0,           0,        2.11,           0,           0,           0,           0,        0.86,        7.28,        2.20,        2.55,        5.54,           0,           0,           0,           0,           0,           0
        20,         2,        0.05,           0,           0,           0,           0,           0,           0,           0,           0,           0,           0,           0,           0,           0,        0.05,           0,           0,           0,           0,           0,           0,           0,           0,           0,           0,           0,           0,           0,           0,           0,           0,           0,           0,           0,           0,           0,           0,           0,           0,           0,        0.05,           0,           0,           0,           0,           0,           0,           0,           0,           0
        20,         3,           0,           0,           0,           0,           0,           0,           0,           0,           0,           0,           0,           0,           0,           0,           0,           0,           0,           0,           0,           0,           0,           0,           0,           0,           0,           0,           0,           0,           0,           0,           0,           0,           0,           0,           0,           0,           0,           0,           0,           0,           0,           0,           0,           0,           0,           0,           0,           0,           0,           0
        20,         4,      508.72,      201.38,        0.19,       45.75,           0,           0,           0,       14.88,        4.68,           0,           0,           0,       41.55,      134.86,       66.61,           0,           0,           0,       45.94,       19.52,           0,       45.75,      213.00,       13.15,       14.88,        0.01,           0,        0.32,       21.83,       14.57,        1.27,        3.57,           0,        0.65,      124.78,        0.01,        2.33,        7.14,           0,       10.98,       23.06,        7.00,        9.07,       16.50,           0,           0,           0,           0,           0,           0
        20,         5,      966.23,      358.15,        1.13,      173.62,        0.03,           0,       60.00,       45.65,       16.84,           0,           0,           0,       79.98,      180.57,       55.83,           0,           0,        0.03,      174.73,       61.92,           0,      173.62,      383.34,       28.05,       46.50,        1.17,           0,        2.10,       42.37,       22.48,        3.76,        9.33,           0,        0.79,      165.50,        0.01,        2.58,       11.79,           0,        7.67,       30.93,        3.08,        3.67,       10.48,           0,           0,           0,           0,           0,           0
        20,         6,           0,           0,           0,           0,           0,           0,           0,           0,           0,           0,           0,           0,           0,           0,           0,           0,           0,           0,           0,           0,           0,           0,           0,           0,           0,           0,           0,           0,           0,           0,           0,           0,           0,           0,           0,           0,           0,           0,           0,           0,           0,           0,           0,           0,           0,           0,           0,           0,           0,           0
        20,         7,           0,           0,           0,           0,           0,           0,           0,           0,           0,           0,           0,           0,           0,           0,           0,           0,           0,           0,           0,           0,           0,           0,           0,           0,           0,           0,           0,           0,           0,           0,           0,           0,           0,           0,           0,           0,           0,           0,           0,           0,           0,           0,           0,           0,           0,           0,           0,           0,           0,           0
        20,         8,     2346.66,      908.25,       14.07,      658.07,        1.22,           0,        6.00,      206.77,      149.02,           0,           0,           0,      280.85,      127.90,        0.61,           0,           0,        1.22,      671.70,      354.05,           0,      658.07,     1032.02,      124.22,      213.97,        8.18,           0,       16.06,      157.88,       56.35,       11.82,       38.90,           0,        0.15,      108.97,           0,        0.97,       17.85,           0,        0.12,        0.30,        0.04,        0.05,        0.10,           0,           0,           0,           0,           0,           0
        20,         9,     3924.48,     1353.62,      117.38,     1223.48,        5.74,        0.13,           0,      346.88,      354.38,           0,           0,           0,      352.04,      178.44,        1.01,           0,           0,        5.87,     1340.52,      698.68,           0,     1223.48,     1547.60,      195.01,      358.89,       13.89,           0,       33.44,      188.86,       61.58,       17.19,       51.00,           0,        0.06,      143.43,           0,        1.60,       33.35,        0.03,        0.07,        0.89,        0.02,           0,           0,           0,           0,           0,           0,           0,           0
        20,        10,        1.32,           0,           0,        1.32,           0,           0,           0,           0,           0,           0,           0,           0,           0,           0,           0,           0,           0,           0,        1.32,           0,           0,        1.32,           0,           0,           0,           0,           0,           0,           0,           0,           0,           0,           0,           0,           0,           0,           0,           0,           0,           0,           0,           0,           0,           0,           0,           0,           0,           0,           0,           0
        20,        11,     4742.48,     2207.71,      133.95,     1574.40,        2.98,        4.98,           0,      269.70,      195.06,           0,           0,           0,      243.95,      106.45,       12.80,           0,           0,        7.96,     1708.38,      462.20,           0,     1574.40,     2491.07,      286.01,      283.08,       14.57,           0,       29.37,      122.07,       36.96,       12.74,       42.98,        2.32,       15.52,       81.55,        2.88,        0.92,        3.31,        1.62,        2.63,        3.90,        2.16,        1.09,        1.40,           0,           0,           0,           0,           0,           0
        20,        12,    27858.38,    10440.19,      417.77,    11188.46,       23.31,       74.88,      232.00,     1912.56,     1901.62,           0,           0,           0,     1242.76,      486.03,       45.13,           0,           0,       98.06,    11605.81,     3791.23,     2159.00,     9029.46,    11992.43,     1586.51,     2019.28,      119.39,        0.35,      138.90,      616.47,      184.24,       73.93,      229.75,       14.34,       60.28,      389.34,       10.98,        1.79,        9.39,        4.38,        9.76,       16.27,        6.84,        3.26,        4.62,           0,           0,           0,           0,           0,           0
        20,        13,     8213.54,     3165.22,      268.69,     3402.32,        0.05,        0.48,       46.00,      474.99,      498.01,           0,           0,           0,      301.42,       84.81,        2.63,           0,           0,        0.53,     3671.02,      965.53,           0,     3402.32,     3818.28,      666.46,      496.92,       26.20,           0,       25.92,      159.36,       49.56,       20.99,       45.73,        2.42,        7.03,       73.67,        0.48,        0.01,        1.21,        0.98,        0.10,        1.41,        0.07,        0.01,        0.06,           0,           0,           0,           0,           0,           0
        20,        14,    34548.51,    12829.86,      644.29,    13340.40,       17.30,       94.83,     1061.00,     2452.11,     2631.26,           0,           0,           0,     1211.99,      400.44,       10.42,           0,           0,      112.05,    13983.59,     5056.27,           0,    13340.40,    14749.54,     1970.24,     2603.03,      165.48,        0.75,      161.60,      642.80,      174.40,       42.81,      190.20,        9.02,       42.08,      341.83,        2.69,        0.11,        4.81,        0.33,        1.69,        7.35,        0.40,        0.06,        0.59,           0,           0,           0,           0,           0,           0
        20,        15,     6926.01,     1901.32,       16.01,     2814.95,       51.17,      123.00,           0,      704.62,      881.89,           0,           0,           0,      352.79,      100.37,        4.02,           0,           0,      173.79,     2830.67,     1581.95,           0,     2814.95,     2120.03,      225.31,      731.27,       28.24,       27.99,       36.35,      187.03,       34.13,        8.91,       58.51,        0.70,       18.14,       78.67,        2.30,        0.01,        0.55,        1.08,        0.51,        1.03,        0.41,        0.12,        0.87,           0,           0,           0,           0,           0,           0
        20,        16,    56826.45,    18648.80,     1322.36,    23175.89,      220.56,      817.35,      151.00,     4126.65,     5855.77,           0,           0,           0,     1995.06,      575.00,       38.44,           0,           0,     1036.23,    24490.33,     9960.59,           0,    23175.89,    21944.63,     3318.41,     4416.99,      300.36,      155.71,      231.41,      968.47,      228.11,       76.43,      339.22,       18.10,       73.70,      466.43,        9.72,        0.30,        6.99,       14.15,        3.90,       14.38,        2.50,        0.84,        2.67,           0,           0,           0,           0,           0,           0
        20,        17,    45948.66,    13205.61,     1076.45,    21087.53,       95.93,      548.01,           0,     3258.94,     4683.01,           0,           0,           0,     1634.24,      419.74,       20.11,           0,           0,      643.61,    22156.79,     7923.58,           0,    21087.53,    15587.43,     2396.49,     3472.72,      223.21,      161.10,      182.85,      782.26,      184.95,       60.08,      265.68,       13.37,       46.57,      350.06,        5.07,        0.16,        4.60,        8.79,        0.94,        9.00,        0.52,        0.09,        0.77,           0,           0,           0,           0,           0,           0
        20,        18,      412.35,      101.15,       59.27,      114.60,           0,           0,           0,       57.01,       49.41,           0,           0,           0,       26.45,        5.66,           0,           0,           0,           0,      173.83,      106.03,           0,      114.60,      108.02,        7.28,       59.10,        2.35,        0.02,        2.77,       12.59,        4.27,        2.53,        4.27,           0,        0.02,        5.53,        0.11,           0,           0,           0,           0,           0,           0,           0,           0,           0,           0,           0,           0,           0,           0
        20,        19,    17557.94,     1643.49,      212.46,     9031.97,     1040.94,     2356.04,           0,      737.62,     1578.87,           0,           0,           0,      598.78,      373.67,        0.95,           0,           0,     3396.98,     9244.32,     2312.53,           0,     9031.97,     2000.52,      362.66,      761.97,       24.98,      259.95,       49.45,      199.93,       23.75,        1.61,       64.59,           0,           0,      359.17,           0,        0.11,       14.41,        0.19,        0.40,        0.02,        0.26,        0.05,        0.03,           0,           0,           0,           0,           0,           0
        20,        20,   986669.93,    87849.13,    88852.74,   446817.02,    47630.39,    45780.30,      299.00,    49203.13,   137196.23,           0,           0,           0,    61792.80,    21013.48,      386.33,           0,           0,    93407.96,   535648.29,   186366.31,           0,   446817.02,   106371.60,    18527.42,    53729.52,     4535.53,    42939.68,     3399.54,     9177.59,     1764.26,      752.39,     3789.58,      141.10,       68.28,    19008.34,       21.53,      106.14,     1672.57,       30.37,       91.41,      145.00,       41.87,       24.35,       53.38,           0,           0,           0,           0,           0,           0
        20,        21,   123792.10,    29053.73,     4796.71,    48849.10,      803.56,     1044.32,     6847.00,     8839.95,    14598.99,           0,           0,           0,     4201.16,     4739.24,       73.65,           0,           0,     1847.32,    53634.25,    23428.24,      106.00,    48743.10,    34418.53,     5365.22,     9788.19,      952.88,      686.95,      571.06,     1757.44,      397.63,      134.42,      656.65,       28.72,       14.44,     4325.58,        4.55,       23.95,      342.55,       11.40,       17.36,       21.61,        9.43,        4.38,        9.47,           0,           0,           0,           0,           0,           0
        20,        22,    11900.13,     3823.28,      236.46,     2635.27,       23.39,      129.77,           0,     1447.08,     1548.38,           0,           0,           0,      670.23,     1378.48,       10.33,           0,           0,      153.16,     2871.61,     2994.77,           0,     2635.27,     4439.52,      613.96,     1546.51,       99.09,        6.20,       62.37,      377.77,       94.30,       26.90,      102.64,        2.17,        0.36,     1278.23,        0.14,        3.42,       94.16,        1.30,        3.84,        0.72,        3.09,        0.67,        0.71,           0,           0,           0,           0,           0,           0
        20,        23,      128.38,       56.87,           0,       28.18,        0.19,           0,           0,        8.76,        9.12,           0,           0,           0,       16.82,        8.46,           0,           0,           0,        0.19,       28.18,       17.88,           0,       28.18,       75.11,       18.26,        8.81,        0.05,       14.35,        0.08,        2.19,        0.06,           0,        0.14,           0,           0,        8.40,           0,           0,        0.06,           0,           0,           0,           0,           0,           0,           0,           0,           0,           0,           0,           0
        20,        24,      171.92,        6.92,           0,       81.15,           0,           0,           0,        2.06,        8.31,           0,           0,           0,       72.60,        0.96,           0,           0,           0,           0,       81.15,       10.37,           0,       81.15,        6.93,        0.01,        2.06,           0,       72.01,        0.05,        0.46,           0,           0,        0.08,           0,           0,        0.96,           0,           0,           0,           0,           0,           0,           0,           0,           0,           0,           0,           0,           0,           0,           0
        20,        25,      652.52,       78.76,      113.00,      219.21,           0,           0,           0,       69.23,       83.74,           0,           0,           0,       51.26,       37.59,           0,           0,           0,           0,      332.14,      152.88,           0,      219.21,       87.29,        8.38,       74.18,        5.03,       26.47,        3.14,       12.30,        3.06,        1.80,        4.49,           0,           0,       34.55,           0,        0.18,        2.86,           0,           0,           0,           0,           0,           0,           0,           0,           0,           0,           0,           0
        20,        26,       28.74,           0,           0,        0.05,           0,           0,           0,           0,           0,           0,           0,           0,       28.69,           0,           0,           0,           0,           0,        0.05,           0,           0,        0.05,           0,           0,           0,           0,       28.69,           0,           0,           0,           0,           0,           0,           0,           0,           0,           0,           0,           0,           0,           0,           0,           0,           0,           0,           0,           0,           0,           0,           0
        20,        27,     6306.12,           0,           0,           0,           0,           0,           0,           0,           0,     5012.01,           0,           0,           0,           0,           0,      622.05,      673.71,           0,           0,           0,           0,           0,           0,           0,           0,           0,           0,           0,           0,           0,           0,           0,           0,           0,           0,           0,           0,           0,           0,           0,           0,           0,           0,           0,      622.05,           0,           0,      673.71,           0,           0
        21,         1,        4.46,           0,           0,           0,           0,           0,           0,           0,           0,           0,           0,           0,           0,           0,        4.46,           0,           0,           0,           0,           0,           0,           0,           0,           0,           0,           0,           0,           0,           0,           0,           0,           0,           0,           0,           0,           0,           0,           0,           0,        0.05,        0.68,        1.35,        1.56,        0.82,           0,           0,           0,           0,           0,           0
        21,         2,           0,           0,           0,           0,           0,           0,           0,           0,           0,           0,           0,           0,           0,           0,           0,           0,           0,           0,           0,           0,           0,           0,           0,           0,           0,           0,           0,           0,           0,           0,           0,           0,           0,           0,           0,           0,           0,           0,           0,           0,           0,           0,           0,           0,           0,           0,           0,           0,           0,           0
        21,         3,           0,           0,           0,           0,           0,           0,           0,           0,           0,           0,           0,           0,           0,           0,           0,           0,           0,           0,           0,           0,           0,           0,           0,           0,           0,           0,           0,           0,           0,           0,           0,           0,           0,           0,           0,           0,           0,           0,           0,           0,           0,           0,           0,           0,           0,           0,           0,           0,           0,           0
        21,         4,      113.23,       29.60,           0,        0.05,           0,           0,           0,        0.10,           0,           0,           0,           0,        8.42,       26.11,       49.35,           0,           0,           0,        0.05,        0.10,           0,        0.05,       30.27,        1.37,        0.10,           0,           0,           0,        2.40,        5.59,        0.01,        0.41,           0,        0.14,       24.81,           0,        0.47,        0.72,           0,        4.73,       19.76,        4.55,        5.76,       14.55,           0,           0,           0,           0,           0,           0
        21,         5,      210.65,       70.41,           0,        2.06,           0,           0,       20.00,        1.16,           0,           0,           0,           0,       22.77,       51.69,       43.52,           0,           0,           0,        2.06,        1.16,           0,        2.06,       72.88,        3.85,        1.16,           0,           0,           0,        9.13,       11.37,        0.35,        1.96,           0,        0.17,       49.13,           0,        0.65,        1.75,           0,        3.39,       26.04,        1.58,        2.18,       10.33,           0,           0,           0,           0,           0,           0
        21,         6,           0,           0,           0,           0,           0,           0,           0,           0,           0,           0,           0,           0,           0,           0,           0,           0,           0,           0,           0,           0,           0,           0,           0,           0,           0,           0,           0,           0,           0,           0,           0,           0,           0,           0,           0,           0,           0,           0,           0,           0,           0,           0,           0,           0,           0,           0,           0,           0,           0,           0
        21,         7,           0,           0,           0,           0,           0,           0,           0,           0,           0,           0,           0,           0,           0,           0,           0,           0,           0,           0,           0,           0,           0,           0,           0,           0,           0,           0,           0,           0,           0,           0,           0,           0,           0,           0,           0,           0,           0,           0,           0,           0,           0,           0,           0,           0,           0,           0,           0,           0,           0,           0
        21,         8,      581.05,      273.25,        0.02,       55.22,           0,           0,        2.00,       52.33,       12.42,           0,           0,           0,      134.39,       54.01,        0.45,           0,           0,           0,       55.24,       64.15,           0,       55.22,      300.72,       30.68,       53.41,        1.64,           0,        1.79,       74.92,       35.07,        4.86,       18.09,           0,        0.12,       47.95,        0.02,        0.39,        5.57,           0,        0.01,        0.24,           0,        0.03,        0.17,           0,           0,           0,           0,           0,           0
        21,         9,     1453.88,      485.15,        2.60,      239.65,        0.97,           0,           0,      220.02,      161.41,           0,           0,           0,      241.16,      104.93,        0.71,           0,           0,        0.97,      242.23,      380.20,           0,      239.65,      549.24,       63.49,      228.91,        9.57,           0,       19.55,      131.97,       44.87,       11.05,       33.99,           0,        0.23,       86.42,        0.05,        0.97,       17.29,           0,        0.01,        0.65,           0,           0,        0.05,           0,           0,           0,           0,           0,           0
        21,        10,        0.01,           0,           0,        0.01,           0,           0,           0,           0,           0,           0,           0,           0,           0,           0,           0,           0,           0,           0,        0.01,           0,           0,        0.01,           0,           0,           0,           0,           0,           0,           0,           0,           0,           0,           0,           0,           0,           0,           0,           0,           0,           0,           0,           0,           0,           0,           0,           0,           0,           0,           0,           0
        21,        11,     1423.55,      683.82,        8.46,      274.89,        0.52,           0,           0,      141.85,       76.28,           0,           0,           0,      162.73,       68.44,        7.72,           0,           0,        0.52,      283.35,      217.56,           0,      274.89,      770.19,       84.84,      149.77,        8.43,           0,       18.33,       81.74,       26.60,        8.86,       27.40,        0.84,       15.06,       47.54,        2.66,        0.54,        1.83,        0.38,        1.43,        3.08,        0.99,        0.66,        1.18,           0,           0,           0,           0,           0,           0
        21,        12,     8010.50,     2487.00,       15.26,     2758.22,        8.78,        1.01,      111.00,      873.47,      654.14,           0,           0,           0,      791.24,      295.72,       28.68,           0,           0,        9.80,     2773.49,     1522.53,     1456.00,     1302.22,     2836.91,      351.35,      921.63,       51.37,           0,       92.41,      386.60,      128.52,       49.53,      134.63,        6.50,       61.26,      212.26,        9.52,        1.27,        5.01,        1.64,        5.66,       12.62,        3.29,        1.93,        3.54,           0,           0,           0,           0,           0,           0
        21,        13,     2194.43,      867.29,       11.93,      564.21,           0,           0,       63.00,      236.15,      196.95,           0,           0,           0,      203.75,       51.46,        1.41,           0,           0,           0,      576.13,      432.07,           0,      564.21,     1047.08,      178.51,      247.38,       12.07,           0,       18.22,      107.89,       35.72,       14.00,       28.02,        1.09,        8.08,       40.86,        0.82,        0.04,        0.58,        0.28,        0.09,        0.94,        0.03,           0,        0.07,           0,           0,           0,           0,           0,           0
        21,        14,     8934.39,     3188.74,       25.30,     2064.08,        6.28,        2.16,      530.00,     1185.84,      956.27,           0,           0,           0,      757.80,      232.50,        7.52,           0,           0,        8.44,     2089.34,     2134.35,           0,     2064.08,     3627.98,      446.09,     1261.31,       80.43,           0,      107.87,      399.75,      118.10,       25.85,      106.96,        4.31,       43.58,      178.97,        3.14,        0.08,        2.61,        0.08,        0.86,        5.88,        0.16,        0.03,        0.51,           0,           0,           0,           0,           0,           0
        21,        15,     1240.32,      257.09,        0.02,      221.66,       14.76,       10.43,           0,      285.72,      234.44,           0,           0,           0,      166.25,       54.19,        2.39,           0,           0,       25.12,      221.68,      517.91,           0,      221.66,      278.69,       23.97,      294.81,       10.18,           0,       18.94,       95.71,       19.65,        5.34,       26.61,        0.32,       16.85,       34.98,        1.73,        0.02,        0.30,        0.51,        0.26,        0.79,        0.18,        0.07,        0.58,           0,           0,           0,           0,           0,           0
        21,        16,    10251.49,     3437.75,       28.96,     1984.49,       43.44,       81.04,       24.00,     1808.72,     1598.91,           0,           0,           0,      964.22,      298.83,       18.32,           0,           0,      124.31,     2013.29,     3398.76,           0,     1984.49,     4018.01,      601.69,     1927.27,      123.02,        1.32,      114.88,      506.03,      136.25,       44.34,      161.62,       10.54,       55.32,      223.29,        6.60,        0.24,        2.86,        6.43,        1.95,        7.13,        1.25,        0.29,        1.27,           0,           0,           0,           0,           0,           0
        21,        17,     8737.79,     2671.88,       26.90,     2010.91,       19.15,       79.23,           0,     1526.09,     1396.33,           0,           0,           0,      807.48,      221.94,       10.09,           0,           0,       98.36,     2037.77,     2914.71,           0,     2010.91,     3123.60,      466.83,     1618.14,       96.87,        3.31,       95.10,      427.39,      113.68,       36.45,      131.84,        8.05,       35.84,      171.93,        4.07,        0.14,        1.92,        4.14,        0.47,        4.73,        0.27,        0.03,        0.45,           0,           0,           0,           0,           0,           0
        21,        18,      122.58,       26.99,        4.13,       18.56,           0,           0,           0,       30.82,       20.87,           0,           0,           0,       18.00,        3.36,           0,           0,           0,           0,       22.69,       51.63,           0,       18.56,       28.32,        1.37,       31.98,        1.23,           0,        1.88,        8.52,        3.09,        1.69,        2.82,           0,        0.02,        3.22,        0.11,           0,        0.01,           0,           0,           0,           0,           0,           0,           0,           0,           0,           0,           0,           0
        21,        19,      822.17,      140.47,           0,       87.09,       10.38,       25.85,           0,      193.64,      155.85,           0,           0,           0,       84.19,      129.09,        0.44,           0,           0,       36.23,       87.09,      347.94,           0,       87.09,      164.25,       26.62,      198.31,        5.10,        0.25,        8.91,       54.69,        7.00,        0.57,       12.79,           0,        0.02,      124.49,        0.01,        0.06,        4.51,        0.10,        0.19,           0,        0.11,        0.03,        0.01,           0,           0,           0,           0,           0,           0
        21,        20,    84624.33,    20344.51,     3924.71,    23596.35,     1480.86,     2733.71,      113.00,     9197.45,    14243.73,           0,           0,           0,     4533.08,     4466.13,       78.94,           0,           0,     4213.63,    27513.29,    23426.29,           0,    23596.35,    24509.55,     4194.25,    10042.99,      851.49,      939.62,      578.08,     1804.48,      402.69,      137.56,      674.82,       30.87,       14.43,     4061.25,        4.59,       24.82,      330.81,       14.14,       18.45,       22.94,        9.50,        4.37,        9.54,           0,           0,           0,           0,           0,           0
        21,        21,   935411.45,    92442.51,    69497.87,   386679.07,    28016.20,    26000.88,    39298.00,    71359.08,   156687.31,           0,           0,           0,    43029.29,    22114.65,      366.23,           0,           0,    54016.01,   456157.36,   228033.78,      822.00,   385857.07,   109246.16,    16807.93,    79440.21,     8083.95,    20592.02,     4436.68,    10898.02,     2050.57,      814.21,     4252.25,      217.97,      130.75,    20120.90,       34.93,      102.40,     1509.48,       57.68,       69.38,      158.91,       24.76,       11.47,       44.01,           0,           0,           0,           0,           0,           0
        21,        22,    39867.83,     9906.92,     2145.04,     7954.45,      344.75,     1651.64,           0,     5542.57,     7378.44,           0,           0,           0,     2424.27,     2530.26,       32.33,           0,           0,     1996.28,    10092.75,    12912.83,           0,     7954.45,    11562.75,     1662.77,     6033.16,      494.18,      437.47,      308.63,     1040.23,      219.14,       68.62,      352.16,       11.53,        8.03,     2326.68,        2.49,       10.11,      171.80,        9.80,        6.95,        7.21,        3.93,        1.19,        3.25,           0,           0,           0,           0,           0,           0
        21,        23,       76.50,       21.52,           0,        4.65,        0.69,           0,           0,       19.55,       13.50,           0,           0,           0,        5.95,       10.67,           0,           0,           0,        0.69,        4.65,       33.02,           0,        4.65,       27.83,        6.53,       20.15,        0.61,           0,        0.68,        4.36,        0.20,        0.01,        0.70,           0,           0,       10.50,           0,           0,        0.17,           0,           0,           0,           0,           0,           0,           0,           0,           0,           0,           0,           0
        21,        24,       91.84,        0.27,           0,        1.88,           0,           0,           0,        0.32,        0.62,           0,           0,           0,       88.60,        0.15,           0,           0,           0,           0,        1.88,        0.94,           0,        1.88,        0.27,           0,        0.32,           0,       88.58,           0,        0.02,           0,           0,           0,           0,           0,        0.15,           0,           0,           0,           0,           0,           0,           0,           0,           0,           0,           0,           0,           0,           0,           0
        21,        25,     1101.69,      128.19,       66.70,      305.42,           0,           0,           0,      169.94,      204.19,           0,           0,           0,      177.55,       49.90,        0.01,           0,           0,           0,      372.08,      374.08,           0,      305.42,      143.37,       15.19,      181.93,       12.04,      135.60,        6.35,       22.06,        3.90,        2.33,        7.31,        0.03,           0,       46.48,        0.01,        0.21,        3.17,           0,           0,        0.01,           0,           0,           0,           0,           0,           0,           0,           0,           0
        21,        26,        0.33,           0,           0,           0,           0,           0,           0,        0.01,        0.01,           0,           0,           0,        0.31,           0,           0,           0,           0,           0,           0,        0.02,           0,           0,           0,           0,        0.01,           0,        0.31,           0,           0,           0,           0,           0,           0,           0,           0,           0,           0,           0,           0,           0,           0,           0,           0,           0,           0,           0,           0,           0,           0,           0
        21,        27,     7300.16,           0,           0,           0,           0,           0,           0,           0,           0,     5523.92,           0,           0,           0,           0,           0,      924.14,      853.32,           0,           0,           0,           0,           0,           0,           0,           0,           0,           0,           0,           0,           0,           0,           0,           0,           0,           0,           0,           0,           0,           0,           0,           0,           0,           0,           0,      924.14,           0,           0,      853.32,           0,           0
        22,         1,        2.00,           0,           0,           0,           0,           0,           0,           0,           0,           0,           0,           0,           0,           0,        2.00,           0,           0,           0,           0,           0,           0,           0,           0,           0,           0,           0,           0,           0,           0,           0,           0,           0,           0,           0,           0,           0,           0,           0,           0,           0,           0,        1.00,        0.98,        0.02,           0,           0,           0,           0,           0,           0
        22,         2,           0,           0,           0,           0,           0,           0,           0,           0,           0,           0,           0,           0,           0,           0,           0,           0,           0,           0,           0,           0,           0,           0,           0,           0,           0,           0,           0,           0,           0,           0,           0,           0,           0,           0,           0,           0,           0,           0,           0,           0,           0,           0,           0,           0,           0,           0,           0,           0,           0,           0
        22,         3,           0,           0,           0,           0,           0,           0,           0,           0,           0,           0,           0,           0,           0,           0,           0,           0,           0,           0,           0,           0,           0,           0,           0,           0,           0,           0,           0,           0,           0,           0,           0,           0,           0,           0,           0,           0,           0,           0,           0,           0,           0,           0,           0,           0,           0,           0,           0,           0,           0,           0
        22,         4,       20.92,        0.12,           0,           0,           0,           0,           0,           0,           0,           0,           0,           0,        0.31,        0.27,       20.23,           0,           0,           0,           0,           0,           0,           0,        0.12,           0,           0,           0,           0,           0,           0,        0.31,           0,           0,           0,           0,        0.26,           0,        0.01,           0,           0,        0.89,        4.99,        3.47,        4.34,        6.53,           0,           0,           0,           0,           0,           0
        22,         5,      122.28,        1.84,           0,           0,           0,           0,       99.00,           0,           0,           0,           0,           0,        1.41,        1.60,       18.46,           0,           0,           0,           0,           0,           0,           0,        1.84,           0,           0,           0,           0,           0,        0.03,        1.38,           0,           0,           0,           0,        1.59,           0,        0.01,           0,           0,        0.71,        9.94,        1.36,        1.63,        4.82,           0,           0,           0,           0,           0,           0
        22,         6,           0,           0,           0,           0,           0,           0,           0,           0,           0,           0,           0,           0,           0,           0,           0,           0,           0,           0,           0,           0,           0,           0,           0,           0,           0,           0,           0,           0,           0,           0,           0,           0,           0,           0,           0,           0,           0,           0,           0,           0,           0,           0,           0,           0,           0,           0,           0,           0,           0,           0
        22,         7,           0,           0,           0,           0,           0,           0,           0,           0,           0,           0,           0,           0,           0,           0,           0,           0,           0,           0,           0,           0,           0,           0,           0,           0,           0,           0,           0,           0,           0,           0,           0,           0,           0,           0,           0,           0,           0,           0,           0,           0,           0,           0,           0,           0,           0,           0,           0,           0,           0,           0
        22,         8,      107.99,       72.90,           0,        0.17,           0,           0,       15.00,        0.20,           0,           0,           0,           0,       14.28,        5.42,        0.07,           0,           0,           0,        0.17,        0.20,           0,        0.17,       76.40,        5.20,        0.20,           0,           0,           0,        5.50,        7.36,        0.42,        1.05,           0,           0,        5.04,           0,        0.03,        0.35,           0,           0,        0.02,           0,        0.01,        0.04,           0,           0,           0,           0,           0,           0
        22,         9,      695.53,      419.74,        0.34,      134.54,           0,           0,           0,       38.49,       20.48,           0,           0,           0,       56.16,       27.45,        0.06,           0,           0,           0,      134.88,       58.65,           0,      134.54,      467.82,       50.48,       38.90,        0.60,           0,        1.36,       32.53,       14.00,        2.39,        5.90,           0,           0,       23.47,           0,        0.16,        3.82,           0,           0,        0.06,           0,           0,           0,           0,           0,           0,           0,           0,           0
        22,        10,           0,           0,           0,           0,           0,           0,           0,           0,           0,           0,           0,           0,           0,           0,           0,           0,           0,           0,           0,           0,           0,           0,           0,           0,           0,           0,           0,           0,           0,           0,           0,           0,           0,           0,           0,           0,           0,           0,           0,           0,           0,           0,           0,           0,           0,           0,           0,           0,           0,           0
        22,        11,     1001.96,      639.45,        6.29,      233.62,           0,           0,           0,       31.85,       15.00,           0,           0,           0,       50.72,       23.24,        3.62,           0,           0,           0,      239.74,       46.60,           0,      233.62,      715.79,       76.11,       32.68,        1.05,           0,        2.61,       26.32,       10.27,        3.07,        8.46,           0,        5.20,       16.76,        0.76,        0.11,        0.44,           0,        0.81,        1.33,        0.43,        0.44,        0.61,           0,           0,           0,           0,           0,           0
        22,        12,     5365.75,     2479.06,       33.36,     2053.30,        0.15,           0,           0,      232.50,      189.80,           0,           0,           0,      268.86,      102.00,       11.98,           0,           0,        0.15,     2085.91,      421.44,      566.00,     1487.30,     2819.14,      337.04,      238.61,        6.49,           0,       17.28,      142.15,       49.45,       17.04,       43.11,        0.08,       21.29,       76.73,        2.54,        0.32,        1.07,        0.06,        2.91,        4.59,        1.37,        1.18,        1.87,           0,           0,           0,           0,           0,           0
        22,        13,     1770.50,      890.39,       18.04,      665.16,           0,           0,        3.00,       62.86,       54.49,           0,           0,           0,       64.16,       14.09,        0.28,           0,           0,           0,      682.46,      116.90,           0,      665.16,     1069.58,      177.55,       63.78,        1.10,           0,        2.46,       37.65,       12.81,        4.09,        7.16,           0,        2.00,       11.94,        0.06,           0,        0.09,           0,        0.01,        0.27,           0,           0,           0,           0,           0,           0,           0,           0,           0
        22,        14,     6367.63,     2985.77,       75.61,     2245.49,        0.08,           0,      202.00,      301.35,      261.81,           0,           0,           0,      227.82,       71.48,        2.75,           0,           0,        0.08,     2319.98,      561.36,           0,     2245.49,     3395.07,      404.58,      313.78,       13.54,           0,       22.17,      128.34,       41.83,        7.27,       28.83,        0.31,       13.92,       56.02,        0.64,        0.01,        0.65,           0,        0.42,        2.05,        0.06,           0,        0.22,           0,           0,           0,           0,           0,           0
        22,        15,      594.29,      191.42,        0.62,      213.42,        3.13,           0,           0,       62.50,       58.50,           0,           0,           0,       47.31,       16.95,        0.70,           0,           0,        3.13,      214.03,      120.88,           0,      213.42,      206.86,       15.73,       63.22,        0.84,           0,        3.16,       30.95,        6.12,        1.65,        5.42,           0,        7.10,        9.29,        0.52,           0,        0.04,        0.05,        0.14,        0.18,        0.06,        0.02,        0.25,           0,           0,           0,           0,           0,           0
        22,        16,     4694.75,     1737.22,      109.85,     1584.86,       13.31,        0.42,           0,      422.53,      422.50,           0,           0,           0,      313.58,       89.85,        5.58,           0,           0,       13.73,     1694.54,      843.90,           0,     1584.86,     2007.08,      273.19,      437.43,       15.55,           0,       25.62,      182.42,       49.33,       14.03,       42.19,        0.99,       18.81,       68.18,        1.27,        0.03,        0.57,        1.95,        0.76,        1.98,        0.62,        0.07,        0.20,           0,           0,           0,           0,           0,           0
        22,        17,     4243.62,     1430.58,      104.74,     1655.06,        4.32,        0.58,           0,      357.24,      367.97,           0,           0,           0,      260.98,       64.29,        2.30,           0,           0,        4.90,     1759.65,      724.14,           0,     1655.06,     1663.54,      234.73,      368.68,       12.17,           0,       20.93,      154.66,       40.87,       11.20,       33.33,        0.75,       11.60,       51.00,        0.56,           0,        0.38,        1.10,        0.08,        1.03,        0.06,           0,        0.03,           0,           0,           0,           0,           0,           0
        22,        18,       69.13,       26.42,        5.41,       16.59,           0,           0,           0,        8.54,        5.16,           0,           0,           0,        6.16,        0.99,           0,           0,           0,           0,       21.95,       13.68,           0,       16.59,       27.70,        1.29,        8.65,        0.12,           0,        0.33,        3.22,        1.22,        0.59,        0.80,           0,           0,        0.98,        0.01,           0,           0,           0,           0,           0,           0,           0,           0,           0,           0,           0,           0,           0,           0
        22,        19,      273.87,       78.60,           0,       55.50,        3.81,        0.34,           0,       36.91,       31.83,           0,           0,           0,       19.84,       47.34,        0.21,           0,           0,        4.15,       55.50,       68.53,           0,       55.50,       90.12,       12.89,       37.12,        0.23,           0,        1.21,       15.07,        1.56,        0.12,        1.88,           0,           0,       45.83,           0,        0.01,        1.50,        0.02,        0.13,           0,        0.06,           0,           0,           0,           0,           0,           0,           0,           0
        22,        20,    18416.12,     7647.65,      343.17,     4398.15,       92.93,       74.38,           0,     1769.52,     1978.72,           0,           0,           0,      767.26,     1346.34,       13.18,           0,           0,      167.31,     4741.22,     3746.24,           0,     4398.15,     9188.48,     1563.20,     1894.07,      125.33,        1.57,       79.13,      435.17,       98.29,       30.27,      122.83,        3.21,        0.36,     1245.22,        0.14,        3.90,       93.51,        2.56,        5.02,        0.99,        3.15,        0.66,        0.79,           0,           0,           0,           0,           0,           0
        22,        21,    92509.62,    29213.26,     1597.66,    37423.14,      238.50,      196.51,     3462.00,     6256.56,     9173.38,           0,           0,           0,     2314.00,     2661.90,       36.42,           0,           0,      434.92,    39012.72,    15420.13,      235.00,    37188.14,    34416.29,     5220.32,     6949.86,      697.88,      176.46,      346.83,     1117.37,      222.82,       71.54,      380.96,       13.01,        8.02,     2449.71,        2.52,       10.42,      178.66,       12.33,        7.78,        7.61,        4.01,        1.21,        3.48,           0,           0,           0,           0,           0,           0
        22,        22,   584142.85,    53715.60,    51098.61,   261041.81,    25092.51,    25775.26,           0,    29387.86,    77182.55,           0,           0,           0,    50113.33,    10553.34,      228.28,           0,           0,    50867.43,   312129.58,   106560.40,           0,   261041.81,    63633.57,     9917.66,    32075.45,     2690.75,    39394.09,     1901.15,     5356.66,      949.76,      376.81,     2137.15,       72.36,       62.48,     9608.67,       17.19,       47.52,      745.53,       34.31,       52.91,       72.42,       23.40,       12.68,       32.56,           0,           0,           0,           0,           0,           0
        22,        23,      769.95,      281.44,        1.13,      289.20,       42.78,           0,           0,       48.63,       70.08,           0,           0,           0,       21.11,       15.81,           0,           0,           0,       42.78,      290.33,      118.71,           0,      289.20,      371.20,       90.36,       50.52,        1.89,        7.79,        1.70,        9.26,        0.39,           0,        1.97,           0,           0,       15.61,           0,           0,        0.20,           0,           0,           0,           0,           0,           0,           0,           0,           0,           0,           0,           0
        22,        24,       17.67,        0.06,           0,        0.78,           0,           0,           0,        0.02,        0.07,           0,           0,           0,       16.73,        0.01,           0,           0,           0,           0,        0.78,        0.09,           0,        0.78,        0.06,           0,        0.02,           0,       16.73,           0,           0,           0,           0,           0,           0,           0,        0.01,           0,           0,           0,           0,           0,           0,           0,           0,           0,           0,           0,           0,           0,           0,           0
        22,        25,     1517.14,       88.34,       70.55,      899.83,           0,           0,           0,       85.21,      177.49,           0,           0,           0,      164.56,       31.68,           0,           0,           0,           0,      970.26,      262.65,           0,      899.83,       97.86,        9.75,       87.83,        2.68,      137.16,        3.91,       15.71,        1.93,        0.92,        4.94,           0,           0,       29.63,           0,        0.06,        1.99,           0,           0,           0,           0,           0,           0,           0,           0,           0,           0,           0,           0
        22,        26,        3.83,           0,           0,        1.06,           0,           0,           0,           0,        0.05,           0,           0,           0,        2.72,           0,           0,           0,           0,           0,        1.06,        0.05,           0,        1.06,           0,           0,           0,           0,        2.72,           0,           0,           0,           0,           0,           0,           0,           0,           0,           0,           0,           0,           0,           0,           0,           0,           0,           0,           0,           0,           0,           0,           0
        22,        27,     7432.21,           0,           0,           0,           0,           0,           0,           0,           0,     6014.58,           0,           0,           0,           0,           0,      434.04,      984.54,           0,           0,           0,           0,           0,           0,           0,           0,           0,           0,           0,           0,           0,           0,           0,           0,           0,           0,           0,           0,           0,           0,           0,           0,           0,           0,           0,      434.04,           0,           0,      984.54,           0,           0
        23,         1,           0,           0,           0,           0,           0,           0,           0,           0,           0,           0,           0,           0,           0,           0,           0,           0,           0,           0,           0,           0,           0,           0,           0,           0,           0,           0,           0,           0,           0,           0,           0,           0,           0,           0,           0,           0,           0,           0,           0,           0,           0,           0,           0,           0,           0,           0,           0,           0,           0,           0
        23,         2,           0,           0,           0,           0,           0,           0,           0,           0,           0,           0,           0,           0,           0,           0,           0,           0,           0,           0,           0,           0,           0,           0,           0,           0,           0,           0,           0,           0,           0,           0,           0,           0,           0,           0,           0,           0,           0,           0,           0,           0,           0,           0,           0,           0,           0,           0,           0,           0,           0,           0
        23,         3,           0,           0,           0,           0,           0,           0,           0,           0,           0,           0,           0,           0,           0,           0,           0,           0,           0,           0,           0,           0,           0,           0,           0,           0,           0,           0,           0,           0,           0,           0,           0,           0,           0,           0,           0,           0,           0,           0,           0,           0,           0,           0,           0,           0,           0,           0,           0,           0,           0,           0
        23,         4,           0,           0,           0,           0,           0,           0,           0,           0,           0,           0,           0,           0,           0,           0,           0,           0,           0,           0,           0,           0,           0,           0,           0,           0,           0,           0,           0,           0,           0,           0,           0,           0,           0,           0,           0,           0,           0,           0,           0,           0,           0,           0,           0,           0,           0,           0,           0,           0,           0,           0
        23,         5,           0,           0,           0,           0,           0,           0,           0,           0,           0,           0,           0,           0,           0,           0,           0,           0,           0,           0,           0,           0,           0,           0,           0,           0,           0,           0,           0,           0,           0,           0,           0,           0,           0,           0,           0,           0,           0,           0,           0,           0,           0,           0,           0,           0,           0,           0,           0,           0,           0,           0
        23,         6,           0,           0,           0,           0,           0,           0,           0,           0,           0,           0,           0,           0,           0,           0,           0,           0,           0,           0,           0,           0,           0,           0,           0,           0,           0,           0,           0,           0,           0,           0,           0,           0,           0,           0,           0,           0,           0,           0,           0,           0,           0,           0,           0,           0,           0,           0,           0,           0,           0,           0
        23,         7,           0,           0,           0,           0,           0,           0,           0,           0,           0,           0,           0,           0,           0,           0,           0,           0,           0,           0,           0,           0,           0,           0,           0,           0,           0,           0,           0,           0,           0,           0,           0,           0,           0,           0,           0,           0,           0,           0,           0,           0,           0,           0,           0,           0,           0,           0,           0,           0,           0,           0
        23,         8,           0,           0,           0,           0,           0,           0,           0,           0,           0,           0,           0,           0,           0,           0,           0,           0,           0,           0,           0,           0,           0,           0,           0,           0,           0,           0,           0,           0,           0,           0,           0,           0,           0,           0,           0,           0,           0,           0,           0,           0,           0,           0,           0,           0,           0,           0,           0,           0,           0,           0
        23,         9,        4.54,        3.52,        0.05,        0.97,           0,           0,           0,           0,           0,           0,           0,           0,           0,           0,           0,           0,           0,           0,        1.02,           0,           0,        0.97,        3.57,        0.14,           0,           0,           0,           0,           0,           0,           0,           0,           0,           0,           0,           0,           0,           0,           0,           0,           0,           0,           0,           0,           0,           0,           0,           0,           0,           0
        23,        10,           0,           0,           0,           0,           0,           0,           0,           0,           0,           0,           0,           0,           0,           0,           0,           0,           0,           0,           0,           0,           0,           0,           0,           0,           0,           0,           0,           0,           0,           0,           0,           0,           0,           0,           0,           0,           0,           0,           0,           0,           0,           0,           0,           0,           0,           0,           0,           0,           0,           0
        23,        11,       16.51,       10.54,        0.31,        5.66,           0,           0,           0,        0.01,        0.02,           0,           0,           0,        0.03,        0.02,           0,           0,           0,           0,        5.95,        0.03,           0,        5.66,       11.55,        1.11,        0.01,           0,           0,           0,        0.02,        0.01,           0,           0,           0,           0,        0.02,           0,           0,           0,           0,           0,           0,           0,           0,           0,           0,           0,           0,           0,           0,           0
        23,        12,      107.99,       47.24,        4.57,       55.79,        0.11,           0,           0,        0.47,        0.40,           0,           0,           0,        0.36,        0.07,           0,           0,           0,        0.11,       60.16,        0.86,        8.00,       47.79,       52.51,        5.80,        0.47,           0,           0,           0,        0.30,        0.03,           0,        0.03,           0,           0,        0.07,           0,           0,           0,           0,           0,           0,           0,           0,           0,           0,           0,           0,           0,           0,           0
        23,        13,       25.95,       15.26,        0.85,        9.09,           0,           0,        1.00,        0.03,        0.04,           0,           0,           0,        0.04,           0,           0,           0,           0,           0,        9.90,        0.07,           0,        9.09,       17.58,        2.66,        0.03,           0,           0,           0,        0.04,           0,           0,           0,           0,           0,           0,           0,           0,           0,           0,           0,           0,           0,           0,           0,           0,           0,           0,           0,           0,           0
        23,        14,      116.91,       48.70,       10.89,       57.19,        0.04,           0,           0,        0.51,        0.41,           0,           0,           0,        0.17,        0.04,           0,           0,           0,        0.04,       67.61,        0.89,           0,       57.19,       53.80,        5.35,        0.51,        0.01,           0,        0.02,        0.07,        0.06,           0,        0.02,           0,           0,        0.04,           0,           0,           0,           0,           0,           0,           0,           0,           0,           0,           0,           0,           0,           0,           0
        23,        15,       27.34,        5.95,        0.58,       18.38,        0.80,           0,           0,        0.55,        0.92,           0,           0,           0,        0.17,        0.03,           0,           0,           0,        0.80,       18.96,        1.47,           0,       18.38,        6.38,        0.48,        0.55,           0,           0,           0,        0.16,           0,           0,        0.01,           0,        0.01,        0.02,           0,           0,           0,           0,           0,           0,           0,           0,           0,           0,           0,           0,           0,           0,           0
        23,        16,      197.04,       43.64,       35.27,      105.60,        1.98,        0.04,           0,        3.78,        5.67,           0,           0,           0,        1.33,        0.14,           0,           0,           0,        2.02,      140.61,        9.44,           0,      105.60,       49.89,        6.42,        3.78,        0.01,        0.04,           0,        1.16,        0.03,           0,        0.10,           0,           0,        0.14,           0,           0,           0,           0,           0,           0,           0,           0,           0,           0,           0,           0,           0,           0,           0
        23,        17,      154.32,       31.47,       28.67,       87.79,        0.50,           0,           0,        2.24,        3.19,           0,           0,           0,        0.86,        0.08,           0,           0,           0,        0.50,      116.20,        5.42,           0,       87.79,       36.17,        4.66,        2.24,           0,           0,        0.02,        0.76,        0.02,           0,        0.06,           0,           0,        0.08,           0,           0,           0,           0,           0,           0,           0,           0,           0,           0,           0,           0,           0,           0,           0
        23,        18,        0.78,        0.39,        0.15,        0.22,           0,           0,           0,        0.01,        0.01,           0,           0,           0,           0,           0,           0,           0,           0,           0,        0.37,        0.02,           0,        0.22,        0.40,        0.01,        0.01,           0,           0,           0,           0,           0,           0,           0,           0,           0,           0,           0,           0,           0,           0,           0,           0,           0,           0,           0,           0,           0,           0,           0,           0,           0
        23,        19,       26.98,        3.14,           0,        6.77,        0.86,        1.43,           0,        0.54,        0.83,           0,           0,           0,       13.07,        0.34,           0,           0,           0,        2.29,        6.77,        1.37,           0,        6.77,        3.64,        0.54,        0.54,           0,       12.91,           0,        0.16,           0,           0,           0,           0,           0,        0.34,           0,           0,           0,           0,           0,           0,           0,           0,           0,           0,           0,           0,           0,           0,           0
        23,        20,      439.50,       69.93,       96.15,      155.51,        9.10,        9.09,           0,       11.59,       18.17,           0,           0,           0,       61.69,        8.32,           0,           0,           0,       18.19,      251.67,       29.75,           0,      155.51,       83.52,       13.69,       11.78,        0.18,       58.91,        0.16,        2.41,        0.06,           0,        0.15,           0,           0,        8.26,           0,           0,        0.06,           0,           0,           0,           0,           0,           0,           0,           0,           0,           0,           0,           0
        23,        21,      846.78,      193.73,      114.67,      437.04,        2.52,       14.47,       11.00,       24.36,       30.80,           0,           0,           0,        6.34,       11.81,           0,           0,           0,       16.99,      551.77,       55.15,           0,      437.04,      227.59,       33.82,       26.36,        2.00,           0,        0.85,        4.55,        0.20,        0.01,        0.73,           0,           0,       11.62,           0,           0,        0.19,           0,           0,           0,           0,           0,           0,           0,           0,           0,           0,           0,           0
        23,        22,     2000.00,      354.27,      226.22,      818.02,       12.49,      306.01,           0,       47.79,       92.39,           0,           0,           0,      126.41,       15.93,           0,           0,           0,      318.50,     1044.29,      140.18,           0,      818.02,      429.70,       74.98,       50.25,        2.44,      114.00,        1.56,        8.72,        0.38,           0,        1.75,           0,           0,       15.74,           0,           0,        0.19,           0,           0,           0,           0,           0,           0,           0,           0,           0,           0,           0,           0
        23,        23,     3748.52,      202.53,       55.31,     1772.01,      294.91,           0,           0,       52.64,      185.32,           0,           0,           0,     1175.81,        9.88,           0,           0,           0,      294.91,     1827.33,      237.98,           0,     1772.01,      268.51,       65.97,       55.27,        2.61,     1158.01,        3.66,        9.78,        0.49,        0.01,        3.86,           0,           0,        9.70,           0,           0,        0.18,           0,           0,           0,           0,           0,           0,           0,           0,           0,           0,           0,           0
        23,        24,        8.05,        0.06,           0,        0.06,           0,           0,           0,           0,           0,           0,           0,           0,        7.93,           0,           0,           0,           0,           0,        0.06,           0,           0,        0.06,        0.06,           0,           0,           0,        7.93,           0,           0,           0,           0,           0,           0,           0,           0,           0,           0,           0,           0,           0,           0,           0,           0,           0,           0,           0,           0,           0,           0,           0
        23,        25,       49.09,        1.24,       16.89,       24.73,           0,           0,           0,        0.84,        2.28,           0,           0,           0,        2.89,        0.23,           0,           0,           0,           0,       41.62,        3.12,           0,       24.73,        1.35,        0.11,        0.85,        0.01,        2.68,        0.02,        0.15,           0,           0,        0.04,           0,           0,        0.23,           0,           0,           0,           0,           0,           0,           0,           0,           0,           0,           0,           0,           0,           0,           0
        23,        26,       52.93,           0,           0,        2.11,           0,           0,           0,           0,        0.10,           0,           0,           0,       50.72,           0,           0,           0,           0,           0,        2.11,        0.10,           0,        2.11,           0,           0,           0,           0,       50.72,           0,           0,           0,           0,           0,           0,           0,           0,           0,           0,           0,           0,           0,           0,           0,           0,           0,           0,           0,           0,           0,           0,           0
        23,        27,       52.26,           0,           0,           0,           0,           0,           0,           0,           0,       49.69,           0,           0,           0,           0,           0,        1.36,        1.22,           0,           0,           0,           0,           0,           0,           0,           0,           0,           0,           0,           0,           0,           0,           0,           0,           0,           0,           0,           0,           0,           0,           0,           0,           0,           0,           0,        1.36,           0,           0,        1.22,           0,           0
        24,         1,           0,           0,           0,           0,           0,           0,           0,           0,           0,           0,           0,           0,           0,           0,           0,           0,           0,           0,           0,           0,           0,           0,           0,           0,           0,           0,           0,           0,           0,           0,           0,           0,           0,           0,           0,           0,           0,           0,           0,           0,           0,           0,           0,           0,           0,           0,           0,           0,           0,           0
        24,         2,           0,           0,           0,           0,           0,           0,           0,           0,           0,           0,           0,           0,           0,           0,           0,           0,           0,           0,           0,           0,           0,           0,           0,           0,           0,           0,           0,           0,           0,           0,           0,           0,           0,           0,           0,           0,           0,           0,           0,           0,           0,           0,           0,           0,           0,           0,           0,           0,           0,           0
        24,         3,           0,           0,           0,           0,           0,           0,           0,           0,           0,           0,           0,           0,           0,           0,           0,           0,           0,           0,           0,           0,           0,           0,           0,           0,           0,           0,           0,           0,           0,           0,           0,           0,           0,           0,           0,           0,           0,           0,           0,           0,           0,           0,           0,           0,           0,           0,           0,           0,           0,           0
        24,         4,        0.10,        0.06,           0,           0,           0,           0,           0,           0,           0,           0,           0,           0,           0,           0,        0.04,           0,           0,           0,           0,           0,           0,           0,        0.06,           0,           0,           0,           0,           0,           0,           0,           0,           0,           0,           0,           0,           0,           0,           0,           0,           0,           0,           0,           0,        0.04,           0,           0,           0,           0,           0,           0
        24,         5,        0.15,        0.08,           0,        0.05,           0,           0,           0,           0,           0,           0,           0,           0,           0,           0,        0.02,           0,           0,           0,        0.05,           0,           0,        0.05,        0.08,           0,           0,           0,           0,           0,           0,           0,           0,           0,           0,           0,           0,           0,           0,           0,           0,           0,           0,           0,           0,        0.02,           0,           0,           0,           0,           0,           0
        24,         6,           0,           0,           0,           0,           0,           0,           0,           0,           0,           0,           0,           0,           0,           0,           0,           0,           0,           0,           0,           0,           0,           0,           0,           0,           0,           0,           0,           0,           0,           0,           0,           0,           0,           0,           0,           0,           0,           0,           0,           0,           0,           0,           0,           0,           0,           0,           0,           0,           0,           0
        24,         7,           0,           0,           0,           0,           0,           0,           0,           0,           0,           0,           0,           0,           0,           0,           0,           0,           0,           0,           0,           0,           0,           0,           0,           0,           0,           0,           0,           0,           0,           0,           0,           0,           0,           0,           0,           0,           0,           0,           0,           0,           0,           0,           0,           0,           0,           0,           0,           0,           0,           0
        24,         8,        0.48,        0.28,           0,        0.20,           0,           0,           0,           0,           0,           0,           0,           0,           0,           0,           0,           0,           0,           0,        0.20,           0,           0,        0.20,        0.30,        0.02,           0,           0,           0,           0,           0,           0,           0,           0,           0,           0,           0,           0,           0,           0,           0,           0,           0,           0,           0,           0,           0,           0,           0,           0,           0,           0
        24,         9,        1.12,        0.46,           0,        0.66,           0,           0,           0,           0,           0,           0,           0,           0,           0,           0,           0,           0,           0,           0,        0.66,           0,           0,        0.66,        0.46,           0,           0,           0,           0,           0,           0,           0,           0,           0,           0,           0,           0,           0,           0,           0,           0,           0,           0,           0,           0,           0,           0,           0,           0,           0,           0,           0
        24,        10,           0,           0,           0,           0,           0,           0,           0,           0,           0,           0,           0,           0,           0,           0,           0,           0,           0,           0,           0,           0,           0,           0,           0,           0,           0,           0,           0,           0,           0,           0,           0,           0,           0,           0,           0,           0,           0,           0,           0,           0,           0,           0,           0,           0,           0,           0,           0,           0,           0,           0
        24,        11,        1.82,        0.84,        0.04,        0.88,           0,           0,           0,        0.01,        0.01,           0,           0,           0,           0,        0.04,           0,           0,           0,           0,        0.92,        0.02,           0,        0.88,        0.94,        0.09,        0.01,           0,           0,           0,           0,           0,           0,           0,           0,        0.04,           0,           0,           0,           0,           0,           0,           0,           0,           0,           0,           0,           0,           0,           0,           0,           0
        24,        12,       12.24,        5.17,        0.02,        6.35,        0.01,        0.10,           0,        0.10,        0.21,           0,           0,           0,        0.15,        0.16,        0.01,           0,           0,        0.11,        6.38,        0.31,           0,        6.35,        5.73,        0.61,        0.10,           0,        0.13,           0,        0.01,           0,           0,        0.01,           0,        0.14,        0.01,        0.01,           0,           0,           0,           0,           0,           0,           0,        0.01,           0,           0,           0,           0,           0,           0
        24,        13,        4.29,        1.70,        0.04,        2.51,           0,           0,           0,        0.01,        0.04,           0,           0,           0,           0,        0.01,           0,           0,           0,           0,        2.55,        0.05,           0,        2.51,        1.92,        0.27,        0.01,           0,           0,           0,           0,           0,           0,           0,           0,        0.01,           0,           0,           0,           0,           0,           0,           0,           0,           0,           0,           0,           0,           0,           0,           0,           0
        24,        14,       17.12,        6.34,        0.10,        9.79,           0,        0.19,           0,        0.10,        0.27,           0,           0,           0,        0.25,        0.10,           0,           0,           0,        0.19,        9.89,        0.37,           0,        9.79,        7.03,        0.70,        0.11,        0.01,        0.22,        0.01,        0.02,           0,           0,           0,           0,        0.09,        0.01,           0,           0,           0,           0,           0,           0,           0,           0,           0,           0,           0,           0,           0,           0,           0
        24,        15,        3.30,        0.66,           0,        1.40,        0.07,        0.11,           0,        0.02,        0.09,           0,           0,           0,        0.89,        0.06,           0,           0,           0,        0.18,        1.40,        0.11,           0,        1.40,        0.71,        0.06,        0.02,           0,        0.89,           0,           0,           0,           0,           0,           0,        0.06,           0,           0,           0,           0,           0,           0,           0,           0,           0,           0,           0,           0,           0,           0,           0,           0
        24,        16,       33.25,        8.60,        0.82,       15.88,        0.39,        0.86,           0,        0.45,        1.18,           0,           0,           0,        4.94,        0.13,           0,           0,           0,        1.25,       16.70,        1.63,           0,       15.88,       10.04,        1.45,        0.45,           0,        4.94,           0,           0,           0,           0,           0,           0,        0.13,           0,           0,           0,           0,           0,           0,           0,           0,           0,           0,           0,           0,           0,           0,           0,           0
        24,        17,       38.64,        7.16,        0.83,       20.68,        0.14,        0.77,           0,        0.42,        1.32,           0,           0,           0,        7.27,        0.06,           0,           0,           0,        0.91,       21.51,        1.74,           0,       20.68,        8.35,        1.18,        0.42,           0,        7.21,           0,        0.06,           0,           0,           0,           0,        0.06,           0,           0,           0,           0,           0,           0,           0,           0,           0,           0,           0,           0,           0,           0,           0,           0
        24,        18,        0.19,        0.05,        0.02,        0.09,           0,           0,           0,        0.01,        0.01,           0,           0,           0,        0.01,           0,           0,           0,           0,           0,        0.11,        0.02,           0,        0.09,        0.05,           0,        0.01,           0,        0.01,           0,           0,           0,           0,           0,           0,           0,           0,           0,           0,           0,           0,           0,           0,           0,           0,           0,           0,           0,           0,           0,           0,           0
        24,        19,        3.99,        0.16,           0,        0.32,        0.03,        0.08,           0,           0,        0.01,           0,           0,           0,        3.40,           0,           0,           0,           0,        0.11,        0.32,        0.01,           0,        0.32,        0.17,        0.01,           0,           0,        3.40,           0,           0,           0,           0,           0,           0,           0,           0,           0,           0,           0,           0,           0,           0,           0,           0,           0,           0,           0,           0,           0,           0,           0
        24,        20,      259.83,       18.31,       23.42,       85.71,        9.58,        8.46,           0,        1.94,        7.97,           0,           0,           0,      103.63,        1.00,           0,           0,           0,       18.04,      109.13,        9.91,           0,       85.71,       22.36,        4.04,        2.01,        0.07,      103.05,        0.05,        0.46,           0,           0,        0.07,           0,           0,        1.00,           0,           0,           0,           0,           0,           0,           0,           0,           0,           0,           0,           0,           0,           0,           0
        24,        21,       97.13,        4.82,        0.22,        7.88,        0.06,        0.16,           0,        0.28,        0.62,           0,           0,           0,       82.91,        0.19,           0,           0,           0,        0.22,        8.10,        0.89,           0,        7.88,        5.60,        0.80,        0.30,        0.03,       82.89,           0,        0.02,           0,           0,           0,           0,           0,        0.19,           0,           0,           0,           0,           0,           0,           0,           0,           0,           0,           0,           0,           0,           0,           0
        24,        22,       56.86,        0.60,        0.01,        0.41,           0,        0.05,           0,        0.01,        0.04,           0,           0,           0,       55.73,        0.01,           0,           0,           0,        0.05,        0.42,        0.05,           0,        0.41,        0.64,        0.04,        0.01,           0,       55.73,           0,           0,           0,           0,           0,           0,           0,        0.01,           0,           0,           0,           0,           0,           0,           0,           0,           0,           0,           0,           0,           0,           0,           0
        24,        23,        1.71,           0,           0,           0,           0,           0,           0,           0,           0,           0,           0,           0,        1.71,           0,           0,           0,           0,           0,           0,           0,           0,           0,           0,           0,           0,           0,        1.71,           0,           0,           0,           0,           0,           0,           0,           0,           0,           0,           0,           0,           0,           0,           0,           0,           0,           0,           0,           0,           0,           0,           0
        24,        24,      193.35,           0,           0,        1.54,           0,           0,           0,        0.01,        0.05,           0,           0,           0,      191.74,        0.01,           0,           0,           0,           0,        1.54,        0.06,           0,        1.54,           0,           0,        0.01,           0,      191.74,           0,           0,           0,           0,           0,           0,           0,        0.01,           0,           0,           0,           0,           0,           0,           0,           0,           0,           0,           0,           0,           0,           0,           0
        24,        25,        1.58,        0.01,        0.03,        0.05,           0,           0,           0,           0,        0.01,           0,           0,           0,        1.48,           0,           0,           0,           0,           0,        0.08,        0.01,           0,        0.05,        0.01,           0,           0,           0,        1.48,           0,           0,           0,           0,           0,           0,           0,           0,           0,           0,           0,           0,           0,           0,           0,           0,           0,           0,           0,           0,           0,           0,           0
        24,        26,        0.53,           0,           0,           0,           0,           0,           0,           0,           0,           0,           0,           0,        0.53,           0,           0,           0,           0,           0,           0,           0,           0,           0,           0,           0,           0,           0,        0.53,           0,           0,           0,           0,           0,           0,           0,           0,           0,           0,           0,           0,           0,           0,           0,           0,           0,           0,           0,           0,           0,           0,           0
        24,        27,        1.32,           0,           0,           0,           0,           0,           0,           0,           0,        1.09,           0,           0,           0,           0,           0,        0.23,           0,           0,           0,           0,           0,           0,           0,           0,           0,           0,           0,           0,           0,           0,           0,           0,           0,           0,           0,           0,           0,           0,           0,           0,           0,           0,           0,           0,        0.23,           0,           0,           0,           0,           0
        25,         1,           0,           0,           0,           0,           0,           0,           0,           0,           0,           0,           0,           0,           0,           0,           0,           0,           0,           0,           0,           0,           0,           0,           0,           0,           0,           0,           0,           0,           0,           0,           0,           0,           0,           0,           0,           0,           0,           0,           0,           0,           0,           0,           0,           0,           0,           0,           0,           0,           0,           0
        25,         2,           0,           0,           0,           0,           0,           0,           0,           0,           0,           0,           0,           0,           0,           0,           0,           0,           0,           0,           0,           0,           0,           0,           0,           0,           0,           0,           0,           0,           0,           0,           0,           0,           0,           0,           0,           0,           0,           0,           0,           0,           0,           0,           0,           0,           0,           0,           0,           0,           0,           0
        25,         3,           0,           0,           0,           0,           0,           0,           0,           0,           0,           0,           0,           0,           0,           0,           0,           0,           0,           0,           0,           0,           0,           0,           0,           0,           0,           0,           0,           0,           0,           0,           0,           0,           0,           0,           0,           0,           0,           0,           0,           0,           0,           0,           0,           0,           0,           0,           0,           0,           0,           0
        25,         4,        0.07,           0,           0,           0,           0,           0,           0,           0,           0,           0,           0,           0,           0,           0,        0.07,           0,           0,           0,           0,           0,           0,           0,           0,           0,           0,           0,           0,           0,           0,           0,           0,           0,           0,           0,           0,           0,           0,           0,           0,           0,        0.04,        0.01,           0,        0.02,           0,           0,           0,           0,           0,           0
        25,         5,        0.16,           0,           0,           0,           0,           0,           0,           0,           0,           0,           0,           0,        0.03,           0,        0.13,           0,           0,           0,           0,           0,           0,           0,           0,           0,           0,           0,           0,           0,           0,        0.03,           0,           0,           0,           0,           0,           0,           0,           0,           0,           0,        0.12,           0,           0,        0.01,           0,           0,           0,           0,           0,           0
        25,         6,           0,           0,           0,           0,           0,           0,           0,           0,           0,           0,           0,           0,           0,           0,           0,           0,           0,           0,           0,           0,           0,           0,           0,           0,           0,           0,           0,           0,           0,           0,           0,           0,           0,           0,           0,           0,           0,           0,           0,           0,           0,           0,           0,           0,           0,           0,           0,           0,           0,           0
        25,         7,           0,           0,           0,           0,           0,           0,           0,           0,           0,           0,           0,           0,           0,           0,           0,           0,           0,           0,           0,           0,           0,           0,           0,           0,           0,           0,           0,           0,           0,           0,           0,           0,           0,           0,           0,           0,           0,           0,           0,           0,           0,           0,           0,           0,           0,           0,           0,           0,           0,           0
        25,         8,        0.67,        0.23,           0,           0,           0,           0,           0,           0,           0,           0,           0,           0,        0.34,        0.10,           0,           0,           0,           0,           0,           0,           0,           0,        0.23,           0,           0,           0,           0,           0,        0.09,        0.23,        0.01,        0.01,           0,           0,        0.10,           0,           0,           0,           0,           0,           0,           0,           0,           0,           0,           0,           0,           0,           0,           0
        25,         9,       12.00,        5.07,           0,        1.08,           0,           0,           0,        1.92,        1.18,           0,           0,           0,        2.00,        0.86,           0,           0,           0,           0,        1.08,        3.01,           0,        1.08,        5.22,        0.25,        1.95,        0.06,           0,        0.02,        0.96,        0.47,        0.20,        0.35,           0,           0,        0.73,           0,           0,        0.13,           0,           0,           0,           0,           0,           0,           0,           0,           0,           0,           0,           0
        25,        10,           0,           0,           0,           0,           0,           0,           0,           0,           0,           0,           0,           0,           0,           0,           0,           0,           0,           0,           0,           0,           0,           0,           0,           0,           0,           0,           0,           0,           0,           0,           0,           0,           0,           0,           0,           0,           0,           0,           0,           0,           0,           0,           0,           0,           0,           0,           0,           0,           0,           0
        25,        11,       18.56,       10.40,        0.15,        3.40,           0,           0,           0,        1.57,        1.04,           0,           0,           0,        1.55,        0.50,        0.02,           0,           0,           0,        3.56,        2.56,           0,        3.40,       11.44,        1.04,        1.61,        0.09,           0,        0.08,        0.69,        0.31,        0.16,        0.32,           0,        0.02,        0.44,        0.02,           0,        0.02,           0,           0,        0.02,           0,           0,           0,           0,           0,           0,           0,           0,           0
        25,        12,      136.77,       58.09,        2.46,       43.11,        0.18,           0,           0,       10.24,       11.84,           0,           0,           0,        8.85,        2.33,        0.06,           0,           0,        0.18,       45.53,       21.95,        5.00,       38.11,       65.17,        7.36,       10.84,        0.65,           0,        0.57,        3.96,        1.56,        1.05,        1.71,           0,        0.07,        2.20,        0.03,        0.01,        0.02,           0,        0.01,        0.04,           0,           0,        0.01,           0,           0,           0,           0,           0,           0
        25,        13,       42.00,       20.22,        0.91,       12.13,           0,           0,           0,        2.79,        3.42,           0,           0,           0,        2.18,        0.45,           0,           0,           0,           0,       13.01,        6.17,           0,       12.13,       23.56,        3.55,        2.93,        0.17,           0,        0.09,        0.99,        0.43,        0.34,        0.33,           0,           0,        0.45,           0,           0,           0,           0,           0,           0,           0,           0,           0,           0,           0,           0,           0,           0,           0
        25,        14,      173.35,       66.66,        7.08,       59.65,        0.14,           0,           0,       13.26,       16.39,           0,           0,           0,        8.53,        2.02,        0.02,           0,           0,        0.14,       66.64,       29.57,           0,       59.65,       74.21,        7.70,       14.10,        0.88,           0,        0.61,        4.31,        1.59,        0.68,        1.36,           0,        0.05,        1.94,        0.01,           0,        0.02,           0,           0,        0.02,           0,           0,           0,           0,           0,           0,           0,           0,           0
        25,        15,       27.41,        5.56,        0.21,       11.61,        1.00,           0,           0,        2.80,        3.80,           0,           0,           0,        2.06,        0.44,           0,           0,           0,        1.00,       11.80,        6.60,           0,       11.61,        5.95,        0.40,        2.89,        0.12,        0.01,        0.18,        1.09,        0.27,        0.14,        0.37,           0,        0.03,        0.40,        0.01,           0,           0,           0,           0,           0,           0,           0,           0,           0,           0,           0,           0,           0,           0
        25,        16,      248.68,       56.90,       25.51,      104.82,        4.27,        0.14,           0,       17.55,       25.53,           0,           0,           0,       12.01,        2.25,           0,           0,           0,        4.41,      130.23,       42.99,           0,      104.82,       65.40,        8.48,       18.64,        1.15,        0.57,        1.12,        5.73,        1.61,        1.06,        1.92,           0,        0.07,        2.17,           0,           0,        0.01,           0,           0,           0,           0,           0,           0,           0,           0,           0,           0,           0,           0
        25,        17,      225.01,       45.51,       23.87,      105.50,        1.79,        0.14,           0,       14.66,       21.80,           0,           0,           0,       10.39,        1.69,           0,           0,           0,        1.93,      129.26,       36.40,           0,      105.50,       52.32,        6.79,       15.47,        0.85,        0.88,        0.97,        4.82,        1.33,        0.83,        1.56,           0,        0.01,        1.67,           0,           0,        0.01,           0,           0,           0,           0,           0,           0,           0,           0,           0,           0,           0,           0
        25,        18,        1.81,        0.52,        0.20,        0.27,           0,           0,           0,        0.33,        0.28,           0,           0,           0,        0.19,        0.03,           0,           0,           0,           0,        0.47,        0.60,           0,        0.27,        0.53,        0.01,        0.34,        0.01,           0,        0.01,        0.08,        0.03,        0.04,        0.03,           0,           0,        0.03,           0,           0,           0,           0,           0,           0,           0,           0,           0,           0,           0,           0,           0,           0,           0
        25,        19,       14.26,        2.47,           0,        4.26,        1.47,        0.08,           0,        1.70,        2.17,           0,           0,           0,        0.92,        1.23,           0,           0,           0,        1.55,        4.26,        3.85,           0,        4.26,        2.80,        0.44,        1.73,        0.04,        0.04,        0.08,        0.57,        0.10,        0.01,        0.12,           0,           0,        1.19,           0,           0,        0.04,           0,           0,           0,           0,           0,           0,           0,           0,           0,           0,           0,           0
        25,        20,      949.26,      144.01,      104.12,      244.21,       54.08,       11.68,           0,       74.16,      119.66,           0,           0,           0,      160.80,       36.79,           0,           0,           0,       65.76,      348.33,      193.65,           0,      244.21,      172.17,       28.39,       79.83,        5.74,      135.74,        3.26,       12.47,        3.02,        1.77,        4.54,           0,           0,       33.82,           0,        0.18,        2.79,           0,           0,           0,           0,           0,           0,           0,           0,           0,           0,           0,           0
        25,        21,     2632.39,      459.17,      173.81,     1136.51,       65.12,       38.08,        2.00,      173.35,      293.65,           0,           0,           0,      237.89,       52.96,        0.01,           0,           0,      103.20,     1310.28,      467.00,        2.00,     1134.51,      540.27,       81.28,      192.15,       18.79,      196.50,        6.50,       21.68,        3.84,        2.26,        7.12,        0.04,           0,       49.36,        0.01,        0.21,        3.34,           0,           0,        0.01,           0,           0,           0,           0,           0,           0,           0,           0,           0
        25,        22,     3318.58,      459.15,      276.92,     1169.01,      220.82,      309.37,           0,       77.26,      171.48,           0,           0,           0,      603.13,       31.54,           0,           0,           0,      530.19,     1445.93,      248.71,           0,     1169.01,      546.66,       87.12,       82.55,        5.31,      578.50,        3.34,       14.18,        1.87,        0.84,        4.39,           0,           0,       29.54,           0,        0.04,        1.96,           0,           0,           0,           0,           0,           0,           0,           0,           0,           0,           0,           0
        25,        23,       24.36,        7.77,        0.02,        9.71,        3.14,           0,           0,        0.73,        1.56,           0,           0,           0,        1.20,        0.23,           0,           0,           0,        3.14,        9.73,        2.29,           0,        9.71,       10.25,        2.49,        0.76,        0.03,        1.00,        0.02,        0.15,           0,           0,        0.03,           0,           0,        0.23,           0,           0,           0,           0,           0,           0,           0,           0,           0,           0,           0,           0,           0,           0,           0
        25,        24,        2.29,        0.01,           0,        0.05,           0,           0,           0,           0,        0.01,           0,           0,           0,        2.22,           0,           0,           0,           0,           0,        0.05,        0.01,           0,        0.05,        0.01,           0,           0,           0,        2.22,           0,           0,           0,           0,           0,           0,           0,           0,           0,           0,           0,           0,           0,           0,           0,           0,           0,           0,           0,           0,           0,           0,           0
        25,        25,     5646.19,       19.20,      129.84,     1431.52,           0,           0,           0,      153.93,      735.49,           0,           0,           0,     3157.81,       18.27,        0.10,           0,           0,           0,     1561.36,      889.42,           0,     1431.52,       21.56,        2.37,      167.07,       13.13,     3139.70,        3.52,        8.06,        1.06,        1.92,        3.56,        0.03,        0.01,       16.76,        0.02,        0.11,        1.34,        0.01,        0.03,        0.05,           0,           0,        0.01,           0,           0,           0,           0,           0,           0
        25,        26,        0.28,           0,           0,        0.08,           0,           0,           0,           0,        0.01,           0,           0,           0,        0.19,           0,           0,           0,           0,           0,        0.08,        0.01,           0,        0.08,           0,           0,           0,           0,        0.19,           0,           0,           0,           0,           0,           0,           0,           0,           0,           0,           0,           0,           0,           0,           0,           0,           0,           0,           0,           0,           0,           0,           0
        25,        27,       61.39,           0,           0,           0,           0,           0,           0,           0,           0,       55.74,           0,           0,           0,           0,           0,        4.57,        1.08,           0,           0,           0,           0,           0,           0,           0,           0,           0,           0,           0,           0,           0,           0,           0,           0,           0,           0,           0,           0,           0,           0,           0,           0,           0,           0,           0,        4.57,           0,           0,        1.08,           0,           0
        26,         1,           0,           0,           0,           0,           0,           0,           0,           0,           0,           0,           0,           0,           0,           0,           0,           0,           0,           0,           0,           0,           0,           0,           0,           0,           0,           0,           0,           0,           0,           0,           0,           0,           0,           0,           0,           0,           0,           0,           0,           0,           0,           0,           0,           0,           0,           0,           0,           0,           0,           0
        26,         2,           0,           0,           0,           0,           0,           0,           0,           0,           0,           0,           0,           0,           0,           0,           0,           0,           0,           0,           0,           0,           0,           0,           0,           0,           0,           0,           0,           0,           0,           0,           0,           0,           0,           0,           0,           0,           0,           0,           0,           0,           0,           0,           0,           0,           0,           0,           0,           0,           0,           0
        26,         3,           0,           0,           0,           0,           0,           0,           0,           0,           0,           0,           0,           0,           0,           0,           0,           0,           0,           0,           0,           0,           0,           0,           0,           0,           0,           0,           0,           0,           0,           0,           0,           0,           0,           0,           0,           0,           0,           0,           0,           0,           0,           0,           0,           0,           0,           0,           0,           0,           0,           0
        26,         4,           0,           0,           0,           0,           0,           0,           0,           0,           0,           0,           0,           0,           0,           0,           0,           0,           0,           0,           0,           0,           0,           0,           0,           0,           0,           0,           0,           0,           0,           0,           0,           0,           0,           0,           0,           0,           0,           0,           0,           0,           0,           0,           0,           0,           0,           0,           0,           0,           0,           0
        26,         5,           0,           0,           0,           0,           0,           0,           0,           0,           0,           0,           0,           0,           0,           0,           0,           0,           0,           0,           0,           0,           0,           0,           0,           0,           0,           0,           0,           0,           0,           0,           0,           0,           0,           0,           0,           0,           0,           0,           0,           0,           0,           0,           0,           0,           0,           0,           0,           0,           0,           0
        26,         6,           0,           0,           0,           0,           0,           0,           0,           0,           0,           0,           0,           0,           0,           0,           0,           0,           0,           0,           0,           0,           0,           0,           0,           0,           0,           0,           0,           0,           0,           0,           0,           0,           0,           0,           0,           0,           0,           0,           0,           0,           0,           0,           0,           0,           0,           0,           0,           0,           0,           0
        26,         7,           0,           0,           0,           0,           0,           0,           0,           0,           0,           0,           0,           0,           0,           0,           0,           0,           0,           0,           0,           0,           0,           0,           0,           0,           0,           0,           0,           0,           0,           0,           0,           0,           0,           0,           0,           0,           0,           0,           0,           0,           0,           0,           0,           0,           0,           0,           0,           0,           0,           0
        26,         8,           0,           0,           0,           0,           0,           0,           0,           0,           0,           0,           0,           0,           0,           0,           0,           0,           0,           0,           0,           0,           0,           0,           0,           0,           0,           0,           0,           0,           0,           0,           0,           0,           0,           0,           0,           0,           0,           0,           0,           0,           0,           0,           0,           0,           0,           0,           0,           0,           0,           0
        26,         9,           0,           0,           0,           0,           0,           0,           0,           0,           0,           0,           0,           0,           0,           0,           0,           0,           0,           0,           0,           0,           0,           0,           0,           0,           0,           0,           0,           0,           0,           0,           0,           0,           0,           0,           0,           0,           0,           0,           0,           0,           0,           0,           0,           0,           0,           0,           0,           0,           0,           0
        26,        10,           0,           0,           0,           0,           0,           0,           0,           0,           0,           0,           0,           0,           0,           0,           0,           0,           0,           0,           0,           0,           0,           0,           0,           0,           0,           0,           0,           0,           0,           0,           0,           0,           0,           0,           0,           0,           0,           0,           0,           0,           0,           0,           0,           0,           0,           0,           0,           0,           0,           0
        26,        11,        0.01,        0.01,           0,           0,           0,           0,           0,           0,           0,           0,           0,           0,           0,           0,           0,           0,           0,           0,           0,           0,           0,           0,        0.01,           0,           0,           0,           0,           0,           0,           0,           0,           0,           0,           0,           0,           0,           0,           0,           0,           0,           0,           0,           0,           0,           0,           0,           0,           0,           0,           0
        26,        12,        0.03,        0.01,           0,        0.02,           0,           0,           0,           0,           0,           0,           0,           0,           0,           0,           0,           0,           0,           0,        0.02,           0,           0,        0.02,        0.01,           0,           0,           0,           0,           0,           0,           0,           0,           0,           0,           0,           0,           0,           0,           0,           0,           0,           0,           0,           0,           0,           0,           0,           0,           0,           0,           0
        26,        13,           0,           0,           0,           0,           0,           0,           0,           0,           0,           0,           0,           0,           0,           0,           0,           0,           0,           0,           0,           0,           0,           0,           0,           0,           0,           0,           0,           0,           0,           0,           0,           0,           0,           0,           0,           0,           0,           0,           0,           0,           0,           0,           0,           0,           0,           0,           0,           0,           0,           0
        26,        14,        0.03,        0.02,           0,        0.01,           0,           0,           0,           0,           0,           0,           0,           0,           0,           0,           0,           0,           0,           0,        0.01,           0,           0,        0.01,        0.02,           0,           0,           0,           0,           0,           0,           0,           0,           0,           0,           0,           0,           0,           0,           0,           0,           0,           0,           0,           0,           0,           0,           0,           0,           0,           0,           0
        26,        15,        0.56,           0,           0,        0.04,           0,           0,           0,           0,           0,           0,           0,           0,        0.52,           0,           0,           0,           0,           0,        0.04,           0,           0,        0.04,           0,           0,           0,           0,        0.52,           0,           0,           0,           0,           0,           0,           0,           0,           0,           0,           0,           0,           0,           0,           0,           0,           0,           0,           0,           0,           0,           0,           0
        26,        16,        1.88,        0.05,        0.06,        0.58,           0,           0,           0,           0,           0,           0,           0,           0,        1.19,           0,           0,           0,           0,           0,        0.64,           0,           0,        0.58,        0.05,           0,           0,           0,        1.19,           0,           0,           0,           0,           0,           0,           0,           0,           0,           0,           0,           0,           0,           0,           0,           0,           0,           0,           0,           0,           0,           0,           0
        26,        17,        0.78,        0.05,        0.06,        0.41,           0,           0,           0,           0,           0,           0,           0,           0,        0.26,           0,           0,           0,           0,           0,        0.47,           0,           0,        0.41,        0.05,           0,           0,           0,        0.26,           0,           0,           0,           0,           0,           0,           0,           0,           0,           0,           0,           0,           0,           0,           0,           0,           0,           0,           0,           0,           0,           0,           0
        26,        18,           0,           0,           0,           0,           0,           0,           0,           0,           0,           0,           0,           0,           0,           0,           0,           0,           0,           0,           0,           0,           0,           0,           0,           0,           0,           0,           0,           0,           0,           0,           0,           0,           0,           0,           0,           0,           0,           0,           0,           0,           0,           0,           0,           0,           0,           0,           0,           0,           0,           0
        26,        19,      115.16,        0.01,           0,           0,        0.02,           0,           0,           0,           0,           0,           0,           0,      115.13,           0,           0,           0,           0,        0.02,           0,           0,           0,           0,        0.01,           0,           0,           0,      115.13,           0,           0,           0,           0,           0,           0,           0,           0,           0,           0,           0,           0,           0,           0,           0,           0,           0,           0,           0,           0,           0,           0,           0
        26,        20,       33.06,        0.09,        0.30,        0.94,        0.22,           0,           0,           0,           0,           0,           0,           0,       31.50,           0,           0,           0,           0,        0.22,        1.24,           0,           0,        0.94,        0.09,           0,           0,           0,       31.50,           0,           0,           0,           0,           0,           0,           0,           0,           0,           0,           0,           0,           0,           0,           0,           0,           0,           0,           0,           0,           0,           0,           0
        26,        21,        3.93,        0.33,        0.39,        2.97,        0.05,           0,           0,        0.01,        0.02,           0,           0,           0,        0.16,           0,           0,           0,           0,        0.05,        3.36,        0.03,           0,        2.97,        0.35,        0.01,        0.01,           0,        0.16,           0,           0,           0,           0,           0,           0,           0,           0,           0,           0,           0,           0,           0,           0,           0,           0,           0,           0,           0,           0,           0,           0,           0
        26,        22,       50.89,        0.62,        0.41,        2.80,        0.32,        1.12,           0,           0,        0.04,           0,           0,           0,       45.58,           0,           0,           0,           0,        1.44,        3.21,        0.04,           0,        2.80,        0.66,        0.04,           0,           0,       45.58,           0,           0,           0,           0,           0,           0,           0,           0,           0,           0,           0,           0,           0,           0,           0,           0,           0,           0,           0,           0,           0,           0,           0
        26,        23,       59.51,        0.20,           0,        1.36,        0.28,           0,           0,           0,        0.05,           0,           0,           0,       57.62,           0,           0,           0,           0,        0.28,        1.36,        0.05,           0,        1.36,        0.27,        0.07,           0,           0,       57.62,           0,           0,           0,           0,           0,           0,           0,           0,           0,           0,           0,           0,           0,           0,           0,           0,           0,           0,           0,           0,           0,           0,           0
        26,        24,        0.33,           0,           0,           0,           0,           0,           0,           0,           0,           0,           0,           0,        0.33,           0,           0,           0,           0,           0,           0,           0,           0,           0,           0,           0,           0,           0,        0.33,           0,           0,           0,           0,           0,           0,           0,           0,           0,           0,           0,           0,           0,           0,           0,           0,           0,           0,           0,           0,           0,           0,           0
        26,        25,        0.64,           0,        0.06,        0.11,           0,           0,           0,           0,        0.01,           0,           0,           0,        0.46,           0,           0,           0,           0,           0,        0.17,        0.01,           0,        0.11,           0,           0,           0,           0,        0.46,           0,           0,           0,           0,           0,           0,           0,           0,           0,           0,           0,           0,           0,           0,           0,           0,           0,           0,           0,           0,           0,           0,           0
        26,        26,      172.09,           0,           0,        0.06,           0,           0,           0,           0,           0,           0,           0,           0,      172.03,           0,           0,           0,           0,           0,        0.06,           0,           0,        0.06,           0,           0,           0,           0,      172.03,           0,           0,           0,           0,           0,           0,           0,           0,           0,           0,           0,           0,           0,           0,           0,           0,           0,           0,           0,           0,           0,           0,           0
        26,        27,        0.10,           0,           0,           0,           0,           0,           0,           0,           0,        0.10,           0,           0,           0,           0,           0,           0,           0,           0,           0,           0,           0,           0,           0,           0,           0,           0,           0,           0,           0,           0,           0,           0,           0,           0,           0,           0,           0,           0,           0,           0,           0,           0,           0,           0,           0,           0,           0,           0,           0,           0
        27,         1,    24343.68,           0,           0,           0,           0,           0,           0,           0,           0,           0,    23428.40,           0,           0,           0,           0,      678.25,      237.20,           0,           0,           0,           0,           0,           0,           0,           0,           0,           0,           0,           0,           0,           0,           0,           0,           0,           0,           0,           0,           0,           0,           0,           0,           0,           0,           0,           0,      678.25,           0,           0,      237.20,           0
        27,         2,      534.53,           0,           0,           0,           0,           0,           0,           0,           0,           0,      522.09,           0,           0,           0,           0,        9.37,        3.09,           0,           0,           0,           0,           0,           0,           0,           0,           0,           0,           0,           0,           0,           0,           0,           0,           0,           0,           0,           0,           0,           0,           0,           0,           0,           0,           0,           0,        9.37,           0,           0,        3.09,           0
        27,         3,           0,           0,           0,           0,           0,           0,           0,           0,           0,           0,           0,           0,           0,           0,           0,           0,           0,           0,           0,           0,           0,           0,           0,           0,           0,           0,           0,           0,           0,           0,           0,           0,           0,           0,           0,           0,           0,           0,           0,           0,           0,           0,           0,           0,           0,           0,           0,           0,           0,           0
        27,         4,     9712.07,           0,           0,           0,           0,           0,           0,           0,           0,           0,     7724.24,           0,           0,           0,           0,      904.16,     1084.10,           0,           0,           0,           0,           0,           0,           0,           0,           0,           0,           0,           0,           0,           0,           0,           0,           0,           0,           0,           0,           0,           0,           0,           0,           0,           0,           0,           0,      904.16,           0,           0,     1084.10,           0
        27,         5,     9010.35,           0,           0,           0,           0,           0,           0,           0,           0,           0,     7815.70,           0,           0,           0,           0,      711.60,      483.89,           0,           0,           0,           0,           0,           0,           0,           0,           0,           0,           0,           0,           0,           0,           0,           0,           0,           0,           0,           0,           0,           0,           0,           0,           0,           0,           0,           0,      711.60,           0,           0,      483.89,           0
        27,         6,        2.91,           0,           0,           0,           0,           0,           0,           0,           0,           0,        2.73,           0,           0,           0,           0,        0.10,        0.08,           0,           0,           0,           0,           0,           0,           0,           0,           0,           0,           0,           0,           0,           0,           0,           0,           0,           0,           0,           0,           0,           0,           0,           0,           0,           0,           0,           0,        0.10,           0,           0,        0.08,           0
        27,         7,        0.01,           0,           0,           0,           0,           0,           0,           0,           0,           0,        0.01,           0,           0,           0,           0,           0,           0,           0,           0,           0,           0,           0,           0,           0,           0,           0,           0,           0,           0,           0,           0,           0,           0,           0,           0,           0,           0,           0,           0,           0,           0,           0,           0,           0,           0,           0,           0,           0,           0,           0
        27,         8,    10957.98,           0,           0,           0,           0,           0,           0,           0,           0,           0,     9703.12,           0,           0,           0,           0,      651.13,      605.08,           0,           0,           0,           0,           0,           0,           0,           0,           0,           0,           0,           0,           0,           0,           0,           0,           0,           0,           0,           0,           0,           0,           0,           0,           0,           0,           0,           0,      651.13,           0,           0,      605.08,           0
        27,         9,     6072.05,           0,           0,           0,           0,           0,           0,           0,           0,           0,     4697.88,           0,           0,           0,           0,      333.12,     1041.85,           0,           0,           0,           0,           0,           0,           0,           0,           0,           0,           0,           0,           0,           0,           0,           0,           0,           0,           0,           0,           0,           0,           0,           0,           0,           0,           0,           0,      333.12,           0,           0,     1041.85,           0
        27,        10,        0.48,           0,           0,           0,           0,           0,           0,           0,           0,           0,        0.44,           0,           0,           0,           0,           0,        0.04,           0,           0,           0,           0,           0,           0,           0,           0,           0,           0,           0,           0,           0,           0,           0,           0,           0,           0,           0,           0,           0,           0,           0,           0,           0,           0,           0,           0,           0,           0,           0,        0.04,           0
        27,        11,     6693.99,           0,           0,           0,           0,           0,           0,           0,           0,           0,     4976.75,           0,           0,           0,           0,      323.09,     1394.92,           0,           0,           0,           0,           0,           0,           0,           0,           0,           0,           0,           0,           0,           0,           0,           0,           0,           0,           0,           0,           0,           0,           0,           0,           0,           0,           0,           0,      323.09,           0,           0,     1394.92,           0
        27,        12,    23945.28,           0,           0,           0,           0,           0,           0,           0,           0,           0,    18572.83,           0,           0,           0,           0,     1269.98,     4105.90,           0,           0,           0,           0,           0,           0,           0,           0,           0,           0,           0,           0,           0,           0,           0,           0,           0,           0,           0,           0,           0,           0,           0,           0,           0,           0,           0,           0,     1269.98,           0,           0,     4105.90,           0
        27,        13,     6566.99,           0,           0,           0,           0,           0,           0,           0,           0,           0,     5828.31,           0,           0,           0,           0,      320.69,      418.80,           0,           0,           0,           0,           0,           0,           0,           0,           0,           0,           0,           0,           0,           0,           0,           0,           0,           0,           0,           0,           0,           0,           0,           0,           0,           0,           0,           0,      320.69,           0,           0,      418.80,           0
        27,        14,    25582.63,           0,           0,           0,           0,           0,           0,           0,           0,           0,    22814.70,           0,           0,           0,           0,     1104.96,     1666.84,           0,           0,           0,           0,           0,           0,           0,           0,           0,           0,           0,           0,           0,           0,           0,           0,           0,           0,           0,           0,           0,           0,           0,           0,           0,           0,           0,           0,     1104.96,           0,           0,     1666.84,           0
        27,        15,     1275.16,           0,           0,           0,           0,           0,           0,           0,           0,           0,      916.84,           0,           0,           0,           0,       81.60,      277.54,           0,           0,           0,           0,           0,           0,           0,           0,           0,           0,           0,           0,           0,           0,           0,           0,           0,           0,           0,           0,           0,           0,           0,           0,           0,           0,           0,           0,       81.60,           0,           0,      277.54,           0
        27,        16,     6931.05,           0,           0,           0,           0,           0,           0,           0,           0,           0,     5295.51,           0,           0,           0,           0,      538.06,     1101.32,           0,           0,           0,           0,           0,           0,           0,           0,           0,           0,           0,           0,           0,           0,           0,           0,           0,           0,           0,           0,           0,           0,           0,           0,           0,           0,           0,           0,      538.06,           0,           0,     1101.32,           0
        27,        17,     6640.44,           0,           0,           0,           0,           0,           0,           0,           0,           0,     5506.00,           0,           0,           0,           0,      458.62,      679.15,           0,           0,           0,           0,           0,           0,           0,           0,           0,           0,           0,           0,           0,           0,           0,           0,           0,           0,           0,           0,           0,           0,           0,           0,           0,           0,           0,           0,      458.62,           0,           0,      679.15,           0
        27,        18,       36.91,           0,           0,           0,           0,           0,           0,           0,           0,           0,       32.20,           0,           0,           0,           0,        1.85,        2.87,           0,           0,           0,           0,           0,           0,           0,           0,           0,           0,           0,           0,           0,           0,           0,           0,           0,           0,           0,           0,           0,           0,           0,           0,           0,           0,           0,           0,        1.85,           0,           0,        2.87,           0
        27,        19,      211.04,           0,           0,           0,           0,           0,           0,           0,           0,           0,      126.59,           0,           0,           0,           0,       13.50,       71.20,           0,           0,           0,           0,           0,           0,           0,           0,           0,           0,           0,           0,           0,           0,           0,           0,           0,           0,           0,           0,           0,           0,           0,           0,           0,           0,           0,           0,       13.50,           0,           0,       71.20,           0
        27,        20,     7600.93,           0,           0,           0,           0,           0,           0,           0,           0,           0,     5992.04,           0,           0,           0,           0,      754.69,      857.48,           0,           0,           0,           0,           0,           0,           0,           0,           0,           0,           0,           0,           0,           0,           0,           0,           0,           0,           0,           0,           0,           0,           0,           0,           0,           0,           0,           0,      754.69,           0,           0,      857.48,           0
        27,        21,    13292.70,           0,           0,           0,           0,           0,           0,           0,           0,           0,    10965.97,           0,           0,           0,           0,     1214.54,     1114.04,           0,           0,           0,           0,           0,           0,           0,           0,           0,           0,           0,           0,           0,           0,           0,           0,           0,           0,           0,           0,           0,           0,           0,           0,           0,           0,           0,           0,     1214.54,           0,           0,     1114.04,           0
        27,        22,    13651.50,           0,           0,           0,           0,           0,           0,           0,           0,           0,    11658.48,           0,           0,           0,           0,      903.15,     1091.27,           0,           0,           0,           0,           0,           0,           0,           0,           0,           0,           0,           0,           0,           0,           0,           0,           0,           0,           0,           0,           0,           0,           0,           0,           0,           0,           0,           0,      903.15,           0,           0,     1091.27,           0
        27,        23,      113.23,           0,           0,           0,           0,           0,           0,           0,           0,           0,      106.46,           0,           0,           0,           0,        4.59,        2.19,           0,           0,           0,           0,           0,           0,           0,           0,           0,           0,           0,           0,           0,           0,           0,           0,           0,           0,           0,           0,           0,           0,           0,           0,           0,           0,           0,           0,        4.59,           0,           0,        2.19,           0
        27,        24,        0.70,           0,           0,           0,           0,           0,           0,           0,           0,           0,        0.39,           0,           0,           0,           0,        0.28,        0.03,           0,           0,           0,           0,           0,           0,           0,           0,           0,           0,           0,           0,           0,           0,           0,           0,           0,           0,           0,           0,           0,           0,           0,           0,           0,           0,           0,           0,        0.28,           0,           0,        0.03,           0
        27,        25,       96.92,           0,           0,           0,           0,           0,           0,           0,           0,           0,       89.06,           0,           0,           0,           0,        5.25,        2.63,           0,           0,           0,           0,           0,           0,           0,           0,           0,           0,           0,           0,           0,           0,           0,           0,           0,           0,           0,           0,           0,           0,           0,           0,           0,           0,           0,           0,        5.25,           0,           0,        2.63,           0
        27,        26,        0.15,           0,           0,           0,           0,           0,           0,           0,           0,           0,        0.15,           0,           0,           0,           0,           0,           0,           0,           0,           0,           0,           0,           0,           0,           0,           0,           0,           0,           0,           0,           0,           0,           0,           0,           0,           0,           0,           0,           0,           0,           0,           0,           0,           0,           0,           0,           0,           0,           0,           0
        27,        27,    22690.00,           0,           0,           0,           0,           0,           0,           0,           0,           0,           0,    16469.00,           0,           0,           0,     1800.00,     4421.00,           0,           0,           0,           0,           0,           0,           0,           0,           0,           0,           0,           0,           0,           0,           0,           0,           0,           0,           0,           0,           0,           0,           0,           0,           0,           0,           0,           0,           0,     1800.00,           0,           0,     4421.00
