TAZID,CO_TAZID,CO_FIPS,SUBAREAID,AREATYPE,TOTAL_P,TOTAL_A,TOTPER_P,TOTPER_A,TOTEXT_P,TOTEXT_A,HBW_P,HBW_A,HBSHP_P,HBSHP_A,HBOTH_P,HBOTH_A,HBSCHPR_P,HBSCHPR_A,HBSCHSC_P,HBSCHSC_A,NHBW_P,NHBW_A,NHBNW_P,NHBNW_A,HBC_P,HBC_A,TTUNIQUE_P,TTUNIQUE_A,IX_P,IX_A,XI_P,XI_A
1,30001,3,1,1,78.8,80.8,0.0,0.0,0.0,0.0,0.0,0.0,0.0,0.0,0.0,0.0,0.0,0.0,0.0,0.0,0.0,0.0,0.0,0.0,0.0,0.0,0.0,0.0,0.0,0.0,0.0,0.0
2,30002,3,1,1,215.7,152.6,126.4,57.5,7.6,11.4,20.5,0.1,13.2,0.0,73.5,49.3,5.3,0.0,5.4,0.0,2.0,2.1,6.4,6.1,0.0,0.0,0.0,0.0,7.6,0.0,0.0,11.4
3,30003,3,1,1,284.1,167.8,204.3,84.7,14.6,19.1,30.8,0.1,21.4,0.0,119.7,71.4,9.2,0.0,9.4,0.0,3.4,3.3,10.6,9.9,0.0,0.0,0.0,0.0,14.6,0.0,0.0,19.1
4,30004,3,1,1,67.6,63.6,6.8,3.2,0.8,0.9,1.1,0.0,0.8,0.0,4.2,2.9,0.2,0.0,0.4,0.0,0.0,0.0,0.2,0.2,0.0,0.0,0.0,0.0,0.8,0.0,0.0,0.9
5,30005,3,1,1,752.0,397.6,616.2,252.4,35.0,54.4,95.9,4.8,61.6,0.0,350.4,208.8,31.1,0.0,31.6,0.0,11.7,10.8,29.8,28.0,4.0,0.0,0.0,0.0,35.0,0.0,0.0,54.4
6,30006,3,1,1,99.1,105.0,25.7,28.3,2.0,6.7,3.4,8.5,2.6,0.0,14.9,17.4,1.2,0.0,1.3,0.0,1.2,1.2,1.1,1.2,0.0,0.0,0.0,0.0,2.0,0.0,0.0,6.7
7,30007,3,1,1,501.0,406.3,351.4,235.5,25.0,53.5,50.7,35.7,35.0,8.4,196.5,156.0,15.6,0.0,15.8,0.0,12.6,12.2,25.1,23.2,0.0,0.0,0.0,0.0,25.0,0.0,0.0,53.5
8,30008,3,1,2,752.9,572.6,593.9,378.1,49.8,95.2,74.0,40.9,47.9,70.1,274.9,173.4,24.6,0.0,25.1,0.0,21.3,20.0,77.2,73.7,48.0,0.0,1.0,0.0,49.8,0.0,0.0,95.2
9,30009,3,1,1,417.5,567.7,142.4,272.4,31.6,57.3,19.1,98.6,13.1,0.0,74.5,150.8,5.8,0.0,5.9,0.0,16.7,15.8,7.4,7.2,0.0,0.0,0.0,0.0,31.6,0.0,0.0,57.3
10,30010,3,1,1,504.9,619.0,204.3,309.0,44.4,64.9,27.8,102.8,19.5,0.0,110.0,178.4,8.4,0.0,8.6,0.0,18.6,17.6,10.5,10.2,0.0,0.0,1.0,0.0,44.4,0.0,0.0,64.9
11,30011,3,1,1,198.8,129.6,70.5,28.5,17.1,6.1,11.5,0.0,7.0,0.0,40.9,24.8,3.6,0.0,3.7,0.0,0.8,0.9,2.8,2.8,0.0,0.0,0.0,0.0,17.1,0.0,0.0,6.1
12,30012,3,1,1,294.3,193.0,160.0,68.6,21.2,16.1,27.0,0.2,16.1,0.0,91.5,58.8,7.8,0.0,7.9,0.0,2.3,2.3,7.3,7.2,0.0,0.0,0.0,0.0,21.2,0.0,0.0,16.1
13,30013,3,1,2,109.3,109.1,0.0,0.0,0.0,0.0,0.0,0.0,0.0,0.0,0.0,0.0,0.0,0.0,0.0,0.0,0.0,0.0,0.0,0.0,0.0,0.0,0.0,0.0,0.0,0.0,0.0,0.0
14,30014,3,1,2,109.3,110.0,0.0,0.0,0.0,0.0,0.0,0.0,0.0,0.0,0.0,0.0,0.0,0.0,0.0,0.0,0.0,0.0,0.0,0.0,0.0,0.0,0.0,0.0,0.0,0.0,0.0,0.0
15,30015,3,1,1,576.6,1253.2,65.3,617.9,1.7,144.2,1.3,367.5,1.0,0.0,5.1,196.9,0.4,0.0,0.5,0.0,55.4,51.8,1.6,1.7,0.0,0.0,0.0,0.0,1.7,0.0,0.0,144.2
16,30016,3,1,2,277.9,556.0,23.2,252.2,2.5,57.7,1.2,99.5,1.0,0.0,4.8,138.2,0.4,0.0,0.4,0.0,14.3,13.2,1.1,1.2,0.0,0.0,0.0,0.0,2.5,0.0,0.0,57.7
17,30017,3,1,1,145.8,123.3,29.5,11.8,6.5,2.6,4.7,0.0,3.1,0.0,17.2,10.3,1.6,0.0,1.7,0.0,0.3,0.3,1.1,1.1,0.0,0.0,0.0,0.0,6.5,0.0,0.0,2.6
18,30018,3,1,1,1269.1,2936.5,172.6,1523.6,0.0,341.0,0.0,1108.2,0.0,0.0,1.0,258.3,0.0,0.0,0.0,0.0,168.4,154.9,2.2,2.2,0.0,0.0,1.0,0.0,0.0,0.0,0.0,341.0
19,30019,3,1,2,3175.5,1607.2,2452.8,1142.0,527.8,263.6,372.5,18.4,230.9,61.5,1373.1,854.2,126.5,0.0,129.2,0.0,57.1,52.9,161.6,154.9,0.0,0.0,2.0,0.0,527.8,0.0,0.0,263.6
20,30020,3,1,3,1776.0,1541.0,1343.1,1035.2,181.1,252.7,221.4,143.0,140.1,52.7,717.2,670.8,42.1,0.0,43.1,0.0,60.7,56.3,117.5,112.4,0.0,0.0,1.0,0.0,181.1,0.0,0.0,252.7
21,30021,3,1,2,750.2,1759.2,117.6,911.3,0.0,224.0,0.0,759.0,0.0,0.0,1.0,45.9,0.0,0.0,0.0,0.0,115.3,106.1,0.4,0.4,0.0,0.0,1.0,0.0,0.0,0.0,0.0,224.0
22,30022,3,1,2,115.6,123.3,20.4,25.8,5.6,6.5,2.8,15.5,1.9,0.0,10.6,7.3,1.0,0.0,1.0,0.0,2.3,2.2,0.8,0.8,0.0,0.0,0.0,0.0,5.6,0.0,0.0,6.5
23,30023,3,1,2,208.0,320.1,41.0,127.6,7.9,31.6,4.6,72.0,3.1,0.0,17.5,43.9,1.7,0.0,1.7,0.0,10.6,10.1,1.6,1.6,0.0,0.0,0.0,0.0,7.9,0.0,0.0,31.6
24,30024,3,1,2,1871.1,863.6,1418.6,593.0,323.4,133.2,219.6,3.8,135.9,0.0,813.9,501.0,75.4,0.0,77.0,0.0,25.7,23.9,67.0,64.4,3.0,0.0,1.0,0.0,323.4,0.0,0.0,133.2
25,30025,3,1,3,4090.0,3223.3,3284.8,2555.5,573.7,428.7,468.5,151.9,313.0,21.9,1815.9,1307.8,164.4,743.6,167.8,0.0,116.9,108.2,231.3,222.1,6.0,0.0,1.0,0.0,573.7,0.0,0.0,428.7
26,30026,3,1,3,2608.6,2276.8,2014.6,1592.8,303.1,389.1,285.3,223.8,192.4,80.7,1058.8,983.4,76.4,0.0,78.0,0.0,107.3,99.2,214.4,205.7,1.0,0.0,1.0,0.0,303.1,0.0,0.0,389.1
27,30027,3,1,2,109.5,114.2,0.0,0.0,0.0,0.0,0.0,0.0,0.0,0.0,0.0,0.0,0.0,0.0,0.0,0.0,0.0,0.0,0.0,0.0,0.0,0.0,0.0,0.0,0.0,0.0,0.0,0.0
28,30028,3,1,2,224.9,411.7,30.1,169.0,2.0,45.5,1.5,145.2,1.0,0.0,5.0,3.6,0.4,0.0,0.4,0.0,21.5,19.9,0.4,0.4,0.0,0.0,0.0,0.0,2.0,0.0,0.0,45.5
29,30029,3,1,3,2947.2,1480.2,2384.5,1033.1,365.1,240.8,404.7,5.4,241.3,0.0,1334.6,872.4,110.8,0.0,113.1,0.0,45.6,42.4,117.4,112.9,16.0,0.0,1.0,0.0,365.1,0.0,0.0,240.8
30,30030,3,1,3,2870.4,2197.0,2345.3,1600.4,313.0,379.7,372.2,105.2,248.4,57.0,1301.2,1152.2,72.3,6.6,73.8,16.3,77.6,71.9,198.8,191.2,0.0,0.0,1.0,0.0,313.0,0.0,0.0,379.7
31,30031,3,1,3,2900.7,2836.7,2301.9,1968.5,237.0,507.6,284.4,291.0,192.2,133.4,1026.6,906.1,62.1,0.0,63.4,0.0,222.5,205.4,449.7,432.7,0.0,0.0,1.0,0.0,237.0,0.0,0.0,507.6
32,30032,3,1,3,1268.5,735.7,1021.9,503.4,138.1,118.1,160.9,4.5,106.2,0.0,588.2,424.5,43.8,0.0,44.8,0.0,21.8,20.2,56.3,54.1,0.0,0.0,0.0,0.0,138.1,0.0,0.0,118.1
33,30033,3,1,3,1606.7,1074.7,1328.8,757.4,146.5,180.7,210.9,18.5,143.3,0.0,763.9,628.6,46.3,0.0,47.2,0.0,34.0,31.3,82.2,79.0,0.0,0.0,1.0,0.0,146.5,0.0,0.0,180.7
34,30034,3,1,3,2192.8,1322.0,1832.8,940.9,207.2,223.8,287.7,35.3,190.2,8.7,1044.8,752.0,77.4,0.0,79.1,0.0,44.6,41.4,108.2,103.4,0.0,0.0,1.0,0.0,207.2,0.0,0.0,223.8
35,30035,3,1,3,2768.3,1709.2,2402.1,1245.9,207.2,297.4,380.5,5.8,254.8,0.0,1373.7,1053.1,91.1,0.0,93.0,0.0,54.9,51.0,142.1,136.0,11.0,0.0,1.0,0.0,207.2,0.0,0.0,297.4
36,30036,3,1,3,827.1,578.6,658.8,365.5,47.7,88.3,113.9,12.5,71.0,0.0,372.2,300.4,23.0,0.0,23.5,0.0,16.3,15.2,39.0,37.3,0.0,0.0,0.0,0.0,47.7,0.0,0.0,88.3
37,30037,3,1,2,388.7,774.4,23.1,327.5,0.0,79.9,0.0,136.4,0.0,0.0,1.0,171.5,0.0,0.0,0.0,0.0,19.9,18.4,1.2,1.3,0.0,0.0,1.0,0.0,0.0,0.0,0.0,79.9
38,30038,3,1,3,2236.4,5813.3,432.2,3162.8,0.0,872.3,0.0,2733.1,0.0,0.0,2.0,32.5,0.0,0.0,0.0,0.0,416.5,385.7,11.8,11.5,0.0,0.0,2.0,0.0,0.0,0.0,0.0,872.3
39,30039,3,1,4,950.3,1099.1,682.3,715.2,56.5,176.4,99.9,36.3,62.1,69.6,345.0,499.2,29.4,0.0,30.1,0.0,30.2,28.1,84.7,82.0,0.0,0.0,1.0,0.0,56.5,0.0,0.0,176.4
40,30040,3,1,4,3070.2,3098.7,2549.3,2228.4,210.8,559.6,370.4,238.6,253.4,160.3,1304.2,1379.7,71.4,0.0,72.9,0.0,141.2,131.4,329.7,318.5,4.0,0.0,2.0,0.0,210.8,0.0,0.0,559.6
41,30041,3,1,4,2177.4,3682.5,1713.5,2589.4,76.6,703.2,141.8,116.3,95.2,895.8,471.4,664.1,24.3,0.0,24.9,0.0,200.0,185.6,755.0,727.6,0.0,0.0,1.0,0.0,76.6,0.0,0.0,703.2
42,30042,3,1,3,716.9,722.4,526.2,471.2,56.1,112.1,87.2,20.8,56.4,0.0,294.7,405.1,17.0,0.0,17.4,0.0,15.2,14.2,32.2,31.0,5.0,0.0,1.0,0.0,56.1,0.0,0.0,112.1
43,30043,3,1,3,2031.6,2755.6,1723.0,2302.5,137.6,275.8,263.4,110.0,174.7,0.0,952.6,826.6,63.6,1179.3,65.0,0.0,67.2,62.4,129.5,124.2,5.0,0.0,2.0,0.0,137.6,0.0,0.0,275.8
44,30044,3,1,3,1149.7,674.9,958.2,439.7,69.1,105.7,159.1,2.5,98.7,0.0,543.1,372.0,43.4,0.0,44.4,0.0,18.8,17.5,49.6,47.7,0.0,0.0,1.0,0.0,69.1,0.0,0.0,105.7
45,30045,3,1,2,1052.2,679.0,870.8,442.3,59.4,107.9,145.3,41.1,89.9,0.0,493.6,340.8,38.3,0.0,39.2,0.0,17.7,16.5,45.8,43.9,0.0,0.0,1.0,0.0,59.4,0.0,0.0,107.9
46,30046,3,1,2,90.0,92.4,0.0,0.0,0.0,0.0,0.0,0.0,0.0,0.0,0.0,0.0,0.0,0.0,0.0,0.0,0.0,0.0,0.0,0.0,0.0,0.0,0.0,0.0,0.0,0.0,0.0,0.0
47,30047,3,1,1,129.6,104.1,19.1,7.4,1.5,1.9,2.8,0.0,1.8,0.0,11.0,6.7,0.9,0.0,1.0,0.0,0.1,0.1,0.6,0.7,0.0,0.0,1.0,0.0,1.5,0.0,0.0,1.9
48,30048,3,1,1,200.5,149.3,80.0,33.4,9.7,7.9,13.2,0.0,8.2,0.0,46.1,28.9,4.0,0.0,4.1,0.0,1.0,1.0,3.4,3.4,0.0,0.0,0.0,0.0,9.7,0.0,0.0,7.9
49,30049,3,1,2,731.9,1370.2,525.7,902.4,0.0,246.0,0.0,56.2,0.0,359.5,14.0,10.7,0.0,0.0,0.0,0.0,121.2,112.5,376.5,363.5,0.0,0.0,14.0,0.0,0.0,0.0,0.0,246.0
50,30050,3,1,3,505.3,1450.1,201.1,919.6,5.7,233.0,4.9,422.6,3.3,4.3,18.3,300.9,1.6,0.0,1.7,29.6,83.2,77.9,87.2,84.4,0.0,0.0,1.0,0.0,5.7,0.0,0.0,233.0
51,30051,3,1,3,217.3,412.6,59.0,203.8,3.5,54.4,6.5,107.3,4.7,0.0,25.4,78.7,2.0,0.0,2.0,0.0,12.8,12.1,5.8,5.7,0.0,0.0,0.0,0.0,3.5,0.0,0.0,54.4
52,30052,3,1,3,1965.9,7012.7,526.6,4545.7,45.4,1087.8,62.4,790.3,44.5,0.0,219.4,3589.4,10.8,0.0,11.1,0.0,145.0,135.3,31.5,30.7,0.0,0.0,2.0,0.0,45.4,0.0,0.0,1087.8
53,30053,3,1,4,4901.6,9535.9,3673.2,6729.8,156.7,1739.2,301.8,830.9,212.4,1261.5,1048.7,2542.7,52.4,0.0,53.5,178.6,563.9,525.1,1436.5,1391.1,0.0,0.0,4.0,0.0,156.7,0.0,0.0,1739.2
54,30054,3,1,4,2554.2,3810.9,1994.4,2669.4,110.5,694.9,208.5,580.6,137.8,119.6,797.4,1292.6,66.5,0.0,67.9,0.0,264.0,245.6,446.2,431.0,0.0,0.0,6.0,0.0,110.5,0.0,0.0,694.9
55,30055,3,1,3,2199.3,3222.3,1802.5,2673.6,212.2,362.8,244.4,227.1,161.3,0.0,925.7,919.9,77.4,0.0,79.1,1227.7,123.6,115.4,190.1,183.5,1.0,0.0,0.0,0.0,212.2,0.0,0.0,362.8
56,30056,3,1,3,523.1,316.8,369.3,168.8,51.5,40.6,61.4,0.5,37.8,0.0,210.0,143.3,17.0,0.0,17.4,0.0,6.9,6.6,18.9,18.4,0.0,0.0,0.0,0.0,51.5,0.0,0.0,40.6
57,30057,3,1,3,652.8,396.0,496.7,228.3,49.0,54.9,82.5,1.6,50.9,0.0,282.3,193.1,22.8,0.0,23.2,0.0,9.4,9.0,25.6,24.8,0.0,0.0,0.0,0.0,49.0,0.0,0.0,54.9
58,30058,3,1,2,196.5,401.6,22.6,177.8,0.0,50.8,0.0,156.9,0.0,0.0,0.0,0.0,0.0,0.0,0.0,0.0,22.6,21.0,0.0,0.0,0.0,0.0,0.0,0.0,0.0,0.0,0.0,50.8
59,30059,3,1,2,109.3,110.1,0.0,0.0,0.0,0.0,0.0,0.0,0.0,0.0,0.0,0.0,0.0,0.0,0.0,0.0,0.0,0.0,0.0,0.0,0.0,0.0,0.0,0.0,0.0,0.0,0.0,0.0
60,30060,3,1,2,109.4,109.9,0.0,0.0,0.0,0.0,0.0,0.0,0.0,0.0,0.0,0.0,0.0,0.0,0.0,0.0,0.0,0.0,0.0,0.0,0.0,0.0,0.0,0.0,0.0,0.0,0.0,0.0
61,30061,3,1,3,3192.0,1600.4,2829.8,1137.5,179.2,272.5,443.0,4.1,273.7,0.0,1619.9,960.2,154.8,0.0,157.9,0.0,50.0,47.0,129.5,126.2,0.0,0.0,1.0,0.0,179.2,0.0,0.0,272.5
62,30062,3,1,3,2518.2,1347.1,2197.0,951.2,157.0,229.4,336.8,7.5,219.2,8.6,1259.2,789.8,114.6,0.0,116.9,0.0,41.5,39.0,108.8,106.4,0.0,0.0,0.0,0.0,157.0,0.0,0.0,229.4
63,30063,3,1,4,497.3,2910.5,374.3,2597.4,12.7,203.1,26.0,219.6,18.0,0.0,100.2,348.1,7.2,0.0,7.4,1824.5,95.7,89.9,118.8,115.3,0.0,0.0,1.0,0.0,12.7,0.0,0.0,203.1
64,30064,3,1,3,3467.4,2724.3,2952.9,1885.7,172.6,493.8,383.8,178.2,238.6,115.0,1389.1,935.4,127.8,0.0,130.4,0.0,217.2,203.3,464.0,453.7,0.0,0.0,2.0,0.0,172.6,0.0,0.0,493.8
65,30065,3,1,4,3001.5,2268.9,2619.9,1646.9,174.7,413.4,379.2,27.4,258.7,177.6,1407.6,1083.6,98.8,0.0,100.8,0.0,90.9,85.2,281.0,273.0,0.0,0.0,3.0,0.0,174.7,0.0,0.0,413.4
66,30066,3,1,3,1636.4,1912.2,1358.1,1354.0,78.7,357.5,162.5,61.3,112.1,248.2,570.7,607.1,29.4,0.0,30.1,0.0,116.0,108.8,336.3,328.6,1.0,0.0,0.0,0.0,78.7,0.0,0.0,357.5
67,30067,3,1,4,1982.3,1983.2,1671.2,1403.3,104.2,370.6,197.0,33.6,134.8,351.8,769.8,594.7,64.7,0.0,66.2,0.0,94.6,88.6,344.0,334.5,0.0,0.0,0.0,0.0,104.2,0.0,0.0,370.6
68,30068,3,1,3,1934.4,1233.8,1663.0,879.5,132.3,211.5,238.2,44.9,169.1,0.0,960.1,706.5,80.1,0.0,81.8,0.0,40.8,38.2,92.1,89.9,0.0,0.0,1.0,0.0,132.3,0.0,0.0,211.5
69,30069,3,1,3,400.6,304.5,286.7,180.1,34.0,43.4,42.0,4.7,28.5,0.0,167.1,155.6,14.1,0.0,14.5,0.0,6.1,5.8,14.3,14.0,0.0,0.0,0.0,0.0,34.0,0.0,0.0,43.4
70,30070,3,1,2,908.8,701.9,765.4,503.5,67.9,120.7,123.1,15.4,84.2,0.0,438.3,418.7,23.8,0.0,24.4,0.0,20.3,19.1,51.4,50.2,0.0,0.0,0.0,0.0,67.9,0.0,0.0,120.7
71,30071,3,1,2,40.5,40.4,0.0,0.0,0.0,0.0,0.0,0.0,0.0,0.0,0.0,0.0,0.0,0.0,0.0,0.0,0.0,0.0,0.0,0.0,0.0,0.0,0.0,0.0,0.0,0.0,0.0,0.0
72,30072,3,1,2,1203.2,929.0,904.0,636.5,161.7,152.2,127.2,30.1,91.5,8.6,519.1,523.0,43.1,0.0,44.1,0.0,24.2,22.6,53.8,52.2,0.0,0.0,1.0,0.0,161.7,0.0,0.0,152.2
73,30073,3,1,2,162.0,143.6,31.8,13.6,7.1,3.5,4.9,1.0,3.3,0.0,18.2,10.9,1.9,0.0,1.9,0.0,0.4,0.4,1.3,1.3,0.0,0.0,0.0,0.0,7.1,0.0,0.0,3.5
74,30074,3,1,2,109.5,109.4,0.0,0.0,0.0,0.0,0.0,0.0,0.0,0.0,0.0,0.0,0.0,0.0,0.0,0.0,0.0,0.0,0.0,0.0,0.0,0.0,0.0,0.0,0.0,0.0,0.0,0.0
75,30075,3,1,3,2043.6,1861.3,1665.2,1287.9,130.4,317.7,225.4,211.8,141.1,41.8,825.0,693.3,76.5,0.0,78.1,53.5,104.8,98.7,192.2,188.8,15.0,0.0,7.0,0.0,130.4,0.0,0.0,317.7
76,30076,3,1,3,1130.8,626.6,952.5,405.6,57.0,98.2,150.4,9.3,92.7,0.0,545.2,335.7,50.3,0.0,51.5,0.0,17.8,16.8,44.7,43.7,0.0,0.0,0.0,0.0,57.0,0.0,0.0,98.2
77,30077,3,1,3,2059.6,5369.2,1328.6,3946.2,55.3,750.4,131.1,1113.1,83.4,0.0,480.3,1207.6,44.2,0.0,45.0,1105.7,261.9,245.6,279.6,274.3,0.0,0.0,3.0,0.0,55.3,0.0,0.0,750.4
78,30078,3,1,3,4838.0,4100.5,4205.9,2958.3,256.3,759.1,567.5,103.2,390.3,329.7,2124.3,1738.5,142.8,0.0,145.7,0.0,217.4,204.0,594.9,582.9,19.0,0.0,4.0,0.0,256.3,0.0,0.0,759.1
79,30079,3,1,3,1835.6,4294.6,1415.9,3271.6,23.4,629.9,52.7,376.7,37.5,417.5,200.3,390.6,13.4,1027.6,13.8,0.0,337.0,315.7,760.1,743.5,0.0,0.0,1.0,0.0,23.4,0.0,0.0,629.9
80,30080,3,1,3,2602.7,3084.1,2182.9,2186.8,113.7,590.8,212.2,271.7,147.8,246.8,801.2,798.6,55.6,0.0,56.8,0.0,285.6,267.9,614.6,601.6,8.0,0.0,1.0,0.0,113.7,0.0,0.0,590.8
81,30081,3,1,2,379.5,806.6,229.2,552.9,33.2,135.4,26.3,87.9,19.1,0.0,96.3,391.0,4.6,0.0,4.8,0.0,34.8,32.7,42.3,41.2,0.0,0.0,1.0,0.0,33.2,0.0,0.0,135.4
82,30082,3,1,3,3858.9,4553.2,3212.3,3233.4,167.9,840.9,400.5,323.6,276.9,315.6,1423.2,1667.1,74.1,0.0,75.7,0.0,286.8,268.8,673.2,658.3,0.0,0.0,2.0,0.0,167.9,0.0,0.0,840.9
83,30083,3,1,3,1391.5,2512.3,1055.9,1683.3,0.0,486.5,0.0,160.3,0.0,483.0,7.0,27.0,0.0,0.0,0.0,0.0,294.5,277.4,747.5,735.7,0.0,0.0,7.0,0.0,0.0,0.0,0.0,486.5
84,30084,3,1,3,1002.5,2150.1,721.3,1450.6,0.0,414.6,0.0,177.6,0.0,430.3,1.0,143.4,0.0,0.0,0.0,0.0,196.0,184.5,523.2,514.7,0.0,0.0,1.0,0.0,0.0,0.0,0.0,414.6
85,30085,3,1,3,772.6,1000.3,493.1,604.6,43.4,154.9,70.1,147.5,43.8,12.7,247.6,361.5,22.1,0.0,22.5,0.0,35.7,33.4,50.4,49.4,0.0,0.0,1.0,0.0,43.4,0.0,0.0,154.9
86,30086,3,1,2,544.1,952.3,370.8,606.3,1.1,171.6,1.3,41.4,1.0,224.6,11.5,3.4,0.4,0.0,0.4,0.0,89.2,83.8,260.0,253.1,0.0,0.0,7.0,0.0,1.1,0.0,0.0,171.6
87,30087,3,1,2,102.1,101.3,0.0,0.0,0.0,0.0,0.0,0.0,0.0,0.0,0.0,0.0,0.0,0.0,0.0,0.0,0.0,0.0,0.0,0.0,0.0,0.0,0.0,0.0,0.0,0.0,0.0,0.0
88,30088,3,1,2,127.6,110.8,30.2,12.7,2.0,3.3,4.5,0.1,3.2,0.0,17.5,10.9,1.7,0.0,1.7,0.0,0.4,0.4,1.3,1.3,0.0,0.0,0.0,0.0,2.0,0.0,0.0,3.3
89,30089,3,1,2,3207.4,4413.8,2555.6,2966.9,42.8,842.0,115.2,377.8,72.5,432.0,403.3,346.9,32.0,0.0,32.8,0.0,602.8,565.1,1287.0,1245.1,1.0,0.0,9.0,0.0,42.8,0.0,0.0,842.0
90,30090,3,1,3,4149.9,8238.1,3331.2,5788.4,38.9,1657.0,90.9,487.4,56.3,2279.5,323.2,292.1,28.3,0.0,29.0,0.0,641.9,604.7,2157.7,2124.8,0.0,0.0,4.0,0.0,38.9,0.0,0.0,1657.0
91,30091,3,1,3,2479.1,1551.1,2159.0,1087.6,129.1,267.6,348.0,138.2,214.4,0.0,1211.6,809.8,107.3,0.0,109.5,0.0,41.8,39.3,103.4,100.2,21.0,0.0,2.0,0.0,129.1,0.0,0.0,267.6
92,30092,3,1,3,2626.7,1602.1,2256.1,1105.2,153.6,271.0,363.6,66.3,222.4,0.0,1272.2,881.9,114.0,0.0,116.4,0.0,50.4,47.5,112.1,109.5,2.0,0.0,3.0,0.0,153.6,0.0,0.0,271.0
93,30093,3,1,2,95.7,95.3,2.0,0.0,0.0,0.0,0.0,0.0,0.0,0.0,1.0,0.0,0.0,0.0,0.0,0.0,0.0,0.0,0.0,0.0,0.0,0.0,1.0,0.0,0.0,0.0,0.0,0.0
94,30094,3,1,2,357.8,251.6,232.8,114.1,14.4,27.5,36.3,11.2,22.7,0.0,133.5,88.3,12.5,0.0,12.9,0.0,4.8,4.6,10.1,9.9,0.0,0.0,0.0,0.0,14.4,0.0,0.0,27.5
95,30095,3,1,2,3653.8,3243.0,3175.1,2477.5,167.5,449.2,440.3,139.8,258.8,77.2,1604.3,1037.6,157.8,705.1,161.1,0.0,171.8,160.9,369.9,356.8,6.0,0.0,5.0,0.0,167.5,0.0,0.0,449.2
96,30096,3,1,2,3186.5,2018.3,2798.7,1421.0,158.3,356.3,424.3,48.5,260.1,90.1,1483.8,939.7,131.3,0.0,134.0,0.0,100.4,94.4,256.8,248.3,0.0,0.0,8.0,0.0,158.3,0.0,0.0,356.3
97,30097,3,1,1,109.7,92.5,0.0,0.0,0.0,0.0,0.0,0.0,0.0,0.0,0.0,0.0,0.0,0.0,0.0,0.0,0.0,0.0,0.0,0.0,0.0,0.0,0.0,0.0,0.0,0.0,0.0,0.0
98,30098,3,1,1,110.3,100.0,2.0,0.0,0.0,0.0,0.0,0.0,0.0,0.0,1.0,0.0,0.0,0.0,0.0,0.0,0.0,0.0,0.0,0.0,0.0,0.0,1.0,0.0,0.0,0.0,0.0,0.0
99,30099,3,1,2,100.1,103.3,0.0,0.0,0.0,0.0,0.0,0.0,0.0,0.0,0.0,0.0,0.0,0.0,0.0,0.0,0.0,0.0,0.0,0.0,0.0,0.0,0.0,0.0,0.0,0.0,0.0,0.0
100,30100,3,1,2,308.6,222.7,189.4,93.1,12.5,22.2,32.6,3.3,19.4,0.0,106.8,76.1,8.2,0.0,8.4,0.0,3.9,3.8,10.2,9.8,0.0,0.0,0.0,0.0,12.5,0.0,0.0,22.2
101,30101,3,1,2,5168.9,3349.7,4541.3,2401.2,276.0,577.5,750.0,112.6,430.4,30.5,2475.2,1821.5,193.5,0.0,197.6,0.0,140.1,131.5,317.6,305.0,21.0,0.0,16.0,0.0,276.0,0.0,0.0,577.5
102,30102,3,1,1,100.2,102.2,0.0,0.0,0.0,0.0,0.0,0.0,0.0,0.0,0.0,0.0,0.0,0.0,0.0,0.0,0.0,0.0,0.0,0.0,0.0,0.0,0.0,0.0,0.0,0.0,0.0,0.0
103,30103,3,1,2,2518.2,1427.6,2181.7,1005.6,140.8,222.1,377.4,18.6,214.6,0.0,1233.1,834.3,96.8,0.0,98.9,0.0,45.8,43.4,114.2,109.4,0.0,0.0,1.0,0.0,140.8,0.0,0.0,222.1
104,30104,3,1,2,958.8,1595.4,766.3,1266.8,41.5,174.7,111.8,135.1,64.8,0.0,365.5,407.7,28.4,476.6,29.0,88.4,68.1,64.3,98.6,94.7,0.0,0.0,0.0,0.0,41.5,0.0,0.0,174.7
105,30105,3,1,2,407.4,330.1,286.9,178.7,15.9,44.0,41.3,8.5,25.5,8.9,137.6,108.1,9.8,0.0,10.0,0.0,16.8,15.9,39.0,37.4,7.0,0.0,0.0,0.0,15.9,0.0,0.0,44.0
106,30106,3,1,2,218.5,262.9,108.7,121.7,4.4,32.3,10.8,10.0,6.8,43.4,38.8,25.1,3.1,0.0,3.1,0.0,8.5,8.0,36.6,35.1,0.0,0.0,1.0,0.0,4.4,0.0,0.0,32.3
107,30107,3,1,1,88.5,89.8,0.0,0.0,0.0,0.0,0.0,0.0,0.0,0.0,0.0,0.0,0.0,0.0,0.0,0.0,0.0,0.0,0.0,0.0,0.0,0.0,0.0,0.0,0.0,0.0,0.0,0.0
108,30108,3,1,1,181.1,144.8,84.6,41.8,5.9,10.0,14.6,0.1,9.0,0.0,48.6,35.9,3.4,0.0,3.3,0.0,1.4,1.4,4.4,4.3,0.0,0.0,0.0,0.0,5.9,0.0,0.0,10.0
109,30109,3,1,1,121.7,147.8,11.4,42.7,0.0,10.2,0.0,14.2,0.0,0.0,0.0,17.5,0.0,0.0,0.0,0.0,5.0,5.0,6.4,6.1,0.0,0.0,0.0,0.0,0.0,0.0,0.0,10.2
110,30110,3,1,1,109.2,104.4,14.7,7.8,1.1,1.9,2.4,0.0,1.7,0.0,8.7,6.9,0.6,0.0,0.6,0.0,0.1,0.1,0.7,0.7,0.0,0.0,0.0,0.0,1.1,0.0,0.0,1.9
111,30111,3,1,1,98.7,97.9,0.0,0.0,0.0,0.0,0.0,0.0,0.0,0.0,0.0,0.0,0.0,0.0,0.0,0.0,0.0,0.0,0.0,0.0,0.0,0.0,0.0,0.0,0.0,0.0,0.0,0.0
112,30112,3,1,1,88.5,88.7,0.0,0.0,0.0,0.0,0.0,0.0,0.0,0.0,0.0,0.0,0.0,0.0,0.0,0.0,0.0,0.0,0.0,0.0,0.0,0.0,0.0,0.0,0.0,0.0,0.0,0.0
113,30113,3,1,1,336.3,228.5,226.6,106.6,15.1,24.7,38.6,0.7,23.2,0.0,130.3,90.6,9.2,0.0,9.4,0.0,3.9,3.9,11.9,11.4,0.0,0.0,0.0,0.0,15.1,0.0,0.0,24.7
114,30114,3,1,1,434.0,294.5,304.2,145.6,20.3,34.4,53.0,2.4,31.0,0.0,172.8,122.4,12.5,0.0,12.9,0.0,5.8,5.7,16.0,15.1,0.0,0.0,0.0,0.0,20.3,0.0,0.0,34.4
115,30115,3,1,1,379.8,769.6,246.4,495.5,0.0,134.3,0.0,11.6,0.0,261.2,4.0,0.0,0.0,0.0,0.0,0.0,45.4,43.1,193.0,179.5,0.0,0.0,4.0,0.0,0.0,0.0,0.0,134.3
116,30116,3,1,1,138.7,245.3,11.2,90.2,0.0,24.8,0.0,79.4,0.0,0.0,0.0,0.0,0.0,0.0,0.0,0.0,11.2,10.8,0.0,0.0,0.0,0.0,0.0,0.0,0.0,0.0,0.0,24.8
117,30117,3,1,1,398.9,469.4,277.2,280.5,12.0,73.8,30.8,11.3,18.5,96.7,104.6,71.8,7.5,0.0,7.8,0.0,22.0,21.1,85.0,79.6,0.0,0.0,1.0,0.0,12.0,0.0,0.0,73.8
118,30118,3,1,1,137.8,123.4,36.8,15.9,2.5,4.0,6.0,0.0,3.8,0.0,21.3,13.9,1.8,0.0,1.9,0.0,0.4,0.4,1.7,1.6,0.0,0.0,0.0,0.0,2.5,0.0,0.0,4.0
119,30119,3,1,2,138.0,257.6,34.5,120.2,0.0,31.2,0.0,39.5,0.0,0.0,0.0,47.7,0.0,0.0,0.0,0.0,15.6,15.2,18.9,17.8,0.0,0.0,0.0,0.0,0.0,0.0,0.0,31.2
120,30120,3,1,2,323.7,249.9,214.1,122.0,13.7,30.0,35.2,5.1,21.4,8.9,118.0,86.6,8.2,0.0,8.5,0.0,5.2,5.1,17.6,16.4,0.0,0.0,0.0,0.0,13.7,0.0,0.0,30.0
121,30121,3,1,2,572.1,379.0,434.9,213.7,28.5,50.7,74.3,4.2,44.4,0.0,246.5,178.7,17.4,0.0,17.8,0.0,9.0,8.7,23.5,22.2,1.0,0.0,1.0,0.0,28.5,0.0,0.0,50.7
122,30122,3,1,2,248.0,190.0,136.5,65.8,9.2,16.2,23.5,3.6,13.9,0.0,77.7,53.1,5.8,0.0,6.0,0.0,2.7,2.6,6.8,6.5,0.0,0.0,0.0,0.0,9.2,0.0,0.0,16.2
123,30123,3,1,2,88.2,87.4,0.0,0.0,0.0,0.0,0.0,0.0,0.0,0.0,0.0,0.0,0.0,0.0,0.0,0.0,0.0,0.0,0.0,0.0,0.0,0.0,0.0,0.0,0.0,0.0,0.0,0.0
124,30124,3,1,2,814.9,491.6,661.0,309.4,42.8,68.5,113.4,1.6,67.5,0.0,374.9,261.2,27.0,0.0,27.7,0.0,13.5,12.8,36.2,33.8,1.0,0.0,0.0,0.0,42.8,0.0,0.0,68.5
125,30125,3,1,2,796.4,997.1,642.3,762.2,38.1,111.4,99.1,75.9,59.2,0.0,331.9,297.9,24.0,294.7,24.6,0.0,37.4,35.7,62.1,58.0,1.0,0.0,3.0,0.0,38.1,0.0,0.0,111.4
126,30126,3,1,2,2048.9,1168.8,1761.8,809.6,115.4,182.2,305.9,20.2,176.9,0.0,991.0,664.8,75.2,0.0,76.9,0.0,38.4,36.7,94.5,87.9,3.0,0.0,0.0,0.0,115.4,0.0,0.0,182.2
127,30127,3,1,2,293.3,202.4,187.6,88.5,12.4,19.3,32.1,1.5,19.4,0.0,107.8,74.6,7.6,0.0,7.8,0.0,3.1,3.1,9.8,9.3,0.0,0.0,0.0,0.0,12.4,0.0,0.0,19.3
128,30128,3,1,2,965.0,604.6,781.6,384.2,50.8,84.7,133.5,12.6,79.2,0.0,441.7,315.1,32.2,0.0,33.1,0.0,17.6,17.0,42.4,39.5,2.0,0.0,0.0,0.0,50.8,0.0,0.0,84.7
129,30129,3,1,2,785.0,468.2,634.6,296.6,41.2,60.9,110.0,1.5,65.4,0.0,359.9,249.8,24.9,0.0,25.5,0.0,12.9,12.5,35.0,32.8,1.0,0.0,0.0,0.0,41.2,0.0,0.0,60.9
130,30130,3,1,2,586.9,363.3,445.8,204.3,29.2,44.1,77.6,2.7,45.2,0.0,251.7,171.0,18.7,0.0,19.2,0.0,8.7,8.5,23.6,22.1,1.0,0.0,0.0,0.0,29.2,0.0,0.0,44.1
131,30131,3,1,2,1306.3,738.3,1098.9,493.3,70.9,103.9,190.7,4.8,109.8,0.0,620.2,412.2,47.2,0.0,48.3,0.0,22.7,21.8,58.0,54.5,1.0,0.0,1.0,0.0,70.9,0.0,0.0,103.9
132,30132,3,1,2,455.3,303.3,324.5,163.5,20.4,31.4,55.6,10.6,31.8,4.9,181.7,121.8,13.3,0.0,13.6,0.0,7.7,7.5,19.8,18.7,1.0,0.0,0.0,0.0,20.4,0.0,0.0,31.4
133,30133,3,1,2,1903.8,1060.4,1650.7,769.9,102.8,141.8,283.6,7.5,167.1,0.0,934.8,644.4,68.1,0.0,69.5,0.0,34.6,33.1,90.1,84.9,3.0,0.0,0.0,0.0,102.8,0.0,0.0,141.8
134,30134,3,1,1,103.8,85.1,14.0,7.1,1.0,1.2,2.3,0.1,1.5,0.0,8.6,6.5,0.5,0.0,0.6,0.0,0.1,0.1,0.5,0.5,0.0,0.0,0.0,0.0,1.0,0.0,0.0,1.2
135,30135,3,1,1,155.3,143.2,53.5,40.2,3.2,6.4,8.8,7.1,5.3,0.0,30.7,29.2,2.3,0.0,2.5,0.0,1.4,1.5,2.5,2.4,0.0,0.0,0.0,0.0,3.2,0.0,0.0,6.4
136,30136,3,1,1,1813.2,1153.3,1537.8,827.3,91.2,141.7,259.7,30.1,150.2,46.2,843.5,608.2,64.3,0.0,65.6,0.0,40.0,38.4,110.6,104.3,3.0,0.0,1.0,0.0,91.2,0.0,0.0,141.7
137,30137,3,1,1,233.5,356.5,42.1,147.7,2.1,21.6,5.4,59.8,3.5,0.0,19.6,77.5,1.4,0.0,1.5,0.0,8.8,8.5,2.0,1.9,0.0,0.0,0.0,0.0,2.1,0.0,0.0,21.6
138,30138,3,1,1,1744.0,1076.9,1492.6,777.2,87.9,131.4,251.1,69.6,145.3,0.0,831.5,598.9,61.0,0.0,62.3,0.0,35.1,33.7,79.3,75.0,25.0,0.0,2.0,0.0,87.9,0.0,0.0,131.4
139,30139,3,1,1,567.0,403.2,413.8,229.9,24.3,40.3,68.3,20.0,39.7,0.0,226.4,170.1,17.2,0.0,17.6,0.0,13.6,13.2,28.0,26.6,1.0,0.0,2.0,0.0,24.3,0.0,0.0,40.3
140,30140,3,1,1,112.8,93.7,22.7,11.1,1.3,1.4,3.7,0.0,2.3,0.0,13.6,10.0,0.9,0.0,0.9,0.0,0.2,0.2,0.9,0.9,0.0,0.0,0.0,0.0,1.3,0.0,0.0,1.4
141,30141,3,1,1,89.3,85.2,2.0,0.0,0.0,0.0,0.0,0.0,0.0,0.0,1.0,0.0,0.0,0.0,0.0,0.0,0.0,0.0,0.0,0.0,0.0,0.0,1.0,0.0,0.0,0.0,0.0,0.0
142,30142,3,1,1,88.4,81.9,0.0,0.0,0.0,0.0,0.0,0.0,0.0,0.0,0.0,0.0,0.0,0.0,0.0,0.0,0.0,0.0,0.0,0.0,0.0,0.0,0.0,0.0,0.0,0.0,0.0,0.0
143,30143,3,1,1,1040.2,1262.9,719.2,827.0,31.5,142.2,90.2,121.4,54.3,209.8,297.1,287.1,20.6,0.0,21.1,0.0,57.7,55.4,162.1,153.3,15.0,0.0,1.0,0.0,31.5,0.0,0.0,142.2
144,30144,3,1,1,89.0,84.1,0.0,0.0,0.0,0.0,0.0,0.0,0.0,0.0,0.0,0.0,0.0,0.0,0.0,0.0,0.0,0.0,0.0,0.0,0.0,0.0,0.0,0.0,0.0,0.0,0.0,0.0
145,30145,3,1,2,220.3,156.5,123.6,64.8,10.9,15.4,21.4,0.1,13.5,0.0,70.7,55.5,4.2,0.0,4.4,0.0,2.4,2.3,7.0,6.9,0.0,0.0,0.0,0.0,10.9,0.0,0.0,15.4
146,30146,3,1,3,82.3,64.2,0.0,0.0,0.0,0.0,0.0,0.0,0.0,0.0,0.0,0.0,0.0,0.0,0.0,0.0,0.0,0.0,0.0,0.0,0.0,0.0,0.0,0.0,0.0,0.0,0.0,0.0
147,30147,3,1,2,122.7,101.3,0.0,0.0,0.0,0.0,0.0,0.0,0.0,0.0,0.0,0.0,0.0,0.0,0.0,0.0,0.0,0.0,0.0,0.0,0.0,0.0,0.0,0.0,0.0,0.0,0.0,0.0
148,30148,3,1,2,82.4,72.2,0.0,0.0,0.0,0.0,0.0,0.0,0.0,0.0,0.0,0.0,0.0,0.0,0.0,0.0,0.0,0.0,0.0,0.0,0.0,0.0,0.0,0.0,0.0,0.0,0.0,0.0
149,30149,3,1,2,122.8,110.5,0.0,0.0,0.0,0.0,0.0,0.0,0.0,0.0,0.0,0.0,0.0,0.0,0.0,0.0,0.0,0.0,0.0,0.0,0.0,0.0,0.0,0.0,0.0,0.0,0.0,0.0
150,30150,3,1,1,6871.8,3644.6,5959.8,2727.0,488.0,522.2,907.4,144.4,541.5,169.5,3164.0,1776.0,316.1,0.0,322.2,0.0,207.6,193.2,497.9,444.0,0.0,0.0,3.0,0.0,488.0,0.0,0.0,522.2
151,30151,3,1,2,618.9,366.3,427.5,199.5,36.6,33.7,66.8,48.2,37.5,0.0,240.7,122.9,25.5,0.0,25.9,0.0,13.4,12.7,16.9,15.7,0.0,0.0,1.0,0.0,36.6,0.0,0.0,33.7
152,30152,3,1,2,125.5,107.7,24.8,11.1,1.8,2.3,4.0,0.0,2.6,0.0,14.8,10.0,1.2,0.0,1.3,0.0,0.1,0.1,0.9,1.0,0.0,0.0,0.0,0.0,1.8,0.0,0.0,2.3
153,30153,3,1,1,98.5,81.9,0.0,0.0,0.0,0.0,0.0,0.0,0.0,0.0,0.0,0.0,0.0,0.0,0.0,0.0,0.0,0.0,0.0,0.0,0.0,0.0,0.0,0.0,0.0,0.0,0.0,0.0
154,570001,57,1,1,158.7,136.6,0.0,0.0,0.0,0.0,0.0,0.0,0.0,0.0,0.0,0.0,0.0,0.0,0.0,0.0,0.0,0.0,0.0,0.0,0.0,0.0,0.0,0.0,0.0,0.0,0.0,0.0
155,570002,57,1,1,305.7,206.0,137.0,57.7,2.6,0.4,24.9,0.2,14.2,0.0,78.5,49.9,5.7,0.0,5.8,0.0,1.7,1.7,6.2,6.0,0.0,0.0,0.0,0.0,2.6,0.0,0.0,0.4
156,570003,57,1,1,214.5,150.6,49.5,19.5,0.8,0.1,8.8,0.0,4.8,0.0,29.1,17.5,2.3,0.0,2.5,0.0,0.3,0.3,1.7,1.7,0.0,0.0,0.0,0.0,0.8,0.0,0.0,0.1
157,570004,57,1,1,680.8,374.6,492.7,211.0,8.5,1.7,90.6,0.9,50.4,0.0,277.2,177.5,19.8,0.0,20.2,0.0,8.8,8.8,24.6,23.9,1.0,0.0,0.0,0.0,8.5,0.0,0.0,1.7
158,570005,57,1,1,1136.3,596.1,918.6,406.6,18.8,3.9,172.5,1.0,98.0,0.0,511.7,342.0,33.6,0.0,34.3,0.0,18.1,17.8,48.2,45.8,2.0,0.0,0.0,0.0,18.8,0.0,0.0,3.9
159,570006,57,1,1,552.7,1094.8,88.2,666.6,0.0,3.9,0.0,582.8,0.0,0.0,1.0,0.0,0.0,0.0,0.0,0.0,86.2,83.8,0.0,0.0,0.0,0.0,1.0,0.0,0.0,0.0,0.0,3.9
160,570007,57,1,1,176.1,139.8,12.2,7.0,0.2,0.1,2.3,0.0,1.2,0.0,7.5,6.6,0.3,0.0,0.3,0.0,0.1,0.1,0.4,0.4,0.0,0.0,0.0,0.0,0.2,0.0,0.0,0.1
161,570008,57,1,1,364.4,271.0,208.3,111.8,4.4,1.3,39.1,10.0,22.2,0.0,116.5,85.7,6.3,0.0,6.6,0.0,5.3,5.1,11.4,10.9,0.0,0.0,1.0,0.0,4.4,0.0,0.0,1.3
162,570009,57,1,1,732.7,408.2,541.1,240.6,9.3,2.2,101.1,3.1,57.3,0.0,303.9,200.6,20.4,0.0,20.9,0.0,10.0,10.0,27.5,27.0,0.0,0.0,0.0,0.0,9.3,0.0,0.0,2.2
163,570010,57,1,1,219.7,182.8,73.2,32.4,1.6,0.4,13.3,0.0,7.9,0.0,42.1,28.3,2.9,0.0,3.0,0.0,0.9,0.9,3.2,3.1,0.0,0.0,0.0,0.0,1.6,0.0,0.0,0.4
164,570011,57,1,1,148.9,143.2,5.5,3.1,0.1,0.1,0.9,0.0,0.7,0.0,3.4,3.0,0.2,0.0,0.2,0.0,0.0,0.0,0.1,0.1,0.0,0.0,0.0,0.0,0.1,0.0,0.0,0.1
165,570012,57,1,1,750.1,1651.9,155.7,1087.8,0.0,6.3,0.0,894.8,0.0,4.4,1.0,38.4,0.0,0.0,0.0,0.0,141.6,138.2,12.1,12.0,0.0,0.0,1.0,0.0,0.0,0.0,0.0,6.3
166,570013,57,1,1,447.4,277.0,271.8,117.6,4.6,1.0,50.0,0.1,28.6,0.0,153.1,99.7,10.4,0.0,10.7,0.0,4.5,4.5,13.4,13.3,1.0,0.0,0.0,0.0,4.6,0.0,0.0,1.0
167,570014,57,1,1,273.6,207.2,124.8,58.3,2.4,0.6,23.2,0.0,12.9,0.0,71.2,50.2,4.5,0.0,4.6,0.0,1.9,1.9,6.3,6.2,0.0,0.0,0.0,0.0,2.4,0.0,0.0,0.6
168,570015,57,1,1,613.2,379.4,445.2,213.3,8.3,2.3,84.4,0.1,48.6,0.0,248.6,180.2,14.3,0.0,14.7,0.0,8.9,8.8,24.7,24.2,1.0,0.0,0.0,0.0,8.3,0.0,0.0,2.3
169,570016,57,1,1,325.7,231.3,174.5,84.0,3.1,0.8,32.6,0.0,18.8,0.0,99.0,71.9,5.8,0.0,6.1,0.0,2.9,2.9,9.3,9.1,0.0,0.0,0.0,0.0,3.1,0.0,0.0,0.8
170,570017,57,1,1,514.9,391.2,327.9,206.4,3.5,1.5,47.8,13.7,26.8,16.7,145.0,92.7,10.0,0.0,10.2,0.0,26.4,25.8,60.6,57.6,1.0,0.0,0.0,0.0,3.5,0.0,0.0,1.5
171,570018,57,1,1,557.8,341.8,377.0,165.1,5.7,1.3,71.9,0.2,42.4,0.0,210.8,139.0,12.1,0.0,12.4,0.0,6.8,6.7,19.6,19.2,1.0,0.0,0.0,0.0,5.7,0.0,0.0,1.3
172,570019,57,1,1,1045.1,1568.5,837.8,1364.5,15.2,8.3,142.2,91.8,80.3,0.0,420.7,412.9,25.0,721.8,25.6,0.0,53.9,52.7,87.1,85.3,2.0,0.0,1.0,0.0,15.2,0.0,0.0,8.3
173,570020,57,1,1,901.2,520.5,715.0,343.7,14.8,4.5,135.1,3.4,77.2,0.0,399.4,286.7,23.2,0.0,23.8,0.0,14.7,14.6,39.6,39.1,1.0,0.0,1.0,0.0,14.8,0.0,0.0,4.5
174,570021,57,1,1,394.4,267.4,239.2,114.3,4.4,1.3,44.6,0.1,25.5,0.0,132.5,97.1,7.5,0.0,7.8,0.0,4.2,4.2,13.0,12.9,4.0,0.0,0.0,0.0,4.4,0.0,0.0,1.3
175,570022,57,1,1,501.2,405.4,336.4,239.4,5.8,2.9,55.9,7.1,32.5,44.0,166.8,129.3,9.9,0.0,10.2,0.0,13.5,13.3,46.6,45.7,1.0,0.0,0.0,0.0,5.8,0.0,0.0,2.9
176,570023,57,1,2,234.9,191.1,86.2,41.6,2.0,0.6,16.0,0.0,9.5,0.0,49.2,36.1,2.9,0.0,3.0,0.0,1.2,1.2,4.4,4.3,0.0,0.0,0.0,0.0,2.0,0.0,0.0,0.6
177,570024,57,1,1,423.1,272.9,250.0,104.8,3.3,0.7,45.8,0.1,26.1,0.0,140.0,89.0,9.7,0.0,9.9,0.0,4.0,4.0,12.3,11.8,2.0,0.0,0.0,0.0,3.3,0.0,0.0,0.7
178,570025,57,1,1,493.8,338.1,311.7,161.1,4.6,1.2,57.3,7.2,33.6,0.0,172.6,132.7,11.1,0.0,11.4,0.0,6.1,6.0,15.6,15.3,4.0,0.0,0.0,0.0,4.6,0.0,0.0,1.2
179,570026,57,1,1,213.4,173.0,48.5,19.6,0.8,0.2,8.7,0.0,4.9,0.0,28.3,17.5,2.2,0.0,2.3,0.0,0.4,0.4,1.7,1.8,0.0,0.0,0.0,0.0,0.8,0.0,0.0,0.2
180,570027,57,1,1,429.3,277.6,271.8,123.0,4.9,1.2,49.6,0.0,28.4,0.0,153.9,104.5,10.3,0.0,10.7,0.0,4.8,4.7,14.1,13.8,0.0,0.0,0.0,0.0,4.9,0.0,0.0,1.2
181,570028,57,1,1,527.2,334.8,360.8,167.6,6.6,1.8,68.0,0.2,39.7,0.0,202.1,141.7,11.9,0.0,12.1,0.0,6.7,6.6,19.2,19.1,1.0,0.0,0.0,0.0,6.6,0.0,0.0,1.8
182,570029,57,1,1,575.3,381.2,402.9,208.4,7.7,2.4,73.9,7.4,41.7,0.0,224.0,168.5,14.6,0.0,15.0,0.0,9.4,9.3,23.3,23.1,1.0,0.0,0.0,0.0,7.7,0.0,0.0,2.4
183,570030,57,1,1,342.6,254.9,182.7,108.8,2.9,0.9,33.8,6.2,18.2,0.0,102.9,88.9,6.7,0.0,7.0,0.0,4.0,3.9,10.0,9.8,0.0,0.0,0.0,0.0,2.9,0.0,0.0,0.9
184,570031,57,1,1,1047.7,584.5,847.7,393.5,17.2,5.0,158.9,0.7,89.8,0.0,473.3,330.9,30.1,0.0,30.8,0.0,17.2,17.0,45.7,44.9,2.0,0.0,0.0,0.0,17.2,0.0,0.0,5.0
185,570032,57,1,2,596.6,362.6,426.6,193.5,9.3,2.7,77.8,0.2,44.1,0.0,237.7,163.2,15.0,0.0,15.4,0.0,8.2,8.0,22.3,22.1,3.0,0.0,3.0,0.0,9.3,0.0,0.0,2.7
186,570033,57,1,2,224.3,172.2,90.2,37.3,2.1,0.7,15.6,0.0,9.3,0.0,52.0,32.4,4.1,0.0,4.2,0.0,1.1,1.1,3.9,3.9,0.0,0.0,0.0,0.0,2.1,0.0,0.0,0.7
187,570034,57,1,1,330.4,255.6,159.6,92.4,1.6,0.6,24.3,5.9,14.0,5.9,77.1,48.3,5.4,0.0,5.6,0.0,9.7,9.6,23.4,22.8,0.0,0.0,0.0,0.0,1.6,0.0,0.0,0.6
188,570035,57,1,1,186.1,150.9,22.0,11.1,0.3,0.1,4.1,0.0,2.2,0.0,13.3,10.2,0.8,0.0,0.8,0.0,0.1,0.1,0.7,0.7,0.0,0.0,0.0,0.0,0.3,0.0,0.0,0.1
189,570036,57,1,1,796.2,466.4,614.2,285.5,10.6,2.9,112.0,3.1,63.5,0.0,333.2,238.7,20.8,0.0,21.4,0.0,12.0,11.8,32.3,31.9,19.0,0.0,0.0,0.0,10.6,0.0,0.0,2.9
190,570037,57,1,1,838.2,2442.1,651.7,2257.4,11.8,3.3,120.9,8.6,69.0,0.0,365.1,253.0,23.4,0.0,23.9,1947.9,14.1,14.0,34.5,33.9,0.0,0.0,1.0,0.0,11.8,0.0,0.0,3.3
191,570038,57,1,2,1554.5,830.6,1326.2,616.0,25.3,7.2,246.1,8.0,138.1,0.0,740.3,511.7,49.0,0.0,50.1,0.0,26.8,26.5,70.9,69.8,4.0,0.0,1.0,0.0,25.3,0.0,0.0,7.2
192,570039,57,1,1,176.1,142.7,26.7,11.5,0.5,0.1,4.5,0.0,2.7,0.0,16.0,10.5,1.2,0.0,1.2,0.0,0.1,0.1,0.9,0.9,0.0,0.0,0.0,0.0,0.5,0.0,0.0,0.1
193,570040,57,1,2,2159.8,1107.0,1898.3,864.5,34.5,9.8,348.4,3.9,194.2,0.0,1053.1,724.6,70.8,0.0,72.2,0.0,38.4,37.6,100.3,98.4,19.0,0.0,2.0,0.0,34.5,0.0,0.0,9.8
194,570041,57,1,1,153.6,128.7,0.0,0.0,0.0,0.0,0.0,0.0,0.0,0.0,0.0,0.0,0.0,0.0,0.0,0.0,0.0,0.0,0.0,0.0,0.0,0.0,0.0,0.0,0.0,0.0,0.0,0.0
195,570042,57,1,2,1060.2,1075.2,851.6,870.3,13.8,2.9,148.0,2.8,85.3,0.0,481.4,267.6,41.8,551.3,42.8,0.0,13.3,13.2,36.0,35.4,2.0,0.0,1.0,0.0,13.8,0.0,0.0,2.9
196,570043,57,1,2,1300.8,611.6,1080.2,396.2,17.7,3.8,185.2,0.7,106.4,0.0,604.1,334.3,53.1,0.0,54.3,0.0,16.9,16.8,45.2,44.3,14.0,0.0,1.0,0.0,17.7,0.0,0.0,3.8
197,570044,57,1,2,1891.6,839.5,1638.9,604.5,28.1,6.5,284.8,1.2,165.2,0.0,913.6,508.6,76.2,0.0,77.9,0.0,26.4,26.0,69.8,68.8,24.0,0.0,1.0,0.0,28.1,0.0,0.0,6.5
198,570045,57,1,2,472.2,290.1,291.4,108.7,5.1,1.2,50.6,0.1,29.6,0.0,165.6,92.8,14.1,0.0,14.5,0.0,3.9,3.9,12.0,11.9,1.0,0.0,0.0,0.0,5.1,0.0,0.0,1.2
199,570046,57,1,1,163.3,141.7,0.0,0.0,0.0,0.0,0.0,0.0,0.0,0.0,0.0,0.0,0.0,0.0,0.0,0.0,0.0,0.0,0.0,0.0,0.0,0.0,0.0,0.0,0.0,0.0,0.0,0.0
200,570047,57,1,1,701.6,393.2,508.0,220.8,13.3,3.3,94.9,0.4,54.8,0.0,284.9,186.5,18.5,0.0,18.9,0.0,9.2,9.0,25.7,24.8,1.0,0.0,0.0,0.0,13.3,0.0,0.0,3.3
201,570048,57,1,1,419.6,254.0,253.9,96.4,6.9,1.7,44.5,0.1,26.8,0.0,145.0,82.6,11.0,0.0,11.4,0.0,3.4,3.4,10.7,10.3,1.0,0.0,0.0,0.0,6.9,0.0,0.0,1.7
202,570049,57,1,2,480.5,284.4,310.8,122.7,8.7,2.5,55.2,0.4,32.3,0.0,177.0,104.4,13.7,0.0,14.1,0.0,4.7,4.7,13.8,13.2,0.0,0.0,0.0,0.0,8.7,0.0,0.0,2.5
203,570050,57,1,1,831.5,474.1,649.9,306.2,14.6,3.7,120.8,9.7,69.6,0.0,365.0,251.3,22.8,0.0,23.3,0.0,13.0,12.7,34.5,32.5,1.0,0.0,0.0,0.0,14.6,0.0,0.0,3.7
204,570051,57,1,2,1166.7,557.1,959.9,365.7,22.4,5.0,167.0,0.6,97.8,0.0,541.7,308.6,45.1,0.0,46.0,0.0,16.1,15.7,43.3,40.8,2.0,0.0,1.0,0.0,22.4,0.0,0.0,5.0
205,570052,57,1,2,2945.6,1309.0,2621.6,1027.3,68.5,17.5,459.9,9.9,268.2,0.0,1474.6,858.0,120.6,0.0,123.2,0.0,46.5,45.0,121.6,114.5,6.0,0.0,1.0,0.0,68.5,0.0,0.0,17.5
206,570053,57,1,2,1377.9,664.7,1153.7,456.1,30.4,8.0,201.2,12.4,118.0,0.0,649.1,374.8,53.2,0.0,54.2,0.0,19.7,19.2,52.3,49.8,5.0,0.0,1.0,0.0,30.4,0.0,0.0,8.0
207,570054,57,1,1,361.0,250.2,190.1,83.1,3.7,0.7,34.9,0.2,20.0,0.0,107.9,71.3,7.1,0.0,7.2,0.0,2.8,2.7,9.2,8.9,0.0,0.0,1.0,0.0,3.7,0.0,0.0,0.7
208,570055,57,1,2,1033.3,506.1,834.8,315.3,19.8,4.8,144.9,0.8,85.7,0.0,468.4,266.2,37.5,0.0,38.3,0.0,13.7,13.3,37.2,34.9,7.0,0.0,2.0,0.0,19.8,0.0,0.0,4.8
209,570056,57,1,2,829.2,434.2,638.7,252.1,16.6,4.6,111.6,4.9,64.5,0.0,361.5,209.5,29.9,0.0,30.6,0.0,10.6,10.3,29.0,27.4,1.0,0.0,0.0,0.0,16.6,0.0,0.0,4.6
210,570057,57,1,1,282.6,218.5,114.6,53.4,2.5,0.6,21.4,0.1,12.1,0.0,65.2,46.1,4.2,0.0,4.3,0.0,1.6,1.6,5.8,5.4,0.0,0.0,0.0,0.0,2.5,0.0,0.0,0.6
211,570058,57,1,2,287.3,293.8,131.8,132.3,1.2,1.6,10.0,15.0,5.9,22.1,32.7,20.8,2.4,0.0,2.6,0.0,24.2,23.6,53.9,50.8,0.0,0.0,0.0,0.0,1.2,0.0,0.0,1.6
212,570059,57,1,2,1364.4,845.1,1127.0,613.8,25.7,8.0,207.7,34.6,120.2,0.0,625.6,491.5,38.5,0.0,39.4,0.0,28.8,27.8,63.8,59.9,2.0,0.0,1.0,0.0,25.7,0.0,0.0,8.0
213,570060,57,1,2,5140.3,5310.4,4452.9,4624.9,76.5,58.2,559.2,376.7,327.3,870.2,1870.5,1283.0,175.3,867.3,178.9,0.0,369.9,351.7,944.7,875.9,23.0,0.0,4.0,0.0,76.5,0.0,0.0,58.2
214,570061,57,1,2,5138.4,1899.5,4668.0,1505.9,119.3,27.6,785.5,3.8,445.4,0.0,2636.7,1266.2,265.2,0.0,270.7,0.0,69.3,66.7,179.2,169.3,13.0,0.0,3.0,0.0,119.3,0.0,0.0,27.6
215,570062,57,1,2,1549.0,945.1,1302.1,706.8,27.4,8.2,234.1,48.4,135.5,5.2,714.9,543.3,46.8,0.0,47.8,0.0,36.9,35.6,79.2,74.2,6.0,0.0,1.0,0.0,27.4,0.0,0.0,8.2
216,570063,57,1,2,920.9,527.8,732.6,341.0,16.3,4.3,136.1,3.7,78.8,0.0,410.3,285.7,25.4,0.0,26.0,0.0,15.3,14.7,39.7,36.8,1.0,0.0,0.0,0.0,16.3,0.0,0.0,4.3
217,570064,57,1,2,2042.7,1008.1,1752.0,726.8,37.0,10.4,280.1,10.6,159.7,87.3,941.1,482.5,92.7,0.0,94.8,0.0,37.8,36.5,117.7,109.8,25.0,0.0,3.0,0.0,37.0,0.0,0.0,10.4
218,570065,57,1,2,3757.5,1418.3,3379.4,1086.2,78.7,17.4,567.5,3.4,321.9,0.0,1908.9,912.4,191.6,0.0,195.6,0.0,49.7,48.0,129.1,122.4,10.0,0.0,5.0,0.0,78.7,0.0,0.0,17.4
219,570066,57,1,2,1663.7,3255.0,1403.4,2994.6,25.4,14.4,215.7,208.0,121.9,0.0,661.5,686.9,44.5,0.0,45.5,1839.5,110.6,106.1,164.7,154.2,38.0,0.0,1.0,0.0,25.4,0.0,0.0,14.4
220,570067,57,1,2,1480.2,888.0,1252.3,667.2,28.5,8.7,245.4,7.3,137.2,0.0,686.0,556.6,32.4,0.0,33.1,0.0,30.1,29.3,78.9,74.0,8.0,0.0,1.0,0.0,28.5,0.0,0.0,8.7
221,570068,57,1,2,2285.7,1331.4,1999.0,1073.3,49.3,16.2,394.7,3.4,222.3,0.0,1095.3,901.2,49.3,0.0,50.4,0.0,49.2,47.6,127.8,121.2,7.0,0.0,3.0,0.0,49.3,0.0,0.0,16.2
222,570069,57,1,1,1190.5,636.6,969.1,424.1,20.2,4.5,182.2,0.8,103.2,0.0,540.8,357.3,34.6,0.0,35.3,0.0,18.9,18.4,50.2,47.7,4.0,0.0,0.0,0.0,20.2,0.0,0.0,4.5
223,570070,57,1,2,1053.6,595.8,849.2,394.8,18.6,4.9,160.4,0.6,92.8,0.0,468.8,332.7,26.2,0.0,26.7,0.0,17.6,17.2,46.6,44.4,10.0,0.0,0.0,0.0,18.6,0.0,0.0,4.9
224,570071,57,1,2,7697.3,4836.0,6980.4,4229.3,207.9,84.9,1232.9,196.4,669.4,0.0,3838.3,2714.4,298.5,752.5,304.8,0.0,191.3,183.5,406.1,382.4,27.0,0.0,12.0,0.0,207.9,0.0,0.0,84.9
225,570072,57,1,2,2576.3,5087.6,1625.2,4029.4,8.8,110.1,50.3,697.6,28.3,999.0,161.8,1047.9,11.6,0.0,12.0,0.0,401.2,383.2,956.0,901.7,0.0,0.0,4.0,0.0,8.8,0.0,0.0,110.1
226,570073,57,1,2,3759.9,1816.7,3366.1,1477.4,92.9,31.3,601.9,39.3,323.2,0.0,1876.4,1207.4,147.2,0.0,150.3,0.0,70.2,67.4,171.8,163.3,22.0,0.0,3.0,0.0,92.9,0.0,0.0,31.3
227,570074,57,1,3,1469.8,2710.6,1068.4,2295.2,23.9,34.0,147.4,295.3,81.8,119.9,456.9,673.5,33.7,911.6,34.3,0.0,115.3,110.7,194.0,184.1,3.0,0.0,2.0,0.0,23.9,0.0,0.0,34.0
228,570075,57,1,2,4646.9,3590.2,4166.7,3158.9,108.7,38.8,686.5,146.1,376.4,0.0,2260.1,1290.2,229.0,0.0,233.7,1389.3,121.0,116.4,228.1,216.9,26.0,0.0,6.0,0.0,108.7,0.0,0.0,38.8
229,570076,57,1,2,2100.6,999.0,1773.0,689.8,49.8,16.1,312.6,16.7,177.2,0.0,994.7,575.5,88.2,0.0,90.0,0.0,29.5,28.8,71.7,68.8,7.0,0.0,2.0,0.0,49.8,0.0,0.0,16.1
230,570077,57,1,3,3691.5,7591.1,1279.2,5021.8,0.0,120.2,0.0,1639.8,0.0,353.1,6.0,1814.5,0.0,0.0,0.0,0.0,542.3,521.5,724.9,692.8,0.0,0.0,6.0,0.0,0.0,0.0,0.0,120.2
231,570078,57,1,3,7444.1,16993.3,3945.1,13190.1,0.0,287.7,0.0,4902.2,0.0,2972.6,10.0,1550.9,0.0,0.0,0.0,0.0,1480.9,1426.0,2444.2,2338.4,0.0,0.0,10.0,0.0,0.0,0.0,0.0,287.7
232,570079,57,1,2,1585.3,700.2,1309.1,435.9,34.7,8.8,227.5,0.6,126.9,0.0,738.5,367.2,69.8,0.0,71.4,0.0,19.3,18.8,50.7,49.3,3.0,0.0,2.0,0.0,34.7,0.0,0.0,8.8
233,570080,57,1,3,1137.1,1156.6,801.5,810.9,19.8,18.9,126.4,175.3,72.7,21.5,397.2,483.1,32.9,0.0,33.5,0.0,54.8,52.9,80.9,78.0,3.0,0.0,0.0,0.0,19.8,0.0,0.0,18.9
234,570081,57,1,3,2166.7,1044.6,1838.1,735.5,48.1,14.5,331.4,15.4,186.2,0.0,1017.6,610.8,83.9,0.0,85.8,0.0,32.2,31.6,80.0,77.7,17.0,0.0,4.0,0.0,48.1,0.0,0.0,14.5
235,570082,57,1,2,1850.4,3501.9,935.4,2554.6,17.2,52.6,126.1,1364.2,72.2,32.0,353.6,827.3,15.6,0.0,16.1,0.0,235.1,227.9,106.7,103.3,8.0,0.0,2.0,0.0,17.2,0.0,0.0,52.6
236,570083,57,1,2,3474.2,1670.2,3058.9,1294.9,75.3,24.2,544.3,32.0,302.6,64.6,1665.0,969.8,139.0,0.0,142.0,0.0,64.0,62.3,171.0,166.3,28.0,0.0,3.0,0.0,75.3,0.0,0.0,24.2
237,570084,57,1,2,632.4,1006.4,318.3,678.1,5.7,12.7,40.9,161.4,22.0,21.2,129.6,397.0,11.4,0.0,11.8,0.0,43.9,42.9,56.7,55.6,1.0,0.0,1.0,0.0,5.7,0.0,0.0,12.7
238,570085,57,1,2,4208.4,3778.1,3513.0,3096.4,86.6,61.8,637.6,313.7,373.2,244.1,1738.7,1958.3,69.5,0.0,71.0,0.0,184.7,179.4,412.4,400.9,24.0,0.0,2.0,0.0,86.6,0.0,0.0,61.8
239,570086,57,1,1,334.4,272.2,100.9,40.0,2.7,0.6,18.7,0.7,10.2,0.0,57.3,34.5,4.8,0.0,5.0,0.0,1.2,1.2,3.7,3.7,0.0,0.0,0.0,0.0,2.7,0.0,0.0,0.6
240,570087,57,1,2,392.2,287.8,194.3,91.3,4.4,1.2,36.9,0.1,19.7,0.0,109.0,78.6,6.8,0.0,7.0,0.0,3.2,3.1,9.8,9.5,0.0,0.0,2.0,0.0,4.4,0.0,0.0,1.2
241,570088,57,1,2,234.0,229.9,5.5,3.5,0.3,0.1,1.1,0.0,0.6,0.0,3.2,3.2,0.2,0.0,0.2,0.0,0.0,0.0,0.3,0.2,0.0,0.0,0.0,0.0,0.3,0.0,0.0,0.1
242,570089,57,1,2,301.2,261.8,69.6,29.1,1.9,0.5,13.4,0.0,7.1,0.0,39.4,25.6,3.0,0.0,3.0,0.0,0.8,0.7,2.9,2.8,0.0,0.0,0.0,0.0,1.9,0.0,0.0,0.5
243,570090,57,1,2,1535.3,849.4,1275.0,605.7,29.0,8.1,242.9,7.7,131.3,0.0,705.7,506.9,46.7,0.0,47.8,0.0,26.4,25.8,68.1,65.4,3.0,0.0,3.0,0.0,29.0,0.0,0.0,8.1
244,570091,57,1,2,77.8,86.8,23.5,34.8,0.0,1.0,0.0,4.5,0.0,7.6,0.0,0.0,0.0,0.0,0.0,0.0,7.1,6.9,16.4,15.8,0.0,0.0,0.0,0.0,0.0,0.0,0.0,1.0
245,570092,57,1,2,4757.2,3423.2,3956.5,2640.1,95.9,62.4,590.9,478.4,312.6,212.1,1860.9,1175.6,180.9,0.0,184.7,0.0,282.4,271.2,526.2,502.7,10.0,0.0,8.0,0.0,95.9,0.0,0.0,62.4
246,570093,57,1,2,712.2,407.2,458.6,156.3,12.6,3.5,78.3,0.3,42.0,0.0,238.0,133.1,20.6,0.0,21.2,0.0,6.2,6.0,17.4,16.8,35.0,0.0,0.0,0.0,12.6,0.0,0.0,3.5
247,570094,57,1,2,6177.1,2574.0,5592.6,2081.6,149.3,39.1,1029.8,7.1,548.4,0.0,3086.9,1753.7,264.9,0.0,270.3,0.0,93.8,90.4,241.3,230.4,46.0,0.0,11.0,0.0,149.3,0.0,0.0,39.1
248,570095,57,1,2,1279.7,728.6,1023.5,479.3,26.4,7.2,198.4,0.9,107.1,0.0,565.1,406.2,35.5,0.0,36.3,0.0,20.6,19.9,54.5,52.3,4.0,0.0,2.0,0.0,26.4,0.0,0.0,7.2
249,570096,57,1,2,4184.0,1703.7,3783.6,1349.6,87.7,19.2,655.6,4.2,391.1,0.0,2089.3,1139.7,169.7,0.0,173.1,0.0,59.7,57.5,155.2,148.2,82.0,0.0,8.0,0.0,87.7,0.0,0.0,19.2
250,570097,57,1,3,3291.1,3117.2,2804.1,2649.9,71.7,37.2,507.9,242.3,274.7,5.9,1441.9,1427.3,91.6,637.1,93.6,0.0,129.6,124.4,222.8,212.9,38.0,0.0,4.0,0.0,71.7,0.0,0.0,37.2
251,570098,57,1,3,1645.4,4401.8,1346.5,4099.5,30.1,20.1,196.7,233.3,115.5,0.0,637.1,632.3,54.7,0.0,55.9,2969.1,115.3,110.5,161.2,154.2,7.0,0.0,3.0,0.0,30.1,0.0,0.0,20.1
252,570099,57,1,3,3921.9,6010.3,2836.9,4826.0,18.5,114.5,113.5,1339.5,69.7,807.8,391.8,580.0,28.2,0.0,28.9,0.0,769.3,739.7,1424.5,1359.1,1.0,0.0,10.0,0.0,18.5,0.0,0.0,114.5
253,570100,57,1,3,8505.3,6781.0,7027.0,5335.0,169.9,114.8,1040.8,1222.7,613.0,256.6,3672.7,2969.9,369.1,0.0,376.8,0.0,370.5,355.8,554.1,530.1,19.0,0.0,11.0,0.0,169.9,0.0,0.0,114.8
254,570101,57,1,3,5104.4,3358.8,4506.4,2813.1,109.5,40.9,762.6,199.0,410.0,52.1,2374.3,1450.3,224.2,643.8,228.7,0.0,164.8,158.7,322.8,309.3,11.0,0.0,8.0,0.0,109.5,0.0,0.0,40.9
255,570102,57,1,3,2405.9,1746.0,2036.1,1394.8,54.7,24.1,399.0,95.7,225.3,0.0,1101.8,1115.6,51.7,0.0,52.8,0.0,59.9,57.7,130.7,125.7,11.0,0.0,4.0,0.0,54.7,0.0,0.0,24.1
256,570103,57,1,3,901.0,637.7,682.0,419.5,18.7,7.3,130.8,19.3,72.1,5.9,372.6,334.1,20.1,0.0,20.6,0.0,18.5,17.8,44.3,42.5,1.0,0.0,2.0,0.0,18.7,0.0,0.0,7.3
257,570104,57,1,3,5196.4,4227.8,4451.8,3493.0,101.9,71.4,700.2,271.4,369.2,548.9,2087.5,1744.9,155.0,0.0,158.3,0.0,273.0,263.0,690.6,664.8,13.0,0.0,5.0,0.0,101.9,0.0,0.0,71.4
258,570105,57,1,3,373.6,717.8,62.1,385.5,0.3,8.1,1.5,113.6,1.1,23.2,6.0,198.0,0.6,0.0,0.6,0.0,24.0,23.2,28.3,27.4,0.0,0.0,0.0,0.0,0.3,0.0,0.0,8.1
259,570106,57,1,3,1654.3,1664.4,1280.2,1287.0,32.6,23.1,233.9,174.5,127.3,65.3,661.9,871.7,35.7,0.0,36.5,0.0,60.2,58.2,121.8,117.3,1.0,0.0,2.0,0.0,32.6,0.0,0.0,23.1
260,570107,57,1,2,157.7,153.5,0.0,0.0,0.0,0.0,0.0,0.0,0.0,0.0,0.0,0.0,0.0,0.0,0.0,0.0,0.0,0.0,0.0,0.0,0.0,0.0,0.0,0.0,0.0,0.0,0.0,0.0
261,570108,57,1,2,1205.9,586.9,952.8,354.7,20.8,3.9,169.7,2.4,94.5,0.0,534.7,299.5,48.2,0.0,49.3,0.0,14.7,14.4,39.7,38.4,2.0,0.0,0.0,0.0,20.8,0.0,0.0,3.9
262,570109,57,1,2,816.2,440.9,590.2,222.8,11.9,2.6,106.7,0.6,60.8,0.0,332.5,189.6,27.5,0.0,28.1,0.0,8.9,8.8,24.7,23.8,1.0,0.0,0.0,0.0,11.9,0.0,0.0,2.6
263,570110,57,1,2,4340.3,1941.6,3936.8,1597.4,90.1,20.4,690.8,11.8,403.6,12.0,2198.7,1326.2,175.2,0.0,178.7,0.0,70.9,68.5,185.9,179.1,28.0,0.0,5.0,0.0,90.1,0.0,0.0,20.4
264,570111,57,1,2,9070.1,3923.1,8369.9,3357.8,194.8,42.6,1480.5,11.6,844.5,0.0,4681.5,2834.5,387.4,0.0,395.3,0.0,149.6,143.9,383.1,367.8,39.0,0.0,9.0,0.0,194.8,0.0,0.0,42.6
265,570112,57,1,2,4140.9,3301.1,3714.9,2916.8,80.8,23.5,669.5,104.1,369.4,0.0,2008.4,1441.7,146.2,1046.3,149.2,0.0,111.1,106.8,226.9,217.9,28.0,0.0,6.0,0.0,80.8,0.0,0.0,23.5
266,570113,57,1,3,2713.4,1231.8,2400.7,953.4,63.2,14.7,418.4,2.0,243.5,0.0,1342.3,806.5,111.0,0.0,113.3,0.0,41.6,40.3,108.5,104.6,20.0,0.0,2.0,0.0,63.2,0.0,0.0,14.7
267,570114,57,1,3,4010.8,1627.2,3618.6,1294.6,95.6,19.9,615.7,2.8,370.6,0.0,2020.0,1094.9,172.1,0.0,175.5,0.0,56.9,54.9,147.8,142.0,57.0,0.0,3.0,0.0,95.6,0.0,0.0,19.9
268,570115,57,1,2,1870.0,924.7,1602.9,669.5,33.1,8.3,288.4,1.4,160.2,0.0,870.2,567.3,63.1,0.0,64.5,0.0,28.8,27.9,75.6,73.0,48.0,0.0,4.0,0.0,33.1,0.0,0.0,8.3
269,570116,57,1,3,1335.6,1327.5,1009.9,1002.3,26.0,16.4,181.9,215.0,99.2,11.9,514.3,630.4,27.7,0.0,28.3,0.0,58.2,56.3,91.4,88.5,8.0,0.0,1.0,0.0,26.0,0.0,0.0,16.4
270,570117,57,1,3,2516.6,3827.2,2006.2,3264.4,15.8,55.8,109.6,210.4,60.6,1259.2,311.2,365.1,16.3,0.0,16.7,0.0,386.6,371.4,1100.2,1058.3,2.0,0.0,3.0,0.0,15.8,0.0,0.0,55.8
271,570118,57,1,3,4124.1,3331.2,3690.9,2941.2,87.5,32.6,645.7,170.1,366.1,36.2,1998.1,1582.3,135.5,781.3,138.4,0.0,125.7,121.1,259.3,250.3,19.0,0.0,3.0,0.0,87.5,0.0,0.0,32.6
272,570119,57,1,3,2493.8,2899.8,2163.8,2588.9,49.7,19.2,380.5,126.9,211.7,0.0,1149.5,949.0,81.4,0.0,83.3,1275.7,87.8,84.7,158.6,152.6,9.0,0.0,2.0,0.0,49.7,0.0,0.0,19.2
273,570120,57,1,3,3450.8,1694.4,3096.6,1380.8,69.0,17.7,563.1,3.2,315.7,0.0,1723.5,1168.4,125.6,0.0,128.2,0.0,60.6,58.4,157.0,150.8,22.0,0.0,1.0,0.0,69.0,0.0,0.0,17.7
274,570121,57,1,2,7255.4,3207.6,6689.2,2726.2,137.3,34.2,1175.4,11.0,668.5,0.0,3717.5,2299.6,299.1,0.0,305.1,0.0,121.0,116.7,310.6,298.9,87.0,0.0,5.0,0.0,137.3,0.0,0.0,34.2
275,570122,57,1,2,386.9,367.7,119.5,91.6,2.6,1.2,25.1,7.5,12.4,0.0,63.3,71.6,3.0,0.0,3.0,0.0,4.2,4.1,8.6,8.3,0.0,0.0,0.0,0.0,2.6,0.0,0.0,1.2
276,570123,57,1,3,8608.7,6214.5,7816.6,5498.1,169.1,75.6,1302.9,257.6,739.7,391.1,4077.0,3201.2,285.3,459.9,291.3,125.0,320.6,309.6,777.8,753.7,18.0,0.0,4.0,0.0,169.1,0.0,0.0,75.6
277,570124,57,1,3,456.5,739.3,248.5,518.9,2.8,8.5,19.6,30.9,10.7,204.3,57.1,134.7,3.4,0.0,3.5,0.0,32.5,31.6,121.8,117.5,0.0,0.0,0.0,0.0,2.8,0.0,0.0,8.5
278,570125,57,1,3,7861.5,9233.3,6750.1,8085.6,104.0,124.6,797.7,834.1,467.5,1951.5,2323.1,2524.2,117.5,0.0,120.1,0.0,816.9,788.1,2051.3,1987.7,50.0,0.0,6.0,0.0,104.0,0.0,0.0,124.6
279,570126,57,1,3,1199.3,975.8,958.0,742.7,22.1,10.9,167.4,110.8,97.3,6.0,494.6,515.0,27.1,0.0,27.9,0.0,40.4,39.5,73.2,71.3,29.0,0.0,1.0,0.0,22.1,0.0,0.0,10.9
280,570127,57,1,3,1629.2,857.5,1413.5,660.0,32.9,9.1,256.0,2.7,145.8,0.0,793.6,557.3,54.9,0.0,56.2,0.0,28.4,27.7,74.6,72.2,3.0,0.0,1.0,0.0,32.9,0.0,0.0,9.1
281,570128,57,1,3,2942.8,1650.8,2613.2,1363.2,63.1,18.6,501.0,6.4,288.0,0.0,1440.2,1146.9,75.8,0.0,77.4,0.0,60.8,58.7,156.1,151.2,13.0,0.0,1.0,0.0,63.1,0.0,0.0,18.6
282,570129,57,1,3,6322.3,4355.4,5609.7,3684.5,115.2,57.9,916.9,255.6,502.4,376.4,2925.2,2324.0,242.1,0.0,247.0,0.0,210.3,204.0,536.8,524.4,25.0,0.0,4.0,0.0,115.2,0.0,0.0,57.9
283,570130,57,1,3,6080.5,5039.1,5408.3,4395.2,105.6,57.3,840.6,291.3,490.0,297.6,2617.1,2036.0,183.4,728.8,187.2,0.0,337.4,326.4,734.5,715.0,10.0,0.0,8.0,0.0,105.6,0.0,0.0,57.3
284,570131,57,1,3,4180.1,2026.0,3791.4,1685.4,84.7,24.1,679.6,16.0,394.5,0.0,2114.3,1408.2,149.1,0.0,152.2,0.0,75.4,73.2,192.4,188.0,32.0,0.0,2.0,0.0,84.7,0.0,0.0,24.1
285,570132,57,1,3,609.7,391.2,440.2,224.2,10.1,3.1,80.2,3.5,45.1,0.0,246.6,189.3,16.9,0.0,17.4,0.0,8.9,8.7,23.1,22.7,1.0,0.0,1.0,0.0,10.1,0.0,0.0,3.1
286,570133,57,1,3,2324.6,1574.1,2021.3,1285.8,43.4,19.7,351.3,154.1,201.3,19.4,1086.5,891.5,73.4,0.0,75.0,0.0,71.8,70.1,152.9,150.7,8.0,0.0,1.0,0.0,43.4,0.0,0.0,19.7
287,570134,57,1,3,1472.6,768.4,1250.4,558.9,28.5,8.0,226.8,1.1,121.6,0.0,699.7,471.2,52.0,0.0,53.2,0.0,24.2,23.8,63.8,62.8,8.0,0.0,1.0,0.0,28.5,0.0,0.0,8.0
288,570135,57,1,3,10355.2,9206.1,9350.6,8307.6,229.1,101.6,1644.9,428.2,914.4,131.0,5035.6,4256.8,321.8,1004.1,328.3,1464.7,346.1,334.2,712.4,688.7,40.0,0.0,7.0,0.0,229.1,0.0,0.0,101.6
289,570136,57,1,3,1044.6,1520.3,760.8,1222.9,11.5,21.9,81.1,121.3,46.8,364.0,257.9,411.5,19.1,0.0,19.6,0.0,80.7,78.5,253.6,247.6,1.0,0.0,1.0,0.0,11.5,0.0,0.0,21.9
290,570137,57,1,3,1672.0,796.9,1382.7,520.0,34.5,9.6,250.9,0.9,139.0,0.0,771.6,437.8,65.8,0.0,67.3,0.0,22.9,22.4,60.2,58.9,4.0,0.0,1.0,0.0,34.5,0.0,0.0,9.6
291,570138,57,1,3,5041.4,2465.3,4568.1,2057.3,113.8,36.4,801.5,44.1,447.5,0.0,2540.9,1693.7,206.3,0.0,210.5,0.0,97.7,94.5,231.7,225.0,30.0,0.0,2.0,0.0,113.8,0.0,0.0,36.4
292,570139,57,1,3,2074.2,2168.9,1722.3,1811.4,30.0,30.1,229.4,208.5,139.2,339.7,744.2,776.7,54.5,0.0,55.6,0.0,139.7,136.6,353.6,349.9,4.0,0.0,2.0,0.0,30.0,0.0,0.0,30.1
293,570140,57,1,3,4511.8,2810.4,4025.9,2361.9,87.2,38.0,685.5,186.7,400.4,96.4,2176.5,1667.2,159.4,0.0,162.8,0.0,130.5,127.1,288.7,284.5,19.0,0.0,3.0,0.0,87.2,0.0,0.0,38.0
294,570141,57,1,3,6007.8,10013.6,4986.7,8880.6,45.2,137.2,344.5,754.8,205.5,2881.9,1117.1,1631.0,81.7,423.3,83.5,84.0,790.2,774.0,2346.2,2331.6,13.0,0.0,5.0,0.0,45.2,0.0,0.0,137.2
295,570142,57,1,2,198.4,183.5,53.8,32.3,1.4,0.4,11.0,0.0,6.1,0.0,30.0,28.3,1.2,0.0,1.4,0.0,0.9,0.9,3.2,3.1,0.0,0.0,0.0,0.0,1.4,0.0,0.0,0.4
296,570143,57,1,1,242.9,202.1,87.7,40.8,2.1,0.5,16.4,0.0,9.6,0.0,49.9,35.5,3.1,0.0,3.3,0.0,1.2,1.1,4.2,4.1,0.0,0.0,0.0,0.0,2.1,0.0,0.0,0.5
297,570144,57,1,1,581.9,345.6,408.3,183.8,9.2,2.7,75.0,0.2,44.2,0.0,225.5,155.1,13.3,0.0,13.6,0.0,7.6,7.5,21.1,20.9,7.0,0.0,1.0,0.0,9.2,0.0,0.0,2.7
298,570145,57,1,2,380.6,274.0,225.0,122.6,5.4,1.9,44.4,0.0,25.8,0.0,125.0,104.3,5.4,0.0,5.6,0.0,4.7,4.7,14.1,13.7,0.0,0.0,0.0,0.0,5.4,0.0,0.0,1.9
299,570146,57,1,2,890.7,1612.2,524.6,1224.9,3.8,23.0,28.2,200.9,15.5,293.3,82.0,351.3,4.0,0.0,4.2,0.0,111.9,109.1,276.9,270.4,0.0,0.0,2.0,0.0,3.8,0.0,0.0,23.0
300,570147,57,1,2,1135.2,3694.4,688.0,3194.7,1.5,43.4,9.8,338.3,5.8,508.8,32.1,652.1,2.6,403.3,2.8,672.7,185.7,180.9,448.1,438.6,0.0,0.0,1.0,0.0,1.5,0.0,0.0,43.4
301,570148,57,1,3,347.8,270.4,136.1,50.5,3.4,0.9,24.6,0.0,14.3,0.0,77.1,43.5,6.4,0.0,6.7,0.0,1.6,1.7,5.4,5.4,0.0,0.0,0.0,0.0,3.4,0.0,0.0,0.9
302,570149,57,1,2,962.8,572.8,759.0,380.8,19.1,6.8,140.8,10.5,81.8,4.9,418.4,305.0,24.6,0.0,25.2,0.0,16.9,16.8,44.4,43.7,6.0,0.0,1.0,0.0,19.1,0.0,0.0,6.8
303,570150,57,1,2,1155.3,1268.5,861.4,960.3,13.6,20.1,96.1,96.6,55.4,158.9,293.0,338.3,18.8,0.0,19.2,0.0,112.5,109.7,262.3,256.8,2.0,0.0,2.0,0.0,13.6,0.0,0.0,20.1
304,570151,57,1,2,905.6,1202.4,727.2,1028.1,16.9,10.9,122.1,70.0,68.3,5.0,371.6,355.3,23.5,485.9,24.1,0.0,41.7,41.0,71.8,70.9,3.0,0.0,1.0,0.0,16.9,0.0,0.0,10.9
305,570152,57,1,1,157.2,154.1,5.7,3.1,0.2,0.1,1.0,0.0,0.7,0.0,3.6,2.9,0.2,0.0,0.2,0.0,0.0,0.0,0.1,0.2,0.0,0.0,0.0,0.0,0.2,0.0,0.0,0.1
306,570153,57,1,2,416.7,279.0,251.5,115.0,5.9,1.9,46.9,0.0,27.8,0.0,141.9,97.7,8.6,0.0,8.8,0.0,4.3,4.3,13.1,13.0,0.0,0.0,0.0,0.0,5.9,0.0,0.0,1.9
307,570154,57,1,2,1084.7,595.0,878.6,397.4,21.5,7.2,162.2,0.6,92.3,0.0,489.7,333.3,31.3,0.0,32.1,0.0,17.5,17.4,46.5,46.1,5.0,0.0,2.0,0.0,21.5,0.0,0.0,7.2
308,570155,57,1,3,1267.0,2198.0,886.3,1784.3,10.5,34.2,78.0,264.6,45.5,417.5,241.5,625.1,15.2,0.0,15.6,0.0,130.0,127.4,353.4,349.7,2.0,0.0,5.0,0.0,10.5,0.0,0.0,34.2
309,570156,57,1,3,2374.0,2154.9,1964.7,1748.0,38.6,30.9,309.7,271.1,167.8,199.6,953.9,894.9,64.9,0.0,66.3,0.0,123.0,120.4,265.1,261.9,9.0,0.0,5.0,0.0,38.6,0.0,0.0,30.9
310,570157,57,1,3,552.3,1156.6,279.4,863.7,0.0,16.7,0.0,111.4,0.0,305.8,1.0,172.2,0.0,0.0,0.0,0.0,64.9,63.9,212.4,210.3,0.0,0.0,1.0,0.0,0.0,0.0,0.0,16.7
311,570158,57,1,3,3835.0,8958.0,2697.4,7687.3,5.0,124.4,37.9,1170.4,21.9,1663.7,123.2,1462.8,7.3,0.0,7.6,918.5,734.3,721.7,1758.1,1750.3,0.0,0.0,7.0,0.0,5.0,0.0,0.0,124.4
312,570159,57,1,2,6048.1,4015.6,5324.0,3346.5,117.8,57.4,822.4,536.1,531.3,10.7,2946.4,2326.9,257.7,0.0,262.9,0.0,183.0,177.5,303.2,295.3,14.0,0.0,3.0,0.0,117.8,0.0,0.0,57.4
313,570160,57,1,3,7629.4,4795.6,6997.8,4243.5,151.5,53.7,1234.4,95.7,688.2,44.5,3826.8,2745.9,263.7,676.5,269.0,0.0,208.6,203.5,484.1,477.3,21.0,0.0,2.0,0.0,151.5,0.0,0.0,53.7
314,570161,57,1,3,6239.2,3104.1,5708.6,2642.5,126.6,38.1,1053.3,17.7,574.8,0.0,3188.9,2209.0,221.7,0.0,226.2,0.0,118.7,115.8,303.0,300.0,17.0,0.0,5.0,0.0,126.6,0.0,0.0,38.1
315,570162,57,1,3,2149.8,5875.9,868.5,4507.1,0.0,77.5,0.0,1283.6,0.0,821.7,2.0,1551.8,0.0,0.0,0.0,0.0,315.3,308.1,549.1,542.0,0.0,0.0,2.0,0.0,0.0,0.0,0.0,77.5
316,570163,57,1,3,13528.7,6861.8,12459.4,5960.0,288.4,91.1,2117.1,228.5,1254.1,33.0,6970.4,4760.3,539.8,0.0,550.8,0.0,284.5,278.5,664.7,659.7,75.0,0.0,3.0,0.0,288.4,0.0,0.0,91.1
317,570164,57,1,3,5094.4,2706.0,4620.0,2292.5,113.6,33.8,872.3,9.2,471.4,0.0,2549.5,1920.2,153.4,0.0,156.6,0.0,103.1,100.9,263.7,262.1,46.0,0.0,4.0,0.0,113.6,0.0,0.0,33.8
318,570165,57,1,3,1276.7,698.1,1078.4,508.6,24.4,7.3,189.1,1.3,108.7,0.0,548.2,426.8,29.5,0.0,30.2,0.0,22.1,21.9,58.6,58.6,91.0,0.0,1.0,0.0,24.4,0.0,0.0,7.3
319,570166,57,1,3,5126.7,12969.3,2157.6,9801.5,0.0,172.9,0.0,4454.1,0.0,1484.9,9.0,1754.2,0.0,0.0,0.0,0.0,981.3,961.6,1158.3,1146.7,0.0,0.0,9.0,0.0,0.0,0.0,0.0,172.9
320,570167,57,1,3,6090.3,3288.9,5580.0,2855.8,138.5,41.9,1004.8,45.5,590.5,0.0,3098.3,2344.1,185.4,0.0,189.4,0.0,137.8,135.1,331.8,331.2,37.0,0.0,5.0,0.0,138.5,0.0,0.0,41.9
321,570168,57,1,3,5068.8,3175.6,4583.2,2735.3,102.7,41.9,847.2,149.7,467.0,0.0,2470.2,2097.6,139.9,0.0,142.8,0.0,160.7,157.6,332.4,330.5,19.0,0.0,4.0,0.0,102.7,0.0,0.0,41.9
322,570169,57,1,3,3340.0,3332.8,2885.0,2886.3,63.7,45.7,480.8,322.1,286.0,231.0,1416.5,1774.4,64.0,0.0,65.5,0.0,176.9,173.6,386.2,385.2,7.0,0.0,2.0,0.0,63.7,0.0,0.0,45.7
323,570170,57,1,3,3711.6,2990.9,3212.9,2515.0,75.3,39.9,557.9,150.7,331.1,270.8,1640.1,1596.0,77.7,0.0,79.4,0.0,136.2,133.7,364.4,363.7,24.0,0.0,2.0,0.0,75.3,0.0,0.0,39.9
324,570171,57,1,3,4855.0,5183.8,4183.6,4510.3,85.6,70.3,606.1,389.0,352.6,902.3,1804.3,2009.8,91.2,0.0,93.0,0.0,322.3,316.4,894.2,892.9,15.0,0.0,5.0,0.0,85.6,0.0,0.0,70.3
325,570172,57,1,3,4501.9,2390.2,4089.7,2031.3,99.9,29.5,763.6,5.1,436.6,0.0,2268.2,1696.2,129.3,0.0,132.1,0.0,92.6,91.2,238.4,238.8,26.0,0.0,3.0,0.0,99.9,0.0,0.0,29.5
326,570173,57,1,3,4918.8,14928.3,1689.8,11477.1,0.0,197.3,0.0,4658.1,0.0,690.1,10.0,4443.6,0.0,0.0,0.0,35.6,911.1,895.2,758.7,754.6,0.0,0.0,10.0,0.0,0.0,0.0,0.0,197.3
327,570174,57,1,3,5030.2,4024.5,4495.7,3542.3,106.1,41.5,828.0,150.8,446.7,4.9,2438.4,2120.4,142.8,815.0,145.6,0.0,147.0,144.3,307.2,306.8,37.0,0.0,3.0,0.0,106.1,0.0,0.0,41.5
328,570175,57,1,3,3854.8,4369.3,3231.1,3741.2,65.0,57.7,470.4,247.0,281.6,466.8,1372.6,2057.0,58.5,0.0,59.8,0.0,283.3,278.5,690.8,691.9,12.0,0.0,2.0,0.0,65.0,0.0,0.0,57.7
329,570176,57,1,3,8661.9,7691.3,7815.1,6932.6,198.8,82.0,1389.3,308.5,780.1,361.0,4056.4,3602.0,212.8,596.2,217.1,969.1,321.5,316.3,777.8,779.6,53.0,0.0,7.0,0.0,198.8,0.0,0.0,82.0
330,570177,57,1,3,5192.1,3557.3,4736.9,3153.0,106.5,39.2,773.2,144.1,464.5,150.0,2540.6,1797.7,190.7,530.7,194.8,0.0,157.4,154.8,374.8,375.7,38.0,0.0,3.0,0.0,106.5,0.0,0.0,39.2
331,570178,57,1,3,3251.0,4166.1,2914.0,3830.3,53.2,42.5,456.6,481.6,262.1,0.0,1341.2,1710.6,64.0,979.9,65.4,0.0,263.3,259.4,397.3,398.8,62.0,0.0,2.0,0.0,53.2,0.0,0.0,42.5
332,570179,57,1,3,3401.3,2173.2,3052.0,1855.4,66.6,26.1,549.5,90.5,324.0,9.9,1663.8,1463.3,90.5,0.0,92.4,0.0,90.5,89.0,202.2,202.7,38.0,0.0,1.0,0.0,66.6,0.0,0.0,26.1
333,570180,57,1,4,8259.8,6760.2,7149.9,5708.2,144.8,86.4,1112.3,766.7,642.7,510.0,3607.7,3235.8,269.6,0.0,275.2,0.0,384.7,378.2,817.7,817.4,36.0,0.0,4.0,0.0,144.8,0.0,0.0,86.4
334,570181,57,1,4,6795.6,9253.4,5622.3,8000.4,60.9,122.1,457.4,818.4,268.1,1878.9,1337.7,1835.8,60.2,48.6,61.6,0.0,977.3,963.1,2445.0,2455.6,8.0,0.0,7.0,0.0,60.9,0.0,0.0,122.1
335,570182,57,1,3,8778.9,8628.7,7425.3,7232.1,105.1,114.6,776.3,766.2,439.0,933.8,2397.0,2077.1,154.9,0.0,158.1,0.0,1095.0,1082.0,2360.1,2373.0,37.0,0.0,8.0,0.0,105.1,0.0,0.0,114.6
336,570183,57,1,3,2607.3,1675.0,2321.6,1402.7,48.1,20.7,378.2,143.2,230.0,9.6,1243.6,964.3,94.1,20.6,96.0,0.0,93.3,92.1,171.5,172.9,13.0,0.0,2.0,0.0,48.1,0.0,0.0,20.7
337,570184,57,1,3,4275.9,5212.1,3780.4,4733.3,74.0,44.1,589.3,520.4,355.5,4.9,1919.5,1789.9,140.9,0.0,143.9,1808.9,242.6,239.0,368.6,370.2,19.0,0.0,1.0,0.0,74.0,0.0,0.0,44.1
338,570185,57,1,3,5111.4,2552.0,4681.7,2169.8,91.0,29.5,852.1,12.1,482.5,0.0,2583.4,1803.7,164.0,0.0,167.5,0.0,100.0,98.3,255.1,255.6,73.0,0.0,4.0,0.0,91.0,0.0,0.0,29.5
339,570186,57,1,3,985.6,2672.3,546.7,2192.6,0.5,37.4,3.2,601.3,2.2,185.2,12.2,883.8,0.8,0.0,0.8,0.0,207.3,203.6,319.3,318.6,0.0,0.0,1.0,0.0,0.5,0.0,0.0,37.4
340,570187,57,1,4,8458.2,13930.2,5626.9,10983.3,75.9,178.1,601.9,4190.3,331.9,1338.5,1756.2,2740.8,90.1,0.0,92.0,0.0,1140.9,1124.3,1584.9,1589.4,21.0,0.0,8.0,0.0,75.9,0.0,0.0,178.1
341,570188,57,1,4,2103.6,4614.8,1680.6,4160.8,16.2,45.7,124.1,481.0,69.6,553.7,361.9,731.8,17.7,880.5,18.1,430.8,334.2,329.0,750.9,754.1,2.0,0.0,2.0,0.0,16.2,0.0,0.0,45.7
342,570189,57,1,4,3171.8,2012.2,2813.5,1678.7,55.1,26.0,408.4,92.2,238.6,121.8,1322.4,844.8,96.9,0.0,98.9,0.0,191.7,189.0,428.7,430.9,27.0,0.0,1.0,0.0,55.1,0.0,0.0,26.0
343,570190,57,1,3,2537.7,2221.3,2137.7,1821.3,36.5,29.4,251.2,183.2,148.1,185.1,814.6,657.2,59.7,0.0,60.9,0.0,254.0,250.7,541.2,545.0,7.0,0.0,1.0,0.0,36.5,0.0,0.0,29.4
344,570191,57,1,3,3717.3,3406.4,3173.9,2874.2,70.2,43.6,549.9,243.9,288.7,341.8,1541.3,1669.8,79.6,0.0,81.3,0.0,169.9,167.6,448.3,451.0,13.0,0.0,2.0,0.0,70.2,0.0,0.0,43.6
345,570192,57,1,3,1991.5,1393.7,1708.1,1119.8,41.1,16.5,332.8,65.9,186.4,0.0,914.4,872.9,39.6,0.0,40.5,0.0,55.7,55.2,124.6,125.8,13.0,0.0,1.0,0.0,41.1,0.0,0.0,16.5
346,570193,57,1,3,3257.9,3569.2,2883.5,3203.8,59.4,35.2,514.3,162.7,306.5,49.3,1364.9,1593.1,44.9,0.0,46.0,839.9,180.4,178.0,378.5,380.8,46.0,0.0,2.0,0.0,59.4,0.0,0.0,35.2
347,570194,57,1,3,5821.7,5489.8,5231.4,4884.1,92.4,72.4,893.7,150.6,534.7,812.9,2383.7,2692.9,74.6,0.0,76.2,0.0,293.4,289.5,933.1,938.1,25.0,0.0,17.0,0.0,92.4,0.0,0.0,72.4
348,570195,57,1,3,2746.3,2848.2,2279.4,2363.9,28.0,34.4,291.4,262.9,166.3,187.9,837.9,1036.7,38.3,0.0,39.2,0.0,284.8,280.7,592.4,595.6,26.0,0.0,3.0,0.0,28.0,0.0,0.0,34.4
349,570196,57,1,3,1689.6,1016.9,1520.4,858.6,28.9,11.9,288.6,1.9,167.6,0.0,836.7,716.2,37.7,0.0,38.6,0.0,38.8,38.4,101.2,102.0,11.0,0.0,0.0,0.0,28.9,0.0,0.0,11.9
350,570197,57,1,3,2275.4,1418.8,2048.5,1202.9,38.2,16.9,387.1,16.1,217.5,29.3,1115.9,947.3,52.7,0.0,53.9,0.0,56.5,56.0,153.0,154.1,10.0,0.0,2.0,0.0,38.2,0.0,0.0,16.9
351,570198,57,1,3,336.8,638.3,127.7,425.0,0.7,6.7,4.6,99.1,3.2,94.8,17.2,131.4,1.4,0.0,1.5,0.0,30.1,29.9,69.6,69.7,0.0,0.0,0.0,0.0,0.7,0.0,0.0,6.7
352,570199,57,1,4,780.9,1398.9,295.5,907.4,5.3,13.9,46.0,299.3,26.1,4.6,134.2,530.2,6.6,0.0,6.9,0.0,51.0,50.4,22.7,22.8,2.0,0.0,0.0,0.0,5.3,0.0,0.0,13.9
353,570200,57,1,4,2771.7,4752.6,2287.4,4213.8,16.8,67.2,146.3,283.8,81.3,1684.8,411.5,638.9,17.8,0.0,18.3,0.0,346.0,340.5,1260.0,1265.9,2.0,0.0,4.0,0.0,16.8,0.0,0.0,67.2
354,570201,57,1,4,341.5,730.2,184.5,567.5,0.0,9.1,0.0,57.3,0.0,206.5,0.0,118.4,0.0,0.0,0.0,0.0,40.3,40.1,144.2,145.2,0.0,0.0,0.0,0.0,0.0,0.0,0.0,9.1
355,570202,57,1,4,549.6,785.0,362.2,594.2,4.2,9.5,32.1,84.0,18.5,188.3,106.8,134.3,8.2,0.0,8.5,0.0,45.9,45.6,141.1,142.1,1.0,0.0,0.0,0.0,4.2,0.0,0.0,9.5
356,570203,57,1,4,2143.6,1590.6,1866.0,1332.0,41.0,20.2,342.1,59.9,192.3,64.4,942.2,918.7,37.4,0.0,38.4,0.0,83.5,82.4,205.1,206.5,24.0,0.0,1.0,0.0,41.0,0.0,0.0,20.2
357,570204,57,1,4,620.6,343.4,487.2,218.2,11.0,3.3,84.5,1.6,48.2,0.0,276.0,181.7,21.3,0.0,21.7,0.0,9.6,9.5,25.0,25.3,1.0,0.0,0.0,0.0,11.0,0.0,0.0,3.3
358,570205,57,1,4,2133.8,2407.1,1733.9,1990.0,17.9,32.1,142.5,237.0,78.7,349.9,399.2,350.9,17.6,0.0,18.0,0.0,326.2,321.7,725.7,730.6,24.0,0.0,2.0,0.0,17.9,0.0,0.0,32.1
359,570206,57,1,3,1041.2,721.5,858.4,547.4,19.8,8.6,137.4,31.0,77.2,58.9,453.8,347.3,36.3,0.0,37.1,0.0,28.2,27.9,81.5,82.3,7.0,0.0,0.0,0.0,19.8,0.0,0.0,8.6
360,570207,57,1,3,3105.2,2829.0,2651.6,2387.6,59.2,36.9,463.7,122.3,259.1,80.4,1234.1,1617.5,46.7,0.0,47.8,0.0,177.8,175.4,389.5,392.1,31.0,0.0,2.0,0.0,59.2,0.0,0.0,36.9
361,570208,57,1,3,2145.9,2060.9,1847.0,1754.1,31.4,27.2,276.9,348.1,151.2,0.0,850.5,977.1,60.4,0.0,61.6,0.0,176.9,174.5,252.5,254.4,16.0,0.0,1.0,0.0,31.4,0.0,0.0,27.2
362,570209,57,1,3,3554.7,3292.7,3127.1,2856.7,50.9,43.6,467.3,148.5,262.8,553.3,1362.7,1275.3,68.8,0.0,70.3,0.0,223.7,220.6,655.5,658.9,12.0,0.0,4.0,0.0,50.9,0.0,0.0,43.6
363,570210,57,1,3,2627.3,1299.2,2359.8,1041.0,52.5,15.2,427.5,2.5,241.8,0.0,1316.0,866.3,85.9,0.0,87.7,0.0,47.6,47.0,124.4,125.1,14.0,0.0,15.0,0.0,52.5,0.0,0.0,15.2
364,570211,57,1,3,2069.9,4201.0,1152.5,3215.4,0.3,54.1,2.6,737.0,1.9,783.4,9.4,570.2,0.3,0.0,0.3,0.0,351.2,344.7,784.9,780.0,0.0,0.0,2.0,0.0,0.3,0.0,0.0,54.1
365,570212,57,1,3,413.6,990.3,132.2,694.2,0.2,12.3,0.0,251.8,1.9,19.4,7.4,301.4,0.2,0.0,0.3,0.0,62.3,61.5,60.0,60.1,0.0,0.0,0.0,0.0,0.2,0.0,0.0,12.3
366,570213,57,1,3,1890.0,3402.2,1230.9,2702.1,13.8,46.6,106.9,728.4,64.7,508.7,363.0,833.9,28.3,0.0,29.0,0.0,211.9,208.6,422.2,422.4,3.0,0.0,2.0,0.0,13.8,0.0,0.0,46.6
367,570214,57,1,4,113.9,157.5,12.9,61.4,0.0,1.0,0.0,19.0,0.0,4.6,2.0,29.0,0.0,0.0,0.0,0.0,3.6,3.6,5.3,5.3,0.0,0.0,2.0,0.0,0.0,0.0,0.0,1.0
368,570215,57,1,4,540.8,729.8,340.5,529.5,5.3,8.5,45.6,98.2,25.5,82.9,130.7,229.0,5.8,0.0,6.0,0.0,36.3,36.1,82.5,83.3,6.0,0.0,2.0,0.0,5.3,0.0,0.0,8.5
369,570216,57,1,4,913.9,2987.9,339.9,2372.4,0.0,38.0,0.0,714.5,0.0,203.2,3.0,1121.6,0.0,0.0,0.0,0.0,135.2,133.1,198.8,200.1,0.0,0.0,3.0,0.0,0.0,0.0,0.0,38.0
370,570217,57,1,4,803.1,2174.0,337.9,1684.3,1.3,26.6,10.8,354.9,6.2,143.5,31.9,900.6,1.4,0.0,1.4,0.0,108.7,107.3,176.6,177.9,0.0,0.0,1.0,0.0,1.3,0.0,0.0,26.6
371,570218,57,1,4,780.5,2538.8,278.3,2003.6,0.0,31.9,0.0,729.9,0.0,98.2,3.0,903.8,0.0,0.0,0.0,0.0,128.8,127.1,143.6,144.6,0.0,0.0,3.0,0.0,0.0,0.0,0.0,31.9
372,570219,57,1,4,4779.5,9224.4,3960.7,8339.7,47.6,104.8,392.1,867.9,217.9,1358.4,1090.4,2234.3,45.7,920.4,46.9,811.7,622.4,614.2,1523.3,1532.8,17.0,0.0,5.0,0.0,47.6,0.0,0.0,104.8
373,570220,57,1,5,4362.6,8268.2,3047.6,6843.9,23.5,106.2,222.5,1362.4,123.5,540.7,649.8,2990.0,27.9,0.0,28.7,0.0,681.4,672.6,1271.8,1278.2,22.0,0.0,20.0,0.0,23.5,0.0,0.0,106.2
374,570221,57,1,4,1102.9,816.9,918.5,644.4,21.4,9.8,173.6,37.4,97.7,9.4,483.0,496.3,20.0,0.0,20.5,0.0,30.1,29.9,70.6,71.4,21.0,0.0,2.0,0.0,21.4,0.0,0.0,9.8
375,570222,57,1,4,2836.9,5456.6,2016.5,4586.9,27.8,72.5,240.2,1246.7,134.8,251.5,677.7,2201.5,29.0,0.0,29.7,0.0,352.7,348.0,536.3,539.3,13.0,0.0,3.0,0.0,27.8,0.0,0.0,72.5
376,570223,57,1,4,1021.6,1140.1,794.3,916.6,17.2,14.1,136.7,131.3,77.0,58.0,388.5,574.1,17.5,0.0,17.8,0.0,49.3,48.8,103.6,104.5,3.0,0.0,1.0,0.0,17.2,0.0,0.0,14.1
377,570224,57,1,4,4642.6,4042.5,4074.8,3508.6,90.9,53.3,776.8,390.6,448.3,13.9,2086.4,2537.0,77.5,0.0,79.1,0.0,190.0,187.5,377.6,379.5,37.0,0.0,2.0,0.0,90.9,0.0,0.0,53.3
378,570225,57,1,4,2360.5,2614.9,2096.3,2375.4,49.8,23.0,406.5,69.5,224.6,14.1,1078.9,1163.6,43.6,843.0,44.5,0.0,88.9,87.8,196.3,197.4,12.0,0.0,1.0,0.0,49.8,0.0,0.0,23.0
379,570226,57,1,4,6770.2,3528.5,6233.2,3084.5,143.6,46.2,1114.2,37.1,665.5,4.5,3454.8,2533.1,203.5,0.0,207.8,0.0,145.6,143.7,364.7,366.2,74.0,0.0,3.0,0.0,143.6,0.0,0.0,46.2
380,570227,57,1,3,4866.4,2469.9,4437.5,2084.3,91.3,31.1,803.1,43.0,436.7,4.6,2457.9,1683.3,169.1,0.0,172.7,0.0,102.8,101.7,250.1,251.8,44.0,0.0,1.0,0.0,91.3,0.0,0.0,31.1
381,570228,57,1,3,3953.2,2173.2,3596.1,1849.2,75.2,27.9,639.1,22.6,361.2,75.8,1928.2,1404.8,114.4,0.0,116.8,0.0,92.2,90.8,254.2,255.2,88.0,0.0,2.0,0.0,75.2,0.0,0.0,27.9
382,570229,57,1,3,1707.9,871.5,1485.8,659.6,32.6,9.8,272.1,2.3,154.2,0.0,831.6,548.7,55.2,0.0,56.5,0.0,29.9,29.6,78.4,79.0,7.0,0.0,1.0,0.0,32.6,0.0,0.0,9.8
383,570230,57,1,3,2496.5,6600.5,850.4,4856.6,0.0,81.3,0.0,3018.8,0.0,426.2,5.0,582.0,0.0,0.0,0.0,0.0,481.3,472.9,359.1,356.8,0.0,0.0,5.0,0.0,0.0,0.0,0.0,81.3
384,570231,57,1,3,1881.4,4486.1,899.1,3434.6,1.2,57.0,9.3,1167.7,5.9,705.5,33.1,724.1,2.1,0.0,2.2,0.0,300.3,295.3,544.1,541.9,0.0,0.0,2.0,0.0,1.2,0.0,0.0,57.0
385,570232,57,1,3,817.6,1828.7,432.3,1420.7,1.6,22.5,13.7,470.3,9.0,296.1,49.6,306.1,3.9,0.0,4.1,0.0,125.5,123.3,225.6,224.8,0.0,0.0,1.0,0.0,1.6,0.0,0.0,22.5
386,570233,57,1,3,1596.6,3688.5,448.3,2483.0,1.2,40.8,9.6,1031.6,6.1,214.4,33.9,848.5,2.1,0.0,2.2,0.0,202.6,199.0,189.8,189.4,0.0,0.0,2.0,0.0,1.2,0.0,0.0,40.8
387,570234,57,1,3,3853.6,2804.9,3283.8,2255.4,62.5,37.1,525.5,559.0,321.4,55.9,1753.3,1250.0,132.4,0.0,135.4,0.0,160.1,157.8,232.8,232.7,20.0,0.0,3.0,0.0,62.5,0.0,0.0,37.1
388,570235,57,1,3,100.1,124.1,3.7,31.5,0.0,0.5,0.0,14.5,0.0,0.0,1.0,15.4,0.0,0.0,0.0,0.0,1.7,1.6,0.0,0.0,0.0,0.0,1.0,0.0,0.0,0.0,0.0,0.5
389,570236,57,1,4,922.4,1418.5,654.7,1146.6,10.5,18.4,106.3,269.3,59.3,40.0,272.8,645.8,10.8,0.0,11.0,0.0,79.6,78.6,112.0,113.0,2.0,0.0,1.0,0.0,10.5,0.0,0.0,18.4
390,570237,57,1,5,2823.1,4943.0,2035.9,4090.6,7.8,65.5,80.8,792.3,44.4,460.3,210.6,1164.4,7.0,0.0,7.3,0.0,561.5,553.9,1115.3,1119.6,3.0,0.0,6.0,0.0,7.8,0.0,0.0,65.5
391,570238,57,1,5,970.8,2061.8,735.6,1806.1,5.2,28.6,48.0,559.4,29.7,4.4,166.6,782.0,13.3,0.0,13.7,0.0,211.4,208.5,250.8,251.8,1.0,0.0,1.0,0.0,5.2,0.0,0.0,28.6
392,570239,57,1,5,3989.3,7324.9,2865.4,6075.2,0.0,97.5,0.0,1288.3,0.0,882.2,24.0,1090.3,0.0,0.0,0.0,0.0,930.3,918.0,1887.1,1896.4,0.0,0.0,24.0,0.0,0.0,0.0,0.0,97.5
393,570240,57,1,5,1510.9,3014.4,1033.9,2509.6,12.9,38.9,137.1,492.8,75.5,259.8,349.8,1320.2,12.2,0.0,12.5,0.0,141.3,139.4,296.4,297.5,7.0,0.0,2.0,0.0,12.9,0.0,0.0,38.9
394,570241,57,1,5,10682.2,30993.4,7586.8,27436.2,0.0,436.0,0.0,9200.2,0.0,455.7,18.0,10250.5,0.0,0.0,0.0,0.0,3342.7,3299.8,4208.1,4230.0,0.0,0.0,18.0,0.0,0.0,0.0,0.0,436.0
395,570242,57,1,4,1659.6,2953.2,1196.5,2468.2,17.9,39.1,182.0,550.4,100.2,101.0,461.4,1406.3,17.2,0.0,17.6,0.0,159.2,157.0,252.0,253.5,5.0,0.0,2.0,0.0,17.9,0.0,0.0,39.1
396,570243,57,1,5,4833.2,7633.4,3765.7,6494.6,42.1,101.2,436.3,1256.5,236.7,396.7,1110.6,2959.2,37.0,0.0,37.8,0.0,675.4,666.6,1209.9,1215.6,15.0,0.0,7.0,0.0,42.1,0.0,0.0,101.2
397,570244,57,1,4,5864.2,3888.4,5266.2,3343.3,99.8,51.6,918.3,290.7,514.9,136.5,2806.2,2289.0,175.2,0.0,178.9,0.0,191.4,189.0,436.3,438.1,43.0,0.0,2.0,0.0,99.8,0.0,0.0,51.6
398,570245,57,1,4,5599.4,4393.7,5059.4,3896.8,106.0,59.7,936.9,353.3,529.0,104.3,2620.8,2762.8,109.9,0.0,112.2,0.0,200.6,198.1,475.9,478.3,71.0,0.0,3.0,0.0,106.0,0.0,0.0,59.7
399,570246,57,1,4,5079.6,3262.6,4638.7,2870.9,96.6,44.4,829.7,57.5,467.7,202.0,2458.0,2024.0,127.7,0.0,130.4,0.0,153.9,151.7,434.4,435.7,34.0,0.0,3.0,0.0,96.6,0.0,0.0,44.4
400,570247,57,1,4,4894.1,6151.3,4072.1,5318.7,78.7,83.0,664.4,979.0,367.6,176.5,1806.9,3129.5,75.3,0.0,76.9,0.0,391.9,386.3,645.1,647.4,39.0,0.0,5.0,0.0,78.7,0.0,0.0,83.0
401,570248,57,1,3,3415.9,2736.5,3022.2,2365.5,66.4,26.3,555.3,84.5,296.9,23.9,1592.4,1212.8,93.7,681.5,95.7,0.0,113.2,111.5,250.9,251.4,21.0,0.0,3.0,0.0,66.4,0.0,0.0,26.3
402,570249,57,1,3,3506.4,2162.9,3119.1,1803.9,69.3,27.7,574.2,121.1,320.5,4.4,1670.6,1379.5,88.7,0.0,90.5,0.0,93.3,92.0,206.3,207.0,73.0,0.0,2.0,0.0,69.3,0.0,0.0,27.7
403,570250,57,1,3,2079.7,1252.8,1796.6,970.7,35.4,14.7,354.2,13.6,191.6,0.0,972.1,801.6,47.1,0.0,48.0,0.0,43.7,43.4,111.8,112.1,24.0,0.0,4.0,0.0,35.4,0.0,0.0,14.7
404,570251,57,1,3,1847.8,1465.1,1547.0,1161.8,32.4,13.7,306.0,46.2,157.3,0.0,806.3,690.1,39.4,0.0,40.3,259.1,53.3,52.4,113.5,114.0,29.0,0.0,2.0,0.0,32.4,0.0,0.0,13.7
405,570252,57,1,3,4880.2,10716.1,3629.1,9304.0,1.7,141.7,14.3,1030.4,9.0,3420.3,51.4,1335.7,3.4,0.0,3.4,0.0,860.8,846.8,2682.8,2670.8,0.0,0.0,4.0,0.0,1.7,0.0,0.0,141.7
406,570253,57,1,3,589.9,1169.6,404.2,966.6,0.3,14.9,2.5,81.1,1.9,345.1,7.3,151.8,0.3,0.0,0.2,0.0,96.0,94.3,296.0,294.4,0.0,0.0,0.0,0.0,0.3,0.0,0.0,14.9
407,570254,57,1,3,1210.8,2608.3,820.6,2178.3,0.0,33.9,0.0,294.9,0.0,768.0,1.0,303.8,0.0,0.0,0.0,0.0,209.2,205.5,609.3,606.1,0.0,0.0,1.0,0.0,0.0,0.0,0.0,33.9
408,570255,57,1,3,1886.6,4312.1,984.0,3344.6,0.0,51.7,0.0,648.6,0.0,985.7,3.0,739.7,0.0,0.0,0.0,0.0,265.6,261.0,712.4,709.6,0.0,0.0,3.0,0.0,0.0,0.0,0.0,51.7
409,570256,57,1,4,1747.6,3989.1,663.6,2856.2,3.1,47.5,28.1,1280.4,17.4,265.6,97.6,811.0,7.0,0.0,7.1,0.0,257.8,253.8,244.5,245.4,1.0,0.0,3.0,0.0,3.1,0.0,0.0,47.5
410,570257,57,1,4,1308.3,1096.2,1132.6,926.0,17.8,15.2,156.5,74.5,96.4,179.6,543.5,433.0,43.9,0.0,44.8,0.0,58.3,57.8,180.3,181.2,6.0,0.0,3.0,0.0,17.8,0.0,0.0,15.2
411,570258,57,1,4,3707.6,1843.2,3404.3,1581.2,61.7,24.8,558.2,72.1,336.9,28.2,1913.0,1210.9,154.5,0.0,157.7,0.0,80.2,79.2,189.9,190.8,13.0,0.0,1.0,0.0,61.7,0.0,0.0,24.8
412,570259,57,1,4,1528.3,3019.8,991.5,2458.9,15.1,39.0,143.8,193.6,80.9,177.2,430.6,1803.8,22.5,0.0,23.1,0.0,91.0,89.8,193.6,194.4,5.0,0.0,1.0,0.0,15.1,0.0,0.0,39.0
413,570260,57,1,4,1917.8,2111.6,1575.3,1768.7,25.3,28.5,246.1,256.8,139.9,140.5,727.1,996.4,36.3,0.0,37.2,0.0,120.1,118.4,255.6,256.6,12.0,0.0,1.0,0.0,25.3,0.0,0.0,28.5
414,570261,57,1,4,987.1,1688.7,731.2,1430.4,10.5,16.2,101.3,190.1,57.2,106.8,303.2,471.7,15.7,0.0,16.0,431.1,77.4,76.5,153.5,154.2,6.0,0.0,1.0,0.0,10.5,0.0,0.0,16.2
415,570262,57,1,4,4714.9,2298.0,4304.7,1939.4,80.4,30.3,747.6,51.5,433.5,9.0,2403.8,1562.8,180.9,0.0,184.6,0.0,92.3,90.9,224.9,225.2,35.0,0.0,2.0,0.0,80.4,0.0,0.0,30.3
416,570263,57,1,4,3942.9,2206.8,3610.3,1915.0,68.9,29.7,663.7,17.7,372.2,32.5,1993.4,1530.6,110.0,0.0,112.4,0.0,92.1,90.9,242.5,243.4,23.0,0.0,1.0,0.0,68.9,0.0,0.0,29.7
417,570264,57,1,3,4225.1,3687.7,3671.6,3141.6,69.9,51.2,572.7,316.1,338.0,308.2,1766.5,1764.2,100.8,0.0,102.9,0.0,222.6,219.4,533.1,533.8,30.0,0.0,5.0,0.0,69.9,0.0,0.0,51.2
418,570265,57,1,4,4538.8,2926.5,4095.5,2531.4,83.0,33.7,716.0,91.1,415.3,8.9,2257.5,1708.7,159.5,278.4,162.8,95.5,108.9,107.2,241.4,241.7,32.0,0.0,2.0,0.0,83.0,0.0,0.0,33.7
419,570266,57,1,3,4524.2,2630.6,4137.8,2286.2,91.2,36.0,769.0,43.0,451.9,0.0,2246.8,1862.6,104.0,0.0,106.0,0.0,109.5,107.8,272.6,272.7,74.0,0.0,4.0,0.0,91.2,0.0,0.0,36.0
420,570267,57,1,3,1785.3,3184.6,1505.7,2902.7,29.9,19.0,254.8,182.2,136.6,0.0,729.7,733.1,42.1,0.0,43.1,1718.2,105.1,103.5,165.3,165.7,26.0,0.0,3.0,0.0,29.9,0.0,0.0,19.0
421,570268,57,1,3,1131.1,781.8,944.6,596.6,16.8,9.2,171.6,57.6,105.0,0.0,512.1,446.1,25.7,0.0,26.5,0.0,30.1,29.9,62.6,63.0,10.0,0.0,1.0,0.0,16.8,0.0,0.0,9.2
422,570269,57,1,3,4585.3,12335.4,1098.8,8716.2,0.0,133.2,0.0,7352.8,0.0,4.6,9.0,295.4,0.0,0.0,0.0,0.0,1051.6,1034.1,29.2,29.2,0.0,0.0,9.0,0.0,0.0,0.0,0.0,133.2
423,570270,57,1,4,1410.6,2813.6,905.0,2278.8,6.3,38.1,56.4,378.2,32.0,578.2,174.1,705.7,10.4,0.0,10.6,0.0,163.3,161.0,455.2,455.7,2.0,0.0,1.0,0.0,6.3,0.0,0.0,38.1
424,570271,57,1,4,1161.8,2672.6,765.5,2244.1,0.0,37.3,0.0,424.5,0.0,756.8,2.0,302.6,0.0,0.0,0.0,0.0,193.8,191.1,567.7,569.1,0.0,0.0,2.0,0.0,0.0,0.0,0.0,37.3
425,570272,57,1,4,2899.9,4111.8,2351.5,3532.4,24.8,57.7,240.0,359.4,139.7,930.9,761.7,1153.0,50.3,0.0,51.4,0.0,266.3,262.3,825.0,826.9,14.0,0.0,3.0,0.0,24.8,0.0,0.0,57.7
426,570273,57,1,4,2702.4,3225.5,2174.2,2690.6,32.0,43.8,302.3,528.5,175.3,345.4,961.3,1231.5,66.4,0.0,67.9,0.0,179.5,177.0,407.4,408.2,13.0,0.0,1.0,0.0,32.0,0.0,0.0,43.8
427,570274,57,1,4,1635.2,3009.0,1240.2,2601.7,12.4,32.1,122.7,382.6,68.7,233.5,375.8,729.4,23.8,651.4,24.4,0.0,199.8,197.0,407.0,407.8,17.0,0.0,1.0,0.0,12.4,0.0,0.0,32.1
428,570275,57,1,4,979.7,1364.7,693.1,1077.7,9.9,17.6,95.6,208.2,53.2,126.9,296.8,540.2,19.2,0.0,19.8,0.0,63.6,62.9,138.8,139.4,5.0,0.0,1.0,0.0,9.9,0.0,0.0,17.6
429,570276,57,1,4,1854.2,2377.0,1461.1,1976.2,20.3,32.1,199.1,306.4,109.7,289.7,613.3,935.8,39.5,0.0,40.4,0.0,130.1,128.3,315.0,315.8,12.0,0.0,2.0,0.0,20.3,0.0,0.0,32.1
430,570277,57,1,4,4166.5,1930.1,3816.2,1629.8,67.7,25.1,671.8,4.3,391.7,0.0,2120.5,1353.4,151.1,0.0,154.3,0.0,76.0,75.0,196.7,197.1,53.0,0.0,1.0,0.0,67.7,0.0,0.0,25.1
431,570278,57,1,3,2766.4,2079.5,2481.2,1819.2,45.8,17.9,432.8,29.9,250.1,0.0,1389.1,917.9,104.7,693.0,106.9,0.0,52.4,51.9,126.3,126.6,17.0,0.0,2.0,0.0,45.8,0.0,0.0,17.9
432,570279,57,1,3,7169.4,5620.3,6330.4,4811.1,125.6,77.5,1155.4,328.4,631.4,164.8,3159.3,3290.4,140.7,0.0,143.6,0.0,320.7,315.9,711.2,711.6,62.0,0.0,6.0,0.0,125.6,0.0,0.0,77.5
433,570280,57,1,3,3968.8,4768.4,3485.7,4297.7,66.0,42.3,593.9,344.4,358.6,27.6,1799.3,1775.4,101.9,463.2,104.0,1202.2,176.9,174.0,311.1,310.7,36.0,0.0,4.0,0.0,66.0,0.0,0.0,42.3
434,570281,57,1,4,5123.9,9800.7,3856.3,8392.5,0.0,132.2,0.0,959.8,0.0,2678.3,8.0,925.0,0.0,0.0,0.0,0.0,1019.6,1004.6,2820.6,2824.7,0.0,0.0,8.0,0.0,0.0,0.0,0.0,132.2
435,570282,57,1,4,1084.2,1358.4,787.2,1064.5,12.8,17.0,128.0,186.5,70.2,37.1,396.3,707.2,25.8,0.0,26.4,0.0,50.4,49.9,83.1,83.7,6.0,0.0,1.0,0.0,12.8,0.0,0.0,17.0
436,570283,57,1,4,4825.5,4454.9,4155.0,3787.1,66.0,60.2,713.3,442.9,397.8,173.4,2023.1,2373.7,93.2,9.9,95.2,13.3,254.2,250.1,525.2,523.8,50.0,0.0,3.0,0.0,66.0,0.0,0.0,60.2
437,570284,57,1,4,11852.3,34551.1,10518.7,33040.3,35.0,209.6,424.2,3946.5,247.5,74.1,1355.5,8665.8,105.0,42.1,107.3,0.0,2829.8,2786.5,3556.4,3539.4,1879.0,13986.0,14.0,0.0,35.0,0.0,0.0,209.6
438,570285,57,1,4,1866.1,992.5,1582.0,745.5,25.0,11.6,311.0,1.5,172.8,0.0,848.6,620.5,43.5,0.0,44.6,0.0,34.1,33.7,90.4,89.8,36.0,0.0,1.0,0.0,25.0,0.0,0.0,11.6
439,570286,57,1,4,3865.2,6797.8,2650.5,5533.5,38.5,88.7,415.7,1247.4,237.9,84.2,1230.4,3595.5,65.5,0.0,67.0,0.0,271.6,267.1,340.4,339.3,18.0,0.0,4.0,0.0,38.5,0.0,0.0,88.7
440,570287,57,1,4,8898.1,22422.4,5103.1,18332.6,25.3,302.0,262.8,7190.5,151.7,912.6,754.6,6434.8,36.2,0.0,37.2,0.0,1637.0,1610.5,2198.5,2184.2,14.0,0.0,11.0,0.0,25.3,0.0,0.0,302.0
441,570288,57,1,4,3909.1,3794.8,3299.7,3179.2,34.1,51.6,406.3,360.7,230.0,373.4,1146.2,1163.9,57.8,0.0,59.0,0.0,410.5,403.7,884.1,877.5,100.0,0.0,6.0,0.0,34.1,0.0,0.0,51.6
442,570289,57,1,3,3166.4,3491.6,2437.0,2755.7,54.5,43.6,417.7,239.3,236.9,59.7,1193.4,2040.4,60.8,0.0,62.2,0.0,149.2,146.5,272.7,269.7,38.0,0.0,6.0,0.0,54.5,0.0,0.0,43.6
443,570290,57,1,3,6406.8,6886.1,5338.2,5805.1,103.5,81.8,754.8,1080.7,380.9,219.0,1985.8,2311.2,106.8,740.1,109.1,0.0,534.2,524.9,940.5,929.1,511.0,0.0,15.0,0.0,103.5,0.0,0.0,81.8
444,570291,57,1,3,5164.1,2415.2,4612.7,1906.4,109.0,29.1,928.5,5.3,482.1,0.0,2502.7,1579.3,161.6,0.0,165.0,0.0,91.2,89.6,235.6,232.3,34.0,0.0,12.0,0.0,109.0,0.0,0.0,29.1
445,570292,57,1,3,2109.6,1084.0,1763.0,737.1,42.3,11.2,352.7,1.5,186.7,0.0,954.4,612.8,56.7,0.0,58.0,0.0,34.2,33.6,90.2,89.1,17.0,0.0,13.0,0.0,42.3,0.0,0.0,11.2
446,570293,57,1,3,3298.4,2525.3,2734.3,1979.9,69.7,30.7,457.9,278.6,252.1,92.7,1257.7,1028.5,74.4,0.0,76.1,0.0,197.4,194.0,392.6,386.0,22.0,0.0,4.0,0.0,69.7,0.0,0.0,30.7
447,570294,57,1,2,5164.6,3469.5,4626.1,2965.4,91.8,47.1,745.5,156.5,407.8,416.1,2377.9,1705.8,189.2,0.0,193.2,0.0,174.2,170.9,521.3,515.9,14.0,0.0,3.0,0.0,91.8,0.0,0.0,47.1
448,570295,57,1,3,7514.7,5709.5,6532.6,4759.6,133.6,81.4,1081.4,501.4,625.5,417.2,3347.3,2866.6,234.9,0.0,239.8,0.0,297.5,291.6,688.2,682.8,15.0,0.0,3.0,0.0,133.6,0.0,0.0,81.4
449,570296,57,1,2,2930.1,1480.1,2618.5,1194.4,53.9,16.2,483.2,4.1,270.4,0.0,1458.9,999.3,97.0,0.0,99.1,0.0,53.8,52.9,140.1,138.2,10.0,0.0,6.0,0.0,53.9,0.0,0.0,16.2
450,570297,57,1,3,2736.9,3053.5,2272.0,2605.0,47.6,23.3,384.0,214.5,207.0,0.0,1232.1,989.0,98.8,0.0,101.0,1176.2,89.2,87.3,138.9,138.0,18.0,0.0,3.0,0.0,47.6,0.0,0.0,23.3
451,570298,57,1,3,1473.9,2966.4,924.7,2354.6,0.0,43.1,0.0,466.5,0.0,409.4,10.0,581.6,0.0,0.0,0.0,0.0,289.5,284.3,615.2,612.8,0.0,0.0,10.0,0.0,0.0,0.0,0.0,43.1
452,570299,57,1,2,793.0,464.3,608.7,287.8,12.0,3.6,113.8,1.3,64.7,0.0,339.1,241.3,21.1,0.0,21.6,0.0,12.3,12.2,33.1,33.0,3.0,0.0,0.0,0.0,12.0,0.0,0.0,3.6
453,570300,57,1,3,5454.1,5146.4,4595.8,4285.0,76.2,67.5,638.0,601.3,353.5,740.5,2024.7,1712.1,158.3,0.0,161.7,0.0,365.9,358.9,879.8,872.2,10.0,0.0,4.0,0.0,76.2,0.0,0.0,67.5
454,570301,57,1,3,2562.4,2242.0,2031.7,1710.8,40.5,30.4,322.3,536.1,181.4,29.9,1022.6,813.1,78.8,15.1,80.6,0.0,150.1,147.5,169.9,169.1,22.0,0.0,4.0,0.0,40.5,0.0,0.0,30.4
455,570302,57,1,3,7347.1,5966.7,6349.7,4969.3,120.9,88.0,959.1,558.2,528.9,404.8,3053.5,2738.1,239.9,0.0,244.9,0.0,402.5,396.1,874.9,872.1,35.0,0.0,11.0,0.0,120.9,0.0,0.0,88.0
456,570303,57,1,2,2079.2,918.1,1814.6,672.2,33.0,8.3,314.4,2.3,181.4,0.0,1018.6,563.9,88.2,0.0,90.0,0.0,29.5,29.1,77.5,76.9,13.0,0.0,2.0,0.0,33.0,0.0,0.0,8.3
457,570304,57,1,3,2548.9,3014.2,2065.0,2516.8,28.7,37.9,254.1,293.9,143.6,509.5,796.4,975.6,58.7,0.0,60.1,0.0,206.0,202.0,540.1,535.8,4.0,0.0,2.0,0.0,28.7,0.0,0.0,37.9
458,570305,57,1,2,2646.3,2567.5,2312.1,2251.4,38.4,16.3,375.1,173.2,212.0,0.0,1226.2,905.8,112.1,913.3,114.5,0.0,98.0,96.2,165.1,162.9,8.0,0.0,1.0,0.0,38.4,0.0,0.0,16.3
459,570306,57,1,3,6601.1,5961.0,5464.0,4823.6,86.2,69.2,781.9,663.5,439.2,536.4,2468.3,2274.3,190.3,0.0,194.3,0.0,436.2,428.2,928.8,921.2,20.0,0.0,5.0,0.0,86.2,0.0,0.0,69.2
460,570307,57,1,2,4865.8,4686.6,4304.9,4150.8,60.3,25.7,716.8,297.5,378.0,80.3,2127.5,1733.6,161.9,899.9,165.4,429.1,251.5,244.4,480.8,466.0,19.0,0.0,4.0,0.0,60.3,0.0,0.0,25.7
461,570308,57,1,2,3027.7,1449.8,2687.3,1129.0,44.0,10.7,492.1,8.6,258.3,0.0,1468.9,946.0,115.7,0.0,118.0,0.0,49.6,48.5,128.7,125.9,52.0,0.0,4.0,0.0,44.0,0.0,0.0,10.7
462,570309,57,1,2,3617.1,1843.1,3221.7,1475.0,55.0,15.5,604.5,14.2,322.7,0.0,1785.9,1243.4,133.6,0.0,136.3,0.0,63.2,61.6,158.6,155.7,12.0,0.0,5.0,0.0,55.0,0.0,0.0,15.5
463,570310,57,1,2,1228.2,751.7,967.4,498.1,17.6,5.9,181.7,15.9,96.1,0.0,539.2,416.8,40.9,0.0,41.8,0.0,18.9,18.8,46.8,46.6,2.0,0.0,0.0,0.0,17.6,0.0,0.0,5.9
464,570311,57,1,3,4833.5,2669.3,4359.4,2232.9,80.3,29.7,760.8,113.7,423.5,46.3,2403.0,1685.9,182.9,0.0,186.7,0.0,115.4,113.4,276.1,273.6,10.0,0.0,1.0,0.0,80.3,0.0,0.0,29.7
465,570312,57,1,3,8026.8,4609.2,7353.1,3996.0,138.3,54.8,1310.8,87.2,706.0,119.5,3935.5,2942.0,256.7,0.0,261.9,0.0,249.2,244.4,608.0,602.9,20.0,0.0,5.0,0.0,138.3,0.0,0.0,54.8
466,570313,57,1,2,3482.8,1862.2,3102.4,1505.4,49.0,14.1,568.4,34.2,298.1,73.3,1689.5,1131.8,132.4,0.0,135.2,0.0,72.4,70.8,200.4,195.3,5.0,0.0,1.0,0.0,49.0,0.0,0.0,14.1
467,570314,57,1,3,8125.5,3874.2,7488.5,3308.6,130.8,37.2,1384.3,40.7,794.5,12.0,4158.6,2732.0,290.6,0.0,296.7,0.0,150.5,147.2,382.3,376.8,30.0,0.0,1.0,0.0,130.8,0.0,0.0,37.2
468,570315,57,1,3,3042.9,1495.6,2702.3,1173.4,49.4,14.4,501.1,6.4,265.9,0.0,1504.6,984.4,117.6,0.0,120.2,0.0,51.6,50.7,133.2,131.8,7.0,0.0,1.0,0.0,49.4,0.0,0.0,14.4
469,570316,57,1,2,3373.4,1695.8,3055.0,1399.5,44.8,12.2,558.6,3.2,308.0,0.0,1696.4,1181.1,117.8,0.0,120.4,0.0,61.5,60.1,159.2,155.1,25.0,0.0,8.0,0.0,44.8,0.0,0.0,12.2
470,570317,57,1,2,2671.8,4012.0,2345.9,3696.8,32.2,16.5,390.5,228.3,220.1,0.0,1174.9,1111.1,77.9,703.5,79.7,1308.2,135.4,132.4,218.4,213.3,46.0,0.0,3.0,0.0,32.2,0.0,0.0,16.5
471,570318,57,1,3,1929.5,1922.7,1655.3,1656.5,24.6,10.1,283.6,111.8,160.3,0.0,865.2,698.8,63.3,645.0,64.6,0.0,75.2,73.5,130.0,127.3,11.0,0.0,2.0,0.0,24.6,0.0,0.0,10.1
472,570319,57,1,3,3621.9,1908.6,3236.4,1544.8,53.6,16.6,585.2,68.2,321.8,0.0,1797.9,1241.0,137.7,0.0,140.6,0.0,73.1,71.4,167.1,164.2,8.0,0.0,5.0,0.0,53.6,0.0,0.0,16.6
473,570320,57,1,3,4313.2,2883.3,3780.7,2358.5,61.4,28.5,642.1,177.7,342.8,92.6,1950.5,1602.4,153.4,0.0,156.5,0.0,155.1,152.0,338.3,333.9,31.0,0.0,11.0,0.0,61.4,0.0,0.0,28.5
474,570321,57,1,3,1775.0,901.7,1521.7,653.5,26.7,7.4,279.5,1.2,155.8,0.0,850.9,551.0,62.3,0.0,63.7,0.0,28.2,27.8,74.2,73.5,6.0,0.0,1.0,0.0,26.7,0.0,0.0,7.4
475,570322,57,1,2,3754.4,1526.0,3436.4,1257.5,49.0,9.9,571.2,8.5,343.1,0.0,1947.3,1055.4,178.4,0.0,182.1,0.0,55.4,54.0,143.8,139.6,12.0,0.0,3.0,0.0,49.0,0.0,0.0,9.9
476,570323,57,1,1,697.0,340.1,532.4,198.8,6.0,1.1,91.2,0.6,56.3,0.0,304.2,168.9,24.7,0.0,25.4,0.0,7.8,7.7,21.9,21.6,1.0,0.0,0.0,0.0,6.0,0.0,0.0,1.1
477,570324,57,1,2,1521.3,671.8,1319.3,485.8,15.6,3.0,222.7,1.1,135.7,0.0,748.5,411.3,64.3,0.0,65.8,0.0,20.4,20.2,55.0,53.3,6.0,0.0,1.0,0.0,15.6,0.0,0.0,3.0
478,570325,57,1,2,510.2,284.0,352.9,127.8,4.4,0.9,58.4,0.2,35.5,0.0,200.7,109.3,17.6,0.0,18.1,0.0,4.8,4.8,13.8,13.5,4.0,0.0,0.0,0.0,4.4,0.0,0.0,0.9
479,570326,57,1,2,1555.6,826.9,1341.8,619.9,17.6,4.6,227.2,33.5,140.3,16.2,745.2,465.6,57.6,0.0,59.0,0.0,31.9,31.3,75.6,73.4,3.0,0.0,2.0,0.0,17.6,0.0,0.0,4.6
480,570327,57,1,2,1831.5,1080.6,1567.2,827.2,20.0,6.2,256.8,79.1,157.1,23.6,854.4,580.5,71.1,0.0,72.6,0.0,47.4,46.1,100.7,97.8,6.0,0.0,1.0,0.0,20.0,0.0,0.0,6.2
481,570328,57,1,2,1328.4,632.1,1131.5,436.4,13.8,3.0,189.1,16.2,113.4,0.0,640.8,355.6,56.5,0.0,57.8,0.0,19.4,19.1,46.6,45.5,6.0,0.0,2.0,0.0,13.8,0.0,0.0,3.0
482,570329,57,1,2,894.9,443.0,720.4,268.2,9.1,1.9,120.2,0.3,72.0,0.0,407.5,228.0,36.6,0.0,37.5,0.0,10.8,10.7,29.9,29.2,6.0,0.0,0.0,0.0,9.1,0.0,0.0,1.9
483,570330,57,1,2,1513.2,690.0,1311.0,490.1,17.3,3.8,222.0,0.8,135.3,0.0,744.6,415.6,62.6,0.0,64.1,0.0,20.5,20.2,54.8,53.5,4.0,0.0,3.0,0.0,17.3,0.0,0.0,3.8
484,570331,57,1,2,3041.3,1251.7,2748.2,975.0,37.8,8.6,455.7,2.0,267.3,0.0,1551.5,824.6,149.5,0.0,152.7,0.0,41.9,41.1,109.6,107.2,18.0,0.0,2.0,0.0,37.8,0.0,0.0,8.6
485,570332,57,1,2,3389.1,1466.9,3049.6,1145.2,43.7,10.7,520.9,17.0,298.3,0.0,1717.4,960.7,162.1,0.0,165.5,0.0,48.4,47.3,122.9,120.2,11.0,0.0,3.0,0.0,43.7,0.0,0.0,10.7
486,570333,57,1,1,1001.4,547.4,796.9,360.4,8.1,1.7,150.1,0.8,82.7,0.0,445.3,305.9,30.0,0.0,30.9,0.0,14.5,14.5,40.3,39.2,2.0,0.0,1.0,0.0,8.1,0.0,0.0,1.7
487,570334,57,1,1,1303.3,692.6,1097.4,497.8,11.9,2.6,202.3,1.0,111.1,0.0,616.4,421.9,44.1,0.0,45.1,0.0,20.7,20.5,55.7,54.3,1.0,0.0,1.0,0.0,11.9,0.0,0.0,2.6
488,570335,57,1,1,1199.4,649.0,989.1,444.8,11.6,2.8,180.9,1.0,100.2,0.0,540.4,377.2,37.7,0.0,38.7,0.0,18.4,18.2,49.8,48.4,22.0,0.0,1.0,0.0,11.6,0.0,0.0,2.8
489,570336,57,1,2,2210.8,1271.3,1910.0,970.4,22.1,6.8,324.5,23.9,172.9,87.4,997.8,635.8,83.3,0.0,85.2,0.0,62.8,61.3,167.4,162.0,12.0,0.0,4.0,0.0,22.1,0.0,0.0,6.8
490,570337,57,1,2,1558.4,1990.4,1245.0,1672.8,14.3,7.9,200.8,190.2,109.1,26.5,615.8,579.4,51.0,670.1,52.2,0.0,84.1,81.9,128.9,124.7,2.0,0.0,1.0,0.0,14.3,0.0,0.0,7.9
491,570338,57,1,2,899.6,654.2,676.7,423.9,8.3,3.5,111.2,4.0,60.6,96.9,339.5,216.3,26.7,0.0,27.4,0.0,23.8,23.5,85.5,83.1,1.0,0.0,1.0,0.0,8.3,0.0,0.0,3.5
492,570339,57,1,2,1904.6,957.8,1684.0,744.2,19.7,5.0,293.6,1.5,164.1,0.0,911.7,630.5,67.4,0.0,68.9,0.0,31.8,31.0,83.6,81.3,62.0,0.0,1.0,0.0,19.7,0.0,0.0,5.0
493,570340,57,1,2,1035.7,686.5,828.5,480.7,10.3,3.5,147.0,38.7,80.0,0.0,461.3,377.4,34.7,0.0,35.6,0.0,21.7,21.5,44.2,43.1,4.0,0.0,0.0,0.0,10.3,0.0,0.0,3.5
494,570341,57,1,2,801.3,460.4,633.1,292.9,8.5,2.3,116.2,0.6,66.0,0.0,356.4,248.8,24.3,0.0,25.0,0.0,11.8,11.7,32.4,31.9,1.0,0.0,0.0,0.0,8.5,0.0,0.0,2.3
495,570342,57,1,2,826.2,429.7,619.5,220.8,8.4,1.9,106.2,0.3,60.7,0.0,352.3,188.0,32.8,0.0,33.6,0.0,8.7,8.7,24.1,23.9,1.0,0.0,0.0,0.0,8.4,0.0,0.0,1.9
496,570343,57,1,2,6140.4,3853.4,5669.1,3413.7,74.9,20.4,927.5,120.6,521.0,0.0,3125.0,1780.4,315.9,1117.2,322.4,0.0,131.2,128.2,273.0,267.4,44.0,0.0,9.0,0.0,74.9,0.0,0.0,20.4
497,570344,57,1,3,6571.2,3795.9,5957.9,3233.0,109.2,41.2,1106.7,90.4,601.4,113.9,3254.3,2478.9,210.2,0.0,214.7,0.0,154.4,151.5,402.2,398.3,12.0,0.0,2.0,0.0,109.2,0.0,0.0,41.2
498,570345,57,1,3,6438.5,3984.3,5892.9,3490.4,115.2,49.0,1100.3,58.9,666.5,68.5,3202.7,2751.9,142.2,0.0,145.1,0.0,173.5,170.4,443.7,440.6,15.0,0.0,4.0,0.0,115.2,0.0,0.0,49.0
499,570346,57,1,3,6337.2,5433.1,5693.0,4802.4,84.3,50.6,881.2,251.5,483.3,585.3,2660.7,2000.9,188.6,721.0,192.5,0.0,360.9,353.8,900.9,889.9,19.0,0.0,6.0,0.0,84.3,0.0,0.0,50.6
500,570347,57,1,3,7252.1,5078.0,6510.3,4363.2,104.1,54.0,1095.6,248.2,574.2,360.5,3204.6,2592.3,200.4,0.0,204.7,0.0,347.4,340.4,831.5,821.7,42.0,0.0,10.0,0.0,104.1,0.0,0.0,54.0
501,570348,57,1,3,3597.1,2545.4,3256.3,2224.5,55.5,22.2,596.5,62.4,330.0,0.0,1752.0,1437.4,101.7,416.4,103.9,0.0,97.0,95.1,215.2,213.2,58.0,0.0,2.0,0.0,55.5,0.0,0.0,22.2
502,570349,57,1,3,6001.0,6077.5,5157.1,5236.8,81.7,62.9,765.7,566.5,474.0,365.8,2514.5,2608.6,181.7,698.8,185.4,0.0,330.5,324.7,677.3,672.4,21.0,0.0,7.0,0.0,81.7,0.0,0.0,62.9
503,570350,57,1,3,6854.1,4212.8,6288.2,3690.2,99.0,38.8,1109.9,96.5,605.3,204.8,3442.5,2756.5,227.5,0.0,232.2,0.0,174.7,170.5,470.1,461.9,17.0,0.0,9.0,0.0,99.0,0.0,0.0,38.8
504,570351,57,1,3,5362.2,7996.8,4789.1,7437.3,82.6,48.8,828.9,435.1,475.4,25.7,2451.7,2412.6,149.3,0.0,152.4,3866.7,259.6,255.1,444.7,441.9,21.0,0.0,6.0,0.0,82.6,0.0,0.0,48.8
505,570352,57,1,3,6854.1,4701.9,6169.4,4046.4,107.6,55.9,1066.3,219.9,594.6,235.3,3208.3,2738.0,193.4,0.0,197.3,0.0,252.9,248.6,607.7,604.7,40.0,0.0,9.0,0.0,107.6,0.0,0.0,55.9
506,570353,57,1,3,8556.4,3377.0,7976.0,2865.8,122.6,29.5,1326.3,19.0,793.9,1.8,4508.4,2399.4,417.7,0.0,426.3,0.0,128.6,125.8,325.7,319.8,43.0,0.0,6.0,0.0,122.6,0.0,0.0,29.5
507,570354,57,1,3,1516.0,2149.0,1253.4,1880.2,17.0,12.6,173.9,185.3,106.4,69.3,595.8,564.2,53.0,800.0,54.1,0.0,95.5,93.4,170.7,168.0,2.0,0.0,2.0,0.0,17.0,0.0,0.0,12.6
508,570355,57,1,3,4781.7,2383.4,4356.3,1989.0,71.8,22.1,769.7,24.2,431.8,0.0,2416.7,1674.0,187.3,0.0,191.4,0.0,84.8,83.1,210.5,207.7,60.0,0.0,4.0,0.0,71.8,0.0,0.0,22.1
509,570356,57,1,3,4877.4,2612.2,4426.5,2191.3,73.3,25.4,780.8,61.9,446.7,65.8,2434.7,1704.5,184.1,0.0,187.9,0.0,103.6,101.5,260.8,257.6,24.0,0.0,4.0,0.0,73.3,0.0,0.0,25.4
510,570357,57,1,3,4695.4,2472.7,4326.7,2132.9,76.1,26.6,785.5,5.6,460.2,0.0,2424.1,1791.3,147.0,0.0,150.0,0.0,95.1,93.2,244.8,242.7,12.0,0.0,8.0,0.0,76.1,0.0,0.0,26.6
511,570358,57,1,3,4323.0,3800.9,3871.6,3363.6,65.7,38.3,655.9,304.3,373.6,51.9,2018.9,1926.4,126.1,538.2,128.7,0.0,194.1,190.4,354.3,352.3,16.0,0.0,4.0,0.0,65.7,0.0,0.0,38.3
512,570359,57,1,3,4405.6,3366.8,3874.5,2849.4,65.2,38.9,645.6,240.1,368.9,111.1,1999.7,1934.9,128.8,0.0,131.5,0.0,182.1,178.7,387.0,384.6,27.0,0.0,4.0,0.0,65.2,0.0,0.0,38.9
513,570360,57,1,3,5398.4,2918.4,4956.9,2508.9,75.5,24.1,935.8,6.4,519.0,0.0,2753.3,2117.0,163.2,0.0,166.6,0.0,110.1,107.9,282.9,277.6,20.0,0.0,6.0,0.0,75.5,0.0,0.0,24.1
514,570361,57,1,3,3870.9,3190.7,3331.6,2648.7,39.7,30.0,423.2,279.5,259.3,292.5,1434.3,1140.9,124.5,0.0,127.1,0.0,304.7,298.0,648.5,637.8,7.0,0.0,3.0,0.0,39.7,0.0,0.0,30.0
515,570362,57,1,3,3670.3,2023.9,3294.0,1664.1,52.2,18.4,575.6,99.0,318.4,11.4,1821.2,1296.5,144.2,0.0,147.2,0.0,81.2,79.5,180.2,177.7,21.0,0.0,5.0,0.0,52.2,0.0,0.0,18.4
516,570363,57,1,3,4996.1,5170.6,4302.0,4481.1,66.0,44.6,723.7,558.1,415.2,56.5,2213.8,2645.6,145.7,599.6,148.7,0.0,238.8,234.0,392.1,387.3,16.0,0.0,8.0,0.0,66.0,0.0,0.0,44.6
517,570364,57,1,3,6611.6,5254.8,6082.8,4774.5,107.3,41.7,1060.8,166.4,603.4,0.0,3340.5,2474.7,238.0,0.0,242.9,1577.9,181.8,178.3,380.4,377.2,29.0,0.0,6.0,0.0,107.3,0.0,0.0,41.7
518,570365,57,1,3,3604.5,4411.2,2915.7,3692.0,32.0,53.4,318.2,419.4,188.0,510.2,929.8,1402.7,44.7,0.0,45.6,0.0,428.8,421.8,943.4,938.0,13.0,0.0,4.0,0.0,32.0,0.0,0.0,53.4
519,570366,57,1,4,2640.0,5765.8,1931.9,4979.0,0.5,71.1,3.3,586.4,2.4,1776.6,22.7,739.0,1.6,0.0,1.7,0.0,473.2,465.2,1419.0,1411.8,0.0,0.0,8.0,0.0,0.5,0.0,0.0,71.1
520,570367,57,1,3,6693.7,3579.0,6175.3,3105.9,91.8,28.8,1162.8,8.1,624.6,0.0,3414.6,2621.2,209.0,0.0,213.4,0.0,136.4,133.3,349.5,343.3,60.0,0.0,5.0,0.0,91.8,0.0,0.0,28.8
521,570368,57,1,3,5371.0,5008.8,4736.7,4373.5,61.3,45.9,737.7,327.0,399.9,890.8,2143.9,2026.7,124.9,0.0,127.5,0.0,300.3,293.8,848.5,835.1,47.0,0.0,7.0,0.0,61.3,0.0,0.0,45.9
522,570369,57,1,3,5268.8,4804.2,4607.1,4139.7,58.2,45.7,628.2,375.7,368.9,920.3,2108.1,1775.0,193.8,0.0,197.8,0.0,286.4,280.4,799.9,788.3,19.0,0.0,5.0,0.0,58.2,0.0,0.0,45.7
523,570370,57,1,3,6069.5,3403.2,5568.6,2943.6,90.1,31.5,1036.2,34.1,566.9,47.2,3062.8,2393.0,188.3,0.0,192.3,0.0,132.8,130.3,343.4,338.9,40.0,0.0,6.0,0.0,90.1,0.0,0.0,31.5
524,570371,57,1,3,5522.5,2546.5,5093.5,2162.8,88.0,26.3,887.6,7.2,510.1,5.5,2857.5,1810.1,224.5,0.0,229.2,0.0,96.2,94.3,248.3,245.6,37.0,0.0,3.0,0.0,88.0,0.0,0.0,26.3
525,570372,57,1,3,3776.8,2525.8,3429.5,2204.7,60.6,21.9,605.4,69.3,358.3,0.0,1886.1,1361.8,130.4,476.0,133.1,0.0,95.1,93.2,206.1,204.4,13.0,0.0,2.0,0.0,60.6,0.0,0.0,21.9
526,570373,57,1,4,6348.6,8348.9,5129.9,7090.3,61.8,96.0,608.4,1062.9,358.5,1090.7,1897.8,2964.9,124.3,0.0,127.0,0.0,614.1,603.8,1377.9,1367.9,10.0,0.0,12.0,0.0,61.8,0.0,0.0,96.0
527,570374,57,1,4,205.8,429.0,31.5,258.9,0.0,3.8,0.0,215.9,0.0,0.0,1.0,13.5,0.0,0.0,0.0,0.0,24.6,24.4,5.0,5.0,0.0,0.0,1.0,0.0,0.0,0.0,0.0,3.8
528,570375,57,1,3,3519.3,1766.0,3241.0,1509.2,60.0,22.4,573.1,4.0,347.0,0.0,1816.7,1258.9,113.8,0.0,116.2,0.0,68.9,67.9,178.2,178.5,15.0,0.0,12.0,0.0,60.0,0.0,0.0,22.4
529,570376,57,1,3,2996.3,1869.6,2651.0,1540.2,51.5,23.7,488.2,70.8,283.2,9.3,1460.3,1222.9,78.7,0.0,80.4,0.0,72.2,71.1,166.0,166.1,16.0,0.0,6.0,0.0,51.5,0.0,0.0,23.7
530,570377,57,1,3,6838.9,4416.3,6290.0,3910.2,111.5,49.0,1103.3,162.4,657.2,24.5,3442.6,2617.1,215.2,509.3,219.6,0.0,187.8,184.7,412.3,412.3,42.0,0.0,10.0,0.0,111.5,0.0,0.0,49.0
531,570378,57,1,4,3031.8,1938.3,2724.5,1659.6,47.9,23.9,490.5,35.9,286.6,122.2,1450.8,1172.3,75.8,0.0,77.4,0.0,85.3,84.1,245.1,245.2,11.0,0.0,2.0,0.0,47.9,0.0,0.0,23.9
532,570379,57,1,4,8013.7,15088.8,6105.8,12961.0,0.0,201.1,0.0,1633.2,0.0,3553.2,14.0,1714.1,0.0,0.0,0.0,0.0,1717.2,1692.5,4360.6,4368.0,0.0,0.0,14.0,0.0,0.0,0.0,0.0,201.1
533,570380,57,1,4,4819.8,6939.1,3863.8,5896.9,19.6,95.4,196.7,814.7,112.8,1215.1,627.9,1047.3,38.7,0.0,39.5,0.0,852.6,840.5,1974.6,1979.3,10.0,0.0,11.0,0.0,19.6,0.0,0.0,95.4
534,570381,57,1,4,1784.1,7323.2,385.4,5843.5,0.4,80.8,3.4,754.2,2.3,146.3,16.3,4589.3,0.4,0.0,0.6,0.0,177.4,174.3,180.1,179.3,0.0,0.0,5.0,0.0,0.4,0.0,0.0,80.8
535,570382,57,1,4,7436.7,11537.4,5950.6,9948.0,52.0,149.0,514.4,1204.8,293.7,2618.9,1575.6,2793.1,97.9,0.0,100.2,0.0,889.3,876.2,2452.5,2454.9,17.0,0.0,10.0,0.0,52.0,0.0,0.0,149.0
536,570383,57,1,3,5440.0,10518.9,4373.6,9289.8,0.0,146.4,0.0,794.0,0.0,3511.5,9.0,631.5,0.0,0.0,0.0,0.0,1088.2,1075.0,3267.4,3277.7,0.0,0.0,9.0,0.0,0.0,0.0,0.0,146.4
537,570384,57,1,4,7059.6,8819.6,6152.9,7915.0,96.2,91.4,956.3,661.3,545.3,949.0,2795.5,3259.0,140.7,575.0,143.5,951.1,431.7,424.9,1096.9,1094.7,32.0,0.0,11.0,0.0,96.2,0.0,0.0,91.4
538,570385,57,1,3,9622.7,16266.3,7876.9,14314.1,38.4,216.9,375.1,1316.4,214.7,4727.6,1199.4,2366.7,77.4,0.0,79.0,0.0,1500.6,1482.6,4401.8,4420.8,15.0,0.0,14.0,0.0,38.4,0.0,0.0,216.9
539,570386,57,1,3,2079.9,1305.2,1842.4,1090.3,33.2,14.7,348.6,15.1,198.2,0.0,1019.3,914.4,51.4,0.0,52.5,0.0,46.3,45.7,115.0,115.1,9.0,0.0,2.0,0.0,33.2,0.0,0.0,14.7
540,570387,57,1,3,203.2,430.9,89.6,315.8,0.0,4.3,0.0,103.4,0.0,0.0,0.0,123.8,0.0,0.0,0.0,0.0,41.3,40.5,48.3,48.1,0.0,0.0,0.0,0.0,0.0,0.0,0.0,4.3
541,570388,57,1,3,3634.7,10307.7,2068.1,8614.4,0.0,131.2,0.0,4258.8,0.0,0.0,4.0,2318.7,0.0,0.0,0.0,0.0,1121.9,1105.3,938.2,931.6,0.0,0.0,4.0,0.0,0.0,0.0,0.0,131.2
542,570389,57,1,4,3582.3,2175.3,3239.9,1855.0,50.7,27.7,537.4,72.9,322.4,91.3,1685.6,1228.4,105.3,0.0,107.5,0.0,136.6,134.6,328.2,327.8,15.0,0.0,2.0,0.0,50.7,0.0,0.0,27.7
543,570390,57,1,3,9753.4,5635.6,8981.3,4931.9,158.1,66.3,1539.6,210.5,898.4,37.0,4912.2,3320.4,369.4,612.1,377.0,0.0,234.5,230.8,522.0,521.1,120.0,0.0,8.0,0.0,158.1,0.0,0.0,66.3
544,570391,57,1,3,5079.3,2521.2,4725.4,2202.5,80.2,32.5,834.8,6.2,473.9,0.0,2633.3,1825.8,170.9,0.0,174.5,0.0,104.4,102.9,268.5,267.7,62.0,0.0,3.0,0.0,80.2,0.0,0.0,32.5
545,570392,57,1,3,3636.6,4742.1,3310.6,4431.3,61.0,35.1,585.3,206.8,321.4,0.0,1721.1,1642.6,87.7,0.0,89.6,2128.4,160.5,158.0,297.0,295.4,46.0,0.0,2.0,0.0,61.0,0.0,0.0,35.1
546,570393,57,1,3,4764.0,2288.3,4391.8,1945.5,73.0,28.4,762.6,51.9,462.7,0.0,2466.0,1568.1,171.4,0.0,175.1,0.0,95.5,94.0,232.5,231.4,22.0,0.0,4.0,0.0,73.0,0.0,0.0,28.4
547,570394,57,1,3,4830.2,4110.5,4389.9,3692.4,76.8,33.2,778.1,148.4,459.5,0.0,2364.1,1646.7,156.7,539.1,160.1,926.4,145.6,143.4,289.8,288.5,32.0,0.0,4.0,0.0,76.8,0.0,0.0,33.2
548,570395,57,1,3,3702.0,3602.9,3057.4,2955.3,66.7,45.1,546.5,371.5,304.0,149.8,1551.3,1973.6,82.9,0.0,84.7,0.0,148.7,146.3,316.3,314.1,20.0,0.0,3.0,0.0,66.7,0.0,0.0,45.1
549,570396,57,1,3,3451.9,10494.8,1518.1,8385.7,0.6,130.1,3.7,3907.2,2.5,32.6,20.0,2980.2,1.0,0.0,1.0,0.0,747.8,736.8,735.1,728.8,0.0,0.0,7.0,0.0,0.6,0.0,0.0,130.1
550,570397,57,1,3,2013.7,3597.6,1443.1,2988.4,22.3,46.3,171.7,880.2,108.4,37.2,518.7,1490.0,25.3,0.0,25.9,0.0,265.7,261.6,322.3,319.4,4.0,0.0,1.0,0.0,22.3,0.0,0.0,46.3
551,570398,57,1,3,3518.4,1857.6,3192.6,1554.1,57.7,22.1,585.3,22.7,347.4,0.0,1726.8,1263.7,89.3,0.0,91.3,0.0,78.4,77.2,192.0,190.6,76.0,0.0,6.0,0.0,57.7,0.0,0.0,22.1
552,570399,57,1,3,309.0,474.2,140.1,306.1,2.5,4.5,20.2,86.9,12.2,8.9,61.1,169.9,2.9,0.0,3.1,0.0,18.5,18.4,22.0,22.0,0.0,0.0,0.0,0.0,2.5,0.0,0.0,4.5
553,570400,57,1,4,2768.8,6051.1,2063.7,5258.8,0.0,86.7,0.0,578.0,0.0,1837.5,7.0,796.8,0.0,0.0,0.0,0.0,493.9,486.8,1555.8,1559.7,0.0,0.0,7.0,0.0,0.0,0.0,0.0,86.7
554,570401,57,1,4,6540.0,9446.2,5272.3,8088.1,44.8,131.7,457.4,950.2,246.9,1911.2,1394.1,2277.1,91.5,0.0,93.4,0.0,806.3,794.8,2151.6,2154.9,26.0,0.0,5.0,0.0,44.8,0.0,0.0,131.7
555,570402,57,1,4,1851.4,2150.1,1481.8,1773.6,19.6,28.7,202.0,252.7,114.7,149.9,598.8,876.7,30.0,0.0,30.7,0.0,160.6,158.2,336.0,336.1,7.0,0.0,2.0,0.0,19.6,0.0,0.0,28.7
556,570403,57,1,4,2976.0,2020.4,2691.5,1757.4,45.3,26.7,479.1,109.6,268.5,12.3,1413.0,1216.3,73.6,52.8,75.2,7.3,118.7,117.0,242.4,242.2,20.0,0.0,1.0,0.0,45.3,0.0,0.0,26.7
557,570404,57,1,4,2625.0,1684.1,2346.9,1432.6,41.8,22.4,465.7,29.6,253.2,0.0,1262.2,1166.9,54.5,0.0,55.8,0.0,67.7,66.7,169.6,169.5,17.0,0.0,1.0,0.0,41.8,0.0,0.0,22.4
558,570405,57,1,4,1753.2,1307.7,1466.7,1038.8,25.7,15.7,267.7,41.9,144.2,0.0,816.0,880.0,53.5,0.0,54.7,0.0,37.1,36.9,79.5,79.9,12.0,0.0,2.0,0.0,25.7,0.0,0.0,15.7
559,570406,57,1,4,551.0,1142.0,328.5,906.7,0.0,14.9,0.0,189.8,0.0,173.7,1.0,218.7,0.0,0.0,0.0,0.0,100.3,98.8,226.1,225.7,0.0,0.0,1.0,0.0,0.0,0.0,0.0,14.9
560,570407,57,1,3,4520.7,2281.3,4158.7,1956.9,74.0,30.5,748.1,9.2,425.4,0.0,2303.5,1622.4,143.8,0.0,146.7,0.0,91.9,90.4,235.3,234.8,62.0,0.0,2.0,0.0,74.0,0.0,0.0,30.5
561,570408,57,1,4,5576.9,4415.0,5013.8,3895.7,82.1,49.1,899.5,252.2,518.3,32.4,2690.7,2333.2,153.6,736.9,156.7,0.0,178.4,175.4,366.6,365.5,47.0,0.0,3.0,0.0,82.1,0.0,0.0,49.1
562,570409,57,1,3,1579.7,1213.2,1315.6,953.2,27.6,14.9,241.0,122.4,134.3,8.8,713.8,689.1,41.4,0.0,42.3,0.0,43.2,42.8,90.6,90.2,8.0,0.0,1.0,0.0,27.6,0.0,0.0,14.9
563,570410,57,1,4,4852.6,2663.0,4431.0,2271.6,73.8,34.5,816.5,70.3,458.3,0.0,2424.1,1815.6,139.4,0.0,142.4,0.0,116.8,114.9,272.6,270.8,54.0,0.0,7.0,0.0,73.8,0.0,0.0,34.5
564,570411,57,1,3,3882.5,1897.3,3499.8,1545.0,84.6,23.9,648.3,9.4,371.9,0.0,1926.0,1277.4,117.4,0.0,119.9,0.0,73.1,71.8,188.2,186.4,40.0,0.0,15.0,0.0,84.6,0.0,0.0,23.9
565,570412,57,1,3,3064.9,3882.8,2738.1,3582.4,68.6,28.8,458.1,215.9,278.2,0.0,1415.5,1265.6,80.8,516.8,82.5,1200.4,142.7,140.2,246.3,243.5,30.0,0.0,4.0,0.0,68.6,0.0,0.0,28.8
566,570413,57,1,3,4567.9,3762.4,3824.6,3048.2,98.9,48.0,646.0,543.7,367.5,195.4,1891.1,1664.6,114.6,0.0,117.0,0.0,227.4,223.4,426.9,421.1,29.0,0.0,5.0,0.0,98.9,0.0,0.0,48.0
567,570414,57,1,3,1962.0,980.3,1655.5,688.8,42.2,9.9,315.8,1.5,175.1,0.0,891.0,572.8,55.7,0.0,57.1,0.0,32.0,31.2,84.7,83.3,38.0,0.0,6.0,0.0,42.2,0.0,0.0,9.9
568,570415,57,1,3,10764.3,7133.2,9440.8,5964.6,281.0,89.8,1692.9,522.9,968.0,181.9,4857.5,3986.9,281.7,0.0,287.6,0.0,412.5,405.3,880.6,867.6,44.0,0.0,16.0,0.0,281.0,0.0,0.0,89.8
569,570416,57,1,3,4348.5,6411.6,3323.6,5342.3,60.3,80.6,364.9,1034.3,212.9,710.9,1083.9,1947.3,62.8,175.6,64.3,0.0,475.8,467.5,1023.1,1006.6,26.0,0.0,10.0,0.0,60.3,0.0,0.0,80.6
570,570417,57,1,3,12079.8,9509.2,10572.3,8138.2,292.6,123.0,1839.3,1042.2,1071.9,296.7,5465.3,5293.3,286.7,25.1,292.7,0.0,487.5,478.6,1019.8,1002.3,99.0,0.0,10.0,0.0,292.6,0.0,0.0,123.0
571,570418,57,1,3,4806.4,3958.0,4228.5,3415.6,85.8,37.5,703.1,340.9,432.4,14.4,2257.4,1846.8,163.1,772.7,166.5,0.0,163.7,161.0,285.2,279.7,49.0,0.0,8.0,0.0,85.8,0.0,0.0,37.5
572,570419,57,1,3,10627.9,10931.2,8928.4,9282.1,214.3,139.1,1335.9,1224.1,728.9,1124.3,3830.2,4502.7,198.8,0.0,203.0,0.0,748.7,735.2,1727.7,1695.8,143.0,0.0,12.0,0.0,214.3,0.0,0.0,139.1
573,570420,57,1,2,3156.1,1583.4,2801.8,1246.6,45.6,17.0,544.3,3.1,297.5,0.0,1517.2,1034.8,87.6,0.0,89.5,0.0,59.0,57.9,153.7,150.7,44.0,0.0,9.0,0.0,45.6,0.0,0.0,17.0
574,570421,57,1,3,1189.4,597.6,976.0,405.5,29.5,5.3,177.7,0.6,102.9,0.0,546.2,339.4,38.1,0.0,39.1,0.0,17.6,17.5,48.4,48.0,5.0,0.0,1.0,0.0,29.5,0.0,0.0,5.3
575,570422,57,1,3,4172.5,3281.1,3581.4,2705.0,55.4,35.2,563.0,353.6,324.2,265.7,1749.4,1432.1,129.0,0.0,131.4,0.0,208.7,205.2,457.8,448.4,11.0,0.0,7.0,0.0,55.4,0.0,0.0,35.2
576,570423,57,1,2,793.1,1664.0,313.1,1160.5,1.1,15.3,13.3,369.1,7.1,67.7,39.0,480.3,1.9,0.0,2.1,0.0,107.4,105.7,140.3,137.8,0.0,0.0,2.0,0.0,1.1,0.0,0.0,15.3
577,570424,57,1,2,203.4,158.5,8.7,0.0,0.2,0.0,0.0,0.0,1.5,0.0,6.7,0.0,0.2,0.0,0.2,0.0,0.0,0.0,0.0,0.0,0.0,0.0,0.0,0.0,0.2,0.0,0.0,0.0
578,570425,57,1,3,197.6,181.8,19.9,11.6,0.5,0.1,4.0,0.0,2.4,0.0,11.4,10.4,0.4,0.0,0.5,0.0,0.2,0.2,1.0,1.0,0.0,0.0,0.0,0.0,0.5,0.0,0.0,0.1
579,570426,57,1,3,509.0,410.1,237.6,139.7,4.3,1.5,52.7,0.0,27.6,0.0,126.7,117.9,4.4,0.0,4.5,0.0,5.6,5.6,16.1,16.2,0.0,0.0,0.0,0.0,4.3,0.0,0.0,1.5
580,570427,57,1,3,172.6,184.8,10.2,34.0,0.2,0.5,1.2,7.5,0.9,0.0,4.6,23.4,0.3,0.0,0.3,0.0,1.2,1.3,1.7,1.8,0.0,0.0,0.0,0.0,0.2,0.0,0.0,0.5
581,570428,57,1,2,282.2,208.7,64.9,30.7,0.9,0.4,13.1,0.0,6.8,0.0,36.9,26.8,2.0,0.0,2.3,0.0,0.7,0.7,3.0,3.1,0.0,0.0,0.0,0.0,0.9,0.0,0.0,0.4
582,110001,11,1,1,205.5,140.1,102.0,51.6,0.7,0.2,20.0,0.1,10.0,0.0,58.6,44.9,3.3,0.0,3.5,0.0,1.4,1.4,5.2,5.2,0.0,0.0,0.0,0.0,0.7,0.0,0.0,0.2
583,110002,11,1,1,690.7,391.0,576.5,283.6,4.2,1.5,112.9,1.2,59.6,0.0,323.2,240.8,18.0,0.0,18.6,0.0,11.2,11.1,31.0,30.5,1.0,0.0,1.0,0.0,4.2,0.0,0.0,1.5
584,110003,11,1,1,514.9,256.5,395.8,138.8,2.8,0.9,63.3,0.2,35.5,0.0,212.3,118.8,18.9,0.0,19.4,0.0,5.3,5.2,15.0,14.6,25.0,0.0,1.0,0.0,2.8,0.0,0.0,0.9
585,110004,11,1,2,527.3,274.6,407.4,154.2,3.1,1.0,68.9,1.6,39.1,0.0,232.1,130.7,21.2,0.0,21.9,0.0,5.8,5.7,16.4,16.2,1.0,0.0,1.0,0.0,3.1,0.0,0.0,1.0
586,110005,11,1,2,808.8,452.7,690.8,339.8,4.9,1.7,134.8,7.3,69.1,0.0,388.4,283.5,23.5,0.0,24.2,0.0,13.3,13.1,36.5,35.9,1.0,0.0,0.0,0.0,4.9,0.0,0.0,1.7
587,110006,11,1,2,1819.1,772.3,1669.5,626.0,12.0,3.6,284.4,5.0,158.5,0.0,948.6,528.7,87.3,0.0,89.3,0.0,25.8,25.5,68.6,66.9,4.0,0.0,3.0,0.0,12.0,0.0,0.0,3.6
588,110007,11,1,2,2399.7,1126.3,2246.4,978.7,17.2,6.5,368.5,81.6,211.2,0.0,1277.7,764.7,121.4,0.0,124.0,0.0,41.6,40.6,94.0,91.9,6.0,0.0,2.0,0.0,17.2,0.0,0.0,6.5
589,110008,11,1,2,794.3,374.4,668.7,248.2,4.6,1.3,113.8,0.4,63.2,0.0,378.5,211.7,34.4,0.0,35.2,0.0,9.7,9.6,26.9,26.5,6.0,0.0,1.0,0.0,4.6,0.0,0.0,1.3
590,110009,11,1,2,1857.6,791.5,1726.0,663.2,12.5,3.7,289.5,4.3,165.9,0.0,982.4,560.2,89.3,0.0,91.2,0.0,27.5,27.1,73.2,71.6,5.0,0.0,2.0,0.0,12.5,0.0,0.0,3.7
591,110010,11,1,3,2437.1,1017.2,2293.7,880.3,17.4,5.4,383.0,2.0,222.1,0.0,1306.5,745.8,118.7,0.0,121.2,0.0,37.2,36.5,98.0,96.0,5.0,0.0,2.0,0.0,17.4,0.0,0.0,5.4
592,110011,11,1,2,1547.5,820.2,1409.7,685.7,9.9,3.2,272.1,1.5,145.0,0.0,777.9,581.8,43.8,0.0,44.9,0.0,28.7,28.2,76.3,74.2,20.0,0.0,1.0,0.0,9.9,0.0,0.0,3.2
593,110012,11,1,2,2065.6,2058.8,1910.6,1906.4,13.2,6.1,320.7,117.6,175.9,0.0,1020.7,776.6,81.2,796.5,82.9,0.0,80.5,78.8,140.7,136.8,6.0,0.0,2.0,0.0,13.2,0.0,0.0,6.1
594,110013,11,1,3,3910.0,3662.2,3640.9,3396.3,26.8,17.0,609.8,366.6,328.4,43.7,1959.8,1997.3,163.2,597.5,166.7,0.0,146.7,143.1,254.2,248.0,9.0,0.0,3.0,0.0,26.8,0.0,0.0,17.0
595,110014,11,1,3,6269.9,7222.7,5984.2,6953.9,48.2,22.3,1021.4,232.0,560.1,0.0,3235.0,2329.9,257.4,1212.1,262.7,2625.3,194.3,190.2,372.3,364.4,73.0,0.0,8.0,0.0,48.2,0.0,0.0,22.3
596,110015,11,1,3,4369.5,2177.4,4164.8,1984.7,37.6,16.0,738.4,20.7,401.5,57.4,2325.9,1586.7,168.9,0.0,172.4,0.0,89.5,87.5,237.1,232.4,27.0,0.0,4.0,0.0,37.6,0.0,0.0,16.0
597,110016,11,1,2,2192.2,1150.7,2037.0,1002.2,13.8,4.2,397.4,7.4,210.4,0.0,1136.9,844.8,64.9,0.0,66.4,0.0,42.6,41.7,111.5,108.2,5.0,0.0,2.0,0.0,13.8,0.0,0.0,4.2
598,110017,11,1,2,1971.7,2119.2,1823.0,1976.9,12.8,4.2,356.1,13.1,186.7,0.0,1017.7,760.6,58.3,1069.2,59.5,0.0,38.0,37.1,99.7,96.8,4.0,0.0,3.0,0.0,12.8,0.0,0.0,4.2
599,110018,11,1,2,2954.2,1721.8,2722.1,1497.9,21.1,8.9,518.7,61.8,265.8,12.9,1502.0,1221.6,109.2,0.0,111.5,0.0,62.6,61.2,144.1,140.3,7.0,0.0,1.0,0.0,21.1,0.0,0.0,8.9
600,110019,11,1,3,6078.2,6786.0,5666.4,6349.4,31.6,46.5,704.5,441.6,353.1,1896.6,2038.6,1818.1,146.2,0.0,149.5,0.0,596.3,582.3,1649.2,1610.7,21.0,0.0,8.0,0.0,31.6,0.0,0.0,46.5
601,110020,11,1,3,4426.9,2010.3,4210.0,1806.4,38.2,15.3,757.3,4.7,400.0,0.0,2376.5,1525.1,185.9,0.0,189.7,0.0,78.8,77.2,203.9,199.5,14.0,0.0,4.0,0.0,38.2,0.0,0.0,15.3
602,110021,11,1,2,5988.3,2087.6,5743.4,1858.5,36.4,8.1,898.4,18.5,531.6,0.0,3282.8,1561.0,358.3,0.0,365.8,0.0,80.3,78.2,207.2,200.9,13.0,0.0,6.0,0.0,36.4,0.0,0.0,8.1
603,110022,11,1,2,4912.6,2028.3,4676.1,1809.3,38.7,14.0,788.7,67.0,440.5,0.0,2624.0,1475.6,242.2,0.0,247.3,0.0,77.1,75.3,195.4,191.5,56.0,0.0,5.0,0.0,38.7,0.0,0.0,14.0
604,110023,11,1,3,3444.1,1810.3,3227.5,1602.0,31.1,14.5,642.1,13.9,325.3,0.0,1771.4,1344.2,99.2,0.0,101.3,0.0,70.2,68.5,178.0,175.4,36.0,0.0,4.0,0.0,31.1,0.0,0.0,14.5
605,110024,11,1,3,363.2,770.2,245.3,644.4,2.0,6.4,33.6,84.2,19.8,38.6,113.7,463.6,9.1,0.0,9.4,0.0,21.8,21.6,36.7,36.4,0.0,0.0,1.0,0.0,2.0,0.0,0.0,6.4
606,110025,11,1,3,3914.8,1648.5,3728.2,1471.9,35.5,14.5,626.8,3.5,347.7,0.0,2083.2,1242.2,178.1,0.0,181.8,0.0,63.8,62.7,165.7,163.5,76.0,0.0,5.0,0.0,35.5,0.0,0.0,14.5
607,110026,11,1,3,3214.1,1549.7,3052.6,1402.0,33.5,15.8,546.1,9.3,316.8,0.0,1731.9,1176.9,113.9,0.0,116.3,0.0,61.5,60.4,157.1,155.3,8.0,0.0,1.0,0.0,33.5,0.0,0.0,15.8
608,110027,11,1,3,3342.4,1358.7,3157.9,1177.9,25.3,8.3,537.1,6.0,301.0,0.0,1790.5,993.9,163.0,0.0,166.4,0.0,50.5,49.2,131.5,128.7,7.0,0.0,11.0,0.0,25.3,0.0,0.0,8.3
609,110028,11,1,3,15408.4,9385.5,14749.2,8753.7,117.1,67.5,2092.8,562.6,1299.4,821.1,7781.6,4670.3,823.2,897.2,839.9,0.0,550.3,538.7,1284.9,1263.9,62.0,0.0,15.0,0.0,117.1,0.0,0.0,67.5
610,110029,11,1,3,5905.1,11731.1,5386.9,11127.8,19.8,99.4,358.6,1187.2,202.8,2852.5,1179.7,2902.9,95.8,799.1,97.9,0.0,971.2,951.6,2470.7,2434.6,5.0,0.0,5.0,0.0,19.8,0.0,0.0,99.4
611,110030,11,1,3,4722.8,3301.5,4495.2,3078.7,41.5,24.4,728.3,139.2,406.7,160.4,2423.3,1713.9,207.0,616.1,211.2,0.0,134.9,132.0,321.8,317.1,55.0,0.0,7.0,0.0,41.5,0.0,0.0,24.4
612,110031,11,1,3,5290.4,2546.7,5038.2,2307.6,52.7,25.2,894.1,38.9,494.3,17.9,2832.4,1902.9,215.0,0.0,219.5,0.0,100.7,98.8,252.1,248.9,21.0,0.0,9.0,0.0,52.7,0.0,0.0,25.2
613,110032,11,1,3,2201.0,927.1,2062.6,794.9,16.6,5.5,344.6,2.0,198.7,0.0,1174.9,673.3,106.7,0.0,109.0,0.0,33.3,32.8,88.4,86.7,5.0,0.0,2.0,0.0,16.6,0.0,0.0,5.5
614,110033,11,1,3,11346.6,6309.3,10867.4,5853.6,87.0,47.4,1689.0,418.8,959.9,358.2,5754.1,3776.8,520.2,0.0,530.9,0.0,406.3,397.7,918.0,902.1,75.0,0.0,14.0,0.0,87.0,0.0,0.0,47.4
615,110034,11,1,3,6533.1,12767.7,6063.1,12195.6,18.6,110.1,343.2,913.1,198.3,4657.6,1129.8,2503.7,91.9,0.0,93.8,0.0,1021.6,1000.6,3169.4,3120.6,6.0,0.0,9.0,0.0,18.6,0.0,0.0,110.1
616,110035,11,1,3,4718.2,3035.5,4492.8,2820.2,43.4,21.2,764.8,93.2,432.4,6.2,2494.0,1674.1,200.7,700.7,204.9,0.0,110.8,108.6,241.0,237.5,38.0,0.0,6.0,0.0,43.4,0.0,0.0,21.2
617,110036,11,1,3,5508.3,2574.8,5245.9,2328.6,54.1,24.6,959.2,18.9,519.4,0.0,2948.3,1954.3,211.3,0.0,215.7,0.0,102.4,100.4,258.6,255.0,25.0,0.0,6.0,0.0,54.1,0.0,0.0,24.6
618,110037,11,1,3,5098.6,3331.4,4795.3,3039.7,39.3,22.7,796.5,292.4,447.1,23.8,2663.9,2359.7,238.7,0.0,243.8,0.0,130.0,127.0,241.4,236.8,28.0,0.0,6.0,0.0,39.3,0.0,0.0,22.7
619,110038,11,1,3,152.8,250.6,19.4,111.3,0.2,1.0,2.8,35.2,1.9,6.3,7.2,62.9,0.3,0.0,0.3,0.0,2.5,2.5,4.4,4.4,0.0,0.0,0.0,0.0,0.2,0.0,0.0,1.0
620,110039,11,1,3,4024.2,1891.2,3789.7,1661.8,36.7,15.4,720.2,4.1,377.0,0.0,2112.9,1401.8,146.1,0.0,149.1,0.0,72.6,71.2,187.8,184.5,17.0,0.0,7.0,0.0,36.7,0.0,0.0,15.4
621,110040,11,1,3,5850.7,2733.1,5604.5,2507.2,56.3,25.1,998.9,17.4,553.9,0.0,3169.9,2101.8,226.6,0.0,231.2,0.0,111.5,109.3,283.4,278.7,23.0,0.0,6.0,0.0,56.3,0.0,0.0,25.1
622,110041,11,1,3,6338.2,5976.3,6008.8,5624.9,58.2,69.9,909.5,495.3,507.2,1016.6,2888.7,2850.9,193.7,0.0,197.7,0.0,335.0,328.9,942.0,933.3,29.0,0.0,6.0,0.0,58.2,0.0,0.0,69.9
623,110042,11,1,4,284.6,826.4,191.5,733.3,0.0,9.3,0.0,326.3,0.0,5.4,0.0,212.5,0.0,0.0,0.0,0.0,92.9,91.4,98.7,97.6,0.0,0.0,0.0,0.0,0.0,0.0,0.0,9.3
624,110043,11,1,3,6170.7,4403.2,5887.9,4122.0,61.5,42.4,979.8,245.6,556.1,213.9,3192.9,2491.6,236.5,531.4,241.3,0.0,194.3,190.7,454.1,449.0,19.0,0.0,14.0,0.0,61.5,0.0,0.0,42.4
625,110044,11,1,4,5608.5,4708.8,5344.9,4471.8,53.8,32.6,917.7,195.1,520.0,11.5,2932.6,2255.2,211.3,0.0,215.8,1515.1,167.0,164.0,335.6,330.9,42.0,0.0,3.0,0.0,53.8,0.0,0.0,32.6
626,110045,11,1,4,628.5,2258.8,507.3,2117.6,0.0,24.4,0.0,898.9,0.0,0.0,8.0,735.7,0.0,0.0,0.0,0.0,226.7,222.4,264.5,260.6,0.0,0.0,8.0,0.0,0.0,0.0,0.0,24.4
627,110046,11,1,4,4388.1,3734.9,4130.9,3490.4,39.7,31.8,698.2,279.9,392.7,111.6,2214.8,2140.9,151.3,489.2,154.5,0.0,157.2,154.4,319.2,314.5,38.0,0.0,5.0,0.0,39.7,0.0,0.0,31.8
628,110047,11,1,4,3141.0,12009.1,2691.2,11446.0,0.0,124.0,0.0,4816.7,0.0,0.0,6.0,3996.3,0.0,0.0,0.0,0.0,1243.8,1221.1,1435.3,1411.9,0.0,0.0,6.0,0.0,0.0,0.0,0.0,124.0
629,110048,11,1,3,1628.6,5443.5,1291.6,5060.7,0.0,55.7,0.0,2184.5,0.0,0.0,3.0,1610.4,0.0,0.0,0.0,0.0,667.4,655.9,618.2,609.8,0.0,0.0,3.0,0.0,0.0,0.0,0.0,55.7
630,110049,11,1,4,3690.1,12123.0,3231.2,11542.0,0.0,134.5,0.0,3915.0,0.0,0.0,4.0,4457.3,0.0,0.0,0.0,0.0,1482.6,1455.6,1740.6,1714.0,0.0,0.0,4.0,0.0,0.0,0.0,0.0,134.5
631,110050,11,1,4,7111.0,24233.3,6295.3,23154.9,0.0,267.1,0.0,8223.0,0.0,0.0,15.0,8775.0,0.0,0.0,0.0,0.0,2882.5,2829.4,3382.8,3327.6,0.0,0.0,15.0,0.0,0.0,0.0,0.0,267.1
632,110051,11,1,4,3926.4,1990.2,3752.8,1840.2,35.2,16.3,680.6,16.4,367.1,0.0,2123.0,1545.7,137.8,0.0,140.5,0.0,80.5,79.1,202.3,199.0,14.0,0.0,7.0,0.0,35.2,0.0,0.0,16.3
633,110052,11,1,3,97.5,675.5,36.4,607.7,0.0,7.5,0.0,437.2,0.0,0.0,7.0,148.2,0.0,0.0,0.0,0.0,11.3,11.2,11.1,11.0,0.0,0.0,7.0,0.0,0.0,0.0,0.0,7.5
634,110053,11,1,4,17048.1,52569.9,15337.7,50284.4,4.7,583.7,87.0,16117.2,55.7,1200.6,353.8,18471.8,29.4,0.0,30.2,0.0,6496.6,6377.5,8242.9,8117.3,11.0,0.0,31.0,0.0,4.7,0.0,0.0,583.7
635,110054,11,1,2,3316.8,1967.7,3062.4,1745.1,49.7,22.6,511.9,114.5,287.4,34.4,1698.2,1364.0,152.0,0.0,155.3,0.0,73.6,72.6,161.0,159.6,22.0,0.0,1.0,0.0,49.7,0.0,0.0,22.6
636,110055,11,1,2,6582.4,4920.6,6181.6,4560.2,84.5,48.6,1020.1,427.6,573.7,31.1,3385.8,2672.5,302.9,867.9,309.3,0.0,202.7,199.3,367.0,361.8,14.0,0.0,6.0,0.0,84.5,0.0,0.0,48.6
637,110056,11,1,2,6607.5,3008.6,6261.9,2732.6,113.0,34.5,1108.3,104.6,593.1,0.0,3452.4,2143.0,259.8,0.0,265.3,0.0,154.5,151.6,341.5,333.4,79.0,0.0,8.0,0.0,113.0,0.0,0.0,34.5
638,110057,11,1,2,7791.8,5306.3,7373.9,4923.6,107.1,52.1,1315.5,232.6,692.9,162.2,3981.7,2906.2,291.0,464.5,297.2,440.8,219.2,215.4,514.4,501.9,49.0,0.0,13.0,0.0,107.1,0.0,0.0,52.1
639,110058,11,1,2,469.7,712.0,339.0,574.6,0.6,8.0,6.2,100.9,3.4,76.0,21.3,100.1,1.3,0.0,1.4,0.0,99.1,97.4,205.3,200.2,0.0,0.0,1.0,0.0,0.6,0.0,0.0,8.0
640,110059,11,1,2,129.4,133.1,0.0,0.0,0.0,0.0,0.0,0.0,0.0,0.0,0.0,0.0,0.0,0.0,0.0,0.0,0.0,0.0,0.0,0.0,0.0,0.0,0.0,0.0,0.0,0.0,0.0,0.0
641,110060,11,1,2,842.5,490.3,672.3,323.6,9.6,4.3,120.7,25.3,62.0,1.6,365.3,250.2,29.0,0.0,29.9,0.0,14.2,14.1,33.2,32.5,14.0,0.0,4.0,0.0,9.6,0.0,0.0,4.3
642,110061,11,1,2,5321.3,2161.9,4999.0,1876.5,86.7,24.5,924.5,19.2,479.6,0.0,2755.9,1550.7,220.4,0.0,224.7,0.0,87.9,86.1,225.0,220.4,66.0,0.0,15.0,0.0,86.7,0.0,0.0,24.5
643,110062,11,1,3,7330.0,5635.8,6988.4,5294.9,61.2,42.4,1150.3,270.2,631.5,514.2,3621.8,2913.0,260.7,621.3,266.1,0.0,283.5,277.2,712.5,699.0,50.0,0.0,12.0,0.0,61.2,0.0,0.0,42.4
644,110063,11,1,3,4581.7,2181.0,4366.0,1980.1,43.9,19.9,798.8,5.0,426.9,0.0,2440.9,1667.8,163.9,0.0,167.4,0.0,87.5,85.7,225.6,221.7,51.0,0.0,4.0,0.0,43.9,0.0,0.0,19.9
645,110064,11,1,4,11041.2,6304.5,10558.3,5858.0,97.4,63.9,1576.7,343.1,944.4,404.0,5567.9,3723.3,503.0,0.0,512.9,0.0,424.9,417.0,985.5,970.6,33.0,0.0,10.0,0.0,97.4,0.0,0.0,63.9
646,110065,11,1,4,9327.0,11398.5,8654.6,10696.9,77.8,108.5,1418.7,1347.9,807.3,644.2,4127.3,6273.8,199.0,608.0,203.1,0.0,631.8,619.9,1222.2,1203.1,32.0,0.0,13.0,0.0,77.8,0.0,0.0,108.5
647,110066,11,1,4,192.6,619.9,133.2,559.2,0.0,6.4,0.0,193.9,0.0,167.7,3.0,72.1,0.0,0.0,0.0,0.0,25.4,25.0,101.9,100.4,0.0,0.0,3.0,0.0,0.0,0.0,0.0,6.4
648,110067,11,1,3,5077.5,2663.1,4852.8,2442.4,46.8,22.0,930.0,6.3,498.1,0.0,2701.9,2059.9,149.3,0.0,152.5,0.0,107.6,105.2,276.5,271.0,22.0,0.0,15.0,0.0,46.8,0.0,0.0,22.0
649,110068,11,1,3,2369.3,1336.1,2210.8,1180.1,22.0,12.0,408.0,9.8,213.9,91.2,1204.0,861.7,75.2,0.0,76.9,0.0,56.6,55.3,165.2,162.1,7.0,0.0,4.0,0.0,22.0,0.0,0.0,12.0
650,110069,11,1,3,3946.1,1951.1,3737.2,1754.3,39.0,18.5,710.0,7.2,373.0,0.0,2095.1,1474.7,131.0,0.0,133.8,0.0,77.6,76.2,199.7,196.3,11.0,0.0,6.0,0.0,39.0,0.0,0.0,18.5
651,110070,11,1,3,239.0,988.8,77.3,818.0,0.0,8.6,0.0,274.6,0.0,48.9,1.0,420.7,0.0,0.0,0.0,0.0,46.2,45.0,29.1,28.8,0.0,0.0,1.0,0.0,0.0,0.0,0.0,8.6
652,110071,11,1,4,820.6,2156.6,582.6,1907.3,3.5,21.6,64.5,875.4,33.7,23.3,194.9,750.2,12.6,0.0,12.8,0.0,157.7,154.7,105.4,103.6,0.0,0.0,1.0,0.0,3.5,0.0,0.0,21.6
653,110072,11,1,4,7472.8,6673.6,7073.2,6277.1,66.0,70.2,1260.1,458.2,680.1,669.6,3567.2,3981.1,173.1,0.0,176.8,0.0,324.3,318.3,862.6,849.9,24.0,0.0,5.0,0.0,66.0,0.0,0.0,70.2
654,110073,11,1,4,7240.0,7044.3,6793.1,6580.9,53.3,77.2,994.4,687.8,556.8,900.0,2977.6,3113.9,163.7,0.0,167.2,0.0,564.9,554.7,1344.3,1324.5,17.0,0.0,7.0,0.0,53.3,0.0,0.0,77.2
655,110074,11,1,4,8404.2,4047.7,8108.9,3790.5,68.7,31.8,1316.6,87.7,738.7,0.0,4600.3,2582.7,423.9,576.0,432.6,0.0,167.9,164.7,385.0,379.4,27.0,0.0,17.0,0.0,68.7,0.0,0.0,31.8
656,110075,11,1,3,5830.2,2086.2,5586.9,1859.6,46.6,14.9,876.9,8.6,511.6,0.0,3172.9,1566.2,337.1,0.0,344.1,0.0,81.4,79.4,209.9,205.3,45.0,0.0,8.0,0.0,46.6,0.0,0.0,14.9
657,110076,11,1,3,2283.6,10706.6,1178.1,9528.8,0.0,86.9,0.0,6433.6,0.0,225.4,9.0,1735.6,0.0,0.0,0.0,0.0,992.4,970.1,167.6,164.1,0.0,0.0,9.0,0.0,0.0,0.0,0.0,86.9
658,110077,11,1,4,4898.9,3218.7,4668.4,3005.0,44.1,33.7,861.1,82.5,462.6,183.4,2438.6,2113.4,122.7,0.0,125.3,0.0,176.8,173.4,459.2,452.3,19.0,0.0,3.0,0.0,44.1,0.0,0.0,33.7
659,110078,11,1,4,2508.7,5470.0,2310.9,5260.6,19.0,35.4,346.6,468.7,204.6,97.9,1017.7,1697.2,45.4,987.2,46.4,1381.8,240.3,235.8,397.9,391.9,8.0,0.0,4.0,0.0,19.0,0.0,0.0,35.4
660,110079,11,1,4,4442.1,11460.8,3943.3,10905.4,28.5,92.0,538.8,1806.6,322.3,252.3,1576.9,4564.4,67.0,0.0,68.6,3010.3,538.6,528.7,753.1,743.1,71.0,0.0,7.0,0.0,28.5,0.0,0.0,92.0
661,110080,11,1,4,11653.2,14092.5,10896.8,13279.8,83.9,148.0,1680.8,2111.4,941.3,1453.5,5015.9,6708.0,262.9,0.0,267.9,366.2,783.1,769.4,1895.9,1871.1,35.0,0.0,14.0,0.0,83.9,0.0,0.0,148.0
662,110081,11,1,4,8510.7,8179.9,7980.6,7638.9,73.2,91.0,1402.5,527.6,761.0,601.1,4077.0,5328.4,211.1,0.0,215.0,0.0,346.6,340.3,853.2,841.5,104.0,0.0,10.0,0.0,73.2,0.0,0.0,91.0
663,110082,11,1,4,4878.6,14450.4,3469.3,12942.6,12.3,122.1,263.5,8265.1,144.1,237.8,835.7,2386.0,55.5,0.0,56.8,0.0,1501.6,1472.1,592.0,581.6,4.0,0.0,16.0,0.0,12.3,0.0,0.0,122.1
664,110083,11,1,4,7364.0,6372.6,6956.4,5955.0,59.7,66.6,1158.1,468.8,651.5,344.1,3397.2,3833.4,167.2,0.0,170.9,0.0,417.2,409.4,911.3,899.2,70.0,0.0,13.0,0.0,59.7,0.0,0.0,66.6
665,110084,11,1,3,9409.2,6045.8,9035.1,5687.7,72.2,40.2,1503.1,240.0,837.1,225.4,4958.8,3472.0,405.7,921.5,414.1,0.0,250.5,245.1,595.9,583.6,58.0,0.0,12.0,0.0,72.2,0.0,0.0,40.2
666,110085,11,1,3,15049.8,7934.5,14475.7,7365.5,121.3,75.0,2285.1,569.9,1263.8,427.6,7811.1,4938.5,735.8,0.0,750.5,0.0,438.2,429.4,1016.2,1000.1,141.0,0.0,34.0,0.0,121.3,0.0,0.0,75.0
667,110086,11,1,2,3004.2,1417.7,2790.0,1207.0,22.3,7.7,538.9,2.9,269.8,0.0,1556.8,1021.7,111.5,0.0,113.9,0.0,52.0,50.8,135.2,131.5,7.0,0.0,5.0,0.0,22.3,0.0,0.0,7.7
668,110087,11,1,3,1157.8,594.7,992.8,429.3,8.5,3.1,190.4,3.2,96.0,0.0,553.7,362.9,39.7,0.0,40.6,0.0,17.4,17.1,47.0,46.1,5.0,0.0,3.0,0.0,8.5,0.0,0.0,3.1
669,110088,11,1,3,3200.9,9629.5,2875.6,9281.4,18.8,34.5,375.5,897.7,194.5,205.9,1185.8,1850.4,91.1,1050.7,93.0,4391.1,363.9,355.8,542.0,529.7,21.0,0.0,9.0,0.0,18.8,0.0,0.0,34.5
670,110089,11,1,2,11203.9,4612.5,10806.6,4233.1,71.5,19.1,1917.7,50.0,988.2,0.0,5962.5,3548.5,518.8,0.0,529.0,0.0,184.3,179.8,469.1,454.8,203.0,0.0,34.0,0.0,71.5,0.0,0.0,19.1
671,110090,11,1,3,4139.8,2749.7,3854.7,2458.6,29.5,16.3,702.7,318.1,352.9,24.0,2052.6,1742.7,150.4,0.0,153.6,0.0,134.0,130.7,249.5,243.1,43.0,0.0,16.0,0.0,29.5,0.0,0.0,16.3
672,110091,11,1,3,5687.0,2680.1,5416.1,2414.8,40.1,17.4,799.1,136.3,461.5,120.5,2900.2,1577.0,310.9,0.0,317.4,0.0,184.0,179.8,411.9,401.3,20.0,0.0,11.0,0.0,40.1,0.0,0.0,17.4
673,110092,11,1,2,4175.3,1484.0,3976.8,1287.0,24.3,5.2,612.2,14.1,354.6,0.0,2263.1,1084.5,256.1,0.0,261.5,0.0,54.6,53.3,139.8,135.1,23.0,0.0,12.0,0.0,24.3,0.0,0.0,5.2
674,110093,11,1,3,8470.1,12779.1,7941.8,12204.3,36.2,65.6,836.6,872.5,438.3,3256.7,2581.0,2588.8,221.0,0.0,225.6,2017.2,944.2,920.2,2623.1,2549.0,57.0,0.0,15.0,0.0,36.2,0.0,0.0,65.6
675,110094,11,1,3,9566.4,8172.2,9164.8,7780.7,71.5,42.4,1481.8,593.6,836.3,242.0,4860.4,3646.0,396.6,2219.4,404.8,0.0,369.3,360.7,736.6,718.9,62.0,0.0,17.0,0.0,71.5,0.0,0.0,42.4
676,110095,11,1,2,234.6,586.1,73.6,427.9,0.2,1.7,7.2,107.6,3.7,15.1,23.1,270.1,1.9,0.0,2.0,0.0,18.9,18.6,16.8,16.6,0.0,0.0,0.0,0.0,0.2,0.0,0.0,1.7
677,110096,11,1,3,5385.2,3307.8,5115.6,3059.4,32.9,9.5,911.2,90.7,465.4,0.0,2837.3,1774.5,249.8,828.8,254.9,0.0,118.7,115.9,257.2,249.4,12.0,0.0,9.0,0.0,32.9,0.0,0.0,9.5
678,110097,11,1,3,4707.7,4017.5,4434.2,3742.4,26.9,16.8,694.1,544.7,385.2,42.7,2323.6,2498.2,192.3,0.0,196.4,72.2,233.1,227.3,368.5,357.4,28.0,0.0,13.0,0.0,26.9,0.0,0.0,16.8
679,110098,11,1,3,9000.6,4881.4,8598.3,4500.4,61.5,26.8,1406.3,374.3,801.7,143.7,4678.1,3209.2,421.1,0.0,429.8,0.0,252.0,246.0,542.3,527.2,56.0,0.0,11.0,0.0,61.5,0.0,0.0,26.8
680,110099,11,1,3,16014.4,10674.1,15305.3,9982.5,113.8,70.9,2570.2,809.7,1361.1,778.2,8002.9,6415.7,624.7,0.0,637.4,0.0,614.7,600.4,1414.5,1378.5,61.0,0.0,19.0,0.0,113.8,0.0,0.0,70.9
681,110100,11,1,3,10898.9,10143.1,10370.2,9589.1,65.6,62.9,1450.6,573.2,788.3,1652.2,4585.5,3376.5,371.6,1400.7,379.3,0.0,742.3,725.3,1904.6,1861.2,124.0,0.0,24.0,0.0,65.6,0.0,0.0,62.9
682,110101,11,1,3,7915.6,3501.2,7613.7,3208.2,55.5,18.3,1355.0,25.3,728.7,6.2,4204.3,2687.6,316.6,0.0,323.2,0.0,141.9,138.6,360.0,350.5,160.0,0.0,24.0,0.0,55.5,0.0,0.0,18.3
683,110102,11,1,2,480.9,269.4,337.3,129.0,2.1,0.5,60.0,0.3,31.2,0.0,191.9,110.7,17.2,0.0,17.8,0.0,4.7,4.6,13.5,13.4,1.0,0.0,0.0,0.0,2.1,0.0,0.0,0.5
684,110103,11,1,3,8597.7,3801.9,8285.8,3529.8,54.8,15.0,1433.2,83.7,824.0,0.0,4700.6,2917.1,377.5,0.0,384.8,0.0,154.2,150.6,389.5,378.4,20.0,0.0,2.0,0.0,54.8,0.0,0.0,15.0
685,110104,11,1,3,4715.0,2071.7,4505.1,1876.2,31.7,9.3,785.3,25.1,444.5,0.0,2547.5,1569.5,209.6,0.0,213.7,0.0,80.6,78.8,208.8,202.8,11.0,0.0,4.0,0.0,31.7,0.0,0.0,9.3
686,110105,11,1,3,5764.1,2151.0,5525.4,1925.1,38.4,10.8,869.3,30.3,507.0,5.9,3124.4,1596.8,330.3,0.0,337.0,0.0,84.8,82.8,214.5,209.3,50.0,0.0,8.0,0.0,38.4,0.0,0.0,10.8
687,110106,11,1,3,7941.0,2980.2,7634.2,2677.2,55.8,18.6,1278.6,25.3,708.1,0.0,4305.2,2239.7,422.7,0.0,431.4,0.0,119.1,116.6,302.1,295.6,45.0,0.0,22.0,0.0,55.8,0.0,0.0,18.6
688,110107,11,1,3,5908.4,2533.6,5680.2,2324.8,39.4,12.3,979.7,10.3,555.0,0.0,3233.5,1958.5,262.4,0.0,267.5,0.0,102.2,99.8,262.8,256.1,12.0,0.0,5.0,0.0,39.4,0.0,0.0,12.3
689,110108,11,1,2,137.3,128.6,0.0,0.3,0.0,0.0,0.0,0.3,0.0,0.0,0.0,0.0,0.0,0.0,0.0,0.0,0.0,0.0,0.0,0.0,0.0,0.0,0.0,0.0,0.0,0.0,0.0,0.0
690,110109,11,1,3,6997.1,7036.0,6593.3,6614.3,54.3,67.1,1116.3,949.7,588.2,237.1,3385.8,3497.1,215.9,932.7,220.5,0.0,352.2,346.5,663.3,651.2,31.0,0.0,20.0,0.0,54.3,0.0,0.0,67.1
691,110110,11,1,3,5852.8,5379.7,5429.1,4939.2,42.0,56.9,925.1,1183.3,484.8,224.6,2803.0,2743.2,180.1,0.0,183.6,0.0,321.1,315.5,480.4,472.5,38.0,0.0,13.0,0.0,42.0,0.0,0.0,56.9
692,110111,11,1,3,7069.3,4736.0,6595.7,4283.1,109.3,56.7,1240.2,465.1,651.5,33.1,3592.1,3238.9,247.8,0.0,252.7,0.0,183.3,180.2,372.2,365.8,32.0,0.0,24.0,0.0,109.3,0.0,0.0,56.7
693,110112,11,1,4,15138.2,16059.2,14314.7,15239.1,122.5,131.7,2400.4,1517.5,1328.0,247.3,7530.6,8105.4,506.0,0.0,515.7,1548.0,642.4,630.6,1191.6,1175.3,187.0,2015.0,13.0,0.0,122.5,0.0,0.0,131.7
694,110113,11,1,4,6429.2,6643.1,6050.4,6255.9,48.0,65.0,975.0,598.4,551.4,394.9,2995.6,3405.4,167.3,730.8,170.8,0.0,363.4,356.9,780.7,769.5,42.0,0.0,4.0,0.0,48.0,0.0,0.0,65.0
695,110114,11,1,3,515.7,808.1,373.8,663.1,3.0,8.2,57.8,157.7,31.9,15.0,192.4,434.7,16.6,0.0,16.9,0.0,31.6,31.2,24.7,24.5,1.0,0.0,1.0,0.0,3.0,0.0,0.0,8.2
696,110115,11,1,3,8457.5,7096.3,7985.0,6585.4,59.6,83.2,1092.5,560.3,600.6,1122.2,3499.6,2798.4,279.7,25.1,285.3,0.0,593.7,582.7,1520.6,1496.6,102.0,0.0,11.0,0.0,59.6,0.0,0.0,83.2
697,110116,11,1,3,7385.8,4790.8,6983.4,4384.0,76.5,54.3,1243.5,591.9,680.1,11.7,3738.4,3106.2,246.6,0.0,251.2,0.0,242.9,238.7,442.6,435.5,112.0,0.0,26.0,0.0,76.5,0.0,0.0,54.3
698,110117,11,1,3,10681.1,5581.4,10230.6,5180.4,125.4,56.1,1853.0,70.5,1005.8,0.0,5664.2,3413.4,424.0,978.4,433.0,0.0,215.4,211.7,514.2,506.4,105.0,0.0,16.0,0.0,125.4,0.0,0.0,56.1
699,110118,11,1,3,2345.0,1337.7,2156.1,1161.0,30.1,16.0,406.7,45.0,221.0,15.1,1163.6,896.4,66.5,0.0,68.3,0.0,62.0,60.8,146.0,143.7,19.0,0.0,3.0,0.0,30.1,0.0,0.0,16.0
700,110119,11,1,4,8779.2,10803.0,8207.3,10157.8,46.4,109.8,922.5,933.9,499.6,1589.0,2714.2,2660.1,147.0,0.0,149.9,1317.5,1116.4,1096.6,2592.6,2560.7,37.0,0.0,28.0,0.0,46.4,0.0,0.0,109.8
701,110120,11,1,4,8168.4,9225.5,7722.2,8766.8,62.6,70.2,1331.1,893.9,705.7,191.8,3924.1,3808.8,233.0,0.0,237.4,2703.5,414.7,407.6,771.1,761.2,81.0,0.0,24.0,0.0,62.6,0.0,0.0,70.2
702,110121,11,1,4,9698.4,8184.5,9213.2,7707.7,79.6,75.9,1610.6,457.8,887.9,609.5,4699.8,4757.2,241.4,469.8,246.4,0.0,413.0,405.8,1019.1,1007.6,85.0,0.0,10.0,0.0,79.6,0.0,0.0,75.9
703,110122,11,1,4,14793.9,21401.4,13588.2,20053.3,90.3,231.3,1703.0,5044.4,989.3,2284.8,5357.8,7987.4,325.0,0.0,331.3,0.0,1648.2,1619.6,3149.4,3117.1,55.0,0.0,29.0,0.0,90.3,0.0,0.0,231.3
704,110123,11,1,4,20669.0,29660.6,19158.5,27795.8,78.5,329.7,1657.6,3560.2,902.9,5892.7,4603.3,7095.8,196.8,0.0,200.4,0.0,3356.7,3300.1,8034.7,7946.9,79.0,0.0,127.0,0.0,78.5,0.0,0.0,329.7
705,110124,11,1,4,19625.7,14395.8,18681.4,13447.7,152.5,158.9,3061.0,1262.1,1688.6,1079.9,9684.9,8439.1,700.8,0.0,714.7,0.0,798.1,785.1,1901.2,1881.4,106.0,0.0,26.0,0.0,152.5,0.0,0.0,158.9
706,110125,11,1,3,1335.3,992.9,1189.2,843.6,10.2,10.4,211.0,71.0,117.8,35.5,641.2,617.1,42.8,0.0,43.8,0.0,37.2,36.5,84.3,83.4,9.0,0.0,2.0,0.0,10.2,0.0,0.0,10.4
707,110126,11,1,3,10419.1,4648.7,10029.9,4267.0,102.1,55.0,1827.9,39.8,1037.1,0.0,5600.7,3524.7,372.7,0.0,380.2,0.0,202.6,199.4,510.8,503.0,62.0,0.0,36.0,0.0,102.1,0.0,0.0,55.0
708,110127,11,1,3,12955.2,5419.1,12519.3,4990.0,103.5,42.8,2214.5,40.4,1159.6,0.0,6994.5,4163.9,563.5,0.0,574.7,0.0,226.5,221.9,572.9,563.8,169.0,0.0,44.0,0.0,103.5,0.0,0.0,42.8
709,110128,11,1,4,1655.8,1891.3,1491.9,1727.2,11.8,16.3,245.5,466.7,139.7,23.3,772.7,949.8,46.8,0.0,47.9,63.7,102.3,100.4,124.9,123.4,7.0,0.0,5.0,0.0,11.8,0.0,0.0,16.3
710,110129,11,1,4,8844.7,11045.6,8329.4,10436.1,46.3,126.2,866.7,904.1,492.4,2732.5,2813.0,3106.4,184.2,0.0,187.9,0.0,989.1,972.6,2743.1,2720.6,25.0,0.0,28.0,0.0,46.3,0.0,0.0,126.2
711,110130,11,1,4,6961.7,12353.8,6352.7,11587.3,0.0,142.4,0.0,1087.2,0.0,3755.3,31.0,524.4,0.0,0.0,0.0,0.0,1763.6,1734.8,4527.1,4485.6,0.0,0.0,31.0,0.0,0.0,0.0,0.0,142.4
712,110131,11,1,3,1841.1,5490.9,1473.3,5070.5,7.0,57.3,142.9,1144.1,80.1,287.3,434.6,2249.4,28.6,648.3,29.3,0.0,296.4,291.6,455.4,449.8,3.0,0.0,3.0,0.0,7.0,0.0,0.0,57.3
713,110132,11,1,3,8519.0,3980.8,8184.1,3657.5,70.0,43.6,1479.7,60.5,828.4,10.0,4602.0,2995.1,315.0,0.0,321.7,0.0,172.3,169.3,427.9,422.6,28.0,0.0,9.0,0.0,70.0,0.0,0.0,43.6
714,110133,11,1,3,8058.1,4299.9,7735.6,3991.7,67.0,42.3,1280.1,154.9,739.7,25.2,4266.3,2492.3,369.8,761.7,377.7,0.0,173.9,171.4,391.2,386.2,129.0,0.0,8.0,0.0,67.0,0.0,0.0,42.3
715,110134,11,1,2,3445.7,1702.4,3241.5,1504.4,30.3,20.2,625.4,15.0,335.8,0.0,1806.9,1249.0,108.2,0.0,110.5,0.0,68.7,68.0,175.0,172.4,7.0,0.0,4.0,0.0,30.3,0.0,0.0,20.2
716,110135,11,1,3,3187.1,1769.4,2952.6,1531.4,22.1,12.0,481.2,225.7,267.1,5.6,1617.9,1065.8,162.9,0.0,166.3,0.0,85.4,83.6,153.6,150.8,14.0,0.0,4.0,0.0,22.1,0.0,0.0,12.0
717,110136,11,1,3,4048.9,1753.7,3827.3,1534.0,31.4,13.8,660.3,45.0,359.5,10.9,2154.5,1243.2,194.2,0.0,198.2,0.0,69.7,68.6,168.9,166.3,13.0,0.0,9.0,0.0,31.4,0.0,0.0,13.8
718,110137,11,1,3,3604.9,2620.5,3372.4,2391.5,28.1,16.1,558.6,121.4,301.2,16.0,1861.1,1150.6,184.0,836.5,187.9,0.0,89.7,88.2,181.0,178.8,7.0,0.0,2.0,0.0,28.1,0.0,0.0,16.1
719,110138,11,1,4,673.2,3230.9,295.6,2830.1,0.0,32.0,0.0,1385.7,0.0,111.2,2.0,1046.0,0.0,0.0,0.0,0.0,211.3,207.5,80.3,79.5,0.0,0.0,2.0,0.0,0.0,0.0,0.0,32.0
720,110139,11,1,4,16020.9,27039.6,15246.0,25981.3,42.2,317.6,803.5,1671.6,450.4,10380.3,2538.4,2943.6,159.4,0.0,162.7,0.0,2619.0,2577.0,8464.7,8408.8,20.0,0.0,28.0,0.0,42.2,0.0,0.0,317.6
721,110140,11,1,4,5911.9,5814.6,5616.1,5522.4,49.4,47.4,966.2,372.2,557.4,113.8,2985.6,2744.1,178.0,420.1,181.8,1165.7,237.9,234.1,477.2,472.5,21.0,0.0,11.0,0.0,49.4,0.0,0.0,47.4
722,110141,11,1,4,2630.8,8270.1,2328.4,7920.0,9.8,61.0,215.9,1027.7,121.7,413.1,578.2,2183.1,23.3,0.0,23.9,2964.0,488.5,481.4,859.0,850.7,11.0,0.0,7.0,0.0,9.8,0.0,0.0,61.0
723,110142,11,1,3,11644.0,7740.9,11161.1,7253.4,99.2,84.5,2026.4,237.5,1159.8,111.1,5922.6,4996.3,284.5,529.3,290.6,0.0,425.9,419.5,969.3,959.7,68.0,0.0,14.0,0.0,99.2,0.0,0.0,84.5
724,110143,11,1,3,13663.1,9499.0,13047.2,8853.6,105.6,110.3,2385.6,553.5,1274.9,627.8,6679.4,5741.3,339.2,0.0,346.1,0.0,564.1,555.8,1390.9,1375.1,39.0,0.0,28.0,0.0,105.6,0.0,0.0,110.3
725,110144,11,1,2,3067.9,3285.5,2860.0,3069.8,20.7,10.6,464.2,132.2,249.6,0.0,1546.6,962.4,152.7,0.0,156.1,1711.9,96.6,94.3,172.3,169.0,14.0,0.0,8.0,0.0,20.7,0.0,0.0,10.6
726,110145,11,1,3,2606.0,2387.9,2423.7,2200.3,18.3,10.0,402.5,106.1,217.0,0.0,1316.6,848.7,119.6,1018.6,122.1,0.0,81.4,79.8,149.4,147.1,10.0,0.0,5.0,0.0,18.3,0.0,0.0,10.0
727,110146,11,1,2,620.3,317.3,490.6,182.5,4.0,1.7,86.1,0.3,46.3,0.0,279.4,155.0,24.5,0.0,25.1,0.0,7.1,7.1,20.2,20.1,1.0,0.0,1.0,0.0,4.0,0.0,0.0,1.7
728,110147,11,1,3,3596.1,3895.2,3328.8,3620.5,25.8,24.0,504.8,316.7,277.7,56.2,1701.4,1380.7,170.7,1029.7,174.3,363.9,174.0,170.8,305.7,302.4,14.0,0.0,6.0,0.0,25.8,0.0,0.0,24.0
729,110148,11,1,3,4849.9,7823.3,4105.9,7029.8,31.5,84.3,625.7,2568.3,337.3,420.3,1884.9,3054.1,115.3,0.0,117.9,0.0,507.0,498.6,492.7,488.6,17.0,0.0,8.0,0.0,31.5,0.0,0.0,84.3
730,110149,11,1,3,10694.0,6530.1,10264.5,6085.9,80.2,76.7,1773.2,187.9,953.4,831.4,5256.5,3666.0,347.6,0.0,354.5,0.0,354.9,350.0,1063.3,1050.7,138.0,0.0,23.0,0.0,80.2,0.0,0.0,76.7
731,110150,11,1,2,2802.8,1198.7,2605.8,998.6,19.6,7.4,465.0,15.4,237.8,0.0,1447.8,830.5,126.0,0.0,128.7,0.0,42.9,42.1,112.5,110.6,39.0,0.0,6.0,0.0,19.6,0.0,0.0,7.4
732,110151,11,1,2,3645.5,3172.9,3410.7,2939.4,26.6,14.4,606.5,122.4,309.0,21.7,1869.8,1240.3,158.8,1270.1,162.2,0.0,93.0,91.3,196.3,193.6,10.0,0.0,5.0,0.0,26.6,0.0,0.0,14.4
733,110152,11,1,3,2209.4,1819.1,1991.4,1591.2,14.5,14.9,305.2,167.9,166.7,158.7,1029.1,998.3,103.0,0.0,105.1,0.0,80.4,78.7,189.8,187.5,7.0,0.0,5.0,0.0,14.5,0.0,0.0,14.9
734,110153,11,1,3,4098.1,2928.9,3814.5,2625.2,29.4,26.4,602.9,319.9,323.4,191.4,2023.1,1683.5,199.8,0.0,204.0,0.0,136.8,134.4,299.6,296.0,10.0,0.0,15.0,0.0,29.4,0.0,0.0,26.4
735,110154,11,1,3,6004.4,2116.9,5771.0,1882.7,47.9,20.1,906.1,4.8,529.4,0.0,3265.9,1575.2,338.8,0.0,345.9,0.0,85.8,84.1,221.0,218.6,60.0,0.0,18.0,0.0,47.9,0.0,0.0,20.1
736,110155,11,1,3,2760.2,1338.2,2611.1,1186.8,24.1,13.7,478.9,13.9,257.3,0.0,1446.4,985.7,88.8,0.0,90.8,0.0,52.9,52.2,135.9,135.0,52.0,0.0,8.0,0.0,24.1,0.0,0.0,13.7
737,110156,11,1,4,7208.7,6950.8,6759.9,6488.7,56.7,69.6,1119.6,805.1,615.6,293.1,3408.1,3501.7,211.1,751.4,215.7,0.0,395.2,389.2,754.8,748.2,32.0,0.0,8.0,0.0,56.7,0.0,0.0,69.6
738,110157,11,1,3,3611.6,6424.0,3270.2,6009.6,12.2,80.0,243.9,661.6,137.9,1446.8,650.9,1752.9,26.0,0.0,26.7,0.0,602.8,594.0,1568.0,1554.3,5.0,0.0,9.0,0.0,12.2,0.0,0.0,80.0
739,110158,11,1,4,16359.7,10591.8,15644.6,9881.4,130.2,115.3,2749.4,681.8,1493.2,521.6,8321.2,6753.6,522.1,0.0,532.3,0.0,580.7,572.5,1365.9,1351.9,51.0,0.0,29.0,0.0,130.2,0.0,0.0,115.3
740,110159,11,1,3,161.2,136.0,18.8,7.7,0.2,0.0,3.1,0.1,1.9,0.0,10.9,6.9,1.0,0.0,1.1,0.0,0.1,0.1,0.7,0.7,0.0,0.0,0.0,0.0,0.2,0.0,0.0,0.0
741,110160,11,1,3,2244.2,950.1,2058.2,757.3,18.7,8.8,367.3,1.6,194.4,0.0,1156.9,635.2,102.2,0.0,104.5,0.0,33.4,33.0,88.4,87.5,6.0,0.0,5.0,0.0,18.7,0.0,0.0,8.8
742,110161,11,1,3,5036.9,5724.8,4557.4,5181.6,37.7,67.3,740.5,1632.2,367.4,43.2,2190.7,2641.9,172.9,0.0,176.7,0.0,379.6,374.3,494.6,490.0,10.0,0.0,25.0,0.0,37.7,0.0,0.0,67.3
743,110162,11,1,3,9305.7,6834.1,8935.2,6467.2,68.7,38.0,1431.0,277.7,792.8,59.5,4870.4,2880.7,476.2,900.2,486.1,1655.5,228.4,224.8,474.3,468.8,156.0,0.0,20.0,0.0,68.7,0.0,0.0,38.0
744,110163,11,1,3,9914.3,5479.4,9533.1,5110.1,78.7,50.7,1759.6,96.3,954.1,0.0,5280.9,3464.4,351.3,820.8,358.6,0.0,219.4,216.6,518.1,512.0,70.0,0.0,21.0,0.0,78.7,0.0,0.0,50.7
745,110164,11,1,3,1850.2,886.9,1687.7,727.2,14.7,9.6,313.5,19.1,168.8,10.0,941.5,578.3,67.7,0.0,69.4,0.0,33.1,32.6,88.7,87.2,5.0,0.0,0.0,0.0,14.7,0.0,0.0,9.6
746,110165,11,1,3,2047.5,1364.5,1873.4,1182.4,15.5,13.1,290.6,140.0,172.9,32.9,1033.0,850.4,103.2,0.0,105.5,0.0,54.2,53.2,107.1,106.0,4.0,0.0,3.0,0.0,15.5,0.0,0.0,13.1
747,110166,11,1,3,10998.1,15281.1,10315.7,14497.6,69.2,154.9,1424.4,1592.8,798.9,2253.8,4238.1,5355.0,237.2,770.3,242.1,1231.4,937.8,926.5,2394.2,2367.8,31.0,0.0,12.0,0.0,69.2,0.0,0.0,154.9
748,110167,11,1,3,5317.7,2118.1,5090.1,1899.4,43.6,24.2,858.6,23.7,489.7,0.0,2853.7,1557.0,246.0,0.0,251.2,0.0,93.3,92.0,229.7,226.7,61.0,0.0,7.0,0.0,43.6,0.0,0.0,24.2
749,110168,11,1,3,2793.2,1073.4,2641.2,924.5,20.6,8.9,430.9,5.7,245.0,0.0,1495.1,771.2,143.3,0.0,146.2,0.0,41.2,40.6,108.5,107.0,26.0,0.0,5.0,0.0,20.6,0.0,0.0,8.9
750,110169,11,1,3,7883.6,6815.5,7445.4,6330.3,49.2,73.2,998.2,415.4,521.7,1491.2,3106.3,2234.8,266.9,0.0,272.4,0.0,581.6,573.6,1631.3,1615.2,51.0,0.0,16.0,0.0,49.2,0.0,0.0,73.2
751,110170,11,1,3,2311.0,7369.7,1825.5,6792.4,1.9,83.5,35.6,2309.5,19.6,1498.9,130.3,1397.2,11.1,0.0,11.5,0.0,506.8,500.7,1097.6,1086.0,0.0,0.0,13.0,0.0,1.9,0.0,0.0,83.5
752,110171,11,1,3,3982.8,11338.0,3274.6,10486.8,5.3,134.5,102.0,2713.7,57.4,1307.7,325.0,3769.6,17.1,0.0,17.4,0.0,956.4,944.9,1770.3,1750.9,9.0,0.0,20.0,0.0,5.3,0.0,0.0,134.5
753,110172,11,1,3,164.8,163.5,8.7,3.5,0.1,0.1,1.5,0.0,0.9,0.0,5.2,3.2,0.5,0.0,0.5,0.0,0.0,0.0,0.2,0.2,0.0,0.0,0.0,0.0,0.1,0.0,0.0,0.1
754,110173,11,1,3,7313.6,3665.8,7008.6,3348.3,51.8,22.9,1096.1,117.0,612.1,48.4,3859.7,1831.9,427.0,0.0,435.3,921.6,131.6,130.1,302.6,299.3,110.0,0.0,34.0,0.0,51.8,0.0,0.0,22.9
755,110174,11,1,3,7626.6,2550.6,7293.3,2225.2,58.5,22.7,1209.5,15.2,660.2,0.0,4107.9,1848.8,445.8,0.0,454.6,0.0,102.4,101.2,262.9,260.0,29.0,0.0,21.0,0.0,58.5,0.0,0.0,22.7
756,110175,11,1,3,6537.0,5042.1,6088.9,4564.8,50.6,53.5,989.4,637.1,529.8,152.7,3213.8,3099.9,308.7,0.0,315.0,0.0,247.3,244.4,435.9,430.7,25.0,0.0,24.0,0.0,50.6,0.0,0.0,53.5
757,110176,11,1,3,7550.6,6835.6,7058.7,6301.2,53.1,78.9,1104.0,628.8,616.1,575.9,3022.6,3162.2,132.2,0.0,135.1,0.0,611.5,603.7,1347.3,1330.6,76.0,0.0,14.0,0.0,53.1,0.0,0.0,78.9
758,110177,11,1,3,7338.1,8942.5,6828.3,8386.8,53.4,87.2,1115.7,952.8,601.0,382.0,3227.7,4112.0,183.3,1539.1,187.3,0.0,488.7,482.9,929.6,917.8,85.0,0.0,10.0,0.0,53.4,0.0,0.0,87.2
759,110178,11,1,3,4374.0,1442.8,4130.9,1207.4,29.5,10.2,657.8,20.8,367.0,0.0,2303.7,993.5,256.0,0.0,261.0,0.0,54.9,53.8,141.4,139.3,81.0,0.0,8.0,0.0,29.5,0.0,0.0,10.2
760,110179,11,1,3,8279.0,5359.6,7949.4,5043.6,66.6,36.3,1268.0,193.2,749.7,4.9,4423.5,2426.4,429.7,789.1,438.7,1065.1,186.6,184.5,385.1,380.4,56.0,0.0,12.0,0.0,66.6,0.0,0.0,36.3
761,110180,11,1,3,5792.3,9671.9,5419.0,9250.5,35.2,72.1,676.0,1469.3,404.5,27.0,2395.1,2950.6,234.8,0.0,239.5,3387.7,618.8,611.6,815.4,804.2,25.0,0.0,10.0,0.0,35.2,0.0,0.0,72.1
762,110181,11,1,3,6322.8,5783.0,5978.2,5438.6,42.8,26.5,931.0,376.8,501.3,21.9,3200.8,1953.5,358.3,1340.9,365.8,1194.8,204.3,202.6,352.7,348.2,52.0,0.0,12.0,0.0,42.8,0.0,0.0,26.5
763,110182,11,1,3,6024.3,1992.5,5714.7,1688.1,44.7,16.7,947.2,5.0,506.0,0.0,3216.0,1405.2,357.1,0.0,364.2,0.0,78.6,77.8,202.6,200.2,31.0,0.0,12.0,0.0,44.7,0.0,0.0,16.7
764,110183,11,1,3,12691.8,6223.0,12227.3,5772.9,104.7,57.8,2174.9,172.1,1148.3,9.7,6725.8,4026.0,515.4,691.9,526.0,0.0,265.2,262.9,618.8,610.3,226.0,0.0,27.0,0.0,104.7,0.0,0.0,57.8
765,110184,11,1,3,5306.9,3318.5,4974.3,2977.5,38.6,20.9,809.6,210.7,434.0,6.5,2722.8,1518.4,297.0,892.6,303.5,0.0,124.0,122.7,229.3,226.5,38.0,0.0,16.0,0.0,38.6,0.0,0.0,20.9
766,110185,11,1,3,1924.9,1114.2,1786.2,973.5,14.0,9.3,333.0,78.3,175.5,0.0,966.9,749.0,53.9,0.0,55.4,0.0,48.4,47.9,100.0,98.4,46.0,0.0,7.0,0.0,14.0,0.0,0.0,9.3
767,110186,11,1,3,2672.0,1657.4,2475.6,1453.5,19.9,18.3,433.9,56.6,231.4,155.6,1293.2,947.3,92.4,0.0,94.6,0.0,76.3,75.4,221.8,218.7,27.0,0.0,5.0,0.0,19.9,0.0,0.0,18.3
768,110187,11,1,3,5744.2,2505.7,5486.6,2252.3,47.6,28.2,990.0,36.0,551.8,0.0,3051.3,1847.8,216.8,0.0,221.6,0.0,107.9,106.6,265.1,261.9,73.0,0.0,9.0,0.0,47.6,0.0,0.0,28.2
769,110188,11,1,3,6166.7,4054.5,5832.0,3712.0,50.7,43.6,1057.6,158.1,566.7,54.2,3178.9,2917.1,199.6,0.0,203.9,0.0,184.0,182.2,406.1,400.3,21.0,0.0,14.0,0.0,50.7,0.0,0.0,43.6
770,110189,11,1,3,7437.1,3472.1,7118.4,3147.7,58.7,36.8,1304.7,155.6,693.9,0.0,3893.0,2428.6,274.0,0.0,279.3,0.0,179.4,177.9,391.0,385.5,81.0,0.0,22.0,0.0,58.7,0.0,0.0,36.8
771,110190,11,1,3,7474.3,7351.9,6927.3,6754.5,54.5,80.6,1097.5,990.8,607.9,463.6,3485.5,4200.2,287.0,0.0,292.7,0.0,364.0,361.2,748.7,738.7,23.0,0.0,21.0,0.0,54.5,0.0,0.0,80.6
772,110191,11,1,3,3689.0,1431.2,3484.8,1224.2,29.8,14.1,605.0,2.8,339.3,0.0,1953.0,1017.3,169.8,0.0,173.6,0.0,57.7,56.9,149.4,147.2,28.0,0.0,9.0,0.0,29.8,0.0,0.0,14.1
773,110192,11,1,3,5592.8,2367.9,5322.7,2096.0,43.8,22.8,947.1,29.8,506.0,67.6,2911.6,1613.0,240.0,0.0,244.8,0.0,106.3,105.5,283.9,280.1,66.0,0.0,17.0,0.0,43.8,0.0,0.0,22.8
774,110193,11,1,3,4734.5,5537.4,4363.8,5114.4,26.7,60.3,534.1,632.5,293.0,1005.5,1724.3,2040.1,148.3,0.0,151.6,0.0,397.1,394.3,1056.3,1041.9,48.0,0.0,11.0,0.0,26.7,0.0,0.0,60.3
775,110194,11,1,3,10182.7,9942.2,9533.6,9237.1,63.6,96.4,1368.8,1111.7,765.5,1026.0,3990.9,4202.7,205.8,0.0,210.1,0.0,896.0,892.7,2022.5,2004.0,51.0,0.0,23.0,0.0,63.6,0.0,0.0,96.4
776,110195,11,1,3,8346.2,4898.9,7991.8,4542.5,69.2,49.3,1492.8,242.7,826.2,112.5,4346.3,3378.9,225.6,0.0,230.2,0.0,242.1,240.8,574.6,567.6,37.0,0.0,17.0,0.0,69.2,0.0,0.0,49.3
777,110196,11,1,3,2521.1,5620.2,2149.6,5189.1,7.3,48.7,154.9,862.0,80.9,651.0,484.3,1496.6,38.7,858.8,39.6,0.0,429.0,426.2,906.2,894.4,2.0,0.0,14.0,0.0,7.3,0.0,0.0,48.7
778,110197,11,1,3,13032.3,3780.8,12628.0,3403.7,94.7,30.8,1885.7,41.4,1141.0,0.0,7240.5,2777.8,838.9,0.0,855.4,0.0,168.6,168.1,419.7,416.4,49.0,0.0,29.0,0.0,94.7,0.0,0.0,30.8
779,110198,11,1,4,3269.8,1283.5,3061.1,1096.6,25.2,11.0,550.2,17.3,289.1,0.0,1684.8,895.5,138.7,0.0,141.6,0.0,51.7,51.4,134.1,132.4,60.0,0.0,11.0,0.0,25.2,0.0,0.0,11.0
780,110199,11,1,3,15537.6,26387.8,14435.3,24955.4,33.7,284.2,625.9,2693.7,369.0,7438.8,2214.1,4157.5,197.9,0.0,202.4,0.0,2825.0,2836.2,7886.0,7829.3,34.0,0.0,81.0,0.0,33.7,0.0,0.0,284.2
781,110200,11,1,3,790.9,6346.8,273.7,5781.8,0.5,52.1,10.0,656.4,6.1,55.4,40.3,4865.4,2.4,0.0,2.7,0.0,138.8,138.0,67.4,66.5,0.0,0.0,6.0,0.0,0.5,0.0,0.0,52.1
782,110201,11,1,4,3275.3,1412.1,3107.2,1262.9,26.2,12.3,530.8,51.9,311.7,0.0,1736.8,1001.6,134.0,0.0,136.8,0.0,64.6,64.3,146.4,145.0,42.0,0.0,4.0,0.0,26.2,0.0,0.0,12.3
783,110202,11,1,2,251.4,381.5,112.6,247.4,0.6,2.1,12.4,36.0,7.5,26.7,48.1,151.6,5.4,0.0,5.6,0.0,10.2,9.9,23.4,23.1,0.0,0.0,0.0,0.0,0.6,0.0,0.0,2.1
784,110203,11,1,3,5383.3,3227.3,5095.1,2936.4,36.9,21.4,749.6,215.2,435.0,104.1,2798.7,1600.0,326.5,607.3,333.5,0.0,131.5,130.9,281.2,278.8,24.0,0.0,15.0,0.0,36.9,0.0,0.0,21.4
785,110204,11,1,3,6336.5,3213.9,6085.2,2976.2,48.3,19.4,986.7,28.9,544.5,0.0,3381.3,1629.4,325.1,962.0,332.1,0.0,104.1,103.9,254.3,252.1,146.0,0.0,11.0,0.0,48.3,0.0,0.0,19.4
786,110205,11,1,3,4659.4,7629.8,4368.1,7315.9,29.4,41.3,579.8,1004.6,325.5,4.4,1996.1,2076.6,191.4,404.9,195.5,2807.4,438.8,437.6,586.0,580.4,42.0,0.0,13.0,0.0,29.4,0.0,0.0,41.3
787,110206,11,1,3,5093.6,10995.0,4544.4,10384.1,28.5,77.7,576.0,2084.2,315.5,169.9,1743.8,4175.0,113.7,774.5,116.3,1538.1,715.7,713.5,938.4,928.9,14.0,0.0,11.0,0.0,28.5,0.0,0.0,77.7
788,110207,11,1,3,2768.6,2335.2,2563.2,2124.2,20.6,17.1,435.2,323.0,241.6,8.5,1331.1,1110.2,93.3,0.0,95.4,328.8,137.9,137.4,218.6,216.3,7.0,0.0,3.0,0.0,20.6,0.0,0.0,17.1
789,110208,11,1,3,5322.6,2250.0,5085.6,2020.0,44.2,17.8,931.4,10.0,504.8,0.0,2821.7,1653.2,188.4,0.0,192.5,0.0,101.5,101.4,258.4,255.3,78.0,0.0,9.0,0.0,44.2,0.0,0.0,17.8
790,110209,11,1,3,3843.5,1686.5,3648.4,1489.5,29.5,13.0,663.6,22.0,364.9,0.0,2036.4,1215.6,142.4,0.0,145.3,0.0,73.2,72.8,181.5,179.2,29.0,0.0,12.0,0.0,29.5,0.0,0.0,13.0
791,110210,11,1,2,152.0,426.3,34.1,309.6,0.0,2.8,0.0,78.4,0.0,26.4,0.0,171.1,0.0,0.0,0.0,0.0,14.6,14.6,19.4,19.0,0.0,0.0,0.0,0.0,0.0,0.0,0.0,2.8
792,110211,11,1,3,517.5,338.1,407.3,221.2,3.2,2.0,73.1,15.9,39.4,8.3,220.6,161.8,13.5,0.0,13.9,0.0,10.2,10.2,25.5,25.1,7.0,0.0,4.0,0.0,3.2,0.0,0.0,2.0
793,110212,11,1,3,6905.3,2740.8,6636.8,2482.9,54.2,20.6,1181.6,16.6,645.4,0.0,3734.1,2025.2,280.0,0.0,285.7,0.0,126.1,125.6,320.0,315.6,49.0,0.0,15.0,0.0,54.2,0.0,0.0,20.6
794,110213,11,1,3,195.2,610.6,68.2,484.6,0.0,3.3,0.0,172.2,0.0,15.3,1.0,231.4,0.0,0.0,0.0,0.0,35.9,35.8,30.3,29.9,0.0,0.0,1.0,0.0,0.0,0.0,0.0,3.3
795,110214,11,1,2,4962.6,2470.9,4707.8,2216.6,37.6,12.5,807.7,58.3,430.3,0.0,2583.5,1265.6,238.6,579.8,244.0,0.0,97.7,97.1,219.9,215.8,77.0,0.0,9.0,0.0,37.6,0.0,0.0,12.5
796,110215,11,1,3,3562.4,1396.9,3362.8,1199.0,27.6,8.9,609.9,3.0,333.7,0.0,1888.8,981.9,147.0,0.0,150.6,0.0,60.7,60.4,157.0,153.8,7.0,0.0,8.0,0.0,27.6,0.0,0.0,8.9
797,110216,11,1,3,4388.2,1957.6,4165.3,1725.6,36.2,12.6,820.7,4.0,420.4,0.0,2293.8,1410.8,129.1,0.0,132.1,0.0,88.1,88.0,227.0,222.7,33.0,0.0,21.0,0.0,36.2,0.0,0.0,12.6
798,110217,11,1,3,3961.8,2683.5,3743.0,2459.1,31.9,12.7,724.0,73.2,377.1,0.0,2029.3,1322.5,113.2,727.1,115.8,0.0,106.7,106.1,235.0,230.2,29.0,0.0,13.0,0.0,31.9,0.0,0.0,12.7
799,110218,11,1,3,5118.3,2280.6,4887.9,2052.1,40.2,14.7,900.9,42.2,523.7,32.4,2691.5,1589.8,158.1,0.0,161.5,0.0,109.6,109.1,284.5,278.7,43.0,0.0,15.0,0.0,40.2,0.0,0.0,14.7
800,110219,11,1,3,102.6,118.8,0.1,14.1,0.0,0.1,0.0,1.6,0.0,0.0,0.0,12.3,0.0,0.0,0.0,0.0,0.1,0.1,0.0,0.0,0.0,0.0,0.0,0.0,0.0,0.0,0.0,0.1
801,110220,11,1,3,586.8,1919.0,356.5,1666.5,0.0,15.8,0.0,740.1,0.0,185.4,5.0,399.0,0.0,0.0,0.0,0.0,151.8,151.1,194.7,191.0,0.0,0.0,5.0,0.0,0.0,0.0,0.0,15.8
802,110221,11,1,4,4716.9,6216.8,4274.6,5681.4,21.0,45.4,447.9,1070.3,245.7,395.0,1334.5,2217.5,63.1,0.0,64.6,0.0,673.3,669.7,1357.4,1329.0,5.0,0.0,83.0,0.0,21.0,0.0,0.0,45.4
803,110222,11,1,4,7433.2,6311.9,7027.8,5898.6,45.8,48.1,982.5,356.7,544.0,1082.5,2746.6,2069.7,133.0,0.0,135.8,0.0,639.7,635.8,1793.1,1753.9,38.0,0.0,15.0,0.0,45.8,0.0,0.0,48.1
804,110223,11,1,3,2478.0,1174.7,2311.7,1010.4,21.6,8.1,456.9,3.1,252.7,0.0,1279.0,826.4,63.0,0.0,64.7,0.0,51.2,50.8,133.1,130.1,6.0,0.0,5.0,0.0,21.6,0.0,0.0,8.1
805,110224,11,1,3,8332.9,3146.1,7995.1,2829.9,67.0,20.4,1454.4,7.9,805.2,0.0,4459.1,2307.7,333.2,0.0,339.8,0.0,146.7,146.1,375.6,368.2,68.0,0.0,13.0,0.0,67.0,0.0,0.0,20.4
806,110225,11,1,4,4713.2,5890.0,4258.3,5402.6,33.4,47.8,669.0,1238.1,370.9,409.1,1965.6,2779.8,118.4,0.0,120.5,0.0,329.6,328.0,659.3,647.5,6.0,0.0,19.0,0.0,33.4,0.0,0.0,47.8
807,110226,11,1,4,6215.9,13055.2,5627.6,12347.5,5.0,107.7,102.4,1435.8,57.4,3158.1,337.0,2782.6,17.4,0.0,17.9,0.0,1278.0,1269.6,3784.5,3701.4,0.0,0.0,33.0,0.0,5.0,0.0,0.0,107.7
808,110227,11,1,4,9344.8,10277.2,8810.6,9696.7,46.3,80.2,947.3,857.7,546.2,2076.2,2877.9,2763.3,159.8,0.0,162.8,0.0,1061.2,1054.2,3012.4,2945.3,21.0,0.0,22.0,0.0,46.3,0.0,0.0,80.2
809,110228,11,1,4,3185.0,3368.3,2961.6,3148.5,21.4,19.9,447.7,441.2,256.0,149.0,1363.5,1312.8,78.2,538.3,80.0,0.0,241.5,240.1,476.7,467.1,14.0,0.0,4.0,0.0,21.4,0.0,0.0,19.9
810,110229,11,1,4,3669.0,3321.1,3436.9,3095.3,24.9,23.9,529.4,277.5,290.9,456.1,1558.2,1516.1,85.6,0.0,87.6,0.0,218.2,217.3,639.9,628.2,24.0,0.0,3.0,0.0,24.9,0.0,0.0,23.9
811,110230,11,1,4,4175.4,1870.0,3986.9,1704.3,34.9,12.5,749.3,3.9,417.5,0.0,2194.8,1390.8,117.1,0.0,119.6,0.0,88.0,87.4,226.6,222.2,68.0,0.0,6.0,0.0,34.9,0.0,0.0,12.5
812,110231,11,1,4,2935.1,3437.2,2776.4,3293.5,23.2,11.0,504.9,144.2,277.3,0.0,1487.6,1069.8,81.5,465.1,83.4,1284.2,116.3,115.9,218.3,214.1,2.0,0.0,5.0,0.0,23.2,0.0,0.0,11.0
813,110232,11,1,2,108.2,151.7,6.1,46.8,0.0,0.4,0.0,5.8,0.0,3.4,1.0,33.6,0.0,0.0,0.0,0.0,1.2,1.2,2.9,2.9,0.0,0.0,1.0,0.0,0.0,0.0,0.0,0.4
814,110233,11,1,3,2379.8,1068.6,2217.7,906.9,20.0,7.0,421.2,29.1,222.4,0.0,1244.9,715.1,78.7,0.0,80.5,0.0,48.0,47.7,117.1,115.1,1.0,0.0,4.0,0.0,20.0,0.0,0.0,7.0
815,110234,11,1,3,4385.1,1868.3,4165.2,1652.6,38.3,13.6,786.0,7.2,426.5,0.0,2319.9,1346.2,146.1,0.0,149.1,0.0,85.4,84.8,218.2,214.4,25.0,0.0,9.0,0.0,38.3,0.0,0.0,13.6
816,110235,11,1,2,152.3,393.9,29.4,267.9,0.1,2.4,2.7,88.2,1.7,0.0,9.8,166.6,0.5,0.0,0.5,0.0,11.9,11.8,1.4,1.3,0.0,0.0,1.0,0.0,0.1,0.0,0.0,2.4
817,110236,11,1,2,1095.8,735.8,958.8,597.5,7.9,4.7,170.6,49.7,89.0,36.1,498.4,378.3,31.6,0.0,32.5,0.0,38.1,37.9,96.6,95.5,0.0,0.0,2.0,0.0,7.9,0.0,0.0,4.7
818,110237,11,1,3,4501.1,1820.8,4270.3,1598.1,38.0,12.7,762.0,28.6,414.6,0.0,2409.9,1295.9,194.7,0.0,198.5,0.0,79.9,79.7,196.5,194.0,7.0,0.0,7.0,0.0,38.0,0.0,0.0,12.7
819,110238,11,1,3,5858.2,3486.4,5587.3,3221.8,48.3,18.6,961.2,156.8,523.7,8.0,3045.4,1688.3,246.1,908.0,251.5,0.0,150.8,150.0,315.5,310.7,82.0,0.0,11.0,0.0,48.3,0.0,0.0,18.6
820,110239,11,1,2,255.7,295.7,141.6,174.7,0.4,1.8,6.2,26.3,3.6,20.0,19.9,20.6,1.3,0.0,1.3,0.0,34.6,34.5,74.6,73.3,0.0,0.0,0.0,0.0,0.4,0.0,0.0,1.8
821,110240,11,1,2,1235.5,1263.7,1077.0,1091.9,7.0,10.7,141.7,135.0,73.9,175.0,409.3,385.9,24.4,0.0,25.2,0.0,111.5,111.4,289.0,284.6,0.0,0.0,2.0,0.0,7.0,0.0,0.0,10.7
822,110241,11,1,3,1179.8,1006.0,1020.8,836.9,6.6,7.9,132.1,95.4,68.9,68.6,382.1,288.7,22.6,0.0,23.3,0.0,123.1,122.8,264.8,261.3,1.0,0.0,3.0,0.0,6.6,0.0,0.0,7.9
823,110242,11,1,4,1468.9,1230.1,1302.8,1066.9,9.4,9.6,192.5,144.4,100.6,98.1,560.6,453.4,34.2,0.0,35.3,0.0,114.3,114.0,260.4,256.9,1.0,0.0,4.0,0.0,9.4,0.0,0.0,9.6
824,110243,11,1,4,7529.2,14646.8,6906.5,13854.4,0.0,130.3,0.0,1539.9,0.0,3805.1,54.0,1784.2,0.0,0.0,0.0,0.0,1761.1,1754.1,5037.3,4971.1,0.0,0.0,54.0,0.0,0.0,0.0,0.0,130.3
825,110244,11,1,4,9537.0,10094.7,8937.1,9456.5,66.1,79.0,1300.6,1270.4,742.1,920.4,3878.8,4291.6,198.2,442.2,202.4,0.0,771.4,767.9,1790.6,1764.0,18.0,0.0,35.0,0.0,66.1,0.0,0.0,79.0
826,110245,11,1,4,8787.7,11959.1,8162.1,11331.1,62.6,62.7,1297.2,1526.1,743.5,263.1,3939.5,4872.5,219.5,0.0,223.7,3006.5,608.7,606.0,1074.0,1056.9,41.0,0.0,15.0,0.0,62.6,0.0,0.0,62.7
827,110246,11,1,4,8717.0,8616.1,8148.0,8045.7,54.5,54.1,1144.9,1161.9,650.5,675.9,3685.5,3685.4,273.8,481.8,279.3,0.0,643.8,640.5,1424.3,1400.1,30.0,0.0,16.0,0.0,54.5,0.0,0.0,54.1
828,110247,11,1,4,7646.4,2912.0,7358.3,2660.7,59.8,17.7,1300.3,7.2,734.8,0.0,4115.8,2165.3,302.9,0.0,308.8,0.0,138.5,138.4,355.3,349.7,87.0,0.0,15.0,0.0,59.8,0.0,0.0,17.7
829,110248,11,1,3,4105.6,1583.0,3912.9,1400.4,30.9,9.0,697.4,3.2,390.1,0.0,2196.1,1140.8,164.8,0.0,168.4,0.0,72.2,72.3,186.8,184.2,28.0,0.0,9.0,0.0,30.9,0.0,0.0,9.0
830,110249,11,1,4,11227.7,9898.9,10583.4,9233.5,72.8,82.4,1394.5,1136.4,785.9,1203.4,4487.1,3707.5,327.4,0.0,333.7,0.0,925.7,922.4,2295.1,2263.7,12.0,0.0,22.0,0.0,72.8,0.0,0.0,82.4
831,110250,11,1,4,7076.1,9710.3,6469.9,9057.9,32.7,76.0,639.5,1595.0,359.8,1176.8,2064.5,3243.2,153.4,0.0,156.4,0.0,946.9,943.1,2130.3,2099.9,5.0,0.0,14.0,0.0,32.7,0.0,0.0,76.0
832,110251,11,1,4,8240.9,9754.9,7595.8,9079.9,49.8,69.4,997.8,1882.7,572.7,849.5,3255.2,4130.4,248.8,7.3,253.6,0.0,722.4,719.5,1512.4,1490.5,10.0,0.0,23.0,0.0,49.8,0.0,0.0,69.4
833,110252,11,1,4,6768.7,12745.2,5905.3,11836.1,32.6,83.5,677.5,3971.5,401.5,559.8,2192.2,5045.6,164.6,0.0,168.0,0.0,917.6,913.9,1364.7,1345.3,8.0,0.0,11.0,0.0,32.6,0.0,0.0,83.5
834,110253,11,1,3,3873.0,2371.9,3684.5,2177.1,30.7,10.8,653.3,76.1,361.6,0.0,2041.1,1148.0,147.4,646.3,150.8,0.0,98.6,98.1,211.7,208.6,5.0,0.0,15.0,0.0,30.7,0.0,0.0,10.8
835,110254,11,1,3,7204.8,3368.8,6923.5,3078.1,53.4,15.1,1141.4,106.7,655.3,2.3,3843.5,1757.7,362.7,767.5,370.5,0.0,137.6,137.4,310.5,306.4,67.0,0.0,35.0,0.0,53.4,0.0,0.0,15.1
836,110255,11,1,4,6386.9,8236.3,5840.3,7636.6,20.2,68.0,395.8,999.6,230.0,1223.9,1244.0,1640.5,70.9,0.0,72.7,0.0,1145.5,1141.2,2666.4,2631.5,2.0,0.0,13.0,0.0,20.2,0.0,0.0,68.0
837,110256,11,1,4,6456.0,10385.4,5940.7,9801.3,24.3,85.1,511.6,1182.6,283.3,2029.5,1450.7,3094.3,65.3,0.0,66.9,0.0,924.2,921.0,2608.7,2573.9,12.0,0.0,18.0,0.0,24.3,0.0,0.0,85.1
838,110257,11,1,4,5113.0,4684.5,4852.7,4415.7,39.4,26.8,841.0,467.6,468.2,102.0,2443.3,2104.0,121.0,0.0,123.5,933.5,276.4,275.5,540.3,533.0,12.0,0.0,27.0,0.0,39.4,0.0,0.0,26.8
839,110258,11,1,3,2940.6,3997.8,2746.2,3796.9,23.2,12.0,527.9,148.6,280.7,0.0,1386.1,1120.1,60.3,0.0,61.6,2178.6,122.5,122.0,231.0,227.6,69.0,0.0,7.0,0.0,23.2,0.0,0.0,12.0
840,110259,11,1,4,5351.0,3319.1,5098.8,3081.5,43.2,18.5,888.8,174.0,489.0,32.8,2800.8,1692.8,204.7,723.0,209.2,0.0,146.2,145.8,317.1,313.0,35.0,0.0,8.0,0.0,43.2,0.0,0.0,18.5
841,110260,11,1,3,4231.2,2921.8,4013.3,2710.1,34.0,14.4,701.3,107.7,393.4,49.3,2174.9,1267.9,156.3,864.0,159.9,27.4,121.6,121.1,276.8,272.6,25.0,0.0,4.0,0.0,34.0,0.0,0.0,14.4
842,110261,11,1,3,5379.2,2255.8,5112.6,1992.9,41.3,12.9,976.7,36.1,497.7,0.0,2791.5,1595.1,180.3,0.0,184.1,0.0,104.6,104.3,260.7,257.4,106.0,0.0,11.0,0.0,41.3,0.0,0.0,12.9
843,110262,11,1,3,1812.8,769.3,1653.8,606.1,12.8,3.8,313.3,1.2,167.0,0.0,924.0,495.0,62.5,0.0,64.0,0.0,30.4,30.2,80.6,79.7,5.0,0.0,7.0,0.0,12.8,0.0,0.0,3.8
844,110263,11,1,4,5875.5,7220.9,5519.8,6839.2,38.0,51.8,753.6,594.2,420.1,774.4,2173.3,2267.6,104.1,0.0,106.3,1343.5,530.5,529.9,1345.0,1329.6,70.0,0.0,17.0,0.0,38.0,0.0,0.0,51.8
845,110264,11,1,4,2636.9,4552.3,2383.2,4274.1,12.5,39.9,252.1,933.8,141.3,686.6,709.2,1453.1,30.3,0.0,31.1,0.0,342.1,341.4,870.0,859.3,3.0,0.0,4.0,0.0,12.5,0.0,0.0,39.9
846,110265,11,1,4,5018.9,3503.8,4751.5,3242.0,36.8,27.8,766.2,210.0,411.7,471.9,2258.6,1559.1,136.2,0.0,139.1,0.0,258.5,258.1,752.0,742.9,25.0,0.0,4.0,0.0,36.8,0.0,0.0,27.8
847,110266,11,1,3,7423.8,4752.5,7068.6,4369.1,55.7,38.3,1072.7,387.2,609.8,473.7,3515.5,2356.5,290.3,0.0,296.4,0.0,317.7,317.2,845.1,834.6,93.0,0.0,28.0,0.0,55.7,0.0,0.0,38.3
848,110267,11,1,3,10460.5,4024.4,10079.3,3654.4,85.3,26.2,1835.8,10.3,1032.3,0.0,5642.4,2964.5,396.5,0.0,404.3,0.0,193.0,192.8,493.0,486.8,55.0,0.0,27.0,0.0,85.3,0.0,0.0,26.2
849,110268,11,1,3,2145.3,2667.9,1984.5,2503.3,15.8,6.7,350.5,101.3,197.2,0.0,1067.1,662.1,73.4,0.0,75.1,1524.6,76.4,76.4,140.7,138.9,1.0,0.0,3.0,0.0,15.8,0.0,0.0,6.7
850,110269,11,1,3,4160.9,2461.1,4005.4,2312.8,36.2,14.4,642.4,84.4,394.3,0.0,2235.3,1166.4,180.6,739.6,184.7,0.0,104.1,104.0,220.9,218.4,36.0,0.0,7.0,0.0,36.2,0.0,0.0,14.4
851,110270,11,1,3,2443.0,913.3,2325.0,795.4,20.9,7.0,388.3,6.3,228.7,0.0,1319.6,642.5,106.6,0.0,109.2,0.0,41.6,41.2,107.2,105.4,18.0,0.0,6.0,0.0,20.9,0.0,0.0,7.0
852,110271,11,1,3,6167.8,3684.8,5864.8,3379.8,48.8,18.4,1062.7,144.8,576.8,3.5,3222.7,1818.8,247.0,953.3,252.5,0.0,147.9,148.0,315.1,311.4,25.0,0.0,15.0,0.0,48.8,0.0,0.0,18.4
853,110272,11,1,2,3773.2,1502.0,3561.6,1306.6,27.7,8.0,676.6,2.6,365.1,0.0,1988.8,1060.3,135.6,0.0,138.2,0.0,68.5,68.7,176.7,175.0,1.0,0.0,11.0,0.0,27.7,0.0,0.0,8.0
854,110273,11,1,3,3114.0,1544.6,2952.9,1384.8,29.4,15.3,534.3,81.0,291.9,22.1,1610.4,1022.2,95.3,0.0,97.7,0.0,74.4,74.4,187.0,185.0,57.0,0.0,5.0,0.0,29.4,0.0,0.0,15.3
855,110274,11,1,4,4914.1,3928.2,4646.8,3640.3,33.1,36.5,624.0,324.0,343.9,501.9,1950.5,1441.9,124.9,0.0,127.7,0.0,389.2,389.7,993.5,982.8,78.0,0.0,15.0,0.0,33.1,0.0,0.0,36.5
856,110275,11,1,3,5667.2,3137.5,5365.6,2827.0,49.7,28.2,955.2,182.8,523.5,117.8,2876.9,1937.3,193.8,0.0,198.0,0.0,174.0,174.2,419.1,414.8,15.0,0.0,10.0,0.0,49.7,0.0,0.0,28.2
857,110276,11,1,3,8135.6,2940.5,7808.0,2615.9,66.0,20.3,1414.7,7.4,763.4,0.0,4371.3,2116.8,352.9,0.0,359.9,0.0,139.0,139.3,355.9,352.5,27.0,0.0,24.0,0.0,66.0,0.0,0.0,20.3
858,110277,11,1,2,5202.4,1755.3,4948.9,1528.2,37.2,9.6,864.7,10.0,471.0,0.0,2787.7,1228.2,257.6,0.0,262.7,0.0,82.7,82.8,208.5,207.3,3.0,0.0,11.0,0.0,37.2,0.0,0.0,9.6
859,110278,11,1,3,107.2,95.9,2.0,0.0,0.0,0.0,0.0,0.0,0.0,0.0,1.0,0.0,0.0,0.0,0.0,0.0,0.0,0.0,0.0,0.0,0.0,0.0,1.0,0.0,0.0,0.0,0.0,0.0
860,110279,11,1,2,1097.9,658.8,965.7,517.4,8.8,5.3,178.2,70.5,91.5,6.7,525.3,346.7,33.9,0.0,34.9,0.0,29.7,29.4,65.2,64.0,4.0,0.0,3.0,0.0,8.8,0.0,0.0,5.3
861,110280,11,1,2,142.6,267.3,27.3,139.6,0.1,1.5,2.5,68.6,1.9,0.0,9.9,61.6,0.3,0.0,0.3,0.0,8.5,8.4,0.9,0.9,0.0,0.0,3.0,0.0,0.1,0.0,0.0,1.5
862,110281,11,1,3,5199.1,4071.4,4887.2,3736.2,31.1,37.2,574.2,358.5,327.1,624.8,1956.3,1107.7,174.2,0.0,177.6,0.0,470.2,469.2,1192.6,1175.9,5.0,0.0,10.0,0.0,31.1,0.0,0.0,37.2
863,110282,11,1,3,4124.1,2981.2,3797.7,2638.1,27.1,25.0,501.0,440.7,273.4,185.9,1616.7,926.7,134.2,0.0,137.0,0.0,366.1,365.1,729.2,719.7,31.0,0.0,9.0,0.0,27.1,0.0,0.0,25.0
864,110283,11,1,4,4400.6,5062.4,4042.2,4689.4,30.4,34.7,604.2,1313.2,341.6,196.8,1863.7,1537.8,109.0,658.3,111.6,0.0,402.1,401.5,589.0,581.7,7.0,0.0,14.0,0.0,30.4,0.0,0.0,34.7
865,110284,11,1,4,4860.6,10538.7,4244.5,9840.5,12.6,87.2,270.0,2165.0,148.6,1383.7,693.4,3154.9,28.6,0.0,29.5,114.9,918.3,915.5,2134.1,2106.4,4.0,0.0,18.0,0.0,12.6,0.0,0.0,87.2
866,110285,11,1,3,7072.4,4589.3,6674.0,4181.9,58.2,35.2,1153.0,667.5,608.1,20.7,3632.5,2115.5,278.1,755.0,284.1,0.0,248.9,248.7,380.3,374.4,73.0,0.0,16.0,0.0,58.2,0.0,0.0,35.2
867,110286,11,1,3,2561.8,6022.2,2014.2,5402.1,0.4,59.0,5.3,1525.3,3.5,658.4,29.2,1275.4,2.4,0.0,2.3,0.0,673.8,673.1,1289.7,1269.9,0.0,0.0,8.0,0.0,0.4,0.0,0.0,59.0
868,110287,11,1,3,11344.0,5943.1,10834.0,5412.1,92.4,52.7,1679.6,625.1,944.1,156.4,5812.2,3457.4,558.0,0.0,569.2,0.0,391.1,391.7,791.7,781.5,43.0,0.0,45.0,0.0,92.4,0.0,0.0,52.7
869,110288,11,1,3,826.5,1573.0,610.7,1338.0,1.2,12.6,22.5,490.0,12.5,125.3,73.3,236.0,5.4,0.0,5.7,0.0,188.7,188.6,301.6,298.2,0.0,0.0,1.0,0.0,1.2,0.0,0.0,12.6
870,110289,11,1,3,4203.8,2395.0,3959.8,2130.9,35.5,22.5,647.6,235.5,356.9,127.5,2089.3,1279.3,170.8,0.0,174.3,0.0,150.0,149.7,342.9,338.9,8.0,0.0,20.0,0.0,35.5,0.0,0.0,22.5
871,110290,11,1,4,4499.2,3174.7,4214.6,2886.1,33.2,28.0,642.0,296.7,341.0,263.8,1939.9,1352.8,137.8,0.0,140.5,0.0,296.4,296.4,683.9,676.3,16.0,0.0,17.0,0.0,33.2,0.0,0.0,28.0
872,110291,11,1,4,5855.2,12319.8,5474.8,11809.0,6.3,96.2,129.9,1040.6,71.5,2692.4,373.7,1075.4,12.3,0.0,12.8,2226.8,1237.6,1235.7,3581.1,3538.1,6.0,0.0,50.0,0.0,6.3,0.0,0.0,96.2
873,110292,11,1,4,2985.1,1533.9,2844.0,1402.9,26.4,13.0,497.8,34.3,287.5,67.2,1546.5,982.3,90.1,0.0,92.0,0.0,87.5,87.5,234.6,231.5,3.0,0.0,5.0,0.0,26.4,0.0,0.0,13.0
874,110293,11,1,3,13056.8,5186.6,12605.0,4727.5,114.6,53.3,2232.9,72.2,1197.9,10.1,7117.5,3767.2,540.9,0.0,551.7,0.0,254.1,254.5,632.0,623.4,33.0,0.0,45.0,0.0,114.6,0.0,0.0,53.3
875,110294,11,1,3,41.5,37.6,0.0,0.0,0.0,0.0,0.0,0.0,0.0,0.0,0.0,0.0,0.0,0.0,0.0,0.0,0.0,0.0,0.0,0.0,0.0,0.0,0.0,0.0,0.0,0.0,0.0,0.0
876,110295,11,1,3,20794.0,19907.6,19568.6,18516.7,152.0,221.3,2834.4,3131.1,1530.9,1639.9,9082.2,7825.7,699.9,1358.8,714.3,0.0,1484.7,1487.7,3126.3,3073.5,27.0,0.0,69.0,0.0,152.0,0.0,0.0,221.3
877,110296,11,1,4,3046.5,8843.6,2337.9,8033.9,0.0,91.8,0.0,2628.2,0.0,1332.3,11.0,1776.6,0.0,0.0,0.0,0.0,792.4,794.2,1523.5,1502.7,0.0,0.0,11.0,0.0,0.0,0.0,0.0,91.8
878,110297,11,1,4,796.8,3856.2,278.0,3299.9,0.0,32.7,0.0,1629.8,0.0,7.9,3.0,1390.2,0.0,0.0,0.0,0.0,246.7,247.2,25.3,24.8,0.0,0.0,3.0,0.0,0.0,0.0,0.0,32.7
879,110298,11,1,4,2041.7,3701.5,1695.1,3318.2,11.0,33.5,209.8,1321.4,128.3,211.3,617.4,1109.8,23.9,0.0,24.8,0.0,312.0,312.5,366.9,363.3,0.0,0.0,12.0,0.0,11.0,0.0,0.0,33.5
880,110299,11,1,4,6225.7,6989.4,5824.9,6517.0,36.4,71.5,682.2,774.4,412.8,968.8,2006.7,2292.7,81.7,22.2,83.6,0.0,708.3,708.9,1769.5,1750.0,46.0,0.0,34.0,0.0,36.4,0.0,0.0,71.5
881,110300,11,1,4,1741.8,6578.9,1160.7,5907.9,0.0,76.0,0.0,2101.8,0.0,519.4,10.0,2151.2,0.0,0.0,0.0,0.0,495.7,497.9,645.0,637.6,0.0,0.0,10.0,0.0,0.0,0.0,0.0,76.0
882,110301,11,1,4,322.4,1634.6,134.6,1427.2,0.0,16.1,0.0,654.2,0.0,11.0,6.0,639.6,0.0,0.0,0.0,0.0,104.1,104.4,18.5,18.0,0.0,0.0,6.0,0.0,0.0,0.0,0.0,16.1
883,110302,11,1,4,7539.8,3845.9,7166.2,3485.9,68.2,40.3,1230.4,233.0,656.1,198.5,3802.9,2203.7,301.1,0.0,307.3,0.0,243.1,244.3,611.2,606.5,7.0,0.0,7.0,0.0,68.2,0.0,0.0,40.3
884,110303,11,1,3,5854.2,3964.7,5590.7,3699.0,55.4,31.1,1021.2,227.1,554.9,48.6,3045.8,1958.8,179.4,891.1,183.5,0.0,177.6,178.3,398.4,395.0,18.0,0.0,12.0,0.0,55.4,0.0,0.0,31.1
885,110304,11,1,3,2617.5,2524.8,2439.6,2338.8,22.6,21.1,404.8,192.2,216.5,128.9,1210.3,1059.2,72.8,538.1,74.6,0.0,128.6,128.6,295.0,291.8,34.0,0.0,3.0,0.0,22.6,0.0,0.0,21.1
886,110305,11,1,3,4285.8,1732.2,4059.7,1495.4,40.8,16.5,763.5,7.9,412.4,0.0,2249.9,1206.8,149.0,0.0,152.5,0.0,79.0,79.3,203.3,201.4,36.0,0.0,14.0,0.0,40.8,0.0,0.0,16.5
887,110306,11,1,3,3884.8,1497.4,3658.0,1251.4,32.6,11.8,669.4,2.6,346.9,0.0,1906.1,1013.5,126.0,0.0,128.7,0.0,66.0,66.2,170.8,169.2,227.0,0.0,17.0,0.0,32.6,0.0,0.0,11.8
888,110307,11,1,3,655.1,3662.1,491.3,3469.8,0.0,26.0,0.0,682.7,0.0,195.0,4.0,631.9,0.0,1108.7,0.0,369.4,184.9,186.0,298.4,296.1,0.0,0.0,4.0,0.0,0.0,0.0,0.0,26.0
889,110308,11,1,3,174.0,782.0,52.7,647.8,0.0,10.1,0.0,324.6,0.0,0.0,2.0,274.3,0.0,0.0,0.0,0.0,46.2,46.5,2.5,2.4,0.0,0.0,2.0,0.0,0.0,0.0,0.0,10.1
890,110309,11,1,3,655.6,2333.4,434.6,2061.3,0.0,31.6,0.0,1004.3,0.0,205.0,17.0,452.0,0.0,0.0,0.0,0.0,198.2,199.0,202.5,200.9,0.0,0.0,17.0,0.0,0.0,0.0,0.0,31.6
891,110310,11,1,3,5062.6,3821.1,4792.1,3517.9,46.6,51.4,808.3,305.1,466.0,263.1,2324.5,2022.1,103.6,0.0,106.1,0.0,274.8,276.4,654.8,651.1,36.0,0.0,18.0,0.0,46.6,0.0,0.0,51.4
892,110311,11,1,3,6707.8,3039.5,6423.7,2718.8,66.1,32.8,1237.7,71.8,673.8,0.0,3540.2,2157.4,193.7,0.0,197.6,0.0,141.0,142.0,349.5,347.7,38.0,0.0,52.0,0.0,66.1,0.0,0.0,32.8
893,110312,11,1,3,1062.8,3132.7,805.8,2812.3,0.0,43.7,0.0,1248.1,0.0,302.4,20.0,494.5,0.0,0.0,0.0,0.0,318.1,320.9,447.7,446.4,0.0,0.0,20.0,0.0,0.0,0.0,0.0,43.7
894,110313,11,1,3,10769.9,4336.5,10358.4,3912.4,105.7,55.0,1921.2,49.9,1008.0,32.3,5748.5,3052.0,397.5,0.0,405.1,0.0,215.8,218.5,557.4,559.7,61.0,0.0,44.0,0.0,105.7,0.0,0.0,55.0
895,110314,11,1,3,2985.7,1348.6,2800.6,1152.5,26.5,12.0,517.1,34.2,265.1,6.7,1552.7,907.7,109.1,0.0,111.4,0.0,58.7,59.0,145.3,144.9,27.0,0.0,14.0,0.0,26.5,0.0,0.0,12.0
896,110315,11,1,3,3495.4,1354.9,3275.9,1149.7,26.7,8.9,566.1,36.0,316.2,0.0,1846.0,925.6,171.4,0.0,174.7,0.0,54.7,55.2,133.7,133.0,4.0,0.0,9.0,0.0,26.7,0.0,0.0,8.9
897,110316,11,1,2,41.5,42.2,0.0,0.0,0.0,0.0,0.0,0.0,0.0,0.0,0.0,0.0,0.0,0.0,0.0,0.0,0.0,0.0,0.0,0.0,0.0,0.0,0.0,0.0,0.0,0.0,0.0,0.0
898,110317,11,1,1,103.9,99.6,2.0,0.0,0.0,0.0,0.0,0.0,0.0,0.0,1.0,0.0,0.0,0.0,0.0,0.0,0.0,0.0,0.0,0.0,0.0,0.0,1.0,0.0,0.0,0.0,0.0,0.0
899,110318,11,1,2,150.2,137.2,12.0,0.0,0.0,0.0,0.0,0.0,0.0,0.0,6.0,0.0,0.0,0.0,0.0,0.0,0.0,0.0,0.0,0.0,0.0,0.0,6.0,0.0,0.0,0.0,0.0,0.0
900,110319,11,1,2,143.9,127.2,9.1,13.7,0.0,0.0,0.0,4.5,0.0,0.0,3.0,6.0,0.0,0.0,0.0,0.0,1.3,1.3,1.8,1.8,0.0,0.0,3.0,0.0,0.0,0.0,0.0,0.0
901,110320,11,1,2,136.9,125.5,0.0,0.0,0.0,0.0,0.0,0.0,0.0,0.0,0.0,0.0,0.0,0.0,0.0,0.0,0.0,0.0,0.0,0.0,0.0,0.0,0.0,0.0,0.0,0.0,0.0,0.0
902,110321,11,1,2,107.0,92.8,0.0,0.0,0.0,0.0,0.0,0.0,0.0,0.0,0.0,0.0,0.0,0.0,0.0,0.0,0.0,0.0,0.0,0.0,0.0,0.0,0.0,0.0,0.0,0.0,0.0,0.0
903,110322,11,1,2,178.3,138.5,55.0,22.8,0.4,0.3,10.2,0.0,5.2,0.0,32.6,20.2,2.2,0.0,2.3,0.0,0.4,0.5,2.1,2.1,0.0,0.0,0.0,0.0,0.4,0.0,0.0,0.3
904,110323,11,1,3,253.2,128.6,149.7,58.6,0.6,0.1,27.4,1.0,14.6,0.0,87.1,50.5,6.1,0.0,6.2,0.0,1.4,1.5,5.8,5.6,0.0,0.0,1.0,0.0,0.6,0.0,0.0,0.1
905,110324,11,1,2,133.5,109.4,0.0,0.0,0.0,0.0,0.0,0.0,0.0,0.0,0.0,0.0,0.0,0.0,0.0,0.0,0.0,0.0,0.0,0.0,0.0,0.0,0.0,0.0,0.0,0.0,0.0,0.0
906,350001,35,1,2,72.2,36.2,68.0,0.0,0.0,0.0,0.0,0.0,0.0,0.0,34.0,0.0,0.0,0.0,0.0,0.0,0.0,0.0,0.0,0.0,0.0,0.0,34.0,0.0,0.0,0.0,0.0,0.0
907,350002,35,1,2,1021.5,3276.0,585.4,2775.4,0.0,71.2,0.0,1678.4,0.0,59.6,2.0,454.0,0.0,0.0,0.0,0.0,357.7,361.3,223.7,222.0,0.0,0.0,2.0,0.0,0.0,0.0,0.0,71.2
908,350003,35,1,2,290.6,851.5,172.2,724.3,0.0,11.9,0.0,451.9,0.0,10.9,0.0,89.2,0.0,0.0,0.0,0.0,102.0,103.2,70.2,69.2,0.0,0.0,0.0,0.0,0.0,0.0,0.0,11.9
909,350004,35,1,1,159.8,352.5,64.8,257.3,0.0,4.1,0.0,161.7,0.0,6.0,0.0,24.8,0.0,0.0,0.0,0.0,36.8,37.2,28.0,27.6,0.0,0.0,0.0,0.0,0.0,0.0,0.0,4.1
910,350005,35,1,1,74.7,74.4,0.0,0.0,0.0,0.0,0.0,0.0,0.0,0.0,0.0,0.0,0.0,0.0,0.0,0.0,0.0,0.0,0.0,0.0,0.0,0.0,0.0,0.0,0.0,0.0,0.0,0.0
911,350006,35,1,2,994.4,3030.1,585.3,2571.1,0.0,57.6,0.0,1632.4,0.0,27.9,1.0,329.6,0.0,0.0,0.0,0.0,360.2,362.1,223.1,219.0,0.0,0.0,1.0,0.0,0.0,0.0,0.0,57.6
912,350007,35,1,2,105.8,100.7,0.0,0.0,0.0,0.0,0.0,0.0,0.0,0.0,0.0,0.0,0.0,0.0,0.0,0.0,0.0,0.0,0.0,0.0,0.0,0.0,0.0,0.0,0.0,0.0,0.0,0.0
913,350008,35,1,1,113.1,115.7,0.0,0.0,0.0,0.0,0.0,0.0,0.0,0.0,0.0,0.0,0.0,0.0,0.0,0.0,0.0,0.0,0.0,0.0,0.0,0.0,0.0,0.0,0.0,0.0,0.0,0.0
914,350009,35,1,2,80.8,94.6,2.3,27.5,0.0,0.8,0.0,25.2,0.0,0.0,0.0,0.0,0.0,0.0,0.0,0.0,2.3,2.2,0.0,0.0,0.0,0.0,0.0,0.0,0.0,0.0,0.0,0.8
915,350010,35,1,1,112.9,115.0,0.0,0.0,0.0,0.0,0.0,0.0,0.0,0.0,0.0,0.0,0.0,0.0,0.0,0.0,0.0,0.0,0.0,0.0,0.0,0.0,0.0,0.0,0.0,0.0,0.0,0.0
916,350011,35,1,2,111.0,100.1,0.0,0.0,0.0,0.0,0.0,0.0,0.0,0.0,0.0,0.0,0.0,0.0,0.0,0.0,0.0,0.0,0.0,0.0,0.0,0.0,0.0,0.0,0.0,0.0,0.0,0.0
917,350012,35,1,3,112.7,107.1,0.0,0.0,0.0,0.0,0.0,0.0,0.0,0.0,0.0,0.0,0.0,0.0,0.0,0.0,0.0,0.0,0.0,0.0,0.0,0.0,0.0,0.0,0.0,0.0,0.0,0.0
918,350013,35,1,1,114.1,93.9,0.0,0.0,0.0,0.0,0.0,0.0,0.0,0.0,0.0,0.0,0.0,0.0,0.0,0.0,0.0,0.0,0.0,0.0,0.0,0.0,0.0,0.0,0.0,0.0,0.0,0.0
919,350014,35,1,1,113.8,104.1,0.0,0.0,0.0,0.0,0.0,0.0,0.0,0.0,0.0,0.0,0.0,0.0,0.0,0.0,0.0,0.0,0.0,0.0,0.0,0.0,0.0,0.0,0.0,0.0,0.0,0.0
920,350015,35,1,1,113.9,97.0,0.0,0.0,0.0,0.0,0.0,0.0,0.0,0.0,0.0,0.0,0.0,0.0,0.0,0.0,0.0,0.0,0.0,0.0,0.0,0.0,0.0,0.0,0.0,0.0,0.0,0.0
921,350016,35,1,1,114.0,96.5,0.0,0.0,0.0,0.0,0.0,0.0,0.0,0.0,0.0,0.0,0.0,0.0,0.0,0.0,0.0,0.0,0.0,0.0,0.0,0.0,0.0,0.0,0.0,0.0,0.0,0.0
922,350017,35,1,1,114.5,86.6,0.0,0.0,0.0,0.0,0.0,0.0,0.0,0.0,0.0,0.0,0.0,0.0,0.0,0.0,0.0,0.0,0.0,0.0,0.0,0.0,0.0,0.0,0.0,0.0,0.0,0.0
923,350018,35,1,1,114.5,103.4,0.0,0.0,0.0,0.0,0.0,0.0,0.0,0.0,0.0,0.0,0.0,0.0,0.0,0.0,0.0,0.0,0.0,0.0,0.0,0.0,0.0,0.0,0.0,0.0,0.0,0.0
924,350019,35,1,1,1220.9,1489.1,2.0,281.6,0.0,0.8,0.0,281.6,0.0,0.0,1.0,0.0,0.0,0.0,0.0,0.0,0.0,0.0,0.0,0.0,0.0,0.0,1.0,0.0,0.0,0.0,0.0,0.8
925,350020,35,1,1,836.3,2155.4,228.6,1555.2,0.0,7.2,0.0,1274.7,0.0,3.3,1.0,50.6,0.0,0.0,0.0,0.0,197.7,198.1,28.9,28.4,0.0,0.0,1.0,0.0,0.0,0.0,0.0,7.2
926,350021,35,1,1,3393.4,2210.3,3184.9,2011.0,19.6,9.5,556.7,270.3,301.0,61.9,1617.4,1186.6,101.4,0.0,103.2,0.0,173.0,173.0,326.0,319.2,2.0,0.0,4.0,0.0,19.6,0.0,0.0,9.5
927,350022,35,1,1,77.8,162.8,5.0,93.6,0.0,0.5,0.0,43.2,0.0,0.0,0.0,45.4,0.0,0.0,0.0,0.0,4.8,4.9,0.1,0.1,0.0,0.0,0.0,0.0,0.0,0.0,0.0,0.5
928,350023,35,1,1,69.1,95.9,4.0,39.1,0.0,0.2,0.0,34.3,0.0,0.0,0.0,1.0,0.0,0.0,0.0,0.0,3.8,3.8,0.1,0.1,0.0,0.0,0.0,0.0,0.0,0.0,0.0,0.2
929,350024,35,1,1,115.8,171.0,6.3,58.6,0.0,0.3,0.0,52.4,0.0,0.0,0.0,0.0,0.0,0.0,0.0,0.0,6.3,6.3,0.0,0.0,0.0,0.0,0.0,0.0,0.0,0.0,0.0,0.3
930,350025,35,1,1,719.8,2133.9,394.8,1807.0,0.0,7.2,0.0,1166.7,0.0,22.3,1.0,228.2,0.0,0.0,0.0,0.0,248.5,247.8,144.3,142.0,0.0,0.0,1.0,0.0,0.0,0.0,0.0,7.2
931,350026,35,1,2,309.5,862.0,82.9,639.0,0.0,2.7,0.0,556.2,0.0,0.0,0.0,0.0,0.0,0.0,0.0,0.0,82.9,82.8,0.0,0.0,0.0,0.0,0.0,0.0,0.0,0.0,0.0,2.7
932,350027,35,1,2,116.6,109.7,0.0,0.1,0.0,0.0,0.0,0.1,0.0,0.0,0.0,0.0,0.0,0.0,0.0,0.0,0.0,0.0,0.0,0.0,0.0,0.0,0.0,0.0,0.0,0.0,0.0,0.0
933,350028,35,1,2,2489.7,1153.4,2326.4,993.5,15.1,3.1,460.6,3.0,220.9,0.0,1292.5,836.5,93.5,0.0,95.6,0.0,43.2,43.1,113.1,110.9,1.0,0.0,6.0,0.0,15.1,0.0,0.0,3.1
934,350029,35,1,2,1857.7,873.3,1708.1,745.7,9.1,1.9,342.4,1.8,170.4,0.0,941.8,628.1,65.6,0.0,67.2,0.0,32.3,32.1,85.2,83.7,0.0,0.0,3.0,0.0,9.1,0.0,0.0,1.9
935,350030,35,1,2,117.6,92.8,0.0,0.0,0.0,0.0,0.0,0.0,0.0,0.0,0.0,0.0,0.0,0.0,0.0,0.0,0.0,0.0,0.0,0.0,0.0,0.0,0.0,0.0,0.0,0.0,0.0,0.0
936,350031,35,1,2,994.1,461.0,858.8,325.6,4.4,0.8,164.4,1.4,87.5,0.0,478.2,276.5,37.9,0.0,39.0,0.0,12.6,12.6,36.1,35.1,0.0,0.0,3.0,0.0,4.4,0.0,0.0,0.8
937,350032,35,1,3,108.1,104.5,0.0,0.0,0.0,0.0,0.0,0.0,0.0,0.0,0.0,0.0,0.0,0.0,0.0,0.0,0.0,0.0,0.0,0.0,0.0,0.0,0.0,0.0,0.0,0.0,0.0,0.0
938,350033,35,1,2,675.1,318.1,545.8,200.6,2.4,0.4,101.8,0.2,53.2,0.0,301.4,171.8,25.8,0.0,26.4,0.0,7.3,7.1,21.9,21.5,7.0,0.0,1.0,0.0,2.4,0.0,0.0,0.4
939,350034,35,1,2,1346.4,3506.6,993.0,3124.8,4.7,33.1,95.1,854.3,50.0,165.4,275.0,1568.8,15.1,0.0,15.6,0.0,207.4,209.7,326.8,326.6,0.0,0.0,8.0,0.0,4.7,0.0,0.0,33.1
940,350035,35,1,2,252.0,907.6,155.4,797.5,0.0,6.8,0.0,191.3,0.0,53.6,14.0,424.1,0.0,0.0,0.0,0.0,50.3,50.9,77.1,77.4,0.0,0.0,14.0,0.0,0.0,0.0,0.0,6.8
941,350036,35,1,3,2520.3,2360.1,2411.1,2209.4,23.8,18.0,425.5,181.2,222.2,0.0,1244.3,870.4,70.6,0.0,72.2,826.0,120.8,122.5,208.5,209.4,4.0,0.0,43.0,0.0,23.8,0.0,0.0,18.0
942,350037,35,1,2,1421.3,4400.2,1093.0,3993.9,0.0,83.0,0.0,1777.6,0.0,0.7,4.0,1149.4,0.0,0.0,0.0,0.0,555.5,558.4,529.5,507.8,0.0,0.0,4.0,0.0,0.0,0.0,0.0,83.0
943,350038,35,1,2,45.6,55.8,6.9,23.2,0.0,0.6,0.0,15.0,0.0,0.7,0.0,0.9,0.0,0.0,0.0,0.0,3.1,3.0,3.8,3.7,0.0,0.0,0.0,0.0,0.0,0.0,0.0,0.6
944,350039,35,1,3,976.2,3132.9,618.8,2730.7,0.0,38.1,0.0,737.1,0.0,253.0,6.0,1128.6,0.0,0.0,0.0,0.0,220.8,223.8,386.0,388.2,0.0,0.0,6.0,0.0,0.0,0.0,0.0,38.1
945,350040,35,1,2,547.8,1673.2,324.5,1417.0,0.0,18.1,0.0,500.4,0.0,115.6,14.0,501.6,0.0,0.0,0.0,0.0,126.9,128.6,169.6,170.8,0.0,0.0,14.0,0.0,0.0,0.0,0.0,18.1
946,350041,35,1,3,683.4,1875.8,370.8,1545.5,0.0,15.7,0.0,432.2,0.0,166.5,9.0,588.9,0.0,0.0,0.0,0.0,128.0,130.0,224.8,227.9,0.0,0.0,9.0,0.0,0.0,0.0,0.0,15.7
947,350042,35,1,3,4898.2,9958.0,6030.4,8285.4,0.0,65.7,0.0,2822.2,0.0,15.6,2744.0,4899.8,0.0,0.0,0.0,0.0,457.4,462.5,85.0,85.3,0.0,0.0,2744.0,0.0,0.0,0.0,0.0,65.7
948,350043,35,1,2,480.3,1629.6,277.5,1379.6,0.4,20.9,8.0,368.0,4.3,70.9,45.7,746.5,0.7,0.0,0.7,0.0,80.9,81.9,112.1,112.4,0.0,0.0,25.0,0.0,0.4,0.0,0.0,20.9
949,350044,35,1,3,815.0,1803.6,645.2,1615.4,2.8,17.9,53.2,383.3,28.2,206.7,139.4,614.2,4.5,0.0,4.9,0.0,121.2,123.2,283.7,288.0,5.0,0.0,5.0,0.0,2.8,0.0,0.0,17.9
950,350045,35,1,3,250.3,952.8,129.5,819.2,0.0,17.7,0.0,222.7,0.0,51.4,1.0,417.4,0.0,0.0,0.0,0.0,56.9,57.4,70.6,70.3,0.0,0.0,1.0,0.0,0.0,0.0,0.0,17.7
951,350046,35,1,3,17476.2,6272.9,16931.7,5735.1,178.7,87.4,2876.0,87.9,1611.2,56.4,9303.4,3981.8,860.1,481.5,877.1,0.0,317.7,323.2,796.2,804.3,240.0,0.0,50.0,0.0,178.7,0.0,0.0,87.4
952,350047,35,1,3,1687.6,951.5,1586.8,846.7,16.9,14.1,272.9,72.7,160.3,21.5,848.9,571.9,59.1,0.0,60.8,0.0,55.4,56.3,123.3,124.3,4.0,0.0,2.0,0.0,16.9,0.0,0.0,14.1
953,350048,35,1,3,320.6,1331.6,208.0,1205.5,0.0,11.6,0.0,236.3,0.0,28.5,0.0,296.8,0.0,432.6,0.0,0.0,88.4,90.0,119.6,121.2,0.0,0.0,0.0,0.0,0.0,0.0,0.0,11.6
954,350049,35,1,1,38.6,29.6,2.0,0.0,0.0,0.0,0.0,0.0,0.0,0.0,1.0,0.0,0.0,0.0,0.0,0.0,0.0,0.0,0.0,0.0,0.0,0.0,1.0,0.0,0.0,0.0,0.0,0.0
955,350050,35,1,2,66.2,141.0,20.5,97.8,0.0,2.6,0.0,74.7,0.0,0.7,1.0,4.2,0.0,0.0,0.0,0.0,13.0,12.9,5.5,5.3,0.0,0.0,1.0,0.0,0.0,0.0,0.0,2.6
956,350051,35,1,2,457.3,1541.9,196.4,1249.6,0.0,32.7,0.0,1017.9,0.0,3.2,1.0,32.2,0.0,0.0,0.0,0.0,167.3,169.4,27.2,26.9,0.0,0.0,1.0,0.0,0.0,0.0,0.0,32.7
957,350052,35,1,2,2568.9,9828.8,1240.3,8342.6,0.0,155.2,0.0,4684.2,0.0,269.6,3.0,2158.4,0.0,0.0,0.0,0.0,816.5,820.7,417.9,409.8,0.0,0.0,3.0,0.0,0.0,0.0,0.0,155.2
958,350053,35,1,3,5156.6,20104.3,1517.5,15936.2,0.0,381.2,0.0,7462.5,0.0,71.1,108.0,7090.9,0.0,0.0,0.0,0.0,1136.0,1147.2,165.5,164.5,0.0,0.0,108.0,0.0,0.0,0.0,0.0,381.2
959,350054,35,1,3,1640.9,5745.6,895.4,4820.8,0.0,89.3,0.0,2249.2,0.0,140.1,86.0,1697.8,0.0,0.0,0.0,0.0,428.1,435.2,295.3,298.4,0.0,0.0,86.0,0.0,0.0,0.0,0.0,89.3
960,350055,35,1,3,8429.0,6067.3,8054.0,5596.7,83.1,95.2,1300.4,387.2,700.1,439.8,3969.6,2399.8,299.1,857.7,305.3,123.9,384.2,391.4,984.2,996.9,42.0,0.0,69.0,0.0,83.1,0.0,0.0,95.2
961,350056,35,1,3,7670.9,4656.1,7356.0,4341.1,84.8,55.8,1332.3,219.6,757.4,6.9,3995.1,2279.1,267.1,551.3,272.7,572.6,227.2,231.7,472.2,480.0,21.0,0.0,11.0,0.0,84.8,0.0,0.0,55.8
962,350057,35,1,3,4726.4,2305.5,4509.2,2075.5,52.4,35.8,856.2,43.4,458.1,66.5,2408.1,1480.0,133.2,0.0,136.3,0.0,131.5,134.1,345.7,351.4,25.0,0.0,15.0,0.0,52.4,0.0,0.0,35.8
963,350058,35,1,3,2468.1,7663.2,1494.9,6573.3,2.0,95.7,34.2,2917.3,18.5,340.0,110.8,1983.3,3.2,0.0,3.4,0.0,601.5,614.4,702.3,718.1,0.0,0.0,21.0,0.0,2.0,0.0,0.0,95.7
964,350059,35,1,4,4995.2,2232.5,4731.6,1979.6,47.5,19.0,1025.9,7.2,494.9,0.0,2532.1,1574.2,124.1,0.0,126.4,0.0,108.9,111.4,279.3,286.8,13.0,0.0,27.0,0.0,47.5,0.0,0.0,19.0
965,350060,35,1,3,8789.5,67179.2,3266.5,95679.9,0.0,421.3,0.0,11508.1,0.0,259.9,8.0,46120.1,0.0,0.0,0.0,0.0,2144.5,2174.3,1106.0,1113.6,0.0,0.0,8.0,34504.0,0.0,0.0,0.0,421.3
966,350061,35,1,4,2300.6,1100.6,2196.7,993.8,23.6,18.3,368.5,55.4,207.0,52.3,1148.4,591.9,80.3,0.0,82.2,0.0,81.5,83.1,207.8,211.1,13.0,0.0,8.0,0.0,23.6,0.0,0.0,18.3
967,350062,35,1,3,3482.8,1837.8,3300.3,1610.2,37.0,30.9,613.2,139.3,316.9,24.5,1712.2,1037.8,99.5,0.0,102.0,0.0,129.3,132.0,272.2,276.5,17.0,0.0,38.0,0.0,37.0,0.0,0.0,30.9
968,350063,35,1,3,3418.2,2000.4,3248.4,1820.3,39.6,35.3,650.5,26.3,381.4,33.8,1659.5,1304.6,48.7,0.0,50.0,0.0,127.2,129.5,320.2,326.1,6.0,0.0,5.0,0.0,39.6,0.0,0.0,35.3
969,350064,35,1,3,4489.2,2227.2,4271.4,1994.5,50.6,27.3,781.5,68.2,415.4,0.0,2341.5,1106.9,192.5,493.7,196.8,0.0,99.9,102.0,219.9,223.8,4.0,0.0,20.0,0.0,50.6,0.0,0.0,27.3
970,350065,35,1,4,2885.9,2861.9,2707.2,2637.1,28.9,49.6,439.2,40.6,264.0,43.2,1194.8,1935.5,72.7,0.0,74.4,0.0,171.5,175.4,432.6,442.4,39.0,0.0,19.0,0.0,28.9,0.0,0.0,49.6
971,350066,35,1,4,3738.3,2641.3,3524.3,2415.9,39.6,38.5,714.1,144.2,366.3,82.9,1752.2,1641.0,62.3,0.0,63.7,0.0,154.2,158.0,379.4,389.8,19.0,0.0,13.0,0.0,39.6,0.0,0.0,38.5
972,350067,35,1,4,2364.5,3042.1,2089.6,2734.9,17.4,39.4,313.3,732.6,165.1,182.4,795.5,1066.4,27.8,0.0,28.6,0.0,257.8,263.6,478.4,489.9,12.0,0.0,11.0,0.0,17.4,0.0,0.0,39.4
973,350068,35,1,4,5722.6,2697.2,5479.4,2467.1,62.5,33.6,1125.9,7.6,610.6,0.0,2951.5,1943.8,114.9,0.0,117.5,0.0,140.4,144.4,359.6,371.3,48.0,0.0,11.0,0.0,62.5,0.0,0.0,33.6
974,350069,35,1,4,8168.4,4955.7,7752.1,4537.6,79.9,44.7,1647.0,250.4,827.8,56.0,4012.9,2859.0,166.3,494.6,169.9,0.0,259.9,266.7,594.2,610.9,37.0,0.0,37.0,0.0,79.9,0.0,0.0,44.7
975,350070,35,1,2,181.9,583.6,71.5,462.3,0.0,12.4,0.0,381.1,0.0,0.8,1.0,10.3,0.0,0.0,0.0,0.0,61.1,62.0,8.4,8.2,0.0,0.0,1.0,0.0,0.0,0.0,0.0,12.4
976,350071,35,1,2,322.9,1035.8,229.9,922.7,0.0,24.4,0.0,242.6,0.0,100.2,1.0,351.4,0.0,0.0,0.0,0.0,80.3,81.0,147.6,147.4,0.0,0.0,1.0,0.0,0.0,0.0,0.0,24.4
977,350072,35,1,3,2823.9,9462.2,1465.4,7833.2,0.0,206.4,0.0,5203.1,0.0,573.2,40.0,666.6,0.0,0.0,0.0,0.0,887.5,896.8,497.9,493.6,0.0,0.0,40.0,0.0,0.0,0.0,0.0,206.4
978,350073,35,1,3,16649.4,47927.7,13185.0,42084.0,0.0,1117.1,0.0,12592.3,0.0,4359.3,1215.0,14395.8,0.0,0.0,0.0,0.0,4051.9,4096.4,6703.1,6640.2,0.0,0.0,1215.0,0.0,0.0,0.0,0.0,1117.1
979,350074,35,1,4,3415.9,11503.4,2431.5,9769.4,0.0,198.0,0.0,6805.7,0.0,70.6,542.0,1525.2,0.0,0.0,0.0,0.0,927.8,943.3,419.6,424.5,0.0,0.0,542.0,0.0,0.0,0.0,0.0,198.0
980,350075,35,1,4,9795.3,4415.9,9414.8,4009.1,97.7,80.3,1404.3,279.6,831.3,195.7,4816.0,2096.4,446.1,0.0,454.7,0.0,433.5,441.7,981.9,995.6,5.0,0.0,42.0,0.0,97.7,0.0,0.0,80.3
981,350076,35,1,4,4684.8,4040.2,4414.5,3747.4,47.4,55.7,801.3,357.3,435.1,104.3,2153.6,1889.8,89.6,558.7,91.9,0.0,267.0,272.9,554.0,564.3,11.0,0.0,11.0,0.0,47.4,0.0,0.0,55.7
982,350077,35,1,3,3424.3,2444.0,3244.7,2232.6,33.0,45.3,503.4,83.0,267.0,432.0,1462.2,891.7,90.7,0.0,93.1,0.0,182.1,186.4,626.2,639.5,6.0,0.0,14.0,0.0,33.0,0.0,0.0,45.3
983,350078,35,1,4,2422.3,1045.1,2246.0,878.0,23.6,10.2,462.2,1.8,248.9,0.0,1170.1,698.2,48.8,0.0,50.0,0.0,48.3,49.5,125.7,128.5,81.0,0.0,11.0,0.0,23.6,0.0,0.0,10.2
984,350079,35,1,4,19209.3,18935.2,18225.2,17559.8,171.1,362.4,2847.1,3273.0,1493.0,436.5,7985.4,8288.2,377.1,594.2,384.5,0.0,1821.9,1859.6,3056.1,3108.1,69.0,0.0,191.0,0.0,171.1,0.0,0.0,362.4
985,350080,35,1,4,8147.1,9521.6,7602.5,8779.1,65.8,177.2,1160.0,1642.9,611.2,317.1,2906.8,4193.5,101.5,0.0,103.7,0.0,939.1,959.9,1633.3,1665.7,65.0,0.0,82.0,0.0,65.8,0.0,0.0,177.2
986,350081,35,1,4,3598.2,4175.2,3306.2,3814.6,28.1,71.3,475.4,673.7,250.9,238.5,1298.9,1736.9,56.2,0.0,57.5,0.0,381.4,390.7,755.8,774.7,4.0,0.0,26.0,0.0,28.1,0.0,0.0,71.3
987,350082,35,1,4,5057.0,2066.5,4834.0,1857.0,57.2,31.6,945.9,4.7,502.9,0.0,2663.4,1475.5,157.0,0.0,160.1,0.0,103.3,105.6,265.4,271.2,26.0,0.0,10.0,0.0,57.2,0.0,0.0,31.6
988,350083,35,1,4,5391.1,4673.9,5126.9,4303.0,42.2,78.6,708.6,338.8,371.8,567.9,2009.8,1602.7,93.5,0.0,95.6,0.0,486.6,498.6,1261.1,1295.1,30.0,0.0,70.0,0.0,42.2,0.0,0.0,78.6
989,350084,35,1,4,5231.1,1969.2,5043.8,1778.3,58.2,32.4,811.7,151.8,480.1,5.5,2827.0,1255.5,263.8,0.0,269.0,0.0,112.8,115.2,244.4,250.2,7.0,0.0,28.0,0.0,58.2,0.0,0.0,32.4
990,350085,35,1,4,3099.8,2937.8,2835.0,2639.4,27.4,45.4,498.4,418.9,252.3,110.9,1202.4,1385.1,40.6,0.0,41.7,0.0,231.6,237.7,473.0,486.8,78.0,0.0,17.0,0.0,27.4,0.0,0.0,45.4
991,350086,35,1,4,2995.5,2621.2,2652.9,2265.4,32.5,41.4,554.4,429.3,282.3,6.5,1338.2,1461.5,47.1,0.0,48.3,0.0,142.1,145.5,217.4,222.6,18.0,0.0,5.0,0.0,32.5,0.0,0.0,41.4
992,350087,35,1,4,8747.7,6996.7,8320.1,6431.4,89.9,109.7,1611.4,793.6,819.9,314.7,3961.2,3775.4,128.7,0.0,131.0,0.0,436.5,449.0,1065.4,1098.7,52.0,0.0,114.0,0.0,89.9,0.0,0.0,109.7
993,350088,35,1,4,2774.3,2077.4,2540.1,1841.3,29.7,29.5,531.9,273.2,277.6,5.4,1301.4,1229.8,44.3,0.0,45.6,0.0,118.4,121.2,205.9,211.7,13.0,0.0,2.0,0.0,29.7,0.0,0.0,29.5
994,350089,35,1,4,3431.6,7657.5,3151.9,7331.9,26.5,57.0,475.5,632.9,242.9,143.0,1165.9,1626.6,40.9,0.0,42.1,3787.9,393.9,404.6,715.7,736.9,57.0,0.0,18.0,0.0,26.5,0.0,0.0,57.0
995,350090,35,1,5,7426.9,4593.8,7140.0,4264.5,76.9,57.3,1424.9,123.2,828.9,43.1,3588.2,3113.0,90.4,0.0,92.1,0.0,279.5,287.3,676.0,697.9,104.0,0.0,56.0,0.0,76.9,0.0,0.0,57.3
996,350091,35,1,4,4745.7,3878.2,4482.5,3602.2,50.2,48.9,891.5,227.1,471.2,88.3,2239.0,2051.6,77.0,521.0,79.0,0.0,210.0,215.8,483.8,498.4,17.0,0.0,14.0,0.0,50.2,0.0,0.0,48.9
997,350092,35,1,4,3551.2,2220.2,3376.4,2043.4,38.4,30.1,709.3,46.5,377.6,15.5,1702.3,1549.3,54.0,0.0,55.4,0.0,119.9,123.2,299.7,308.9,49.0,0.0,9.0,0.0,38.4,0.0,0.0,30.1
998,350093,35,1,5,3867.3,2955.1,3625.8,2697.7,37.9,36.0,737.3,256.1,385.9,41.7,1740.8,1794.7,52.4,0.0,53.9,0.0,188.3,193.6,398.2,411.6,51.0,0.0,18.0,0.0,37.9,0.0,0.0,36.0
999,350094,35,1,4,2187.4,5944.9,1829.6,5504.6,0.0,70.9,0.0,1509.9,0.0,426.2,13.0,1710.1,0.0,0.0,0.0,0.0,671.5,690.1,1132.1,1168.3,0.0,0.0,13.0,0.0,0.0,0.0,0.0,70.9
1000,350095,35,1,4,6231.7,13716.1,5008.8,12342.3,25.5,151.3,483.2,4616.9,252.8,430.3,1261.4,4323.9,53.6,0.0,54.9,0.0,1185.0,1219.2,1697.8,1751.9,4.0,0.0,16.0,0.0,25.5,0.0,0.0,151.3
1001,350096,35,1,4,4527.5,3421.7,4289.7,3164.2,40.8,44.8,761.1,116.1,389.0,394.2,1888.9,1576.6,69.5,0.0,71.1,0.0,261.5,269.1,782.7,808.2,53.0,0.0,13.0,0.0,40.8,0.0,0.0,44.8
1002,350097,35,1,4,3880.3,1824.2,3682.1,1635.2,40.8,20.8,775.4,4.0,409.3,0.0,1985.1,1290.4,78.8,0.0,80.6,0.0,92.5,95.1,238.3,245.6,15.0,0.0,7.0,0.0,40.8,0.0,0.0,20.8
1003,350098,35,1,4,4545.7,2551.8,4338.2,2346.3,47.8,32.2,907.4,13.1,480.3,17.8,2210.8,1814.1,72.9,0.0,74.6,0.0,135.1,138.8,352.2,362.6,98.0,0.0,7.0,0.0,47.8,0.0,0.0,32.2
1004,350099,35,1,3,3167.2,1597.0,2963.7,1394.8,33.5,19.5,648.6,10.5,318.4,2.7,1552.4,1090.1,59.8,0.0,61.4,0.0,79.5,81.6,203.6,209.8,36.0,0.0,4.0,0.0,33.5,0.0,0.0,19.5
1005,350100,35,1,3,481.3,300.1,344.1,154.0,3.6,2.3,71.6,0.1,34.7,0.0,162.1,123.5,5.4,0.0,5.5,0.0,7.7,7.8,22.1,22.6,32.0,0.0,3.0,0.0,3.6,0.0,0.0,2.3
1006,350101,35,1,4,6088.4,2654.8,5766.5,2346.8,55.7,32.3,990.6,181.6,523.2,99.6,2820.6,1500.8,225.1,0.0,229.5,0.0,162.2,166.1,390.3,398.7,410.0,0.0,15.0,0.0,55.7,0.0,0.0,32.3
1007,350102,35,1,4,14913.2,57663.7,9488.0,51602.0,0.0,553.2,0.0,26551.3,0.0,17.8,66.0,15499.5,0.0,0.0,0.0,0.0,4782.2,4884.8,4573.8,4648.7,0.0,0.0,66.0,0.0,0.0,0.0,0.0,553.2
1008,350103,35,1,2,38.2,37.9,2.1,3.5,0.0,0.2,0.0,1.5,0.0,0.0,1.0,1.9,0.0,0.0,0.0,0.0,0.1,0.1,0.0,0.0,0.0,0.0,1.0,0.0,0.0,0.0,0.0,0.2
1009,350104,35,1,2,334.3,1399.4,172.1,1206.6,0.0,31.5,0.0,398.0,0.0,69.0,1.0,569.2,0.0,0.0,0.0,0.0,76.5,77.3,93.7,93.1,0.0,0.0,1.0,0.0,0.0,0.0,0.0,31.5
1010,350105,35,1,3,999.9,3688.1,521.0,3119.8,0.0,81.1,0.0,1396.3,0.0,186.1,4.0,1022.3,0.0,0.0,0.0,0.0,284.8,288.0,228.2,226.9,0.0,0.0,4.0,0.0,0.0,0.0,0.0,81.1
1011,350106,35,1,3,2141.8,8110.4,1076.3,6839.9,0.0,171.9,0.0,2510.2,0.0,403.4,29.0,2905.9,0.0,0.0,0.0,0.0,501.5,506.8,516.8,513.7,0.0,0.0,29.0,0.0,0.0,0.0,0.0,171.9
1012,350107,35,1,3,421.1,1566.5,218.0,1306.3,0.0,28.3,0.0,411.5,0.0,77.3,31.0,660.6,0.0,0.0,0.0,0.0,76.2,77.1,79.8,79.9,0.0,0.0,31.0,0.0,0.0,0.0,0.0,28.3
1013,350108,35,1,3,87.3,57.0,62.0,0.0,0.0,0.0,0.0,0.0,0.0,0.0,31.0,0.0,0.0,0.0,0.0,0.0,0.0,0.0,0.0,0.0,0.0,0.0,31.0,0.0,0.0,0.0,0.0,0.0
1014,350109,35,1,3,123.9,56.9,134.0,0.0,0.0,0.0,0.0,0.0,0.0,0.0,67.0,0.0,0.0,0.0,0.0,0.0,0.0,0.0,0.0,0.0,0.0,0.0,67.0,0.0,0.0,0.0,0.0,0.0
1015,350110,35,1,4,350.3,99.5,580.4,43.1,0.0,1.0,0.0,4.7,0.0,0.0,290.0,38.1,0.0,0.0,0.0,0.0,0.4,0.4,0.0,0.0,0.0,0.0,290.0,0.0,0.0,0.0,0.0,1.0
1016,350111,35,1,4,10633.3,6450.9,10425.5,5900.5,111.1,133.0,1850.6,494.5,984.3,213.0,5312.2,3695.0,223.5,0.0,228.1,0.0,441.3,450.4,1029.5,1047.6,40.0,0.0,316.0,0.0,111.1,0.0,0.0,133.0
1017,350112,35,1,4,1315.8,4592.7,896.4,4024.5,0.0,84.2,0.0,1095.0,0.0,255.1,68.0,1897.7,0.0,0.0,0.0,0.0,292.9,299.5,467.6,477.2,0.0,0.0,68.0,0.0,0.0,0.0,0.0,84.2
1018,350113,35,1,4,174.0,511.5,100.3,429.8,0.3,7.2,3.8,185.2,2.2,21.1,13.5,144.2,0.5,0.0,0.5,0.0,39.1,39.9,38.7,39.4,0.0,0.0,2.0,0.0,0.3,0.0,0.0,7.2
1019,350114,35,1,4,2828.5,4685.1,2485.5,4277.4,17.4,73.5,269.6,1381.1,157.6,335.1,865.8,1480.0,63.8,0.0,65.4,0.0,353.2,362.5,699.0,718.6,2.0,0.0,9.0,0.0,17.4,0.0,0.0,73.5
1020,350115,35,1,4,2476.6,1801.4,2297.8,1600.9,23.7,30.7,365.1,369.9,214.9,106.0,1152.9,726.2,77.4,0.0,79.3,0.0,136.4,139.6,252.9,259.1,4.0,0.0,15.0,0.0,23.7,0.0,0.0,30.7
1021,350116,35,1,4,5496.0,2451.3,5264.1,2233.0,60.1,40.3,924.5,179.2,543.9,29.0,2907.7,1555.3,205.9,0.0,209.9,0.0,140.0,143.6,317.2,326.0,11.0,0.0,4.0,0.0,60.1,0.0,0.0,40.3
1022,350117,35,1,4,7181.8,4489.2,6864.3,4107.2,65.3,73.8,1005.0,402.5,580.7,289.7,3236.2,1885.9,236.3,0.0,241.0,0.0,449.6,461.1,1038.5,1067.9,23.0,0.0,54.0,0.0,65.3,0.0,0.0,73.8
1023,350118,35,1,4,451.7,1584.6,148.3,1248.3,0.0,23.4,0.0,652.2,0.0,12.4,11.0,453.8,0.0,0.0,0.0,0.0,101.7,104.7,24.7,25.2,0.0,0.0,11.0,0.0,0.0,0.0,0.0,23.4
1024,350119,35,1,4,831.8,2026.4,590.4,1746.1,0.2,30.8,2.1,562.1,1.4,120.2,16.7,487.0,0.3,0.0,0.2,0.0,209.9,215.7,349.8,361.0,0.0,0.0,10.0,0.0,0.2,0.0,0.0,30.8
1025,350120,35,1,4,3122.9,1842.2,2986.6,1685.9,35.3,30.9,618.1,9.1,326.4,0.0,1540.0,1333.0,49.1,0.0,50.2,0.0,93.9,96.4,239.9,247.4,46.0,0.0,23.0,0.0,35.3,0.0,0.0,30.9
1026,350121,35,1,5,6777.9,5760.5,6400.4,5343.7,66.5,82.6,1234.2,306.3,680.4,119.6,2868.0,3490.1,63.6,0.0,64.9,0.0,418.2,428.9,970.0,998.7,85.0,0.0,16.0,0.0,66.5,0.0,0.0,82.6
1027,350122,35,1,5,9121.9,17741.9,7754.3,16056.3,24.5,253.8,439.3,3385.8,242.2,1118.6,1101.8,5539.2,25.9,0.0,26.6,0.0,1906.5,1959.2,3930.1,4053.5,6.0,0.0,76.0,0.0,24.5,0.0,0.0,253.8
1028,350123,35,1,5,1063.3,4288.8,683.0,3816.2,0.0,62.1,0.0,698.3,0.0,188.6,30.0,2287.0,0.0,0.0,0.0,0.0,238.7,245.5,384.3,396.7,0.0,0.0,30.0,0.0,0.0,0.0,0.0,62.1
1029,350124,35,1,5,1433.7,4447.3,1299.8,4246.9,0.0,53.4,0.0,1236.2,0.0,631.0,18.0,609.4,0.0,0.0,0.0,0.0,297.6,305.8,966.3,997.4,0.0,467.0,18.0,0.0,0.0,0.0,0.0,53.4
1030,350125,35,1,5,1246.9,2718.7,1136.7,2464.7,0.0,38.7,0.0,429.5,0.0,266.0,108.0,818.6,0.0,0.0,0.0,0.0,294.5,303.1,626.2,647.4,0.0,0.0,108.0,0.0,0.0,0.0,0.0,38.7
1031,350126,35,1,5,66.0,33.2,62.0,0.0,0.0,0.0,0.0,0.0,0.0,0.0,31.0,0.0,0.0,0.0,0.0,0.0,0.0,0.0,0.0,0.0,0.0,0.0,31.0,0.0,0.0,0.0,0.0,0.0
1032,350127,35,1,5,1255.7,4347.2,936.6,3901.6,0.0,59.2,0.0,732.0,0.0,258.9,68.0,2083.8,0.0,0.0,0.0,0.0,282.8,291.3,517.8,535.6,0.0,0.0,68.0,0.0,0.0,0.0,0.0,59.2
1033,350128,35,1,5,1526.4,3777.1,1297.4,3459.8,0.0,49.7,0.0,785.7,0.0,354.1,41.0,1079.4,0.0,0.0,0.0,0.0,401.3,413.4,800.0,827.2,14.0,0.0,41.0,0.0,0.0,0.0,0.0,49.7
1034,350129,35,1,5,12259.0,23830.2,10782.8,21909.5,28.5,276.2,567.6,3327.7,289.5,3937.7,1532.9,6301.3,46.0,0.0,47.0,0.0,2166.1,2225.9,5927.8,6117.0,19.0,0.0,187.0,0.0,28.5,0.0,0.0,276.2
1035,350130,35,1,5,3064.0,29849.3,1782.0,28328.7,0.0,156.3,0.0,6028.9,0.0,0.0,77.0,20622.6,0.0,0.0,0.0,0.0,526.1,540.3,1101.9,1136.9,0.0,0.0,77.0,0.0,0.0,0.0,0.0,156.3
1036,350131,35,1,5,6037.0,14040.3,5361.9,13108.9,8.4,158.2,168.8,5168.7,86.3,1443.8,503.2,1888.8,11.4,0.0,11.9,0.0,1327.7,1364.5,3141.7,3243.1,3.0,0.0,108.0,0.0,8.4,0.0,0.0,158.2
1037,350132,35,1,5,2771.6,6489.8,2286.0,5901.6,8.4,87.9,157.1,1269.5,81.0,816.3,394.0,2163.2,11.1,0.0,11.7,0.0,457.3,471.3,1141.7,1181.3,7.0,0.0,25.0,0.0,8.4,0.0,0.0,87.9
1038,350133,35,1,5,5776.1,4178.0,5475.7,3866.1,58.9,53.1,1103.9,312.8,588.6,76.1,2737.1,2639.5,94.6,0.0,96.5,0.0,241.8,248.7,570.2,589.1,30.0,0.0,13.0,0.0,58.9,0.0,0.0,53.1
1039,350134,35,1,4,4057.7,3673.9,3834.1,3435.0,42.8,43.2,750.0,320.3,443.9,13.8,1852.9,1908.9,43.1,422.5,44.4,126.0,202.9,209.1,419.9,434.3,65.0,0.0,12.0,0.0,42.8,0.0,0.0,43.2
1040,350135,35,1,5,483.8,2116.8,271.1,1877.0,0.0,26.6,0.0,552.2,0.0,83.7,4.0,969.7,0.0,0.0,0.0,0.0,101.7,104.6,161.4,166.8,0.0,0.0,4.0,0.0,0.0,0.0,0.0,26.6
1041,350136,35,1,5,2217.3,2579.6,2007.2,2350.0,19.9,33.2,391.1,367.6,177.2,40.7,875.9,1450.3,29.9,0.0,30.9,0.0,162.3,166.9,314.0,324.4,20.0,0.0,6.0,0.0,19.9,0.0,0.0,33.2
1042,350137,35,1,4,3147.0,3584.4,2833.5,3231.2,29.1,50.8,493.0,687.8,289.2,89.0,1310.6,1857.7,40.6,0.0,41.8,0.0,206.5,212.9,370.9,383.7,65.0,0.0,16.0,0.0,29.1,0.0,0.0,50.8
1043,350138,35,1,4,5672.7,5913.3,5290.2,5476.7,46.2,75.1,835.3,737.8,436.6,289.0,2040.4,2212.2,69.0,338.7,70.8,61.4,563.5,581.0,1215.7,1256.6,39.0,0.0,20.0,0.0,46.2,0.0,0.0,75.1
1044,350139,35,1,4,4192.5,8782.6,3519.7,7990.9,21.4,125.6,368.8,2105.1,210.6,404.6,947.3,3496.3,26.7,0.0,27.6,0.0,710.4,732.3,1211.2,1252.6,7.0,0.0,10.0,0.0,21.4,0.0,0.0,125.6
1045,350140,35,1,4,4447.1,3405.0,4175.2,3118.8,46.1,46.9,855.0,309.7,445.2,59.1,2018.0,2081.2,63.2,0.0,64.9,0.0,199.7,205.6,449.2,463.2,71.0,0.0,9.0,0.0,46.1,0.0,0.0,46.9
1046,350141,35,1,4,3780.9,4114.4,3521.9,3821.2,34.9,52.7,613.5,624.9,343.5,157.9,1525.9,1655.9,42.3,0.0,43.6,499.9,280.6,288.8,575.4,593.7,83.0,0.0,14.0,0.0,34.9,0.0,0.0,52.7
1047,350142,35,1,4,4387.2,2620.7,4129.8,2360.4,43.7,35.1,816.2,147.8,412.0,57.7,2015.7,1455.2,77.8,0.0,79.7,0.0,206.2,211.9,474.2,487.7,40.0,0.0,8.0,0.0,43.7,0.0,0.0,35.1
1048,350143,35,1,4,5334.1,7869.3,4692.1,7136.7,38.2,112.0,663.2,2102.8,360.5,322.0,1772.5,2953.7,67.6,0.0,69.3,0.0,635.6,653.7,1072.3,1104.5,40.0,0.0,11.0,0.0,38.2,0.0,0.0,112.0
1049,350144,35,1,4,2987.8,2407.9,2786.6,2206.2,30.8,24.2,593.6,74.1,304.1,2.8,1380.4,1242.8,43.4,545.5,44.7,0.0,103.0,105.7,229.4,235.2,82.0,0.0,6.0,0.0,30.8,0.0,0.0,24.2
1050,350145,35,1,4,2781.3,1542.1,2671.4,1428.0,28.3,23.4,516.0,15.9,267.2,0.0,1255.6,1124.3,41.9,0.0,43.1,0.0,79.1,81.2,201.4,206.6,261.0,0.0,6.0,0.0,28.3,0.0,0.0,23.4
1051,350146,35,1,4,48007.9,141143.7,43658.6,135890.0,32.0,834.7,743.8,28686.6,348.5,755.8,1682.0,38870.6,52.5,0.0,53.5,0.0,16459.8,16819.4,20465.4,20834.6,3781.0,29923.0,72.0,0.0,32.0,0.0,0.0,834.7
1052,350147,35,1,4,4327.9,5994.2,3930.8,5481.4,0.0,71.5,0.0,1440.6,0.0,486.6,45.0,1955.9,0.0,0.0,0.0,0.0,553.5,566.0,1014.2,1032.3,2273.0,0.0,45.0,0.0,0.0,0.0,0.0,71.5
1053,350148,35,1,2,36.5,33.8,0.0,0.0,0.0,0.0,0.0,0.0,0.0,0.0,0.0,0.0,0.0,0.0,0.0,0.0,0.0,0.0,0.0,0.0,0.0,0.0,0.0,0.0,0.0,0.0,0.0,0.0
1054,350149,35,1,2,2188.3,8822.6,547.5,7010.8,0.0,152.4,0.0,3411.9,0.0,5.2,6.0,3053.0,0.0,0.0,0.0,0.0,490.9,496.4,44.6,44.3,0.0,0.0,6.0,0.0,0.0,0.0,0.0,152.4
1055,350150,35,1,2,1972.2,7390.6,810.3,6045.3,0.0,153.1,0.0,2396.6,0.0,292.5,21.0,2585.2,0.0,0.0,0.0,0.0,444.8,449.5,323.5,321.4,0.0,0.0,21.0,0.0,0.0,0.0,0.0,153.1
1056,350151,35,1,3,1295.6,4659.8,709.9,3924.0,0.0,78.0,0.0,1595.5,0.0,201.8,69.0,1546.9,0.0,0.0,0.0,0.0,309.8,315.3,262.1,264.5,0.0,0.0,69.0,0.0,0.0,0.0,0.0,78.0
1057,350152,35,1,3,684.1,2193.4,361.9,1803.7,0.0,35.7,0.0,747.5,0.0,107.0,29.0,639.8,0.0,0.0,0.0,0.0,151.1,154.2,152.7,155.2,0.0,0.0,29.0,0.0,0.0,0.0,0.0,35.7
1058,350153,35,1,3,890.9,2784.2,605.2,2420.1,0.0,59.4,0.0,743.9,0.0,234.3,16.0,857.4,0.0,0.0,0.0,0.0,209.6,214.0,363.6,370.5,0.0,0.0,16.0,0.0,0.0,0.0,0.0,59.4
1059,350154,35,1,3,914.5,3109.7,639.0,2665.3,0.4,59.3,5.8,1006.1,3.0,49.1,121.6,1199.8,0.8,0.0,0.8,0.0,198.6,203.1,203.2,207.2,0.0,0.0,105.0,0.0,0.4,0.0,0.0,59.3
1060,350155,35,1,4,3918.0,1766.1,3782.3,1611.6,46.4,38.2,727.6,5.3,386.4,0.0,2094.7,1283.6,109.9,0.0,112.4,0.0,88.8,90.6,227.6,232.2,12.0,0.0,23.0,0.0,46.4,0.0,0.0,38.2
1061,350156,35,1,3,4711.7,3305.5,4519.7,3058.2,50.3,58.0,756.7,297.0,415.0,90.0,2355.1,1486.3,156.6,587.7,160.1,0.0,186.4,190.8,397.6,406.3,52.0,0.0,40.0,0.0,50.3,0.0,0.0,58.0
1062,350157,35,1,4,2611.3,1178.8,2503.9,1065.7,28.5,22.2,442.8,25.1,245.3,28.0,1360.7,745.2,90.3,0.0,92.4,0.0,74.1,75.6,187.3,191.8,1.0,0.0,10.0,0.0,28.5,0.0,0.0,22.2
1063,350158,35,1,3,2919.8,1274.7,2788.2,1128.0,32.7,25.8,463.0,75.4,264.4,20.6,1509.7,748.0,122.6,0.0,125.4,0.0,84.8,86.7,192.3,197.2,10.0,0.0,16.0,0.0,32.7,0.0,0.0,25.8
1064,350159,35,1,4,2442.3,2080.0,2277.8,1899.7,26.4,29.0,446.8,177.8,222.5,0.0,1141.5,954.9,50.2,445.3,51.6,0.0,111.8,114.5,201.4,207.2,39.0,0.0,13.0,0.0,26.4,0.0,0.0,29.0
1065,350160,35,1,4,1756.5,1551.6,1589.0,1368.3,18.6,26.7,305.4,141.3,160.4,39.8,772.9,911.7,31.4,0.0,32.4,0.0,87.0,89.3,180.5,186.2,10.0,0.0,9.0,0.0,18.6,0.0,0.0,26.7
1066,350161,35,1,5,5764.0,7482.2,5211.5,6799.1,49.7,125.2,839.1,1210.7,442.6,412.3,2137.8,3601.9,84.3,0.0,85.9,0.0,488.1,502.0,1037.8,1072.1,46.0,0.0,50.0,0.0,49.7,0.0,0.0,125.2
1067,350162,35,1,5,3340.9,5212.0,2992.3,4755.6,6.6,79.6,121.1,726.9,56.4,484.8,316.5,1030.8,10.3,0.0,10.9,0.0,772.0,794.0,1665.2,1719.1,6.0,0.0,34.0,0.0,6.6,0.0,0.0,79.6
1068,350163,35,1,5,74.7,61.2,20.0,0.0,0.0,0.0,0.0,0.0,0.0,0.0,10.0,0.0,0.0,0.0,0.0,0.0,0.0,0.0,0.0,0.0,0.0,0.0,10.0,0.0,0.0,0.0,0.0,0.0
1069,350164,35,1,5,4855.3,5214.9,4463.9,4741.7,38.5,84.6,656.8,945.0,347.8,421.2,1672.4,1731.2,66.4,0.0,67.8,0.0,488.0,502.3,1104.7,1142.1,26.0,0.0,34.0,0.0,38.5,0.0,0.0,84.6
1070,350165,35,1,5,3516.7,5592.6,3187.0,5095.0,19.1,87.4,335.5,803.9,185.3,397.8,873.2,2190.7,17.0,0.0,17.7,0.0,521.2,536.0,1129.1,1166.6,11.0,0.0,97.0,0.0,19.1,0.0,0.0,87.4
1071,350166,35,1,5,2664.4,4122.1,2360.5,3729.3,17.6,68.6,303.7,592.9,153.3,311.9,770.8,1756.8,25.5,0.0,26.2,0.0,322.4,332.0,710.6,735.7,10.0,0.0,38.0,0.0,17.6,0.0,0.0,68.6
1072,350167,35,1,5,3787.3,4772.8,3488.5,4354.8,19.9,74.9,352.4,800.1,178.2,362.8,904.9,1205.3,26.4,0.0,27.2,0.0,609.3,627.3,1314.1,1359.2,12.0,0.0,64.0,0.0,19.9,0.0,0.0,74.9
1073,350168,35,1,5,2878.7,3213.2,2642.7,2940.0,27.2,48.4,485.4,440.9,268.3,62.1,1136.3,1731.5,24.8,0.0,25.5,0.0,223.7,230.1,459.7,475.2,5.0,0.0,14.0,0.0,27.2,0.0,0.0,48.4
1074,350169,35,1,5,1933.5,2791.3,1753.9,2505.3,4.1,43.4,71.7,370.0,36.4,254.3,243.7,530.9,5.7,0.0,6.0,0.0,417.6,430.6,887.8,919.4,15.0,0.0,70.0,0.0,4.1,0.0,0.0,43.4
1075,350170,35,1,5,4533.3,8179.2,3975.5,7407.7,2.5,122.3,45.3,1389.6,22.4,826.5,205.6,1471.1,4.2,0.0,4.5,0.0,1159.5,1194.6,2439.9,2526.0,0.0,0.0,94.0,0.0,2.5,0.0,0.0,122.3
1076,350171,35,1,5,3603.8,8825.6,3024.8,8095.3,0.0,114.4,0.0,2364.3,0.0,577.7,38.0,2112.1,0.0,0.0,0.0,0.0,1051.6,1081.3,1897.2,1960.0,0.0,0.0,38.0,0.0,0.0,0.0,0.0,114.4
1077,350172,35,1,5,5819.3,10561.8,5095.0,9567.1,20.8,128.5,389.9,2228.0,240.4,605.4,1109.0,3495.0,22.4,0.0,23.1,0.0,1041.0,1070.7,2099.0,2168.1,12.0,0.0,158.0,0.0,20.8,0.0,0.0,128.5
1078,350173,35,1,5,2077.8,4326.5,1748.7,3908.4,0.0,49.6,0.0,1049.9,0.0,325.2,44.0,820.5,0.0,0.0,0.0,0.0,542.5,557.6,1118.2,1155.2,0.0,0.0,44.0,0.0,0.0,0.0,0.0,49.6
1079,350174,35,1,5,6995.2,13692.8,6054.2,12528.9,4.9,176.1,87.9,3199.8,54.5,1216.5,261.0,2341.5,3.5,0.0,3.7,0.0,1826.4,1878.4,3767.2,3892.7,2.0,0.0,48.0,0.0,4.9,0.0,0.0,176.1
1080,350175,35,1,5,3313.1,10318.8,2472.1,9246.6,0.0,123.9,0.0,2472.4,0.0,444.6,105.0,3996.1,0.0,0.0,0.0,0.0,793.8,816.5,1468.4,1517.1,0.0,0.0,105.0,0.0,0.0,0.0,0.0,123.9
1081,350176,35,1,5,2696.4,7479.8,2107.1,6769.3,0.0,85.6,0.0,2134.2,0.0,431.6,38.0,2194.7,0.0,0.0,0.0,0.0,666.9,686.2,1280.2,1322.6,84.0,0.0,38.0,0.0,0.0,0.0,0.0,85.6
1082,350177,35,1,5,3522.6,10294.5,2864.4,9458.6,7.7,155.5,131.6,3617.3,80.0,193.7,345.7,3312.1,6.0,0.0,6.3,0.0,974.2,1004.7,1284.5,1330.8,8.0,0.0,28.0,0.0,7.7,0.0,0.0,155.5
1083,350178,35,1,5,3267.8,5737.0,2843.7,5212.0,16.0,83.0,294.8,1268.0,150.4,396.2,718.2,1893.7,20.4,0.0,21.1,0.0,500.7,516.4,1098.1,1137.7,6.0,0.0,34.0,0.0,16.0,0.0,0.0,83.0
1084,350179,35,1,5,6632.2,10110.1,6144.1,9475.8,28.2,148.1,523.0,1516.7,266.6,1849.9,1259.5,2025.1,42.5,0.0,43.5,0.0,1057.8,1089.8,2893.2,2994.2,32.0,0.0,26.0,0.0,28.2,0.0,0.0,148.1
1085,350180,35,1,5,2460.1,5127.5,2127.0,4705.7,8.5,76.2,158.0,1229.9,73.5,236.4,384.3,1748.9,12.7,0.0,13.3,0.0,538.2,554.8,903.0,935.8,24.0,0.0,20.0,0.0,8.5,0.0,0.0,76.2
1086,350181,35,1,5,3907.1,6477.3,3427.9,5908.2,18.9,91.6,353.9,1162.8,175.2,418.8,827.9,2276.2,24.0,0.0,24.8,0.0,650.1,670.3,1332.8,1380.0,25.0,0.0,14.0,0.0,18.9,0.0,0.0,91.6
1087,350182,35,1,5,1971.5,5438.5,1560.1,4955.7,11.0,72.8,213.6,1715.6,100.7,157.9,480.5,2339.5,13.2,0.0,13.8,0.0,269.4,277.4,449.9,465.3,10.0,0.0,9.0,0.0,11.0,0.0,0.0,72.8
1088,350183,35,1,5,1780.0,3136.0,1537.4,2848.5,7.5,45.9,115.9,703.6,56.2,109.6,378.3,1332.5,29.1,23.8,30.1,0.0,236.3,243.6,420.6,435.4,265.0,0.0,6.0,0.0,7.5,0.0,0.0,45.9
1089,350184,35,1,5,2278.6,2433.8,2095.4,2229.4,20.8,35.1,393.5,243.5,191.2,127.9,905.7,1319.2,26.9,0.0,27.9,0.0,153.5,157.9,367.7,380.9,23.0,0.0,6.0,0.0,20.8,0.0,0.0,35.1
1090,350185,35,1,5,3363.4,4387.9,3031.5,3994.1,23.0,58.6,449.4,597.9,209.6,247.6,1017.4,1871.8,29.6,0.0,30.6,0.0,390.8,403.1,844.2,873.6,35.0,0.0,25.0,0.0,23.0,0.0,0.0,58.6
1091,350186,35,1,5,3655.3,3425.4,3430.6,3160.4,30.4,51.8,561.8,265.2,286.3,230.2,1281.4,1551.0,43.4,0.0,44.5,0.0,317.0,326.9,760.2,787.1,120.0,0.0,16.0,0.0,30.4,0.0,0.0,51.8
1092,350187,35,1,5,3121.6,4184.8,2877.1,3881.4,17.1,61.5,315.9,507.4,162.5,676.6,750.3,1101.6,23.2,0.0,24.1,0.0,408.3,420.9,1134.8,1174.8,44.0,0.0,14.0,0.0,17.1,0.0,0.0,61.5
1093,350188,35,1,5,2307.6,3298.3,2049.5,3008.4,17.3,43.8,298.7,791.3,174.8,96.7,783.4,1368.4,22.5,0.0,23.4,0.0,280.3,288.6,448.3,463.3,13.0,0.0,5.0,0.0,17.3,0.0,0.0,43.8
1094,350189,35,1,4,5991.8,6543.8,5567.0,6000.4,34.1,108.1,610.0,619.1,310.6,600.8,1416.6,1742.5,46.8,0.0,48.1,0.0,898.1,926.5,2038.8,2111.4,159.0,0.0,39.0,0.0,34.1,0.0,0.0,108.1
1095,350190,35,1,5,2639.9,5530.2,2242.5,5045.0,7.3,79.9,134.6,852.5,69.1,661.1,329.9,1805.3,9.6,0.0,10.1,0.0,496.8,511.9,1174.4,1214.2,4.0,0.0,14.0,0.0,7.3,0.0,0.0,79.9
1096,350191,35,1,4,3269.1,5383.6,2861.9,4907.2,20.1,77.8,343.6,1205.9,194.6,296.5,889.5,1872.9,27.4,0.0,28.2,130.7,465.4,480.4,890.1,920.7,13.0,0.0,10.0,0.0,20.1,0.0,0.0,77.8
1097,350192,35,1,4,4062.7,5203.4,3629.3,4702.2,33.4,83.4,604.1,1240.0,301.8,144.8,1385.6,2152.4,44.9,0.0,46.2,0.0,412.9,425.9,714.7,739.0,104.0,0.0,15.0,0.0,33.4,0.0,0.0,83.4
1098,350193,35,1,4,4441.1,2960.2,4210.6,2718.6,46.4,46.8,803.0,270.1,416.4,32.2,2050.9,1773.0,75.8,0.0,77.6,0.0,198.2,204.3,424.7,439.0,157.0,0.0,7.0,0.0,46.4,0.0,0.0,46.8
1099,350194,35,1,4,4294.5,3381.7,4048.0,3108.8,43.1,51.7,779.2,374.1,394.3,89.8,1844.5,1922.8,61.7,0.0,63.2,0.0,218.6,225.0,481.5,497.1,191.0,0.0,14.0,0.0,43.1,0.0,0.0,51.7
1100,350195,35,1,4,3347.2,1920.2,3186.9,1757.3,36.9,30.4,627.5,88.0,332.7,26.8,1635.8,1262.9,61.2,0.0,62.7,0.0,107.3,110.2,261.6,269.4,91.0,0.0,7.0,0.0,36.9,0.0,0.0,30.4
1101,350196,35,1,4,4742.0,4391.0,4415.0,4006.5,26.7,67.2,451.0,433.7,240.3,447.0,1234.2,864.2,55.5,0.0,57.1,0.0,679.1,697.9,1521.7,1563.6,160.0,0.0,16.0,0.0,26.7,0.0,0.0,67.2
1102,350197,35,1,4,9970.0,27096.1,7540.1,24196.7,36.0,391.7,624.5,12296.5,320.9,125.3,1854.1,7236.8,96.1,8.0,97.9,51.7,2168.6,2220.2,2217.0,2258.4,64.0,0.0,97.0,0.0,36.0,0.0,0.0,391.7
1103,350198,35,1,2,36.3,34.8,0.0,0.0,0.0,0.0,0.0,0.0,0.0,0.0,0.0,0.0,0.0,0.0,0.0,0.0,0.0,0.0,0.0,0.0,0.0,0.0,0.0,0.0,0.0,0.0,0.0,0.0
1104,350199,35,1,3,253.0,851.5,101.8,681.2,0.0,16.1,0.0,209.9,0.0,45.9,2.0,327.9,0.0,0.0,0.0,0.0,46.1,46.4,51.7,51.2,0.0,0.0,2.0,0.0,0.0,0.0,0.0,16.1
1105,350200,35,1,3,1485.8,7495.1,430.5,6268.9,0.0,142.4,0.0,4264.0,0.0,11.5,24.0,1606.1,0.0,0.0,0.0,0.0,351.7,356.8,30.8,30.6,0.0,0.0,24.0,0.0,0.0,0.0,0.0,142.4
1106,350201,35,1,3,1696.2,5580.3,782.0,4533.2,0.0,98.7,0.0,2282.5,0.0,350.8,27.0,1163.1,0.0,0.0,0.0,0.0,407.2,414.1,320.7,322.6,0.0,0.0,27.0,0.0,0.0,0.0,0.0,98.7
1107,350202,35,1,3,681.2,2502.8,223.7,1993.0,0.0,37.6,0.0,1145.1,0.0,12.2,10.0,628.6,0.0,0.0,0.0,0.0,178.6,181.8,25.1,25.2,0.0,0.0,10.0,0.0,0.0,0.0,0.0,37.6
1108,350203,35,1,3,5392.0,2955.3,5170.1,2709.1,65.0,61.0,1043.3,27.7,564.1,7.9,2724.0,2101.5,105.5,0.0,108.0,0.0,160.1,163.8,399.2,408.1,50.0,0.0,16.0,0.0,65.0,0.0,0.0,61.0
1109,350204,35,1,3,4038.8,1449.3,3867.6,1273.3,47.6,28.2,675.6,9.4,383.2,0.0,2162.9,1013.9,177.9,0.0,181.8,0.0,68.8,70.5,175.3,179.6,30.0,0.0,12.0,0.0,47.6,0.0,0.0,28.2
1110,350205,35,1,3,2190.8,1845.0,2015.9,1647.5,24.0,37.4,375.3,259.4,198.4,65.4,977.4,937.0,39.4,0.0,40.5,0.0,120.3,123.4,254.8,262.4,5.0,0.0,5.0,0.0,24.0,0.0,0.0,37.4
1111,350206,35,1,3,2317.1,1833.6,2181.6,1673.4,25.5,35.3,394.0,245.8,217.1,21.3,1051.7,968.6,40.0,0.0,41.1,0.0,155.1,159.4,270.6,278.3,2.0,0.0,10.0,0.0,25.5,0.0,0.0,35.3
1112,350207,35,1,4,1290.8,1441.3,1145.3,1279.4,12.5,25.0,195.4,360.5,106.6,40.7,524.6,600.3,21.2,0.0,22.0,0.0,101.1,103.7,169.4,174.2,1.0,0.0,4.0,0.0,12.5,0.0,0.0,25.0
1113,350208,35,1,4,755.5,400.4,686.5,330.8,8.7,6.7,139.5,8.6,74.2,0.0,373.9,259.5,16.1,0.0,16.6,0.0,16.4,16.8,44.8,45.8,2.0,0.0,3.0,0.0,8.7,0.0,0.0,6.7
1114,350209,35,1,4,1242.8,2481.1,1026.1,2208.6,6.8,43.3,112.6,809.3,58.2,209.4,298.5,659.9,9.4,0.0,9.8,0.0,178.3,183.0,336.3,347.0,3.0,0.0,20.0,0.0,6.8,0.0,0.0,43.3
1115,350210,35,1,4,1869.3,4762.3,1350.6,4148.6,3.2,82.4,52.2,1270.6,27.1,212.4,141.8,1521.5,4.2,0.0,4.3,0.0,431.2,444.1,676.8,700.0,1.0,0.0,12.0,0.0,3.2,0.0,0.0,82.4
1116,350211,35,1,4,1413.5,2164.4,1212.1,1931.0,11.7,40.7,191.6,589.2,100.4,86.4,469.2,827.7,13.7,0.0,14.3,0.0,156.9,161.8,257.0,265.9,6.0,0.0,3.0,0.0,11.7,0.0,0.0,40.7
1117,350212,35,1,4,62.9,232.0,19.1,183.3,0.0,4.2,0.0,57.9,0.0,3.6,2.0,106.3,0.0,0.0,0.0,0.0,6.6,6.7,8.5,8.8,0.0,0.0,2.0,0.0,0.0,0.0,0.0,4.2
1118,350213,35,1,4,1084.0,798.0,998.8,703.2,13.0,16.2,202.6,64.4,110.0,2.6,509.3,505.7,15.5,0.0,16.1,0.0,41.4,42.5,84.9,88.0,13.0,0.0,6.0,0.0,13.0,0.0,0.0,16.2
1119,350214,35,1,4,353.0,942.9,259.2,816.1,0.0,18.1,0.0,317.4,0.0,95.7,17.0,170.6,0.0,0.0,0.0,0.0,86.7,89.3,138.5,143.1,0.0,0.0,17.0,0.0,0.0,0.0,0.0,18.1
1120,350215,35,1,4,409.8,1119.0,305.2,989.0,0.1,21.6,1.3,297.5,1.0,141.2,8.8,251.4,0.0,0.0,0.0,0.0,93.4,96.2,195.7,202.8,0.0,0.0,5.0,0.0,0.1,0.0,0.0,21.6
1121,350216,35,1,4,721.2,1056.8,641.9,942.5,0.0,20.2,0.0,146.9,0.0,109.6,16.0,56.0,0.0,0.0,0.0,0.0,195.8,201.5,414.1,428.6,0.0,0.0,16.0,0.0,0.0,0.0,0.0,20.2
1122,350217,35,1,4,3644.4,2693.7,3445.7,2470.2,40.5,55.2,645.2,108.9,349.6,106.9,1601.7,1491.0,49.7,0.0,50.9,0.0,216.6,223.2,522.0,540.2,3.0,0.0,7.0,0.0,40.5,0.0,0.0,55.2
1123,350218,35,1,4,877.8,2193.9,728.2,1988.0,0.0,43.7,0.0,498.5,0.0,313.3,15.0,454.6,0.0,0.0,0.0,0.0,214.9,221.6,483.3,500.0,0.0,0.0,15.0,0.0,0.0,0.0,0.0,43.7
1124,350219,35,1,4,1921.5,2825.6,1686.5,2539.6,16.0,53.4,262.2,534.1,135.8,86.5,656.4,1334.6,21.1,18.0,21.8,0.0,194.4,200.5,352.9,366.0,29.0,0.0,13.0,0.0,16.0,0.0,0.0,53.4
1125,350220,35,1,4,1634.8,2385.1,1441.9,2132.9,11.2,45.6,180.5,322.5,93.5,159.0,470.4,997.6,15.0,0.0,15.6,0.0,204.3,210.6,427.5,443.1,10.0,0.0,25.0,0.0,11.2,0.0,0.0,45.6
1126,350221,35,1,5,1349.1,2978.6,1174.6,2705.8,0.1,53.3,1.4,532.4,1.1,346.0,52.6,719.1,0.1,0.0,0.2,0.0,328.2,338.1,744.0,770.2,0.0,0.0,47.0,0.0,0.1,0.0,0.0,53.3
1127,350222,35,1,5,2750.8,4241.8,2542.1,3864.6,8.1,73.9,133.8,526.6,72.9,494.1,437.5,1019.1,10.3,0.0,10.9,0.0,537.7,553.6,1228.9,1271.3,7.0,0.0,103.0,0.0,8.1,0.0,0.0,73.9
1128,350223,35,1,4,3335.6,3774.0,3135.6,3513.7,25.8,75.9,416.3,207.1,215.5,728.3,1048.8,1205.2,39.7,0.0,40.8,0.0,307.1,317.2,1017.4,1055.9,41.0,0.0,9.0,0.0,25.8,0.0,0.0,75.9
1129,350224,35,1,4,561.4,1222.1,519.5,1099.4,0.7,23.5,11.9,161.3,6.3,174.2,89.9,401.8,0.8,0.0,0.8,0.0,95.8,98.7,254.0,263.4,0.0,0.0,60.0,0.0,0.7,0.0,0.0,23.5
1130,350225,35,1,5,3434.6,5159.4,3126.5,4698.7,18.2,90.5,305.7,604.7,156.6,522.4,831.6,1819.1,26.7,0.0,27.5,0.0,508.1,523.2,1187.3,1229.3,5.0,0.0,78.0,0.0,18.2,0.0,0.0,90.5
1131,350226,35,1,5,3553.0,7864.1,3046.1,7134.9,0.0,132.6,0.0,1279.9,0.0,928.9,88.0,1959.1,0.0,0.0,0.0,0.0,883.5,910.5,1986.5,2056.5,0.0,0.0,88.0,0.0,0.0,0.0,0.0,132.6
1132,350227,35,1,4,2432.0,3247.4,2241.1,3001.5,16.7,64.6,270.3,217.2,146.8,650.7,676.9,1003.4,20.6,0.0,21.3,0.0,251.2,259.2,838.9,870.9,8.0,0.0,7.0,0.0,16.7,0.0,0.0,64.6
1133,350228,35,1,4,880.1,2702.8,655.7,2423.0,0.0,49.5,0.0,706.6,0.0,128.1,7.0,923.6,0.0,0.0,0.0,0.0,247.9,255.8,393.8,408.8,0.0,0.0,7.0,0.0,0.0,0.0,0.0,49.5
1134,350229,35,1,5,1995.9,2592.3,1927.4,2348.0,0.0,42.9,0.0,334.0,0.0,287.9,133.0,8.2,0.0,0.0,0.0,0.0,531.2,547.1,1130.1,1170.8,0.0,0.0,133.0,0.0,0.0,0.0,0.0,42.9
1135,350230,35,1,5,81.3,60.9,34.0,0.0,0.0,0.0,0.0,0.0,0.0,0.0,17.0,0.0,0.0,0.0,0.0,0.0,0.0,0.0,0.0,0.0,0.0,0.0,17.0,0.0,0.0,0.0,0.0,0.0
1136,350231,35,1,4,2011.5,3431.4,1785.3,3122.6,0.0,64.3,0.0,500.0,0.0,514.3,19.0,296.1,0.0,0.0,0.0,0.0,529.0,546.7,1218.3,1265.5,0.0,0.0,19.0,0.0,0.0,0.0,0.0,64.3
1137,350232,35,1,4,3218.4,3024.6,3043.7,2792.6,30.8,59.2,506.3,149.6,259.4,364.7,1269.7,1380.3,42.3,0.0,43.5,0.0,217.8,224.6,648.7,673.3,29.0,0.0,27.0,0.0,30.8,0.0,0.0,59.2
1138,350233,35,1,5,4750.6,6307.2,4488.3,5715.3,0.0,104.4,0.0,808.9,0.0,700.1,223.0,24.1,0.0,0.0,0.0,0.0,1292.3,1332.2,2750.0,2850.0,0.0,0.0,223.0,0.0,0.0,0.0,0.0,104.4
1139,350234,35,1,5,2341.5,7306.1,1857.5,6681.1,0.0,120.1,0.0,2026.0,0.0,414.2,22.0,2364.8,0.0,0.0,0.0,0.0,686.4,707.5,1127.1,1168.5,0.0,0.0,22.0,0.0,0.0,0.0,0.0,120.1
1140,350235,35,1,4,2760.7,5479.0,2441.6,5066.1,12.0,91.4,194.5,825.7,106.4,601.2,497.5,1406.0,14.9,0.0,15.3,584.3,482.4,498.5,1107.7,1150.3,9.0,0.0,14.0,0.0,12.0,0.0,0.0,91.4
1141,350236,35,1,4,1198.1,3264.8,960.4,2960.0,0.0,59.8,0.0,756.6,0.0,290.9,8.0,934.1,0.0,0.0,0.0,0.0,315.4,325.7,629.0,652.5,0.0,0.0,8.0,0.0,0.0,0.0,0.0,59.8
1142,350237,35,1,5,1080.4,2275.1,957.8,2102.4,0.0,40.2,0.0,202.5,0.0,621.0,14.0,316.3,0.0,0.0,0.0,0.0,207.8,214.2,722.0,748.4,0.0,0.0,14.0,0.0,0.0,0.0,0.0,40.2
1143,350238,35,1,5,756.7,2047.5,617.9,1867.7,0.0,32.0,0.0,631.4,0.0,26.5,13.0,597.9,0.0,0.0,0.0,0.0,262.2,270.2,329.7,341.7,0.0,0.0,13.0,0.0,0.0,0.0,0.0,32.0
1144,350239,35,1,4,1437.2,1246.4,1335.6,1129.5,14.8,22.2,238.0,123.8,128.4,66.4,618.5,663.2,24.1,0.0,24.9,0.0,78.4,80.8,188.3,195.3,27.0,0.0,8.0,0.0,14.8,0.0,0.0,22.2
1145,350240,35,1,4,1591.4,2456.6,1402.5,2235.6,12.2,42.7,201.0,538.1,110.3,70.5,498.9,1051.8,14.6,0.0,15.2,0.0,214.0,220.5,342.4,354.6,4.0,0.0,2.0,0.0,12.2,0.0,0.0,42.7
1146,350241,35,1,4,2052.8,3798.2,1832.1,3512.5,13.3,67.5,235.7,861.1,111.5,53.1,539.0,1675.8,15.5,0.0,16.1,0.0,353.0,364.5,538.3,557.9,15.0,0.0,8.0,0.0,13.3,0.0,0.0,67.5
1147,350242,35,1,5,764.9,12058.9,702.4,11987.6,0.0,6.5,0.0,267.1,0.0,0.0,6.0,11007.6,0.0,0.0,0.0,0.0,471.6,486.6,218.9,226.3,0.0,0.0,6.0,0.0,0.0,0.0,0.0,6.5
1148,350243,35,1,4,3066.8,1754.4,2927.7,1610.5,36.0,31.7,574.9,29.0,309.0,12.1,1527.2,1213.2,66.4,0.0,68.0,0.0,98.6,101.7,245.6,254.5,32.0,0.0,6.0,0.0,36.0,0.0,0.0,31.7
1149,350244,35,1,4,617.2,333.2,574.3,289.8,7.0,5.7,111.6,0.5,61.7,0.0,297.0,231.4,12.5,0.0,13.0,0.0,15.3,15.6,41.1,42.4,20.0,0.0,2.0,0.0,7.0,0.0,0.0,5.7
1150,350245,35,1,4,1483.4,1865.9,1389.3,1735.5,14.8,33.6,263.5,310.4,123.7,16.1,611.2,1086.9,18.2,0.0,18.9,0.0,94.9,98.1,216.0,224.0,27.0,0.0,16.0,0.0,14.8,0.0,0.0,33.6
1151,350246,35,1,5,2281.9,5569.6,1823.9,5017.9,6.7,84.4,101.4,1248.8,50.3,92.0,341.2,2381.2,25.5,0.0,26.4,0.0,506.9,522.6,746.3,773.3,15.0,0.0,11.0,0.0,6.7,0.0,0.0,84.4
1152,350247,35,1,4,1852.6,1362.1,1741.7,1235.7,19.6,24.0,333.9,62.5,178.4,27.6,785.3,793.9,22.7,0.0,23.4,0.0,102.7,105.9,237.3,245.8,48.0,0.0,10.0,0.0,19.6,0.0,0.0,24.0
1153,350248,35,1,4,2980.0,2084.0,2819.5,1909.6,32.8,37.3,552.9,76.2,288.2,98.2,1357.1,1257.9,47.2,0.0,48.4,0.0,125.4,129.1,336.2,348.2,56.0,0.0,8.0,0.0,32.8,0.0,0.0,37.3
1154,350249,35,1,4,1129.1,885.6,1037.3,787.2,11.7,15.4,196.1,50.1,102.6,17.5,479.9,508.1,15.9,0.0,16.5,0.0,63.3,65.3,141.0,146.1,19.0,0.0,3.0,0.0,11.7,0.0,0.0,15.4
1155,350250,35,1,4,2318.0,3001.8,2069.0,2712.8,21.2,51.0,361.7,479.9,189.7,87.0,887.8,1588.5,28.1,0.0,28.9,0.0,186.6,192.4,352.2,365.0,25.0,0.0,9.0,0.0,21.2,0.0,0.0,51.0
1156,350251,35,1,4,3922.2,2633.1,3715.4,2410.6,42.0,46.0,715.6,91.8,376.2,61.6,1712.9,1511.8,55.0,0.0,56.4,0.0,216.5,223.2,504.8,522.2,70.0,0.0,8.0,0.0,42.0,0.0,0.0,46.0
1157,350252,35,1,4,4377.4,6613.0,4017.9,6110.8,12.9,120.7,216.7,749.2,113.8,1251.8,562.5,957.4,16.8,0.0,17.4,0.0,823.3,849.3,2222.4,2303.2,11.0,0.0,34.0,0.0,12.9,0.0,0.0,120.7
1158,350253,35,1,4,4640.8,8571.9,4248.4,7986.6,3.7,155.5,63.9,820.0,34.2,2154.4,196.2,991.9,4.8,0.0,5.0,0.0,947.1,977.2,2937.1,3043.0,19.0,0.0,41.0,0.0,3.7,0.0,0.0,155.5
1159,350254,35,1,4,6327.7,6050.1,5914.9,5547.3,53.7,104.2,919.8,644.0,478.2,654.2,2274.7,2189.9,76.2,0.0,78.0,0.0,567.2,584.4,1425.7,1474.7,60.0,0.0,35.0,0.0,53.7,0.0,0.0,104.2
1160,350255,35,1,4,4876.1,5330.2,4406.0,4800.3,45.6,87.7,774.4,1397.6,400.1,32.8,1973.3,2312.7,73.0,0.0,74.8,0.0,406.0,419.1,617.3,638.2,75.0,0.0,12.0,0.0,45.6,0.0,0.0,87.7
1161,350256,35,1,4,6212.0,6914.5,5760.7,6350.6,38.1,116.3,653.7,922.7,337.2,831.3,1672.6,1707.4,59.1,0.0,60.7,0.0,830.0,855.8,1965.4,2033.4,152.0,0.0,30.0,0.0,38.1,0.0,0.0,116.3
1162,350257,35,1,4,5007.5,6571.3,4645.8,6161.8,40.1,72.7,694.8,552.3,340.8,243.9,1714.6,1504.5,69.1,719.3,70.6,1392.2,559.1,575.6,1136.9,1173.8,46.0,0.0,14.0,0.0,40.1,0.0,0.0,72.7
1163,350258,35,1,4,4366.4,2108.3,4201.0,1937.4,44.6,35.2,760.9,10.1,408.8,0.0,1900.3,1528.4,60.3,0.0,61.9,0.0,109.0,111.9,278.7,287.0,610.0,0.0,11.0,0.0,44.6,0.0,0.0,35.2
1164,350259,35,1,4,2954.6,1700.9,2815.0,1550.9,30.4,28.5,515.9,42.4,271.8,34.4,1287.2,1025.2,43.0,0.0,44.2,0.0,128.4,132.2,307.5,316.8,207.0,0.0,10.0,0.0,30.4,0.0,0.0,28.5
1165,350260,35,1,4,3449.1,5379.6,3262.5,5174.4,35.3,41.4,594.1,296.1,320.9,29.9,1549.4,1342.0,57.1,372.1,58.6,2554.8,199.6,205.1,363.8,374.3,110.0,0.0,9.0,0.0,35.3,0.0,0.0,41.4
1166,350261,35,1,4,2504.6,4190.9,2316.0,3963.1,18.6,49.2,304.7,783.9,174.2,0.0,864.1,1218.8,39.4,571.1,40.4,621.8,323.1,331.9,424.0,435.5,138.0,0.0,8.0,0.0,18.6,0.0,0.0,49.2
1167,350262,35,1,4,4293.0,15737.1,2890.8,14064.4,0.0,245.7,0.0,6780.2,0.0,19.4,17.0,4337.1,0.0,0.0,0.0,0.0,1421.6,1458.7,1435.1,1469.0,0.0,0.0,17.0,0.0,0.0,0.0,0.0,245.7
1168,350263,35,1,4,5332.7,2073.7,5154.1,1894.9,53.9,36.1,888.3,5.2,468.6,0.0,2517.3,1499.5,132.2,0.0,135.1,0.0,107.0,109.6,274.6,280.6,618.0,0.0,13.0,0.0,53.9,0.0,0.0,36.1
1169,350264,35,1,4,219.7,730.9,73.7,570.7,0.0,9.9,0.0,106.0,0.0,15.4,4.0,382.5,0.0,0.0,0.0,0.0,29.0,29.6,36.6,37.1,0.0,0.0,4.0,0.0,0.0,0.0,0.0,9.9
1170,350265,35,1,2,79.1,204.2,34.3,159.4,0.0,3.8,0.0,29.6,0.0,25.5,0.0,70.3,0.0,0.0,0.0,0.0,9.3,9.3,25.0,24.7,0.0,0.0,0.0,0.0,0.0,0.0,0.0,3.8
1171,350266,35,1,3,732.0,2419.0,455.2,2084.4,0.0,52.6,0.0,754.7,0.0,282.0,4.0,600.8,0.0,0.0,0.0,0.0,182.9,184.8,264.3,262.1,0.0,0.0,4.0,0.0,0.0,0.0,0.0,52.6
1172,350267,35,1,3,70.8,70.2,2.0,0.0,0.0,0.0,0.0,0.0,0.0,0.0,1.0,0.0,0.0,0.0,0.0,0.0,0.0,0.0,0.0,0.0,0.0,0.0,1.0,0.0,0.0,0.0,0.0,0.0
1173,350268,35,1,4,1886.2,6128.6,963.7,5074.3,0.0,107.6,0.0,2404.2,0.0,522.7,25.0,1223.7,0.0,0.0,0.0,0.0,455.2,462.5,458.4,461.2,0.0,0.0,25.0,0.0,0.0,0.0,0.0,107.6
1174,350269,35,1,4,1771.0,6726.6,703.1,5517.7,0.0,102.9,0.0,3029.2,0.0,133.9,36.0,1713.6,0.0,0.0,0.0,0.0,464.7,472.9,166.4,168.1,0.0,0.0,36.0,0.0,0.0,0.0,0.0,102.9
1175,350270,35,1,3,1267.8,4135.8,686.6,3463.1,0.0,73.6,0.0,1476.2,0.0,244.8,13.0,1070.2,0.0,0.0,0.0,0.0,315.2,321.9,345.4,350.0,0.0,0.0,13.0,0.0,0.0,0.0,0.0,73.6
1176,350271,35,1,4,650.7,1647.2,427.6,1374.3,0.0,29.2,0.0,748.5,0.0,224.2,23.0,13.2,0.0,0.0,0.0,0.0,163.5,166.7,218.1,221.6,0.0,0.0,23.0,0.0,0.0,0.0,0.0,29.2
1177,350272,35,1,4,2462.7,6893.2,1956.5,6298.2,10.0,85.4,157.6,1087.6,84.3,375.1,480.1,1572.9,32.2,1480.6,33.1,603.7,409.3,417.9,745.8,760.2,0.0,0.0,14.0,0.0,10.0,0.0,0.0,85.4
1178,350273,35,1,4,5314.3,3797.6,5054.4,3500.3,57.7,59.3,864.6,424.1,476.0,102.7,2664.8,1724.4,184.9,481.4,188.9,120.5,201.8,206.6,431.3,440.5,7.0,0.0,35.0,0.0,57.7,0.0,0.0,59.3
1179,350274,35,1,3,4287.1,1858.5,4102.9,1668.6,50.0,36.6,740.0,53.3,414.0,32.8,2271.7,1227.0,157.8,0.0,161.3,0.0,99.0,100.9,249.2,254.6,1.0,0.0,9.0,0.0,50.0,0.0,0.0,36.6
1180,350275,35,1,3,5326.1,2058.5,5130.1,1848.0,64.1,39.7,940.1,5.1,505.1,0.0,2846.4,1475.2,195.2,0.0,199.5,0.0,100.6,102.9,258.2,264.9,57.0,0.0,28.0,0.0,64.1,0.0,0.0,39.7
1181,350276,35,1,3,2161.2,1489.9,2046.2,1357.6,23.8,20.0,334.0,109.6,189.4,0.0,1083.5,589.7,89.5,437.0,91.8,0.0,77.6,79.3,138.4,141.9,28.0,0.0,14.0,0.0,23.8,0.0,0.0,20.0
1182,350277,35,1,3,1213.0,1206.0,1116.7,1087.3,9.0,23.4,122.0,94.4,73.9,277.9,406.1,266.3,32.4,0.0,33.5,0.0,99.5,102.2,337.2,346.6,6.0,0.0,6.0,0.0,9.0,0.0,0.0,23.4
1183,350278,35,1,4,1653.4,1082.2,1480.0,906.3,18.0,17.5,255.6,349.5,147.4,5.4,803.5,407.0,64.1,0.0,65.7,0.0,67.3,69.0,73.4,75.4,1.0,0.0,2.0,0.0,18.0,0.0,0.0,17.5
1184,350279,35,1,4,1105.8,1139.2,987.7,1007.6,9.3,20.1,145.1,192.8,79.2,83.5,388.2,381.2,15.6,0.0,16.2,0.0,111.6,114.4,228.9,235.8,1.0,0.0,2.0,0.0,9.3,0.0,0.0,20.1
1185,350280,35,1,4,418.2,1391.8,135.7,1086.5,0.0,20.8,0.0,796.2,0.0,5.6,3.0,151.6,0.0,0.0,0.0,0.0,121.3,124.5,8.4,8.6,0.0,0.0,3.0,0.0,0.0,0.0,0.0,20.8
1186,350281,35,1,4,1421.6,2950.9,1216.7,2685.8,1.5,60.6,23.8,442.8,11.9,754.2,66.1,346.0,2.7,0.0,2.9,0.0,267.5,275.7,837.8,867.1,0.0,0.0,4.0,0.0,1.5,0.0,0.0,60.6
1187,350282,35,1,4,722.5,2073.3,515.9,1822.9,0.0,39.5,0.0,571.7,0.0,219.0,8.0,518.0,0.0,0.0,0.0,0.0,174.3,178.8,325.6,335.2,0.0,0.0,8.0,0.0,0.0,0.0,0.0,39.5
1188,350283,35,1,4,3715.6,6282.3,3317.2,5747.9,18.0,125.3,276.9,834.3,144.2,1060.5,746.5,1733.4,29.7,0.0,30.5,0.0,541.7,557.6,1509.7,1562.2,10.0,0.0,28.0,0.0,18.0,0.0,0.0,125.3
1189,350284,35,1,4,766.5,1582.8,586.3,1375.1,5.0,28.4,76.9,229.0,38.6,82.5,205.6,817.8,8.3,0.0,8.7,0.0,83.9,86.1,154.3,159.7,4.0,0.0,6.0,0.0,5.0,0.0,0.0,28.4
1190,350285,35,1,4,6569.4,5037.1,6160.3,4581.2,62.3,93.7,1002.8,448.5,501.8,269.7,2584.1,1986.1,108.5,0.0,110.7,0.0,572.1,589.5,1242.4,1287.4,28.0,0.0,10.0,0.0,62.3,0.0,0.0,93.7
1191,350286,35,1,4,2341.7,1439.8,2215.7,1297.2,27.0,25.9,431.8,99.3,215.5,38.3,1128.1,870.0,47.5,0.0,48.7,0.0,81.3,83.8,198.7,205.8,46.0,0.0,18.0,0.0,27.0,0.0,0.0,25.9
1192,350287,35,1,4,3590.8,6713.2,3186.4,6182.0,15.7,118.5,249.1,1184.9,124.2,848.6,665.7,1650.1,27.6,0.0,28.5,364.9,621.0,640.2,1440.3,1493.4,6.0,0.0,24.0,0.0,15.7,0.0,0.0,118.5
1193,350288,35,1,4,4171.6,6159.1,3816.8,5690.1,20.5,118.1,324.2,557.7,161.8,1298.5,860.0,1376.0,38.0,0.0,39.1,0.0,591.5,610.0,1781.2,1847.9,4.0,0.0,17.0,0.0,20.5,0.0,0.0,118.1
1194,350289,35,1,4,7174.6,7607.7,6654.8,7001.6,61.6,126.3,1019.2,565.3,507.5,858.6,2583.3,2630.7,113.7,599.6,116.2,0.0,624.5,644.1,1642.4,1703.4,28.0,0.0,20.0,0.0,61.6,0.0,0.0,126.3
1195,350290,35,1,4,5824.6,4210.7,5463.4,3824.5,60.8,72.5,1005.7,398.3,514.0,140.8,2569.7,2144.9,103.5,0.0,105.8,0.0,345.9,356.8,755.9,783.7,53.0,0.0,10.0,0.0,60.8,0.0,0.0,72.5
1196,350291,35,1,4,126.7,278.8,63.5,204.8,0.0,3.9,0.0,58.1,0.0,0.0,9.0,100.0,0.0,0.0,0.0,0.0,21.3,21.9,24.3,24.8,0.0,0.0,9.0,0.0,0.0,0.0,0.0,3.9
1197,350292,35,1,4,5563.1,3955.5,5234.8,3596.9,54.7,67.5,926.4,236.3,465.0,196.2,2315.6,1833.4,91.9,0.0,93.9,0.0,389.9,402.0,898.2,928.9,41.0,0.0,13.0,0.0,54.7,0.0,0.0,67.5
1198,350293,35,1,3,5689.9,3368.8,5402.1,3052.2,62.7,63.0,1016.7,188.8,519.3,211.4,2697.2,1803.1,130.6,0.0,133.7,0.0,223.6,230.2,598.9,618.7,67.0,0.0,15.0,0.0,62.7,0.0,0.0,63.0
1199,350294,35,1,3,2160.3,1052.3,1988.6,864.7,24.3,17.6,409.4,10.5,211.9,19.2,1032.9,642.2,45.4,0.0,46.5,0.0,50.0,51.4,137.5,141.4,51.0,0.0,4.0,0.0,24.3,0.0,0.0,17.6
1200,350295,35,1,3,3361.2,1455.6,3122.3,1192.1,36.7,23.7,648.5,12.2,311.0,3.0,1607.1,928.5,85.5,0.0,87.4,0.0,67.6,69.5,174.0,179.0,131.0,0.0,10.0,0.0,36.7,0.0,0.0,23.7
1201,350296,35,1,3,2933.5,2230.5,2770.6,2007.4,31.4,26.8,546.9,73.3,273.6,11.1,1409.3,909.9,61.8,670.5,63.3,0.0,105.2,108.0,228.5,234.7,36.0,0.0,46.0,0.0,31.4,0.0,0.0,26.8
1202,350297,35,1,4,1316.0,648.6,1172.0,496.2,14.0,9.2,249.4,0.6,125.9,0.0,622.4,395.0,26.7,0.0,27.4,0.0,27.1,27.7,71.1,72.9,18.0,0.0,4.0,0.0,14.0,0.0,0.0,9.2
1203,350298,35,1,4,5249.7,2313.4,4948.6,2015.3,57.6,38.2,1017.9,64.3,487.9,17.8,2595.1,1462.6,147.6,0.0,150.9,0.0,134.3,137.4,325.8,333.2,79.0,0.0,10.0,0.0,57.6,0.0,0.0,38.2
1204,350299,35,1,3,4840.7,3491.8,4613.7,3226.6,52.1,55.3,889.9,171.6,467.4,68.7,2337.1,1771.7,96.3,591.9,98.5,0.0,182.2,187.0,426.2,435.7,93.0,0.0,23.0,0.0,52.1,0.0,0.0,55.3
1205,350300,35,1,3,3305.8,3132.4,3016.0,2789.0,22.6,55.7,373.6,296.2,211.1,195.8,1043.1,1034.9,49.3,0.0,50.6,0.0,398.9,409.2,835.3,852.8,43.0,0.0,11.0,0.0,22.6,0.0,0.0,55.7
1206,350301,35,1,3,8233.1,3691.8,7855.5,3298.2,90.6,60.7,1699.8,11.9,879.3,0.0,4180.6,2608.6,171.4,0.0,174.9,0.0,186.5,190.9,477.0,486.8,63.0,0.0,23.0,0.0,90.6,0.0,0.0,60.7
1207,350302,35,1,2,189.4,690.4,86.4,574.9,0.0,15.5,0.0,199.7,0.0,26.9,1.0,264.3,0.0,0.0,0.0,0.0,42.8,43.1,41.6,40.8,0.0,0.0,1.0,0.0,0.0,0.0,0.0,15.5
1208,350303,35,1,2,36.2,34.2,0.0,0.0,0.0,0.0,0.0,0.0,0.0,0.0,0.0,0.0,0.0,0.0,0.0,0.0,0.0,0.0,0.0,0.0,0.0,0.0,0.0,0.0,0.0,0.0,0.0,0.0
1209,350304,35,1,2,59.2,135.5,19.1,96.2,0.0,2.6,0.0,27.5,0.0,8.9,0.0,41.1,0.0,0.0,0.0,0.0,6.9,6.8,12.2,12.0,0.0,0.0,0.0,0.0,0.0,0.0,0.0,2.6
1210,350305,35,1,3,366.3,1375.8,205.6,1185.6,0.0,29.5,0.0,297.7,0.0,106.9,1.0,577.8,0.0,0.0,0.0,0.0,82.1,82.8,121.5,120.6,0.0,0.0,1.0,0.0,0.0,0.0,0.0,29.5
1211,350306,35,1,3,5966.8,19973.8,3092.3,16667.1,0.0,386.5,0.0,7485.1,0.0,2012.0,25.0,4125.3,0.0,0.0,0.0,0.0,1453.1,1469.2,1589.2,1575.5,0.0,0.0,25.0,0.0,0.0,0.0,0.0,386.5
1212,350307,35,1,4,4807.1,17311.0,2406.1,14526.5,0.0,291.0,0.0,6028.0,0.0,1105.3,83.0,5137.8,0.0,0.0,0.0,0.0,1138.3,1153.5,1101.8,1101.8,0.0,0.0,83.0,0.0,0.0,0.0,0.0,291.0
1213,350308,35,1,4,12410.7,34743.5,8940.6,30472.1,0.0,636.4,0.0,10365.3,0.0,2725.1,145.0,8661.3,0.0,0.0,0.0,0.0,3442.8,3495.9,5207.8,5224.5,0.0,0.0,145.0,0.0,0.0,0.0,0.0,636.4
1214,350309,35,1,4,2760.1,9343.3,1399.8,7784.9,0.0,172.3,0.0,4307.4,0.0,334.3,22.0,1768.9,0.0,0.0,0.0,0.0,827.0,840.8,528.8,533.5,0.0,0.0,22.0,0.0,0.0,0.0,0.0,172.3
1215,350310,35,1,4,1384.5,3675.1,370.8,2592.1,0.0,52.7,0.0,1427.8,0.0,114.5,13.0,698.9,0.0,0.0,0.0,0.0,225.1,229.6,119.7,121.3,0.0,0.0,13.0,0.0,0.0,0.0,0.0,52.7
1216,350311,35,1,4,3047.3,7666.4,2122.8,6558.0,8.4,140.5,124.4,3037.0,67.0,592.8,420.2,1492.9,26.5,0.0,27.4,0.0,645.4,658.6,764.1,776.6,0.0,0.0,48.0,0.0,8.4,0.0,0.0,140.5
1217,350312,35,1,4,6322.2,8551.3,5648.1,7710.0,42.3,174.9,571.2,1659.5,333.7,855.9,1966.0,2787.4,181.5,0.0,185.0,0.0,749.3,765.6,1610.3,1641.6,17.0,0.0,34.0,0.0,42.3,0.0,0.0,174.9
1218,350313,35,1,4,4008.0,3590.5,3825.7,3411.2,43.8,33.0,602.0,200.0,363.4,2.5,2067.3,1020.9,191.2,810.9,195.4,999.6,133.4,136.4,236.0,241.0,27.0,0.0,10.0,0.0,43.8,0.0,0.0,33.0
1219,350314,35,1,4,4762.4,1645.9,4582.6,1469.6,53.8,29.6,735.8,46.1,441.9,45.6,2527.7,1050.9,236.9,0.0,241.8,0.0,87.2,89.2,232.3,237.8,58.0,0.0,21.0,0.0,53.8,0.0,0.0,29.6
1220,350315,35,1,4,3230.0,1608.2,3083.6,1461.2,35.6,29.5,506.9,73.5,281.5,81.3,1605.1,861.5,122.8,0.0,125.3,0.0,125.6,128.4,308.4,316.5,2.0,0.0,6.0,0.0,35.6,0.0,0.0,29.5
1221,350316,35,1,3,604.8,289.3,531.3,215.6,7.0,4.8,98.2,4.2,54.5,2.4,296.1,166.6,19.3,0.0,20.0,0.0,11.0,11.3,30.2,31.0,1.0,0.0,1.0,0.0,7.0,0.0,0.0,4.8
1222,350317,35,1,4,1608.7,4266.9,1198.7,3772.9,3.8,76.0,52.8,1194.3,29.9,276.1,179.2,1377.1,12.6,0.0,13.2,0.0,361.0,370.6,538.9,554.9,0.0,0.0,11.0,0.0,3.8,0.0,0.0,76.0
1223,350318,35,1,4,2589.5,1081.8,2444.7,943.9,30.9,19.2,437.9,82.8,251.4,6.8,1360.0,672.3,104.2,0.0,106.3,0.0,50.4,51.7,126.6,130.2,4.0,0.0,4.0,0.0,30.9,0.0,0.0,19.2
1224,350319,35,1,4,269.7,917.1,107.0,735.4,0.0,14.8,0.0,450.3,0.0,19.2,5.0,166.4,0.0,0.0,0.0,0.0,72.9,74.7,24.1,24.8,0.0,0.0,5.0,0.0,0.0,0.0,0.0,14.8
1225,350320,35,1,4,1522.0,4450.0,1194.4,4030.6,0.0,86.6,0.0,447.1,0.0,797.3,8.0,1571.9,0.0,0.0,0.0,0.0,291.7,299.6,886.8,914.7,0.0,0.0,8.0,0.0,0.0,0.0,0.0,86.6
1226,350321,35,1,4,3773.0,7571.7,3316.5,6922.4,6.4,147.0,96.0,911.1,52.0,1599.1,309.3,1538.5,10.4,0.0,10.9,0.0,719.2,740.4,2061.7,2133.3,5.0,0.0,52.0,0.0,6.4,0.0,0.0,147.0
1227,350322,35,1,4,5477.7,6350.2,4985.3,5752.4,46.6,120.8,705.7,908.5,379.3,782.2,1906.8,2242.8,80.3,0.0,82.0,0.0,504.3,519.1,1256.0,1299.7,43.0,0.0,28.0,0.0,46.6,0.0,0.0,120.8
1228,350323,35,1,4,4352.7,4991.9,3875.2,4429.2,39.8,91.1,601.7,903.5,323.7,218.3,1630.1,2143.9,67.4,0.0,69.1,0.0,402.5,414.6,722.7,748.9,29.0,0.0,29.0,0.0,39.8,0.0,0.0,91.1
1229,350324,35,1,4,3070.6,3226.6,2833.4,2931.6,22.6,60.5,344.9,483.7,188.6,187.4,929.2,957.6,34.4,0.0,35.4,0.0,415.3,428.2,843.6,874.6,23.0,0.0,19.0,0.0,22.6,0.0,0.0,60.5
1230,350325,35,1,4,3786.9,7075.6,3255.6,6407.6,12.2,133.8,187.0,1379.4,100.9,790.4,511.3,1755.1,20.8,0.0,21.6,0.0,759.3,783.1,1638.8,1699.6,4.0,0.0,12.0,0.0,12.2,0.0,0.0,133.8
1231,350326,35,1,4,6751.9,8910.3,6257.6,8323.9,56.6,126.1,866.9,1377.0,458.0,216.5,2469.6,2935.7,148.4,690.8,151.7,0.0,776.8,800.7,1296.1,1343.1,70.0,960.0,20.0,0.0,56.6,0.0,0.0,126.1
1232,350327,35,1,4,6149.9,3166.2,5867.6,2881.4,72.3,57.5,1177.1,78.6,603.5,36.2,3058.2,2100.1,131.5,0.0,134.3,0.0,186.1,191.6,458.8,474.9,104.0,0.0,14.0,0.0,72.3,0.0,0.0,57.5
1233,350328,35,1,4,5185.6,3209.5,4900.4,2906.4,56.7,57.8,928.6,309.9,471.8,40.3,2386.9,1770.0,102.9,0.0,105.1,0.0,251.7,259.2,509.3,526.9,129.0,0.0,15.0,0.0,56.7,0.0,0.0,57.8
1234,350329,35,1,4,5666.1,4042.4,5343.2,3690.6,58.3,73.2,968.4,282.9,487.3,379.6,2490.4,1886.1,111.7,0.0,114.0,0.0,296.7,305.5,808.8,836.4,54.0,0.0,12.0,0.0,58.3,0.0,0.0,73.2
1235,350330,35,1,4,6169.3,5092.7,5801.2,4686.8,60.1,79.8,1006.9,466.9,512.5,190.9,2632.5,2109.0,114.7,571.4,117.4,0.0,416.7,429.0,890.4,919.7,99.0,0.0,11.0,0.0,60.1,0.0,0.0,79.8
1236,350331,35,1,4,4667.9,3406.0,4396.3,3105.2,48.7,60.8,801.9,400.9,427.4,135.0,2151.7,1790.6,93.0,4.0,95.1,0.0,233.2,239.8,519.0,534.8,65.0,0.0,10.0,0.0,48.7,0.0,0.0,60.8
1237,350332,35,1,3,1913.0,1074.6,1741.0,881.8,20.4,18.2,341.6,33.9,176.7,25.6,861.0,546.3,36.9,0.0,37.8,0.0,80.0,82.4,187.9,193.5,14.0,0.0,5.0,0.0,20.4,0.0,0.0,18.2
1238,350333,35,1,4,5633.3,2924.8,5331.9,2608.4,60.0,50.7,1042.9,76.6,516.1,70.2,2621.0,1701.9,119.9,0.0,122.6,0.0,218.3,224.3,520.2,535.4,160.0,0.0,11.0,0.0,60.0,0.0,0.0,50.7
1239,350334,35,1,3,2238.0,981.8,2033.4,752.4,24.1,15.4,421.5,1.3,199.9,0.0,1048.8,596.3,56.0,0.0,57.5,0.0,41.8,42.9,108.8,111.9,92.0,0.0,7.0,0.0,24.1,0.0,0.0,15.4
1240,350335,35,1,3,4815.5,3002.2,4558.0,2711.2,48.1,55.2,789.4,191.1,415.2,229.6,2169.5,1371.8,112.2,0.0,115.0,0.0,254.6,261.8,639.0,656.8,53.0,0.0,10.0,0.0,48.1,0.0,0.0,55.2
1241,350336,35,1,3,3533.0,2558.7,3334.6,2336.3,37.9,33.0,625.0,140.4,320.4,39.9,1741.3,1011.2,109.3,0.0,111.8,737.2,124.0,126.9,273.7,280.7,17.0,0.0,12.0,0.0,37.9,0.0,0.0,33.0
1242,350337,35,1,4,5296.8,2199.3,4959.8,1857.8,55.5,37.2,937.0,104.0,471.2,74.1,2630.4,1267.4,223.2,0.0,227.9,0.0,113.8,116.3,289.3,295.9,54.0,0.0,13.0,0.0,55.5,0.0,0.0,37.2
1243,350338,35,1,3,6273.0,7288.6,5788.0,6666.2,39.1,141.6,669.2,714.9,360.5,1192.6,1748.7,1967.6,69.1,0.0,70.7,0.0,757.0,777.1,1969.7,2013.9,125.0,0.0,18.0,0.0,39.1,0.0,0.0,141.6
1244,350339,35,1,3,3394.9,2969.1,3060.8,2563.3,28.7,54.0,530.7,305.6,250.1,200.6,1299.4,1268.4,63.4,0.0,65.0,0.0,237.2,243.3,533.9,545.3,61.0,0.0,20.0,0.0,28.7,0.0,0.0,54.0
1245,350340,35,1,3,4907.9,2803.9,4648.6,2522.9,53.0,38.2,966.8,39.6,489.8,0.0,2495.8,1456.4,130.3,629.3,133.2,0.0,114.7,117.3,274.9,280.2,25.0,0.0,18.0,0.0,53.0,0.0,0.0,38.2
1246,350341,35,1,4,1690.9,4603.6,1258.6,4074.7,0.0,90.2,0.0,926.0,0.0,968.8,12.0,928.3,0.0,0.0,0.0,0.0,348.5,355.0,886.1,896.6,0.0,0.0,12.0,0.0,0.0,0.0,0.0,90.2
1247,350342,35,1,4,2985.1,10592.8,1272.0,8649.6,0.0,187.7,0.0,4028.1,0.0,190.6,38.0,3211.2,0.0,0.0,0.0,0.0,709.4,724.2,486.6,495.4,0.0,0.0,38.0,0.0,0.0,0.0,0.0,187.7
1248,350343,35,1,4,62.4,58.6,0.0,0.0,0.0,0.0,0.0,0.0,0.0,0.0,0.0,0.0,0.0,0.0,0.0,0.0,0.0,0.0,0.0,0.0,0.0,0.0,0.0,0.0,0.0,0.0,0.0,0.0
1249,350344,35,1,4,1933.5,6288.8,1232.3,5452.8,1.3,121.0,17.6,2027.1,9.8,537.5,69.7,1745.9,4.0,0.0,4.0,0.0,466.5,477.8,647.8,664.5,0.0,0.0,13.0,0.0,1.3,0.0,0.0,121.0
1250,350345,35,1,4,2344.8,5612.5,1884.3,5016.8,0.0,120.5,0.0,853.6,0.0,1274.9,16.0,985.1,0.0,0.0,0.0,0.0,475.9,487.8,1376.4,1415.5,0.0,0.0,16.0,0.0,0.0,0.0,0.0,120.5
1251,350346,35,1,4,501.3,1445.4,346.1,1262.7,0.0,28.5,0.0,325.4,0.0,197.1,2.0,388.9,0.0,0.0,0.0,0.0,107.2,109.7,235.0,241.6,0.0,0.0,2.0,0.0,0.0,0.0,0.0,28.5
1252,350347,35,1,4,401.8,1073.4,247.2,898.3,0.0,16.9,0.0,269.9,0.0,54.0,6.0,332.8,0.0,0.0,0.0,0.0,94.7,97.0,140.5,144.6,0.0,0.0,6.0,0.0,0.0,0.0,0.0,16.9
1253,350348,35,1,4,6884.3,13274.3,6285.4,12332.3,4.0,279.3,62.0,1198.1,33.0,3573.4,215.1,1471.1,5.1,0.0,5.3,0.0,1435.8,1476.6,4459.9,4613.1,3.0,0.0,66.0,0.0,4.0,0.0,0.0,279.3
1254,350349,35,1,4,4073.3,6560.2,3620.5,5976.2,24.1,132.2,377.8,1030.1,200.6,1171.7,922.3,1674.6,31.6,0.0,32.7,0.0,557.6,573.6,1476.0,1526.1,2.0,0.0,20.0,0.0,24.1,0.0,0.0,132.2
1255,350350,35,1,4,2922.0,3096.1,2679.3,2815.1,31.9,62.1,501.0,464.4,275.4,75.8,1206.5,1648.9,36.7,0.0,37.8,0.0,213.7,219.6,393.2,406.5,9.0,0.0,6.0,0.0,31.9,0.0,0.0,62.1
1256,350351,35,1,4,3285.6,3072.1,3063.9,2809.1,35.2,62.4,554.7,281.3,304.6,149.7,1340.8,1601.2,39.8,0.0,40.8,0.0,230.4,236.8,522.0,540.1,19.0,0.0,12.0,0.0,35.2,0.0,0.0,62.4
1257,350352,35,1,4,3013.7,6852.9,2589.3,6288.5,8.4,137.9,132.0,2215.6,71.9,533.6,328.4,1449.3,10.8,0.0,11.1,0.0,651.9,671.7,1369.2,1418.3,4.0,0.0,10.0,0.0,8.4,0.0,0.0,137.9
1258,350353,35,1,4,14753.9,29222.6,13311.1,27240.4,74.5,571.4,1157.7,7761.9,683.2,596.5,2949.0,10274.2,78.7,0.0,80.4,0.0,3505.8,3615.0,4816.3,4992.7,20.0,0.0,20.0,0.0,74.5,0.0,0.0,571.4
1259,350354,35,1,4,7135.0,7730.6,6531.5,7027.9,69.2,151.0,1091.8,1135.9,597.8,518.5,2795.5,3519.4,97.1,0.0,99.3,0.0,560.8,577.6,1233.1,1276.5,45.0,0.0,11.0,0.0,69.2,0.0,0.0,151.0
1260,350355,35,1,4,7713.5,5721.6,7246.2,5204.2,78.4,111.4,1244.4,465.5,651.9,311.4,3246.5,2624.4,135.1,0.0,137.7,0.0,536.0,552.0,1209.7,1250.9,74.0,0.0,11.0,0.0,78.4,0.0,0.0,111.4
1261,350356,35,1,4,6040.6,5445.9,5587.3,4926.3,54.9,103.1,892.8,684.3,455.8,371.8,2309.9,2155.4,101.7,0.0,104.1,0.0,520.9,536.0,1140.1,1178.7,47.0,0.0,15.0,0.0,54.9,0.0,0.0,103.1
1262,350357,35,1,4,3578.5,2635.1,3365.4,2400.2,38.8,50.2,645.9,191.4,349.4,117.0,1616.1,1476.3,54.4,0.0,55.7,0.0,173.2,178.0,423.8,437.4,39.0,0.0,8.0,0.0,38.8,0.0,0.0,50.2
1263,350358,35,1,4,2599.0,4283.0,2377.4,4007.2,17.9,61.4,314.9,625.2,162.2,98.5,735.6,1290.1,22.4,0.0,23.2,0.0,326.1,335.6,540.9,557.8,243.0,1100.0,9.0,0.0,17.9,0.0,0.0,61.4
1264,350359,35,1,4,5066.1,4661.1,4698.5,4222.3,42.2,86.8,726.6,551.7,370.7,272.5,1803.5,1701.2,66.8,0.0,68.3,55.7,509.4,523.2,1086.1,1118.0,46.0,0.0,21.0,0.0,42.2,0.0,0.0,86.8
1265,350360,35,1,3,4930.9,2256.5,4685.9,1995.7,56.6,44.1,931.0,25.4,480.9,28.6,2497.4,1519.2,133.8,0.0,136.7,0.0,114.8,117.8,296.4,304.7,84.0,0.0,11.0,0.0,56.6,0.0,0.0,44.1
1266,350361,35,1,3,4132.6,1997.5,3919.4,1767.0,46.6,39.1,798.9,22.9,400.4,16.9,2045.1,1356.8,91.1,0.0,93.3,0.0,100.5,103.4,260.1,267.0,123.0,0.0,7.0,0.0,46.6,0.0,0.0,39.1
1267,350362,35,1,3,4406.9,2244.5,4188.8,2006.0,48.3,44.8,806.8,68.6,413.1,89.4,2181.1,1377.0,113.7,0.0,116.4,0.0,124.7,127.8,335.0,343.3,91.0,0.0,7.0,0.0,48.3,0.0,0.0,44.8
1268,350363,35,1,3,6130.9,4454.0,5838.5,4087.1,62.9,77.7,1084.0,166.9,545.5,375.7,2854.0,1906.3,143.8,625.3,147.2,0.0,258.8,265.6,730.2,747.2,37.0,0.0,38.0,0.0,62.9,0.0,0.0,77.7
1269,350364,35,1,3,4269.5,3766.5,4043.3,3510.9,44.6,50.8,771.1,227.4,395.9,13.0,2025.0,1480.9,92.3,575.9,94.4,616.9,199.9,205.1,383.7,391.8,73.0,0.0,8.0,0.0,44.6,0.0,0.0,50.8
1270,350365,35,1,3,4247.9,1952.8,3987.2,1665.6,44.2,35.9,822.9,22.7,403.3,15.4,2012.0,1226.8,92.3,0.0,94.5,0.0,113.4,115.8,278.9,284.8,161.0,0.0,9.0,0.0,44.2,0.0,0.0,35.9
1271,350366,35,1,4,3184.5,3473.7,2903.8,3139.8,25.2,70.8,417.7,360.0,210.7,391.5,1003.1,1178.0,35.1,0.0,36.0,0.0,340.7,350.9,830.5,859.3,23.0,0.0,7.0,0.0,25.2,0.0,0.0,70.8
1272,350367,35,1,4,3191.8,3950.0,2911.5,3594.1,20.4,80.1,341.3,460.4,177.5,492.7,804.3,1087.2,23.3,0.0,24.1,0.0,442.1,455.2,1063.0,1098.5,21.0,0.0,15.0,0.0,20.4,0.0,0.0,80.1
1273,350368,35,1,4,10419.4,9624.7,9788.9,8830.6,92.5,194.6,1587.0,680.2,822.3,891.1,3702.2,3878.4,112.5,0.0,114.7,0.0,946.8,974.8,2329.3,2406.1,124.0,0.0,50.0,0.0,92.5,0.0,0.0,194.6
1274,350369,35,1,4,4105.9,5046.7,3757.1,4607.3,22.8,100.7,373.9,512.9,205.0,685.3,935.4,1179.6,27.0,0.0,27.9,0.0,637.4,656.1,1522.4,1573.4,17.0,0.0,11.0,0.0,22.8,0.0,0.0,100.7
1275,350370,35,1,4,5333.6,10150.7,4778.6,9336.1,11.0,211.2,189.0,1586.9,98.9,2011.2,488.5,1803.0,11.9,0.0,12.3,0.0,990.8,1019.3,2825.2,2915.6,105.0,0.0,57.0,0.0,11.0,0.0,0.0,211.2
1276,350371,35,1,4,5074.0,5313.1,4665.7,4822.7,46.2,105.6,804.8,503.6,414.1,413.1,1878.8,2511.3,56.4,0.0,57.8,0.0,395.2,406.6,957.4,988.0,84.0,0.0,17.0,0.0,46.2,0.0,0.0,105.6
1277,350372,35,1,4,235.7,3140.6,158.7,3045.1,0.0,9.7,0.0,158.8,0.0,0.0,9.0,147.4,0.0,0.0,0.0,2594.7,64.3,66.0,76.4,78.3,0.0,0.0,9.0,0.0,0.0,0.0,0.0,9.7
1278,350373,35,1,3,4439.3,2341.1,4186.6,2050.5,49.4,45.6,863.7,110.3,416.4,8.2,2158.7,1499.8,100.5,0.0,102.9,0.0,128.6,131.8,292.7,300.5,104.0,0.0,19.0,0.0,49.4,0.0,0.0,45.6
1279,350374,35,1,3,2768.0,1542.0,2527.0,1265.9,28.9,28.1,509.8,102.4,241.6,100.8,1297.2,748.7,78.0,0.0,79.9,0.0,82.5,84.6,224.0,229.3,6.0,0.0,8.0,0.0,28.9,0.0,0.0,28.1
1280,350375,35,1,3,6554.1,4522.4,6203.1,4115.3,66.4,92.2,1135.8,435.4,591.9,178.6,3068.0,2501.2,139.1,0.0,142.2,0.0,292.6,300.2,685.5,699.8,135.0,0.0,13.0,0.0,66.4,0.0,0.0,92.2
1281,350376,35,1,3,4805.4,3055.7,4450.1,2661.6,50.9,59.1,928.7,502.9,454.0,0.0,2274.6,1662.7,106.6,0.0,108.9,0.0,169.4,173.2,316.8,322.7,75.0,0.0,16.0,0.0,50.9,0.0,0.0,59.1
1282,350377,35,1,3,2966.9,1861.8,2792.5,1670.1,35.0,41.0,547.3,69.2,274.4,110.5,1409.6,1063.3,59.9,0.0,61.4,0.0,110.8,114.0,303.1,313.0,20.0,0.0,6.0,0.0,35.0,0.0,0.0,41.0
1283,350378,35,1,4,1954.6,1258.6,1806.4,1100.7,23.1,25.4,380.8,40.1,191.4,25.9,916.4,795.2,33.3,0.0,34.2,0.0,65.9,67.8,166.3,171.7,12.0,0.0,6.0,0.0,23.1,0.0,0.0,25.4
1284,350379,35,1,3,3520.6,1992.0,3341.1,1797.7,44.1,44.2,692.3,31.1,358.6,19.0,1753.4,1367.4,67.3,0.0,69.1,0.0,104.2,107.2,264.3,273.0,25.0,0.0,7.0,0.0,44.1,0.0,0.0,44.2
1285,350380,35,1,4,1335.8,855.4,1222.1,736.1,16.2,17.0,269.6,4.7,139.6,3.0,620.6,579.4,19.6,0.0,20.3,0.0,40.5,41.3,104.8,107.8,4.0,0.0,3.0,0.0,16.2,0.0,0.0,17.0
1286,350381,35,1,4,3888.5,2480.0,3673.6,2245.5,45.1,47.4,751.7,60.0,412.8,55.1,1833.2,1635.1,53.2,0.0,54.4,0.0,135.6,138.9,346.6,356.4,73.0,0.0,13.0,0.0,45.1,0.0,0.0,47.4
1287,350382,35,1,4,1678.2,2445.4,1478.1,2204.0,11.3,48.4,195.2,310.8,99.8,323.1,455.6,862.5,16.2,0.0,16.9,0.0,190.8,196.2,495.6,511.4,3.0,0.0,5.0,0.0,11.3,0.0,0.0,48.4
1288,350383,35,1,4,5257.8,8240.8,4763.1,7545.3,17.7,175.9,302.3,1284.1,157.9,1436.8,731.4,1248.3,18.5,0.0,19.1,0.0,983.1,1011.0,2487.8,2565.1,24.0,0.0,39.0,0.0,17.7,0.0,0.0,175.9
1289,350384,35,1,4,1345.1,913.3,1225.6,786.0,15.7,17.8,259.0,24.1,142.2,6.6,631.7,615.8,18.6,0.0,19.1,0.0,38.9,39.7,97.2,99.9,15.0,0.0,4.0,0.0,15.7,0.0,0.0,17.8
1290,350385,35,1,3,6636.5,3427.2,6309.6,3081.1,79.0,71.1,1270.1,150.2,656.4,16.5,3336.2,2254.1,153.5,0.0,156.7,0.0,194.6,199.7,448.0,460.6,81.0,0.0,13.0,0.0,79.0,0.0,0.0,71.1
1291,350386,35,1,3,4977.0,2671.0,4693.7,2360.3,52.6,48.4,845.9,128.5,444.1,67.1,2420.7,1653.8,167.4,50.9,171.2,5.8,132.1,135.7,310.4,318.4,191.0,0.0,11.0,0.0,52.6,0.0,0.0,48.4
1292,350387,35,1,3,3829.5,2650.0,3539.7,2319.5,36.9,50.6,644.7,196.1,334.2,115.6,1711.2,1392.8,92.3,0.0,94.4,0.0,186.9,191.0,415.0,423.8,50.0,0.0,11.0,0.0,36.9,0.0,0.0,50.6
1293,350388,35,1,3,4377.4,7011.8,3953.0,6425.3,19.9,146.6,341.7,824.1,181.7,1349.0,931.3,1830.7,37.4,0.0,38.4,0.0,621.9,637.3,1748.6,1784.1,26.0,0.0,26.0,0.0,19.9,0.0,0.0,146.6
1294,350389,35,1,3,43.3,103.5,2.6,58.7,0.0,1.4,0.0,5.7,0.0,0.0,1.0,52.4,0.0,0.0,0.0,0.0,0.6,0.6,0.0,0.0,0.0,0.0,1.0,0.0,0.0,0.0,0.0,1.4
1295,350390,35,1,3,1439.8,1608.9,1334.6,1494.9,17.2,17.4,269.7,54.7,144.7,0.0,695.3,559.7,25.3,613.3,26.0,93.0,55.6,57.0,114.1,117.2,0.0,0.0,4.0,0.0,17.2,0.0,0.0,17.4
1296,350391,35,1,4,3043.0,1640.9,2876.0,1471.2,37.0,30.2,597.9,42.5,319.0,0.0,1541.4,1141.8,58.6,0.0,60.2,0.0,82.3,84.6,196.5,202.2,15.0,0.0,5.0,0.0,37.0,0.0,0.0,30.2
1297,350392,35,1,4,4111.3,3451.4,3832.0,3136.3,44.4,66.0,739.6,364.2,414.6,156.3,1827.9,1901.6,53.9,0.0,55.2,0.0,206.6,212.0,488.2,502.3,35.0,0.0,11.0,0.0,44.4,0.0,0.0,66.0
1298,350393,35,1,4,7566.5,4616.8,7213.1,4248.0,80.5,77.3,1317.6,180.4,669.5,252.3,3617.9,2282.2,202.1,324.5,206.3,88.6,308.0,315.9,782.7,804.1,94.0,0.0,15.0,0.0,80.5,0.0,0.0,77.3
1299,350394,35,1,3,3134.5,2671.5,2937.5,2450.2,34.0,35.8,575.6,135.7,298.1,57.7,1470.4,1127.9,62.1,702.9,63.7,0.0,129.0,132.2,286.7,293.8,44.0,0.0,8.0,0.0,34.0,0.0,0.0,35.8
1300,350395,35,1,3,2373.6,1989.7,2182.4,1760.9,20.7,36.6,333.1,359.5,172.1,228.2,955.8,584.8,66.0,0.0,67.7,0.0,161.7,165.8,412.9,422.7,7.0,0.0,6.0,0.0,20.7,0.0,0.0,36.6
1301,350396,35,1,4,8072.9,11799.3,7410.4,10947.6,49.0,213.4,813.9,810.7,456.4,2496.1,2038.7,3622.9,59.9,0.0,61.3,0.0,937.4,962.1,2973.8,3055.9,49.0,0.0,20.0,0.0,49.0,0.0,0.0,213.4
1302,350397,35,1,2,374.1,1231.9,216.4,1046.3,0.4,28.8,5.3,445.6,3.5,79.9,22.5,341.5,2.0,0.0,2.0,0.0,91.8,92.4,88.4,86.8,0.0,0.0,1.0,0.0,0.4,0.0,0.0,28.8
1303,350398,35,1,3,4088.5,3320.3,3820.9,3005.8,35.8,77.8,633.4,383.9,356.9,213.7,1938.1,1793.4,130.3,0.0,132.9,0.0,198.6,199.9,426.7,414.9,1.0,0.0,3.0,0.0,35.8,0.0,0.0,77.8
1304,350399,35,1,3,2793.8,1365.4,2661.0,1219.7,27.9,32.4,506.7,19.7,264.9,11.3,1477.2,968.8,92.0,0.0,94.3,0.0,63.7,64.1,160.2,155.7,0.0,0.0,2.0,0.0,27.9,0.0,0.0,32.4
1305,350400,35,1,3,608.8,2185.9,200.1,1728.3,0.2,47.5,2.5,761.3,1.7,75.8,7.7,705.0,0.3,0.0,0.3,0.0,124.4,125.1,62.2,61.0,0.0,0.0,1.0,0.0,0.2,0.0,0.0,47.5
1306,350401,35,1,3,14409.2,13512.2,13791.5,12793.4,136.2,201.1,2309.6,716.2,1297.1,301.1,7200.6,4908.8,544.6,807.9,555.7,4278.1,595.3,595.6,1228.7,1185.8,38.0,0.0,22.0,0.0,136.2,0.0,0.0,201.1
1307,350402,35,1,3,4114.1,2764.3,3942.5,2568.4,38.9,49.1,743.8,63.7,385.6,19.7,2174.2,1433.6,134.2,698.3,137.3,0.0,108.7,108.8,252.7,244.3,1.0,0.0,5.0,0.0,38.9,0.0,0.0,49.1
1308,350403,35,1,3,6192.5,2796.9,5929.9,2506.8,60.9,65.5,1173.5,10.2,617.6,0.0,3270.8,2057.1,196.4,0.0,200.7,0.0,125.2,125.9,321.6,313.6,15.0,0.0,9.0,0.0,60.9,0.0,0.0,65.5
1309,350404,35,1,3,11630.3,5257.3,11213.8,4816.1,113.7,109.7,2003.4,111.5,1085.7,11.1,6270.9,3243.0,538.0,573.5,549.1,136.5,219.4,220.8,532.2,519.6,7.0,0.0,8.0,0.0,113.7,0.0,0.0,109.7
1310,350405,35,1,3,12627.6,4483.6,12229.8,4056.5,111.1,103.5,2086.3,17.5,1211.7,45.8,6877.4,3270.3,623.2,0.0,635.6,0.0,205.8,206.0,535.9,516.9,36.0,0.0,18.0,0.0,111.1,0.0,0.0,103.5
1311,350406,35,1,3,8687.1,4074.4,8342.4,3684.0,75.5,95.1,1469.1,146.2,812.8,97.4,4516.0,2633.8,342.6,0.0,349.8,0.0,246.8,247.1,581.2,559.4,14.0,0.0,10.0,0.0,75.5,0.0,0.0,95.1
1312,350407,35,1,3,9857.4,5742.3,9467.5,5292.0,88.8,117.8,1794.4,166.7,934.6,141.1,5006.1,3410.1,301.2,633.4,307.7,0.0,280.8,282.1,677.7,658.6,149.0,0.0,16.0,0.0,88.8,0.0,0.0,117.8
1313,350408,35,1,3,11331.8,4479.9,10899.0,4030.3,99.3,95.7,2062.2,136.5,1046.4,5.0,6067.4,3213.4,509.0,0.0,519.1,0.0,195.8,196.4,494.0,478.9,3.0,0.0,2.0,0.0,99.3,0.0,0.0,95.7
1314,350409,35,1,3,7085.6,5648.2,6754.3,5242.0,55.4,105.6,1135.8,305.5,589.5,246.0,3268.9,2394.5,191.8,1101.0,196.1,0.0,385.9,385.8,841.3,809.1,131.0,0.0,14.0,0.0,55.4,0.0,0.0,105.6
1315,350410,35,1,3,8465.3,9394.0,7889.9,8626.1,47.4,219.6,931.6,640.7,509.3,2165.8,2868.8,2783.2,217.6,0.0,222.3,0.0,824.7,821.8,2303.6,2214.5,2.0,0.0,10.0,0.0,47.4,0.0,0.0,219.6
1316,350411,35,1,3,13094.2,8784.5,12589.6,8204.4,113.0,146.6,2091.3,483.8,1183.9,324.4,6776.7,3856.6,609.2,628.7,621.6,1657.7,390.6,391.9,887.2,861.3,4.0,0.0,25.0,0.0,113.0,0.0,0.0,146.6
1317,350412,35,1,3,1040.0,801.0,923.0,671.0,7.9,16.4,158.5,91.1,83.8,31.9,491.2,440.2,38.4,0.0,39.4,0.0,37.8,37.7,72.9,70.2,0.0,0.0,1.0,0.0,7.9,0.0,0.0,16.4
1318,350413,35,1,3,3694.3,1490.5,3536.6,1321.1,32.5,32.9,638.0,2.9,350.6,0.0,1979.9,1090.7,156.1,0.0,159.7,0.0,65.2,65.4,168.0,162.2,17.0,0.0,2.0,0.0,32.5,0.0,0.0,32.9
1319,350414,35,1,3,441.1,1561.0,173.9,1259.2,0.0,30.1,0.0,594.0,0.0,73.1,1.0,421.8,0.0,0.0,0.0,0.0,107.0,107.4,65.0,62.9,0.0,0.0,1.0,0.0,0.0,0.0,0.0,30.1
1320,350415,35,1,3,5572.6,2195.1,5346.0,1955.1,49.2,46.3,978.3,4.9,524.4,0.0,2973.2,1611.0,240.7,0.0,245.6,0.0,96.8,97.1,249.0,242.1,33.0,0.0,5.0,0.0,49.2,0.0,0.0,46.3
1321,350416,35,1,2,391.6,1740.9,149.4,1457.4,0.0,39.7,0.0,685.5,0.0,40.8,4.0,589.8,0.0,0.0,0.0,0.0,87.2,87.9,54.2,53.4,0.0,0.0,4.0,0.0,0.0,0.0,0.0,39.7
1322,350417,35,1,2,366.8,1337.0,139.8,1080.3,0.0,28.0,0.0,361.1,0.0,55.8,2.0,528.1,0.0,0.0,0.0,0.0,71.1,71.6,64.7,63.6,0.0,0.0,2.0,0.0,0.0,0.0,0.0,28.0
1323,350418,35,1,3,264.3,580.5,170.9,469.1,0.0,12.7,0.0,52.4,0.0,171.5,1.0,77.7,0.0,0.0,0.0,0.0,37.3,37.6,131.6,130.0,0.0,0.0,1.0,0.0,0.0,0.0,0.0,12.7
1324,350419,35,1,4,2709.0,9837.8,1524.3,8435.1,0.0,195.2,0.0,2110.5,0.0,1072.9,26.0,3781.1,0.0,0.0,0.0,0.0,549.1,555.2,923.1,915.4,0.0,0.0,26.0,0.0,0.0,0.0,0.0,195.2
1325,350420,35,1,4,2313.6,8876.6,842.9,7221.4,0.0,163.4,0.0,3615.0,0.0,285.8,23.0,2515.9,0.0,0.0,0.0,0.0,527.3,534.9,269.6,269.8,0.0,0.0,23.0,0.0,0.0,0.0,0.0,163.4
1326,350421,35,1,4,3967.2,12515.4,2340.2,10629.4,0.0,224.5,0.0,5300.0,0.0,1431.3,32.0,1604.9,0.0,0.0,0.0,0.0,1055.0,1069.6,1221.1,1223.5,0.0,0.0,32.0,0.0,0.0,0.0,0.0,224.5
1327,350422,35,1,4,7265.2,11573.0,5829.8,9949.2,52.2,194.1,721.2,4076.9,461.8,276.3,2680.0,3237.1,255.0,275.9,259.9,667.1,804.8,817.1,596.1,598.8,11.0,0.0,40.0,0.0,52.2,0.0,0.0,194.1
1328,350423,35,1,4,3118.0,11367.9,1471.0,9485.9,0.0,205.0,0.0,3995.2,0.0,699.5,26.0,3356.3,0.0,0.0,0.0,0.0,711.9,723.5,707.1,711.3,0.0,0.0,26.0,0.0,0.0,0.0,0.0,205.0
1329,350424,35,1,4,727.5,2673.4,300.9,2197.4,0.0,44.4,0.0,1241.4,0.0,71.9,6.0,590.9,0.0,0.0,0.0,0.0,207.9,211.8,81.0,81.3,0.0,0.0,6.0,0.0,0.0,0.0,0.0,44.4
1330,350425,35,1,4,5751.5,18118.5,3631.9,15629.1,0.0,327.4,0.0,6065.0,0.0,1074.2,32.0,4860.1,0.0,0.0,0.0,0.0,1577.0,1608.0,1990.9,2021.8,0.0,0.0,32.0,0.0,0.0,0.0,0.0,327.4
1331,350426,35,1,4,9459.7,12892.7,8373.3,11648.9,92.1,221.2,1416.8,2364.8,755.1,277.6,4044.3,6079.0,227.0,907.7,231.8,335.4,638.0,651.1,1017.2,1033.3,17.0,0.0,26.0,0.0,92.1,0.0,0.0,221.2
1332,350427,35,1,2,1684.2,4101.5,1081.2,3404.0,6.0,93.1,99.9,1378.7,56.8,215.6,341.5,1298.6,33.2,0.0,34.0,0.0,276.8,279.0,236.1,232.0,0.0,0.0,3.0,0.0,6.0,0.0,0.0,93.1
1333,350428,35,1,3,144.6,1340.4,63.1,1249.3,0.0,6.0,0.0,72.9,0.0,1.5,0.0,83.6,0.0,814.2,0.0,214.7,28.1,28.2,35.0,34.3,0.0,0.0,0.0,0.0,0.0,0.0,0.0,6.0
1334,350429,35,1,3,5063.8,4892.7,4731.8,4460.1,36.0,111.5,585.3,381.7,337.0,982.9,1960.9,1654.4,183.2,0.0,187.3,0.0,378.5,381.5,1076.6,1059.7,5.0,0.0,18.0,0.0,36.0,0.0,0.0,111.5
1335,350430,35,1,4,5587.5,13414.5,4295.6,11798.1,0.0,265.2,0.0,2736.5,0.0,2083.3,61.0,2830.7,0.0,0.0,0.0,0.0,1369.3,1381.0,2804.3,2766.6,0.0,0.0,61.0,0.0,0.0,0.0,0.0,265.2
1336,350431,35,1,4,234.7,2807.3,100.2,2620.2,0.0,51.8,0.0,2262.1,0.0,14.4,8.0,206.2,0.0,53.3,0.0,0.0,46.9,47.3,37.2,36.8,0.0,0.0,8.0,0.0,0.0,0.0,0.0,51.8
1337,350432,35,1,4,1781.9,10760.0,775.7,9547.1,0.0,188.4,0.0,2008.1,0.0,203.4,23.0,6602.3,0.0,0.0,0.0,0.0,341.6,345.8,388.0,387.5,0.0,0.0,23.0,0.0,0.0,0.0,0.0,188.4
1338,350433,35,1,3,6901.2,3230.3,6616.3,2925.8,64.6,56.8,1151.9,80.0,630.3,0.0,3657.0,1722.0,354.2,704.5,361.6,0.0,130.9,131.7,293.5,287.6,27.0,0.0,10.0,0.0,64.6,0.0,0.0,56.8
1339,350434,35,1,3,3304.3,1184.7,3148.9,1023.6,31.3,27.1,524.2,12.7,298.7,4.6,1780.4,828.0,177.0,0.0,181.0,0.0,50.9,51.2,129.6,127.0,5.0,0.0,2.0,0.0,31.3,0.0,0.0,27.1
1340,350435,35,1,3,3978.2,1618.3,3802.8,1435.7,38.8,33.1,701.1,3.2,392.7,0.0,2128.9,1179.9,157.1,0.0,160.5,0.0,71.4,71.9,184.0,180.7,3.0,0.0,4.0,0.0,38.8,0.0,0.0,33.1
1341,350436,35,1,4,3778.0,4395.8,3449.2,3975.2,22.1,91.4,384.5,521.7,214.1,589.3,1188.7,1415.2,86.7,0.0,88.9,0.0,445.2,448.9,1016.0,1000.1,4.0,0.0,21.0,0.0,22.1,0.0,0.0,91.4
1342,350437,35,1,4,15259.7,16297.4,14374.3,15157.9,101.7,283.6,1809.4,1293.0,964.9,1876.0,5432.7,4118.6,379.4,2362.7,387.5,227.4,1610.7,1623.6,3713.7,3656.8,5.0,0.0,71.0,0.0,101.7,0.0,0.0,283.6
1343,350438,35,1,4,1311.9,5512.8,883.5,4988.5,0.0,99.0,0.0,1474.9,0.0,273.1,6.0,2368.3,0.0,0.0,0.0,0.0,345.5,349.4,525.9,522.7,0.0,0.0,6.0,0.0,0.0,0.0,0.0,99.0
1344,350439,35,1,4,346.8,2561.2,117.2,2287.1,0.0,46.6,0.0,1577.3,0.0,25.0,6.0,578.8,0.0,0.0,0.0,0.0,64.0,65.0,41.1,41.0,0.0,0.0,6.0,0.0,0.0,0.0,0.0,46.6
1345,350440,35,1,4,2842.2,1179.5,2699.9,1042.3,29.8,20.2,502.0,2.0,268.8,0.0,1499.1,852.0,108.9,0.0,111.3,0.0,52.3,52.8,135.5,135.4,14.0,0.0,8.0,0.0,29.8,0.0,0.0,20.2
1346,350441,35,1,4,673.6,4533.4,450.4,4276.4,0.0,38.9,0.0,606.8,0.0,87.2,3.0,761.4,0.0,993.9,0.0,1380.1,193.0,195.9,251.4,250.9,0.0,0.0,3.0,0.0,0.0,0.0,0.0,38.9
1347,350442,35,1,4,8013.8,4410.7,7611.6,3984.7,80.4,78.2,1254.2,445.7,702.0,179.8,4028.3,2420.8,338.4,38.6,345.0,0.0,286.7,291.1,607.0,608.6,20.0,0.0,30.0,0.0,80.4,0.0,0.0,78.2
1348,350443,35,1,4,6828.4,4198.6,6554.2,3929.4,69.8,54.7,1110.3,231.3,622.1,53.9,3484.1,2073.5,268.2,796.1,273.8,0.0,249.9,254.2,516.9,520.4,16.0,0.0,13.0,0.0,69.8,0.0,0.0,54.7
1349,350444,35,1,4,4545.7,1543.5,4352.2,1373.8,49.1,25.3,733.2,6.8,412.9,2.4,2455.6,1102.4,236.7,0.0,241.2,0.0,73.2,74.4,186.4,187.8,9.0,0.0,4.0,0.0,49.1,0.0,0.0,25.3
1350,350445,35,1,4,8427.7,7931.4,7888.2,7338.3,73.3,103.5,1038.4,967.7,622.8,442.8,3757.8,2950.2,383.7,367.9,391.3,929.4,536.0,546.3,1120.2,1133.9,10.0,0.0,28.0,0.0,73.3,0.0,0.0,103.5
1351,350446,35,1,4,3596.1,5738.3,3073.1,5150.0,28.1,82.1,462.8,1698.0,260.2,140.7,1345.3,2459.0,73.4,0.0,75.1,0.0,355.7,362.4,483.5,489.8,5.0,0.0,12.0,0.0,28.1,0.0,0.0,82.1
1352,350447,35,1,4,2625.0,3958.8,2375.3,3664.7,22.2,64.5,331.1,568.0,180.4,296.4,977.0,1346.3,56.8,680.3,58.3,0.0,249.6,254.8,511.1,518.9,5.0,0.0,6.0,0.0,22.2,0.0,0.0,64.5
1353,350448,35,1,4,2161.1,1775.0,2019.2,1623.7,22.2,28.3,361.3,186.1,193.7,73.4,996.2,995.5,44.8,0.0,46.0,0.0,112.9,115.0,250.3,253.7,9.0,0.0,5.0,0.0,22.2,0.0,0.0,28.3
1354,350449,35,1,3,10990.4,4880.0,10567.0,4409.0,101.6,108.6,1999.9,75.3,1043.6,55.8,5704.1,3351.0,404.0,0.0,412.2,0.0,274.2,275.7,665.9,651.1,43.0,0.0,20.0,0.0,101.6,0.0,0.0,108.6
1355,350450,35,1,3,8417.3,4047.2,8118.9,3730.1,79.0,61.9,1373.2,99.8,799.1,0.0,4536.5,2071.5,422.2,1052.7,431.2,0.0,158.6,159.6,353.1,346.5,24.0,0.0,21.0,0.0,79.0,0.0,0.0,61.9
1356,350451,35,1,3,4948.7,9779.1,4459.2,9046.0,0.2,204.9,1.9,899.1,1.5,2955.6,41.5,859.3,0.9,0.0,0.9,0.0,1161.3,1169.0,3218.3,3162.9,0.0,0.0,33.0,0.0,0.2,0.0,0.0,204.9
1357,350452,35,1,4,4422.1,3625.8,4139.8,3291.9,27.3,68.6,463.5,312.8,263.6,565.0,1523.9,831.8,137.8,0.0,140.8,0.0,477.1,481.3,1117.0,1100.9,3.0,0.0,13.0,0.0,27.3,0.0,0.0,68.6
1358,350453,35,1,4,7532.2,5235.4,7130.8,4814.7,65.4,76.9,1148.2,364.3,630.6,259.4,3622.5,2335.4,330.3,846.4,337.3,0.0,315.4,318.5,698.3,690.7,35.0,0.0,13.0,0.0,65.4,0.0,0.0,76.9
1359,350454,35,1,4,3781.9,1549.8,3613.3,1384.4,37.3,26.4,670.2,2.9,363.5,0.0,1996.9,1135.6,143.5,0.0,146.8,0.0,69.2,69.8,178.1,176.1,35.0,0.0,10.0,0.0,37.3,0.0,0.0,26.4
1360,350455,35,1,4,5696.2,2974.1,5381.5,2659.7,52.6,48.8,882.9,281.2,510.7,162.9,2852.4,1631.3,254.4,0.0,259.5,0.0,179.9,181.9,405.5,402.4,28.0,0.0,8.0,0.0,52.6,0.0,0.0,48.8
1361,350456,35,1,4,3249.5,2163.1,3085.2,2007.9,31.7,24.5,564.8,54.1,306.1,0.0,1675.1,1009.6,120.5,689.4,123.3,0.0,79.7,80.7,175.6,174.1,37.0,0.0,3.0,0.0,31.7,0.0,0.0,24.5
1362,350457,35,1,4,4849.6,1413.7,4648.0,1240.0,47.6,21.5,759.2,2.6,464.9,0.0,2673.8,1014.1,256.8,0.0,261.9,0.0,62.4,63.1,161.1,160.2,5.0,0.0,3.0,0.0,47.6,0.0,0.0,21.5
1363,350458,35,1,4,9788.1,8007.1,9159.2,7321.6,81.9,128.2,1309.1,1416.0,771.9,604.4,4515.6,3625.9,431.2,0.0,439.6,0.0,548.6,555.3,1125.1,1119.9,4.0,0.0,14.0,0.0,81.9,0.0,0.0,128.2
1364,350459,35,1,4,9686.8,5638.7,9269.8,5200.4,86.8,89.9,1401.8,344.3,832.8,494.2,4766.9,2959.3,418.0,0.0,426.2,0.0,396.3,401.3,1003.8,1001.3,3.0,0.0,21.0,0.0,86.8,0.0,0.0,89.9
1365,350460,35,1,4,2591.3,2030.3,2429.3,1849.1,20.4,35.9,314.5,195.8,188.7,219.4,1068.7,767.0,92.9,0.0,95.0,0.0,200.1,202.8,464.3,464.1,0.0,0.0,5.0,0.0,20.4,0.0,0.0,35.9
1366,350461,35,1,4,9619.8,8528.1,9118.9,7987.7,82.6,112.2,1296.0,732.7,763.9,425.8,4279.6,2925.5,358.4,764.5,365.7,1111.5,655.3,665.4,1360.1,1362.3,27.0,0.0,13.0,0.0,82.6,0.0,0.0,112.2
1367,350462,35,1,4,6079.9,4115.9,5780.5,3788.7,59.4,66.1,976.5,229.7,526.3,386.2,2873.5,2145.1,176.6,0.0,180.0,0.0,280.2,284.6,739.3,743.1,4.0,0.0,24.0,0.0,59.4,0.0,0.0,66.1
1368,350463,35,1,4,4180.5,1957.9,3989.8,1776.3,43.5,29.4,686.3,64.5,371.1,93.1,2174.4,1236.7,179.3,0.0,182.8,0.0,103.3,105.0,275.5,277.0,9.0,0.0,8.0,0.0,43.5,0.0,0.0,29.4
1369,350464,35,1,4,5025.1,9641.3,4252.2,8668.0,0.0,140.9,0.0,1327.1,0.0,865.3,64.0,2298.9,0.0,0.0,0.0,0.0,1356.4,1380.8,2767.8,2795.9,0.0,0.0,64.0,0.0,0.0,0.0,0.0,140.9
1370,350465,35,1,4,7363.4,6591.8,6868.5,6031.5,52.3,100.3,793.0,594.8,441.9,899.7,2590.6,1944.6,229.0,0.0,233.4,0.0,748.9,763.0,1807.7,1829.3,4.0,0.0,20.0,0.0,52.3,0.0,0.0,100.3
1371,350466,35,1,4,6384.3,6988.4,5892.6,6426.4,53.4,107.0,884.2,815.6,472.9,642.8,2443.3,3113.8,111.3,0.0,113.6,0.0,547.4,558.1,1279.0,1296.1,25.0,0.0,16.0,0.0,53.4,0.0,0.0,107.0
1372,350467,35,1,3,9091.2,5214.8,8718.2,4789.6,82.4,100.5,1564.1,237.9,853.4,134.6,4713.4,2976.3,343.7,625.1,350.9,0.0,251.7,252.9,576.0,562.8,44.0,0.0,21.0,0.0,82.4,0.0,0.0,100.5
1373,350468,35,1,3,10795.5,6223.4,10378.1,5762.2,102.9,101.4,1904.3,244.4,1004.7,48.7,5517.1,3512.0,381.8,0.0,389.6,1080.5,272.7,274.4,612.9,602.1,268.0,0.0,27.0,0.0,102.9,0.0,0.0,101.4
1374,350469,35,1,3,1802.0,1537.6,1673.5,1399.1,16.6,15.8,288.6,60.1,159.1,0.0,911.2,523.2,79.2,665.8,81.1,0.0,51.6,51.9,99.6,98.1,0.0,0.0,3.0,0.0,16.6,0.0,0.0,15.8
1375,350470,35,1,3,4559.1,5695.8,4291.6,5332.6,27.7,101.3,474.8,277.1,266.4,1593.7,1510.2,1082.8,131.1,647.7,134.0,0.0,394.8,397.7,1355.2,1333.5,13.0,0.0,12.0,0.0,27.7,0.0,0.0,101.3
1376,350471,35,1,3,10384.7,5099.6,9965.8,4635.6,97.7,96.7,1644.3,222.4,968.3,199.3,5397.3,3248.3,468.4,0.0,477.6,0.0,290.7,293.0,682.2,672.6,6.0,0.0,31.0,0.0,97.7,0.0,0.0,96.7
1377,350472,35,1,3,11554.6,5090.0,11124.4,4644.7,111.2,88.5,1927.4,188.6,1114.1,136.7,6051.4,3405.7,484.9,0.0,494.6,0.0,266.5,269.1,651.5,644.5,111.0,0.0,23.0,0.0,111.2,0.0,0.0,88.5
1378,350473,35,1,4,6836.4,4859.7,6510.5,4507.6,59.2,72.6,987.4,354.5,584.8,430.9,3252.9,2102.8,282.5,525.9,288.3,0.0,321.9,325.0,774.6,768.5,4.0,0.0,14.0,0.0,59.2,0.0,0.0,72.6
1379,350474,35,1,4,6457.7,8160.8,6062.0,7663.8,43.5,119.3,779.7,804.0,432.6,1640.5,2272.6,2329.4,131.3,615.1,134.3,0.0,567.4,574.5,1708.1,1700.3,5.0,0.0,31.0,0.0,43.5,0.0,0.0,119.3
1380,350475,35,1,4,3840.3,3266.6,3610.6,3009.1,27.8,48.4,471.6,197.6,271.3,699.8,1540.1,1072.2,136.3,0.0,139.0,0.0,256.1,259.4,782.3,780.1,1.0,0.0,13.0,0.0,27.8,0.0,0.0,48.4
1381,350476,35,1,4,1386.5,6384.1,1253.0,6245.5,10.6,19.2,175.7,256.9,101.1,9.5,569.7,564.9,49.7,0.0,50.9,5119.8,121.3,122.9,171.6,171.5,10.0,0.0,3.0,0.0,10.6,0.0,0.0,19.2
1382,350477,35,1,4,9933.1,7850.4,9401.5,7248.8,80.7,125.5,1310.0,614.4,753.1,1055.4,4201.1,3148.9,335.2,0.0,341.7,0.0,678.4,688.5,1739.0,1741.4,15.0,0.0,28.0,0.0,80.7,0.0,0.0,125.5
1383,350478,35,1,4,9100.6,13037.5,8224.7,11970.7,63.8,201.2,1083.0,2654.7,568.2,571.8,3031.3,5552.7,150.9,0.0,154.0,0.0,1180.3,1198.5,1983.0,1992.9,21.0,0.0,53.0,0.0,63.8,0.0,0.0,201.2
1384,350479,35,1,4,7809.6,13467.0,7167.1,12535.7,1.8,188.0,33.3,1262.0,17.5,3531.6,198.1,878.6,3.8,0.0,4.0,0.0,1839.5,1869.1,4962.0,4994.4,0.0,0.0,109.0,0.0,1.8,0.0,0.0,188.0
1385,350480,35,1,4,4441.7,2693.9,4232.4,2479.9,46.6,38.4,804.5,103.8,409.0,73.2,2210.0,1759.0,111.2,0.0,113.4,0.0,157.7,160.4,379.6,383.5,33.0,0.0,14.0,0.0,46.6,0.0,0.0,38.4
1386,350481,35,1,4,5778.9,7908.2,5275.6,7331.6,44.3,101.0,745.7,946.1,396.6,690.4,2093.3,2872.1,107.0,1005.2,109.3,0.0,551.2,561.6,1241.6,1256.3,12.0,0.0,19.0,0.0,44.3,0.0,0.0,101.0
1387,350482,35,1,4,12041.0,8442.3,11401.2,7754.4,106.7,125.6,1523.1,713.6,925.3,1179.5,5323.8,3310.5,507.4,0.0,517.1,0.0,683.8,697.5,1827.7,1853.2,60.0,0.0,33.0,0.0,106.7,0.0,0.0,125.6
1388,350483,35,1,4,8658.8,3666.2,8345.9,3399.0,95.7,45.3,1548.2,10.0,853.5,0.0,4658.2,2747.4,295.3,0.0,301.3,0.0,177.3,180.8,453.1,460.7,56.0,0.0,3.0,0.0,95.7,0.0,0.0,45.3
1389,350484,35,1,3,12741.8,5319.6,12292.4,4846.2,119.7,109.9,2298.1,35.5,1247.1,0.0,6857.0,3967.4,499.9,0.0,509.8,0.0,241.8,243.2,612.6,600.0,15.0,0.0,11.0,0.0,119.7,0.0,0.0,109.9
1390,350485,35,1,3,5847.2,2720.3,5584.1,2451.3,55.9,43.9,978.8,115.5,540.2,57.3,3032.2,1757.1,247.9,0.0,252.9,0.0,157.6,159.1,365.6,362.3,3.0,0.0,6.0,0.0,55.9,0.0,0.0,43.9
1391,350486,35,1,4,6707.0,3061.6,6412.6,2785.2,62.0,40.5,1111.2,124.0,615.1,209.5,3422.3,1824.9,291.8,0.0,297.6,0.0,169.2,171.3,457.4,455.5,40.0,0.0,8.0,0.0,62.0,0.0,0.0,40.5
1392,350487,35,1,4,3014.1,1402.9,2841.3,1240.0,28.1,17.3,491.2,99.3,280.0,24.3,1527.1,881.8,125.4,0.0,128.0,0.0,71.6,72.3,163.0,162.4,50.0,0.0,5.0,0.0,28.1,0.0,0.0,17.3
1393,350488,35,1,4,3184.8,1308.7,3017.1,1152.9,31.1,16.9,538.7,23.0,305.0,22.4,1670.0,889.0,137.0,0.0,139.8,0.0,60.7,61.5,156.8,157.0,4.0,0.0,5.0,0.0,31.1,0.0,0.0,16.9
1394,350489,35,1,3,4135.0,2785.6,3944.7,2591.3,42.4,31.4,760.6,89.1,400.9,0.0,2129.2,1492.9,118.4,621.4,121.1,0.0,122.2,123.5,264.3,264.5,19.0,0.0,9.0,0.0,42.4,0.0,0.0,31.4
1395,350490,35,1,4,5250.9,2946.3,5020.6,2736.5,51.4,27.8,859.2,124.2,487.6,13.2,2747.8,1478.9,239.3,721.5,244.3,0.0,125.0,127.0,270.4,271.6,40.0,0.0,7.0,0.0,51.4,0.0,0.0,27.8
1396,350491,35,1,4,3266.8,1387.5,3116.5,1250.7,34.5,18.7,585.5,2.5,330.4,0.0,1736.2,1019.8,113.1,0.0,115.6,0.0,63.2,64.2,163.6,164.2,5.0,0.0,4.0,0.0,34.5,0.0,0.0,18.7
1397,350492,35,1,4,3105.3,1602.4,2933.6,1442.2,32.8,18.9,609.6,3.6,330.0,0.0,1584.3,1174.9,64.8,0.0,66.4,0.0,73.1,74.3,188.4,189.5,12.0,0.0,5.0,0.0,32.8,0.0,0.0,18.9
1398,350493,35,1,4,1838.7,619.3,1689.0,485.2,18.6,6.6,297.8,3.8,173.9,0.0,952.3,394.2,81.4,0.0,83.4,0.0,23.8,24.2,62.5,63.1,12.0,0.0,2.0,0.0,18.6,0.0,0.0,6.6
1399,350494,35,1,4,32339.4,12753.0,31260.1,11807.7,329.2,158.8,5151.2,293.1,3065.3,285.7,17177.1,8393.1,1476.8,0.0,1506.1,0.0,817.5,832.0,1982.0,2003.8,52.0,0.0,32.0,0.0,329.2,0.0,0.0,158.8
1400,350495,35,1,4,7546.0,6125.6,7126.2,5679.5,69.2,76.9,1261.1,337.8,634.2,746.4,3320.1,3047.2,156.8,0.0,159.9,0.0,389.7,397.0,1135.3,1151.1,48.0,0.0,21.0,0.0,69.2,0.0,0.0,76.9
1401,350496,35,1,2,514.1,1818.2,214.1,1499.3,0.0,31.0,0.0,428.1,0.0,111.8,0.0,747.1,0.0,0.0,0.0,0.0,99.1,99.5,115.0,112.8,0.0,0.0,0.0,0.0,0.0,0.0,0.0,31.0
1402,350497,35,1,2,332.4,1076.3,133.3,854.5,0.1,20.3,1.3,259.8,0.6,67.8,4.2,402.6,0.4,0.0,0.4,0.0,55.6,55.8,70.8,68.6,0.0,0.0,0.0,0.0,0.1,0.0,0.0,20.3
1403,350498,35,1,2,304.0,1057.4,119.9,867.1,0.0,18.4,0.0,244.1,0.0,52.3,0.0,452.0,0.0,0.0,0.0,0.0,55.3,55.4,64.6,63.3,0.0,0.0,0.0,0.0,0.0,0.0,0.0,18.4
1404,350499,35,1,3,2868.4,1292.6,2699.0,1109.3,25.3,24.1,457.7,98.5,257.2,9.3,1495.2,803.9,141.2,0.0,144.4,0.0,64.5,64.8,135.6,132.8,0.0,0.0,3.0,0.0,25.3,0.0,0.0,24.1
1405,350500,35,1,3,6072.3,3486.1,5818.9,3196.3,56.5,51.3,1069.1,79.2,557.2,90.0,3133.0,1846.4,240.9,672.8,246.0,0.0,147.7,148.6,365.9,359.4,35.0,0.0,24.0,0.0,56.5,0.0,0.0,51.3
1406,350501,35,1,3,3371.0,6898.9,3123.1,6611.8,26.9,49.2,522.7,480.1,266.4,26.9,1485.6,1395.8,110.7,0.0,113.1,4097.4,244.5,246.2,371.1,365.4,5.0,0.0,4.0,0.0,26.9,0.0,0.0,49.2
1407,350502,35,1,3,6263.2,3011.5,5934.8,2656.9,53.7,49.7,939.7,283.9,562.7,178.8,3213.4,1599.9,297.2,0.0,303.4,0.0,185.9,187.3,413.4,407.0,6.0,0.0,13.0,0.0,53.7,0.0,0.0,49.7
1408,350503,35,1,3,5502.1,2320.2,5291.3,2101.5,51.3,37.3,942.9,8.2,533.5,64.1,2875.8,1623.3,209.8,0.0,214.3,0.0,109.3,110.3,298.7,295.6,98.0,0.0,9.0,0.0,51.3,0.0,0.0,37.3
1409,350504,35,1,3,6127.1,2467.5,5875.1,2211.0,58.2,35.0,1093.9,13.2,619.7,0.0,3271.8,1816.4,240.8,0.0,245.7,0.0,108.3,109.1,274.9,272.2,9.0,0.0,11.0,0.0,58.2,0.0,0.0,35.0
1410,350505,35,1,4,5125.0,2400.6,4886.6,2173.3,44.2,30.5,772.7,90.4,441.4,146.3,2512.5,1256.5,227.7,0.0,232.2,0.0,200.5,203.1,478.6,476.9,15.0,0.0,6.0,0.0,44.2,0.0,0.0,30.5
1411,350506,35,1,4,4019.8,1562.8,3839.5,1397.8,39.2,19.7,699.2,3.0,385.3,0.0,2108.6,1145.3,157.0,0.0,160.2,0.0,69.6,70.4,179.6,179.1,73.0,0.0,7.0,0.0,39.2,0.0,0.0,19.7
1412,350507,35,1,4,3197.9,2766.8,2958.6,2503.4,27.2,33.4,482.4,475.6,267.2,95.5,1472.6,1404.2,108.1,30.9,110.5,0.0,176.8,179.3,317.9,317.9,1.0,0.0,22.0,0.0,27.2,0.0,0.0,33.4
1413,350508,35,1,3,6781.4,3326.3,6498.8,3053.2,67.0,37.3,1134.7,111.8,642.4,63.1,3558.3,1868.5,306.3,481.0,312.5,0.0,157.5,159.3,369.1,369.5,10.0,0.0,8.0,0.0,67.0,0.0,0.0,37.3
1414,350509,35,1,4,5684.1,3652.2,5435.0,3418.2,56.0,32.1,1019.8,159.4,538.4,0.0,2941.1,1905.8,193.5,0.0,197.1,825.1,171.7,174.0,352.3,353.9,9.0,0.0,12.0,0.0,56.0,0.0,0.0,32.1
1415,350510,35,1,3,7809.8,2864.4,7554.7,2569.8,70.9,47.1,1340.1,7.5,723.0,0.0,4239.6,2116.8,373.8,0.0,381.3,0.0,126.3,126.9,323.6,318.6,2.0,0.0,45.0,0.0,70.9,0.0,0.0,47.1
1416,350511,35,1,3,12106.0,4621.7,11699.8,4207.9,107.4,62.9,1973.9,150.6,1111.9,84.6,6455.9,3160.2,611.5,0.0,623.7,0.0,241.5,243.6,574.3,568.8,78.0,0.0,29.0,0.0,107.4,0.0,0.0,62.9
1417,350512,35,1,3,5209.8,3148.1,4966.3,2891.8,45.2,38.5,822.9,217.6,478.9,43.9,2697.4,1505.6,245.6,665.6,250.8,0.0,155.1,156.1,306.6,303.0,2.0,0.0,7.0,0.0,45.2,0.0,0.0,38.5
1418,350513,35,1,3,6941.8,4892.6,6681.7,4641.8,60.0,38.5,1031.1,250.9,632.9,85.7,3656.0,1936.6,355.5,526.0,362.6,1224.2,202.9,205.2,415.7,413.1,19.0,0.0,6.0,0.0,60.0,0.0,0.0,38.5
1419,350514,35,1,4,7513.3,5837.4,7177.4,5490.3,55.9,61.0,1100.3,178.0,618.4,1309.1,3262.2,2272.7,218.6,0.0,222.9,0.0,391.6,396.4,1337.3,1334.0,15.0,0.0,11.0,0.0,55.9,0.0,0.0,61.0
1420,350515,35,1,4,7021.5,7169.9,6639.3,6742.9,44.3,79.1,810.2,474.0,452.3,1742.4,2557.6,2104.3,188.2,0.0,192.0,0.0,594.1,600.7,1826.7,1821.5,5.0,0.0,13.0,0.0,44.3,0.0,0.0,79.1
1421,350516,35,1,4,1466.1,1361.0,1338.5,1228.6,12.0,14.7,207.9,246.9,119.0,75.8,657.3,652.0,48.4,0.0,49.5,0.0,86.1,86.8,167.3,167.0,0.0,0.0,3.0,0.0,12.0,0.0,0.0,14.7
1422,350517,35,1,4,5693.6,2309.5,5447.4,2085.5,56.3,24.6,1022.7,18.5,547.0,0.0,3027.6,1701.3,231.1,0.0,235.6,0.0,103.7,104.7,260.6,261.0,7.0,0.0,12.0,0.0,56.3,0.0,0.0,24.6
1423,350518,35,1,4,6640.1,5018.8,6279.0,4664.3,58.7,44.4,1117.8,437.4,585.6,145.6,3170.2,2651.1,181.4,436.5,184.9,0.0,317.7,322.2,669.4,671.4,42.0,0.0,10.0,0.0,58.7,0.0,0.0,44.4
1424,350519,35,1,2,480.2,1533.4,162.0,1193.3,0.0,25.1,0.0,1036.4,0.0,0.0,3.0,0.0,0.0,0.0,0.0,0.0,156.0,156.9,0.0,0.0,0.0,0.0,3.0,0.0,0.0,0.0,0.0,25.1
1425,350520,35,1,2,899.0,3061.4,324.9,2448.2,0.0,39.7,0.0,2089.3,0.0,4.9,2.0,31.8,0.0,0.0,0.0,0.0,317.9,319.3,3.0,2.9,0.0,0.0,2.0,0.0,0.0,0.0,0.0,39.7
1426,350521,35,1,3,4430.3,4250.5,4106.5,3888.7,33.5,47.4,652.6,442.2,358.5,125.2,2083.5,2118.5,188.9,616.5,192.9,0.0,216.9,218.5,373.1,367.8,19.0,0.0,21.0,0.0,33.5,0.0,0.0,47.4
1427,350522,35,1,3,938.0,3309.2,341.2,2658.1,0.0,46.8,0.0,1895.4,0.0,27.6,3.0,399.1,0.0,0.0,0.0,0.0,295.2,296.8,40.0,39.3,0.0,0.0,3.0,0.0,0.0,0.0,0.0,46.8
1428,350523,35,1,3,114.9,208.1,16.9,100.2,0.0,1.7,0.0,24.9,0.0,11.1,0.0,47.5,0.0,0.0,0.0,0.0,5.9,5.9,11.0,10.7,0.0,0.0,0.0,0.0,0.0,0.0,0.0,1.7
1429,350524,35,1,1,637.3,2118.8,317.0,1772.1,0.4,34.6,5.9,491.8,3.3,144.6,23.5,859.2,2.2,0.0,2.4,0.0,122.7,123.2,156.1,153.3,0.0,0.0,1.0,0.0,0.4,0.0,0.0,34.6
1430,350525,35,1,2,346.5,1053.4,146.5,843.2,0.2,14.7,3.6,230.0,2.1,63.6,15.7,430.0,1.5,0.0,1.6,0.0,54.7,54.8,66.3,64.9,0.0,0.0,1.0,0.0,0.2,0.0,0.0,14.7
1431,350526,35,1,2,105.2,103.8,11.0,6.6,0.1,0.2,2.2,0.0,1.1,0.0,6.7,6.2,0.3,0.0,0.3,0.0,0.1,0.1,0.4,0.4,0.0,0.0,0.0,0.0,0.1,0.0,0.0,0.2
1432,350527,35,1,2,216.8,321.2,20.5,120.6,0.0,2.1,0.0,74.1,0.0,4.9,5.0,31.1,0.0,0.0,0.0,0.0,7.0,7.1,3.4,3.4,0.0,0.0,5.0,0.0,0.0,0.0,0.0,2.1
1433,350528,35,1,3,9547.8,4433.4,9103.5,3975.4,80.5,50.9,1643.1,573.4,877.5,10.1,5024.5,2741.3,417.7,0.0,426.0,0.0,244.4,245.6,411.4,405.0,25.0,0.0,34.0,0.0,80.5,0.0,0.0,50.9
1434,350529,35,1,2,6581.6,2592.8,6303.2,2334.7,52.7,28.3,1176.2,36.4,602.7,0.0,3507.9,1912.8,307.9,0.0,314.0,0.0,109.2,109.7,280.4,275.9,1.0,0.0,4.0,0.0,52.7,0.0,0.0,28.3
1435,350530,35,1,3,1348.7,523.1,1234.6,411.2,11.0,5.9,211.5,11.9,118.3,0.0,699.6,334.4,68.9,0.0,70.3,0.0,17.9,17.7,48.1,47.1,0.0,0.0,0.0,0.0,11.0,0.0,0.0,5.9
1436,350531,35,1,3,8616.2,4111.0,8281.9,3777.1,71.7,36.8,1442.8,129.2,771.4,0.0,4561.9,2319.5,451.0,797.2,460.0,0.0,168.9,169.3,368.8,362.0,41.0,0.0,16.0,0.0,71.7,0.0,0.0,36.8
1437,350532,35,1,3,4603.7,7518.5,4248.4,7078.2,12.1,81.2,251.6,472.9,131.3,2738.8,778.5,964.3,65.2,0.0,66.7,0.0,707.5,708.9,2237.5,2193.3,1.0,0.0,9.0,0.0,12.1,0.0,0.0,81.2
1438,350533,35,1,3,9439.9,3211.1,9129.5,2923.0,73.1,26.5,1522.2,7.4,870.2,0.0,5160.0,2430.0,525.2,0.0,535.9,0.0,138.3,138.5,353.7,347.1,17.0,0.0,7.0,0.0,73.1,0.0,0.0,26.5
1439,350534,35,1,3,1260.7,5077.5,513.3,4216.1,0.0,94.1,0.0,2521.7,0.0,28.5,14.0,1169.4,0.0,0.0,0.0,0.0,388.4,397.4,96.9,99.1,0.0,0.0,14.0,0.0,0.0,0.0,0.0,94.1
1440,350535,35,1,3,1407.9,4038.6,945.8,3481.2,0.0,78.5,0.0,1284.0,0.0,567.1,16.0,694.5,0.0,0.0,0.0,0.0,335.8,343.8,578.0,591.8,0.0,0.0,16.0,0.0,0.0,0.0,0.0,78.5
1441,350536,35,1,4,278.7,918.8,141.2,764.9,0.0,15.9,0.0,296.1,0.0,56.5,3.0,273.5,0.0,0.0,0.0,0.0,63.9,65.5,71.4,73.3,0.0,0.0,3.0,0.0,0.0,0.0,0.0,15.9
1442,350537,35,1,4,713.0,1616.9,545.3,1412.5,0.0,32.8,0.0,280.6,0.0,237.7,7.0,346.5,0.0,0.0,0.0,0.0,161.9,166.2,369.4,381.4,0.0,0.0,7.0,0.0,0.0,0.0,0.0,32.8
1443,350538,35,1,4,1028.9,2516.4,817.2,2243.4,0.0,52.5,0.0,372.0,0.0,518.0,12.0,534.4,0.0,0.0,0.0,0.0,206.4,212.2,586.8,606.7,0.0,0.0,12.0,0.0,0.0,0.0,0.0,52.5
1444,350539,35,1,4,1496.5,2165.2,1314.8,1942.1,10.2,44.4,152.9,361.7,79.7,206.2,416.5,752.2,17.7,0.0,18.3,0.0,191.5,196.9,411.2,425.2,19.0,0.0,8.0,0.0,10.2,0.0,0.0,44.4
1445,350540,35,1,4,5198.9,6893.0,4697.7,6270.1,40.9,147.4,613.0,1039.3,320.8,720.6,1636.5,2485.1,68.4,0.0,70.0,0.0,599.4,617.3,1359.5,1407.9,18.0,0.0,12.0,0.0,40.9,0.0,0.0,147.4
1446,350541,35,1,4,2805.3,2960.4,2563.6,2675.8,23.1,59.9,358.7,472.1,187.0,234.4,923.0,940.5,36.0,0.0,37.0,0.0,314.5,324.3,680.4,704.4,21.0,0.0,6.0,0.0,23.1,0.0,0.0,59.9
1447,350542,35,1,4,704.0,964.5,574.1,825.5,6.2,15.2,99.5,151.3,49.5,35.9,253.2,362.6,10.9,99.4,11.4,30.4,50.9,52.3,90.7,93.6,6.0,0.0,2.0,0.0,6.2,0.0,0.0,15.2
1448,350543,35,1,4,598.6,1849.7,337.6,1553.1,0.0,31.7,0.0,878.1,0.0,117.4,5.0,220.9,0.0,0.0,0.0,0.0,165.4,169.6,162.2,167.0,0.0,0.0,5.0,0.0,0.0,0.0,0.0,31.7
1449,350544,35,1,4,539.4,2844.1,278.0,2527.6,0.0,53.2,0.0,792.1,0.0,102.7,4.0,1354.9,0.0,0.0,0.0,0.0,112.8,115.7,157.2,162.4,0.0,0.0,4.0,0.0,0.0,0.0,0.0,53.2
1450,350545,35,1,4,481.9,1597.3,227.4,1313.6,0.0,27.6,0.0,671.4,0.0,87.2,3.0,327.7,0.0,0.0,0.0,0.0,124.0,127.1,97.4,100.1,0.0,0.0,3.0,0.0,0.0,0.0,0.0,27.6
1451,350546,35,1,4,2982.2,7169.8,2559.8,6597.7,0.0,145.4,0.0,933.8,0.0,1768.6,7.0,1268.8,0.0,0.0,0.0,0.0,627.9,645.6,1918.0,1980.8,0.0,0.0,7.0,0.0,0.0,0.0,0.0,145.4
1452,350547,35,1,4,800.1,2217.7,548.8,1926.8,2.4,40.0,35.5,526.9,18.2,190.8,99.8,815.2,4.1,0.0,4.3,0.0,144.6,148.3,238.2,245.5,0.0,0.0,4.0,0.0,2.4,0.0,0.0,40.0
1453,350548,35,1,4,558.3,1955.0,286.2,1648.9,0.2,34.0,2.4,589.8,1.8,125.5,9.3,655.3,0.2,0.0,0.2,0.0,120.7,123.9,149.6,154.5,0.0,0.0,2.0,0.0,0.2,0.0,0.0,34.0
1454,350549,35,1,4,1836.4,2023.5,1666.2,1826.4,18.1,38.7,277.4,337.0,143.8,108.7,750.5,950.1,33.2,0.0,33.9,0.0,140.6,144.3,277.9,286.4,2.0,0.0,7.0,0.0,18.1,0.0,0.0,38.7
1455,350550,35,1,4,3137.0,5047.9,2792.3,4603.1,19.0,108.4,285.0,716.1,145.4,860.6,780.8,1483.4,37.1,0.0,38.0,0.0,398.9,411.1,1094.0,1132.0,2.0,0.0,11.0,0.0,19.0,0.0,0.0,108.4
1456,350551,35,1,4,555.4,2230.8,439.7,2082.4,0.0,32.5,0.0,413.9,0.0,102.4,4.0,443.4,0.0,548.7,0.0,129.5,170.9,175.4,260.8,269.0,0.0,0.0,4.0,0.0,0.0,0.0,0.0,32.5
1457,350552,35,1,4,4433.7,5432.8,3999.9,4909.5,37.4,112.3,548.3,895.3,301.4,450.4,1541.2,2138.8,86.7,0.0,88.5,0.0,440.8,453.0,941.8,971.9,37.0,0.0,14.0,0.0,37.4,0.0,0.0,112.3
1458,350553,35,1,4,4989.6,3872.4,4726.3,3565.9,54.2,83.5,836.4,125.3,440.4,528.9,2143.2,1773.6,80.6,0.0,82.3,0.0,264.4,272.2,837.1,865.9,30.0,0.0,12.0,0.0,54.2,0.0,0.0,83.5
1459,350554,35,1,4,4673.9,2532.7,4380.4,2231.1,53.9,46.8,852.4,236.4,431.9,48.3,2274.6,1460.3,139.4,0.0,142.3,0.0,150.6,154.7,321.3,331.4,54.0,0.0,14.0,0.0,53.9,0.0,0.0,46.8
1460,350555,35,1,4,3319.3,1699.4,3146.8,1526.1,40.6,31.8,657.0,3.5,330.7,0.0,1672.1,1216.9,70.4,0.0,72.1,0.0,83.1,85.5,213.3,220.2,41.0,0.0,7.0,0.0,40.6,0.0,0.0,31.8
1461,350556,35,1,4,472.9,1416.6,306.9,1222.5,0.0,22.3,0.0,447.3,0.0,166.5,9.0,312.3,0.0,0.0,0.0,0.0,101.4,103.8,187.5,192.6,0.0,0.0,9.0,0.0,0.0,0.0,0.0,22.3
1462,350557,35,1,4,962.8,2998.4,657.2,2634.9,0.0,51.5,0.0,698.7,0.0,333.9,9.0,945.3,0.0,0.0,0.0,0.0,219.8,225.7,419.4,431.3,0.0,0.0,9.0,0.0,0.0,0.0,0.0,51.5
1463,350558,35,1,4,566.0,1522.1,445.8,1340.3,0.0,26.8,0.0,362.4,0.0,244.0,38.0,354.4,0.0,0.0,0.0,0.0,112.8,115.4,257.0,264.0,0.0,0.0,38.0,0.0,0.0,0.0,0.0,26.8
1464,350559,35,1,4,2136.4,2513.6,1829.7,2181.6,20.6,43.8,319.1,532.5,166.0,146.9,855.6,1082.7,37.8,0.0,38.9,0.0,150.5,154.1,257.8,265.3,2.0,0.0,2.0,0.0,20.6,0.0,0.0,43.8
1465,350560,35,1,4,1833.6,3228.0,1592.4,2934.0,11.9,61.0,180.0,732.1,93.4,359.3,488.8,1040.7,21.7,0.0,22.4,0.0,243.5,250.1,535.5,551.8,2.0,0.0,5.0,0.0,11.9,0.0,0.0,61.0
1466,350561,35,1,4,2056.4,4338.8,1745.1,3945.5,9.0,85.7,136.2,737.3,70.5,537.4,373.7,1521.9,16.7,0.0,17.3,0.0,339.5,349.2,775.3,799.8,9.0,0.0,7.0,0.0,9.0,0.0,0.0,85.7
1467,350562,35,1,4,5649.4,4618.0,5309.1,4237.6,60.6,90.0,915.1,416.1,494.5,428.8,2495.4,2186.4,110.3,0.0,112.7,0.0,330.4,339.7,840.7,866.6,2.0,0.0,8.0,0.0,60.6,0.0,0.0,90.0
1468,350563,35,1,4,5125.9,2171.5,4932.8,1977.4,63.7,41.2,914.1,25.0,527.1,0.0,2749.2,1573.5,167.8,0.0,171.3,0.0,104.5,107.1,263.8,271.8,16.0,0.0,19.0,0.0,63.7,0.0,0.0,41.2
1469,350564,35,1,4,3302.0,5886.7,2553.4,5064.5,25.7,86.7,413.0,1632.3,214.4,101.7,1115.6,2621.6,49.6,0.0,50.7,0.0,351.8,359.4,342.4,349.5,6.0,0.0,10.0,0.0,25.7,0.0,0.0,86.7
1470,350565,35,1,4,543.8,1722.9,387.4,1542.2,0.0,24.9,0.0,485.8,0.0,101.0,3.0,566.3,0.0,0.0,0.0,0.0,156.5,159.8,224.9,229.2,0.0,0.0,3.0,0.0,0.0,0.0,0.0,24.9
1471,350566,35,1,4,1668.1,4038.4,1420.5,3723.0,0.5,69.1,7.5,845.6,3.8,682.9,25.3,780.1,0.9,0.0,1.0,0.0,436.4,447.2,941.6,967.1,0.0,0.0,4.0,0.0,0.5,0.0,0.0,69.1
1472,350567,35,1,4,1170.1,2288.0,895.9,1981.0,7.3,36.6,114.1,531.6,57.0,139.8,296.7,911.9,12.9,0.0,13.4,0.0,145.8,149.3,242.1,248.3,8.0,0.0,6.0,0.0,7.3,0.0,0.0,36.6
1473,350568,35,1,4,1119.1,1903.6,913.6,1672.8,7.3,31.7,115.3,316.0,57.9,190.7,298.5,751.5,12.6,0.0,13.1,0.0,127.6,130.7,276.5,283.9,8.0,0.0,4.0,0.0,7.3,0.0,0.0,31.7
1474,350569,35,1,4,2876.8,5321.1,2457.4,4812.3,15.1,89.8,231.2,1040.1,124.5,669.3,641.8,1673.2,26.8,0.0,27.5,0.0,417.7,428.5,972.8,1001.1,1.0,0.0,14.0,0.0,15.1,0.0,0.0,89.8
1475,350570,35,1,4,1722.3,3822.1,1421.0,3451.2,3.3,67.6,48.9,674.8,26.0,481.5,143.5,1078.4,6.3,0.0,6.5,0.0,368.5,378.3,814.2,838.2,0.0,0.0,7.0,0.0,3.3,0.0,0.0,67.6
1476,350571,35,1,4,6537.8,6819.9,6141.7,6366.9,56.9,101.9,804.9,547.0,462.0,725.0,2522.9,2021.7,184.1,0.0,187.9,1057.5,564.3,579.3,1394.5,1436.3,11.0,0.0,10.0,0.0,56.9,0.0,0.0,101.9
1477,350572,35,1,4,3613.2,2686.0,3380.8,2436.4,39.9,46.0,622.7,189.5,333.8,152.9,1688.8,1524.7,76.1,0.0,77.9,0.0,160.2,164.5,393.3,404.8,19.0,0.0,9.0,0.0,39.9,0.0,0.0,46.0
1478,350573,35,1,3,4823.8,3084.8,4562.5,2800.4,55.9,60.9,850.7,131.3,447.6,207.0,2311.5,1772.7,113.5,0.0,116.1,0.0,179.8,184.5,490.3,504.9,45.0,0.0,8.0,0.0,55.9,0.0,0.0,60.9
1479,350574,35,1,4,6337.5,18291.4,5193.0,16878.3,4.4,256.8,70.0,5044.8,38.5,920.3,215.8,5980.4,11.0,0.0,11.4,0.0,1950.6,1993.7,2881.6,2939.2,0.0,0.0,14.0,0.0,4.4,0.0,0.0,256.8
1480,350575,35,1,4,1358.8,5101.9,562.7,4222.1,0.0,68.1,0.0,2441.0,0.0,137.3,13.0,1094.7,0.0,0.0,0.0,0.0,400.3,409.6,136.4,139.4,0.0,0.0,13.0,0.0,0.0,0.0,0.0,68.1
1481,350576,35,1,4,1492.6,3895.4,1081.5,3420.5,1.4,62.1,20.9,1088.5,10.6,584.6,59.7,742.5,2.1,0.0,2.3,0.0,333.8,341.8,646.0,663.1,0.0,0.0,6.0,0.0,1.4,0.0,0.0,62.1
1482,350577,35,1,4,1464.7,2346.4,1276.4,2127.9,8.1,39.4,127.4,262.4,64.1,537.0,327.5,587.8,13.7,0.0,14.1,0.0,166.0,170.2,555.6,570.5,5.0,0.0,3.0,0.0,8.1,0.0,0.0,39.4
1483,350578,35,1,4,2180.3,4220.3,1844.4,3818.1,7.1,68.0,108.2,902.7,58.4,453.7,301.0,1080.0,12.6,0.0,13.1,0.0,438.9,450.2,906.1,931.4,0.0,0.0,6.0,0.0,7.1,0.0,0.0,68.0
1484,350579,35,1,4,3175.0,6861.3,2727.3,6281.9,0.2,115.5,2.4,824.8,1.7,1265.5,25.1,1435.7,0.2,0.0,0.2,0.0,757.6,777.9,1921.9,1977.8,0.0,0.0,18.0,0.0,0.2,0.0,0.0,115.5
1485,350580,35,1,4,7907.4,5786.7,7483.7,5326.9,81.4,94.6,1240.1,354.3,642.2,449.9,3549.0,2857.1,194.8,0.0,198.8,0.0,468.4,480.4,1152.2,1185.2,19.0,0.0,19.0,0.0,81.4,0.0,0.0,94.6
1486,350581,35,1,4,6685.5,3731.2,6344.7,3388.9,78.2,60.1,1248.9,182.4,658.8,67.1,3375.4,2395.9,156.2,0.0,159.8,0.0,216.6,222.2,507.0,521.3,6.0,0.0,16.0,0.0,78.2,0.0,0.0,60.1
1487,350582,35,1,4,3302.3,1967.1,3075.3,1738.2,37.6,31.3,642.3,120.2,303.9,26.9,1613.7,1238.2,77.8,0.0,79.7,0.0,104.8,107.5,239.1,245.5,7.0,0.0,7.0,0.0,37.6,0.0,0.0,31.3
1488,350583,35,1,4,10084.8,4705.3,9702.7,4363.4,115.3,61.7,1858.2,73.3,995.5,0.0,5316.9,3440.8,302.9,0.0,308.6,0.0,243.8,249.3,588.8,600.1,77.0,0.0,11.0,0.0,115.3,0.0,0.0,61.7
1489,350584,35,1,4,3236.5,2419.2,2999.8,2181.0,34.4,32.4,537.3,358.0,298.8,141.8,1523.0,1215.6,75.4,0.0,76.8,0.0,143.7,147.0,311.7,318.7,28.0,0.0,5.0,0.0,34.4,0.0,0.0,32.4
1490,350585,35,1,4,80.2,118.5,4.9,46.8,0.0,0.6,0.0,41.8,0.0,0.0,0.0,0.0,0.0,0.0,0.0,0.0,4.9,4.9,0.0,0.0,0.0,0.0,0.0,0.0,0.0,0.0,0.0,0.6
1491,350586,35,1,4,1559.3,4144.3,1123.3,3650.7,0.5,58.4,7.5,1078.5,3.9,460.8,25.2,1004.3,0.9,0.0,1.0,0.0,382.1,391.1,698.6,716.0,0.0,0.0,4.0,0.0,0.5,0.0,0.0,58.4
1492,350587,35,1,4,4165.5,2886.1,3906.1,2627.9,46.4,40.8,778.4,202.2,390.2,89.7,1969.8,1776.8,82.3,0.0,84.0,0.0,165.3,169.4,380.1,389.8,51.0,0.0,5.0,0.0,46.4,0.0,0.0,40.8
1493,350588,35,1,4,3710.3,5432.2,3132.1,4799.1,30.2,75.8,474.9,1890.6,250.6,156.1,1315.1,1787.8,63.5,0.0,64.9,0.0,438.4,449.3,501.8,515.2,18.0,0.0,5.0,0.0,30.2,0.0,0.0,75.8
1494,350589,35,1,4,2180.5,5645.3,1769.0,5139.7,0.2,85.5,2.3,1045.3,1.7,812.8,18.0,1498.7,0.2,0.0,0.2,0.0,527.1,540.8,1208.4,1242.0,0.0,0.0,11.0,0.0,0.2,0.0,0.0,85.5
1495,350590,35,1,4,5200.5,6279.9,4786.5,5799.8,40.7,95.0,665.1,643.4,336.2,995.1,1739.5,2260.5,76.9,0.0,78.7,0.0,489.3,502.0,1360.8,1398.8,29.0,0.0,11.0,0.0,40.7,0.0,0.0,95.0
1496,350591,35,1,4,3601.6,4826.9,3356.3,4571.6,37.5,43.4,602.4,498.0,316.0,47.7,1639.5,1567.6,79.5,1508.1,81.6,339.0,216.9,222.5,378.3,388.6,36.0,0.0,6.0,0.0,37.5,0.0,0.0,43.4
1497,350592,35,1,4,2906.4,4133.7,2571.6,3772.0,26.7,50.0,461.0,1001.6,217.7,38.6,1156.3,1384.7,54.9,25.8,56.5,689.7,244.2,250.6,370.9,380.9,3.0,0.0,7.0,0.0,26.7,0.0,0.0,50.0
1498,350593,35,1,3,1871.8,991.8,1756.2,867.9,22.6,20.3,349.0,3.1,184.5,34.6,922.8,630.2,39.0,0.0,40.0,0.0,50.3,51.8,143.6,148.1,24.0,0.0,3.0,0.0,22.6,0.0,0.0,20.3
1499,350594,35,1,3,4077.9,2282.3,3852.1,2038.9,44.5,37.2,727.6,160.6,382.8,23.0,2021.3,1244.1,123.8,167.8,126.6,0.0,138.3,141.8,294.6,301.7,31.0,0.0,6.0,0.0,44.5,0.0,0.0,37.2
1500,350595,35,1,3,3377.7,1328.2,3184.8,1123.7,37.2,24.4,606.4,2.5,314.4,0.0,1673.6,897.8,107.2,0.0,109.9,0.0,60.8,62.2,157.4,161.1,151.0,0.0,4.0,0.0,37.2,0.0,0.0,24.4
1501,350596,35,1,3,4452.3,3242.0,4173.3,2920.8,48.5,54.0,830.4,248.2,411.7,8.4,2146.8,1720.0,108.0,426.8,110.5,0.0,175.1,179.4,330.8,337.9,43.0,0.0,17.0,0.0,48.5,0.0,0.0,54.0
1502,350597,35,1,3,5970.7,4810.9,5599.6,4375.7,55.3,78.3,946.9,316.4,460.3,329.9,2560.6,1754.6,170.8,727.6,174.6,0.0,364.9,373.5,857.5,873.9,40.0,0.0,24.0,0.0,55.3,0.0,0.0,78.3
1503,350598,35,1,3,8042.5,10849.7,7389.2,9984.7,43.3,215.3,762.9,864.9,385.1,2463.5,2054.1,2659.2,112.2,0.0,114.8,0.0,977.8,999.7,2953.2,2997.5,4.0,0.0,25.0,0.0,43.3,0.0,0.0,215.3
1504,350599,35,1,3,5585.9,3240.2,5307.9,2930.1,62.5,56.7,1121.4,77.3,565.6,0.0,2781.5,1956.7,114.6,370.0,117.4,0.0,155.8,159.2,361.6,366.9,66.0,0.0,24.0,0.0,62.5,0.0,0.0,56.7
1505,350600,35,1,3,3065.3,3301.9,2875.5,3089.1,32.7,44.0,504.2,172.9,268.5,171.9,1344.5,1111.0,58.3,1002.9,59.8,0.0,179.0,183.5,434.1,446.8,21.0,0.0,6.0,0.0,32.7,0.0,0.0,44.0
1506,350601,35,1,4,2451.7,2536.0,2271.0,2329.6,24.7,42.7,413.1,351.8,229.3,194.9,1021.2,1242.0,30.9,0.0,31.8,0.0,147.3,150.8,379.4,390.0,12.0,0.0,6.0,0.0,24.7,0.0,0.0,42.7
1507,350602,35,1,4,4713.5,6446.6,4250.5,5883.8,30.3,113.5,505.6,722.5,283.0,746.8,1261.5,2271.5,37.4,0.0,38.4,0.0,621.4,637.9,1465.3,1505.1,25.0,0.0,13.0,0.0,30.3,0.0,0.0,113.5
1508,350603,35,1,4,4841.3,3508.8,4508.6,3157.4,49.6,59.6,859.5,295.1,413.3,319.5,2143.9,1686.9,107.9,0.0,110.2,0.0,232.1,238.4,601.7,617.5,32.0,0.0,8.0,0.0,49.6,0.0,0.0,59.6
1509,350604,35,1,4,3139.7,1505.3,2954.7,1317.1,35.5,24.8,609.0,23.8,304.4,3.4,1563.4,1031.7,72.9,0.0,74.5,0.0,71.0,72.7,181.5,185.6,69.0,0.0,9.0,0.0,35.5,0.0,0.0,24.8
1510,350605,35,1,3,2837.9,1950.3,2635.5,1723.3,29.6,34.5,500.5,183.0,255.7,53.3,1301.6,1043.8,58.5,0.0,60.0,0.0,137.4,140.7,295.8,302.5,20.0,0.0,6.0,0.0,29.6,0.0,0.0,34.5
1511,350606,35,1,3,4262.9,3043.0,3978.6,2715.6,42.7,58.3,702.1,241.6,368.7,283.5,1908.5,1459.3,110.3,0.0,112.8,0.0,194.2,199.3,519.9,531.8,54.0,0.0,8.0,0.0,42.7,0.0,0.0,58.3
1512,350607,35,1,3,3414.2,2463.8,3140.4,2152.5,34.5,46.1,591.9,251.5,305.9,119.0,1541.3,1249.0,80.1,0.0,81.9,0.0,160.8,164.6,361.5,368.3,11.0,0.0,6.0,0.0,34.5,0.0,0.0,46.1
1513,350608,35,1,4,4395.1,4688.0,4123.6,4369.1,40.1,78.3,672.1,267.6,390.7,734.2,1612.7,1987.8,45.2,0.0,46.4,0.0,326.3,334.9,1016.2,1044.5,7.0,0.0,7.0,0.0,40.1,0.0,0.0,78.3
1514,350609,35,1,4,2750.8,2208.3,2532.7,1977.6,28.4,34.7,479.5,220.7,245.6,100.9,1247.7,1214.0,55.8,0.0,57.1,0.0,132.9,136.3,298.1,305.7,10.0,0.0,6.0,0.0,28.4,0.0,0.0,34.7
1515,350610,35,1,4,4168.2,3602.2,3859.9,3269.5,39.9,58.5,669.7,324.7,346.5,331.3,1747.1,1696.8,80.7,0.0,82.5,0.0,254.9,261.9,637.5,654.8,35.0,0.0,6.0,0.0,39.9,0.0,0.0,58.5
1516,350611,35,1,4,3784.4,5375.0,3408.1,4930.1,25.8,88.9,422.3,780.4,237.3,925.6,1120.7,1652.8,42.2,0.0,43.3,0.0,408.3,418.7,1123.0,1152.5,5.0,0.0,6.0,0.0,25.8,0.0,0.0,88.9
1517,350612,35,1,4,3094.3,2786.4,2780.2,2440.5,25.6,45.4,445.2,329.5,221.0,188.4,1131.1,1068.9,59.9,0.0,61.4,0.0,264.8,271.7,567.8,581.8,19.0,0.0,10.0,0.0,25.6,0.0,0.0,45.4
1518,350613,35,1,3,2400.9,1190.9,2228.4,1008.3,27.0,20.4,447.0,18.6,234.2,3.5,1203.3,803.4,66.5,0.0,68.3,0.0,51.3,52.3,127.7,130.5,27.0,0.0,3.0,0.0,27.0,0.0,0.0,20.4
1519,350614,35,1,3,7675.4,8076.7,7104.0,7392.2,58.2,135.1,909.6,1108.5,501.1,568.9,2719.6,2338.4,200.1,13.8,204.3,777.5,832.0,853.6,1695.3,1731.6,28.0,0.0,14.0,0.0,58.2,0.0,0.0,135.1
1520,350615,35,1,3,3921.8,2481.5,3678.3,2200.5,40.7,47.3,688.9,134.6,359.9,198.9,1819.2,1308.4,92.8,0.0,95.0,0.0,146.2,149.5,401.2,409.0,63.0,0.0,12.0,0.0,40.7,0.0,0.0,47.3
1521,350616,35,1,3,8893.7,5340.1,8373.8,4776.8,87.6,93.5,1480.9,647.8,778.6,150.5,4237.6,2696.9,321.8,59.6,328.2,16.0,395.1,404.1,787.4,801.8,30.0,0.0,14.0,0.0,87.6,0.0,0.0,93.5
1522,350617,35,1,4,4409.6,5894.7,3939.4,5361.8,37.2,88.1,625.0,1172.3,340.8,259.4,1563.1,2619.2,53.2,0.0,54.6,0.0,453.0,464.2,824.7,846.8,16.0,0.0,9.0,0.0,37.2,0.0,0.0,88.1
1523,350618,35,1,4,4344.1,3425.3,4043.4,3109.9,42.7,49.1,726.9,401.9,370.0,155.3,1889.4,1664.5,85.3,0.0,87.1,0.0,270.2,277.3,595.4,610.8,11.0,0.0,8.0,0.0,42.7,0.0,0.0,49.1
1524,350619,35,1,4,3874.0,6103.6,3309.8,5470.7,27.0,88.0,456.5,1845.0,234.7,137.1,1205.8,2168.2,58.3,0.0,59.7,0.0,526.4,539.9,761.3,780.5,0.0,0.0,7.0,0.0,27.0,0.0,0.0,88.0
1525,350620,35,1,4,6515.3,7446.9,5938.5,6804.2,56.5,111.7,967.4,1336.8,512.1,487.6,2517.0,3226.2,105.5,0.0,107.8,0.0,572.6,586.9,1138.1,1166.7,10.0,0.0,8.0,0.0,56.5,0.0,0.0,111.7
1526,350621,35,1,4,2289.2,2733.8,2044.8,2479.0,19.8,27.0,349.3,212.3,174.7,86.0,879.9,759.0,45.2,871.4,46.3,0.0,177.9,182.2,359.5,368.0,6.0,0.0,6.0,0.0,19.8,0.0,0.0,27.0
1527,350622,35,1,3,2278.4,1012.7,2124.0,848.3,25.2,15.9,427.0,1.4,220.0,0.0,1156.6,681.7,64.5,0.0,66.0,0.0,44.9,45.8,117.0,119.3,23.0,0.0,5.0,0.0,25.2,0.0,0.0,15.9
1528,350623,35,1,3,4859.8,2588.3,4543.5,2238.5,50.2,43.8,822.8,154.2,420.8,114.1,2369.2,1486.4,199.8,0.0,204.0,0.0,137.9,141.0,336.2,342.8,39.0,0.0,14.0,0.0,50.2,0.0,0.0,43.8
1529,350624,35,1,3,4094.3,2453.5,3876.2,2207.2,42.6,45.0,700.5,112.8,378.8,250.0,1953.0,1242.9,109.0,0.0,111.5,0.0,148.7,152.0,440.7,449.4,25.0,0.0,9.0,0.0,42.6,0.0,0.0,45.0
1530,350625,35,1,3,7739.4,8965.6,7342.4,8515.7,77.5,85.5,1359.6,631.7,680.2,0.0,3669.9,2558.1,241.7,607.7,246.9,3664.2,391.6,400.3,643.5,653.8,84.0,0.0,25.0,0.0,77.5,0.0,0.0,85.5
1531,350626,35,1,3,10442.1,7745.6,9836.2,7038.2,86.3,137.6,1527.3,589.0,783.7,966.5,4126.2,2695.8,265.8,0.0,271.0,0.0,789.4,804.5,1963.8,1982.3,74.0,0.0,35.0,0.0,86.3,0.0,0.0,137.6
1532,350627,35,1,4,4433.1,3942.4,4104.7,3603.0,44.2,48.1,739.1,463.1,387.0,248.2,1984.7,2067.3,88.6,0.0,90.4,0.0,246.3,251.9,560.6,572.4,2.0,0.0,6.0,0.0,44.2,0.0,0.0,48.1
1533,350628,35,1,4,357.3,1252.5,156.4,1038.1,0.0,13.2,0.0,557.4,0.0,46.3,2.0,278.9,0.0,0.0,0.0,0.0,96.4,98.3,56.0,57.1,0.0,0.0,2.0,0.0,0.0,0.0,0.0,13.2
1534,350629,35,1,4,5422.1,5636.4,4955.5,5137.8,50.0,72.8,810.9,737.1,428.8,506.5,2259.1,2667.7,111.5,0.0,113.6,0.0,361.6,370.2,835.0,856.2,28.0,0.0,7.0,0.0,50.0,0.0,0.0,72.8
1535,350630,35,1,4,5167.3,4835.6,4778.7,4422.1,51.0,65.5,822.0,414.0,437.0,377.7,2275.4,2593.7,107.8,0.0,110.1,0.0,291.9,299.3,718.5,737.4,8.0,0.0,8.0,0.0,51.0,0.0,0.0,65.5
1536,350631,35,1,4,5435.6,5993.3,4979.8,5491.5,47.1,77.6,786.4,681.9,410.0,715.1,2126.7,2635.1,98.5,0.0,100.6,0.0,394.9,404.6,1027.7,1054.8,20.0,0.0,15.0,0.0,47.1,0.0,0.0,77.6
1537,350632,35,1,4,4511.9,2712.4,4284.3,2487.1,49.5,32.1,845.8,139.0,440.9,18.9,2284.1,1864.1,105.6,0.0,107.8,0.0,139.8,142.9,314.2,322.2,32.0,0.0,14.0,0.0,49.5,0.0,0.0,32.1
1538,350633,35,1,4,7304.8,4742.0,6931.9,4373.5,80.9,64.0,1322.6,383.0,702.0,138.4,3608.9,2919.2,164.3,0.0,167.8,0.0,276.5,283.4,632.7,649.6,48.0,0.0,9.0,0.0,80.9,0.0,0.0,64.0
1539,350634,35,1,4,7246.0,8138.9,6739.6,7588.7,65.2,96.4,1094.2,862.3,575.1,981.5,2893.5,3070.2,125.3,726.8,128.2,0.0,511.6,524.2,1388.6,1423.6,11.0,0.0,12.0,0.0,65.2,0.0,0.0,96.4
1540,350635,35,1,4,5194.5,4692.7,4780.4,4261.7,54.6,64.2,888.8,880.9,499.4,123.0,2329.0,2384.0,83.0,0.0,84.8,0.0,303.7,311.5,547.7,562.3,39.0,0.0,5.0,0.0,54.6,0.0,0.0,64.2
1541,350636,35,1,4,5397.9,5119.2,5078.8,4772.6,45.6,66.5,786.8,312.6,403.8,938.2,2015.9,1836.4,83.2,0.0,85.1,0.0,397.8,407.2,1247.0,1278.2,51.0,0.0,8.0,0.0,45.6,0.0,0.0,66.5
1542,350637,35,1,4,5927.5,13271.8,5105.0,12271.9,25.8,186.7,434.8,3636.5,223.7,189.2,1118.4,5138.7,44.7,0.0,45.9,0.0,1388.7,1423.8,1834.9,1883.7,2.0,0.0,12.0,0.0,25.8,0.0,0.0,186.7
1543,350638,35,1,4,3035.2,2693.9,2816.5,2463.9,27.3,33.7,466.9,319.8,250.3,132.0,1221.0,1251.2,46.8,0.0,48.0,0.0,238.9,244.9,503.5,515.8,36.0,0.0,5.0,0.0,27.3,0.0,0.0,33.7
1544,350639,35,1,4,3023.9,1967.2,2856.1,1800.7,33.7,26.8,566.2,130.6,304.9,41.4,1477.5,1268.9,56.1,0.0,57.4,0.0,103.6,106.1,247.5,253.8,38.0,0.0,5.0,0.0,33.7,0.0,0.0,26.8
1545,350640,35,1,4,4666.9,11922.0,3535.5,10628.9,21.8,160.2,362.7,4763.0,212.2,3.3,971.7,3920.1,31.8,0.0,32.7,0.0,934.8,958.0,960.7,984.4,12.0,0.0,17.0,0.0,21.8,0.0,0.0,160.2
1546,350641,35,1,4,3215.7,1461.1,3067.6,1317.4,35.1,20.9,578.5,33.8,304.8,0.0,1679.4,1037.2,100.5,0.0,102.7,0.0,69.7,71.3,171.0,175.1,52.0,0.0,9.0,0.0,35.1,0.0,0.0,20.9
1547,350642,35,1,4,3639.8,3697.1,3312.6,3337.5,25.2,52.6,454.9,505.3,224.9,314.5,1162.1,1143.5,52.8,0.0,54.2,0.0,428.7,438.8,914.9,935.3,14.0,0.0,6.0,0.0,25.2,0.0,0.0,52.6
1548,350643,35,1,4,7147.6,6567.3,6597.3,5993.9,67.3,77.7,1164.3,971.0,598.0,303.3,3116.2,3279.2,146.0,0.0,149.0,0.0,456.9,467.7,949.8,972.7,6.0,0.0,11.0,0.0,67.3,0.0,0.0,77.7
1549,350644,35,1,4,11376.4,13873.0,10536.9,12917.7,89.6,172.3,1599.9,1669.8,893.8,1940.5,3932.8,5418.8,112.0,0.0,114.2,0.0,1029.1,1052.4,2774.0,2836.2,53.0,0.0,28.0,0.0,89.6,0.0,0.0,172.3
1550,350645,35,1,4,1100.0,1155.7,972.8,1023.4,10.2,14.2,171.1,228.0,100.5,28.0,453.7,561.5,14.6,0.0,15.2,0.0,73.5,75.1,128.1,130.7,13.0,0.0,3.0,0.0,10.2,0.0,0.0,14.2
1551,350646,35,1,4,7749.8,7820.5,7170.8,7176.9,64.6,103.7,1155.0,1129.8,612.7,800.4,2962.8,3083.0,115.7,0.0,118.1,0.0,627.2,641.3,1491.3,1522.4,63.0,0.0,25.0,0.0,64.6,0.0,0.0,103.7
1552,350647,35,1,4,6196.7,2708.9,5948.4,2486.0,68.9,36.0,1147.4,17.1,612.7,0.0,3295.0,1990.0,194.4,0.0,198.3,0.0,132.2,134.9,336.5,343.9,26.0,0.0,6.0,0.0,68.9,0.0,0.0,36.0
1553,350648,35,1,4,3450.6,2911.8,3162.8,2612.9,34.4,39.6,621.8,468.8,306.1,51.5,1588.7,1596.6,73.1,0.0,74.7,0.0,171.5,175.4,313.9,320.6,6.0,0.0,7.0,0.0,34.4,0.0,0.0,39.6
1554,350649,35,1,3,6720.5,4542.5,6357.9,4153.3,70.4,57.7,1304.8,273.5,646.7,0.0,3289.4,2189.5,178.4,365.2,182.3,618.1,238.2,242.9,457.9,464.1,38.0,0.0,22.0,0.0,70.4,0.0,0.0,57.7
1555,350650,35,1,3,4287.4,2909.9,3953.3,2544.9,45.1,46.0,841.6,456.5,416.1,0.0,2065.4,1624.1,94.1,0.0,96.3,42.9,145.2,148.0,269.7,273.4,11.0,0.0,14.0,0.0,45.1,0.0,0.0,46.0
1556,350651,35,1,4,2164.1,1262.7,2038.9,1142.5,22.9,14.3,397.7,61.7,222.8,8.3,1072.8,861.1,43.0,0.0,44.1,0.0,62.0,63.2,145.4,148.2,48.0,0.0,3.0,0.0,22.9,0.0,0.0,14.3
1557,350652,35,1,3,9263.4,4080.4,8928.7,3748.9,84.3,55.4,1681.8,26.6,908.9,0.0,4993.1,3081.0,339.2,0.0,346.0,0.0,183.5,184.8,463.2,456.6,3.0,0.0,10.0,0.0,84.3,0.0,0.0,55.4
1558,350653,35,1,3,3008.8,3578.7,2663.4,3197.7,21.1,48.8,419.0,809.8,222.3,270.9,1201.8,1440.3,67.2,0.0,68.8,0.0,257.2,259.2,422.0,417.4,1.0,0.0,4.0,0.0,21.1,0.0,0.0,48.8
1559,350654,35,1,3,10665.4,5795.7,10300.8,5432.6,96.0,58.4,1866.4,169.0,1037.8,0.0,5661.1,3571.0,392.7,830.7,400.6,0.0,268.2,270.7,596.0,591.3,56.0,0.0,22.0,0.0,96.0,0.0,0.0,58.4
1560,350655,35,1,4,9601.8,5150.1,9262.3,4836.6,86.0,47.7,1711.1,111.5,941.6,0.0,5096.4,3319.4,328.6,630.3,335.1,0.0,234.5,236.7,541.9,538.7,63.0,0.0,10.0,0.0,86.0,0.0,0.0,47.7
1561,350656,35,1,4,4315.0,4236.0,4091.9,4014.9,35.4,30.2,728.4,341.5,388.0,81.0,2062.7,1789.0,116.0,0.0,118.4,1132.0,232.4,234.9,438.1,436.4,2.0,0.0,6.0,0.0,35.4,0.0,0.0,30.2
1562,350657,35,1,3,11878.0,6519.8,11463.1,6122.4,97.3,49.2,1835.1,341.4,1141.2,36.1,6464.6,2974.9,588.8,520.6,600.4,1450.4,272.6,274.0,533.6,524.9,13.0,0.0,14.0,0.0,97.3,0.0,0.0,49.2
1563,350658,35,1,3,10134.7,6096.6,9678.5,5614.5,80.8,65.7,1754.2,315.8,883.5,387.3,4947.4,3586.4,331.3,0.0,338.1,0.0,390.6,392.1,948.3,933.0,60.0,0.0,25.0,0.0,80.8,0.0,0.0,65.7
1564,350659,35,1,4,7330.2,3415.8,7035.0,3142.1,60.2,36.3,1233.9,168.8,699.2,21.5,3893.7,2393.2,312.8,0.0,318.9,0.0,177.2,178.3,385.2,380.3,9.0,0.0,5.0,0.0,60.2,0.0,0.0,36.3
1565,350660,35,1,4,6679.5,2954.3,6415.0,2707.7,57.0,27.3,1254.4,7.2,650.2,0.0,3523.8,2234.2,221.3,0.0,225.7,0.0,131.4,132.5,337.3,333.8,56.0,0.0,15.0,0.0,57.0,0.0,0.0,27.3
1566,350661,35,1,4,4672.4,6953.8,4433.1,6716.8,33.1,28.3,709.3,422.2,372.1,67.2,2167.1,1716.9,164.7,0.0,168.0,3678.9,302.4,305.0,531.3,526.5,11.0,0.0,7.0,0.0,33.1,0.0,0.0,28.3
1567,350662,35,1,4,5635.9,3668.5,5397.3,3449.2,45.2,24.1,925.2,151.5,517.9,70.7,2852.0,1798.2,211.3,783.7,215.7,0.0,202.4,204.6,442.7,440.4,26.0,0.0,4.0,0.0,45.2,0.0,0.0,24.1
1568,350663,35,1,4,3522.7,3993.3,3231.8,3689.9,22.9,34.6,473.1,532.2,253.1,370.5,1367.7,1565.5,82.9,221.5,84.8,38.4,306.8,309.5,656.4,652.2,3.0,0.0,4.0,0.0,22.9,0.0,0.0,34.6
1569,350664,35,1,4,4701.5,4316.2,4425.2,4030.8,29.8,35.1,628.5,237.1,335.9,871.1,1804.6,1504.2,111.4,0.0,113.7,0.0,368.8,372.3,1050.3,1046.1,6.0,0.0,6.0,0.0,29.8,0.0,0.0,35.1
1570,350665,35,1,3,8285.6,6863.0,7792.2,6351.6,57.3,53.5,1161.5,381.3,658.3,859.2,3750.3,2881.6,353.2,742.6,360.1,0.0,416.0,418.4,1080.7,1068.4,2.0,0.0,10.0,0.0,57.3,0.0,0.0,53.5
1571,350666,35,1,4,10263.5,4022.9,9914.4,3721.7,84.8,27.4,1709.2,89.7,976.6,4.7,5554.5,2969.3,492.9,0.0,502.6,0.0,196.9,198.5,462.7,459.5,8.0,0.0,11.0,0.0,84.8,0.0,0.0,27.4
1572,350667,35,1,4,5053.1,2003.0,4860.7,1833.0,41.4,13.5,849.8,4.5,465.8,0.0,2615.0,1513.4,203.4,0.0,207.6,0.0,88.6,89.3,227.4,225.9,200.0,0.0,3.0,0.0,41.4,0.0,0.0,13.5
1573,350668,35,1,4,7073.6,14051.7,6239.8,13081.9,25.1,145.0,479.1,3297.9,254.4,947.5,1352.9,4819.9,72.8,0.0,74.1,0.0,1485.9,1507.4,2494.5,2509.1,9.0,0.0,17.0,0.0,25.1,0.0,0.0,145.0
1574,350669,35,1,4,2629.0,1181.6,2493.9,1059.8,27.0,12.6,484.4,2.0,264.5,0.0,1381.4,863.4,80.2,0.0,82.0,0.0,53.6,54.4,138.7,139.9,6.0,0.0,3.0,0.0,27.0,0.0,0.0,12.6
1575,350670,35,1,4,5467.0,6435.7,5039.2,5976.3,37.9,61.3,697.1,665.5,372.5,778.8,1937.4,2171.7,109.8,556.9,112.3,0.0,514.4,523.3,1265.8,1280.0,17.0,0.0,13.0,0.0,37.9,0.0,0.0,61.3
1576,350671,35,1,4,5886.4,4759.1,5581.9,4443.9,51.7,46.8,919.5,285.5,483.4,441.0,2589.8,1965.2,148.1,494.7,151.1,0.0,352.1,358.4,886.7,899.1,32.0,0.0,19.0,0.0,51.7,0.0,0.0,46.8
1577,350672,35,1,4,12893.4,14055.6,11847.7,12939.9,108.6,144.1,1980.9,2882.6,1009.8,1712.4,5203.8,5153.6,228.6,0.0,233.0,0.0,912.0,929.9,2222.7,2261.4,27.0,0.0,30.0,0.0,108.6,0.0,0.0,144.1
1578,350673,35,1,4,5062.3,3682.8,4767.7,3397.1,49.4,37.6,938.5,272.5,477.0,123.3,2444.2,2300.2,106.6,0.0,108.6,0.0,206.0,210.4,482.8,490.7,0.0,0.0,4.0,0.0,49.4,0.0,0.0,37.6
1579,350674,35,1,4,3099.4,1362.8,2955.0,1230.9,30.6,13.5,562.1,2.6,304.3,0.0,1612.7,1003.8,95.1,0.0,97.1,0.0,61.9,62.9,159.9,161.6,56.0,0.0,6.0,0.0,30.6,0.0,0.0,13.5
1580,350675,35,1,4,3815.1,12867.2,3369.4,12360.6,16.6,67.9,305.7,2219.3,176.6,177.2,971.3,1984.9,78.9,0.0,80.4,0.0,725.8,738.2,977.7,988.9,40.0,6252.0,13.0,0.0,16.6,0.0,0.0,67.9
1581,350676,35,1,4,8665.6,6706.7,8269.8,6324.5,77.0,49.1,1373.2,351.8,755.0,268.3,4025.0,2594.5,256.3,93.9,261.4,1520.5,456.4,464.7,1018.3,1030.9,107.0,0.0,17.0,0.0,77.0,0.0,0.0,49.1
1582,350677,35,1,4,8939.0,5155.0,8571.6,4804.2,91.9,48.4,1679.8,209.5,891.7,58.5,4566.6,3551.5,207.6,0.0,211.6,0.0,284.8,290.2,682.6,694.5,23.0,0.0,24.0,0.0,91.9,0.0,0.0,48.4
1583,350678,35,1,4,4898.5,4014.2,4554.9,3657.9,35.2,42.5,613.9,552.8,373.7,373.6,2090.6,1648.5,188.4,0.0,192.2,0.0,341.1,345.0,739.9,738.1,5.0,0.0,10.0,0.0,35.2,0.0,0.0,42.5
1584,350679,35,1,4,2848.4,950.8,2709.0,827.6,26.8,9.1,456.8,1.4,276.0,0.0,1543.1,680.5,140.8,0.0,143.7,0.0,40.4,40.6,105.1,105.1,1.0,0.0,2.0,0.0,26.8,0.0,0.0,9.1
1585,350680,35,1,3,9256.4,4464.7,8914.3,4145.1,90.3,41.3,1516.2,117.3,876.3,44.9,4933.9,2635.2,432.0,652.0,440.3,0.0,208.0,210.7,484.5,485.0,10.0,0.0,13.0,0.0,90.3,0.0,0.0,41.3
1586,350681,35,1,3,3017.6,2396.1,2802.0,2159.0,26.7,24.1,500.9,273.7,260.7,138.0,1402.4,1291.7,79.6,0.0,81.5,0.0,140.4,142.3,311.6,313.2,7.0,0.0,18.0,0.0,26.7,0.0,0.0,24.1
1587,350682,35,1,3,5223.4,3307.4,4950.4,3027.3,49.7,32.7,925.7,292.4,495.0,37.7,2594.3,2085.5,152.0,0.0,155.0,0.0,206.1,209.1,400.3,402.7,8.0,0.0,14.0,0.0,49.7,0.0,0.0,32.7
1588,350683,35,1,3,4637.4,2568.1,4424.4,2361.7,44.8,26.5,804.4,103.0,450.5,76.1,2323.3,1649.6,127.2,0.0,129.8,0.0,155.1,157.6,372.2,375.4,55.0,0.0,7.0,0.0,44.8,0.0,0.0,26.5
1589,350684,35,1,4,13329.3,16324.9,12273.6,15170.9,76.8,135.9,1442.0,1888.1,805.5,2082.2,4143.7,5010.5,223.7,768.8,228.2,0.0,1600.7,1626.3,3751.8,3795.0,39.0,0.0,39.0,0.0,76.8,0.0,0.0,135.9
1590,350685,35,1,4,4540.0,2984.7,4313.9,2763.0,44.0,29.1,788.8,209.1,433.8,102.8,2231.6,1860.0,112.4,0.0,114.6,0.0,176.2,179.4,406.5,411.6,39.0,0.0,11.0,0.0,44.0,0.0,0.0,29.1
1591,350686,35,1,3,7723.9,3492.7,7414.1,3203.8,80.2,31.6,1447.8,58.7,756.8,4.8,4061.1,2539.8,247.1,0.0,252.0,0.0,167.9,170.9,423.4,429.7,41.0,0.0,17.0,0.0,80.2,0.0,0.0,31.6
1592,350687,35,1,4,3306.4,2606.7,3078.7,2385.3,31.8,24.6,561.0,341.0,303.0,41.8,1614.3,1548.3,90.9,0.0,92.6,35.1,142.4,145.1,269.4,273.9,2.0,0.0,3.0,0.0,31.8,0.0,0.0,24.6
1593,350688,35,1,4,2403.4,1072.9,2278.5,962.8,24.4,8.8,439.4,2.1,235.4,0.0,1269.0,783.8,77.6,0.0,79.1,0.0,48.3,49.0,125.7,127.8,1.0,0.0,3.0,0.0,24.4,0.0,0.0,8.8
1594,350689,35,1,4,2325.4,3841.3,2036.5,3525.0,7.0,33.2,139.3,678.7,78.7,384.9,433.4,1142.3,30.6,0.0,31.5,0.0,445.4,450.1,871.7,868.9,1.0,0.0,5.0,0.0,7.0,0.0,0.0,33.2
1595,350690,35,1,4,4137.4,2390.6,3945.6,2201.2,35.3,21.0,682.9,89.3,383.6,155.3,2103.7,1503.5,150.4,0.0,153.4,0.0,123.2,124.3,329.4,328.8,7.0,0.0,12.0,0.0,35.3,0.0,0.0,21.0
1596,350691,35,1,3,4522.0,1823.5,4339.3,1644.3,41.5,17.4,698.5,42.8,413.8,51.4,2337.8,1108.9,209.3,0.0,213.5,0.0,130.9,132.0,309.4,309.3,14.0,0.0,12.0,0.0,41.5,0.0,0.0,17.4
1597,350692,35,1,3,2575.7,1361.7,2420.0,1205.3,24.9,12.3,474.5,21.7,251.7,47.1,1303.7,897.8,73.4,0.0,75.1,0.0,64.2,65.1,173.4,173.7,1.0,0.0,3.0,0.0,24.9,0.0,0.0,12.3
1598,350693,35,1,4,4857.3,9136.6,4563.9,8839.4,41.5,38.3,812.0,575.2,448.3,155.6,2114.2,2314.0,78.5,826.3,80.3,3963.2,347.0,352.8,644.5,652.2,28.0,0.0,11.0,0.0,41.5,0.0,0.0,38.3
1599,350694,35,1,3,4321.6,3286.5,4030.0,2984.2,34.5,30.0,704.7,264.5,369.2,240.3,1950.8,1708.2,110.7,0.0,113.2,0.0,233.5,235.8,536.9,535.5,4.0,0.0,7.0,0.0,34.5,0.0,0.0,30.0
1600,350695,35,1,3,8795.3,7151.7,8281.4,6622.4,75.6,61.4,1504.9,860.5,776.7,561.9,4064.8,3716.6,211.4,0.0,215.4,0.0,435.6,440.7,1042.6,1042.7,11.0,0.0,19.0,0.0,75.6,0.0,0.0,61.4
1601,350696,35,1,3,10523.4,6284.4,10059.6,5828.0,99.7,44.9,1962.6,224.3,1025.4,110.1,5303.6,3736.0,300.3,655.4,306.2,0.0,331.9,336.2,764.4,766.0,38.0,0.0,27.0,0.0,99.7,0.0,0.0,44.9
1602,350697,35,1,3,6313.8,4630.8,6053.8,4380.4,59.8,24.1,1152.8,129.6,621.8,0.0,3286.6,2208.7,198.8,0.0,202.9,1482.2,175.7,178.3,380.2,381.5,20.0,0.0,15.0,0.0,59.8,0.0,0.0,24.1
1603,350698,35,1,4,2864.1,1607.1,2721.3,1467.4,26.9,13.4,510.6,117.2,264.9,9.4,1452.8,1076.6,83.3,0.0,84.9,0.0,81.3,82.4,180.5,181.9,53.0,0.0,10.0,0.0,26.9,0.0,0.0,13.4
1604,350699,35,1,4,13785.4,16244.1,12887.7,15205.0,53.7,147.7,977.8,1259.6,503.7,3630.1,2823.3,2030.1,162.0,0.0,165.1,0.0,2294.6,2330.0,5892.3,5955.2,22.0,0.0,47.0,0.0,53.7,0.0,0.0,147.7
1605,350700,35,1,4,12501.0,13538.5,11652.4,12629.3,82.2,116.4,1494.6,1736.2,813.8,2391.9,4418.4,4149.1,316.7,16.0,322.9,39.0,1159.0,1176.6,3088.0,3120.4,10.0,0.0,29.0,0.0,82.2,0.0,0.0,116.4
1606,350701,35,1,3,4802.7,3215.9,4582.0,3003.1,42.5,17.5,822.2,138.3,437.3,0.0,2471.7,1543.2,195.2,908.5,199.2,0.0,137.7,138.6,275.7,274.4,38.0,0.0,5.0,0.0,42.5,0.0,0.0,17.5
1607,350702,35,1,4,1551.3,2143.6,1375.9,1965.8,12.2,10.2,241.0,268.8,126.1,26.3,660.4,660.8,38.0,749.4,39.0,0.0,102.6,103.9,155.8,156.5,6.0,0.0,7.0,0.0,12.2,0.0,0.0,10.2
1608,350703,35,1,3,6241.6,2364.5,6011.8,2148.1,54.7,16.8,1062.3,5.4,596.3,0.0,3379.7,1772.5,289.4,0.0,295.2,0.0,104.2,105.0,266.7,265.2,6.0,0.0,12.0,0.0,54.7,0.0,0.0,16.8
1609,350704,35,1,3,5700.8,3403.1,5420.1,3116.4,54.8,27.1,1106.0,183.6,565.8,19.7,2859.7,2341.1,128.4,0.0,131.1,0.0,178.5,180.3,392.5,391.8,40.0,0.0,18.0,0.0,54.8,0.0,0.0,27.1
1610,350705,35,1,3,4487.1,1857.0,4283.3,1650.0,41.7,13.7,805.8,8.0,421.1,0.0,2293.1,1354.5,156.7,0.0,159.8,0.0,80.5,81.3,206.3,206.2,144.0,0.0,16.0,0.0,41.7,0.0,0.0,13.7
1611,350706,35,1,3,5735.8,2709.2,5492.4,2465.9,54.7,19.9,1063.4,83.3,565.4,0.0,3015.3,1948.5,185.8,0.0,189.6,0.0,127.5,128.8,304.3,305.3,22.0,0.0,19.0,0.0,54.7,0.0,0.0,19.9
1612,350707,35,1,3,2863.7,2511.2,2616.7,2248.0,27.0,21.8,480.5,967.4,258.2,9.4,1377.4,986.7,103.6,0.0,105.9,0.0,103.9,105.2,178.3,179.3,1.0,0.0,8.0,0.0,27.0,0.0,0.0,21.8
1613,350708,35,1,3,4734.0,4789.2,4321.7,4349.3,42.2,40.1,816.2,805.1,421.2,130.7,2049.5,2561.4,82.4,0.0,84.4,0.0,302.3,306.8,540.7,545.3,8.0,0.0,17.0,0.0,42.2,0.0,0.0,40.1
1614,350709,35,1,4,3845.2,3520.6,3508.7,3174.9,31.7,29.0,602.2,645.7,310.0,121.6,1652.7,1668.8,102.7,10.0,104.8,0.0,253.9,257.2,467.4,471.6,7.0,0.0,8.0,0.0,31.7,0.0,0.0,29.0
1615,350710,35,1,4,2971.5,7873.1,2098.3,6887.8,0.6,83.6,8.8,2591.2,4.7,805.9,53.8,1446.8,1.0,0.0,1.2,0.0,771.1,787.5,1229.8,1256.3,0.0,0.0,28.0,0.0,0.6,0.0,0.0,83.6
1616,350711,35,1,4,907.3,1947.7,755.0,1771.1,0.2,23.4,2.2,394.0,1.7,295.5,11.8,331.7,0.2,0.0,0.2,0.0,220.5,225.2,513.3,524.6,0.0,0.0,5.0,0.0,0.2,0.0,0.0,23.4
1617,350712,35,1,4,3824.4,5521.7,3379.2,5034.3,23.5,60.3,396.0,660.6,211.9,1052.9,1107.1,1754.3,59.2,0.0,60.5,0.0,397.3,405.5,1137.1,1161.1,1.0,0.0,9.0,0.0,23.5,0.0,0.0,60.3
1618,350713,35,1,4,2754.8,3871.0,2368.5,3453.3,20.1,43.9,363.5,607.1,169.6,420.8,873.3,1564.1,39.2,0.0,40.2,0.0,259.9,265.6,582.7,595.7,28.0,0.0,12.0,0.0,20.1,0.0,0.0,43.9
1619,350714,35,1,4,10886.9,6998.4,10363.6,6495.3,124.5,84.5,2129.2,290.5,1135.0,73.1,5418.2,4875.1,205.8,0.0,209.8,0.0,364.4,373.0,862.2,883.7,25.0,0.0,14.0,0.0,124.5,0.0,0.0,84.5
1620,350715,35,1,4,5408.4,7579.7,4936.4,7042.1,30.1,90.2,513.2,856.1,263.6,1536.3,1380.8,1979.1,72.6,0.0,74.1,0.0,661.0,676.5,1946.0,1994.0,16.0,0.0,9.0,0.0,30.1,0.0,0.0,90.2
1621,350716,35,1,4,3288.9,3799.5,3046.3,3528.5,26.5,48.1,453.5,331.5,241.7,568.8,1152.7,1504.2,40.7,0.0,41.9,0.0,288.4,295.3,808.2,828.8,11.0,0.0,8.0,0.0,26.5,0.0,0.0,48.1
1622,350717,35,1,4,4521.6,5518.1,4163.1,5121.5,30.9,65.5,536.8,403.1,276.9,1240.5,1385.1,1609.3,63.8,0.0,65.4,0.0,428.2,438.2,1396.0,1430.3,3.0,0.0,8.0,0.0,30.9,0.0,0.0,65.5
1623,350718,35,1,4,4153.5,4853.2,3856.0,4505.7,30.9,58.6,539.1,357.2,301.6,575.8,1316.5,1953.3,39.7,0.0,40.7,0.0,449.3,459.8,1131.1,1159.6,18.0,0.0,20.0,0.0,30.9,0.0,0.0,58.6
1624,350719,35,1,4,3171.2,3505.5,2837.1,3154.3,25.5,33.1,463.8,785.4,239.0,111.6,1204.7,1439.4,55.4,0.0,56.6,0.0,279.7,285.5,520.8,532.3,3.0,0.0,14.0,0.0,25.5,0.0,0.0,33.1
1625,350720,35,1,4,6786.0,5169.1,6376.3,4747.4,71.5,60.7,1210.3,817.2,638.5,68.9,3286.1,2957.2,156.9,0.0,160.0,0.0,304.2,311.2,579.3,592.9,19.0,0.0,22.0,0.0,71.5,0.0,0.0,60.7
1626,350721,35,1,4,7329.3,4550.7,6981.7,4220.2,72.5,40.6,1310.4,387.2,656.5,159.9,3639.5,2734.7,213.4,5.3,217.5,0.0,281.9,287.3,633.6,645.8,12.0,0.0,17.0,0.0,72.5,0.0,0.0,40.6
1627,350722,35,1,4,3182.2,4772.9,2688.4,4253.4,22.4,47.3,419.7,931.4,196.8,335.6,993.9,1980.3,39.9,0.0,40.9,0.0,334.8,341.9,650.4,664.3,7.0,0.0,5.0,0.0,22.4,0.0,0.0,47.3
1628,350723,35,1,4,3369.2,3412.1,3111.9,3145.3,30.5,35.3,511.4,454.9,272.4,233.2,1423.8,1687.3,71.5,0.0,73.0,0.0,240.4,245.8,512.3,524.0,2.0,0.0,5.0,0.0,30.5,0.0,0.0,35.3
1629,350724,35,1,4,4555.2,6931.5,4113.8,6426.0,28.1,70.1,495.0,1206.3,259.7,555.5,1286.4,2674.0,49.1,0.0,50.3,0.0,653.5,668.1,1291.7,1322.0,7.0,0.0,21.0,0.0,28.1,0.0,0.0,70.1
1630,350725,35,1,4,8327.9,5459.8,7910.0,5059.1,85.5,55.5,1512.4,471.8,846.5,145.7,4105.3,3420.5,173.4,0.0,176.9,0.0,301.7,308.3,697.8,712.8,85.0,0.0,11.0,0.0,85.5,0.0,0.0,55.5
1631,350726,35,1,4,6352.8,4734.6,6005.6,4419.1,66.0,29.0,1231.6,284.6,632.3,0.0,3190.6,2538.1,148.7,962.5,151.9,0.0,203.2,206.8,420.2,427.1,18.0,0.0,9.0,0.0,66.0,0.0,0.0,29.0
1632,350727,35,1,4,5960.4,13864.3,4823.2,12615.9,31.0,120.4,551.4,4143.0,280.4,453.5,1526.7,5699.1,79.1,0.0,80.8,0.0,939.4,957.6,1337.4,1362.8,7.0,0.0,21.0,0.0,31.0,0.0,0.0,120.4
1633,350728,35,1,4,1859.2,6741.8,1296.2,6109.8,0.0,61.1,0.0,1793.2,0.0,411.1,14.0,2611.3,0.0,0.0,0.0,0.0,481.2,491.3,787.0,802.9,0.0,0.0,14.0,0.0,0.0,0.0,0.0,61.1
1634,350729,35,1,4,9901.8,35844.6,6756.0,32325.8,0.0,323.4,0.0,14587.6,0.0,1252.4,34.0,9648.2,0.0,0.0,0.0,0.0,2979.0,3044.4,3709.1,3793.2,0.0,0.0,34.0,0.0,0.0,0.0,0.0,323.4
1635,350730,35,1,4,3966.5,6719.3,3528.2,6194.6,2.3,60.4,40.3,813.0,21.9,1083.3,144.0,947.9,4.9,0.0,5.1,0.0,992.9,1014.3,2285.1,2336.1,2.0,0.0,32.0,0.0,2.3,0.0,0.0,60.4
1636,350731,35,1,4,2543.5,2938.6,2331.9,2726.8,19.2,18.4,363.0,327.7,201.9,81.6,974.4,1002.9,40.7,636.8,41.9,0.0,224.8,229.4,439.1,448.4,41.0,0.0,5.0,0.0,19.2,0.0,0.0,18.4
1637,350732,35,1,4,6310.6,5971.0,5855.5,5504.5,61.5,59.0,1147.9,764.9,668.0,99.8,2810.5,3582.8,77.4,0.0,79.1,0.0,350.7,357.9,684.8,698.9,25.0,0.0,12.0,0.0,61.5,0.0,0.0,59.0
1638,350733,35,1,3,3563.1,1443.0,3400.5,1283.8,34.3,10.7,629.4,2.5,333.7,0.0,1860.1,1048.9,133.1,0.0,135.8,0.0,63.9,65.0,165.5,167.4,66.0,0.0,13.0,0.0,34.3,0.0,0.0,10.7
1639,350734,35,1,4,5093.5,2192.7,4844.7,1970.4,51.1,15.9,973.4,12.8,516.6,0.0,2648.3,1598.5,162.3,0.0,165.6,0.0,99.2,100.8,254.3,258.3,14.0,0.0,11.0,0.0,51.1,0.0,0.0,15.9
1640,350735,35,1,4,8496.7,12718.4,7433.1,11593.7,60.9,102.7,1007.4,2429.7,584.6,925.7,3141.8,5985.3,226.5,0.0,230.9,0.0,739.8,753.4,1473.1,1499.5,9.0,0.0,20.0,0.0,60.9,0.0,0.0,102.7
1641,350736,35,1,4,1299.5,3521.0,1039.0,3222.4,0.0,30.7,0.0,789.1,0.0,337.0,13.0,1063.4,0.0,0.0,0.0,0.0,357.9,364.8,655.1,668.1,0.0,0.0,13.0,0.0,0.0,0.0,0.0,30.7
1642,350737,35,1,4,239.9,619.6,111.5,492.5,0.4,4.1,5.3,152.2,3.0,33.6,15.9,220.3,0.5,0.0,0.7,0.0,36.2,36.6,49.0,49.6,0.0,0.0,1.0,0.0,0.4,0.0,0.0,4.1
1643,350738,35,1,4,8731.0,13649.9,7992.6,12833.4,51.1,106.2,928.9,1538.4,494.1,2130.3,2485.2,3496.9,113.3,0.0,115.4,1787.4,1033.1,1053.7,2770.6,2826.7,25.0,0.0,27.0,0.0,51.1,0.0,0.0,106.2
1644,350739,35,1,4,6985.5,8333.4,6477.2,7803.6,53.3,61.2,974.1,1263.9,531.3,475.9,2690.4,3143.2,124.2,0.0,126.6,888.0,660.1,674.1,1329.6,1358.6,26.0,0.0,15.0,0.0,53.3,0.0,0.0,61.2
1645,350740,35,1,4,9656.3,9929.6,8985.1,9236.3,79.4,85.4,1540.3,925.2,824.5,895.6,3799.9,4911.7,125.1,0.0,127.8,0.0,700.2,715.1,1751.4,1788.7,103.0,0.0,13.0,0.0,79.4,0.0,0.0,85.4
1646,350741,35,1,4,5624.4,6377.5,5075.4,5807.0,44.3,59.6,812.6,1040.7,444.8,357.9,2205.6,3049.9,114.5,0.0,116.8,0.0,443.7,452.9,887.5,905.6,41.0,0.0,9.0,0.0,44.3,0.0,0.0,59.6
1647,350742,35,1,3,4217.7,3862.0,3927.9,3543.6,38.4,42.9,693.4,277.3,367.6,306.9,1805.3,2100.0,69.4,0.0,71.0,0.0,239.3,244.8,602.9,614.6,64.0,0.0,15.0,0.0,38.4,0.0,0.0,42.9
1648,350743,35,1,3,7268.7,4619.9,6945.4,4320.2,72.4,23.3,1300.2,150.0,693.6,14.5,3706.0,2154.9,277.1,611.4,282.9,815.0,175.4,178.7,389.2,395.7,108.0,0.0,13.0,0.0,72.4,0.0,0.0,23.3
1649,350744,35,1,4,4587.7,8954.0,3842.3,8148.5,21.3,75.0,388.3,2472.9,206.7,550.5,1065.6,2905.7,58.5,46.0,59.9,81.5,765.6,781.3,1283.8,1310.6,4.0,0.0,10.0,0.0,21.3,0.0,0.0,75.0
1650,350745,35,1,4,3586.0,2883.5,3352.4,2660.8,33.7,17.9,637.5,278.4,339.1,33.4,1740.8,1361.6,95.1,569.1,97.2,0.0,138.5,141.0,272.1,277.2,21.0,0.0,11.0,0.0,33.7,0.0,0.0,17.9
1651,350746,35,1,4,6998.5,8224.7,6392.7,7580.7,44.9,74.2,808.2,1186.8,428.8,1171.0,2296.3,2628.9,149.5,0.0,152.6,0.0,725.3,740.4,1815.0,1853.5,4.0,0.0,13.0,0.0,44.9,0.0,0.0,74.2
1652,350747,35,1,4,5954.7,3929.0,5611.5,3589.0,57.5,34.6,1069.5,368.8,557.7,58.3,2917.3,2362.2,155.9,0.0,159.0,76.3,230.5,235.1,479.5,488.3,20.0,0.0,22.0,0.0,57.5,0.0,0.0,34.6
1653,350748,35,1,3,5382.4,8385.4,5032.6,8009.3,52.3,59.5,930.3,803.5,554.1,69.7,2323.1,2903.5,57.7,803.3,59.1,2345.2,388.4,396.3,675.9,687.7,33.0,0.0,11.0,0.0,52.3,0.0,0.0,59.5
1654,350749,35,1,3,5122.3,2271.7,4893.9,2034.8,49.7,16.7,969.5,23.6,499.6,0.0,2674.2,1649.7,165.4,0.0,168.7,0.0,101.8,103.3,255.5,258.1,34.0,0.0,25.0,0.0,49.7,0.0,0.0,16.7
1655,350750,35,1,3,148.0,196.7,87.3,134.2,0.9,1.2,16.4,12.4,9.1,0.0,47.3,112.7,1.7,0.0,1.8,0.0,3.5,3.5,5.6,5.6,0.0,0.0,2.0,0.0,0.9,0.0,0.0,1.2
1656,350751,35,1,4,2698.0,1628.8,2574.2,1518.8,26.0,8.2,450.9,39.6,261.7,14.5,1405.4,799.4,101.0,451.2,103.3,0.0,62.8,63.8,148.1,150.2,34.0,0.0,7.0,0.0,26.0,0.0,0.0,8.2
1657,350752,35,1,4,483.3,1268.5,267.1,1048.6,1.2,8.6,21.4,395.2,10.8,84.2,64.4,407.1,3.4,0.0,3.6,0.0,77.2,78.5,82.3,83.7,0.0,0.0,4.0,0.0,1.2,0.0,0.0,8.6
1658,350753,35,1,4,611.0,1517.3,364.7,1265.0,0.3,11.7,2.8,539.1,2.0,126.3,12.7,250.0,0.8,0.0,0.9,0.0,144.5,147.1,198.9,202.6,0.0,0.0,2.0,0.0,0.3,0.0,0.0,11.7
1659,350754,35,1,4,8609.9,10758.1,7947.3,10043.6,56.8,97.2,1019.6,941.4,518.8,1978.9,2717.5,3355.6,145.1,336.4,148.3,0.0,868.0,883.9,2500.9,2547.5,11.0,0.0,18.0,0.0,56.8,0.0,0.0,97.2
1660,350755,35,1,4,17590.1,31396.9,16231.1,29680.5,2.6,293.6,50.1,2488.5,26.1,9863.3,197.7,1159.6,4.3,0.0,4.5,0.0,3952.3,4024.4,11922.1,12144.8,1.0,0.0,73.0,0.0,2.6,0.0,0.0,293.6
1661,350756,35,1,4,7722.0,8190.1,7139.4,7581.6,68.8,76.5,1231.3,1505.9,659.8,222.6,3172.6,3612.0,120.2,442.1,122.9,0.0,606.5,617.8,1160.0,1181.2,47.0,0.0,19.0,0.0,68.8,0.0,0.0,76.5
1662,350757,35,1,4,3055.4,2747.9,2771.4,2470.3,26.8,22.2,484.2,602.9,262.3,44.9,1380.8,1346.2,85.6,0.0,87.5,0.0,179.7,183.3,287.3,293.0,1.0,0.0,3.0,0.0,26.8,0.0,0.0,22.2
1663,350758,35,1,4,6981.4,10154.0,6162.4,9256.7,43.9,100.5,737.9,2129.7,401.8,810.5,2254.5,3918.5,188.1,0.0,191.7,0.0,782.7,797.8,1571.7,1600.3,7.0,0.0,27.0,0.0,43.9,0.0,0.0,100.5
1664,350759,35,1,4,6053.5,6220.2,5531.2,5676.3,54.2,65.2,976.6,888.6,518.4,258.7,2517.0,3235.1,99.4,0.0,101.4,0.0,422.1,430.0,849.1,863.9,35.0,0.0,12.0,0.0,54.2,0.0,0.0,65.2
1665,350760,35,1,3,6984.3,4409.5,6611.8,4029.8,75.0,51.7,1329.0,353.3,705.8,127.0,3425.0,2752.9,143.9,0.0,147.1,0.0,230.1,234.7,553.9,561.9,61.0,0.0,16.0,0.0,75.0,0.0,0.0,51.7
1666,350761,35,1,4,2893.4,1620.0,2747.5,1490.9,30.5,11.8,574.0,3.1,322.9,0.0,1485.3,1219.6,48.4,0.0,49.6,0.0,73.9,74.9,190.5,193.3,2.0,0.0,1.0,0.0,30.5,0.0,0.0,11.8
1667,350762,35,1,3,2012.6,1079.5,1905.2,976.2,21.5,8.6,389.5,1.6,211.9,0.0,1038.0,797.9,42.3,0.0,43.5,0.0,48.2,49.0,125.7,127.7,0.0,0.0,6.0,0.0,21.5,0.0,0.0,8.6
1668,350763,35,1,4,665.5,2015.1,389.2,1724.8,0.2,17.0,2.2,718.8,1.8,225.2,9.7,402.1,0.2,0.0,0.3,0.0,152.7,155.4,219.3,223.3,0.0,0.0,3.0,0.0,0.2,0.0,0.0,17.0
1669,350764,35,1,4,4549.2,3906.7,4237.0,3597.5,43.8,35.6,789.0,280.5,408.9,260.0,2023.8,2221.1,82.6,0.0,84.5,0.0,238.1,241.9,584.1,594.0,18.0,0.0,8.0,0.0,43.8,0.0,0.0,35.6
1670,350765,35,1,4,4582.4,2605.2,4327.2,2368.5,49.1,26.9,915.0,173.4,487.5,8.4,2309.3,1768.1,90.7,0.0,92.6,0.0,120.5,122.5,291.5,296.1,13.0,0.0,7.0,0.0,49.1,0.0,0.0,26.9
1671,350766,35,1,4,3964.4,3103.8,3715.0,2830.4,38.9,48.6,651.0,413.7,362.0,150.2,1802.0,1602.1,82.7,0.0,84.5,0.0,207.1,212.2,442.7,452.2,73.0,0.0,10.0,0.0,38.9,0.0,0.0,48.6
1672,350767,35,1,4,4722.3,3262.7,4405.8,2936.0,48.1,47.9,838.4,412.5,437.8,121.5,2227.1,1757.4,112.3,0.0,114.8,0.0,201.0,205.7,429.5,438.9,35.0,0.0,10.0,0.0,48.1,0.0,0.0,47.9
1673,350768,35,1,4,5362.0,2998.7,5114.1,2760.1,58.1,35.7,972.3,89.8,514.5,0.0,2787.9,1585.0,186.1,644.8,190.1,0.0,134.9,137.7,297.2,302.7,23.0,0.0,8.0,0.0,58.1,0.0,0.0,35.7
1674,350769,35,1,3,5133.4,3548.8,4671.1,3038.4,47.9,58.0,795.2,783.3,409.5,212.4,2288.4,1269.5,197.4,0.0,201.6,0.0,276.5,283.2,480.4,490.0,12.0,0.0,10.0,0.0,47.9,0.0,0.0,58.0
1675,350770,35,1,3,3769.4,2250.2,3498.2,1952.7,39.7,25.5,709.2,44.4,342.1,0.0,1836.4,1033.4,120.1,598.1,122.8,0.0,82.4,84.2,189.2,192.6,85.0,0.0,11.0,0.0,39.7,0.0,0.0,25.5
1676,350771,35,1,3,2909.1,5350.8,2705.0,5105.9,26.7,48.9,443.9,485.5,248.0,49.4,1222.8,1297.1,54.8,0.0,55.9,2630.6,242.4,248.4,388.2,394.9,41.0,0.0,8.0,0.0,26.7,0.0,0.0,48.9
1677,350772,35,1,3,4932.5,2964.3,4672.0,2691.0,52.7,36.7,908.9,26.6,469.1,70.2,2517.5,1417.5,171.5,767.6,175.4,0.0,108.6,110.6,293.9,298.4,19.0,0.0,8.0,0.0,52.7,0.0,0.0,36.7
1678,350773,35,1,3,4380.8,2237.5,4148.1,1986.7,48.3,39.9,875.0,40.8,437.2,0.0,2214.9,1551.1,99.3,0.0,101.3,0.0,114.6,116.9,273.9,277.9,21.0,0.0,11.0,0.0,48.3,0.0,0.0,39.9
1679,350774,35,1,3,2158.7,990.6,1997.5,818.6,23.2,16.9,399.6,13.8,208.2,0.0,1088.3,640.4,65.7,15.7,67.1,0.0,40.7,41.5,105.7,107.1,18.0,0.0,4.0,0.0,23.2,0.0,0.0,16.9
1680,350775,35,1,3,4876.1,4304.5,4526.3,3891.9,43.1,72.2,784.0,475.5,405.4,523.9,1936.8,1655.8,75.6,0.0,77.4,0.0,338.1,345.4,876.9,891.3,17.0,0.0,15.0,0.0,43.1,0.0,0.0,72.2
1681,350776,35,1,3,5823.5,3803.2,5458.9,3406.3,56.5,53.5,1037.3,334.0,524.7,155.8,2647.3,2018.0,130.3,0.0,133.1,0.0,272.3,278.1,610.8,620.3,88.0,0.0,15.0,0.0,56.5,0.0,0.0,53.5
1682,350777,35,1,3,2256.8,963.5,2096.5,794.5,23.7,15.9,412.8,1.2,215.6,0.0,1118.5,640.7,65.8,0.0,67.3,0.0,41.7,42.3,108.9,110.3,62.0,0.0,4.0,0.0,23.7,0.0,0.0,15.9
1683,350778,35,1,4,5066.5,3478.7,4795.5,3231.9,53.2,27.8,946.2,95.2,483.2,7.0,2557.4,1602.3,163.0,912.4,166.6,196.9,126.6,128.7,283.5,289.3,64.0,0.0,5.0,0.0,53.2,0.0,0.0,27.8
1684,350779,35,1,4,6378.2,5454.4,5921.3,4964.9,54.4,77.3,942.6,739.7,486.0,377.2,2621.9,2289.4,157.0,0.0,160.4,0.0,482.8,493.5,1045.5,1065.2,17.0,0.0,8.0,0.0,54.4,0.0,0.0,77.3
1685,350780,35,1,3,5851.4,5488.2,5446.3,5024.7,53.3,81.6,941.3,669.6,510.9,437.8,2433.6,2567.7,90.9,0.0,93.0,0.0,398.8,407.4,926.8,942.3,33.0,0.0,18.0,0.0,53.3,0.0,0.0,81.6
1686,350781,35,1,3,4868.5,7622.1,4413.3,7077.0,33.7,104.0,582.4,1200.7,336.8,605.6,1508.9,2401.5,46.0,0.0,47.0,962.9,606.5,620.4,1263.7,1286.0,11.0,0.0,11.0,0.0,33.7,0.0,0.0,104.0
1687,350782,35,1,3,3724.6,1584.5,3476.8,1324.3,38.9,19.4,729.6,5.1,362.8,0.0,1884.1,1066.5,116.6,0.0,119.0,0.0,69.5,70.9,179.2,181.8,7.0,0.0,9.0,0.0,38.9,0.0,0.0,19.4
1688,350783,35,1,3,9041.6,8581.3,8424.0,7927.3,86.2,88.7,1545.2,1143.8,806.6,155.0,4107.0,4291.7,195.5,0.0,199.8,768.4,548.0,559.8,989.8,1008.5,16.0,0.0,16.0,0.0,86.2,0.0,0.0,88.7
1689,350784,35,1,3,8318.6,5902.5,7872.1,5439.3,83.7,77.6,1494.6,390.4,815.4,340.2,3863.9,3372.4,145.0,0.0,148.2,0.0,376.2,384.2,934.8,952.2,86.0,0.0,8.0,0.0,83.7,0.0,0.0,77.6
1690,350785,35,1,3,1184.5,1552.1,1044.7,1400.4,8.8,19.6,160.3,279.4,86.4,86.1,413.7,679.7,15.3,0.0,15.8,0.0,117.3,119.4,231.9,235.9,1.0,0.0,3.0,0.0,8.8,0.0,0.0,19.6
1691,350786,35,1,3,1904.8,1158.5,1734.4,980.4,18.9,13.2,335.0,95.0,168.3,25.1,912.9,656.5,58.1,6.3,59.5,0.0,60.5,61.7,133.9,135.9,4.0,0.0,2.0,0.0,18.9,0.0,0.0,13.2
1692,350787,35,1,3,3242.0,1284.9,3029.7,1060.3,34.4,16.9,604.6,3.0,305.0,0.0,1663.3,854.9,120.3,0.0,122.9,0.0,55.5,56.6,144.0,145.9,5.0,0.0,9.0,0.0,34.4,0.0,0.0,16.9
1693,350788,35,1,3,3473.0,1669.8,3289.6,1487.5,36.1,21.4,614.8,80.4,342.8,10.1,1733.8,1087.5,99.8,0.0,101.9,0.0,92.5,94.0,212.9,215.5,81.0,0.0,10.0,0.0,36.1,0.0,0.0,21.4
1694,350789,35,1,3,5314.0,2996.3,5020.5,2699.1,56.1,32.2,1022.9,116.7,521.2,3.7,2682.6,1679.3,159.5,463.2,163.0,0.0,133.0,135.7,296.3,300.5,28.0,0.0,14.0,0.0,56.1,0.0,0.0,32.2
1695,350790,35,1,4,2912.8,2281.5,2643.9,2011.9,26.0,26.4,509.2,313.6,252.5,52.7,1278.2,1251.9,60.2,0.0,61.4,0.0,136.4,138.6,253.0,255.1,81.0,0.0,12.0,0.0,26.0,0.0,0.0,26.4
1696,350791,35,1,3,4728.5,3542.5,4382.3,3177.9,48.3,40.0,883.2,502.5,468.3,46.8,2181.3,2009.9,79.3,0.0,81.1,0.0,207.9,212.3,399.2,406.3,71.0,0.0,11.0,0.0,48.3,0.0,0.0,40.0
1697,350792,35,1,3,4076.3,6061.8,3651.7,5575.2,25.5,63.1,448.2,645.4,230.5,778.7,1218.8,1795.5,73.2,745.5,74.8,0.0,454.9,463.6,1129.3,1146.5,10.0,0.0,12.0,0.0,25.5,0.0,0.0,63.1
1698,350793,35,1,3,2629.3,1825.0,2436.7,1621.4,26.1,22.9,444.2,137.0,246.0,79.3,1248.2,1061.8,71.1,0.0,72.9,0.0,101.5,103.3,236.8,239.9,10.0,0.0,6.0,0.0,26.1,0.0,0.0,22.9
1699,350794,35,1,4,1638.1,1337.6,1484.5,1176.1,10.8,17.4,185.3,120.4,102.5,110.5,525.5,341.2,29.9,0.0,30.6,0.0,188.9,192.3,407.7,411.6,8.0,0.0,6.0,0.0,10.8,0.0,0.0,17.4
1700,350795,35,1,4,3509.4,12207.6,2514.7,10995.4,0.0,155.1,0.0,3007.8,0.0,540.9,71.0,4713.1,0.0,175.8,0.0,162.5,883.9,897.8,1488.7,1497.5,0.0,0.0,71.0,0.0,0.0,0.0,0.0,155.1
1701,350796,35,1,4,11658.6,6135.2,11238.8,5746.6,95.4,45.9,2167.4,108.0,1117.4,56.6,6145.4,4176.6,385.8,475.8,393.4,0.0,271.2,272.6,666.1,657.1,72.0,0.0,20.0,0.0,95.4,0.0,0.0,45.9
1702,350797,35,1,3,911.4,3802.6,535.0,3404.4,0.0,18.9,0.0,862.6,0.0,124.2,8.0,1318.3,0.0,517.5,0.0,64.0,237.1,238.5,281.9,279.1,0.0,0.0,8.0,0.0,0.0,0.0,0.0,18.9
1703,350798,35,1,3,4658.0,2981.8,4390.2,2711.4,38.6,22.8,755.3,175.5,412.0,260.7,2209.5,1599.2,159.8,0.0,162.9,0.0,193.5,195.0,483.1,481.0,9.0,0.0,5.0,0.0,38.6,0.0,0.0,22.8
1704,350799,35,1,3,7151.3,2840.1,6896.3,2582.8,58.0,23.4,1253.6,6.7,661.8,0.0,3858.2,2147.9,325.4,0.0,332.0,0.0,121.8,122.0,312.5,306.2,9.0,0.0,22.0,0.0,58.0,0.0,0.0,23.4
1705,350800,35,1,3,17689.6,8087.9,17134.2,7520.7,145.7,62.7,3255.5,103.1,1707.6,21.6,9429.5,6085.1,634.0,0.0,646.7,0.0,384.1,385.4,941.9,925.6,65.0,0.0,70.0,0.0,145.7,0.0,0.0,62.7
1706,350801,35,1,3,10979.3,8244.3,10442.8,7695.1,92.2,52.6,2063.4,707.1,1031.0,145.3,5463.6,5576.6,257.5,0.0,262.6,0.0,394.7,397.6,874.8,868.5,57.0,0.0,38.0,0.0,92.2,0.0,0.0,52.6
1707,350802,35,1,3,5394.4,2046.7,5204.7,1861.3,45.6,12.4,902.7,4.4,521.2,0.0,2930.2,1538.6,252.8,0.0,257.9,0.0,89.4,90.0,229.5,228.3,3.0,0.0,18.0,0.0,45.6,0.0,0.0,12.4
1708,350803,35,1,4,4970.2,1863.3,4795.6,1689.0,41.9,10.8,838.1,4.1,468.8,0.0,2692.3,1393.9,233.1,0.0,237.5,0.0,81.5,82.1,209.3,208.8,4.0,0.0,31.0,0.0,41.9,0.0,0.0,10.8
1709,350804,35,1,3,3619.0,1633.7,3423.1,1441.8,33.9,10.5,661.4,40.3,353.0,0.0,1876.9,1152.4,129.2,0.0,131.9,0.0,72.6,73.3,175.9,175.7,16.0,0.0,6.0,0.0,33.9,0.0,0.0,10.5
1710,350805,35,1,3,4196.6,1579.3,4019.7,1411.4,39.4,9.9,705.3,3.0,407.5,0.0,2247.2,1161.8,190.1,0.0,193.9,0.0,68.7,69.3,177.0,177.3,22.0,0.0,8.0,0.0,39.4,0.0,0.0,9.9
1711,350806,35,1,3,4487.0,6138.7,4007.2,5612.1,23.6,46.7,446.6,683.7,236.3,981.3,1276.8,2087.2,94.1,0.0,96.3,0.0,528.3,535.1,1315.7,1324.8,2.0,0.0,11.0,0.0,23.6,0.0,0.0,46.7
1712,350807,35,1,4,7818.6,5165.0,7435.8,4809.1,73.1,36.3,1411.9,335.6,749.8,293.7,3844.5,3152.2,187.5,0.0,191.2,0.0,289.4,293.1,728.5,734.5,23.0,0.0,10.0,0.0,73.1,0.0,0.0,36.3
1713,350808,35,1,4,3009.8,1699.1,2844.6,1543.6,29.1,11.5,554.2,67.8,293.1,48.5,1519.7,1126.8,79.0,0.0,80.8,0.0,84.1,85.4,212.8,215.1,11.0,0.0,10.0,0.0,29.1,0.0,0.0,11.5
1714,350809,35,1,2,1764.1,747.8,1615.6,609.7,13.2,6.3,306.1,11.6,154.3,0.0,902.7,501.3,75.7,0.0,77.2,0.0,26.8,26.8,71.7,70.1,0.0,0.0,1.0,0.0,13.2,0.0,0.0,6.3
1715,350810,35,1,2,87.9,89.1,0.0,0.0,0.0,0.0,0.0,0.0,0.0,0.0,0.0,0.0,0.0,0.0,0.0,0.0,0.0,0.0,0.0,0.0,0.0,0.0,0.0,0.0,0.0,0.0,0.0,0.0
1716,350811,35,1,3,2342.8,2295.4,2198.8,2150.7,17.4,8.6,399.8,85.7,211.0,0.0,1190.8,787.9,90.6,1071.6,92.7,0.0,70.0,70.1,137.9,135.3,1.0,0.0,5.0,0.0,17.4,0.0,0.0,8.6
1717,350812,35,1,3,1396.3,1879.6,1188.6,1653.6,1.4,13.9,29.2,220.3,15.2,312.0,93.3,101.0,8.3,0.0,8.5,0.0,329.4,329.8,703.7,690.6,0.0,0.0,1.0,0.0,1.4,0.0,0.0,13.9
1718,350813,35,1,3,6122.8,3369.2,5904.7,3134.5,47.0,16.1,1015.8,77.5,557.6,0.0,3201.0,1738.0,284.2,925.4,290.2,0.0,123.3,123.6,274.6,269.9,122.0,0.0,36.0,0.0,47.0,0.0,0.0,16.1
1719,350814,35,1,3,8813.6,3223.6,8508.2,2935.4,69.9,19.6,1490.3,7.5,810.0,0.0,4729.4,2439.8,445.2,0.0,454.1,0.0,138.6,139.0,354.5,349.2,68.0,0.0,18.0,0.0,69.9,0.0,0.0,19.6
1720,350815,35,1,3,5379.7,3011.3,5119.0,2759.9,42.4,17.6,992.1,142.1,504.0,78.1,2742.5,2025.8,164.8,0.0,168.3,0.0,153.1,153.5,365.1,360.5,23.0,0.0,6.0,0.0,42.4,0.0,0.0,17.6
1721,350816,35,1,3,18605.1,37314.6,16749.2,35179.2,0.0,193.5,0.0,3985.7,0.0,11177.3,96.0,3517.6,0.0,0.0,0.0,0.0,4441.1,4469.7,12116.1,12028.9,0.0,0.0,96.0,0.0,0.0,0.0,0.0,193.5
1722,350817,35,1,4,9293.8,5466.0,8874.0,5086.3,74.0,23.8,1543.2,483.7,851.8,86.0,4754.1,2907.1,410.0,784.5,418.2,0.0,273.0,275.4,550.6,549.6,57.0,0.0,16.0,0.0,74.0,0.0,0.0,23.8
1723,350818,35,1,3,9058.8,5585.5,8663.4,5210.4,74.6,27.1,1467.2,288.5,814.8,248.8,4541.7,2745.7,386.2,908.6,394.0,0.0,304.1,306.8,712.6,712.0,28.0,0.0,15.0,0.0,74.6,0.0,0.0,27.1
1724,350819,35,1,3,6909.1,4251.3,6605.7,3945.5,62.5,23.9,1283.9,236.9,659.4,130.5,3418.9,2755.2,163.2,0.0,166.5,0.0,248.1,250.4,571.6,572.6,62.0,0.0,32.0,0.0,62.5,0.0,0.0,23.9
1725,350820,35,1,3,11663.5,12617.6,10916.1,11859.7,89.1,69.2,1697.5,1198.3,901.4,969.1,4834.9,4964.3,276.8,473.2,282.4,1372.0,885.3,895.7,1975.9,1986.9,41.0,0.0,21.0,0.0,89.1,0.0,0.0,69.2
1726,350821,35,1,4,13608.0,12751.0,12821.1,11956.7,102.9,74.1,2052.8,1154.0,1052.1,1526.4,5606.7,5329.4,295.1,585.0,300.9,0.0,942.3,953.5,2392.1,2408.3,140.0,0.0,39.0,0.0,102.9,0.0,0.0,74.1
1727,350822,35,1,4,8648.0,7554.4,8109.0,7022.4,63.9,42.0,1300.8,692.6,688.5,723.2,3577.7,3446.5,187.0,0.0,190.7,0.0,637.9,645.6,1502.3,1514.5,5.0,0.0,19.0,0.0,63.9,0.0,0.0,42.0
1728,350823,35,1,2,9775.5,3972.4,9442.1,3658.2,68.0,28.1,1754.9,31.8,887.0,76.6,5207.2,2912.9,437.6,0.0,446.3,0.0,176.8,177.3,468.3,459.5,31.0,0.0,33.0,0.0,68.0,0.0,0.0,28.1
1729,350824,35,1,3,8885.4,3702.0,8582.9,3399.0,69.7,32.0,1597.0,8.7,828.5,0.0,4773.4,2831.6,366.0,0.0,373.2,0.0,159.3,159.6,407.4,399.1,52.0,0.0,26.0,0.0,69.7,0.0,0.0,32.0
1730,350825,35,1,3,6541.4,7233.3,6091.2,6735.4,28.6,60.7,635.1,527.7,337.3,1866.0,1890.1,1457.6,142.8,0.0,145.9,0.0,801.9,801.7,2128.2,2082.3,0.0,0.0,10.0,0.0,28.6,0.0,0.0,60.7
1731,350826,35,1,3,8076.2,3609.9,7790.3,3321.6,64.8,31.6,1481.0,11.9,759.5,0.0,4317.2,2766.0,302.9,0.0,309.3,0.0,155.3,155.4,397.1,388.3,46.0,0.0,22.0,0.0,64.8,0.0,0.0,31.6
1732,350827,35,1,3,6290.1,4394.2,6032.0,4142.6,51.0,25.3,1148.5,101.4,586.5,0.0,3317.9,2243.8,227.4,1293.4,232.2,0.0,159.1,159.1,352.3,345.0,1.0,0.0,7.0,0.0,51.0,0.0,0.0,25.3
1733,350828,35,1,3,5493.1,5549.7,5181.1,5217.1,40.0,36.8,890.1,412.9,468.3,299.7,2591.9,2505.8,171.5,822.2,175.1,323.3,272.5,272.5,593.7,580.7,2.0,0.0,16.0,0.0,40.0,0.0,0.0,36.8
1734,350829,35,1,3,8468.5,7637.4,8085.9,7237.1,63.8,43.4,1490.0,352.8,766.6,322.4,4017.0,3459.5,200.7,0.0,204.9,1756.2,417.4,418.4,944.4,927.9,17.0,0.0,28.0,0.0,63.8,0.0,0.0,43.4
1735,350830,35,1,3,7769.3,3835.2,7498.7,3582.0,59.4,16.4,1213.5,110.0,730.4,15.3,4138.8,1917.3,383.4,1090.6,391.2,0.0,140.2,140.7,312.3,308.0,175.0,0.0,14.0,0.0,59.4,0.0,0.0,16.4
1736,350831,35,1,3,1440.5,861.3,1325.0,738.2,10.9,5.0,251.2,23.1,127.0,51.4,697.0,520.2,40.9,0.0,41.8,0.0,38.4,38.4,106.7,105.1,16.0,0.0,6.0,0.0,10.9,0.0,0.0,5.0
1737,350832,35,1,3,1609.7,5639.1,875.7,4868.3,0.1,30.8,2.5,1807.7,1.7,382.9,16.7,1835.9,0.3,0.0,0.3,0.0,403.2,405.2,441.1,436.6,0.0,0.0,10.0,0.0,0.1,0.0,0.0,30.8
1738,350833,35,1,4,5851.7,3947.1,5511.6,3619.6,41.7,18.6,918.9,477.5,502.0,208.9,2769.3,2076.7,218.9,0.0,223.1,0.0,277.1,279.1,581.2,577.3,5.0,0.0,16.0,0.0,41.7,0.0,0.0,18.6
1739,350834,35,1,4,6758.7,6213.5,6395.4,5876.1,51.3,21.4,1184.4,460.2,610.4,63.2,3316.1,2863.1,186.1,1591.6,190.0,0.0,309.3,311.5,589.1,586.5,2.0,0.0,8.0,0.0,51.3,0.0,0.0,21.4
1740,350835,35,1,4,4691.4,3760.6,4401.2,3481.6,34.6,16.6,796.0,381.9,417.4,330.6,2226.6,2055.1,115.2,0.0,117.5,0.0,214.2,215.4,500.3,498.6,5.0,0.0,9.0,0.0,34.6,0.0,0.0,16.6
1741,350836,35,1,4,8951.7,10767.0,8448.9,10287.6,61.7,32.6,1409.1,842.9,717.1,839.4,3921.5,3221.0,263.5,21.7,268.6,3558.7,527.1,531.5,1274.0,1272.4,55.0,0.0,13.0,0.0,61.7,0.0,0.0,32.6
1742,350837,35,1,3,5243.9,4064.1,4924.3,3747.3,40.7,20.5,858.7,385.9,455.4,192.2,2443.5,2356.4,146.4,0.0,149.5,0.0,257.9,260.2,551.8,552.5,50.0,0.0,11.0,0.0,40.7,0.0,0.0,20.5
1743,350838,35,1,3,1830.7,3714.7,1555.7,3415.7,5.1,20.9,99.6,776.0,51.7,278.5,291.8,1286.9,17.1,0.0,17.6,0.0,396.6,401.0,671.2,673.3,3.0,0.0,7.0,0.0,5.1,0.0,0.0,20.9
1744,350839,35,1,3,1968.1,5857.5,1570.7,5426.7,1.2,29.1,21.5,926.1,12.6,763.0,78.5,1347.1,6.7,329.3,7.0,610.1,465.1,470.8,974.3,980.2,0.0,0.0,5.0,0.0,1.2,0.0,0.0,29.1
1745,350840,35,1,3,600.7,799.3,455.9,647.6,3.0,4.1,60.2,167.6,29.9,13.3,163.7,294.8,10.1,0.0,10.5,0.0,71.2,71.9,99.4,100.1,9.0,0.0,2.0,0.0,3.0,0.0,0.0,4.1
1746,350841,35,1,2,11161.3,7696.0,10792.2,7307.2,83.2,37.5,1887.0,209.7,992.6,0.0,5909.3,3258.4,570.0,1002.8,581.5,2064.0,252.7,252.7,531.0,519.5,20.0,0.0,48.0,0.0,83.2,0.0,0.0,37.5
1747,350842,35,1,3,7013.5,2494.9,6733.1,2212.5,51.9,15.9,1203.2,5.4,608.2,0.0,3719.0,1845.7,374.3,0.0,382.1,0.0,102.7,102.8,263.6,258.6,60.0,0.0,20.0,0.0,51.9,0.0,0.0,15.9
1748,350843,35,1,3,2477.7,1143.6,2360.7,1019.7,19.6,7.4,444.8,2.2,225.5,0.0,1322.4,852.6,91.3,0.0,93.3,0.0,46.2,46.2,121.1,118.7,5.0,0.0,11.0,0.0,19.6,0.0,0.0,7.4
1749,350844,35,1,3,9234.7,4812.1,8931.7,4493.3,70.8,20.8,1616.8,99.2,857.9,0.0,4862.0,2836.6,397.9,939.6,406.1,0.0,188.8,189.5,434.1,428.4,118.0,0.0,50.0,0.0,70.8,0.0,0.0,20.8
1750,350845,35,1,3,9991.8,3725.9,9649.7,3408.7,77.1,18.5,1727.6,8.8,929.3,0.0,5359.5,2835.0,491.5,0.0,501.4,0.0,160.3,160.5,409.0,404.4,52.0,0.0,19.0,0.0,77.1,0.0,0.0,18.5
1751,350846,35,1,4,7456.6,3076.2,7177.3,2841.2,57.8,12.3,1326.4,19.1,724.2,0.0,3998.4,2346.1,311.9,0.0,318.0,0.0,134.9,135.6,342.4,340.5,17.0,0.0,4.0,0.0,57.8,0.0,0.0,12.3
1752,350847,35,1,3,2396.7,2161.9,2229.6,1991.7,19.0,6.2,428.5,119.6,214.4,10.2,1159.7,932.6,67.7,669.1,69.3,0.0,88.5,89.0,171.5,171.3,22.0,0.0,8.0,0.0,19.0,0.0,0.0,6.2
1753,350848,35,1,4,3792.8,2401.0,3575.7,2203.9,31.3,9.6,700.4,165.9,350.2,15.4,1887.1,1419.9,110.5,0.0,112.7,226.3,121.8,122.9,252.9,253.5,33.0,0.0,7.0,0.0,31.3,0.0,0.0,9.6
1754,350849,35,1,4,10153.2,6802.9,9486.3,6178.5,79.1,31.9,1508.2,1084.4,890.1,303.3,5021.5,3682.6,463.0,0.0,472.1,0.0,390.4,394.2,711.0,713.9,18.0,0.0,12.0,0.0,79.1,0.0,0.0,31.9
1755,350850,35,1,2,400.6,1288.7,274.1,1157.9,1.6,2.5,38.9,82.8,19.6,0.0,119.1,146.3,10.9,855.6,11.2,0.0,31.6,31.5,42.8,41.7,0.0,0.0,0.0,0.0,1.6,0.0,0.0,2.5
1756,350851,35,1,3,4002.4,2871.0,3697.9,2552.0,26.1,16.4,621.1,518.7,312.1,31.6,1927.1,1434.7,193.5,0.0,197.6,147.1,162.6,162.9,261.9,256.9,7.0,0.0,15.0,0.0,26.1,0.0,0.0,16.4
1757,350852,35,1,3,67.2,85.1,0.6,14.6,0.0,0.1,0.0,4.1,0.0,0.0,0.0,9.8,0.0,0.0,0.0,0.0,0.4,0.4,0.3,0.3,0.0,0.0,0.0,0.0,0.0,0.0,0.0,0.1
1758,350853,35,1,3,4925.1,8146.9,4670.5,7891.5,34.5,19.5,778.5,373.3,416.3,35.6,2276.6,1791.9,167.0,740.1,170.4,4266.5,252.6,252.7,438.1,431.3,164.0,0.0,7.0,0.0,34.5,0.0,0.0,19.5
1759,350854,35,1,3,784.0,2503.4,459.3,2166.9,0.4,10.4,8.6,534.5,4.7,333.4,30.3,892.2,1.7,0.0,1.8,0.0,146.5,146.9,261.7,259.8,0.0,0.0,4.0,0.0,0.4,0.0,0.0,10.4
1760,350855,35,1,4,15856.0,14723.0,14754.9,13655.4,107.4,58.8,2417.9,2684.6,1314.9,663.6,7165.1,7036.9,505.0,0.0,515.0,517.8,964.8,970.5,1789.1,1781.9,64.0,0.0,19.0,0.0,107.4,0.0,0.0,58.8
1761,350856,35,1,3,3548.1,3166.6,3225.0,2846.0,25.5,13.4,573.0,714.9,292.2,141.4,1608.0,1457.5,96.6,0.0,98.7,0.0,213.4,214.5,318.2,317.6,21.0,0.0,4.0,0.0,25.5,0.0,0.0,13.4
1762,350857,35,1,3,1434.2,2336.8,1222.2,2109.9,4.8,10.0,108.4,264.6,57.2,464.8,289.9,647.7,15.7,0.0,16.3,0.0,203.6,205.0,528.1,527.8,0.0,0.0,3.0,0.0,4.8,0.0,0.0,10.0
1763,350858,35,1,4,5092.0,8624.2,4521.6,8028.4,19.4,37.7,436.3,1229.3,218.1,1639.2,1188.0,2649.8,69.2,0.0,70.6,0.0,694.6,700.1,1805.7,1810.1,24.0,0.0,15.0,0.0,19.4,0.0,0.0,37.7
1764,350859,35,1,4,8629.3,11362.2,7868.6,10583.8,41.2,51.9,877.0,1609.1,456.8,1613.2,2485.5,3629.9,151.0,0.0,154.0,0.0,1112.3,1122.4,2600.1,2609.1,18.0,0.0,14.0,0.0,41.2,0.0,0.0,51.9
1765,350860,35,1,4,4882.5,3767.7,4590.3,3500.8,41.3,12.8,899.6,287.3,451.6,24.5,2430.0,1924.2,156.7,819.5,159.8,0.0,145.0,146.3,297.5,299.1,37.0,0.0,13.0,0.0,41.3,0.0,0.0,12.8
1766,350861,35,1,2,75.0,99.8,11.6,42.3,0.0,0.3,0.0,22.0,0.0,1.6,0.0,7.3,0.0,0.0,0.0,0.0,5.3,5.2,6.3,6.2,0.0,0.0,0.0,0.0,0.0,0.0,0.0,0.3
1767,350862,35,1,2,5795.2,8527.7,4666.1,7385.7,29.5,42.9,723.3,2636.9,400.8,165.1,2275.8,3685.1,170.3,0.0,173.7,0.0,514.1,514.4,391.2,384.3,4.0,0.0,13.0,0.0,29.5,0.0,0.0,42.9
1768,350863,35,1,2,89.4,90.3,0.0,0.1,0.0,0.0,0.0,0.1,0.0,0.0,0.0,0.0,0.0,0.0,0.0,0.0,0.0,0.0,0.0,0.0,0.0,0.0,0.0,0.0,0.0,0.0,0.0,0.0
1769,350864,35,1,3,1407.5,4985.3,744.3,4300.3,0.0,25.1,0.0,2379.0,0.0,400.8,6.0,793.3,0.0,0.0,0.0,0.0,426.6,426.4,305.7,300.8,0.0,0.0,6.0,0.0,0.0,0.0,0.0,25.1
1770,350865,35,1,3,1511.1,4939.9,848.5,4251.3,0.0,27.4,0.0,2250.7,0.0,606.4,5.0,561.6,0.0,0.0,0.0,0.0,435.1,435.2,403.3,397.3,0.0,0.0,5.0,0.0,0.0,0.0,0.0,27.4
1771,350866,35,1,3,8345.6,3835.8,8008.6,3498.8,64.1,21.5,1573.6,66.2,779.1,5.0,4381.9,2865.0,305.0,0.0,311.2,0.0,165.2,165.5,402.7,397.2,64.0,0.0,26.0,0.0,64.1,0.0,0.0,21.5
1772,350867,35,1,3,3583.0,1521.5,3415.2,1352.3,27.3,7.3,626.2,3.0,322.3,0.0,1830.7,1127.3,136.3,0.0,139.2,0.0,62.2,62.3,161.2,159.6,126.0,0.0,11.0,0.0,27.3,0.0,0.0,7.3
1773,350868,35,1,3,5519.9,2345.7,5287.9,2122.8,44.2,10.4,1006.1,5.1,523.9,0.0,2903.9,1766.1,214.3,0.0,218.5,0.0,99.2,99.5,254.0,252.0,56.0,0.0,12.0,0.0,44.2,0.0,0.0,10.4
1774,350869,35,1,3,2867.0,4052.4,2497.2,3667.5,14.0,19.1,306.0,689.1,163.4,653.6,868.6,1298.8,60.3,0.0,61.7,0.0,311.0,312.4,718.2,713.5,2.0,0.0,6.0,0.0,14.0,0.0,0.0,19.1
1775,350870,35,1,3,4777.4,3860.7,4457.3,3526.3,29.9,17.6,668.0,294.9,348.4,482.5,1897.8,1500.4,130.9,0.0,133.6,0.0,371.7,373.3,880.9,875.2,9.0,0.0,17.0,0.0,29.9,0.0,0.0,17.6
1776,350871,35,1,3,495.1,2295.8,362.9,2161.5,0.7,2.5,17.2,210.9,9.0,14.0,53.8,549.0,3.5,0.0,3.7,0.0,123.6,124.4,149.0,148.2,0.0,1115.0,3.0,0.0,0.7,0.0,0.0,2.5
1777,350872,35,1,3,3752.0,2868.7,3471.7,2587.9,27.4,12.0,614.9,479.0,338.0,51.1,1710.8,1485.1,100.2,0.0,102.4,0.0,203.7,205.0,368.8,367.7,26.0,0.0,7.0,0.0,27.4,0.0,0.0,12.0
1778,350873,35,1,3,2085.2,1629.2,1891.3,1428.3,15.6,6.5,356.2,258.0,184.0,0.0,952.4,890.3,54.5,0.0,55.8,0.0,108.0,108.7,171.4,171.3,2.0,0.0,7.0,0.0,15.6,0.0,0.0,6.5
1779,350874,35,1,4,9008.2,6807.8,8572.8,6403.5,70.8,27.8,1584.7,301.8,864.2,505.8,4329.4,4235.9,190.5,0.0,194.2,0.0,368.3,371.2,986.6,988.7,42.0,0.0,13.0,0.0,70.8,0.0,0.0,27.8
1780,350875,35,1,4,8100.9,10098.1,7323.9,9311.4,46.6,43.2,997.3,1538.5,523.3,1087.6,2848.9,4109.0,173.1,0.0,176.6,0.0,790.7,797.4,1773.0,1779.0,20.0,0.0,21.0,0.0,46.6,0.0,0.0,43.2
1781,350876,35,1,4,4700.2,5207.2,4272.0,4784.5,28.5,23.3,619.6,816.7,314.1,616.0,1676.2,1917.0,108.4,0.0,110.5,0.0,431.9,436.3,993.2,998.5,7.0,0.0,11.0,0.0,28.5,0.0,0.0,23.3
1782,350877,35,1,3,1150.7,4228.4,553.4,3612.7,0.6,22.6,15.2,1869.8,7.9,134.3,50.0,1107.9,3.2,1.2,3.2,29.9,317.1,317.1,154.8,152.3,0.0,0.0,2.0,0.0,0.6,0.0,0.0,22.6
1783,350878,35,1,2,70.4,71.0,0.0,1.8,0.0,0.0,0.0,1.8,0.0,0.0,0.0,0.0,0.0,0.0,0.0,0.0,0.0,0.0,0.0,0.0,0.0,0.0,0.0,0.0,0.0,0.0,0.0,0.0
1784,350879,35,1,3,103.2,113.5,0.3,4.8,0.0,0.0,0.0,1.4,0.0,0.0,0.0,3.1,0.0,0.0,0.0,0.0,0.1,0.1,0.2,0.2,0.0,0.0,0.0,0.0,0.0,0.0,0.0,0.0
1785,350880,35,1,3,225.4,597.3,52.9,417.4,0.0,2.6,0.0,361.4,0.0,0.0,0.0,3.0,0.0,0.0,0.0,0.0,52.9,52.9,0.0,0.0,0.0,0.0,0.0,0.0,0.0,0.0,0.0,2.6
1786,350881,35,1,4,1586.2,5119.7,1093.2,4590.4,0.2,38.4,1.7,1246.6,1.7,610.2,15.0,1651.8,0.8,0.0,0.8,0.0,354.8,360.3,712.4,721.5,0.0,0.0,6.0,0.0,0.2,0.0,0.0,38.4
1787,350882,35,1,4,9110.6,10817.0,8423.6,10082.2,65.0,95.3,1107.6,1110.1,580.9,1660.0,3180.8,3513.5,205.6,658.4,209.8,0.0,837.3,851.9,2250.5,2288.3,27.0,0.0,24.0,0.0,65.0,0.0,0.0,95.3
1788,350883,35,1,4,4770.8,2404.3,4550.2,2206.0,47.8,17.3,938.4,5.6,497.2,0.0,2412.6,1796.9,97.9,0.0,99.7,0.0,111.6,113.4,285.9,290.0,95.0,0.0,12.0,0.0,47.8,0.0,0.0,17.3
1789,350884,35,1,4,9319.3,10325.1,8584.3,9542.7,60.7,72.9,1135.6,1045.9,574.9,1108.8,3139.6,4017.6,162.5,0.0,165.4,0.0,1006.5,1021.3,2319.9,2348.9,42.0,0.0,38.0,0.0,60.7,0.0,0.0,72.9
1790,350885,35,1,4,3071.1,12091.1,1971.2,10894.4,0.0,82.1,0.0,3799.2,0.0,559.2,23.0,4584.9,0.0,0.0,0.0,0.0,814.6,826.5,1110.6,1124.5,0.0,0.0,23.0,0.0,0.0,0.0,0.0,82.1
1791,350886,35,1,4,1325.5,3349.3,992.4,2985.7,0.0,27.3,0.0,922.1,0.0,370.5,8.0,701.8,0.0,0.0,0.0,0.0,350.2,355.7,626.3,635.6,0.0,0.0,8.0,0.0,0.0,0.0,0.0,27.3
1792,350887,35,1,4,7870.2,9260.3,7320.1,8655.9,62.5,80.9,1187.0,1051.2,607.0,1124.9,2826.1,4014.7,104.2,0.0,106.4,0.0,657.4,668.1,1769.0,1797.0,26.0,0.0,37.0,0.0,62.5,0.0,0.0,80.9
1793,350888,35,1,4,3000.6,3310.0,2752.1,3049.1,26.3,30.0,471.6,385.3,278.1,197.7,1196.8,1728.3,31.5,0.0,32.3,0.0,228.1,231.6,498.7,506.1,4.0,0.0,11.0,0.0,26.3,0.0,0.0,30.0
1794,350889,35,1,4,6542.1,7063.7,5987.3,6479.3,49.4,69.4,912.7,918.3,483.2,470.7,2240.5,2908.6,75.6,0.0,77.1,0.0,690.0,702.5,1455.2,1479.3,40.0,0.0,13.0,0.0,49.4,0.0,0.0,69.4
1795,350890,35,1,4,9818.4,14988.1,9034.4,14037.9,28.4,159.1,507.7,1413.1,285.2,3501.9,1304.9,2211.0,39.7,0.0,40.7,0.0,1809.5,1840.4,4992.5,5071.3,16.0,0.0,38.0,0.0,28.4,0.0,0.0,159.1
1796,350891,35,1,4,6824.5,5927.5,6384.3,5468.8,56.4,59.2,1029.2,572.1,532.5,309.1,2612.8,2620.3,99.6,0.0,101.7,0.0,618.7,629.6,1315.7,1337.6,58.0,0.0,16.0,0.0,56.4,0.0,0.0,59.2
1797,350892,35,1,4,8846.6,4529.8,8511.5,4237.3,86.6,27.8,1731.2,12.2,889.6,0.0,4659.2,3463.9,223.4,0.0,227.7,0.0,211.8,214.6,540.6,546.6,12.0,0.0,16.0,0.0,86.6,0.0,0.0,27.8
1798,350893,35,1,4,3696.9,7414.0,3344.9,6990.1,0.0,58.1,0.0,611.0,0.0,2255.9,22.0,778.4,0.0,0.0,0.0,0.0,810.9,822.8,2490.1,2522.0,0.0,0.0,22.0,0.0,0.0,0.0,0.0,58.1
1799,350894,35,1,4,5338.0,3282.6,5085.8,3045.9,51.2,22.3,972.0,151.2,492.9,215.0,2647.4,2006.8,132.3,0.0,134.9,0.0,180.7,182.9,484.7,489.9,26.0,0.0,15.0,0.0,51.2,0.0,0.0,22.3
1800,350895,35,1,4,3142.0,6532.1,2517.9,5871.7,16.2,45.3,312.2,1934.9,156.9,362.7,794.9,2385.8,33.8,0.0,34.6,0.0,482.2,489.3,690.3,698.9,2.0,0.0,11.0,0.0,16.2,0.0,0.0,45.3
1801,350896,35,1,4,9020.0,8163.1,8434.7,7569.6,73.7,62.5,1387.5,770.0,701.1,504.9,3534.0,3853.3,151.7,0.0,154.7,0.0,752.1,763.7,1654.5,1677.7,79.0,0.0,20.0,0.0,73.7,0.0,0.0,62.5
1802,350897,35,1,4,6598.5,9972.4,5911.4,9232.1,38.2,80.1,710.5,1599.0,379.3,1217.3,1857.0,3580.4,72.1,0.0,73.8,0.0,848.5,861.9,1945.2,1973.4,11.0,0.0,14.0,0.0,38.2,0.0,0.0,80.1
1803,350898,35,1,4,4914.3,4491.8,4559.2,4136.4,44.0,35.8,820.6,633.2,432.5,266.9,2151.0,2294.5,90.2,0.0,92.2,0.0,291.7,296.2,635.9,645.6,32.0,0.0,13.0,0.0,44.0,0.0,0.0,35.8
1804,350899,35,1,4,3279.6,1930.0,3111.6,1774.1,33.4,16.1,598.3,101.5,317.4,77.5,1636.0,1226.1,78.8,0.0,80.6,0.0,100.6,102.2,262.8,266.8,29.0,0.0,8.0,0.0,33.4,0.0,0.0,16.1
1805,350900,35,1,4,4281.1,8350.2,3880.2,7907.1,20.7,49.3,368.5,809.2,185.1,481.9,1035.6,1458.3,56.7,0.0,58.1,2986.1,702.7,714.8,1434.5,1456.8,21.0,0.0,18.0,0.0,20.7,0.0,0.0,49.3
1806,350901,35,1,4,10005.8,7830.0,9491.9,7327.1,89.3,67.8,1627.6,411.6,852.0,1028.3,4369.8,3659.3,203.2,0.0,207.0,0.0,566.6,575.8,1628.8,1652.0,23.0,0.0,14.0,0.0,89.3,0.0,0.0,67.8
1807,350902,35,1,4,3763.2,3257.7,3525.1,3015.7,35.4,27.1,646.3,470.1,350.9,107.4,1728.6,1701.8,72.4,40.3,74.2,58.5,203.2,206.3,425.4,431.2,8.0,0.0,16.0,0.0,35.4,0.0,0.0,27.1
1808,350903,35,1,4,730.5,2661.1,520.1,2439.7,0.0,14.3,0.0,715.1,0.0,110.3,1.0,1091.1,0.0,0.0,0.0,0.0,210.2,212.7,308.0,310.5,0.0,0.0,1.0,0.0,0.0,0.0,0.0,14.3
1809,350904,35,1,3,10011.1,5453.7,9578.3,5073.4,99.4,34.9,1867.7,184.3,955.4,48.4,5230.0,3919.0,293.9,0.0,299.5,0.0,270.9,274.2,640.8,647.5,16.0,0.0,4.0,0.0,99.4,0.0,0.0,34.9
1810,350905,35,1,4,1440.4,1760.9,1295.6,1615.7,11.6,10.7,218.9,175.3,135.0,16.4,575.8,1124.6,31.1,0.0,32.0,0.0,101.1,102.6,194.8,197.0,5.0,0.0,2.0,0.0,11.6,0.0,0.0,10.7
1811,350906,35,1,4,2701.6,4112.3,2511.9,3936.1,23.7,14.4,453.2,345.2,232.1,3.3,1212.4,1221.8,60.5,876.2,61.9,1012.7,183.5,185.7,288.2,291.1,18.0,0.0,2.0,0.0,23.7,0.0,0.0,14.4
1812,350907,35,1,4,2430.6,2247.6,2217.2,2039.9,19.7,15.8,365.0,232.5,186.8,195.2,978.3,1029.8,48.5,0.0,49.7,0.0,173.0,175.3,401.9,407.0,10.0,0.0,4.0,0.0,19.7,0.0,0.0,15.8
1813,350908,35,1,4,6690.8,4271.7,6388.5,3994.3,65.6,29.3,1215.4,201.6,651.2,155.4,3339.5,2831.1,151.2,0.0,154.3,0.0,226.7,229.9,569.2,576.2,68.0,0.0,13.0,0.0,65.6,0.0,0.0,29.3
1814,350909,35,1,4,5162.1,4464.9,4850.4,4168.5,45.8,26.3,808.1,357.1,441.4,270.2,2413.6,1891.1,170.8,832.1,174.4,0.0,242.1,245.6,564.8,572.4,25.0,0.0,10.0,0.0,45.8,0.0,0.0,26.3
1815,350910,35,1,4,4894.9,3389.1,4608.1,3121.9,44.4,18.8,891.6,324.8,453.7,138.9,2395.9,2029.4,117.2,0.0,119.6,0.0,195.6,198.1,426.6,430.6,3.0,0.0,5.0,0.0,44.4,0.0,0.0,18.8
1816,350911,35,1,4,4204.2,2430.5,3989.2,2240.2,40.4,14.2,778.7,179.3,426.4,8.3,2154.2,1645.6,104.9,0.0,107.0,0.0,127.3,128.7,275.7,278.3,11.0,0.0,4.0,0.0,40.4,0.0,0.0,14.2
1817,350912,35,1,4,3450.4,2737.3,3207.9,2509.7,29.2,17.9,541.6,205.3,276.1,294.7,1523.6,1345.2,98.4,0.0,100.3,0.0,177.5,179.5,479.3,484.9,8.0,0.0,3.0,0.0,29.2,0.0,0.0,17.9
1818,350913,35,1,4,2293.3,2082.9,2057.0,1854.9,19.9,12.9,375.7,319.7,190.2,71.1,1033.0,1126.5,59.2,0.0,60.5,0.0,119.2,121.0,214.1,216.6,0.0,0.0,5.0,0.0,19.9,0.0,0.0,12.9
1819,350914,35,1,4,1917.1,889.8,1792.1,779.4,18.8,5.5,355.4,3.4,176.9,0.0,987.6,636.9,59.5,0.0,60.9,0.0,38.1,38.6,99.7,100.4,10.0,0.0,4.0,0.0,18.8,0.0,0.0,5.5
1820,350915,35,1,4,3265.1,1676.0,3138.8,1541.0,31.4,9.3,598.7,40.0,321.5,8.5,1723.0,1221.0,90.9,0.0,92.7,0.0,77.0,77.8,192.0,193.7,9.0,0.0,34.0,0.0,31.4,0.0,0.0,9.3
1821,350916,35,1,4,1839.5,2367.3,1628.6,2164.6,14.7,11.4,277.9,176.5,141.6,102.8,793.2,1158.1,52.7,421.3,54.0,0.0,98.0,99.4,204.3,206.3,5.0,0.0,2.0,0.0,14.7,0.0,0.0,11.4
1822,350917,35,1,4,2695.4,2535.4,2486.5,2321.7,25.5,24.9,467.7,355.5,253.8,84.0,1209.9,1429.7,45.3,0.0,46.4,0.0,146.3,148.8,299.3,303.6,11.0,0.0,7.0,0.0,25.5,0.0,0.0,24.9
1823,350918,35,1,4,5687.0,6489.1,5184.2,5941.7,41.8,74.0,720.5,876.4,400.6,926.7,2016.1,2295.3,101.4,0.0,103.6,0.0,517.2,525.9,1300.7,1317.4,9.0,0.0,15.0,0.0,41.8,0.0,0.0,74.0
1824,350919,35,1,4,8530.2,8097.9,7918.3,7457.0,76.0,90.0,1352.4,1003.8,695.8,700.9,3629.7,3608.9,188.4,302.2,192.4,0.0,547.3,556.7,1270.3,1284.6,25.0,0.0,17.0,0.0,76.0,0.0,0.0,90.0
1825,350920,35,1,4,10587.8,6883.8,10031.2,6325.3,101.7,79.4,1895.8,479.5,990.7,277.0,4938.7,3898.7,224.8,0.0,229.3,0.0,506.1,514.5,1146.6,1155.5,72.0,0.0,27.0,0.0,101.7,0.0,0.0,79.4
1826,350921,35,1,4,4173.7,20421.0,2330.7,18288.0,0.0,262.2,0.0,6702.9,0.0,553.3,37.0,8751.0,0.0,0.0,0.0,0.0,987.2,1002.6,1269.5,1278.2,0.0,0.0,37.0,0.0,0.0,0.0,0.0,262.2
1827,350922,35,1,4,2620.3,1568.1,2430.2,1384.7,23.6,17.6,445.0,92.2,226.3,57.3,1166.0,792.7,60.4,0.0,61.6,0.0,135.7,137.8,303.1,304.7,24.0,0.0,8.0,0.0,23.6,0.0,0.0,17.6
1828,350923,35,1,4,489.5,1071.3,248.9,833.9,1.2,9.4,23.4,601.6,11.3,6.3,59.8,76.1,2.1,0.0,2.3,0.0,108.4,110.1,39.6,39.7,0.0,0.0,2.0,0.0,1.2,0.0,0.0,9.4
1829,350924,35,1,4,5031.3,4825.1,4670.7,4451.9,49.3,48.4,899.1,771.8,481.7,106.8,2269.9,2746.2,77.9,0.0,79.5,0.0,278.5,283.1,536.0,544.0,33.0,0.0,15.0,0.0,49.3,0.0,0.0,48.4
1830,350925,35,1,4,1904.6,8348.6,1217.7,7571.9,0.0,85.6,0.0,2201.8,0.0,501.2,11.0,3653.4,0.0,0.0,0.0,0.0,441.0,449.1,754.7,766.4,0.0,0.0,11.0,0.0,0.0,0.0,0.0,85.6
1831,350926,35,1,4,9494.1,4379.2,9116.1,4046.3,99.4,42.2,1822.9,71.1,962.1,0.0,4991.3,3229.0,272.1,0.0,277.4,0.0,209.5,212.7,526.8,533.5,39.0,0.0,15.0,0.0,99.4,0.0,0.0,42.2
1832,350927,35,1,4,7313.9,14609.2,6603.1,13725.5,0.0,154.0,0.0,1139.1,0.0,4320.1,26.0,1613.4,0.0,0.0,0.0,0.0,1613.4,1641.2,4937.7,5011.8,0.0,0.0,26.0,0.0,0.0,0.0,0.0,154.0
1833,350928,35,1,4,7252.8,7129.1,6728.6,6580.0,60.1,68.2,1101.1,1231.5,548.2,497.5,3008.1,2532.0,203.3,677.3,207.7,0.0,513.0,521.4,1108.2,1120.4,19.0,0.0,20.0,0.0,60.1,0.0,0.0,68.2
1834,350929,35,1,3,9098.3,6730.8,8519.6,6120.1,82.7,75.5,1473.5,736.4,757.4,529.5,4006.5,3109.3,255.8,0.0,261.1,0.0,519.8,528.1,1205.6,1216.7,21.0,0.0,19.0,0.0,82.7,0.0,0.0,75.5
1835,350930,35,1,3,8054.2,9609.7,7463.7,8971.4,66.4,81.7,1241.9,1073.0,638.2,576.8,3265.5,3456.2,175.2,848.1,178.9,1064.2,631.7,641.5,1303.4,1311.6,13.0,0.0,16.0,0.0,66.4,0.0,0.0,81.7
1836,350931,35,1,4,6774.2,3235.8,6490.1,2978.0,67.9,34.2,1330.1,31.2,690.3,0.0,3536.6,2394.3,172.0,0.0,175.3,0.0,154.2,156.4,394.6,396.2,24.0,0.0,13.0,0.0,67.9,0.0,0.0,34.2
1837,350932,35,1,4,3648.8,2842.6,3374.8,2576.1,32.9,21.9,641.4,340.2,337.7,80.8,1656.9,1591.0,71.4,0.0,73.0,0.0,182.3,185.3,374.1,378.7,31.0,0.0,7.0,0.0,32.9,0.0,0.0,21.9
1838,350933,35,1,3,1699.0,1206.9,1543.9,1047.1,15.8,9.5,305.0,161.2,157.0,3.7,803.0,695.0,37.7,0.0,38.7,0.0,65.5,66.2,119.9,121.1,13.0,0.0,4.0,0.0,15.8,0.0,0.0,9.5
1839,350934,35,1,3,1140.8,777.2,988.6,617.5,11.0,7.2,206.4,88.3,107.2,5.0,515.8,410.5,20.9,0.0,21.5,0.0,39.5,40.1,73.2,73.7,2.0,0.0,2.0,0.0,11.0,0.0,0.0,7.2
1840,350935,35,1,3,5924.8,6381.7,5641.2,6094.7,60.2,34.4,1148.2,199.8,600.6,1.2,2958.1,2364.8,123.1,0.0,125.7,2877.1,209.4,212.6,436.1,439.1,26.0,0.0,14.0,0.0,60.2,0.0,0.0,34.4
1841,350936,35,1,3,12046.7,8579.0,11299.9,7786.8,94.6,88.5,1859.3,1103.5,964.9,500.8,4965.9,3312.7,272.9,0.0,278.3,0.0,946.8,957.9,1917.8,1911.9,57.0,0.0,37.0,0.0,94.6,0.0,0.0,88.5
1842,350937,35,1,3,7401.4,3645.2,7055.0,3288.9,72.1,32.8,1517.7,87.7,728.6,0.0,3749.1,2603.7,178.8,0.0,182.6,0.0,173.9,175.9,423.3,421.6,69.0,0.0,32.0,0.0,72.1,0.0,0.0,32.8
1843,350938,35,1,3,4142.6,2713.2,3842.3,2403.0,36.9,20.1,713.1,422.2,379.5,21.0,2016.2,1520.1,142.3,32.5,145.4,0.0,145.2,147.1,258.5,260.1,27.0,0.0,15.0,0.0,36.9,0.0,0.0,20.1
1844,350939,35,1,3,3361.9,1887.4,3119.1,1631.1,32.2,15.7,664.7,106.4,323.2,31.9,1638.7,1185.4,78.5,0.0,80.3,0.0,89.0,89.9,216.6,217.4,18.0,0.0,10.0,0.0,32.2,0.0,0.0,15.7
1845,350940,35,1,3,6155.3,2324.5,5875.4,2051.2,59.2,19.0,1129.6,24.8,601.7,3.9,3240.5,1638.6,249.6,0.0,254.6,0.0,108.2,109.6,273.3,274.3,6.0,0.0,12.0,0.0,59.2,0.0,0.0,19.0
1846,350941,35,1,3,8440.8,6718.0,7975.5,6223.8,73.1,54.9,1487.3,587.3,757.9,699.2,3805.8,2765.9,180.5,677.4,184.5,0.0,417.9,423.2,1072.5,1070.8,37.0,0.0,32.0,0.0,73.1,0.0,0.0,54.9
1847,350942,35,1,3,5469.0,2925.7,5148.9,2606.6,51.0,22.6,1076.9,199.2,540.8,0.0,2731.5,1953.6,137.8,0.0,140.7,0.0,142.7,144.1,310.3,309.6,53.0,0.0,15.0,0.0,51.0,0.0,0.0,22.6
1848,350943,35,1,2,888.7,509.9,712.2,319.4,6.5,2.4,153.0,0.3,71.8,0.0,362.3,263.3,15.2,0.0,15.7,0.0,15.0,14.9,41.3,40.9,33.0,0.0,5.0,0.0,6.5,0.0,0.0,2.4
1849,350944,35,1,4,3696.2,5308.5,3236.2,4818.1,21.9,43.2,420.3,1080.0,223.6,277.7,1084.0,2039.8,42.1,0.0,43.1,0.0,476.4,484.2,923.7,936.3,9.0,0.0,14.0,0.0,21.9,0.0,0.0,43.2
1850,350945,35,1,4,4240.7,2412.5,4033.7,2227.5,43.4,19.1,794.4,86.9,421.9,49.0,2146.4,1647.1,99.8,0.0,101.9,0.0,126.2,128.2,312.1,316.3,26.0,0.0,5.0,0.0,43.4,0.0,0.0,19.1
1851,350946,35,1,4,1994.5,2673.7,1875.7,2559.6,16.1,11.8,299.7,156.6,160.2,68.7,828.8,722.3,38.6,0.0,39.6,1099.9,166.2,168.5,339.6,343.6,0.0,0.0,3.0,0.0,16.1,0.0,0.0,11.8
1852,350947,35,1,4,11293.3,7886.2,10714.2,7350.4,103.7,49.4,2015.7,667.2,1033.4,264.9,5479.4,4408.8,314.1,494.3,320.4,0.0,467.3,474.0,1029.9,1041.3,36.0,0.0,18.0,0.0,103.7,0.0,0.0,49.4
1853,350948,35,1,4,14069.9,13746.3,13044.9,12706.2,108.0,91.8,2152.3,1770.9,1136.2,796.9,5649.7,6593.9,242.9,0.0,247.7,0.0,1122.2,1136.9,2383.0,2407.5,76.0,0.0,35.0,0.0,108.0,0.0,0.0,91.8
1854,350949,35,1,3,6329.4,2747.2,6054.8,2493.7,65.2,21.8,1188.7,17.4,632.3,0.0,3281.3,2018.8,198.1,0.0,202.2,0.0,127.3,129.5,324.9,328.0,90.0,0.0,10.0,0.0,65.2,0.0,0.0,21.8
1855,350950,35,1,4,2628.4,1188.5,2508.0,1069.5,24.1,6.1,484.8,2.1,243.0,0.0,1374.4,876.8,80.6,0.0,82.3,0.0,52.5,52.9,136.4,137.8,33.0,0.0,21.0,0.0,24.1,0.0,0.0,6.1
1856,350951,35,1,4,4346.3,3634.9,4029.3,3330.7,37.0,24.2,708.0,534.7,368.0,138.1,1958.7,1909.6,105.8,0.0,107.9,0.0,246.5,249.4,493.4,498.8,36.0,0.0,5.0,0.0,37.0,0.0,0.0,24.2
1857,350952,35,1,3,6121.8,3947.6,5858.6,3698.7,58.9,21.0,1143.7,151.0,615.8,0.0,3154.2,2208.9,162.1,757.4,165.7,0.0,183.3,185.5,392.8,396.0,28.0,0.0,13.0,0.0,58.9,0.0,0.0,21.0
1858,350953,35,1,3,4834.3,3024.3,4565.5,2751.5,45.5,22.1,816.1,227.4,434.1,142.1,2370.0,1400.0,187.4,464.0,191.4,0.0,150.7,152.8,362.8,365.1,42.0,0.0,11.0,0.0,45.5,0.0,0.0,22.1
1859,350954,35,1,3,7015.9,5949.2,6516.7,5425.8,59.2,43.4,1167.5,560.2,574.8,396.7,3059.9,2721.4,193.8,489.4,198.0,0.0,381.2,386.1,868.5,872.0,54.0,0.0,19.0,0.0,59.2,0.0,0.0,43.4
1860,350955,35,1,3,7185.0,3567.8,6789.4,3182.9,63.9,24.6,1342.2,198.2,690.6,19.5,3658.6,2450.6,255.7,0.0,261.0,0.0,160.8,162.9,350.5,351.8,55.0,0.0,15.0,0.0,63.9,0.0,0.0,24.6
1861,350956,35,1,4,2748.9,10585.2,1849.1,9625.5,0.0,53.7,0.0,3404.5,0.0,961.7,14.0,3421.8,0.0,0.0,0.0,0.0,665.9,673.1,1155.2,1164.3,0.0,0.0,14.0,0.0,0.0,0.0,0.0,53.7
1862,350957,35,1,4,6240.3,5104.8,5812.6,4694.8,54.6,27.2,1028.8,495.0,530.4,189.2,2956.7,3086.3,166.1,0.0,169.3,0.0,298.0,301.5,617.3,622.8,34.0,0.0,12.0,0.0,54.6,0.0,0.0,27.2
1863,350958,35,1,4,5166.8,3840.6,4893.8,3585.6,43.5,22.6,818.6,279.4,423.8,258.8,2324.4,1989.6,124.1,0.0,126.6,0.0,312.0,316.0,734.2,741.7,25.0,0.0,5.0,0.0,43.5,0.0,0.0,22.6
1864,350959,35,1,4,5445.2,3155.0,5172.0,2905.2,51.1,18.8,990.8,148.5,513.7,83.5,2734.4,2107.3,150.5,0.0,153.5,0.0,165.0,166.7,395.0,399.3,56.0,0.0,13.0,0.0,51.1,0.0,0.0,18.8
1865,350960,35,1,4,3512.2,2351.5,3347.4,2201.5,33.7,14.9,640.7,118.7,347.7,84.8,1713.4,1546.0,70.1,0.0,71.6,0.0,127.5,129.0,320.2,323.1,51.0,0.0,5.0,0.0,33.7,0.0,0.0,14.9
1866,350961,35,1,4,9073.9,7121.4,8549.2,6601.5,79.8,42.5,1608.5,717.6,839.7,263.8,4210.9,4145.0,178.5,0.0,182.1,0.0,459.6,465.3,1001.0,1009.9,33.0,0.0,36.0,0.0,79.8,0.0,0.0,42.5
1867,350962,35,1,4,2564.2,1594.3,2388.0,1433.3,21.7,8.9,446.3,148.8,225.0,30.2,1226.3,983.6,72.2,0.0,74.0,0.0,84.6,85.8,183.5,184.9,73.0,0.0,3.0,0.0,21.7,0.0,0.0,8.9
1868,350963,35,1,3,5324.8,3277.5,5091.6,3058.0,49.0,15.7,881.6,125.6,512.0,61.4,2767.5,1664.7,216.9,748.2,221.6,0.0,137.2,138.9,316.8,319.2,27.0,0.0,11.0,0.0,49.0,0.0,0.0,15.7
1869,350964,35,1,3,4332.5,1595.1,4110.3,1377.4,41.3,11.1,764.7,2.9,402.2,0.0,2265.3,1123.8,193.3,0.0,197.6,0.0,69.6,70.2,179.6,180.4,30.0,0.0,8.0,0.0,41.3,0.0,0.0,11.1
1870,350965,35,1,4,6387.8,7917.1,5728.3,7260.6,45.0,39.3,913.0,1760.8,455.6,642.7,2417.8,3175.8,126.1,0.0,128.6,0.0,583.8,590.2,1082.5,1091.0,9.0,0.0,12.0,0.0,45.0,0.0,0.0,39.3
1871,350966,35,1,4,1346.1,3338.0,1070.8,3047.8,0.0,18.1,0.0,705.3,0.0,882.2,5.0,389.6,0.0,0.0,0.0,0.0,280.0,283.2,780.8,787.5,0.0,0.0,5.0,0.0,0.0,0.0,0.0,18.1
1872,350967,35,1,4,3745.7,9980.1,2951.6,9132.1,4.2,53.0,84.2,1965.8,42.4,1048.8,233.1,3536.1,10.1,0.0,10.4,0.0,833.6,842.6,1722.8,1738.7,1.0,0.0,14.0,0.0,4.2,0.0,0.0,53.0
1873,350968,35,1,4,2856.1,8471.0,2153.6,7722.3,5.9,46.0,110.3,1721.3,62.5,757.9,320.9,3632.2,14.4,0.0,14.8,0.0,519.0,525.3,1075.7,1085.7,21.0,0.0,15.0,0.0,5.9,0.0,0.0,46.0
1874,350969,35,1,4,2066.9,1591.0,1943.2,1477.7,17.2,9.3,320.2,178.7,174.1,189.4,940.4,720.5,56.5,0.0,57.7,0.0,98.8,100.1,286.4,289.0,8.0,0.0,1.0,0.0,17.2,0.0,0.0,9.3
1875,350970,35,1,4,1465.4,2025.7,1336.0,1904.4,12.7,5.8,243.5,163.6,134.9,0.0,688.0,642.4,34.9,0.0,35.8,904.0,76.0,76.6,117.0,117.8,2.0,0.0,4.0,0.0,12.7,0.0,0.0,5.8
1876,350971,35,1,4,1556.0,955.4,1463.0,869.8,14.0,5.5,259.0,81.5,140.4,58.0,771.1,537.2,46.9,0.0,48.0,0.0,55.8,56.0,135.9,137.1,2.0,0.0,4.0,0.0,14.0,0.0,0.0,5.5
1877,350972,35,1,4,4889.7,4920.0,4556.6,4601.7,39.0,25.4,720.6,534.3,403.5,306.8,2156.2,2106.1,141.4,666.3,144.5,0.0,306.2,309.9,672.2,678.1,8.0,0.0,4.0,0.0,39.0,0.0,0.0,25.4
1878,350973,35,1,4,7250.3,6610.8,6742.8,6116.4,54.5,36.9,1064.9,756.8,591.9,383.3,2970.1,3155.3,145.7,0.0,148.7,0.0,584.1,590.6,1219.4,1230.3,9.0,0.0,9.0,0.0,54.5,0.0,0.0,36.9
1879,350974,35,1,4,6364.4,7558.7,5806.9,6994.8,42.0,42.1,885.6,922.6,456.2,697.8,2291.7,3355.5,97.1,0.0,99.3,47.4,593.9,600.5,1360.1,1370.8,10.0,0.0,13.0,0.0,42.0,0.0,0.0,42.1
1880,350975,35,1,4,9472.6,13346.6,8687.1,12510.6,38.5,74.8,810.5,1104.1,408.6,2977.3,2240.4,3466.7,131.1,0.0,133.8,0.0,1248.8,1262.3,3675.8,3700.1,15.0,0.0,23.0,0.0,38.5,0.0,0.0,74.8
1881,350976,35,1,4,4456.1,4423.7,4103.9,4071.7,31.4,24.3,667.7,661.8,373.5,263.4,1802.1,2052.5,75.5,0.0,77.3,0.0,351.8,355.5,733.9,738.5,11.0,0.0,11.0,0.0,31.4,0.0,0.0,24.3
1882,350977,35,1,3,4584.3,2008.0,4362.6,1793.7,43.8,14.2,863.2,4.4,446.0,0.0,2337.1,1463.3,136.1,0.0,139.2,0.0,90.7,91.6,233.3,234.5,108.0,0.0,9.0,0.0,43.8,0.0,0.0,14.2
1883,350978,35,1,3,16253.0,11946.8,15411.8,11103.7,134.3,75.5,2842.1,879.2,1423.0,903.1,7456.1,5518.4,433.6,1080.5,442.6,0.0,782.5,791.3,1927.0,1931.1,65.0,0.0,40.0,0.0,134.3,0.0,0.0,75.5
1884,350979,35,1,3,4225.8,3151.9,3996.8,2925.0,33.4,10.2,793.7,98.1,394.5,0.0,2139.7,1372.8,140.0,0.0,142.7,1086.5,117.9,119.0,248.3,248.7,8.0,0.0,12.0,0.0,33.4,0.0,0.0,10.2
1885,350980,35,1,4,5818.8,6783.3,5279.1,6248.9,43.2,30.0,952.7,1082.7,523.0,511.4,2370.8,3398.4,76.0,0.0,77.5,0.0,381.1,385.2,865.1,871.2,16.0,0.0,17.0,0.0,43.2,0.0,0.0,30.0
1886,350981,35,1,4,1433.7,7236.6,827.2,6598.8,0.0,32.0,0.0,1722.3,0.0,163.5,10.0,3753.1,0.0,0.0,0.0,0.0,370.1,373.8,437.1,440.2,0.0,146.0,10.0,0.0,0.0,0.0,0.0,32.0
1887,350982,35,1,4,4249.2,9995.1,3092.2,8798.0,17.0,48.4,342.0,3785.0,173.0,358.2,890.3,3053.1,37.9,0.0,38.8,0.0,827.7,836.1,758.5,765.6,11.0,0.0,13.0,0.0,17.0,0.0,0.0,48.4
1888,350983,35,1,4,1471.6,7802.2,1007.4,7308.4,0.0,27.7,0.0,1165.6,0.0,327.5,12.0,2578.7,0.0,0.0,0.0,2244.4,373.0,376.8,610.5,615.2,0.0,0.0,12.0,0.0,0.0,0.0,0.0,27.7
1889,350984,35,1,4,2343.7,1068.5,2235.4,976.6,22.6,5.2,427.3,1.7,235.5,0.0,1249.5,802.5,73.3,0.0,74.8,0.0,47.3,47.8,123.6,124.6,1.0,0.0,3.0,0.0,22.6,0.0,0.0,5.2
1890,350985,35,1,4,6034.9,5969.5,5559.5,5505.2,44.6,31.1,891.5,757.0,476.5,557.5,2439.8,2734.5,139.0,0.0,141.8,0.0,435.0,439.6,1008.8,1016.6,17.0,0.0,10.0,0.0,44.6,0.0,0.0,31.1
1891,350986,35,1,4,5663.6,8919.3,4994.1,8233.6,29.8,41.9,619.9,1382.3,317.5,687.7,1692.3,3285.3,99.4,0.0,101.5,729.7,699.1,706.2,1432.5,1442.3,18.0,0.0,14.0,0.0,29.8,0.0,0.0,41.9
1892,350987,35,1,4,4524.4,6895.7,3969.9,6326.1,29.8,31.2,626.7,1932.6,334.6,44.9,1753.3,2460.7,99.1,849.6,101.3,0.0,452.4,457.4,577.5,580.9,5.0,0.0,20.0,0.0,29.8,0.0,0.0,31.2
1893,350988,35,1,4,3877.1,6102.8,3529.2,5750.6,25.2,26.0,523.7,1015.0,286.6,97.8,1445.6,2022.7,82.6,944.2,84.5,586.2,427.9,432.6,649.3,652.1,19.0,0.0,10.0,0.0,25.2,0.0,0.0,26.0
1894,350989,35,1,3,7278.3,8215.3,6739.4,7630.3,40.3,54.6,821.7,751.2,411.8,1231.6,2214.9,2441.6,118.7,220.0,121.3,45.1,830.7,839.3,2094.2,2101.6,103.0,0.0,23.0,0.0,40.3,0.0,0.0,54.6
1895,350990,35,1,3,6275.7,4215.3,5856.2,3782.8,52.5,26.2,1104.8,325.1,555.7,247.4,2955.1,2437.7,199.9,0.0,204.3,0.0,223.4,225.6,546.0,547.0,48.0,0.0,19.0,0.0,52.5,0.0,0.0,26.2
1896,350991,35,1,3,3251.3,1420.5,3051.2,1222.9,27.4,7.4,626.2,3.6,312.9,0.0,1670.4,998.6,105.3,0.0,107.8,0.0,61.6,61.9,159.0,158.8,2.0,0.0,6.0,0.0,27.4,0.0,0.0,7.4
1897,350992,35,1,4,7573.3,20703.9,5984.1,19008.2,35.1,93.1,768.9,5705.8,393.0,413.7,2012.1,10277.7,77.6,0.0,79.1,0.0,1059.9,1069.6,1529.4,1541.3,4.0,0.0,60.0,0.0,35.1,0.0,0.0,93.1
1898,350993,35,1,4,8118.0,5940.8,7664.2,5522.9,73.0,27.5,1551.6,689.0,803.6,0.0,3934.6,3864.0,147.5,0.0,150.2,0.0,327.7,330.8,633.9,639.1,101.0,0.0,14.0,0.0,73.0,0.0,0.0,27.5
1899,350994,35,1,4,3124.5,2718.9,2918.9,2523.8,24.6,13.6,498.1,237.2,264.2,254.2,1372.9,1388.1,67.2,0.0,68.7,0.0,179.8,181.2,460.0,463.1,4.0,0.0,4.0,0.0,24.6,0.0,0.0,13.6
1900,350995,35,1,4,2172.2,997.6,2031.5,872.9,19.5,4.7,383.0,41.5,204.3,0.0,1119.4,680.8,80.1,0.0,81.7,0.0,44.3,44.6,105.6,106.0,11.0,0.0,2.0,0.0,19.5,0.0,0.0,4.7
1901,350996,35,1,4,5144.5,3840.8,4841.4,3559.9,42.7,15.5,889.6,387.9,472.5,28.3,2558.9,1975.0,172.6,0.0,176.0,605.0,195.5,197.4,364.3,366.3,6.0,0.0,6.0,0.0,42.7,0.0,0.0,15.5
1902,350997,35,1,4,1309.7,1973.1,1098.6,1755.0,6.8,10.1,143.7,511.8,77.6,156.6,399.4,657.5,22.5,0.0,23.2,0.0,150.4,151.5,276.7,277.6,1.0,0.0,4.0,0.0,6.8,0.0,0.0,10.1
1903,350998,35,1,3,7995.3,3319.0,7662.4,3006.8,71.0,17.1,1527.0,34.6,786.6,0.0,4210.3,2432.9,287.9,0.0,293.8,0.0,153.6,154.7,383.1,384.7,4.0,0.0,16.0,0.0,71.0,0.0,0.0,17.1
1904,350999,35,1,3,9185.3,4321.1,8809.0,3963.8,78.9,22.0,1851.5,11.6,927.7,0.0,4735.8,3235.3,239.7,0.0,244.8,0.0,200.9,202.7,513.5,514.2,76.0,0.0,19.0,0.0,78.9,0.0,0.0,22.0
1905,351000,35,1,3,5522.2,3474.0,5220.0,3173.9,47.7,14.5,1070.6,116.7,532.6,0.0,2745.8,1748.6,163.1,845.2,166.8,0.0,147.6,148.9,314.4,314.5,66.0,0.0,13.0,0.0,47.7,0.0,0.0,14.5
1906,351001,35,1,2,1580.6,778.7,1401.8,590.0,13.2,3.9,301.2,2.5,145.2,0.0,756.8,483.0,40.9,0.0,42.0,0.0,28.6,28.9,76.1,75.6,6.0,0.0,5.0,0.0,13.2,0.0,0.0,3.9
1907,351002,35,1,2,2856.1,2042.5,2577.1,1743.6,17.2,12.8,396.1,144.4,192.4,149.1,1009.4,606.0,62.5,0.0,63.8,0.0,264.3,267.0,579.6,577.0,0.0,0.0,9.0,0.0,17.2,0.0,0.0,12.8
1908,351003,35,1,4,6296.0,15460.1,5149.6,14221.8,0.0,73.3,0.0,2582.3,0.0,2376.7,33.0,4136.1,0.0,0.0,0.0,0.0,1509.3,1523.0,3574.2,3603.8,0.0,0.0,33.0,0.0,0.0,0.0,0.0,73.3
1909,351004,35,1,4,6589.0,8175.7,6040.5,7604.3,31.1,38.9,641.3,750.9,333.6,1446.1,1788.3,2349.0,102.9,0.0,104.9,0.0,833.0,839.9,2201.5,2218.5,11.0,0.0,24.0,0.0,31.1,0.0,0.0,38.9
1910,351005,35,1,3,7121.8,3955.4,6802.0,3647.5,64.0,19.5,1233.9,140.6,651.5,123.3,3484.9,2392.6,204.5,0.0,208.5,0.0,295.3,298.0,688.3,693.0,12.0,0.0,23.0,0.0,64.0,0.0,0.0,19.5
1911,351006,35,1,3,6301.9,4731.6,5989.0,4436.1,55.4,18.9,1136.6,180.7,599.8,95.6,3020.0,2462.6,139.7,797.0,142.9,0.0,275.0,277.4,619.9,623.0,47.0,0.0,8.0,0.0,55.4,0.0,0.0,18.9
1912,351007,35,1,3,2516.2,1023.5,2381.1,899.4,21.8,4.9,436.4,1.5,240.1,0.0,1283.6,738.8,88.8,0.0,90.5,0.0,43.8,44.2,114.8,114.9,81.0,0.0,2.0,0.0,21.8,0.0,0.0,4.9
1913,351008,35,1,3,3320.7,2253.1,3116.2,2039.4,24.8,10.9,500.0,153.5,257.6,163.3,1425.7,993.8,91.9,0.0,94.0,0.0,217.8,219.3,507.2,509.4,9.0,0.0,13.0,0.0,24.8,0.0,0.0,10.9
1914,351009,35,1,3,3478.4,3959.6,3112.5,3574.3,18.9,19.8,412.8,368.9,200.9,645.0,1101.9,1315.2,75.2,0.0,76.8,0.0,333.1,336.0,905.8,909.2,0.0,0.0,6.0,0.0,18.9,0.0,0.0,19.8
1915,351010,35,1,2,3615.7,1545.4,3378.3,1307.1,29.5,7.1,703.5,3.6,343.9,0.0,1837.6,1068.6,121.1,0.0,123.9,0.0,65.2,65.8,169.0,169.2,4.0,0.0,10.0,0.0,29.5,0.0,0.0,7.1
1916,351011,35,1,2,2777.5,1648.7,2526.2,1390.3,21.5,7.8,532.7,94.2,261.0,18.5,1311.5,1021.4,67.5,0.0,69.0,0.0,78.9,79.7,176.7,176.6,21.0,0.0,8.0,0.0,21.5,0.0,0.0,7.8
1917,351012,35,1,2,1283.3,676.3,1098.1,486.2,9.8,2.8,241.9,0.6,116.6,0.0,591.3,400.6,29.2,0.0,29.9,0.0,23.2,23.3,62.0,61.7,0.0,0.0,4.0,0.0,9.8,0.0,0.0,2.8
1918,351013,35,1,4,5962.2,10734.6,5407.4,10102.4,0.0,51.7,0.0,907.3,0.0,3040.7,37.0,781.9,0.0,0.0,0.0,0.0,1389.0,1400.4,3944.4,3972.1,0.0,0.0,37.0,0.0,0.0,0.0,0.0,51.7
1919,351014,35,1,4,7104.1,12367.6,6572.8,11728.7,0.0,62.2,0.0,869.6,0.0,3915.2,57.0,435.5,0.0,0.0,0.0,0.0,1615.7,1628.7,4843.1,4879.7,0.0,0.0,57.0,0.0,0.0,0.0,0.0,62.2
1920,351015,35,1,4,4650.3,4769.4,4256.4,4373.3,27.1,21.6,573.0,515.3,281.3,594.0,1522.0,1579.9,89.8,0.0,91.7,0.0,492.9,496.6,1179.8,1187.6,9.0,0.0,17.0,0.0,27.1,0.0,0.0,21.6
1921,351016,35,1,3,2562.9,1725.9,2385.3,1548.7,21.8,8.1,422.9,127.6,228.9,114.6,1202.8,940.4,76.6,0.0,78.4,0.0,106.2,107.2,257.6,258.8,6.0,0.0,6.0,0.0,21.8,0.0,0.0,8.1
1922,351017,35,1,3,5591.5,3851.0,5277.7,3549.3,47.6,18.4,923.3,370.9,514.8,187.4,2695.4,2215.2,175.0,0.0,178.7,0.0,235.2,236.9,536.2,538.9,12.0,0.0,7.0,0.0,47.6,0.0,0.0,18.4
1923,351018,35,1,3,3998.4,2675.8,3721.9,2402.5,35.0,12.4,717.8,277.9,371.3,20.0,1956.6,1682.0,122.0,0.0,124.7,0.0,145.3,146.2,275.2,276.3,4.0,0.0,5.0,0.0,35.0,0.0,0.0,12.4
1924,351019,35,1,3,3545.6,1787.4,3325.1,1568.2,30.4,8.1,623.6,102.4,335.9,29.0,1765.4,1108.6,124.3,0.0,126.9,0.0,97.9,98.9,229.1,229.4,15.0,0.0,7.0,0.0,30.4,0.0,0.0,8.1
1925,351020,35,1,3,519.6,790.2,394.8,656.2,1.7,3.5,37.1,109.8,20.0,150.4,102.9,172.9,5.5,0.0,5.7,0.0,56.8,57.1,165.8,166.0,0.0,0.0,1.0,0.0,1.7,0.0,0.0,3.5
1926,351021,35,1,3,1555.6,716.9,1370.4,524.1,12.1,2.7,282.6,0.7,136.0,0.0,735.7,431.8,48.7,0.0,49.7,0.0,24.9,25.0,66.8,66.6,23.0,0.0,3.0,0.0,12.1,0.0,0.0,2.7
1927,351022,35,1,2,4784.8,2205.6,4516.7,1924.9,39.4,9.0,968.9,4.6,474.8,0.0,2420.7,1575.8,129.1,0.0,131.6,0.0,96.5,97.2,247.1,247.3,18.0,0.0,30.0,0.0,39.4,0.0,0.0,9.0
1928,351023,35,1,4,7097.5,12699.6,6447.0,11969.0,0.0,61.1,0.0,1331.2,0.0,3876.6,32.0,337.1,0.0,0.0,0.0,0.0,1643.3,1654.5,4739.8,4769.6,0.0,0.0,32.0,0.0,0.0,0.0,0.0,61.1
1929,351024,35,1,4,9260.5,9455.1,8654.8,8865.6,63.3,39.2,1255.1,964.9,666.3,1180.6,3715.2,3524.7,250.5,630.1,255.6,76.8,685.3,690.2,1788.9,1798.3,21.0,0.0,17.0,0.0,63.3,0.0,0.0,39.2
1930,351025,35,1,3,4848.0,2387.2,4615.9,2168.3,44.2,10.6,886.5,110.7,480.4,21.4,2520.1,1650.2,161.6,0.0,165.0,0.0,111.9,112.5,272.4,273.4,8.0,0.0,10.0,0.0,44.2,0.0,0.0,10.6
1931,351026,35,1,3,5557.5,3693.1,5305.3,3452.1,47.6,13.1,959.2,187.3,509.8,99.9,2831.8,1816.0,205.9,790.8,210.1,0.0,163.6,164.6,391.9,393.5,21.0,0.0,12.0,0.0,47.6,0.0,0.0,13.1
1932,351027,35,1,3,4918.6,5583.3,4628.8,5296.9,40.5,12.8,844.9,359.5,430.9,11.4,2428.0,1674.0,193.0,0.0,197.2,2727.7,189.1,190.5,332.6,333.8,5.0,0.0,8.0,0.0,40.5,0.0,0.0,12.8
1933,351028,35,1,3,4933.6,2980.7,4705.8,2758.4,41.1,9.0,879.7,53.4,464.8,0.0,2508.9,1443.9,178.3,915.4,182.2,0.0,104.7,105.3,240.2,240.4,136.0,0.0,11.0,0.0,41.1,0.0,0.0,9.0
1934,351029,35,1,3,3844.8,1871.8,3640.1,1669.6,31.4,7.6,729.8,51.5,382.4,0.0,1979.1,1325.9,111.6,0.0,114.0,0.0,86.4,87.1,204.8,205.1,24.0,0.0,8.0,0.0,31.4,0.0,0.0,7.6
1935,351030,35,1,2,4090.2,1791.7,3844.2,1542.1,31.1,6.7,808.4,10.0,397.2,0.0,2083.5,1258.7,128.9,0.0,131.3,0.0,76.6,76.9,196.3,196.4,4.0,0.0,18.0,0.0,31.1,0.0,0.0,6.7
1936,351031,35,1,2,1019.3,555.1,845.6,371.0,7.3,1.7,183.5,0.4,88.6,0.0,452.2,307.4,21.3,0.0,21.9,0.0,16.9,16.9,46.3,46.3,7.0,0.0,8.0,0.0,7.3,0.0,0.0,1.7
1937,351032,35,1,3,2603.1,1495.9,2422.6,1317.9,21.8,6.4,440.9,105.1,231.4,68.2,1276.4,883.2,88.2,0.0,90.2,0.0,74.8,75.3,185.7,186.1,29.0,0.0,6.0,0.0,21.8,0.0,0.0,6.4
1938,351033,35,1,4,11843.8,6993.5,11382.1,6581.8,96.2,21.9,2016.5,374.7,1082.1,24.0,6119.7,3456.2,535.7,484.8,546.3,1271.5,314.5,316.1,654.2,654.5,88.0,0.0,25.0,0.0,96.2,0.0,0.0,21.9
1939,351034,35,1,3,7738.4,3336.0,7425.0,3043.4,66.8,14.0,1456.8,51.8,749.2,0.0,4050.3,2448.8,272.7,17.9,278.2,0.0,150.8,151.5,373.9,373.4,71.0,0.0,22.0,0.0,66.8,0.0,0.0,14.0
1940,351035,35,1,3,2255.1,1011.0,2079.4,828.3,18.5,3.7,424.1,1.4,222.4,0.0,1136.9,682.0,70.6,0.0,72.3,0.0,39.9,39.9,105.1,105.0,0.0,0.0,8.0,0.0,18.5,0.0,0.0,3.7
1941,351036,35,1,2,5698.0,3423.6,5384.8,3105.1,43.3,10.9,1080.1,138.4,535.3,0.0,2788.5,1872.0,172.0,662.6,175.8,0.0,135.7,136.5,296.4,295.6,184.0,0.0,17.0,0.0,43.3,0.0,0.0,10.9
1942,351037,35,1,3,3225.5,1968.6,2982.1,1715.6,25.4,7.5,597.2,69.4,297.5,3.3,1620.7,1421.9,107.8,0.0,110.2,0.0,69.5,70.1,151.4,150.9,9.0,0.0,19.0,0.0,25.4,0.0,0.0,7.5
1943,351038,35,1,2,2961.8,1281.1,2731.0,1039.4,22.7,4.7,562.7,2.0,276.5,0.0,1460.3,854.4,96.5,0.0,98.6,0.0,50.9,51.1,132.5,131.8,44.0,0.0,9.0,0.0,22.7,0.0,0.0,4.7
1944,351039,35,1,3,2582.6,1400.0,2406.9,1220.6,19.2,6.3,481.0,52.5,241.8,5.0,1309.5,973.7,80.7,0.0,82.4,0.0,57.5,57.4,133.9,132.0,13.0,0.0,7.0,0.0,19.2,0.0,0.0,6.3
1945,351040,35,1,3,7851.8,4892.9,7517.2,4577.8,60.1,16.4,1435.8,170.4,747.2,0.0,4091.0,2756.5,292.2,1058.0,298.1,0.0,187.7,188.1,408.2,404.7,44.0,0.0,13.0,0.0,60.1,0.0,0.0,16.4
1946,351041,35,1,3,3019.5,1631.0,2797.5,1401.4,21.8,6.4,494.6,112.8,259.7,53.5,1473.9,943.1,131.8,0.0,134.5,0.0,91.1,91.5,202.0,200.5,1.0,0.0,9.0,0.0,21.8,0.0,0.0,6.4
1947,351042,35,1,3,3583.8,3031.6,3336.0,2780.1,26.5,8.3,612.1,307.8,319.2,0.0,1737.2,1272.4,132.3,842.1,135.0,0.0,132.4,133.1,225.8,224.6,33.0,0.0,9.0,0.0,26.5,0.0,0.0,8.3
1948,351043,35,1,3,3622.5,1695.3,3402.8,1470.3,29.6,6.2,702.3,3.1,353.2,0.0,1847.2,1221.8,114.9,0.0,117.4,0.0,68.4,68.7,177.4,176.8,10.0,0.0,12.0,0.0,29.6,0.0,0.0,6.2
1949,351044,35,1,3,3001.4,2597.3,2843.0,2426.6,24.0,6.3,547.6,89.3,290.9,0.0,1497.9,1136.6,80.5,911.6,82.5,0.0,94.7,95.4,194.0,193.7,34.0,0.0,21.0,0.0,24.0,0.0,0.0,6.3
1950,351045,35,1,4,4778.8,3327.6,4447.8,3018.5,37.1,12.4,869.6,412.7,431.8,73.6,2296.2,1976.9,139.4,0.0,142.1,0.0,184.9,185.8,368.8,369.4,6.0,0.0,9.0,0.0,37.1,0.0,0.0,12.4
1951,351046,35,1,4,3529.0,1741.5,3361.0,1587.6,30.0,6.7,669.5,3.6,363.9,0.0,1798.7,1312.2,83.6,0.0,85.2,0.0,75.8,76.2,195.3,195.5,77.0,0.0,12.0,0.0,30.0,0.0,0.0,6.7
1952,351047,35,1,4,3912.0,1662.6,3721.5,1493.3,33.0,6.2,720.9,3.4,387.4,0.0,2050.2,1232.9,137.7,0.0,140.3,0.0,71.4,72.1,184.5,184.9,17.0,0.0,12.0,0.0,33.0,0.0,0.0,6.2
1953,351048,35,1,3,103.0,108.5,0.0,0.0,0.0,0.0,0.0,0.0,0.0,0.0,0.0,0.0,0.0,0.0,0.0,0.0,0.0,0.0,0.0,0.0,0.0,0.0,0.0,0.0,0.0,0.0,0.0,0.0
1954,351049,35,1,3,8976.6,3535.8,8670.2,3241.3,65.7,13.8,1573.2,8.6,841.1,0.0,4719.8,2700.1,391.9,0.0,399.8,0.0,150.6,150.7,384.8,381.9,182.0,0.0,27.0,0.0,65.7,0.0,0.0,13.8
1955,351050,35,1,3,3779.7,3361.7,3553.9,3137.1,27.7,6.6,638.4,117.4,335.1,0.0,1894.6,1130.7,170.1,0.0,173.6,1589.2,102.9,103.2,198.0,196.6,36.0,0.0,5.0,0.0,27.7,0.0,0.0,6.6
1956,351051,35,1,3,7753.3,8058.6,7306.3,7571.8,39.2,32.7,909.3,427.8,474.5,2210.7,2619.1,2123.2,197.3,0.0,201.3,0.0,687.3,690.2,2128.5,2119.9,52.0,0.0,37.0,0.0,39.2,0.0,0.0,32.7
1957,351052,35,1,3,3552.1,1727.5,3400.6,1560.5,28.2,6.3,658.7,3.6,344.8,0.0,1796.9,1297.7,90.3,0.0,92.5,0.0,72.4,72.8,187.0,186.5,128.0,0.0,30.0,0.0,28.2,0.0,0.0,6.3
1958,351053,35,1,3,4552.6,3887.8,4315.1,3660.0,35.8,8.5,787.6,159.0,419.1,22.6,2301.9,1489.3,182.3,0.0,186.1,1587.5,132.8,133.4,268.3,268.2,29.0,0.0,8.0,0.0,35.8,0.0,0.0,8.5
1959,351054,35,1,3,2962.5,1644.9,2763.8,1440.8,23.9,6.0,548.8,32.1,269.8,62.2,1461.7,1087.0,88.8,0.0,90.7,0.0,69.5,70.1,189.5,189.5,32.0,0.0,13.0,0.0,23.9,0.0,0.0,6.0
1960,351055,35,1,3,8311.6,16778.0,6592.3,15009.4,31.7,67.4,687.6,6243.1,447.8,1286.0,1724.3,3807.8,26.1,0.0,26.8,0.0,1618.8,1631.7,2035.9,2040.8,9.0,0.0,16.0,0.0,31.7,0.0,0.0,67.4
1961,351056,35,1,4,4241.2,7414.5,3584.8,6752.8,22.8,28.6,519.9,1623.8,263.7,368.9,1380.7,3501.0,75.9,0.0,77.6,0.0,467.3,470.6,785.8,788.5,2.0,0.0,12.0,0.0,22.8,0.0,0.0,28.6
1962,351057,35,1,4,3775.8,4665.6,3360.1,4256.7,24.6,18.8,553.9,829.1,282.9,257.9,1463.9,2280.9,79.7,0.0,81.3,0.0,294.7,296.7,589.7,592.2,3.0,0.0,11.0,0.0,24.6,0.0,0.0,18.8
1963,351058,35,1,4,2830.1,5026.2,2405.1,4597.9,20.6,21.3,472.9,1500.6,238.0,109.5,1119.2,2500.2,39.7,0.0,40.5,0.0,190.5,192.1,293.3,295.5,1.0,0.0,10.0,0.0,20.6,0.0,0.0,21.3
1964,351059,35,1,2,907.5,3456.6,539.4,3077.4,0.0,16.0,0.0,895.7,0.0,240.8,3.0,1413.0,0.0,0.0,0.0,0.0,217.9,217.6,315.5,310.2,0.0,0.0,3.0,0.0,0.0,0.0,0.0,16.0
1965,351060,35,1,3,277.1,907.0,91.9,715.2,0.0,4.0,0.0,203.2,0.0,57.3,1.0,366.0,0.0,0.0,0.0,0.0,42.2,42.1,47.6,46.6,0.0,0.0,1.0,0.0,0.0,0.0,0.0,4.0
1966,351061,35,1,2,103.2,108.3,0.0,0.0,0.0,0.0,0.0,0.0,0.0,0.0,0.0,0.0,0.0,0.0,0.0,0.0,0.0,0.0,0.0,0.0,0.0,0.0,0.0,0.0,0.0,0.0,0.0,0.0
1967,351062,35,1,3,12328.9,9851.1,11881.1,9430.6,89.9,25.3,2355.7,186.6,1153.7,0.0,6468.3,4678.5,413.2,1208.2,421.6,2357.0,309.7,309.8,699.9,690.6,38.0,0.0,21.0,0.0,89.9,0.0,0.0,25.3
1968,351063,35,1,3,7837.7,3253.6,7571.4,2977.5,57.5,11.7,1409.5,7.5,726.3,0.0,4215.1,2485.1,342.0,0.0,348.8,0.0,137.0,137.3,350.7,347.6,5.0,0.0,37.0,0.0,57.5,0.0,0.0,11.7
1969,351064,35,1,3,2194.2,836.3,2020.4,652.2,14.6,2.6,350.9,1.0,181.1,0.0,1063.0,547.0,101.6,0.0,103.8,0.0,28.8,28.7,76.2,75.5,109.0,0.0,6.0,0.0,14.6,0.0,0.0,2.6
1970,351065,35,1,3,1869.7,2047.4,1679.0,1841.7,11.0,7.7,249.7,389.4,140.2,104.6,795.6,1004.4,66.2,0.0,67.7,0.0,125.3,125.5,219.3,217.8,3.0,0.0,12.0,0.0,11.0,0.0,0.0,7.7
1971,351066,35,1,4,2927.4,7299.0,2552.1,6926.5,16.4,14.9,380.1,751.0,190.9,270.4,1013.7,1778.9,61.0,0.0,62.2,3297.7,297.5,299.7,528.6,528.8,13.0,0.0,5.0,0.0,16.4,0.0,0.0,14.9
1972,351067,35,1,4,5035.3,7691.6,4141.8,6797.1,33.9,32.2,758.6,3038.8,387.0,97.6,1798.9,2583.8,56.7,0.0,57.9,0.0,606.0,611.1,462.7,465.8,5.0,0.0,9.0,0.0,33.9,0.0,0.0,32.2
1973,351068,35,1,4,3135.7,8771.6,2539.8,8115.6,0.0,39.7,0.0,1439.0,0.0,1373.2,33.0,2811.4,0.0,0.0,0.0,0.0,728.8,734.9,1745.0,1757.0,0.0,0.0,33.0,0.0,0.0,0.0,0.0,39.7
1974,351069,35,1,2,5785.8,4092.0,5525.2,3849.7,40.3,11.7,1077.1,101.4,553.2,0.0,3003.8,2122.7,205.9,1166.4,210.3,0.0,144.7,144.4,320.1,314.9,9.0,0.0,1.0,0.0,40.3,0.0,0.0,11.7
1975,351070,35,1,3,8012.2,3842.1,7694.9,3545.4,58.8,15.3,1542.4,9.3,767.0,0.0,4205.0,2970.8,264.5,0.0,269.9,0.0,160.7,160.5,410.5,404.8,67.0,0.0,8.0,0.0,58.8,0.0,0.0,15.3
1976,351071,35,1,3,4928.8,2380.5,4720.0,2161.2,36.1,8.9,946.6,5.0,468.0,0.0,2602.8,1811.1,162.4,0.0,166.0,0.0,97.4,97.5,250.8,247.6,1.0,0.0,25.0,0.0,36.1,0.0,0.0,8.9
1977,351072,35,1,4,9450.5,6360.1,9015.4,5957.0,63.1,22.4,1677.3,165.3,866.3,607.8,4630.9,3934.3,271.7,0.0,277.2,0.0,333.7,333.7,925.2,915.8,18.0,0.0,15.0,0.0,63.1,0.0,0.0,22.4
1978,351073,35,1,3,9058.4,4734.6,8753.2,4440.7,64.8,12.7,1495.2,96.9,819.1,0.0,4837.8,2620.0,472.1,1155.4,481.6,0.0,175.4,175.3,396.9,393.2,51.0,0.0,24.0,0.0,64.8,0.0,0.0,12.7
1979,351074,35,1,3,3496.9,1536.4,3277.3,1316.8,24.7,5.3,578.5,59.8,296.3,35.6,1761.8,991.2,172.8,0.0,176.5,0.0,67.6,67.6,163.8,162.7,55.0,0.0,5.0,0.0,24.7,0.0,0.0,5.3
1980,351075,35,1,4,9503.9,5591.6,9076.7,5182.2,61.2,19.9,1449.7,261.0,798.3,416.1,4518.4,3034.5,371.9,0.0,379.3,0.0,440.0,441.6,1034.9,1029.0,61.0,0.0,23.0,0.0,61.2,0.0,0.0,19.9
1981,351076,35,1,3,6438.9,8826.9,5897.0,8252.8,31.4,33.4,775.6,979.1,405.1,1903.9,2106.8,3043.1,121.3,0.0,123.8,0.0,599.6,601.7,1731.8,1725.0,7.0,0.0,26.0,0.0,31.4,0.0,0.0,33.4
1982,351077,35,1,3,8300.6,3136.6,7985.2,2823.0,63.4,10.8,1439.0,94.3,744.6,0.0,4408.9,2260.9,428.1,0.0,436.6,0.0,138.1,138.6,329.8,329.1,23.0,0.0,37.0,0.0,63.4,0.0,0.0,10.8
1983,351078,35,1,3,7653.8,5065.2,7301.0,4720.8,59.2,14.2,1373.9,284.5,718.5,91.2,3828.7,2576.6,277.6,1083.4,283.4,0.0,214.2,215.0,470.8,470.0,106.0,0.0,28.0,0.0,59.2,0.0,0.0,14.2
1984,351079,35,1,3,3723.6,3857.7,3339.2,3455.0,22.2,14.3,511.1,455.3,248.7,477.3,1383.8,1584.1,104.8,0.0,107.0,0.0,274.8,276.2,662.1,662.1,36.0,0.0,11.0,0.0,22.2,0.0,0.0,14.3
1985,351080,35,1,4,10090.7,14517.6,9155.6,13554.7,40.0,55.5,955.6,2215.8,508.4,2006.7,2487.0,4324.7,105.3,0.0,107.5,35.1,1541.5,1550.1,3419.2,3422.1,9.0,0.0,22.0,0.0,40.0,0.0,0.0,55.5
1986,351081,35,1,4,3450.3,3793.3,3235.2,3589.2,26.7,9.9,626.1,379.9,327.8,16.8,1648.1,1582.8,74.4,1156.8,76.2,0.0,159.3,160.0,292.4,292.8,18.0,0.0,13.0,0.0,26.7,0.0,0.0,9.9
1987,351082,35,1,4,9520.4,20742.1,8044.1,19186.5,33.5,84.4,748.4,5703.7,385.0,1309.4,2103.3,7684.4,140.3,0.0,143.1,0.0,1563.6,1573.7,2905.3,2915.2,9.0,0.0,46.0,0.0,33.5,0.0,0.0,84.4
1988,351083,35,1,4,7908.4,8991.8,7193.6,8287.9,65.8,38.8,1391.8,1121.3,689.5,141.7,3587.2,5859.0,160.6,0.0,163.6,0.0,402.8,406.3,755.1,759.6,19.0,0.0,24.0,0.0,65.8,0.0,0.0,38.8
1989,351084,35,1,4,5656.6,12336.2,5133.3,11740.2,0.0,56.6,0.0,1044.0,0.0,3789.8,31.0,1349.8,0.0,0.0,0.0,457.5,1194.4,1202.5,3876.9,3896.6,0.0,0.0,31.0,0.0,0.0,0.0,0.0,56.6
1990,351085,35,1,2,113.7,158.2,6.1,48.5,0.0,0.3,0.0,38.8,0.0,0.0,0.0,3.6,0.0,0.0,0.0,0.0,5.2,5.2,0.9,0.9,0.0,0.0,0.0,0.0,0.0,0.0,0.0,0.3
1991,351086,35,1,2,102.8,106.3,0.0,0.0,0.0,0.0,0.0,0.0,0.0,0.0,0.0,0.0,0.0,0.0,0.0,0.0,0.0,0.0,0.0,0.0,0.0,0.0,0.0,0.0,0.0,0.0,0.0,0.0
1992,351087,35,1,2,3819.8,1845.5,3623.7,1658.3,25.9,7.1,717.9,60.2,368.3,0.0,2002.2,1345.1,137.2,0.0,140.1,0.0,71.3,71.4,184.7,181.6,1.0,0.0,1.0,0.0,25.9,0.0,0.0,7.1
1993,351088,35,1,2,103.0,109.6,0.0,0.0,0.0,0.0,0.0,0.0,0.0,0.0,0.0,0.0,0.0,0.0,0.0,0.0,0.0,0.0,0.0,0.0,0.0,0.0,0.0,0.0,0.0,0.0,0.0,0.0
1994,351089,35,1,3,103.0,107.7,0.0,0.0,0.0,0.0,0.0,0.0,0.0,0.0,0.0,0.0,0.0,0.0,0.0,0.0,0.0,0.0,0.0,0.0,0.0,0.0,0.0,0.0,0.0,0.0,0.0,0.0
1995,351090,35,1,3,103.2,108.5,0.0,0.0,0.0,0.0,0.0,0.0,0.0,0.0,0.0,0.0,0.0,0.0,0.0,0.0,0.0,0.0,0.0,0.0,0.0,0.0,0.0,0.0,0.0,0.0,0.0,0.0
1996,351091,35,1,4,13380.0,11933.9,12515.5,11105.9,83.7,44.5,2298.1,1700.6,1190.1,472.3,6104.2,6757.1,344.8,34.3,351.7,0.0,718.4,717.8,1442.3,1423.8,50.0,0.0,16.0,0.0,83.7,0.0,0.0,44.5
1997,351092,35,1,4,7343.6,2923.5,7060.8,2672.6,51.2,9.8,1221.8,110.6,656.9,12.1,3886.6,2122.1,372.7,0.0,380.0,0.0,127.1,127.4,302.8,300.4,97.0,0.0,16.0,0.0,51.2,0.0,0.0,9.8
1998,351093,35,1,4,5612.8,2252.6,5399.6,2065.5,40.5,7.6,967.3,9.2,526.4,0.0,3034.7,1721.2,259.2,0.0,264.4,0.0,94.4,94.6,242.2,240.5,2.0,0.0,9.0,0.0,40.5,0.0,0.0,7.6
1999,351094,35,1,4,9865.7,9061.3,9247.7,8426.6,48.5,32.5,1271.0,883.0,637.1,839.4,3392.7,3155.4,165.8,0.0,169.3,0.0,1131.2,1133.1,2426.7,2415.8,20.0,0.0,34.0,0.0,48.5,0.0,0.0,32.5
2000,351095,35,1,4,5319.6,2327.2,5038.7,2064.1,37.9,7.5,983.0,61.0,473.8,6.5,2727.8,1659.3,221.2,0.0,225.5,0.0,99.7,99.9,238.7,237.3,49.0,0.0,20.0,0.0,37.9,0.0,0.0,7.5
2001,351096,35,1,3,1119.2,1816.7,862.0,1543.0,5.0,5.6,114.8,259.5,55.9,71.4,314.7,703.3,24.9,128.1,25.5,57.2,118.4,118.9,204.9,204.6,1.0,0.0,2.0,0.0,5.0,0.0,0.0,5.6
2002,351097,35,1,4,3327.0,1496.7,3136.8,1320.8,27.5,5.5,614.2,27.5,313.8,0.0,1700.5,1079.2,115.6,0.0,118.1,0.0,60.0,60.5,153.6,153.7,47.0,0.0,14.0,0.0,27.5,0.0,0.0,5.5
2003,351098,35,1,4,2050.4,1023.4,1890.2,877.9,15.8,3.8,335.5,37.5,164.7,21.8,960.6,600.1,73.8,0.0,75.4,0.0,65.6,65.9,152.5,152.7,57.0,0.0,5.0,0.0,15.8,0.0,0.0,3.8
2004,351099,35,1,2,2607.4,1261.3,2444.7,1100.9,17.1,4.2,484.6,23.6,243.4,0.0,1356.8,909.5,93.7,0.0,95.8,0.0,47.2,47.0,123.2,120.7,0.0,0.0,0.0,0.0,17.1,0.0,0.0,4.2
2005,351100,35,1,2,350.3,228.2,242.6,114.4,1.8,0.5,48.0,11.4,23.9,0.0,136.8,89.0,9.7,0.0,9.9,0.0,3.3,3.2,11.0,10.7,0.0,0.0,0.0,0.0,1.8,0.0,0.0,0.5
2006,351101,35,1,3,10965.8,5184.2,10578.4,4809.8,76.2,20.0,2071.8,50.4,1053.7,19.1,5812.9,3953.1,399.7,0.0,408.0,0.0,228.0,227.1,570.3,560.2,9.0,0.0,25.0,0.0,76.2,0.0,0.0,20.0
2007,351102,35,1,3,4806.5,2399.5,4583.6,2178.6,33.9,9.5,886.1,51.8,446.2,41.4,2495.1,1726.7,172.3,0.0,176.1,0.0,103.1,102.8,260.6,255.9,32.0,0.0,12.0,0.0,33.9,0.0,0.0,9.5
2008,351103,35,1,4,2751.6,6093.0,2310.7,5628.3,0.0,25.1,0.0,706.9,0.0,1651.5,6.0,1001.7,0.0,0.0,0.0,0.0,651.4,649.4,1647.3,1618.8,0.0,0.0,6.0,0.0,0.0,0.0,0.0,25.1
2009,351104,35,1,4,1105.0,3885.5,761.1,3533.7,0.0,15.6,0.0,906.4,0.0,327.3,3.0,1552.8,0.0,0.0,0.0,0.0,285.3,284.7,469.9,462.4,0.0,0.0,3.0,0.0,0.0,0.0,0.0,15.6
2010,351105,35,1,4,4828.0,2306.6,4624.4,2122.1,34.4,8.2,908.2,4.7,462.1,0.0,2550.2,1779.8,161.8,0.0,165.2,0.0,95.5,95.4,245.4,242.2,24.0,0.0,12.0,0.0,34.4,0.0,0.0,8.2
2011,351106,35,1,4,6963.1,3723.8,6686.8,3477.9,46.5,9.8,1138.5,114.8,613.2,0.0,3700.8,1996.9,384.2,934.1,392.1,0.0,139.8,139.6,296.3,292.6,7.0,0.0,15.0,0.0,46.5,0.0,0.0,9.8
2012,351107,35,1,4,5938.2,2252.0,5723.0,2057.0,42.2,7.7,978.6,34.0,538.3,0.0,3176.3,1695.2,304.4,0.0,310.6,0.0,93.0,93.3,236.8,234.6,66.0,0.0,19.0,0.0,42.2,0.0,0.0,7.7
2013,351108,35,1,4,3844.7,6020.9,3467.6,5631.5,11.6,19.8,271.4,685.1,149.2,984.3,867.3,1351.7,76.0,503.0,77.9,111.1,613.2,613.5,1392.6,1382.8,8.0,0.0,12.0,0.0,11.6,0.0,0.0,19.8
2014,351109,35,1,4,12558.8,21296.7,11366.8,20030.2,27.2,77.7,708.4,1905.4,355.3,5280.4,1903.4,4695.5,90.7,0.0,92.6,0.0,2266.2,2267.9,5911.2,5881.0,2.0,0.0,37.0,0.0,27.2,0.0,0.0,77.7
2015,351110,35,1,3,5067.7,4650.9,4661.7,4220.2,23.0,15.0,583.0,459.0,282.6,419.0,1619.1,1079.3,130.8,0.0,133.5,477.7,582.2,583.3,1207.5,1201.8,104.0,0.0,19.0,0.0,23.0,0.0,0.0,15.0
2016,351111,35,1,3,4760.3,1728.0,4531.4,1495.8,35.2,5.7,809.1,3.2,416.1,0.0,2485.9,1248.3,245.1,0.0,250.0,0.0,68.3,68.3,176.9,176.1,64.0,0.0,16.0,0.0,35.2,0.0,0.0,5.7
2017,351112,35,1,3,1617.5,872.3,1408.4,649.5,11.7,2.5,279.7,58.6,136.9,0.0,758.9,488.3,58.3,0.0,59.7,0.0,32.8,32.7,70.2,69.9,9.0,0.0,3.0,0.0,11.7,0.0,0.0,2.5
2018,351113,35,1,3,2543.8,2695.0,2264.1,2408.4,17.1,9.8,385.8,525.2,198.3,111.6,1105.8,1372.3,83.1,0.0,85.2,0.0,140.6,141.0,259.2,258.2,1.0,0.0,5.0,0.0,17.1,0.0,0.0,9.8
2019,351114,35,1,3,3012.6,4950.7,2680.0,4610.3,17.6,15.9,399.6,616.4,207.3,285.9,1050.9,1969.8,48.6,817.5,49.9,0.0,308.4,309.6,611.3,611.0,0.0,0.0,4.0,0.0,17.6,0.0,0.0,15.9
2020,351115,35,1,3,3846.9,1408.9,3632.9,1198.2,30.7,4.8,666.7,3.6,349.7,0.0,2009.5,994.7,185.8,0.0,189.9,0.0,55.5,55.6,144.6,144.4,22.0,0.0,9.0,0.0,30.7,0.0,0.0,4.8
2021,351116,35,1,4,3125.2,3663.9,2941.9,3481.1,19.9,8.8,527.1,245.5,267.7,61.9,1488.5,1363.3,93.6,972.2,95.7,402.9,153.2,152.9,287.0,282.4,13.0,0.0,16.0,0.0,19.9,0.0,0.0,8.8
2022,351117,35,1,2,2349.7,1145.4,2182.1,981.1,15.1,3.7,435.2,46.6,208.4,0.0,1213.7,789.1,87.9,0.0,89.7,0.0,40.7,40.8,106.6,104.6,0.0,0.0,0.0,0.0,15.1,0.0,0.0,3.7
2023,351118,35,1,3,2364.3,1890.6,2201.6,1732.2,15.2,4.8,460.4,79.9,218.4,0.0,1182.8,994.5,62.2,446.4,63.6,0.0,66.3,65.9,147.9,145.4,0.0,0.0,0.0,0.0,15.2,0.0,0.0,4.8
2024,351119,35,1,3,1937.9,7239.1,1795.5,7096.4,10.2,8.0,280.2,413.5,141.3,0.0,777.9,1105.2,42.4,1498.2,43.4,3610.7,197.7,196.5,277.6,272.3,33.0,0.0,2.0,0.0,10.2,0.0,0.0,8.0
2025,351120,35,1,3,7078.8,5949.5,6791.2,5678.6,49.7,17.0,1330.6,204.4,686.2,13.3,3665.7,3257.0,192.1,0.0,196.2,1515.4,220.2,219.2,478.1,469.3,12.0,0.0,10.0,0.0,49.7,0.0,0.0,17.0
2026,351121,35,1,4,4209.1,3326.2,3983.3,3105.8,26.0,13.1,694.8,156.4,361.4,348.5,1886.5,1774.1,92.6,0.0,94.7,0.0,240.0,239.4,597.3,587.4,10.0,0.0,6.0,0.0,26.0,0.0,0.0,13.1
2027,351122,35,1,3,2043.5,4241.1,1782.4,3966.3,0.0,17.5,0.0,433.5,0.0,1188.4,1.0,586.2,0.0,0.0,0.0,0.0,504.8,503.1,1275.6,1255.2,0.0,0.0,1.0,0.0,0.0,0.0,0.0,17.5
2028,351123,35,1,3,8569.3,3961.5,8220.1,3634.4,62.6,14.8,1631.9,15.2,768.4,89.9,4415.7,2916.2,314.4,0.0,320.8,0.0,169.0,168.5,451.0,444.6,134.0,0.0,15.0,0.0,62.6,0.0,0.0,14.8
2029,351124,35,1,3,13108.0,7166.9,12663.8,6763.8,93.9,26.1,2506.4,61.8,1293.9,0.0,6910.3,5649.4,363.6,0.0,371.0,0.0,303.7,302.4,763.9,750.2,133.0,0.0,18.0,0.0,93.9,0.0,0.0,26.1
2030,351125,35,1,3,4070.9,1600.6,3880.6,1402.9,24.5,4.7,660.0,83.1,360.5,0.0,2161.2,1101.8,217.4,0.0,222.0,0.0,69.1,68.8,152.4,149.2,17.0,0.0,21.0,0.0,24.5,0.0,0.0,4.7
2031,351126,35,1,3,3298.0,1424.5,3104.4,1224.2,20.3,4.5,517.6,155.1,279.5,3.9,1709.4,864.1,178.4,0.0,182.2,0.0,74.6,74.0,129.8,127.1,17.0,0.0,16.0,0.0,20.3,0.0,0.0,4.5
2032,351127,35,1,4,7302.2,4898.8,6957.3,4569.6,44.6,12.6,1107.2,485.2,612.2,108.7,3678.5,2160.6,378.7,1147.4,386.6,0.0,240.9,240.1,435.1,427.6,99.0,0.0,19.0,0.0,44.6,0.0,0.0,12.6
2033,351128,35,1,4,7213.1,3811.9,6918.7,3553.2,47.4,13.2,1213.1,302.8,643.2,0.0,3714.7,2585.6,312.6,0.0,319.1,0.0,235.2,234.6,437.8,430.2,37.0,0.0,6.0,0.0,47.4,0.0,0.0,13.2
2034,351129,35,1,2,243.9,178.7,125.2,57.1,0.8,0.2,25.3,2.7,11.7,0.0,71.4,47.8,5.0,0.0,5.1,0.0,1.3,1.3,5.3,5.2,0.0,0.0,0.0,0.0,0.8,0.0,0.0,0.2
2035,351130,35,1,3,4688.6,1743.8,4488.5,1550.1,28.1,4.9,780.8,24.7,427.4,0.0,2519.3,1287.6,250.2,0.0,255.7,0.0,68.0,67.7,174.2,170.1,4.0,0.0,9.0,0.0,28.1,0.0,0.0,4.9
2036,351131,35,1,2,2602.0,2167.1,2423.9,1993.2,14.7,3.9,469.9,89.5,226.5,0.0,1310.1,945.9,94.8,736.4,97.1,0.0,74.6,74.1,150.9,147.3,0.0,0.0,0.0,0.0,14.7,0.0,0.0,3.9
2037,351132,35,1,3,1524.5,1983.4,1398.0,1854.9,8.4,3.3,229.1,96.2,119.1,96.9,697.9,533.5,57.8,907.3,59.2,0.0,70.4,70.1,154.5,151.0,8.0,0.0,2.0,0.0,8.4,0.0,0.0,3.3
2038,351133,35,1,3,3824.2,5029.4,3311.0,4507.4,14.2,17.4,369.6,1331.4,190.1,535.9,1137.6,1256.8,96.1,0.0,98.2,0.0,534.4,530.7,871.0,852.6,7.0,0.0,7.0,0.0,14.2,0.0,0.0,17.4
2039,351134,35,1,4,17214.4,12734.0,16465.4,12021.6,90.4,43.5,2364.3,606.5,1220.0,2569.8,7240.6,4677.6,611.2,0.0,623.5,0.0,1158.0,1153.3,3073.8,3014.4,149.0,0.0,25.0,0.0,90.4,0.0,0.0,43.5
2040,351135,35,1,4,7889.2,3584.9,7593.3,3329.2,54.5,12.4,1365.6,54.6,722.3,129.1,4178.6,2570.9,351.6,0.0,358.8,0.0,160.6,159.8,421.7,414.7,27.0,0.0,7.0,0.0,54.5,0.0,0.0,12.4
2041,351136,35,1,2,5834.5,2126.3,5604.8,1907.1,31.2,5.3,955.3,32.6,516.0,0.0,3141.9,1580.5,330.2,0.0,337.0,0.0,85.7,85.0,213.7,209.1,18.0,0.0,7.0,0.0,31.2,0.0,0.0,5.3
2042,351137,35,1,3,3807.7,1566.4,3591.2,1352.2,22.9,4.4,632.8,94.5,347.4,13.1,2000.1,1032.1,192.0,0.0,196.1,0.0,70.0,69.6,146.7,142.9,1.0,0.0,5.0,0.0,22.9,0.0,0.0,4.4
2043,351138,35,1,3,5583.9,2308.1,5332.2,2064.5,34.6,7.1,909.6,43.7,497.1,157.3,2868.5,1478.8,279.2,0.0,285.1,0.0,104.0,103.3,287.6,281.3,95.0,0.0,6.0,0.0,34.6,0.0,0.0,7.1
2044,351139,35,1,2,10438.0,5167.9,10097.7,4841.7,55.6,10.9,1713.4,189.2,929.7,0.0,5615.5,3009.3,573.9,1022.0,585.6,0.0,199.8,198.9,434.9,422.4,19.0,0.0,26.0,0.0,55.6,0.0,0.0,10.9
2045,351140,35,1,3,3268.2,1822.7,3055.5,1610.2,20.2,5.3,606.8,156.5,289.9,1.8,1661.3,1193.8,112.5,0.0,114.9,0.0,91.4,90.7,171.6,167.4,2.0,0.0,5.0,0.0,20.2,0.0,0.0,5.3
2046,351141,35,1,3,3586.2,1351.4,3400.0,1169.0,21.8,3.8,590.2,2.5,314.2,0.0,1850.3,987.0,180.7,0.0,184.6,0.0,50.7,50.4,132.2,129.1,93.0,0.0,4.0,0.0,21.8,0.0,0.0,3.8
2047,351142,35,1,3,6415.7,9861.1,6128.5,9597.4,43.9,15.5,1121.5,463.8,561.0,0.0,3180.1,2864.2,198.2,1646.7,202.5,3804.5,302.8,301.4,526.4,516.9,34.0,0.0,2.0,0.0,43.9,0.0,0.0,15.5
2048,351143,35,1,2,9692.2,3907.5,9375.0,3608.3,51.4,9.7,1743.3,16.8,880.5,0.0,5180.2,3034.4,459.1,0.0,468.2,0.0,160.5,159.8,410.0,397.4,38.0,0.0,35.0,0.0,51.4,0.0,0.0,9.7
2049,351144,35,1,3,358.4,2177.8,239.5,2054.7,0.9,1.3,27.3,110.3,12.6,0.0,79.6,190.3,5.5,0.0,5.8,1648.8,47.4,47.2,60.2,58.1,0.0,0.0,1.0,0.0,0.9,0.0,0.0,1.3
2050,351145,35,1,3,4775.0,1712.5,4538.1,1473.5,26.2,4.3,818.7,4.6,421.8,0.0,2524.5,1243.0,259.9,0.0,265.0,0.0,64.5,64.0,166.8,161.9,2.0,0.0,15.0,0.0,26.2,0.0,0.0,4.3
2051,351146,35,1,3,5160.1,1754.4,4943.4,1542.6,32.4,5.1,850.9,3.5,481.2,0.0,2797.9,1302.7,274.9,0.0,280.8,0.0,67.4,67.0,174.3,169.4,6.0,0.0,10.0,0.0,32.4,0.0,0.0,5.1
2052,351147,35,1,3,8625.9,4454.9,8340.9,4191.3,57.9,11.1,1368.0,114.7,763.1,0.0,4654.9,2483.7,486.2,1064.8,496.3,0.0,168.4,167.6,369.0,360.4,20.0,0.0,15.0,0.0,57.9,0.0,0.0,11.1
2053,351148,35,1,3,17490.1,10658.1,16848.0,10062.5,123.4,37.2,3179.7,421.4,1597.5,621.7,9027.0,6881.3,559.2,0.0,570.6,0.0,516.6,513.9,1307.3,1281.2,58.0,343.0,32.0,0.0,123.4,0.0,0.0,37.2
2054,351149,35,1,3,5085.7,2439.0,4882.6,2235.8,31.1,7.0,960.1,5.1,466.7,0.0,2684.1,1885.5,173.5,0.0,177.1,0.0,98.8,98.3,253.3,246.8,50.0,0.0,19.0,0.0,31.1,0.0,0.0,7.0
2055,351150,35,1,3,8002.3,3920.6,7705.3,3640.1,51.8,12.7,1398.3,53.6,702.1,89.8,4053.8,2754.6,291.4,0.0,297.6,0.0,220.3,218.7,536.7,523.5,194.0,0.0,11.0,0.0,51.8,0.0,0.0,12.7
2056,351151,35,1,3,7051.0,3415.3,6777.6,3176.9,42.1,9.6,1350.1,7.8,666.3,0.0,3745.3,2673.8,244.9,0.0,249.6,0.0,141.8,141.3,362.4,354.0,9.0,0.0,8.0,0.0,42.1,0.0,0.0,9.6
2057,351152,35,1,3,5133.0,6579.1,4855.7,6301.4,33.1,12.8,887.0,495.0,432.6,0.0,2483.5,2345.9,163.6,1416.2,167.1,1364.5,262.3,260.8,428.6,419.0,15.0,0.0,16.0,0.0,33.1,0.0,0.0,12.8
2058,351153,35,1,2,15132.7,9019.3,14570.0,8524.6,111.1,29.7,2778.0,160.6,1394.9,264.7,7806.9,5962.5,472.3,0.0,481.6,546.1,465.8,463.3,1152.5,1127.3,10.0,0.0,8.0,0.0,111.1,0.0,0.0,29.7
2059,351154,35,1,2,96.9,89.6,0.0,0.0,0.0,0.0,0.0,0.0,0.0,0.0,0.0,0.0,0.0,0.0,0.0,0.0,0.0,0.0,0.0,0.0,0.0,0.0,0.0,0.0,0.0,0.0,0.0,0.0
2060,351155,35,1,2,280.5,872.0,155.5,748.8,0.0,3.1,0.0,223.4,0.0,57.4,0.0,314.6,0.0,0.0,0.0,0.0,64.0,63.6,91.4,89.8,0.0,0.0,0.0,0.0,0.0,0.0,0.0,3.1
2061,351156,35,1,2,690.8,1811.1,477.9,1599.7,0.1,6.7,0.9,357.9,0.7,166.5,5.1,612.5,0.3,0.0,0.3,0.0,166.7,166.0,302.8,296.8,0.0,0.0,1.0,0.0,0.1,0.0,0.0,6.7
2062,351157,35,1,3,7975.5,4117.1,7693.8,3842.1,56.6,11.2,1312.4,93.1,705.9,0.0,4233.7,2254.5,428.1,1009.2,436.9,0.0,151.8,151.4,338.1,333.9,59.0,0.0,28.0,0.0,56.6,0.0,0.0,11.2
2063,351158,35,1,3,3820.8,5241.0,3332.0,4731.4,15.2,19.9,366.8,1193.1,183.8,383.9,1091.5,1701.6,97.3,0.0,99.5,0.0,519.6,519.3,942.4,933.4,17.0,0.0,14.0,0.0,15.2,0.0,0.0,19.9
2064,351159,35,1,3,8274.8,8476.5,7692.2,7866.4,37.1,31.6,898.3,814.2,458.6,1791.7,2671.2,2131.1,240.7,0.0,245.7,0.0,898.4,898.4,2247.2,2231.0,8.0,0.0,24.0,0.0,37.1,0.0,0.0,31.6
2065,351160,35,1,3,3030.4,1460.9,2876.0,1309.0,21.8,4.5,508.2,35.6,279.4,0.0,1570.4,931.6,130.1,113.6,133.0,27.5,61.6,61.6,140.1,139.1,44.0,0.0,9.0,0.0,21.8,0.0,0.0,4.5
2066,351161,35,1,3,9114.6,8514.6,8687.4,8101.9,62.7,19.7,1486.2,475.5,763.8,201.9,4356.0,3040.9,354.0,0.0,361.1,3114.1,419.4,419.8,854.9,849.7,69.0,0.0,23.0,0.0,62.7,0.0,0.0,19.7
2067,351162,35,1,3,5170.3,4012.8,4849.0,3695.3,35.6,14.8,848.6,409.5,449.5,216.9,2377.8,2206.8,140.7,0.0,143.7,0.0,273.9,274.4,590.9,587.8,12.0,0.0,12.0,0.0,35.6,0.0,0.0,14.8
2068,351163,35,1,3,1753.5,822.3,1633.7,702.3,12.8,2.7,305.4,1.2,158.4,0.0,864.6,587.4,53.9,0.0,55.3,0.0,31.4,31.3,82.7,82.4,80.0,0.0,2.0,0.0,12.8,0.0,0.0,2.7
2069,351164,35,1,3,11989.6,10842.9,11347.3,10201.2,76.1,39.1,1743.3,765.1,913.6,1419.5,4985.2,4322.9,332.4,752.9,339.3,12.5,820.4,822.6,2113.2,2105.7,68.0,0.0,32.0,0.0,76.1,0.0,0.0,39.1
2070,351165,35,1,3,8767.3,5000.4,8390.4,4651.9,72.6,18.8,1688.0,192.1,851.4,86.3,4467.1,3576.2,229.0,0.0,233.8,0.0,229.0,229.5,569.1,567.8,107.0,0.0,16.0,0.0,72.6,0.0,0.0,18.8
2071,351166,35,1,3,8008.3,5548.9,7634.7,5185.3,57.4,22.0,1299.2,194.2,683.7,770.6,3539.5,2575.6,199.7,0.0,203.8,0.0,430.6,432.1,1215.2,1212.8,45.0,0.0,18.0,0.0,57.4,0.0,0.0,22.0
2072,351167,35,1,4,5779.8,2764.0,5551.9,2556.8,40.9,9.7,1082.1,6.2,547.7,0.0,3033.5,2148.9,191.3,0.0,195.3,0.0,114.4,113.8,292.6,288.0,81.0,0.0,14.0,0.0,40.9,0.0,0.0,9.7
2073,351168,35,1,3,2724.8,1636.3,2559.9,1469.2,19.4,5.9,481.6,56.3,238.6,90.7,1362.4,1037.8,87.9,0.0,89.9,0.0,81.2,81.0,206.4,203.4,4.0,0.0,8.0,0.0,19.4,0.0,0.0,5.9
2074,351169,35,1,3,4693.0,2670.7,4379.3,2365.8,33.5,9.4,799.9,248.9,415.3,62.6,2351.2,1674.6,209.6,0.0,213.9,0.0,126.5,126.0,256.9,253.7,4.0,0.0,2.0,0.0,33.5,0.0,0.0,9.4
2075,351170,35,1,3,2679.5,6537.5,2091.8,5925.6,9.8,20.8,234.6,2146.4,118.2,0.0,705.9,2037.7,65.6,857.4,67.3,0.0,434.4,434.5,453.8,449.7,6.0,0.0,6.0,0.0,9.8,0.0,0.0,20.8
2076,351171,35,1,3,2528.0,5089.4,2068.3,4604.7,10.2,18.6,240.9,1415.5,120.9,349.5,727.6,2009.7,67.6,0.0,69.3,0.0,316.0,316.3,517.9,513.7,0.0,0.0,8.0,0.0,10.2,0.0,0.0,18.6
2077,351172,35,1,3,4774.0,2715.4,4498.5,2434.8,34.8,9.7,783.1,254.7,408.8,104.9,2368.6,1622.1,215.2,0.0,219.8,0.0,143.9,143.6,312.1,309.5,28.0,0.0,19.0,0.0,34.8,0.0,0.0,9.7
2078,351173,35,1,3,3850.9,4749.1,3650.9,4554.8,28.1,8.5,590.5,264.2,330.3,38.6,1923.5,1387.3,176.0,768.7,179.8,1661.1,157.9,158.3,278.9,276.6,6.0,0.0,8.0,0.0,28.1,0.0,0.0,8.5
2079,351174,35,1,3,7211.2,7961.2,6636.2,7385.7,44.4,30.8,1026.5,1032.7,559.9,616.9,2688.8,3630.8,107.5,0.0,109.9,0.0,692.0,693.0,1420.8,1412.4,19.0,0.0,12.0,0.0,44.4,0.0,0.0,30.8
2080,351175,35,1,3,3479.4,3236.3,3258.7,3017.4,24.6,12.7,549.4,220.4,296.9,464.0,1501.7,1578.5,70.4,0.0,72.1,0.0,195.0,195.1,562.3,559.4,3.0,0.0,8.0,0.0,24.6,0.0,0.0,12.7
2081,351176,35,1,3,1311.0,1380.8,1172.9,1244.6,9.6,5.2,215.0,305.7,117.3,9.9,583.4,728.4,25.7,0.0,26.4,0.0,78.2,78.3,123.0,122.3,0.0,0.0,4.0,0.0,9.6,0.0,0.0,5.2
2082,351177,35,1,3,11109.2,17594.2,10006.2,16440.8,26.1,68.4,645.9,2341.5,320.1,5190.4,1827.0,2028.5,117.0,0.0,119.6,0.0,1980.1,1975.1,4979.5,4905.3,4.0,0.0,13.0,0.0,26.1,0.0,0.0,68.4
2083,351178,35,1,3,305.6,853.3,132.5,667.7,0.0,2.7,0.0,134.9,0.0,77.8,1.0,326.1,0.0,0.0,0.0,0.0,45.5,45.1,84.9,83.8,0.0,0.0,1.0,0.0,0.0,0.0,0.0,2.7
2084,351179,35,1,3,2930.5,6429.7,2492.0,5950.7,0.0,24.5,0.0,776.6,0.0,1775.8,9.0,943.4,0.0,0.0,0.0,0.0,694.1,693.2,1779.8,1761.8,0.0,0.0,9.0,0.0,0.0,0.0,0.0,24.5
2085,351180,35,1,3,1655.1,734.1,1490.3,559.6,11.9,2.2,276.1,27.8,140.8,0.0,828.8,448.6,77.6,0.0,79.2,0.0,22.8,22.7,61.0,60.5,0.0,0.0,4.0,0.0,11.9,0.0,0.0,2.2
2086,351181,35,1,3,4770.7,1860.0,4549.4,1637.5,36.6,6.4,829.9,3.5,428.7,0.0,2510.8,1370.3,231.1,0.0,235.9,0.0,74.2,74.0,191.8,189.6,32.0,0.0,15.0,0.0,36.6,0.0,0.0,6.4
2087,351182,35,1,3,3823.1,1694.1,3659.1,1534.1,30.2,6.1,679.3,3.2,372.9,0.0,2019.4,1282.5,140.6,0.0,143.8,0.0,69.7,69.6,180.4,178.7,43.0,0.0,10.0,0.0,30.2,0.0,0.0,6.1
2088,351183,35,1,3,3689.4,2752.3,3506.4,2581.0,29.5,7.0,637.4,108.1,356.1,0.0,1880.4,1329.8,126.8,835.0,129.7,0.0,102.1,101.9,207.9,206.2,62.0,0.0,4.0,0.0,29.5,0.0,0.0,7.0
2089,351184,35,1,4,1315.7,932.8,1199.9,821.4,8.2,3.0,216.2,163.4,109.8,1.9,644.3,524.1,44.6,0.0,45.8,0.0,52.9,52.6,81.2,79.5,1.0,0.0,4.0,0.0,8.2,0.0,0.0,3.0
2090,351185,35,1,3,6899.4,3969.4,6629.0,3702.1,46.6,9.5,1155.7,107.5,603.6,0.0,3632.2,2027.9,363.4,1122.7,370.9,0.0,143.1,142.4,307.1,301.6,29.0,0.0,24.0,0.0,46.6,0.0,0.0,9.5
2091,351186,35,1,4,5547.9,3521.8,5277.4,3259.7,34.6,12.5,874.2,251.4,449.8,193.7,2585.4,1854.0,177.7,0.0,181.4,0.0,309.7,308.3,663.1,652.2,22.0,0.0,14.0,0.0,34.6,0.0,0.0,12.5
2092,351187,35,1,3,4070.9,2554.4,3837.2,2335.1,29.8,9.2,734.3,349.2,369.3,5.7,2077.7,1601.7,128.5,0.0,131.3,0.0,141.7,141.1,241.4,237.3,11.0,0.0,2.0,0.0,29.8,0.0,0.0,9.2
2093,351188,35,1,3,2966.1,4265.4,2704.8,3989.7,15.1,9.8,354.7,316.7,181.8,351.8,1067.5,849.5,98.9,0.0,101.0,1593.8,280.0,279.4,605.7,598.5,5.0,0.0,10.0,0.0,15.1,0.0,0.0,9.8
2094,351189,35,1,3,10009.2,10175.0,9376.0,9515.9,49.1,38.3,1160.0,748.9,579.8,2566.7,3454.7,2759.0,326.1,0.0,332.7,0.0,907.8,906.5,2560.9,2534.9,32.0,0.0,22.0,0.0,49.1,0.0,0.0,38.3
2095,351190,35,1,3,4677.8,2748.0,4406.3,2460.8,35.0,8.4,779.2,231.6,398.0,0.0,2314.4,1426.7,219.8,163.7,224.3,210.9,157.5,157.4,273.0,270.5,17.0,0.0,23.0,0.0,35.0,0.0,0.0,8.4
2096,351191,35,1,3,459.0,283.8,331.4,148.4,2.9,0.6,68.1,0.1,33.8,0.0,177.1,126.7,9.8,0.0,9.9,0.0,5.4,5.3,16.3,16.3,10.0,0.0,1.0,0.0,2.9,0.0,0.0,0.6
2097,351192,35,1,3,5562.4,3037.3,5271.8,2755.6,44.3,11.3,1045.6,98.3,509.9,50.0,2729.6,2030.9,157.2,0.0,160.7,0.0,174.2,174.2,405.5,402.2,77.0,0.0,12.0,0.0,44.3,0.0,0.0,11.3
2098,351193,35,1,3,2082.5,2142.3,1888.8,1943.5,15.3,8.0,344.4,422.2,185.8,14.6,946.4,1172.3,44.0,23.2,45.0,0.0,123.1,123.0,190.2,188.3,0.0,0.0,10.0,0.0,15.3,0.0,0.0,8.0
2099,351194,35,1,3,1229.8,1164.4,1097.5,1035.2,8.6,4.3,203.1,187.4,108.8,24.2,558.7,655.7,27.0,0.0,27.8,0.0,61.3,61.1,107.8,106.9,0.0,0.0,3.0,0.0,8.6,0.0,0.0,4.3
2100,351195,35,1,3,6406.2,2313.6,6224.8,2148.0,43.7,7.6,990.8,4.8,589.1,0.0,3537.6,1809.5,354.8,0.0,362.2,0.0,95.2,94.5,244.1,239.2,36.0,0.0,15.0,0.0,43.7,0.0,0.0,7.6
2101,351196,35,1,3,4112.5,2735.0,3869.9,2499.4,33.6,10.8,699.7,267.9,357.2,74.3,1986.1,1674.6,131.0,0.0,133.8,0.0,157.7,158.3,324.5,324.3,66.0,0.0,14.0,0.0,33.6,0.0,0.0,10.8
2102,351197,35,1,4,3619.4,2489.3,3403.9,2292.7,28.3,10.2,596.6,265.2,305.1,242.6,1693.0,1244.6,111.4,0.0,113.7,0.0,144.0,144.8,395.1,395.4,38.0,0.0,7.0,0.0,28.3,0.0,0.0,10.2
2103,351198,35,1,4,4666.3,5738.2,4318.8,5396.3,28.4,25.3,592.5,601.4,290.8,1011.1,1619.6,2153.5,88.9,0.0,90.8,0.0,421.5,423.9,1202.7,1206.5,6.0,0.0,6.0,0.0,28.4,0.0,0.0,25.3
2104,351199,35,1,4,5778.3,19134.2,4297.9,17568.8,0.0,81.3,0.0,3940.5,0.0,2808.2,28.0,6564.5,0.0,0.0,0.0,0.0,1269.7,1276.3,2972.1,2979.3,0.0,0.0,28.0,0.0,0.0,0.0,0.0,81.3
2105,351200,35,1,4,7016.5,10114.8,6272.7,9351.4,39.8,44.0,849.2,1881.5,417.8,964.6,2254.4,4028.1,113.5,0.0,115.8,0.0,782.5,787.0,1683.7,1690.2,30.0,0.0,26.0,0.0,39.8,0.0,0.0,44.0
2106,351201,35,1,4,2927.3,1393.3,2748.7,1236.0,25.6,5.5,564.8,2.4,275.3,0.0,1472.3,1019.2,78.3,0.0,80.0,0.0,59.5,59.8,154.6,154.6,59.0,0.0,5.0,0.0,25.6,0.0,0.0,5.5
2107,351202,35,1,4,3913.6,4433.6,3575.1,4092.0,24.2,19.9,529.5,538.6,260.4,672.8,1393.6,1661.4,75.0,0.0,76.6,0.9,322.9,324.6,891.2,893.8,15.0,0.0,11.0,0.0,24.2,0.0,0.0,19.9
2108,351203,35,1,4,12100.3,17903.3,10800.9,16511.7,49.8,77.2,1029.2,3180.6,557.0,2064.1,2760.6,5135.5,104.4,0.0,106.4,0.0,1935.1,1942.6,4189.3,4188.9,40.0,0.0,79.0,0.0,49.8,0.0,0.0,77.2
2109,351204,35,1,4,7195.8,8459.3,6655.6,7919.2,44.4,34.2,951.2,1110.8,516.2,517.0,2510.9,3440.5,99.4,127.9,101.5,287.2,804.5,807.8,1628.9,1627.9,25.0,0.0,18.0,0.0,44.4,0.0,0.0,34.2
2110,351205,35,1,4,4248.0,3473.8,3920.6,3154.2,32.3,14.2,692.7,841.7,366.5,24.8,2020.1,1758.6,140.7,0.0,143.6,0.0,208.1,209.3,319.8,319.8,11.0,0.0,18.0,0.0,32.3,0.0,0.0,14.2
2111,351206,35,1,4,2504.5,10192.0,1508.3,9177.1,0.0,31.9,0.0,3712.5,0.0,675.7,8.0,980.8,0.0,1411.1,0.0,902.0,765.6,768.7,726.7,726.2,0.0,0.0,8.0,0.0,0.0,0.0,0.0,31.9
2112,351207,35,1,4,2521.4,5058.4,2116.5,4641.8,5.6,21.7,121.0,898.3,65.0,453.1,320.9,1708.3,12.4,0.0,12.9,0.0,516.3,518.7,1063.9,1063.3,0.0,0.0,4.0,0.0,5.6,0.0,0.0,21.7
2113,351208,35,1,4,4262.3,7972.8,3637.6,7318.2,4.4,34.8,93.1,1138.2,49.8,1209.4,275.3,1802.1,18.3,0.0,18.8,0.0,949.2,953.2,2221.1,2215.2,1.0,0.0,11.0,0.0,4.4,0.0,0.0,34.8
2114,351209,35,1,3,1951.0,3527.3,1669.0,3216.8,1.1,15.2,26.2,413.0,13.4,787.7,79.1,485.4,5.0,0.0,5.2,0.0,411.3,412.5,1122.7,1118.1,0.0,0.0,6.0,0.0,1.1,0.0,0.0,15.2
2115,351210,35,1,3,2466.8,1089.3,2258.9,870.9,19.1,3.6,464.0,2.5,217.9,0.0,1231.4,718.6,87.6,0.0,89.5,0.0,41.3,41.4,109.1,108.4,7.0,0.0,11.0,0.0,19.1,0.0,0.0,3.6
2116,351211,35,1,3,2363.9,1219.8,2143.9,991.3,18.0,4.0,467.1,23.2,215.0,0.0,1153.9,799.1,62.9,0.0,64.2,0.0,48.3,48.3,121.6,120.8,0.0,0.0,11.0,0.0,18.0,0.0,0.0,4.0
2117,351212,35,1,4,5271.7,13047.0,4388.9,12134.9,27.0,52.5,603.9,4387.8,299.5,444.7,1654.0,5682.9,87.7,0.0,89.6,0.0,612.1,613.9,1009.1,1005.6,14.0,0.0,19.0,0.0,27.0,0.0,0.0,52.5
2118,351213,35,1,4,3340.9,9800.3,2179.0,8608.6,0.0,39.4,0.0,2687.7,0.0,1438.8,15.0,2333.5,0.0,0.0,0.0,0.0,732.7,735.2,1416.3,1413.4,0.0,0.0,15.0,0.0,0.0,0.0,0.0,39.4
2119,351214,35,1,4,4430.1,4198.5,4085.2,3877.2,35.9,17.1,743.4,625.7,371.2,168.3,2025.8,2365.3,108.4,0.0,110.7,0.0,241.4,242.4,476.4,475.5,3.0,0.0,5.0,0.0,35.9,0.0,0.0,17.1
2120,351215,35,1,4,8898.7,17055.2,7629.0,15706.7,16.6,73.1,342.8,3256.3,171.0,2323.5,995.6,4162.7,55.8,0.0,57.0,0.0,1871.8,1879.0,4088.9,4085.3,7.0,0.0,39.0,0.0,16.6,0.0,0.0,73.1
2121,351216,35,1,4,5504.3,6284.7,4916.3,5698.2,29.4,26.1,636.3,1025.2,313.9,528.0,1736.1,2219.3,128.8,0.0,131.3,0.0,621.9,624.1,1302.9,1301.6,28.0,0.0,17.0,0.0,29.4,0.0,0.0,26.1
2122,351217,35,1,4,3388.5,5617.5,2913.4,5134.0,13.1,23.9,292.5,1028.7,144.5,931.3,784.6,1603.0,54.8,0.0,55.9,0.0,434.7,436.6,1136.3,1134.3,5.0,0.0,5.0,0.0,13.1,0.0,0.0,23.9
2123,351218,35,1,3,2172.2,4449.1,1818.1,4080.2,10.6,14.2,235.1,1032.2,116.0,72.6,636.8,1295.5,44.9,943.1,46.0,0.0,321.5,322.8,415.8,414.0,0.0,0.0,2.0,0.0,10.6,0.0,0.0,14.2
2124,351219,35,1,3,4204.0,3404.8,3932.3,3135.1,33.9,6.3,726.1,76.6,369.0,0.0,2103.0,1095.9,191.8,0.0,195.9,1687.7,88.7,89.0,186.8,185.9,62.0,0.0,9.0,0.0,33.9,0.0,0.0,6.3
2125,351220,35,1,3,1303.2,542.8,1137.4,367.7,9.7,1.5,217.1,0.4,114.1,0.0,631.2,306.2,53.6,0.0,55.0,0.0,16.2,16.2,45.1,44.8,3.0,0.0,2.0,0.0,9.7,0.0,0.0,1.5
2126,351221,35,1,3,5799.4,2033.7,5511.8,1754.2,46.1,7.3,1023.7,12.7,518.8,0.0,3007.7,1436.7,283.8,0.0,289.1,0.0,86.2,86.5,219.4,218.2,67.0,0.0,16.0,0.0,46.1,0.0,0.0,7.3
2127,351222,35,1,4,9583.2,14562.8,8967.4,13926.1,38.7,64.3,827.7,749.4,410.0,4703.3,2252.5,3286.6,119.3,0.0,121.5,0.0,1074.9,1076.3,4137.5,4110.4,12.0,0.0,12.0,0.0,38.7,0.0,0.0,64.3
2128,351223,35,1,4,4585.5,14384.4,3620.3,13362.4,0.1,59.9,2.3,2695.6,1.9,2338.2,24.6,4768.4,0.2,0.0,0.3,0.0,1049.6,1051.4,2523.4,2509.0,0.0,0.0,18.0,0.0,0.1,0.0,0.0,59.9
2129,351224,35,1,4,10869.8,8924.3,10259.8,8362.5,90.2,33.5,1851.5,606.4,942.6,608.4,5135.9,4823.8,294.8,644.4,300.9,128.6,433.6,434.2,1123.6,1116.7,155.0,0.0,22.0,0.0,90.2,0.0,0.0,33.5
2130,351225,35,1,4,3954.5,1575.5,3717.6,1361.8,32.8,5.8,734.5,2.4,358.7,0.0,1995.3,1125.0,148.0,0.0,151.1,0.0,65.6,65.7,169.3,168.6,82.0,0.0,13.0,0.0,32.8,0.0,0.0,5.8
2131,351226,35,1,3,539.8,3732.9,368.8,3549.2,1.9,2.6,41.4,172.8,19.9,0.0,118.9,252.7,9.4,0.0,9.6,2957.0,74.2,74.5,92.6,92.3,0.0,0.0,3.0,0.0,1.9,0.0,0.0,2.6
2132,351227,35,1,3,3264.7,1952.2,3035.3,1719.6,25.5,7.5,567.2,218.7,279.9,0.0,1535.4,1122.0,107.7,0.0,110.1,0.0,140.4,141.1,238.6,237.7,46.0,0.0,10.0,0.0,25.5,0.0,0.0,7.5
2133,351228,35,1,3,67.5,66.4,0.0,0.0,0.0,0.0,0.0,0.0,0.0,0.0,0.0,0.0,0.0,0.0,0.0,0.0,0.0,0.0,0.0,0.0,0.0,0.0,0.0,0.0,0.0,0.0,0.0,0.0
2134,351229,35,1,4,9512.6,7803.7,8967.3,7297.5,78.0,31.3,1683.1,554.9,845.9,441.1,4532.3,4934.4,230.5,0.0,234.9,0.0,398.6,399.0,975.0,968.0,47.0,0.0,20.0,0.0,78.0,0.0,0.0,31.3
2135,351230,35,1,3,9488.4,4012.7,9093.0,3637.3,81.0,12.2,1633.1,82.6,829.4,0.0,4987.2,2246.7,516.3,789.1,526.6,0.0,158.4,158.9,362.0,360.0,53.0,0.0,27.0,0.0,81.0,0.0,0.0,12.2
2136,351231,35,1,3,5366.5,2327.8,5101.1,2068.4,45.6,8.7,1029.3,27.4,502.1,0.0,2752.0,1682.9,186.5,0.0,190.2,0.0,102.9,103.1,256.1,255.0,63.0,0.0,19.0,0.0,45.6,0.0,0.0,8.7
2137,351232,35,1,2,2957.0,1051.8,2759.2,856.0,22.9,3.5,494.5,1.5,255.2,0.0,1483.6,708.6,139.6,0.0,142.3,0.0,40.6,40.7,106.4,105.2,88.0,0.0,9.0,0.0,22.9,0.0,0.0,3.5
2138,351233,35,1,3,67.4,66.4,0.0,0.0,0.0,0.0,0.0,0.0,0.0,0.0,0.0,0.0,0.0,0.0,0.0,0.0,0.0,0.0,0.0,0.0,0.0,0.0,0.0,0.0,0.0,0.0,0.0,0.0
2139,351234,35,1,4,2465.9,7748.1,1926.1,7184.6,0.0,32.4,0.0,2105.4,0.0,901.7,8.0,2277.5,0.0,0.0,0.0,0.0,620.0,620.6,1290.0,1279.4,0.0,0.0,8.0,0.0,0.0,0.0,0.0,32.4
2140,351235,35,1,4,74.3,68.1,0.0,0.0,0.0,0.0,0.0,0.0,0.0,0.0,0.0,0.0,0.0,0.0,0.0,0.0,0.0,0.0,0.0,0.0,0.0,0.0,0.0,0.0,0.0,0.0,0.0,0.0
2141,351236,35,1,4,1347.4,4491.7,959.0,4099.7,0.0,18.1,0.0,1038.9,0.0,396.8,2.0,1713.8,0.0,0.0,0.0,0.0,338.2,338.3,616.8,611.8,0.0,0.0,2.0,0.0,0.0,0.0,0.0,18.1
2142,351237,35,1,4,1747.3,7579.9,1188.1,6996.9,0.1,31.6,2.5,2668.7,1.9,407.2,17.5,2772.2,0.2,0.0,0.3,0.0,433.6,433.9,721.1,714.9,0.0,0.0,11.0,0.0,0.1,0.0,0.0,31.6
2143,351238,35,1,4,2129.1,5232.4,1773.1,4849.6,0.0,22.9,0.0,636.8,0.0,1018.3,17.0,1464.2,0.0,0.0,0.0,0.0,472.5,473.3,1266.6,1257.0,0.0,0.0,17.0,0.0,0.0,0.0,0.0,22.9
2144,351239,35,1,4,3717.9,2450.5,3476.6,2234.4,32.2,9.6,700.9,192.7,364.2,13.3,1811.0,1680.5,85.8,0.0,87.8,0.0,110.1,110.2,239.7,237.7,71.0,0.0,6.0,0.0,32.2,0.0,0.0,9.6
2145,351240,35,1,3,2466.7,1227.7,2317.5,1076.4,21.5,4.6,470.2,2.0,238.5,0.0,1241.2,891.5,62.0,0.0,63.5,0.0,51.1,51.2,132.8,131.7,46.0,0.0,12.0,0.0,21.5,0.0,0.0,4.6
2146,351241,35,1,3,8102.3,4939.9,7771.4,4627.9,67.6,16.3,1522.7,197.7,773.1,8.2,4162.0,3069.4,233.8,669.9,238.8,0.0,211.5,211.5,476.4,471.3,126.0,0.0,27.0,0.0,67.6,0.0,0.0,16.3
2147,351242,35,1,2,4190.1,2072.5,3993.0,1877.4,34.7,7.6,822.3,4.6,418.8,0.0,2159.6,1550.1,107.6,0.0,110.0,0.0,91.1,91.0,233.7,231.6,30.0,0.0,20.0,0.0,34.7,0.0,0.0,7.6
2148,351243,35,1,2,2662.0,1280.1,2468.3,1110.3,21.2,4.3,524.1,2.1,249.9,0.0,1346.5,922.7,77.2,0.0,78.9,0.0,52.3,52.1,135.5,133.5,1.0,0.0,3.0,0.0,21.2,0.0,0.0,4.3
2149,351244,35,1,3,95.7,95.8,2.0,0.0,0.0,0.0,0.0,0.0,0.0,0.0,1.0,0.0,0.0,0.0,0.0,0.0,0.0,0.0,0.0,0.0,0.0,0.0,1.0,0.0,0.0,0.0,0.0,0.0
2150,351245,35,1,4,4027.7,3631.8,3701.4,3325.9,31.8,14.7,687.2,434.0,346.7,178.8,1808.4,2077.0,92.0,0.0,93.7,0.0,201.8,201.7,438.5,434.4,24.0,0.0,9.0,0.0,31.8,0.0,0.0,14.7
2151,351246,35,1,4,3654.9,1893.4,3476.3,1731.1,32.2,7.4,696.4,10.1,359.0,26.6,1867.2,1382.5,94.7,0.0,96.5,0.0,86.2,86.0,228.3,225.8,33.0,0.0,15.0,0.0,32.2,0.0,0.0,7.4
2152,351247,35,1,2,4272.4,2651.1,4038.4,2425.8,34.5,10.1,802.6,168.4,416.3,47.4,2109.3,1761.3,101.4,0.0,103.3,0.0,138.3,138.3,314.1,310.3,39.0,0.0,14.0,0.0,34.5,0.0,0.0,10.1
2153,351248,35,1,4,937.0,2380.7,738.3,2176.9,0.0,10.3,0.0,492.2,0.0,355.3,4.0,604.4,0.0,0.0,0.0,0.0,240.1,240.0,490.2,484.9,0.0,0.0,4.0,0.0,0.0,0.0,0.0,10.3
2154,351249,35,1,4,4185.9,6786.0,3653.7,6264.6,26.0,27.9,566.4,1693.3,287.7,200.5,1482.8,3216.5,75.1,0.0,76.7,0.0,441.8,441.7,720.2,712.6,1.0,0.0,2.0,0.0,26.0,0.0,0.0,27.9
2155,351250,35,1,3,7454.9,3327.4,7138.0,3029.4,65.5,12.8,1459.1,7.8,702.5,0.0,3888.3,2511.2,251.6,0.0,256.4,0.0,145.0,144.6,370.1,365.8,42.0,0.0,23.0,0.0,65.5,0.0,0.0,12.8
2156,351251,35,1,2,5525.8,2442.5,5262.6,2195.8,42.3,8.7,986.4,57.3,510.2,8.7,2858.2,1755.2,233.0,0.0,237.3,0.0,111.4,111.2,267.1,263.4,43.0,0.0,16.0,0.0,42.3,0.0,0.0,8.7
2157,351252,35,1,3,121.6,254.6,14.1,145.2,0.0,0.7,0.0,52.2,0.0,3.4,1.0,77.9,0.0,0.0,0.0,0.0,7.5,7.4,4.6,4.5,0.0,0.0,1.0,0.0,0.0,0.0,0.0,0.7
2158,351253,35,1,3,6832.8,9162.9,6064.4,8397.6,54.1,38.5,1064.9,1306.6,516.0,388.5,2873.8,5471.1,172.6,0.0,175.9,0.0,421.4,420.5,820.8,810.9,4.0,0.0,15.0,0.0,54.1,0.0,0.0,38.5
2159,351254,35,1,3,149.6,192.0,4.6,48.2,0.0,0.2,0.0,14.3,0.0,3.4,0.0,26.1,0.0,0.0,0.0,0.0,1.9,1.9,2.7,2.7,0.0,0.0,0.0,0.0,0.0,0.0,0.0,0.2
2160,351255,35,1,2,141.8,145.3,0.0,0.0,0.0,0.0,0.0,0.0,0.0,0.0,0.0,0.0,0.0,0.0,0.0,0.0,0.0,0.0,0.0,0.0,0.0,0.0,0.0,0.0,0.0,0.0,0.0,0.0
2161,351256,35,1,2,143.0,236.1,18.0,107.8,0.0,0.5,0.0,31.0,0.0,8.9,1.0,51.8,0.0,0.0,0.0,0.0,6.2,6.2,9.8,9.8,0.0,0.0,1.0,0.0,0.0,0.0,0.0,0.5
2162,351257,35,1,3,2178.8,1007.7,2018.8,847.6,15.5,3.2,395.8,2.9,195.9,0.0,1105.0,711.5,81.9,0.0,83.8,0.0,37.0,37.0,97.3,96.2,16.0,0.0,6.0,0.0,15.5,0.0,0.0,3.2
2163,351258,35,1,3,1046.0,516.7,909.4,378.2,7.3,1.5,179.4,2.5,87.7,0.0,505.7,318.5,37.9,0.0,38.8,0.0,15.2,15.2,42.7,42.0,0.0,0.0,2.0,0.0,7.3,0.0,0.0,1.5
2164,351259,35,1,3,1041.6,1484.9,895.0,1335.0,6.9,2.7,160.4,110.4,78.5,4.7,444.7,406.3,31.7,456.7,32.5,214.6,54.9,54.8,88.4,87.5,3.0,0.0,1.0,0.0,6.9,0.0,0.0,2.7
2165,351260,35,1,2,1634.5,2607.1,1435.5,2400.9,10.6,6.1,236.2,308.8,117.7,15.7,657.9,823.6,47.0,932.1,48.2,0.0,134.9,134.4,188.5,186.2,0.0,0.0,5.0,0.0,10.6,0.0,0.0,6.1
2166,351261,35,1,2,2035.9,2166.6,1903.9,2031.2,14.6,5.8,282.1,158.7,163.2,173.3,932.9,682.9,81.4,674.6,83.3,0.0,99.9,99.8,244.9,242.0,6.0,0.0,10.0,0.0,14.6,0.0,0.0,5.8
2167,351262,35,1,2,7114.8,5597.2,6649.2,5146.9,53.4,21.6,1146.1,606.4,568.6,206.6,3267.7,3178.4,229.9,0.0,234.7,0.0,380.1,379.9,783.3,775.5,28.0,0.0,11.0,0.0,53.4,0.0,0.0,21.6
2168,351263,35,1,2,463.2,875.8,304.6,712.8,1.6,3.0,35.3,197.4,17.1,63.0,102.9,318.7,7.2,0.0,7.6,0.0,51.1,51.0,83.5,82.5,0.0,0.0,0.0,0.0,1.6,0.0,0.0,3.0
2169,351264,35,1,3,2640.3,1090.6,2505.2,961.8,21.9,3.9,450.0,1.6,239.0,0.0,1387.8,804.4,111.9,0.0,114.1,0.0,43.6,43.5,113.7,112.4,37.0,0.0,8.0,0.0,21.9,0.0,0.0,3.9
2170,351265,35,1,3,871.3,3001.4,465.1,2586.2,0.0,11.7,0.0,873.3,0.0,260.5,2.0,995.5,0.0,0.0,0.0,0.0,186.1,185.6,275.0,271.3,0.0,0.0,2.0,0.0,0.0,0.0,0.0,11.7
2171,351266,35,1,3,1755.8,810.6,1607.0,660.5,12.9,2.6,314.4,1.0,151.2,0.0,893.1,555.6,67.9,0.0,69.4,0.0,29.0,28.5,76.2,75.4,0.0,0.0,6.0,0.0,12.9,0.0,0.0,2.6
2172,351267,35,1,2,2518.2,943.9,2333.5,763.7,19.2,3.0,433.5,1.3,237.4,0.0,1307.5,641.0,112.9,0.0,115.4,0.0,33.9,33.6,88.9,87.7,2.0,0.0,2.0,0.0,19.2,0.0,0.0,3.0
2173,351268,35,1,2,2541.0,951.3,2359.2,770.3,19.9,3.1,435.0,1.3,236.4,0.0,1318.5,646.4,116.9,0.0,119.5,0.0,34.2,34.0,89.8,88.5,3.0,0.0,6.0,0.0,19.9,0.0,0.0,3.1
2174,351269,35,1,2,1287.4,530.8,1195.9,442.9,10.7,1.8,208.9,1.8,121.4,0.0,677.9,372.4,57.1,0.0,58.6,0.0,18.7,18.6,51.2,50.2,0.0,0.0,2.0,0.0,10.7,0.0,0.0,1.8
2175,351270,35,1,2,1217.0,612.2,1097.5,494.2,9.9,2.0,215.0,3.1,106.5,0.0,608.5,416.2,41.6,0.0,42.6,0.0,20.8,20.5,55.4,54.4,5.0,0.0,2.0,0.0,9.9,0.0,0.0,2.0
2176,351271,35,1,3,135.9,117.1,40.2,19.1,0.5,0.1,7.9,0.0,4.3,0.0,23.2,17.1,1.4,0.0,1.4,0.0,0.3,0.3,1.7,1.7,0.0,0.0,0.0,0.0,0.5,0.0,0.0,0.1
2177,351272,35,1,3,3156.1,1507.0,2978.7,1337.7,27.5,5.6,581.7,15.8,292.6,5.2,1644.3,1094.0,113.2,0.0,115.8,0.0,64.3,63.8,161.9,159.0,1.0,0.0,4.0,0.0,27.5,0.0,0.0,5.6
2178,351273,35,1,3,5452.7,7944.7,4666.5,7162.5,35.6,28.2,735.9,1422.1,370.4,408.7,2082.4,3389.3,143.2,0.0,146.5,781.9,441.2,439.8,730.9,720.6,8.0,0.0,8.0,0.0,35.6,0.0,0.0,28.2
2179,351274,35,1,4,1436.5,4047.9,1068.6,3670.1,0.1,17.0,0.9,848.4,0.9,364.1,8.1,1412.6,0.2,0.0,0.2,0.0,363.1,362.4,691.1,682.6,0.0,0.0,4.0,0.0,0.1,0.0,0.0,17.0
2180,351275,35,1,2,2860.3,1013.7,2677.3,828.0,21.1,3.3,462.5,6.3,250.1,0.0,1421.0,691.4,130.4,0.0,133.2,0.0,36.4,36.3,95.8,94.0,137.0,0.0,11.0,0.0,21.1,0.0,0.0,3.3
2181,351276,35,1,2,3563.7,1919.3,3366.0,1729.5,27.8,7.0,634.6,81.2,312.2,20.4,1820.5,1353.3,128.4,0.0,131.2,0.0,84.2,83.6,194.0,190.9,49.0,0.0,12.0,0.0,27.8,0.0,0.0,7.0
2182,351277,35,1,3,11926.6,8354.7,11457.1,7948.0,101.1,23.7,2197.4,293.2,1104.0,0.0,6210.6,4393.8,431.9,1006.9,440.8,1208.6,343.0,341.3,716.4,704.2,8.0,0.0,5.0,0.0,101.1,0.0,0.0,23.7
2183,351278,35,1,3,11253.2,6366.2,10827.6,5991.3,96.2,20.4,2098.1,120.8,1051.1,0.0,5949.0,3995.0,414.9,735.2,423.6,286.9,260.3,259.5,603.6,593.9,17.0,0.0,10.0,0.0,96.2,0.0,0.0,20.4
2184,351279,35,1,3,920.4,1360.9,696.2,1134.5,5.5,4.9,114.6,286.2,56.7,45.9,326.4,654.5,22.1,0.0,22.7,0.0,67.4,66.9,82.3,81.0,2.0,0.0,2.0,0.0,5.5,0.0,0.0,4.9
2185,351280,35,1,2,781.7,2291.4,209.0,1727.2,0.0,7.5,0.0,886.1,0.0,57.3,1.0,578.6,0.0,0.0,0.0,0.0,135.9,135.4,71.0,69.9,0.0,0.0,1.0,0.0,0.0,0.0,0.0,7.5
2186,351281,35,1,2,4678.8,5641.2,4168.1,5151.5,30.4,21.0,688.4,947.5,345.1,305.3,1945.5,2999.9,134.9,0.0,137.6,0.0,320.5,318.7,592.1,580.1,2.0,0.0,2.0,0.0,30.4,0.0,0.0,21.0
2187,351282,35,1,1,338.9,238.6,187.9,88.4,1.9,1.8,43.7,0.0,21.2,0.0,100.8,73.4,3.4,0.0,3.7,0.0,3.5,3.4,11.7,11.6,0.0,0.0,0.0,0.0,1.9,0.0,0.0,1.8
2188,351283,35,1,2,3657.5,1516.2,3421.4,1283.1,33.5,21.8,740.2,0.0,363.6,0.0,1830.7,1008.2,91.1,0.0,92.3,0.0,76.2,77.7,196.3,197.2,18.0,0.0,13.0,0.0,33.5,0.0,0.0,21.8
2189,351284,35,1,3,1725.6,814.9,1544.1,638.8,14.9,7.5,332.7,9.7,165.0,0.0,819.5,495.6,39.0,0.0,39.7,0.0,38.1,38.9,93.2,94.6,10.0,0.0,7.0,0.0,14.9,0.0,0.0,7.5
2190,351285,35,1,2,528.4,647.5,392.0,518.0,0.5,6.8,10.2,68.9,4.9,73.0,24.7,21.7,0.6,0.0,0.8,0.0,111.0,113.2,238.9,241.2,0.0,0.0,1.0,0.0,0.5,0.0,0.0,6.8
2191,351286,35,1,1,111.8,106.6,0.0,0.0,0.0,0.0,0.0,0.0,0.0,0.0,0.0,0.0,0.0,0.0,0.0,0.0,0.0,0.0,0.0,0.0,0.0,0.0,0.0,0.0,0.0,0.0,0.0,0.0
2192,351287,35,1,1,919.3,753.8,777.2,610.6,1.9,1.8,85.0,63.9,41.6,32.3,189.2,170.8,5.7,0.0,5.8,0.0,115.6,116.4,252.4,227.2,76.0,0.0,6.0,0.0,1.9,0.0,0.0,1.8
2193,351288,35,1,2,208.2,143.2,83.3,42.4,0.7,0.3,18.9,0.0,8.9,0.0,46.2,37.2,1.3,0.0,1.6,0.0,0.9,0.9,4.4,4.2,0.0,0.0,1.0,0.0,0.7,0.0,0.0,0.3
2194,351289,35,1,1,692.1,747.9,558.7,596.9,0.8,1.6,32.3,64.9,16.3,81.5,88.9,98.8,2.7,0.0,3.0,0.0,113.2,111.8,290.3,239.9,0.0,0.0,12.0,0.0,0.8,0.0,0.0,1.6
2195,351290,35,1,1,777.4,567.6,646.4,432.1,1.9,1.1,115.1,33.6,55.6,21.2,273.4,223.2,10.2,0.0,10.3,0.0,51.0,50.5,123.8,103.6,1.0,0.0,6.0,0.0,1.9,0.0,0.0,1.1
2196,351291,35,1,1,1963.9,1822.1,1767.1,1602.1,5.3,3.7,236.5,184.2,120.0,66.7,531.9,576.0,14.2,13.1,14.9,0.0,265.6,258.3,559.0,503.8,0.0,0.0,25.0,0.0,5.3,0.0,0.0,3.7
2197,351292,35,1,1,3786.5,4915.9,3372.7,4438.4,0.9,11.4,38.0,652.2,19.6,578.8,140.6,359.7,2.3,0.0,2.7,0.0,986.6,944.1,2124.9,1903.6,0.0,0.0,58.0,0.0,0.9,0.0,0.0,11.4
2198,351293,35,1,2,119.1,96.9,8.0,0.0,0.0,0.0,0.0,0.0,0.0,0.0,4.0,0.0,0.0,0.0,0.0,0.0,0.0,0.0,0.0,0.0,0.0,0.0,4.0,0.0,0.0,0.0,0.0,0.0
2199,351294,35,1,2,300.1,393.2,160.7,251.1,1.3,1.4,33.1,27.0,16.4,0.0,88.2,212.1,4.9,0.0,5.2,0.0,5.0,5.0,7.0,7.0,0.0,0.0,1.0,0.0,1.3,0.0,0.0,1.4
2200,351295,35,1,4,331.0,708.0,171.2,547.5,0.0,5.6,0.0,190.7,0.0,0.0,1.0,184.4,0.0,0.0,0.0,0.0,77.4,79.1,91.8,93.4,0.0,0.0,1.0,0.0,0.0,0.0,0.0,5.6
2201,351296,35,1,1,148.0,106.0,0.0,0.0,0.0,0.0,0.0,0.0,0.0,0.0,0.0,0.0,0.0,0.0,0.0,0.0,0.0,0.0,0.0,0.0,0.0,0.0,0.0,0.0,0.0,0.0,0.0,0.0
2202,351297,35,1,2,147.9,114.8,2.4,9.2,0.0,0.1,0.0,3.3,0.0,0.0,0.0,3.6,0.0,0.0,0.0,0.0,0.9,0.9,1.5,1.4,0.0,0.0,0.0,0.0,0.0,0.0,0.0,0.1
2203,351298,35,1,1,149.4,120.1,2.0,0.0,0.0,0.0,0.0,0.0,0.0,0.0,1.0,0.0,0.0,0.0,0.0,0.0,0.0,0.0,0.0,0.0,0.0,0.0,1.0,0.0,0.0,0.0,0.0,0.0
2204,351299,35,1,1,148.4,113.4,0.0,0.0,0.0,0.0,0.0,0.0,0.0,0.0,0.0,0.0,0.0,0.0,0.0,0.0,0.0,0.0,0.0,0.0,0.0,0.0,0.0,0.0,0.0,0.0,0.0,0.0
2205,351300,35,1,3,145.1,125.0,2.0,1.1,0.0,0.0,0.0,1.1,0.0,0.0,1.0,0.0,0.0,0.0,0.0,0.0,0.0,0.0,0.0,0.0,0.0,0.0,1.0,0.0,0.0,0.0,0.0,0.0
2206,351301,35,1,1,182.9,158.0,70.7,66.2,3.4,1.3,7.9,5.1,4.1,4.0,27.4,31.6,1.8,0.0,2.1,0.0,7.4,7.5,18.0,18.1,0.0,0.0,2.0,0.0,3.4,0.0,0.0,1.3
2207,351302,35,1,1,318.3,198.5,205.6,100.4,2.4,2.0,45.2,0.0,22.8,0.0,112.1,84.5,4.1,0.0,4.5,0.0,3.6,3.6,12.3,12.2,0.0,0.0,1.0,0.0,2.4,0.0,0.0,2.0
2208,351303,35,1,3,109.4,96.9,0.0,0.0,0.0,0.0,0.0,0.0,0.0,0.0,0.0,0.0,0.0,0.0,0.0,0.0,0.0,0.0,0.0,0.0,0.0,0.0,0.0,0.0,0.0,0.0,0.0,0.0
2209,351304,35,1,1,108.8,104.4,0.0,0.0,0.0,0.0,0.0,0.0,0.0,0.0,0.0,0.0,0.0,0.0,0.0,0.0,0.0,0.0,0.0,0.0,0.0,0.0,0.0,0.0,0.0,0.0,0.0,0.0
2210,351305,35,1,1,114.4,89.6,0.0,0.0,0.0,0.0,0.0,0.0,0.0,0.0,0.0,0.0,0.0,0.0,0.0,0.0,0.0,0.0,0.0,0.0,0.0,0.0,0.0,0.0,0.0,0.0,0.0,0.0
2211,351306,35,1,3,135.0,109.9,0.0,0.0,0.0,0.0,0.0,0.0,0.0,0.0,0.0,0.0,0.0,0.0,0.0,0.0,0.0,0.0,0.0,0.0,0.0,0.0,0.0,0.0,0.0,0.0,0.0,0.0
2212,351307,35,1,2,129.4,110.1,4.3,1.5,0.0,0.0,0.8,0.0,0.6,0.0,2.6,1.4,0.0,0.0,0.1,0.0,0.0,0.0,0.1,0.1,0.0,0.0,0.0,0.0,0.0,0.0,0.0,0.0
2213,351308,35,1,1,115.3,89.9,0.0,0.0,0.0,0.0,0.0,0.0,0.0,0.0,0.0,0.0,0.0,0.0,0.0,0.0,0.0,0.0,0.0,0.0,0.0,0.0,0.0,0.0,0.0,0.0,0.0,0.0
2214,351309,35,1,1,115.2,115.1,0.0,0.0,0.0,0.0,0.0,0.0,0.0,0.0,0.0,0.0,0.0,0.0,0.0,0.0,0.0,0.0,0.0,0.0,0.0,0.0,0.0,0.0,0.0,0.0,0.0,0.0
2215,351310,35,1,1,102.1,92.0,0.0,0.0,0.0,0.0,0.0,0.0,0.0,0.0,0.0,0.0,0.0,0.0,0.0,0.0,0.0,0.0,0.0,0.0,0.0,0.0,0.0,0.0,0.0,0.0,0.0,0.0
2216,351311,35,1,2,164.6,140.3,2.0,0.0,0.0,0.0,0.0,0.0,0.0,0.0,1.0,0.0,0.0,0.0,0.0,0.0,0.0,0.0,0.0,0.0,0.0,0.0,1.0,0.0,0.0,0.0,0.0,0.0
2217,490001,49,1,1,87.1,81.3,0.0,9.1,0.0,0.0,0.0,9.1,0.0,0.0,0.0,0.0,0.0,0.0,0.0,0.0,0.0,0.0,0.0,0.0,0.0,0.0,0.0,0.0,0.0,0.0,0.0,0.0
2218,490002,49,1,1,87.1,67.6,0.0,0.0,0.0,0.0,0.0,0.0,0.0,0.0,0.0,0.0,0.0,0.0,0.0,0.0,0.0,0.0,0.0,0.0,0.0,0.0,0.0,0.0,0.0,0.0,0.0,0.0
2219,490003,49,1,1,86.9,75.3,0.0,0.0,0.0,0.0,0.0,0.0,0.0,0.0,0.0,0.0,0.0,0.0,0.0,0.0,0.0,0.0,0.0,0.0,0.0,0.0,0.0,0.0,0.0,0.0,0.0,0.0
2220,490004,49,1,1,169.6,116.2,80.4,35.4,0.1,0.0,15.0,0.0,7.1,0.0,48.4,32.4,3.4,0.0,3.6,0.0,0.5,0.5,2.4,2.5,0.0,0.0,0.0,0.0,0.1,0.0,0.0,0.0
2221,490005,49,1,1,93.9,64.3,6.8,0.2,0.0,0.0,0.0,0.2,1.1,0.0,5.2,0.0,0.1,0.0,0.3,0.0,0.0,0.0,0.0,0.0,0.0,0.0,0.0,0.0,0.0,0.0,0.0,0.0
2222,490006,49,1,1,174.0,252.2,83.6,165.8,0.4,0.4,9.3,117.2,5.5,2.6,40.0,27.7,4.2,0.0,4.6,0.0,6.7,6.5,13.3,11.8,0.0,0.0,0.0,0.0,0.4,0.0,0.0,0.4
2223,490007,49,1,1,233.2,432.4,139.8,342.1,0.8,0.9,15.9,242.5,9.6,1.3,64.7,65.9,6.8,0.0,7.3,0.0,14.5,13.9,20.9,18.6,0.0,0.0,0.0,0.0,0.8,0.0,0.0,0.9
2224,490008,49,1,1,79.6,73.6,0.0,0.0,0.0,0.0,0.0,0.0,0.0,0.0,0.0,0.0,0.0,0.0,0.0,0.0,0.0,0.0,0.0,0.0,0.0,0.0,0.0,0.0,0.0,0.0,0.0,0.0
2225,490009,49,1,1,86.8,83.8,0.0,0.0,0.0,0.0,0.0,0.0,0.0,0.0,0.0,0.0,0.0,0.0,0.0,0.0,0.0,0.0,0.0,0.0,0.0,0.0,0.0,0.0,0.0,0.0,0.0,0.0
2226,490010,49,1,1,89.2,88.6,0.0,0.0,0.0,0.0,0.0,0.0,0.0,0.0,0.0,0.0,0.0,0.0,0.0,0.0,0.0,0.0,0.0,0.0,0.0,0.0,0.0,0.0,0.0,0.0,0.0,0.0
2227,490011,49,1,1,89.4,84.9,0.0,0.0,0.0,0.0,0.0,0.0,0.0,0.0,0.0,0.0,0.0,0.0,0.0,0.0,0.0,0.0,0.0,0.0,0.0,0.0,0.0,0.0,0.0,0.0,0.0,0.0
2228,490012,49,1,1,126.0,95.0,38.6,12.0,0.3,0.0,5.1,0.1,3.0,0.0,24.1,11.0,2.6,0.0,2.9,0.0,0.1,0.1,0.8,0.8,0.0,0.0,0.0,0.0,0.3,0.0,0.0,0.0
2229,490013,49,1,1,493.7,289.9,398.0,197.1,2.4,0.5,61.9,47.1,36.5,1.3,221.8,118.4,22.1,0.0,22.3,0.0,11.0,10.5,22.4,19.8,0.0,0.0,0.0,0.0,2.4,0.0,0.0,0.5
2230,490014,49,1,1,128.0,98.7,40.5,11.5,0.3,0.0,5.4,0.0,3.3,0.0,25.1,10.6,2.8,0.0,3.0,0.0,0.1,0.2,0.8,0.8,0.0,0.0,0.0,0.0,0.3,0.0,0.0,0.0
2231,490015,49,1,1,86.7,88.6,0.0,0.0,0.0,0.0,0.0,0.0,0.0,0.0,0.0,0.0,0.0,0.0,0.0,0.0,0.0,0.0,0.0,0.0,0.0,0.0,0.0,0.0,0.0,0.0,0.0,0.0
2232,490016,49,1,1,95.8,95.8,8.5,8.5,0.0,0.0,0.0,0.0,0.0,0.0,7.8,7.8,0.0,0.0,0.0,0.0,0.2,0.2,0.5,0.5,0.0,0.0,0.0,0.0,0.0,0.0,0.0,0.0
2233,490017,49,1,1,86.6,87.1,3.5,4.4,0.0,0.0,0.8,0.0,0.3,0.0,2.0,4.2,0.1,0.0,0.2,0.0,0.0,0.0,0.2,0.2,0.0,0.0,0.0,0.0,0.0,0.0,0.0,0.0
2234,490018,49,1,1,79.4,78.2,0.0,0.0,0.0,0.0,0.0,0.0,0.0,0.0,0.0,0.0,0.0,0.0,0.0,0.0,0.0,0.0,0.0,0.0,0.0,0.0,0.0,0.0,0.0,0.0,0.0,0.0
2235,490019,49,1,1,88.2,414.7,0.4,328.7,0.0,0.8,0.0,328.3,0.0,0.0,0.0,0.0,0.0,0.0,0.0,0.0,0.4,0.5,0.0,0.0,0.0,0.0,0.0,0.0,0.0,0.0,0.0,0.8
2236,490020,49,1,1,89.2,88.7,0.0,0.0,0.0,0.0,0.0,0.0,0.0,0.0,0.0,0.0,0.0,0.0,0.0,0.0,0.0,0.0,0.0,0.0,0.0,0.0,0.0,0.0,0.0,0.0,0.0,0.0
2237,490021,49,1,1,118.1,103.1,28.5,14.6,0.1,0.0,4.7,0.0,2.2,0.0,17.7,13.6,1.5,0.0,1.6,0.0,0.1,0.1,0.7,0.8,0.0,0.0,0.0,0.0,0.1,0.0,0.0,0.0
2238,490022,49,1,1,201.5,172.1,112.0,83.6,0.8,0.2,15.9,39.2,9.2,1.3,62.8,33.0,6.4,0.0,6.8,0.0,3.2,3.1,7.7,7.1,0.0,0.0,0.0,0.0,0.8,0.0,0.0,0.2
2239,490023,49,1,1,104.5,94.9,17.3,7.8,0.1,0.0,2.9,0.0,1.3,0.0,10.6,7.3,0.9,0.0,1.2,0.0,0.1,0.1,0.4,0.4,0.0,0.0,0.0,0.0,0.1,0.0,0.0,0.0
2240,490024,49,1,1,86.8,86.8,0.0,0.0,0.0,0.0,0.0,0.0,0.0,0.0,0.0,0.0,0.0,0.0,0.0,0.0,0.0,0.0,0.0,0.0,0.0,0.0,0.0,0.0,0.0,0.0,0.0,0.0
2241,490025,49,1,1,90.5,90.0,3.7,6.0,0.0,0.0,0.7,1.6,0.3,0.0,2.2,4.2,0.1,0.0,0.2,0.0,0.0,0.0,0.2,0.2,0.0,0.0,0.0,0.0,0.0,0.0,0.0,0.0
2242,490026,49,1,1,98.0,99.1,11.0,12.9,0.0,0.0,1.2,6.3,0.7,0.0,6.6,5.9,0.8,0.0,1.1,0.0,0.1,0.2,0.5,0.6,0.0,0.0,0.0,0.0,0.0,0.0,0.0,0.0
2243,490027,49,1,1,88.4,150.5,8.0,71.7,0.0,0.2,0.8,52.5,0.3,0.0,2.4,15.0,0.2,0.0,0.2,0.0,1.8,1.8,2.4,2.4,0.0,0.0,0.0,0.0,0.0,0.0,0.0,0.2
2244,490028,49,1,1,91.3,88.5,4.0,0.0,0.0,0.0,0.0,0.0,0.0,0.0,2.0,0.0,0.0,0.0,0.0,0.0,0.0,0.0,0.0,0.0,0.0,0.0,2.0,0.0,0.0,0.0,0.0,0.0
2245,490029,49,1,1,89.2,85.3,0.0,0.0,0.0,0.0,0.0,0.0,0.0,0.0,0.0,0.0,0.0,0.0,0.0,0.0,0.0,0.0,0.0,0.0,0.0,0.0,0.0,0.0,0.0,0.0,0.0,0.0
2246,490030,49,1,1,86.8,86.8,0.0,0.0,0.0,0.0,0.0,0.0,0.0,0.0,0.0,0.0,0.0,0.0,0.0,0.0,0.0,0.0,0.0,0.0,0.0,0.0,0.0,0.0,0.0,0.0,0.0,0.0
2247,490031,49,1,1,86.8,86.6,0.0,0.0,0.0,0.0,0.0,0.0,0.0,0.0,0.0,0.0,0.0,0.0,0.0,0.0,0.0,0.0,0.0,0.0,0.0,0.0,0.0,0.0,0.0,0.0,0.0,0.0
2248,490032,49,1,1,86.8,86.6,0.0,0.0,0.0,0.0,0.0,0.0,0.0,0.0,0.0,0.0,0.0,0.0,0.0,0.0,0.0,0.0,0.0,0.0,0.0,0.0,0.0,0.0,0.0,0.0,0.0,0.0
2249,490033,49,1,1,93.8,86.6,7.0,0.8,0.0,0.0,0.0,0.8,1.1,0.0,5.4,0.0,0.2,0.0,0.3,0.0,0.0,0.0,0.0,0.0,0.0,0.0,0.0,0.0,0.0,0.0,0.0,0.0
2250,490034,49,1,1,95.1,133.0,7.9,55.7,0.0,0.2,0.0,39.6,0.0,1.3,0.0,7.2,0.0,0.0,0.0,0.0,2.7,2.6,5.2,4.9,0.0,0.0,0.0,0.0,0.0,0.0,0.0,0.2
2251,490035,49,1,1,257.6,145.2,168.4,56.5,0.9,0.1,27.2,0.4,15.3,0.0,99.3,50.2,9.9,0.0,10.4,0.0,1.3,1.2,5.0,4.7,0.0,0.0,0.0,0.0,0.9,0.0,0.0,0.1
2252,490036,49,1,2,105.5,105.0,8.2,4.0,0.0,0.0,0.9,0.0,0.3,0.0,4.5,3.7,0.1,0.0,0.2,0.0,0.0,0.0,0.2,0.2,0.0,0.0,2.0,0.0,0.0,0.0,0.0,0.0
2253,490037,49,1,1,110.5,100.5,15.1,0.0,0.0,0.0,0.0,0.0,1.1,0.0,9.4,0.0,0.2,0.0,0.3,0.0,0.0,0.0,0.0,0.0,0.0,0.0,4.0,0.0,0.0,0.0,0.0,0.0
2254,490038,49,1,1,86.8,87.6,0.0,0.0,0.0,0.0,0.0,0.0,0.0,0.0,0.0,0.0,0.0,0.0,0.0,0.0,0.0,0.0,0.0,0.0,0.0,0.0,0.0,0.0,0.0,0.0,0.0,0.0
2255,490039,49,1,1,86.8,87.6,0.0,0.0,0.0,0.0,0.0,0.0,0.0,0.0,0.0,0.0,0.0,0.0,0.0,0.0,0.0,0.0,0.0,0.0,0.0,0.0,0.0,0.0,0.0,0.0,0.0,0.0
2256,490040,49,1,1,86.8,86.3,0.0,0.0,0.0,0.0,0.0,0.0,0.0,0.0,0.0,0.0,0.0,0.0,0.0,0.0,0.0,0.0,0.0,0.0,0.0,0.0,0.0,0.0,0.0,0.0,0.0,0.0
2257,490041,49,1,1,439.3,225.1,351.2,136.7,0.8,0.3,58.6,0.1,32.2,0.0,204.6,122.2,20.0,0.0,20.5,0.0,3.6,3.5,11.8,10.9,0.0,0.0,0.0,0.0,0.8,0.0,0.0,0.3
2258,490042,49,1,1,105.7,277.4,23.1,195.1,0.0,0.5,0.8,144.3,0.3,1.8,2.5,31.4,0.2,0.0,0.2,0.0,8.0,7.5,11.1,10.1,0.0,0.0,0.0,0.0,0.0,0.0,0.0,0.5
2259,490043,49,1,1,182.8,583.2,86.6,484.9,0.0,1.2,0.0,244.6,0.0,5.4,0.0,156.8,0.0,0.0,0.0,0.0,39.1,36.4,47.5,41.8,0.0,0.0,0.0,0.0,0.0,0.0,0.0,1.2
2260,490044,49,1,1,84.4,86.2,0.0,0.0,0.0,0.0,0.0,0.0,0.0,0.0,0.0,0.0,0.0,0.0,0.0,0.0,0.0,0.0,0.0,0.0,0.0,0.0,0.0,0.0,0.0,0.0,0.0,0.0
2261,490045,49,1,1,89.2,92.0,0.0,1.7,0.0,0.0,0.0,1.7,0.0,0.0,0.0,0.0,0.0,0.0,0.0,0.0,0.0,0.0,0.0,0.0,0.0,0.0,0.0,0.0,0.0,0.0,0.0,0.0
2262,490046,49,1,1,89.2,89.0,0.0,0.0,0.0,0.0,0.0,0.0,0.0,0.0,0.0,0.0,0.0,0.0,0.0,0.0,0.0,0.0,0.0,0.0,0.0,0.0,0.0,0.0,0.0,0.0,0.0,0.0
2263,490047,49,1,1,86.8,88.1,0.0,0.0,0.0,0.0,0.0,0.0,0.0,0.0,0.0,0.0,0.0,0.0,0.0,0.0,0.0,0.0,0.0,0.0,0.0,0.0,0.0,0.0,0.0,0.0,0.0,0.0
2264,490048,49,1,1,147.3,111.8,67.0,30.0,0.1,0.1,10.9,0.0,5.7,0.0,40.6,27.4,3.5,0.0,3.7,0.0,0.5,0.5,2.1,2.1,0.0,0.0,0.0,0.0,0.1,0.0,0.0,0.1
2265,490049,49,1,1,79.6,80.8,0.0,0.0,0.0,0.0,0.0,0.0,0.0,0.0,0.0,0.0,0.0,0.0,0.0,0.0,0.0,0.0,0.0,0.0,0.0,0.0,0.0,0.0,0.0,0.0,0.0,0.0
2266,490050,49,1,2,80.8,95.1,1.2,13.4,0.0,0.0,0.0,8.7,0.0,0.0,0.0,3.5,0.0,0.0,0.0,0.0,0.5,0.5,0.7,0.7,0.0,0.0,0.0,0.0,0.0,0.0,0.0,0.0
2267,490051,49,1,1,84.3,86.4,0.0,0.0,0.0,0.0,0.0,0.0,0.0,0.0,0.0,0.0,0.0,0.0,0.0,0.0,0.0,0.0,0.0,0.0,0.0,0.0,0.0,0.0,0.0,0.0,0.0,0.0
2268,490052,49,1,1,89.2,91.5,0.0,0.0,0.0,0.0,0.0,0.0,0.0,0.0,0.0,0.0,0.0,0.0,0.0,0.0,0.0,0.0,0.0,0.0,0.0,0.0,0.0,0.0,0.0,0.0,0.0,0.0
2269,490053,49,1,1,217.6,311.7,134.2,215.9,0.1,0.4,12.4,62.0,6.0,0.0,52.4,111.7,2.9,0.0,3.1,0.0,20.2,18.8,26.1,23.3,0.0,0.0,11.0,0.0,0.1,0.0,0.0,0.4
2270,490054,49,1,1,93.2,88.7,8.0,0.0,0.0,0.0,0.0,0.0,0.0,0.0,4.0,0.0,0.0,0.0,0.0,0.0,0.0,0.0,0.0,0.0,0.0,0.0,4.0,0.0,0.0,0.0,0.0,0.0
2271,490055,49,1,1,2033.8,733.3,1909.1,609.7,5.3,1.6,301.4,1.5,177.8,0.0,1098.7,523.2,117.7,0.0,119.4,0.0,25.5,23.7,68.6,61.2,0.0,0.0,0.0,0.0,5.3,0.0,0.0,1.6
2272,490056,49,1,2,99.2,99.9,0.0,0.0,0.0,0.0,0.0,0.0,0.0,0.0,0.0,0.0,0.0,0.0,0.0,0.0,0.0,0.0,0.0,0.0,0.0,0.0,0.0,0.0,0.0,0.0,0.0,0.0
2273,490057,49,1,2,99.2,101.4,0.0,0.0,0.0,0.0,0.0,0.0,0.0,0.0,0.0,0.0,0.0,0.0,0.0,0.0,0.0,0.0,0.0,0.0,0.0,0.0,0.0,0.0,0.0,0.0,0.0,0.0
2274,490058,49,1,1,731.0,2361.9,244.0,1893.2,0.0,5.6,0.0,1677.8,0.0,0.0,1.0,1.4,0.0,0.0,0.0,0.0,241.8,213.7,0.2,0.2,0.0,0.0,1.0,0.0,0.0,0.0,0.0,5.6
2275,490059,49,1,1,99.2,101.2,0.0,0.0,0.0,0.0,0.0,0.0,0.0,0.0,0.0,0.0,0.0,0.0,0.0,0.0,0.0,0.0,0.0,0.0,0.0,0.0,0.0,0.0,0.0,0.0,0.0,0.0
2276,490060,49,1,1,99.2,101.3,0.0,0.0,0.0,0.0,0.0,0.0,0.0,0.0,0.0,0.0,0.0,0.0,0.0,0.0,0.0,0.0,0.0,0.0,0.0,0.0,0.0,0.0,0.0,0.0,0.0,0.0
2277,490061,49,1,1,99.2,101.4,0.0,0.0,0.0,0.0,0.0,0.0,0.0,0.0,0.0,0.0,0.0,0.0,0.0,0.0,0.0,0.0,0.0,0.0,0.0,0.0,0.0,0.0,0.0,0.0,0.0,0.0
2278,490062,49,1,2,99.2,100.8,0.0,0.0,0.0,0.0,0.0,0.0,0.0,0.0,0.0,0.0,0.0,0.0,0.0,0.0,0.0,0.0,0.0,0.0,0.0,0.0,0.0,0.0,0.0,0.0,0.0,0.0
2279,490063,49,1,1,99.1,98.1,0.0,0.0,0.0,0.0,0.0,0.0,0.0,0.0,0.0,0.0,0.0,0.0,0.0,0.0,0.0,0.0,0.0,0.0,0.0,0.0,0.0,0.0,0.0,0.0,0.0,0.0
2280,490064,49,1,1,79.4,78.9,0.0,0.0,0.0,0.0,0.0,0.0,0.0,0.0,0.0,0.0,0.0,0.0,0.0,0.0,0.0,0.0,0.0,0.0,0.0,0.0,0.0,0.0,0.0,0.0,0.0,0.0
2281,490065,49,1,1,109.3,176.5,9.0,75.5,0.0,0.2,0.0,51.2,0.0,0.0,0.0,15.6,0.0,0.0,0.0,0.0,4.3,4.2,4.7,4.4,0.0,0.0,0.0,0.0,0.0,0.0,0.0,0.2
2282,490066,49,1,1,92.9,94.2,0.0,0.0,0.0,0.0,0.0,0.0,0.0,0.0,0.0,0.0,0.0,0.0,0.0,0.0,0.0,0.0,0.0,0.0,0.0,0.0,0.0,0.0,0.0,0.0,0.0,0.0
2283,490067,49,1,2,99.2,100.9,0.0,0.0,0.0,0.0,0.0,0.0,0.0,0.0,0.0,0.0,0.0,0.0,0.0,0.0,0.0,0.0,0.0,0.0,0.0,0.0,0.0,0.0,0.0,0.0,0.0,0.0
2284,490068,49,1,2,99.2,101.0,0.0,0.0,0.0,0.0,0.0,0.0,0.0,0.0,0.0,0.0,0.0,0.0,0.0,0.0,0.0,0.0,0.0,0.0,0.0,0.0,0.0,0.0,0.0,0.0,0.0,0.0
2285,490069,49,1,2,99.2,100.5,0.0,0.0,0.0,0.0,0.0,0.0,0.0,0.0,0.0,0.0,0.0,0.0,0.0,0.0,0.0,0.0,0.0,0.0,0.0,0.0,0.0,0.0,0.0,0.0,0.0,0.0
2286,490070,49,1,1,99.3,98.7,0.0,0.0,0.0,0.0,0.0,0.0,0.0,0.0,0.0,0.0,0.0,0.0,0.0,0.0,0.0,0.0,0.0,0.0,0.0,0.0,0.0,0.0,0.0,0.0,0.0,0.0
2287,490071,49,1,2,99.0,97.9,0.0,0.0,0.0,0.0,0.0,0.0,0.0,0.0,0.0,0.0,0.0,0.0,0.0,0.0,0.0,0.0,0.0,0.0,0.0,0.0,0.0,0.0,0.0,0.0,0.0,0.0
2288,490072,49,1,1,108.2,103.9,8.9,3.7,0.0,0.0,1.2,0.0,0.5,0.0,5.4,3.5,0.7,0.0,0.8,0.0,0.0,0.0,0.2,0.2,0.0,0.0,0.0,0.0,0.0,0.0,0.0,0.0
2289,490073,49,1,1,99.0,99.0,0.0,0.0,0.0,0.0,0.0,0.0,0.0,0.0,0.0,0.0,0.0,0.0,0.0,0.0,0.0,0.0,0.0,0.0,0.0,0.0,0.0,0.0,0.0,0.0,0.0,0.0
2290,490074,49,1,1,99.1,98.4,0.0,0.0,0.0,0.0,0.0,0.0,0.0,0.0,0.0,0.0,0.0,0.0,0.0,0.0,0.0,0.0,0.0,0.0,0.0,0.0,0.0,0.0,0.0,0.0,0.0,0.0
2291,490075,49,1,1,99.1,98.2,0.0,0.0,0.0,0.0,0.0,0.0,0.0,0.0,0.0,0.0,0.0,0.0,0.0,0.0,0.0,0.0,0.0,0.0,0.0,0.0,0.0,0.0,0.0,0.0,0.0,0.0
2292,490076,49,1,1,99.0,97.7,0.0,0.0,0.0,0.0,0.0,0.0,0.0,0.0,0.0,0.0,0.0,0.0,0.0,0.0,0.0,0.0,0.0,0.0,0.0,0.0,0.0,0.0,0.0,0.0,0.0,0.0
2293,490077,49,1,2,99.1,97.9,0.0,0.0,0.0,0.0,0.0,0.0,0.0,0.0,0.0,0.0,0.0,0.0,0.0,0.0,0.0,0.0,0.0,0.0,0.0,0.0,0.0,0.0,0.0,0.0,0.0,0.0
2294,490078,49,1,1,83.3,84.6,0.0,0.0,0.0,0.0,0.0,0.0,0.0,0.0,0.0,0.0,0.0,0.0,0.0,0.0,0.0,0.0,0.0,0.0,0.0,0.0,0.0,0.0,0.0,0.0,0.0,0.0
2295,490079,49,1,1,79.6,81.6,0.0,0.0,0.0,0.0,0.0,0.0,0.0,0.0,0.0,0.0,0.0,0.0,0.0,0.0,0.0,0.0,0.0,0.0,0.0,0.0,0.0,0.0,0.0,0.0,0.0,0.0
2296,490080,49,1,2,79.5,81.7,0.0,0.0,0.0,0.0,0.0,0.0,0.0,0.0,0.0,0.0,0.0,0.0,0.0,0.0,0.0,0.0,0.0,0.0,0.0,0.0,0.0,0.0,0.0,0.0,0.0,0.0
2297,490081,49,1,2,79.4,81.5,0.0,0.0,0.0,0.0,0.0,0.0,0.0,0.0,0.0,0.0,0.0,0.0,0.0,0.0,0.0,0.0,0.0,0.0,0.0,0.0,0.0,0.0,0.0,0.0,0.0,0.0
2298,490082,49,1,2,89.2,91.2,0.0,0.0,0.0,0.0,0.0,0.0,0.0,0.0,0.0,0.0,0.0,0.0,0.0,0.0,0.0,0.0,0.0,0.0,0.0,0.0,0.0,0.0,0.0,0.0,0.0,0.0
2299,490083,49,1,1,89.2,90.6,0.0,0.0,0.0,0.0,0.0,0.0,0.0,0.0,0.0,0.0,0.0,0.0,0.0,0.0,0.0,0.0,0.0,0.0,0.0,0.0,0.0,0.0,0.0,0.0,0.0,0.0
2300,490084,49,1,1,89.1,89.2,0.0,0.0,0.0,0.0,0.0,0.0,0.0,0.0,0.0,0.0,0.0,0.0,0.0,0.0,0.0,0.0,0.0,0.0,0.0,0.0,0.0,0.0,0.0,0.0,0.0,0.0
2301,490085,49,1,1,79.4,80.3,0.0,0.0,0.0,0.0,0.0,0.0,0.0,0.0,0.0,0.0,0.0,0.0,0.0,0.0,0.0,0.0,0.0,0.0,0.0,0.0,0.0,0.0,0.0,0.0,0.0,0.0
2302,490086,49,1,2,148.1,1678.4,63.5,1591.9,0.0,0.6,0.0,73.5,0.0,0.0,0.0,116.6,0.0,1344.6,0.0,0.0,29.1,26.9,34.4,30.3,0.0,0.0,0.0,0.0,0.0,0.0,0.0,0.6
2303,490087,49,1,2,140.4,124.1,60.0,42.2,0.1,0.1,9.2,6.0,4.7,0.0,34.1,30.9,3.2,0.0,3.3,0.0,1.7,1.7,3.7,3.5,0.0,0.0,0.0,0.0,0.1,0.0,0.0,0.1
2304,490088,49,1,2,2285.3,1033.9,2158.7,907.0,5.5,1.9,354.3,4.5,208.3,5.4,1236.7,792.1,118.7,0.0,121.5,0.0,32.5,30.0,86.7,75.0,0.0,0.0,0.0,0.0,5.5,0.0,0.0,1.9
2305,490089,49,1,3,9399.1,4585.8,9064.9,4263.0,24.1,8.6,1588.2,59.8,830.8,0.0,5179.3,3724.2,454.4,0.0,463.3,0.0,153.2,140.1,391.6,338.8,3.0,0.0,1.0,0.0,24.1,0.0,0.0,8.6
2306,490090,49,1,3,3979.2,2158.0,3784.7,1968.7,9.9,3.4,717.7,13.5,354.5,0.0,2141.1,1732.1,157.0,0.0,159.9,0.0,70.5,64.8,182.1,158.4,1.0,0.0,1.0,0.0,9.9,0.0,0.0,3.4
2307,490091,49,1,2,912.9,518.1,810.7,416.2,2.1,0.7,154.1,0.8,76.5,0.0,462.0,370.5,33.5,0.0,34.4,0.0,13.2,12.3,37.0,32.5,0.0,0.0,0.0,0.0,2.1,0.0,0.0,0.7
2308,490092,49,1,2,89.2,87.5,0.0,0.0,0.0,0.0,0.0,0.0,0.0,0.0,0.0,0.0,0.0,0.0,0.0,0.0,0.0,0.0,0.0,0.0,0.0,0.0,0.0,0.0,0.0,0.0,0.0,0.0
2309,490093,49,1,2,95.4,95.5,0.0,0.0,0.0,0.0,0.0,0.0,0.0,0.0,0.0,0.0,0.0,0.0,0.0,0.0,0.0,0.0,0.0,0.0,0.0,0.0,0.0,0.0,0.0,0.0,0.0,0.0
2310,490094,49,1,2,1312.4,673.1,1200.8,561.1,2.9,1.1,185.6,16.5,106.7,19.4,651.0,413.1,64.1,0.0,65.7,0.0,37.8,34.4,89.9,77.7,0.0,0.0,0.0,0.0,2.9,0.0,0.0,1.1
2311,490095,49,1,3,2564.5,1407.9,2429.5,1271.6,6.1,2.8,379.2,51.6,215.4,113.3,1328.8,899.1,132.1,0.0,135.0,0.0,63.2,57.4,174.8,150.3,1.0,0.0,0.0,0.0,6.1,0.0,0.0,2.8
2312,490096,49,1,2,6609.4,3290.4,6336.3,3025.5,16.3,5.1,1154.3,6.5,593.3,0.0,3596.4,2669.6,294.3,0.0,299.9,0.0,110.9,102.3,284.2,247.1,2.0,0.0,1.0,0.0,16.3,0.0,0.0,5.1
2313,490097,49,1,2,2412.5,1049.7,2273.3,911.7,5.6,1.6,367.4,12.9,209.8,0.0,1307.4,798.0,135.4,0.0,138.3,0.0,31.3,28.7,83.5,72.0,0.0,0.0,0.0,0.0,5.6,0.0,0.0,1.6
2314,490098,49,1,3,5420.8,3526.1,5113.8,3222.8,11.9,7.8,716.6,498.7,411.5,262.5,2542.0,1657.7,260.9,0.0,266.4,0.0,279.4,253.6,635.0,550.4,1.0,0.0,1.0,0.0,11.9,0.0,0.0,7.8
2315,490099,49,1,3,3886.0,2297.7,3697.1,2110.1,9.5,4.6,578.0,247.8,325.0,3.6,2030.5,1551.2,204.0,0.0,208.3,0.0,125.4,114.3,223.8,193.2,1.0,0.0,1.0,0.0,9.5,0.0,0.0,4.6
2316,490100,49,1,3,6161.7,2671.7,5934.6,2451.1,15.0,4.5,967.6,4.8,541.5,0.0,3407.0,2168.8,346.4,0.0,353.2,0.0,88.5,80.7,227.4,196.8,2.0,0.0,1.0,0.0,15.0,0.0,0.0,4.5
2317,490101,49,1,3,3991.8,3318.0,3822.8,3153.3,10.5,3.6,631.5,47.7,343.9,0.0,2172.1,1512.7,209.5,1372.0,213.9,0.0,77.4,70.6,173.6,150.3,1.0,0.0,0.0,0.0,10.5,0.0,0.0,3.6
2318,490102,49,1,2,7406.6,3323.4,7148.4,3074.9,19.0,5.6,1191.5,5.8,644.9,0.0,4101.6,2714.9,399.7,0.0,407.9,0.0,112.1,103.3,286.7,250.9,3.0,0.0,1.0,0.0,19.0,0.0,0.0,5.6
2319,490103,49,1,2,3448.5,1518.0,3292.0,1366.2,8.4,2.3,539.4,9.4,302.5,0.0,1890.8,1202.6,189.5,0.0,193.4,0.0,48.2,44.5,126.1,109.7,1.0,0.0,1.0,0.0,8.4,0.0,0.0,2.3
2320,490104,49,1,2,80.9,76.5,0.0,0.0,0.0,0.0,0.0,0.0,0.0,0.0,0.0,0.0,0.0,0.0,0.0,0.0,0.0,0.0,0.0,0.0,0.0,0.0,0.0,0.0,0.0,0.0,0.0,0.0
2321,490105,49,1,1,269.0,242.6,164.6,137.5,0.4,0.4,28.0,60.2,14.1,1.3,90.1,59.4,7.1,0.0,7.6,0.0,6.6,6.4,11.1,10.2,0.0,0.0,0.0,0.0,0.4,0.0,0.0,0.4
2322,490106,49,1,1,111.7,108.8,12.5,7.8,0.0,0.0,2.5,0.0,0.9,0.0,7.6,7.3,0.5,0.0,0.5,0.0,0.1,0.1,0.4,0.4,0.0,0.0,0.0,0.0,0.0,0.0,0.0,0.0
2323,490107,49,1,1,99.1,102.1,0.0,0.0,0.0,0.0,0.0,0.0,0.0,0.0,0.0,0.0,0.0,0.0,0.0,0.0,0.0,0.0,0.0,0.0,0.0,0.0,0.0,0.0,0.0,0.0,0.0,0.0
2324,490108,49,1,1,99.1,101.1,0.0,0.0,0.0,0.0,0.0,0.0,0.0,0.0,0.0,0.0,0.0,0.0,0.0,0.0,0.0,0.0,0.0,0.0,0.0,0.0,0.0,0.0,0.0,0.0,0.0,0.0
2325,490109,49,1,1,99.1,100.0,0.0,0.0,0.0,0.0,0.0,0.0,0.0,0.0,0.0,0.0,0.0,0.0,0.0,0.0,0.0,0.0,0.0,0.0,0.0,0.0,0.0,0.0,0.0,0.0,0.0,0.0
2326,490110,49,1,2,189.2,139.0,89.1,40.9,0.2,0.1,15.2,0.5,7.7,0.0,53.3,37.0,4.5,0.0,4.7,0.0,0.7,0.7,2.9,2.7,0.0,0.0,0.0,0.0,0.2,0.0,0.0,0.1
2327,490111,49,1,1,146.5,120.6,46.9,20.6,0.1,0.1,8.5,0.0,4.1,0.0,28.0,18.6,2.1,0.0,2.2,0.0,0.3,0.3,1.6,1.6,0.0,0.0,0.0,0.0,0.1,0.0,0.0,0.1
2328,490112,49,1,1,109.8,104.4,10.7,3.7,0.0,0.0,1.3,0.0,0.7,0.0,6.6,3.5,0.9,0.0,1.1,0.0,0.0,0.0,0.1,0.1,0.0,0.0,0.0,0.0,0.0,0.0,0.0,0.0
2329,490113,49,1,1,99.1,102.0,0.0,0.0,0.0,0.0,0.0,0.0,0.0,0.0,0.0,0.0,0.0,0.0,0.0,0.0,0.0,0.0,0.0,0.0,0.0,0.0,0.0,0.0,0.0,0.0,0.0,0.0
2330,490114,49,1,1,99.1,101.0,0.0,0.0,0.0,0.0,0.0,0.0,0.0,0.0,0.0,0.0,0.0,0.0,0.0,0.0,0.0,0.0,0.0,0.0,0.0,0.0,0.0,0.0,0.0,0.0,0.0,0.0
2331,490115,49,1,1,99.1,98.3,0.0,0.0,0.0,0.0,0.0,0.0,0.0,0.0,0.0,0.0,0.0,0.0,0.0,0.0,0.0,0.0,0.0,0.0,0.0,0.0,0.0,0.0,0.0,0.0,0.0,0.0
2332,490116,49,1,1,99.0,100.2,0.0,0.0,0.0,0.0,0.0,0.0,0.0,0.0,0.0,0.0,0.0,0.0,0.0,0.0,0.0,0.0,0.0,0.0,0.0,0.0,0.0,0.0,0.0,0.0,0.0,0.0
2333,490117,49,1,1,99.0,101.4,0.0,0.0,0.0,0.0,0.0,0.0,0.0,0.0,0.0,0.0,0.0,0.0,0.0,0.0,0.0,0.0,0.0,0.0,0.0,0.0,0.0,0.0,0.0,0.0,0.0,0.0
2334,490118,49,1,1,99.0,97.6,0.0,0.0,0.0,0.0,0.0,0.0,0.0,0.0,0.0,0.0,0.0,0.0,0.0,0.0,0.0,0.0,0.0,0.0,0.0,0.0,0.0,0.0,0.0,0.0,0.0,0.0
2335,490119,49,1,1,99.0,98.1,0.0,0.0,0.0,0.0,0.0,0.0,0.0,0.0,0.0,0.0,0.0,0.0,0.0,0.0,0.0,0.0,0.0,0.0,0.0,0.0,0.0,0.0,0.0,0.0,0.0,0.0
2336,490120,49,1,1,99.4,99.4,0.0,0.0,0.0,0.0,0.0,0.0,0.0,0.0,0.0,0.0,0.0,0.0,0.0,0.0,0.0,0.0,0.0,0.0,0.0,0.0,0.0,0.0,0.0,0.0,0.0,0.0
2337,490121,49,1,1,98.9,102.3,0.0,0.0,0.0,0.0,0.0,0.0,0.0,0.0,0.0,0.0,0.0,0.0,0.0,0.0,0.0,0.0,0.0,0.0,0.0,0.0,0.0,0.0,0.0,0.0,0.0,0.0
2338,490122,49,1,1,99.0,100.6,0.0,0.0,0.0,0.0,0.0,0.0,0.0,0.0,0.0,0.0,0.0,0.0,0.0,0.0,0.0,0.0,0.0,0.0,0.0,0.0,0.0,0.0,0.0,0.0,0.0,0.0
2339,490123,49,1,1,99.0,104.4,0.0,0.0,0.0,0.0,0.0,0.0,0.0,0.0,0.0,0.0,0.0,0.0,0.0,0.0,0.0,0.0,0.0,0.0,0.0,0.0,0.0,0.0,0.0,0.0,0.0,0.0
2340,490124,49,1,1,108.1,102.8,18.0,0.0,0.0,0.0,0.0,0.0,0.0,0.0,9.0,0.0,0.0,0.0,0.0,0.0,0.0,0.0,0.0,0.0,0.0,0.0,9.0,0.0,0.0,0.0,0.0,0.0
2341,490125,49,1,1,99.4,99.4,0.0,0.0,0.0,0.0,0.0,0.0,0.0,0.0,0.0,0.0,0.0,0.0,0.0,0.0,0.0,0.0,0.0,0.0,0.0,0.0,0.0,0.0,0.0,0.0,0.0,0.0
2342,490126,49,1,1,99.0,104.8,0.0,0.0,0.0,0.0,0.0,0.0,0.0,0.0,0.0,0.0,0.0,0.0,0.0,0.0,0.0,0.0,0.0,0.0,0.0,0.0,0.0,0.0,0.0,0.0,0.0,0.0
2343,490127,49,1,1,99.4,99.4,0.0,0.0,0.0,0.0,0.0,0.0,0.0,0.0,0.0,0.0,0.0,0.0,0.0,0.0,0.0,0.0,0.0,0.0,0.0,0.0,0.0,0.0,0.0,0.0,0.0,0.0
2344,490128,49,1,2,1668.8,863.3,1534.7,729.3,4.1,1.3,280.7,10.3,143.0,0.0,874.0,637.4,71.8,0.0,73.3,0.0,24.8,23.1,67.2,58.5,0.0,0.0,0.0,0.0,4.1,0.0,0.0,1.3
2345,490129,49,1,2,2514.5,1281.8,2356.6,1125.1,6.2,1.9,429.8,16.2,218.2,0.0,1340.2,981.2,110.7,0.0,112.9,0.0,39.6,36.8,104.0,90.9,1.0,0.0,0.0,0.0,6.2,0.0,0.0,1.9
2346,490130,49,1,2,1718.2,6680.7,1578.5,6540.1,4.0,2.5,230.1,180.5,129.5,0.0,815.1,776.7,84.2,0.0,86.1,5373.3,94.1,87.1,139.4,122.5,0.0,0.0,0.0,0.0,4.0,0.0,0.0,2.5
2347,490131,49,1,2,69.6,71.7,0.0,0.1,0.0,0.0,0.0,0.1,0.0,0.0,0.0,0.0,0.0,0.0,0.0,0.0,0.0,0.0,0.0,0.0,0.0,0.0,0.0,0.0,0.0,0.0,0.0,0.0
2348,490132,49,1,2,78.8,72.6,9.1,4.9,0.0,0.0,1.2,0.0,0.6,0.0,5.6,4.6,0.7,0.0,0.8,0.0,0.0,0.0,0.2,0.2,0.0,0.0,0.0,0.0,0.0,0.0,0.0,0.0
2349,490133,49,1,2,175.7,115.5,93.9,36.5,0.2,0.1,14.0,0.0,8.1,0.0,56.5,33.3,6.0,0.0,6.1,0.0,0.6,0.7,2.5,2.5,0.0,0.0,0.0,0.0,0.2,0.0,0.0,0.1
2350,490134,49,1,1,99.1,100.7,0.0,0.0,0.0,0.0,0.0,0.0,0.0,0.0,0.0,0.0,0.0,0.0,0.0,0.0,0.0,0.0,0.0,0.0,0.0,0.0,0.0,0.0,0.0,0.0,0.0,0.0
2351,490135,49,1,2,350.0,220.8,246.8,117.3,0.6,0.2,45.1,1.6,22.9,0.0,142.8,104.3,11.6,0.0,12.0,0.0,2.9,2.7,9.6,8.7,0.0,0.0,0.0,0.0,0.6,0.0,0.0,0.2
2352,490136,49,1,2,101.6,104.0,0.0,0.0,0.0,0.0,0.0,0.0,0.0,0.0,0.0,0.0,0.0,0.0,0.0,0.0,0.0,0.0,0.0,0.0,0.0,0.0,0.0,0.0,0.0,0.0,0.0,0.0
2353,490137,49,1,2,69.7,70.0,0.0,0.0,0.0,0.0,0.0,0.0,0.0,0.0,0.0,0.0,0.0,0.0,0.0,0.0,0.0,0.0,0.0,0.0,0.0,0.0,0.0,0.0,0.0,0.0,0.0,0.0
2354,490138,49,1,2,73.3,74.1,0.0,0.0,0.0,0.0,0.0,0.0,0.0,0.0,0.0,0.0,0.0,0.0,0.0,0.0,0.0,0.0,0.0,0.0,0.0,0.0,0.0,0.0,0.0,0.0,0.0,0.0
2355,490139,49,1,2,79.4,80.1,0.0,0.0,0.0,0.0,0.0,0.0,0.0,0.0,0.0,0.0,0.0,0.0,0.0,0.0,0.0,0.0,0.0,0.0,0.0,0.0,0.0,0.0,0.0,0.0,0.0,0.0
2356,490140,49,1,1,99.1,100.6,0.0,0.0,0.0,0.0,0.0,0.0,0.0,0.0,0.0,0.0,0.0,0.0,0.0,0.0,0.0,0.0,0.0,0.0,0.0,0.0,0.0,0.0,0.0,0.0,0.0,0.0
2357,490141,49,1,2,99.0,97.1,0.0,0.0,0.0,0.0,0.0,0.0,0.0,0.0,0.0,0.0,0.0,0.0,0.0,0.0,0.0,0.0,0.0,0.0,0.0,0.0,0.0,0.0,0.0,0.0,0.0,0.0
2358,490142,49,1,2,9081.3,6766.7,8755.1,6455.6,24.6,6.6,1308.8,179.5,780.9,0.0,4990.6,2873.9,573.3,0.0,585.0,2933.8,164.5,154.9,347.9,313.6,2.0,0.0,2.0,0.0,24.6,0.0,0.0,6.6
2359,490143,49,1,2,69.5,70.7,0.0,0.0,0.0,0.0,0.0,0.0,0.0,0.0,0.0,0.0,0.0,0.0,0.0,0.0,0.0,0.0,0.0,0.0,0.0,0.0,0.0,0.0,0.0,0.0,0.0,0.0
2360,490144,49,1,1,322.3,177.6,249.2,104.8,0.7,0.2,42.0,0.2,22.7,0.0,145.6,93.9,13.6,0.0,13.9,0.0,2.5,2.5,8.8,8.2,0.0,0.0,0.0,0.0,0.7,0.0,0.0,0.2
2361,490145,49,1,1,99.1,102.7,0.0,0.0,0.0,0.0,0.0,0.0,0.0,0.0,0.0,0.0,0.0,0.0,0.0,0.0,0.0,0.0,0.0,0.0,0.0,0.0,0.0,0.0,0.0,0.0,0.0,0.0
2362,490146,49,1,1,99.4,99.4,0.0,0.0,0.0,0.0,0.0,0.0,0.0,0.0,0.0,0.0,0.0,0.0,0.0,0.0,0.0,0.0,0.0,0.0,0.0,0.0,0.0,0.0,0.0,0.0,0.0,0.0
2363,490147,49,1,2,101.6,101.9,0.0,0.0,0.0,0.0,0.0,0.0,0.0,0.0,0.0,0.0,0.0,0.0,0.0,0.0,0.0,0.0,0.0,0.0,0.0,0.0,0.0,0.0,0.0,0.0,0.0,0.0
2364,490148,49,1,2,374.0,1914.6,265.8,1804.7,0.7,0.4,36.5,42.9,21.4,0.0,140.1,123.6,15.8,1604.5,16.1,0.0,14.2,13.5,21.8,20.1,0.0,0.0,0.0,0.0,0.7,0.0,0.0,0.4
2365,490149,49,1,2,405.1,206.1,305.8,105.5,0.9,0.2,46.3,0.8,27.7,0.0,179.9,93.9,20.1,0.0,20.4,0.0,2.6,2.5,8.8,8.3,0.0,0.0,0.0,0.0,0.9,0.0,0.0,0.2
2366,490150,49,1,1,99.0,102.7,0.0,0.0,0.0,0.0,0.0,0.0,0.0,0.0,0.0,0.0,0.0,0.0,0.0,0.0,0.0,0.0,0.0,0.0,0.0,0.0,0.0,0.0,0.0,0.0,0.0,0.0
2367,490151,49,1,1,101.1,99.7,4.0,0.0,0.0,0.0,0.0,0.0,0.0,0.0,2.0,0.0,0.0,0.0,0.0,0.0,0.0,0.0,0.0,0.0,0.0,0.0,2.0,0.0,0.0,0.0,0.0,0.0
2368,490152,49,1,2,276.2,183.0,172.1,81.0,0.5,0.2,24.9,8.8,14.7,0.0,98.9,61.6,11.2,0.0,11.3,0.0,3.5,3.4,7.5,7.1,0.0,0.0,0.0,0.0,0.5,0.0,0.0,0.2
2369,490153,49,1,2,1845.1,760.9,1709.1,626.8,5.1,1.1,260.1,16.3,155.1,0.0,985.4,532.8,111.1,0.0,113.7,0.0,24.1,22.9,59.5,54.8,0.0,0.0,0.0,0.0,5.1,0.0,0.0,1.1
2370,490154,49,1,2,6863.8,2563.9,6606.7,2319.5,20.3,4.0,1000.9,20.8,596.8,0.0,3815.5,2014.1,437.9,0.0,446.9,0.0,86.1,82.2,219.6,202.5,1.0,0.0,2.0,0.0,20.3,0.0,0.0,4.0
2371,490155,49,1,2,3299.5,2740.9,3133.2,2581.3,9.5,2.2,463.4,78.4,271.2,0.0,1780.8,1032.6,208.3,1289.5,212.7,0.0,63.4,60.5,130.3,120.3,2.0,0.0,1.0,0.0,9.5,0.0,0.0,2.2
2372,490156,49,1,2,80.7,75.4,0.0,0.0,0.0,0.0,0.0,0.0,0.0,0.0,0.0,0.0,0.0,0.0,0.0,0.0,0.0,0.0,0.0,0.0,0.0,0.0,0.0,0.0,0.0,0.0,0.0,0.0
2373,490157,49,1,3,84.6,84.6,0.0,0.0,0.0,0.0,0.0,0.0,0.0,0.0,0.0,0.0,0.0,0.0,0.0,0.0,0.0,0.0,0.0,0.0,0.0,0.0,0.0,0.0,0.0,0.0,0.0,0.0
2374,490158,49,1,1,100.0,102.8,2.0,0.0,0.0,0.0,0.0,0.0,0.0,0.0,1.0,0.0,0.0,0.0,0.0,0.0,0.0,0.0,0.0,0.0,0.0,0.0,1.0,0.0,0.0,0.0,0.0,0.0
2375,490159,49,1,1,100.4,101.1,0.0,0.0,0.0,0.0,0.0,0.0,0.0,0.0,0.0,0.0,0.0,0.0,0.0,0.0,0.0,0.0,0.0,0.0,0.0,0.0,0.0,0.0,0.0,0.0,0.0,0.0
2376,490160,49,1,2,418.5,302.6,311.0,195.7,0.9,0.4,46.3,70.2,27.2,0.0,178.1,107.5,19.9,0.0,20.4,0.0,6.3,6.1,12.8,12.0,0.0,0.0,0.0,0.0,0.9,0.0,0.0,0.4
2377,490161,49,1,2,2458.7,949.4,2308.9,801.5,7.5,1.4,352.4,1.3,210.4,0.0,1336.4,704.0,151.0,0.0,154.3,0.0,28.2,26.8,75.2,69.4,1.0,0.0,0.0,0.0,7.5,0.0,0.0,1.4
2378,490162,49,1,3,4579.5,3088.7,4390.5,2907.4,15.1,4.4,746.2,48.2,395.8,167.0,2430.6,1799.4,207.1,523.2,211.5,0.0,107.9,103.0,287.4,266.5,3.0,0.0,1.0,0.0,15.1,0.0,0.0,4.4
2379,490163,49,1,3,5190.2,1964.0,4985.5,1768.1,15.9,3.0,757.0,3.3,456.3,0.0,2881.8,1547.4,323.1,0.0,329.9,0.0,65.1,62.1,168.3,155.3,3.0,0.0,1.0,0.0,15.9,0.0,0.0,3.0
2380,490164,49,1,1,99.0,103.4,0.0,0.0,0.0,0.0,0.0,0.0,0.0,0.0,0.0,0.0,0.0,0.0,0.0,0.0,0.0,0.0,0.0,0.0,0.0,0.0,0.0,0.0,0.0,0.0,0.0,0.0
2381,490165,49,1,1,99.1,103.4,0.0,0.0,0.0,0.0,0.0,0.0,0.0,0.0,0.0,0.0,0.0,0.0,0.0,0.0,0.0,0.0,0.0,0.0,0.0,0.0,0.0,0.0,0.0,0.0,0.0,0.0
2382,490166,49,1,2,1705.4,720.5,1573.1,590.3,4.9,1.4,239.1,59.9,142.7,0.0,907.0,457.8,102.9,0.0,104.8,0.0,22.1,21.3,54.7,51.3,0.0,0.0,0.0,0.0,4.9,0.0,0.0,1.4
2383,490167,49,1,3,3878.9,1394.3,3706.9,1245.4,11.9,2.6,564.7,5.1,342.4,0.0,2143.8,1074.5,238.0,0.0,242.6,0.0,48.2,47.0,125.1,118.9,1.0,0.0,1.0,0.0,11.9,0.0,0.0,2.6
2384,490168,49,1,3,6465.4,3149.9,6212.9,2908.2,21.0,5.4,994.3,122.8,564.3,161.4,3493.1,2205.4,351.8,0.0,359.3,0.0,121.3,116.1,325.8,302.5,2.0,0.0,1.0,0.0,21.0,0.0,0.0,5.4
2385,490169,49,1,3,3864.8,2555.8,3686.3,2382.1,12.7,3.9,579.8,61.2,321.3,141.3,2042.9,1369.3,208.2,0.0,212.8,510.2,89.4,85.9,228.9,214.3,2.0,0.0,1.0,0.0,12.7,0.0,0.0,3.9
2386,490170,49,1,1,1144.5,804.8,1020.4,681.1,2.5,1.5,180.7,48.0,95.8,0.0,559.0,389.7,44.3,155.9,45.6,0.0,32.6,31.0,62.4,56.4,0.0,0.0,0.0,0.0,2.5,0.0,0.0,1.5
2387,490171,49,1,1,648.4,305.6,544.1,201.6,1.4,0.6,88.5,12.7,52.4,0.0,312.1,160.7,29.9,0.0,31.0,0.0,8.7,8.4,21.5,19.8,0.0,0.0,0.0,0.0,1.4,0.0,0.0,0.6
2388,490172,49,1,1,202.7,135.7,106.6,34.1,0.3,0.1,14.6,1.6,8.6,0.0,63.1,29.1,6.2,0.0,6.6,0.0,0.7,0.7,2.8,2.7,0.0,0.0,4.0,0.0,0.3,0.0,0.0,0.1
2389,490173,49,1,1,101.2,82.4,4.0,0.0,0.0,0.0,0.0,0.0,0.0,0.0,2.0,0.0,0.0,0.0,0.0,0.0,0.0,0.0,0.0,0.0,0.0,0.0,2.0,0.0,0.0,0.0,0.0,0.0
2390,490174,49,1,1,175.5,124.0,75.6,30.8,0.2,0.1,13.1,0.0,6.7,0.0,45.8,28.3,3.5,0.0,3.9,0.0,0.4,0.4,2.2,2.2,0.0,0.0,0.0,0.0,0.2,0.0,0.0,0.1
2391,490175,49,1,1,99.0,101.5,0.0,0.0,0.0,0.0,0.0,0.0,0.0,0.0,0.0,0.0,0.0,0.0,0.0,0.0,0.0,0.0,0.0,0.0,0.0,0.0,0.0,0.0,0.0,0.0,0.0,0.0
2392,490176,49,1,1,99.0,102.8,0.0,0.0,0.0,0.0,0.0,0.0,0.0,0.0,0.0,0.0,0.0,0.0,0.0,0.0,0.0,0.0,0.0,0.0,0.0,0.0,0.0,0.0,0.0,0.0,0.0,0.0
2393,490177,49,1,1,100.0,104.8,2.0,0.0,0.0,0.0,0.0,0.0,0.0,0.0,1.0,0.0,0.0,0.0,0.0,0.0,0.0,0.0,0.0,0.0,0.0,0.0,1.0,0.0,0.0,0.0,0.0,0.0
2394,490178,49,1,1,99.0,94.0,0.0,0.0,0.0,0.0,0.0,0.0,0.0,0.0,0.0,0.0,0.0,0.0,0.0,0.0,0.0,0.0,0.0,0.0,0.0,0.0,0.0,0.0,0.0,0.0,0.0,0.0
2395,490179,49,1,1,98.9,97.9,0.0,0.0,0.0,0.0,0.0,0.0,0.0,0.0,0.0,0.0,0.0,0.0,0.0,0.0,0.0,0.0,0.0,0.0,0.0,0.0,0.0,0.0,0.0,0.0,0.0,0.0
2396,490180,49,1,1,100.9,101.3,4.0,0.0,0.0,0.0,0.0,0.0,0.0,0.0,2.0,0.0,0.0,0.0,0.0,0.0,0.0,0.0,0.0,0.0,0.0,0.0,2.0,0.0,0.0,0.0,0.0,0.0
2397,490181,49,1,1,102.0,104.7,6.0,0.0,0.0,0.0,0.0,0.0,0.0,0.0,3.0,0.0,0.0,0.0,0.0,0.0,0.0,0.0,0.0,0.0,0.0,0.0,3.0,0.0,0.0,0.0,0.0,0.0
2398,490182,49,1,1,99.0,104.1,0.0,0.0,0.0,0.0,0.0,0.0,0.0,0.0,0.0,0.0,0.0,0.0,0.0,0.0,0.0,0.0,0.0,0.0,0.0,0.0,0.0,0.0,0.0,0.0,0.0,0.0
2399,490183,49,1,1,98.9,100.3,0.0,0.0,0.0,0.0,0.0,0.0,0.0,0.0,0.0,0.0,0.0,0.0,0.0,0.0,0.0,0.0,0.0,0.0,0.0,0.0,0.0,0.0,0.0,0.0,0.0,0.0
2400,490184,49,1,1,98.9,101.3,0.0,0.0,0.0,0.0,0.0,0.0,0.0,0.0,0.0,0.0,0.0,0.0,0.0,0.0,0.0,0.0,0.0,0.0,0.0,0.0,0.0,0.0,0.0,0.0,0.0,0.0
2401,490185,49,1,1,103.9,102.6,10.0,0.0,0.0,0.0,0.0,0.0,0.0,0.0,5.0,0.0,0.0,0.0,0.0,0.0,0.0,0.0,0.0,0.0,0.0,0.0,5.0,0.0,0.0,0.0,0.0,0.0
2402,490186,49,1,1,104.0,102.3,10.0,0.0,0.0,0.0,0.0,0.0,0.0,0.0,5.0,0.0,0.0,0.0,0.0,0.0,0.0,0.0,0.0,0.0,0.0,0.0,5.0,0.0,0.0,0.0,0.0,0.0
2403,490187,49,1,1,99.0,103.3,0.0,0.0,0.0,0.0,0.0,0.0,0.0,0.0,0.0,0.0,0.0,0.0,0.0,0.0,0.0,0.0,0.0,0.0,0.0,0.0,0.0,0.0,0.0,0.0,0.0,0.0
2404,490188,49,1,1,98.9,101.4,0.0,0.0,0.0,0.0,0.0,0.0,0.0,0.0,0.0,0.0,0.0,0.0,0.0,0.0,0.0,0.0,0.0,0.0,0.0,0.0,0.0,0.0,0.0,0.0,0.0,0.0
2405,490189,49,1,1,98.9,97.5,0.0,0.0,0.0,0.0,0.0,0.0,0.0,0.0,0.0,0.0,0.0,0.0,0.0,0.0,0.0,0.0,0.0,0.0,0.0,0.0,0.0,0.0,0.0,0.0,0.0,0.0
2406,490190,49,1,1,99.0,99.2,0.0,0.0,0.0,0.0,0.0,0.0,0.0,0.0,0.0,0.0,0.0,0.0,0.0,0.0,0.0,0.0,0.0,0.0,0.0,0.0,0.0,0.0,0.0,0.0,0.0,0.0
2407,490191,49,1,1,98.8,101.3,0.0,0.0,0.0,0.0,0.0,0.0,0.0,0.0,0.0,0.0,0.0,0.0,0.0,0.0,0.0,0.0,0.0,0.0,0.0,0.0,0.0,0.0,0.0,0.0,0.0,0.0
2408,490192,49,1,1,99.7,128.9,0.6,26.0,0.0,0.1,0.0,22.4,0.0,0.0,0.0,2.9,0.0,0.0,0.0,0.0,0.2,0.2,0.4,0.4,0.0,0.0,0.0,0.0,0.0,0.0,0.0,0.1
2409,490193,49,1,1,101.0,100.9,4.0,0.0,0.0,0.0,0.0,0.0,0.0,0.0,2.0,0.0,0.0,0.0,0.0,0.0,0.0,0.0,0.0,0.0,0.0,0.0,2.0,0.0,0.0,0.0,0.0,0.0
2410,490194,49,1,1,99.0,100.5,0.0,0.0,0.0,0.0,0.0,0.0,0.0,0.0,0.0,0.0,0.0,0.0,0.0,0.0,0.0,0.0,0.0,0.0,0.0,0.0,0.0,0.0,0.0,0.0,0.0,0.0
2411,490195,49,1,1,157.6,127.4,60.9,27.9,0.2,0.1,10.6,0.0,5.3,0.0,36.7,25.5,2.8,0.0,3.1,0.0,0.4,0.4,1.9,2.0,0.0,0.0,0.0,0.0,0.2,0.0,0.0,0.1
2412,490196,49,1,1,98.9,98.9,0.0,0.0,0.0,0.0,0.0,0.0,0.0,0.0,0.0,0.0,0.0,0.0,0.0,0.0,0.0,0.0,0.0,0.0,0.0,0.0,0.0,0.0,0.0,0.0,0.0,0.0
2413,490197,49,1,1,98.8,98.5,0.0,0.0,0.0,0.0,0.0,0.0,0.0,0.0,0.0,0.0,0.0,0.0,0.0,0.0,0.0,0.0,0.0,0.0,0.0,0.0,0.0,0.0,0.0,0.0,0.0,0.0
2414,490198,49,1,1,98.9,99.0,0.0,0.0,0.0,0.0,0.0,0.0,0.0,0.0,0.0,0.0,0.0,0.0,0.0,0.0,0.0,0.0,0.0,0.0,0.0,0.0,0.0,0.0,0.0,0.0,0.0,0.0
2415,490199,49,1,1,99.0,97.8,0.0,0.0,0.0,0.0,0.0,0.0,0.0,0.0,0.0,0.0,0.0,0.0,0.0,0.0,0.0,0.0,0.0,0.0,0.0,0.0,0.0,0.0,0.0,0.0,0.0,0.0
2416,490200,49,1,1,108.1,100.3,9.0,4.1,0.0,0.0,1.2,0.0,0.7,0.0,5.6,4.0,0.6,0.0,0.8,0.0,0.0,0.0,0.1,0.1,0.0,0.0,0.0,0.0,0.0,0.0,0.0,0.0
2417,490201,49,1,2,5124.6,2418.4,4893.4,2209.2,16.7,4.7,894.2,12.3,462.5,0.0,2775.1,1901.0,221.9,0.0,226.1,0.0,87.1,85.1,223.4,210.8,2.0,0.0,1.0,0.0,16.7,0.0,0.0,4.7
2418,490202,49,1,2,6387.8,4240.8,6100.4,3968.5,18.5,5.6,863.3,261.6,480.1,28.6,3061.8,2000.9,333.4,1199.1,340.4,0.0,172.0,166.9,329.4,311.4,519.0,0.0,1.0,0.0,18.5,0.0,0.0,5.6
2419,490203,49,1,2,4911.3,1956.4,4682.4,1736.6,16.7,3.7,755.2,14.2,419.3,0.0,2675.5,1500.1,290.4,0.0,296.6,0.0,65.7,63.3,168.7,158.9,10.0,0.0,1.0,0.0,16.7,0.0,0.0,3.7
2420,490204,49,1,1,99.3,86.9,0.0,0.1,0.0,0.0,0.0,0.1,0.0,0.0,0.0,0.0,0.0,0.0,0.0,0.0,0.0,0.0,0.0,0.0,0.0,0.0,0.0,0.0,0.0,0.0,0.0,0.0
2421,490205,49,1,1,113.3,86.7,28.0,0.1,0.0,0.0,0.0,0.1,0.0,0.0,14.0,0.0,0.0,0.0,0.0,0.0,0.0,0.0,0.0,0.0,0.0,0.0,14.0,0.0,0.0,0.0,0.0,0.0
2422,490206,49,1,1,91.0,84.2,8.0,0.3,0.0,0.0,0.0,0.3,0.0,0.0,4.0,0.0,0.0,0.0,0.0,0.0,0.0,0.0,0.0,0.0,0.0,0.0,4.0,0.0,0.0,0.0,0.0,0.0
2423,490207,49,1,1,111.1,112.2,0.0,0.3,0.0,0.0,0.0,0.3,0.0,0.0,0.0,0.0,0.0,0.0,0.0,0.0,0.0,0.0,0.0,0.0,0.0,0.0,0.0,0.0,0.0,0.0,0.0,0.0
2424,490208,49,1,1,92.0,80.1,4.0,0.0,0.0,0.0,0.0,0.0,0.0,0.0,2.0,0.0,0.0,0.0,0.0,0.0,0.0,0.0,0.0,0.0,0.0,0.0,2.0,0.0,0.0,0.0,0.0,0.0
2425,490209,49,1,1,89.8,81.4,0.0,0.0,0.0,0.0,0.0,0.0,0.0,0.0,0.0,0.0,0.0,0.0,0.0,0.0,0.0,0.0,0.0,0.0,0.0,0.0,0.0,0.0,0.0,0.0,0.0,0.0
2426,490210,49,1,1,104.7,105.2,0.0,0.0,0.0,0.0,0.0,0.0,0.0,0.0,0.0,0.0,0.0,0.0,0.0,0.0,0.0,0.0,0.0,0.0,0.0,0.0,0.0,0.0,0.0,0.0,0.0,0.0
2427,490211,49,1,1,104.8,107.8,0.0,0.0,0.0,0.0,0.0,0.0,0.0,0.0,0.0,0.0,0.0,0.0,0.0,0.0,0.0,0.0,0.0,0.0,0.0,0.0,0.0,0.0,0.0,0.0,0.0,0.0
2428,490212,49,1,1,101.9,136.6,24.1,43.8,0.0,0.2,0.0,43.7,0.0,0.0,12.0,0.0,0.0,0.0,0.0,0.0,0.1,0.1,0.0,0.0,0.0,0.0,12.0,0.0,0.0,0.0,0.0,0.2
2429,490213,49,1,1,109.9,113.0,4.5,4.1,0.0,0.0,0.9,0.0,0.4,0.0,2.7,3.9,0.2,0.0,0.1,0.0,0.0,0.0,0.2,0.2,0.0,0.0,0.0,0.0,0.0,0.0,0.0,0.0
2430,490214,49,1,1,89.9,129.2,0.0,39.5,0.0,0.2,0.0,39.5,0.0,0.0,0.0,0.0,0.0,0.0,0.0,0.0,0.0,0.0,0.0,0.0,0.0,0.0,0.0,0.0,0.0,0.0,0.0,0.2
2431,490215,49,1,1,89.4,78.2,0.0,0.0,0.0,0.0,0.0,0.0,0.0,0.0,0.0,0.0,0.0,0.0,0.0,0.0,0.0,0.0,0.0,0.0,0.0,0.0,0.0,0.0,0.0,0.0,0.0,0.0
2432,490216,49,1,1,100.6,89.2,22.0,0.0,0.0,0.0,0.0,0.0,0.0,0.0,11.0,0.0,0.0,0.0,0.0,0.0,0.0,0.0,0.0,0.0,0.0,0.0,11.0,0.0,0.0,0.0,0.0,0.0
2433,490217,49,1,1,89.6,91.8,0.0,0.0,0.0,0.0,0.0,0.0,0.0,0.0,0.0,0.0,0.0,0.0,0.0,0.0,0.0,0.0,0.0,0.0,0.0,0.0,0.0,0.0,0.0,0.0,0.0,0.0
2434,490218,49,1,1,89.6,93.4,0.0,0.0,0.0,0.0,0.0,0.0,0.0,0.0,0.0,0.0,0.0,0.0,0.0,0.0,0.0,0.0,0.0,0.0,0.0,0.0,0.0,0.0,0.0,0.0,0.0,0.0
2435,490219,49,1,1,128.9,125.8,18.0,0.0,0.0,0.0,0.0,0.0,0.0,0.0,9.0,0.0,0.0,0.0,0.0,0.0,0.0,0.0,0.0,0.0,0.0,0.0,9.0,0.0,0.0,0.0,0.0,0.0
2436,490220,49,1,2,89.5,90.4,0.0,0.0,0.0,0.0,0.0,0.0,0.0,0.0,0.0,0.0,0.0,0.0,0.0,0.0,0.0,0.0,0.0,0.0,0.0,0.0,0.0,0.0,0.0,0.0,0.0,0.0
2437,490221,49,1,1,89.6,94.0,0.0,0.0,0.0,0.0,0.0,0.0,0.0,0.0,0.0,0.0,0.0,0.0,0.0,0.0,0.0,0.0,0.0,0.0,0.0,0.0,0.0,0.0,0.0,0.0,0.0,0.0
2438,490222,49,1,2,1492.7,1651.1,1344.3,1495.7,4.1,1.9,228.9,40.9,122.5,0.0,742.9,493.5,70.5,863.7,72.4,0.0,35.4,34.0,69.7,63.6,0.0,0.0,2.0,0.0,4.1,0.0,0.0,1.9
2439,490223,49,1,2,140.5,132.9,10.0,0.0,0.0,0.0,0.0,0.0,0.0,0.0,5.0,0.0,0.0,0.0,0.0,0.0,0.0,0.0,0.0,0.0,0.0,0.0,5.0,0.0,0.0,0.0,0.0,0.0
2440,490224,49,1,2,4705.1,1794.2,4511.2,1599.4,13.7,4.2,723.9,3.2,416.9,0.0,2581.4,1387.3,275.0,0.0,281.0,0.0,62.9,60.6,162.0,148.3,2.0,0.0,6.0,0.0,13.7,0.0,0.0,4.2
2441,490225,49,1,2,5849.8,2396.3,5585.5,2135.9,17.9,5.3,975.3,6.4,515.6,0.0,3163.6,1851.9,308.8,0.0,315.4,0.0,83.9,81.2,214.8,196.3,2.0,0.0,6.0,0.0,17.9,0.0,0.0,5.3
2442,490226,49,1,2,4789.3,2052.8,4567.8,1819.9,14.8,4.8,787.8,49.5,422.0,0.0,2581.2,1536.2,251.4,0.0,256.8,0.0,71.5,69.1,180.1,165.1,1.0,0.0,16.0,0.0,14.8,0.0,0.0,4.8
2443,490227,49,1,2,103.5,96.5,10.0,0.0,0.0,0.0,0.0,0.0,0.0,0.0,5.0,0.0,0.0,0.0,0.0,0.0,0.0,0.0,0.0,0.0,0.0,0.0,5.0,0.0,0.0,0.0,0.0,0.0
2444,490228,49,1,2,6755.7,2964.6,6483.9,2701.6,21.1,5.7,1154.8,5.8,596.2,0.0,3682.1,2343.4,330.7,0.0,337.5,0.0,105.9,102.5,271.8,249.9,2.0,0.0,3.0,0.0,21.1,0.0,0.0,5.7
2445,490229,49,1,2,4885.0,3631.3,4655.3,3402.5,15.2,4.9,822.4,79.0,427.8,0.0,2603.9,1756.7,233.4,1267.9,238.5,0.0,99.4,96.0,221.9,202.9,2.0,0.0,6.0,0.0,15.2,0.0,0.0,4.9
2446,490230,49,1,3,6400.9,2901.8,6130.5,2639.5,21.0,6.0,1108.1,37.0,581.9,0.0,3469.8,2262.8,298.3,0.0,304.5,0.0,102.7,99.4,261.2,240.4,2.0,0.0,2.0,0.0,21.0,0.0,0.0,6.0
2447,490231,49,1,2,126.5,102.1,40.0,0.0,0.0,0.0,0.0,0.0,0.0,0.0,20.0,0.0,0.0,0.0,0.0,0.0,0.0,0.0,0.0,0.0,0.0,0.0,20.0,0.0,0.0,0.0,0.0,0.0
2448,490232,49,1,2,6038.7,2379.9,5768.3,2118.3,18.3,4.0,973.1,21.7,523.5,0.0,3278.9,1821.5,345.7,0.0,352.2,0.0,82.1,79.7,210.8,195.5,1.0,0.0,1.0,0.0,18.3,0.0,0.0,4.0
2449,490233,49,1,2,6573.1,2714.0,6312.2,2457.4,20.7,5.6,1016.7,23.3,565.9,113.9,3550.8,1944.3,379.9,0.0,387.8,0.0,105.8,102.3,297.3,273.7,2.0,0.0,6.0,0.0,20.7,0.0,0.0,5.6
2450,490234,49,1,2,4296.3,2155.1,4083.9,1943.7,14.2,4.2,722.5,81.7,383.4,0.0,2287.8,1603.6,198.3,0.0,202.6,0.0,83.5,81.3,188.6,177.1,9.0,0.0,8.0,0.0,14.2,0.0,0.0,4.2
2451,490235,49,1,2,94.4,90.4,6.0,0.0,0.0,0.0,0.0,0.0,0.0,0.0,3.0,0.0,0.0,0.0,0.0,0.0,0.0,0.0,0.0,0.0,0.0,0.0,3.0,0.0,0.0,0.0,0.0,0.0
2452,490236,49,1,2,1552.1,707.0,1441.3,592.6,4.9,1.1,251.3,8.1,130.5,0.0,821.6,507.9,73.7,0.0,75.4,0.0,21.3,20.8,58.5,55.8,2.0,0.0,7.0,0.0,4.9,0.0,0.0,1.1
2453,490237,49,1,2,1568.7,1933.5,1466.8,1810.3,5.1,1.7,242.3,53.0,127.2,0.0,805.3,570.2,70.1,1067.7,71.6,0.0,43.1,41.8,82.2,77.6,2.0,0.0,23.0,0.0,5.1,0.0,0.0,1.7
2454,490238,49,1,2,103.2,101.8,0.0,0.0,0.0,0.0,0.0,0.0,0.0,0.0,0.0,0.0,0.0,0.0,0.0,0.0,0.0,0.0,0.0,0.0,0.0,0.0,0.0,0.0,0.0,0.0,0.0,0.0
2455,490239,49,1,2,122.3,121.9,0.0,0.0,0.0,0.0,0.0,0.0,0.0,0.0,0.0,0.0,0.0,0.0,0.0,0.0,0.0,0.0,0.0,0.0,0.0,0.0,0.0,0.0,0.0,0.0,0.0,0.0
2456,490240,49,1,2,122.2,122.2,0.0,0.0,0.0,0.0,0.0,0.0,0.0,0.0,0.0,0.0,0.0,0.0,0.0,0.0,0.0,0.0,0.0,0.0,0.0,0.0,0.0,0.0,0.0,0.0,0.0,0.0
2457,490241,49,1,2,5905.3,2226.3,5646.3,1978.0,18.9,3.7,920.1,28.9,502.2,0.0,3216.5,1684.9,357.2,0.0,364.5,0.0,77.0,75.2,197.9,189.0,10.0,0.0,1.0,0.0,18.9,0.0,0.0,3.7
2458,490242,49,1,3,3870.8,4526.6,3657.8,4318.0,13.2,3.4,587.7,71.2,322.2,0.0,2048.5,1180.3,224.7,0.0,229.4,2838.7,77.6,75.5,159.8,152.4,7.0,0.0,1.0,0.0,13.2,0.0,0.0,3.4
2459,490243,49,1,3,4705.6,2341.2,4475.3,2117.6,17.5,5.0,842.5,5.0,420.3,0.0,2396.9,1828.1,160.5,0.0,164.1,0.0,83.0,80.9,212.9,203.6,194.0,0.0,1.0,0.0,17.5,0.0,0.0,5.0
2460,490244,49,1,2,122.5,120.4,0.0,0.0,0.0,0.0,0.0,0.0,0.0,0.0,0.0,0.0,0.0,0.0,0.0,0.0,0.0,0.0,0.0,0.0,0.0,0.0,0.0,0.0,0.0,0.0,0.0,0.0
2461,490245,49,1,2,122.3,122.8,0.0,0.0,0.0,0.0,0.0,0.0,0.0,0.0,0.0,0.0,0.0,0.0,0.0,0.0,0.0,0.0,0.0,0.0,0.0,0.0,0.0,0.0,0.0,0.0,0.0,0.0
2462,490246,49,1,2,751.0,484.5,602.0,335.0,2.0,0.7,91.2,145.9,49.3,0.0,322.6,166.1,35.8,0.0,36.5,0.0,6.0,5.9,17.7,17.2,43.0,0.0,0.0,0.0,2.0,0.0,0.0,0.7
2463,490247,49,1,2,873.4,340.4,740.8,205.6,2.2,0.5,97.7,0.7,53.2,0.0,337.6,179.9,35.7,0.0,36.5,0.0,6.6,6.4,19.4,18.7,154.0,0.0,0.0,0.0,2.2,0.0,0.0,0.5
2464,490248,49,1,3,91.9,95.2,0.0,0.0,0.0,0.0,0.0,0.0,0.0,0.0,0.0,0.0,0.0,0.0,0.0,0.0,0.0,0.0,0.0,0.0,0.0,0.0,0.0,0.0,0.0,0.0,0.0,0.0
2465,490249,49,1,3,12362.8,6767.0,11923.4,6351.4,48.9,13.5,2088.5,59.6,1113.0,0.0,6716.6,4401.8,596.4,1166.1,608.7,0.0,219.4,213.8,530.8,510.1,48.0,0.0,2.0,0.0,48.9,0.0,0.0,13.5
2466,490250,49,1,3,6185.3,2495.5,5955.0,2278.6,19.0,3.3,960.8,7.7,539.3,0.0,3397.7,1987.3,355.8,0.0,363.3,0.0,84.3,81.0,216.8,202.4,36.0,0.0,1.0,0.0,19.0,0.0,0.0,3.3
2467,490251,49,1,3,18494.3,8948.6,17934.7,8432.2,59.0,10.6,2833.8,83.4,1600.8,0.0,10234.7,5904.4,1123.2,1557.7,1146.2,0.0,274.4,263.6,665.7,623.1,53.0,0.0,3.0,0.0,59.0,0.0,0.0,10.6
2468,490252,49,1,3,1454.0,1915.1,1332.8,1795.5,4.3,1.1,206.6,79.0,116.7,0.0,739.5,491.0,79.1,1128.6,81.0,0.0,35.5,34.1,67.2,62.9,7.0,0.0,0.0,0.0,4.3,0.0,0.0,1.1
2469,490253,49,1,2,112.0,112.3,0.0,0.0,0.0,0.0,0.0,0.0,0.0,0.0,0.0,0.0,0.0,0.0,0.0,0.0,0.0,0.0,0.0,0.0,0.0,0.0,0.0,0.0,0.0,0.0,0.0,0.0
2470,490254,49,1,2,105.0,101.1,6.0,0.0,0.0,0.0,0.0,0.0,0.0,0.0,3.0,0.0,0.0,0.0,0.0,0.0,0.0,0.0,0.0,0.0,0.0,0.0,3.0,0.0,0.0,0.0,0.0,0.0
2471,490255,49,1,4,7681.0,6637.2,7262.8,6243.9,23.5,8.2,1219.9,428.5,617.1,228.7,3750.1,3173.1,297.8,1414.7,304.2,0.0,338.6,326.2,720.0,672.7,13.0,0.0,2.0,0.0,23.5,0.0,0.0,8.2
2472,490256,49,1,3,7129.8,3657.1,6847.1,3386.5,23.1,6.1,1047.5,67.4,589.6,376.8,3778.0,2396.6,414.3,0.0,423.0,0.0,148.2,142.7,430.3,403.0,15.0,0.0,1.0,0.0,23.1,0.0,0.0,6.1
2473,490257,49,1,3,10855.0,4232.6,10498.4,3899.5,37.9,7.3,1680.0,8.7,929.3,0.0,6018.5,3394.6,655.4,0.0,669.0,0.0,147.3,142.1,375.8,354.1,21.0,0.0,2.0,0.0,37.9,0.0,0.0,7.3
2474,490258,49,1,3,91.6,88.6,8.0,0.0,0.0,0.0,0.0,0.0,0.0,0.0,4.0,0.0,0.0,0.0,0.0,0.0,0.0,0.0,0.0,0.0,0.0,0.0,4.0,0.0,0.0,0.0,0.0,0.0
2475,490259,49,1,2,115.1,105.4,17.0,0.0,0.1,0.0,0.0,0.0,1.8,0.0,10.6,0.0,0.3,0.0,0.3,0.0,0.0,0.0,0.0,0.0,0.0,0.0,4.0,0.0,0.1,0.0,0.0,0.0
2476,490260,49,1,2,118.7,112.2,21.5,4.5,0.1,0.0,1.4,0.0,1.1,0.0,11.8,4.1,0.9,0.0,0.9,0.0,0.0,0.0,0.3,0.3,0.0,0.0,5.0,0.0,0.1,0.0,0.0,0.0
2477,490261,49,1,3,7356.2,3144.1,7053.6,2850.2,28.7,8.1,1133.3,85.7,643.4,72.4,3984.6,2282.5,422.8,0.0,431.5,0.0,118.9,115.9,305.0,293.7,13.0,0.0,1.0,0.0,28.7,0.0,0.0,8.1
2478,490262,49,1,3,1979.5,2157.0,1774.1,1945.1,5.8,5.9,229.2,239.9,129.2,262.4,808.1,1030.8,85.6,0.0,87.6,0.0,134.3,131.1,291.1,281.0,8.0,0.0,1.0,0.0,5.8,0.0,0.0,5.9
2479,490263,49,1,3,6812.7,2945.3,6561.6,2706.2,22.7,5.0,1093.4,8.3,600.6,0.0,3699.4,2359.5,360.5,0.0,367.8,0.0,100.9,96.9,259.0,241.5,79.0,0.0,1.0,0.0,22.7,0.0,0.0,5.0
2480,490264,49,1,3,12075.0,8834.8,11502.8,8281.9,33.8,16.2,1573.2,418.5,883.8,1852.9,5503.3,3786.6,565.6,0.0,577.2,0.0,639.0,608.8,1734.7,1615.1,20.0,0.0,6.0,0.0,33.8,0.0,0.0,16.2
2481,490265,49,1,3,9963.8,4037.7,9636.3,3723.6,34.5,6.7,1572.6,7.1,883.9,0.0,5506.9,3243.8,565.8,0.0,577.3,0.0,140.5,135.4,359.4,337.3,20.0,0.0,10.0,0.0,34.5,0.0,0.0,6.7
2482,490266,49,1,3,2659.3,1263.4,2519.8,1118.4,9.5,2.6,402.5,26.2,221.6,41.7,1420.1,894.1,147.4,0.0,150.6,0.0,45.2,43.7,118.4,112.6,4.0,0.0,10.0,0.0,9.5,0.0,0.0,2.6
2483,490267,49,1,2,2614.9,9018.6,2409.0,8808.6,7.9,6.8,318.0,499.7,176.5,0.0,1127.9,1312.3,122.7,2563.8,125.3,3919.4,227.5,220.8,305.0,292.7,3.0,0.0,3.0,0.0,7.9,0.0,0.0,6.8
2484,490268,49,1,2,380.9,6851.2,268.4,6720.9,0.3,2.5,9.6,208.9,5.5,0.0,45.3,320.8,3.2,0.0,3.3,6007.8,86.6,84.4,102.8,99.1,0.0,0.0,12.0,0.0,0.3,0.0,0.0,2.5
2485,490269,49,1,3,1158.3,517.7,1032.2,387.1,4.4,1.3,168.1,24.3,94.8,0.0,592.3,316.1,62.8,0.0,64.1,0.0,12.7,12.4,35.3,34.4,2.0,0.0,0.0,0.0,4.4,0.0,0.0,1.3
2486,490270,49,1,2,101.9,108.5,0.0,0.0,0.0,0.0,0.0,0.0,0.0,0.0,0.0,0.0,0.0,0.0,0.0,0.0,0.0,0.0,0.0,0.0,0.0,0.0,0.0,0.0,0.0,0.0,0.0,0.0
2487,490271,49,1,3,12389.5,6376.3,11904.9,5923.7,42.5,12.3,1990.2,368.5,1084.7,125.8,6706.4,4657.3,644.0,0.0,656.7,0.0,242.9,234.2,572.0,537.9,6.0,0.0,2.0,0.0,42.5,0.0,0.0,12.3
2488,490272,49,1,3,2791.2,1173.9,2644.2,1031.5,9.6,2.0,432.7,20.1,242.4,0.0,1513.9,884.6,155.7,0.0,159.3,0.0,36.9,35.5,97.2,91.3,6.0,0.0,0.0,0.0,9.6,0.0,0.0,2.0
2489,490273,49,1,3,505.5,243.8,414.5,152.8,1.5,0.3,67.8,0.1,37.4,0.0,239.9,135.0,24.8,0.0,25.4,0.0,4.5,4.4,13.7,13.3,1.0,0.0,0.0,0.0,1.5,0.0,0.0,0.3
2490,490274,49,1,2,3857.1,1518.9,3687.6,1355.7,13.6,2.9,587.6,2.5,325.8,0.0,2054.8,1176.2,212.7,0.0,217.4,0.0,51.5,49.8,133.6,127.1,103.0,0.0,1.0,0.0,13.6,0.0,0.0,2.9
2491,490275,49,1,2,4690.7,1848.9,4499.3,1661.7,18.2,4.6,732.1,3.1,404.8,0.0,2573.3,1435.5,269.2,0.0,274.9,0.0,64.5,62.7,166.6,160.5,9.0,0.0,5.0,0.0,18.2,0.0,0.0,4.6
2492,490276,49,1,3,1489.5,611.6,1361.2,480.0,5.5,1.3,218.3,0.6,121.1,0.0,776.1,418.0,84.6,0.0,86.3,0.0,16.9,16.5,46.8,44.9,9.0,0.0,2.0,0.0,5.5,0.0,0.0,1.3
2493,490277,49,1,3,559.6,967.7,424.2,826.2,1.2,2.4,47.6,86.6,26.4,127.0,168.9,409.9,18.1,0.0,18.4,63.9,42.0,40.6,101.7,98.2,1.0,0.0,0.0,0.0,1.2,0.0,0.0,2.4
2494,490278,49,1,3,128.2,117.6,27.7,9.1,0.1,0.0,3.2,0.0,2.4,0.0,15.9,8.3,1.6,0.0,1.7,0.0,0.2,0.2,0.6,0.6,0.0,0.0,2.0,0.0,0.1,0.0,0.0,0.0
2495,490279,49,1,2,319.8,129.7,234.3,42.9,0.4,0.1,16.1,3.3,9.3,0.0,60.4,35.7,6.2,0.0,6.3,0.0,0.8,0.8,3.2,3.1,132.0,0.0,0.0,0.0,0.4,0.0,0.0,0.1
2496,490280,49,1,2,1505.0,823.1,1382.4,700.6,5.4,2.1,217.4,85.0,120.2,6.5,758.4,502.5,78.0,0.0,79.9,0.0,37.6,36.3,73.1,70.3,18.0,0.0,0.0,0.0,5.4,0.0,0.0,2.1
2497,490281,49,1,3,102.0,103.9,0.0,0.0,0.0,0.0,0.0,0.0,0.0,0.0,0.0,0.0,0.0,0.0,0.0,0.0,0.0,0.0,0.0,0.0,0.0,0.0,0.0,0.0,0.0,0.0,0.0,0.0
2498,490282,49,1,3,106.9,103.9,10.0,0.0,0.0,0.0,0.0,0.0,0.0,0.0,5.0,0.0,0.0,0.0,0.0,0.0,0.0,0.0,0.0,0.0,0.0,0.0,5.0,0.0,0.0,0.0,0.0,0.0
2499,490283,49,1,3,1293.3,762.3,1162.8,626.4,4.4,1.6,179.4,31.3,100.1,45.7,638.9,453.1,68.6,0.0,70.0,0.0,28.0,27.3,71.8,69.1,2.0,0.0,4.0,0.0,4.4,0.0,0.0,1.6
2500,490284,49,1,2,436.4,1396.9,196.4,1150.1,0.0,2.9,0.0,295.6,0.0,167.8,8.0,514.3,0.0,0.0,0.0,0.0,71.2,69.0,109.2,103.4,0.0,0.0,8.0,0.0,0.0,0.0,0.0,2.9
2501,490285,49,1,2,115.6,116.2,0.0,0.0,0.0,0.0,0.0,0.0,0.0,0.0,0.0,0.0,0.0,0.0,0.0,0.0,0.0,0.0,0.0,0.0,0.0,0.0,0.0,0.0,0.0,0.0,0.0,0.0
2502,490286,49,1,2,123.3,112.3,22.0,0.0,0.0,0.0,0.0,0.0,0.0,0.0,11.0,0.0,0.0,0.0,0.0,0.0,0.0,0.0,0.0,0.0,0.0,0.0,11.0,0.0,0.0,0.0,0.0,0.0
2503,490287,49,1,2,112.3,111.8,0.0,0.0,0.0,0.0,0.0,0.0,0.0,0.0,0.0,0.0,0.0,0.0,0.0,0.0,0.0,0.0,0.0,0.0,0.0,0.0,0.0,0.0,0.0,0.0,0.0,0.0
2504,490288,49,1,2,112.4,115.8,0.0,0.0,0.0,0.0,0.0,0.0,0.0,0.0,0.0,0.0,0.0,0.0,0.0,0.0,0.0,0.0,0.0,0.0,0.0,0.0,0.0,0.0,0.0,0.0,0.0,0.0
2505,490289,49,1,2,3772.0,2885.3,3561.4,2679.9,13.9,5.4,555.8,136.9,311.1,131.5,1964.5,1242.6,211.1,881.5,215.8,0.0,81.1,79.3,215.0,208.1,6.0,0.0,1.0,0.0,13.9,0.0,0.0,5.4
2506,490290,49,1,3,1708.3,1142.5,1553.7,988.1,6.1,3.3,246.3,71.8,131.1,98.5,815.1,626.0,79.0,0.0,80.9,0.0,57.9,56.5,139.6,135.5,3.0,0.0,1.0,0.0,6.1,0.0,0.0,3.3
2507,490291,49,1,4,2258.3,5184.0,1823.0,4740.0,0.0,15.2,0.0,591.3,0.0,1008.6,5.0,1370.8,0.0,0.0,0.0,0.0,553.8,542.7,1259.2,1226.6,0.0,0.0,5.0,0.0,0.0,0.0,0.0,15.2
2508,490292,49,1,4,2651.9,7295.3,2336.8,6959.8,0.0,22.7,0.0,587.5,0.0,2610.9,5.0,1494.0,0.0,0.0,0.0,0.0,559.3,547.5,1767.5,1719.9,0.0,0.0,5.0,0.0,0.0,0.0,0.0,22.7
2509,490293,49,1,3,6111.1,13323.0,5310.7,12480.4,0.0,49.5,0.0,1086.4,0.0,4229.0,7.0,2008.9,0.0,0.0,0.0,0.0,1439.0,1407.0,3857.7,3749.2,0.0,0.0,7.0,0.0,0.0,0.0,0.0,49.5
2510,490294,49,1,3,1771.3,2435.8,1579.9,2239.9,5.5,8.1,227.4,266.9,112.8,318.3,674.7,1205.4,47.2,0.0,48.3,0.0,140.3,137.2,321.2,312.0,7.0,0.0,1.0,0.0,5.5,0.0,0.0,8.1
2511,490295,49,1,4,8363.2,9630.7,7616.9,8882.1,23.3,32.0,973.5,1239.4,506.7,1063.7,2902.1,3837.4,202.2,0.0,206.3,0.0,915.8,897.5,1892.2,1844.0,11.0,0.0,7.0,0.0,23.3,0.0,0.0,32.0
2512,490296,49,1,4,3384.4,8623.6,2983.1,8200.4,0.1,29.8,3.2,657.2,2.4,3192.7,16.2,1466.4,1.5,0.0,1.6,0.0,711.7,697.1,2244.5,2187.1,0.0,0.0,2.0,0.0,0.1,0.0,0.0,29.8
2513,490297,49,1,3,8059.5,7134.5,7436.1,6509.6,24.9,27.8,1022.8,551.6,491.3,1220.2,2942.9,2311.0,222.0,0.0,226.9,0.0,725.9,710.3,1760.3,1716.5,41.0,0.0,3.0,0.0,24.9,0.0,0.0,27.8
2514,490298,49,1,3,12400.8,5211.5,11947.8,4783.2,49.7,15.3,2036.6,63.7,1079.5,54.0,6750.6,3978.4,664.7,0.0,678.4,0.0,199.9,195.9,505.1,491.2,31.0,0.0,2.0,0.0,49.7,0.0,0.0,15.3
2515,490299,49,1,4,2309.2,3554.2,2049.2,3301.4,7.1,6.7,290.2,395.4,155.6,65.9,955.9,1060.3,91.2,1332.4,93.3,0.0,172.2,168.8,285.8,278.5,4.0,0.0,1.0,0.0,7.1,0.0,0.0,6.7
2516,490300,49,1,4,6819.7,3954.8,6473.5,3632.8,29.4,12.1,1298.9,109.1,621.0,55.1,3508.1,2870.2,207.3,0.0,211.8,0.0,177.4,174.4,435.0,424.1,13.0,0.0,1.0,0.0,29.4,0.0,0.0,12.1
2517,490301,49,1,3,4022.0,2520.0,3785.8,2290.1,17.2,7.7,757.8,96.8,361.6,63.5,2046.9,1769.9,120.8,0.0,123.6,0.0,106.5,104.5,261.7,255.4,6.0,0.0,1.0,0.0,17.2,0.0,0.0,7.7
2518,490302,49,1,3,3531.1,1364.1,3355.5,1192.8,13.6,3.8,543.9,18.9,303.6,0.0,1917.0,1010.9,205.4,0.0,209.9,0.0,46.5,45.5,121.1,117.5,7.0,0.0,1.0,0.0,13.6,0.0,0.0,3.8
2519,490303,49,1,3,15579.9,7985.8,15033.0,7472.8,64.6,21.7,2539.3,159.9,1359.7,43.6,8490.4,4944.9,831.8,1421.1,848.8,0.0,271.7,266.4,654.2,636.9,35.0,0.0,2.0,0.0,64.6,0.0,0.0,21.7
2520,490304,49,1,3,5022.7,3684.2,4718.3,3384.2,21.8,13.3,928.5,184.4,445.8,224.6,2483.0,2422.5,141.1,0.0,144.2,0.0,155.9,152.8,409.7,399.9,9.0,0.0,1.0,0.0,21.8,0.0,0.0,13.3
2521,490305,49,1,3,96.2,95.6,0.0,0.0,0.0,0.0,0.0,0.0,0.0,0.0,0.0,0.0,0.0,0.0,0.0,0.0,0.0,0.0,0.0,0.0,0.0,0.0,0.0,0.0,0.0,0.0,0.0,0.0
2522,490306,49,1,3,5123.8,2016.6,4896.2,1797.6,19.6,5.5,790.1,110.9,427.7,5.5,2769.4,1439.5,296.6,0.0,302.9,0.0,69.1,67.8,178.4,173.9,61.0,0.0,1.0,0.0,19.6,0.0,0.0,5.5
2523,490307,49,1,3,11565.6,6501.1,11092.0,6014.4,54.3,25.5,2235.3,80.0,1057.3,106.7,6038.4,4913.2,355.6,0.0,363.0,0.0,261.9,257.3,672.5,657.2,77.0,0.0,31.0,0.0,54.3,0.0,0.0,25.5
2524,490308,49,1,3,3887.3,2305.0,3663.6,2080.0,18.1,9.2,736.7,81.7,354.8,63.1,1983.7,1615.0,114.8,0.0,117.5,0.0,88.7,87.4,238.3,232.9,27.0,0.0,2.0,0.0,18.1,0.0,0.0,9.2
2525,490309,49,1,3,2851.0,2080.7,2645.4,1872.1,11.5,8.6,440.3,126.0,218.9,255.6,1341.2,1086.5,111.9,0.0,114.6,0.0,108.6,106.7,303.9,297.2,5.0,0.0,1.0,0.0,11.5,0.0,0.0,8.6
2526,490310,49,1,2,414.4,1294.2,256.5,1129.1,0.0,5.1,0.0,192.7,0.0,224.3,0.0,461.4,0.0,0.0,0.0,0.0,71.6,70.5,184.9,180.3,0.0,0.0,0.0,0.0,0.0,0.0,0.0,5.1
2527,490311,49,1,3,105.3,101.0,18.0,0.0,0.0,0.0,0.0,0.0,0.0,0.0,9.0,0.0,0.0,0.0,0.0,0.0,0.0,0.0,0.0,0.0,0.0,0.0,9.0,0.0,0.0,0.0,0.0,0.0
2528,490312,49,1,3,2135.1,3946.5,1833.6,3627.9,4.5,14.4,184.2,371.0,88.1,474.4,502.5,1181.2,29.3,0.0,30.0,630.2,305.9,300.4,686.7,670.6,3.0,0.0,4.0,0.0,4.5,0.0,0.0,14.4
2529,490313,49,1,3,145.7,126.1,42.3,12.7,0.1,0.1,4.9,0.0,3.1,0.0,23.9,11.6,1.7,0.0,1.6,0.0,0.2,0.2,1.0,1.0,0.0,0.0,6.0,0.0,0.1,0.0,0.0,0.1
2530,490314,49,1,3,7394.1,3899.2,7062.2,3569.4,34.8,15.4,1440.4,23.2,687.2,0.0,3903.6,3025.5,232.5,0.0,237.4,0.0,150.0,147.4,382.1,373.3,22.0,0.0,7.0,0.0,34.8,0.0,0.0,15.4
2531,490315,49,1,2,568.7,1483.1,450.7,1348.8,0.0,5.5,0.0,183.7,0.0,489.0,13.0,260.5,0.0,0.0,0.0,0.0,98.7,97.4,326.0,318.2,0.0,0.0,13.0,0.0,0.0,0.0,0.0,5.5
2532,490316,49,1,3,99.3,99.9,6.0,0.0,0.0,0.0,0.0,0.0,0.0,0.0,3.0,0.0,0.0,0.0,0.0,0.0,0.0,0.0,0.0,0.0,0.0,0.0,3.0,0.0,0.0,0.0,0.0,0.0
2533,490317,49,1,3,932.2,2838.9,722.1,2596.0,0.0,11.2,0.0,441.5,0.0,470.9,21.0,1018.1,0.0,0.0,0.0,0.0,214.2,210.6,465.9,454.9,0.0,0.0,21.0,0.0,0.0,0.0,0.0,11.2
2534,490318,49,1,3,4213.3,1896.9,4001.4,1676.2,17.8,6.5,730.6,77.0,364.7,0.0,2241.1,1364.8,186.4,0.0,190.5,0.0,66.9,65.8,172.2,168.6,34.0,0.0,15.0,0.0,17.8,0.0,0.0,6.5
2535,490319,49,1,3,5350.9,3547.4,5091.2,3293.4,23.3,9.3,927.7,65.3,468.8,0.0,2813.3,1809.4,231.3,1071.7,236.2,0.0,108.0,106.5,245.9,240.6,59.0,0.0,1.0,0.0,23.3,0.0,0.0,9.3
2536,490320,49,1,3,2649.6,8420.5,2100.0,7846.6,0.0,33.1,0.0,1365.7,0.0,1392.6,2.0,3042.4,0.0,0.0,0.0,0.0,669.7,659.9,1426.3,1386.0,0.0,0.0,2.0,0.0,0.0,0.0,0.0,33.1
2537,490321,49,1,2,2734.8,1083.6,2526.7,870.1,11.7,3.7,430.9,8.9,225.7,0.0,1401.7,736.9,142.4,0.0,145.7,0.0,35.0,34.3,92.2,90.1,50.0,0.0,3.0,0.0,11.7,0.0,0.0,3.7
2538,490322,49,1,3,3403.3,1325.0,3217.9,1140.3,15.0,4.9,531.5,18.7,287.5,0.0,1825.6,948.9,192.0,0.0,196.1,0.0,51.3,50.4,124.9,122.3,8.0,0.0,1.0,0.0,15.0,0.0,0.0,4.9
2539,490323,49,1,3,755.6,325.9,639.3,204.4,2.8,0.9,99.6,4.8,55.8,0.0,344.3,172.5,34.7,0.0,35.5,0.0,6.9,6.9,20.5,20.2,40.0,0.0,2.0,0.0,2.8,0.0,0.0,0.9
2540,490324,49,1,3,3844.9,2960.7,3556.6,2662.5,17.2,13.5,639.1,289.0,312.3,108.7,1739.0,1741.0,106.3,0.0,108.8,0.0,176.0,173.4,356.0,350.4,111.0,0.0,8.0,0.0,17.2,0.0,0.0,13.5
2541,490325,49,1,3,4269.0,3034.1,4057.5,2826.6,18.8,6.9,630.8,59.8,358.9,0.0,2269.3,1143.9,252.2,1387.5,257.7,0.0,76.3,75.1,163.5,160.4,48.0,0.0,1.0,0.0,18.8,0.0,0.0,6.9
2542,490326,49,1,3,2232.9,1076.4,2096.8,939.0,10.3,4.4,396.3,1.5,186.8,0.0,1113.3,800.3,71.7,0.0,73.5,0.0,38.7,38.0,101.6,99.3,112.0,0.0,3.0,0.0,10.3,0.0,0.0,4.4
2543,490327,49,1,3,3991.4,4217.7,3614.8,3824.2,16.4,22.0,556.1,616.7,281.6,443.2,1710.8,2013.4,133.5,0.0,136.6,0.0,235.5,232.4,526.7,518.5,22.0,0.0,12.0,0.0,16.4,0.0,0.0,22.0
2544,490328,49,1,4,5299.4,2304.6,5050.9,2070.8,24.4,9.4,915.9,17.0,458.0,13.7,2805.8,1727.2,234.5,0.0,239.5,0.0,89.6,88.2,228.5,224.6,70.0,0.0,9.0,0.0,24.4,0.0,0.0,9.4
2545,490329,49,1,4,434.0,1187.1,299.7,1055.7,0.0,5.5,0.0,333.4,0.0,0.0,0.0,427.2,0.0,0.0,0.0,0.0,137.9,136.0,161.8,159.0,0.0,0.0,0.0,0.0,0.0,0.0,0.0,5.5
2546,490330,49,1,4,3110.8,1511.9,2930.0,1343.1,14.1,6.8,508.6,10.2,253.4,127.9,1591.2,926.7,141.0,0.0,144.2,0.0,68.9,68.1,213.7,210.2,7.0,0.0,2.0,0.0,14.1,0.0,0.0,6.8
2547,490331,49,1,4,664.4,1651.7,495.2,1475.5,0.0,8.1,0.0,200.1,0.0,258.7,6.0,540.6,0.0,0.0,0.0,0.0,144.4,142.6,338.8,333.4,0.0,0.0,6.0,0.0,0.0,0.0,0.0,8.1
2548,490332,49,1,4,389.4,1359.4,229.4,1202.1,0.0,6.2,0.0,343.8,0.0,152.7,1.0,481.6,0.0,0.0,0.0,0.0,69.5,68.8,157.9,155.2,0.0,0.0,1.0,0.0,0.0,0.0,0.0,6.2
2549,490333,49,1,4,1550.5,6928.4,998.9,6343.2,0.0,33.6,0.0,1805.6,0.0,440.0,16.0,3143.9,0.0,0.0,0.0,0.0,348.2,344.1,618.7,609.6,0.0,0.0,16.0,0.0,0.0,0.0,0.0,33.6
2550,490334,49,1,4,2765.5,11338.5,1970.7,10503.7,0.0,55.4,0.0,2467.2,0.0,1392.6,5.0,4409.5,0.0,302.2,0.0,0.0,596.6,589.1,1364.2,1343.1,0.0,0.0,5.0,0.0,0.0,0.0,0.0,55.4
2551,490335,49,1,4,261.5,1126.7,128.9,997.6,0.0,5.2,0.0,481.8,0.0,86.3,1.0,304.9,0.0,0.0,0.0,0.0,38.7,38.0,88.2,86.7,0.0,0.0,1.0,0.0,0.0,0.0,0.0,5.2
2552,490336,49,1,4,4079.8,9811.5,3346.4,9060.3,0.0,32.9,0.0,1329.0,0.0,766.0,2.0,2799.1,0.0,0.0,0.0,0.0,1118.4,1105.0,2223.9,2191.2,0.0,870.0,2.0,0.0,0.0,0.0,0.0,32.9
2553,490337,49,1,4,1280.2,8719.8,693.8,8101.5,0.0,44.0,0.0,3811.2,0.0,252.9,4.0,3361.5,0.0,0.0,0.0,0.0,258.8,255.5,427.0,420.4,0.0,0.0,4.0,0.0,0.0,0.0,0.0,44.0
2554,490338,49,1,4,2214.1,2060.3,2002.1,1849.2,8.0,8.2,317.5,220.2,160.0,179.0,972.0,1081.7,79.1,0.0,80.9,0.0,111.6,110.5,262.0,257.9,10.0,0.0,9.0,0.0,8.0,0.0,0.0,8.2
2555,490339,49,1,4,5777.9,5836.8,5288.3,5336.1,19.0,27.2,697.7,893.0,360.5,529.1,2247.6,2366.7,193.1,0.0,196.9,0.0,489.0,483.1,1079.6,1064.2,10.0,0.0,14.0,0.0,19.0,0.0,0.0,27.2
2556,490340,49,1,4,2718.5,4886.6,2253.5,4407.0,0.0,24.8,0.0,842.0,0.0,823.3,2.0,522.5,0.0,0.0,0.0,0.0,688.4,680.5,1561.1,1538.7,0.0,0.0,2.0,0.0,0.0,0.0,0.0,24.8
2557,490341,49,1,4,9943.9,8109.3,9422.7,7589.5,36.1,35.2,1395.3,1118.8,726.9,1221.8,4491.5,3315.5,392.9,0.0,400.7,0.0,506.3,501.7,1452.1,1431.6,42.0,0.0,15.0,0.0,36.1,0.0,0.0,35.2
2558,490342,49,1,3,163.8,235.7,115.6,160.2,0.1,0.8,2.7,21.2,1.7,37.8,37.8,58.7,0.6,0.0,0.6,0.0,9.9,9.7,33.3,32.9,0.0,0.0,29.0,0.0,0.1,0.0,0.0,0.8
2559,490343,49,1,3,3503.5,1453.6,3324.4,1249.1,14.6,4.0,576.9,2.1,293.5,0.0,1872.1,1074.9,177.6,0.0,181.7,0.0,49.1,47.9,128.4,124.2,18.0,0.0,27.0,0.0,14.6,0.0,0.0,4.0
2560,490344,49,1,3,121.1,801.0,25.2,696.4,0.1,0.0,1.5,0.0,1.3,0.0,14.0,3.8,1.1,636.3,1.1,56.2,0.0,0.0,0.2,0.2,0.0,0.0,6.0,0.0,0.1,0.0,0.0,0.0
2561,490345,49,1,2,4065.5,1798.5,3863.1,1592.5,19.6,6.5,709.3,3.1,352.7,0.0,2169.4,1358.2,177.8,0.0,181.6,0.0,65.6,64.6,169.8,166.7,28.0,0.0,9.0,0.0,19.6,0.0,0.0,6.5
2562,490346,49,1,2,2759.7,1250.0,2590.2,1081.6,13.9,5.5,482.0,1.7,233.4,0.0,1427.5,920.8,109.2,0.0,111.5,0.0,44.5,43.8,117.0,115.3,64.0,0.0,1.0,0.0,13.9,0.0,0.0,5.5
2563,490347,49,1,3,1504.7,743.8,1377.3,605.4,6.6,2.5,247.0,56.0,122.6,0.0,742.0,468.7,55.8,0.0,57.2,0.0,21.9,21.7,59.7,59.1,61.0,0.0,10.0,0.0,6.6,0.0,0.0,2.5
2564,490348,49,1,3,1949.6,900.3,1804.1,754.0,8.9,3.1,332.3,15.0,165.0,0.0,984.7,629.4,74.9,0.0,76.6,0.0,30.4,29.6,81.2,80.0,58.0,0.0,1.0,0.0,8.9,0.0,0.0,3.1
2565,490349,49,1,3,119.9,110.8,23.6,12.0,0.1,0.1,3.9,0.0,2.3,0.0,13.1,10.8,0.5,0.0,0.5,0.0,0.2,0.2,1.0,0.9,0.0,0.0,2.0,0.0,0.1,0.0,0.0,0.1
2566,490350,49,1,3,811.5,2695.3,362.6,2227.6,0.2,14.5,6.7,1063.6,3.7,106.4,27.8,746.5,1.4,0.0,1.4,0.0,173.2,171.0,141.4,140.2,0.0,0.0,7.0,0.0,0.2,0.0,0.0,14.5
2567,490351,49,1,3,1209.8,552.8,1094.0,425.6,5.2,1.9,188.1,7.8,93.4,0.0,565.8,357.0,42.0,0.0,43.2,0.0,16.4,16.3,45.0,44.5,92.0,0.0,8.0,0.0,5.2,0.0,0.0,1.9
2568,490352,49,1,3,4475.8,2010.1,4247.7,1787.2,24.4,10.0,801.9,16.8,395.4,0.0,2374.5,1497.9,182.0,0.0,185.5,0.0,77.0,75.8,198.3,196.7,31.0,0.0,2.0,0.0,24.4,0.0,0.0,10.0
2569,490353,49,1,3,316.4,1053.6,84.9,812.2,0.2,6.4,4.8,512.5,2.8,0.0,17.9,246.2,0.9,0.0,1.0,0.0,50.6,49.6,3.9,3.9,0.0,0.0,3.0,0.0,0.2,0.0,0.0,6.4
2570,490354,49,1,3,1542.4,5075.3,1069.1,4572.6,1.5,31.6,48.2,1219.5,23.9,449.7,131.2,2069.4,6.9,0.0,7.1,0.0,289.5,285.8,553.1,548.2,7.0,0.0,2.0,0.0,1.5,0.0,0.0,31.6
2571,490355,49,1,4,1961.7,5372.2,1456.8,4837.1,0.0,39.2,0.0,1569.5,0.0,1159.8,7.0,677.4,0.0,0.0,0.0,0.0,417.5,411.7,1025.4,1018.6,0.0,0.0,7.0,0.0,0.0,0.0,0.0,39.2
2572,490356,49,1,3,133.0,122.8,18.0,0.0,0.0,0.0,0.0,0.0,0.0,0.0,9.0,0.0,0.0,0.0,0.0,0.0,0.0,0.0,0.0,0.0,0.0,0.0,9.0,0.0,0.0,0.0,0.0,0.0
2573,490357,49,1,3,14352.0,6454.5,13782.9,5908.5,62.6,21.4,2402.2,322.0,1221.2,119.4,7700.7,4605.5,744.0,0.0,759.0,0.0,246.8,242.3,633.8,619.4,67.0,0.0,8.0,0.0,62.6,0.0,0.0,21.4
2574,490358,49,1,3,4861.3,1812.0,4635.2,1585.1,21.6,6.1,765.4,3.6,409.6,0.0,2622.7,1356.1,279.3,0.0,285.2,0.0,64.5,62.9,166.5,162.5,35.0,0.0,7.0,0.0,21.6,0.0,0.0,6.1
2575,490359,49,1,3,1167.5,2179.8,1031.5,2034.2,4.5,2.1,155.3,59.4,82.1,0.0,539.1,349.8,56.9,1531.4,58.2,0.0,35.5,34.5,60.5,59.0,37.0,0.0,7.0,0.0,4.5,0.0,0.0,2.1
2576,490360,49,1,3,5815.7,2801.3,5562.0,2544.7,27.4,12.0,942.3,64.4,484.0,216.9,3003.2,1768.0,270.8,0.0,276.5,0.0,127.4,125.0,376.9,370.4,72.0,0.0,9.0,0.0,27.4,0.0,0.0,12.0
2577,490361,49,1,3,4568.5,1432.1,4363.5,1225.8,20.0,5.9,628.2,2.1,359.6,0.0,2309.5,1044.9,264.7,0.0,270.3,0.0,50.5,49.7,131.7,129.1,344.0,0.0,5.0,0.0,20.0,0.0,0.0,5.9
2578,490362,49,1,3,3805.2,1753.4,3602.8,1546.0,20.2,8.2,679.3,3.1,343.1,0.0,2017.3,1313.9,152.6,0.0,155.8,0.0,64.7,63.7,167.8,165.3,14.0,0.0,8.0,0.0,20.2,0.0,0.0,8.2
2579,490363,49,1,3,4417.1,2015.6,4198.4,1793.8,21.5,7.7,791.1,22.7,395.0,0.0,2355.6,1502.6,180.4,0.0,183.8,0.0,76.4,75.0,196.0,193.5,13.0,0.0,7.0,0.0,21.5,0.0,0.0,7.7
2580,490364,49,1,3,2303.7,1060.5,2146.7,895.2,11.1,4.3,396.4,10.5,197.1,0.0,1174.6,753.1,89.3,0.0,91.4,0.0,36.7,35.9,97.1,95.7,63.0,0.0,1.0,0.0,11.1,0.0,0.0,4.3
2581,490365,49,1,3,4175.6,1859.5,3962.8,1638.9,19.6,7.6,707.7,29.9,353.5,3.7,2107.4,1359.2,161.3,0.0,164.6,0.0,70.7,69.6,178.7,176.5,214.0,0.0,5.0,0.0,19.6,0.0,0.0,7.6
2582,490366,49,1,3,5673.5,2623.5,5412.2,2350.0,29.2,12.0,1016.3,42.8,508.3,3.7,3036.0,1950.5,231.6,0.0,236.6,0.0,101.9,100.3,255.6,252.6,10.0,0.0,16.0,0.0,29.2,0.0,0.0,12.0
2583,490367,49,1,3,5217.1,2370.1,4970.2,2125.5,27.3,11.2,937.3,23.2,462.2,3.7,2784.5,1774.7,213.3,0.0,217.8,0.0,92.6,91.2,235.4,232.7,18.0,0.0,9.0,0.0,27.3,0.0,0.0,11.2
2584,490368,49,1,3,3005.8,1357.2,2840.8,1173.3,15.3,6.2,517.4,14.5,257.9,0.0,1549.5,985.3,117.7,0.0,120.3,0.0,48.7,47.8,127.4,125.6,88.0,0.0,14.0,0.0,15.3,0.0,0.0,6.2
2585,490369,49,1,3,1606.2,758.6,1482.5,612.5,8.0,3.2,272.0,7.2,135.5,0.0,821.9,516.3,61.7,0.0,63.3,0.0,24.5,24.2,65.6,64.9,24.0,0.0,14.0,0.0,8.0,0.0,0.0,3.2
2586,490370,49,1,3,2154.9,1042.2,2013.9,876.0,10.7,4.3,381.8,14.3,194.4,0.0,1127.3,734.1,78.9,0.0,80.8,0.0,36.3,35.5,93.4,92.1,3.0,0.0,18.0,0.0,10.7,0.0,0.0,4.3
2587,490371,49,1,3,132.0,171.1,33.5,61.4,0.1,0.4,2.4,6.2,1.5,13.6,8.4,22.1,0.3,0.0,0.4,0.0,4.4,4.4,15.1,14.9,0.0,0.0,1.0,0.0,0.1,0.0,0.0,0.4
2588,490372,49,1,3,129.5,120.7,41.9,12.5,0.1,0.1,3.9,0.0,2.3,0.0,22.3,11.2,0.5,0.0,0.6,0.0,0.3,0.3,1.1,1.0,0.0,0.0,11.0,0.0,0.1,0.0,0.0,0.1
2589,490373,49,1,3,10215.5,3563.1,9856.8,3229.1,43.5,11.5,1561.2,7.3,869.1,0.0,5634.0,2757.3,640.5,0.0,653.1,0.0,133.5,131.1,341.4,333.4,22.0,0.0,2.0,0.0,43.5,0.0,0.0,11.5
2590,490374,49,1,3,1616.5,823.2,1458.3,657.1,6.8,2.7,252.2,17.6,130.0,25.6,809.8,512.7,77.1,0.0,78.8,0.0,28.2,27.6,75.4,73.6,3.0,0.0,4.0,0.0,6.8,0.0,0.0,2.7
2591,490375,49,1,3,959.4,1585.5,824.9,1442.2,3.8,1.7,131.6,35.4,69.4,0.0,452.9,281.1,47.9,1057.7,49.0,0.0,24.4,24.0,44.8,43.9,2.0,0.0,3.0,0.0,3.8,0.0,0.0,1.7
2592,490376,49,1,3,2186.0,1174.3,1997.1,976.6,9.7,4.4,323.5,143.0,172.4,4.8,1106.6,681.8,117.1,0.0,119.5,0.0,52.8,51.8,97.1,95.2,4.0,0.0,4.0,0.0,9.7,0.0,0.0,4.4
2593,490377,49,1,3,4380.3,1664.5,4143.9,1419.9,20.8,6.8,668.3,94.4,375.0,0.0,2356.9,1120.8,256.3,0.0,261.8,0.0,68.3,66.8,140.4,138.0,8.0,0.0,9.0,0.0,20.8,0.0,0.0,6.8
2594,490378,49,1,3,2601.3,1071.5,2421.4,887.5,12.1,4.5,383.6,20.9,213.2,24.3,1368.0,704.1,152.7,0.0,156.0,0.0,38.7,37.8,102.2,100.4,5.0,0.0,2.0,0.0,12.1,0.0,0.0,4.5
2595,490379,49,1,3,1539.7,740.5,1401.6,596.7,7.9,3.2,267.7,4.3,132.7,0.0,790.2,507.0,58.1,0.0,59.3,0.0,23.4,23.1,63.3,62.3,2.0,0.0,5.0,0.0,7.9,0.0,0.0,3.2
2596,490380,49,1,3,9426.6,10904.9,8533.6,9992.0,33.2,44.6,1252.2,1382.2,619.2,893.6,3731.2,5426.3,284.4,0.0,290.5,0.0,757.2,743.3,1577.9,1546.6,15.0,0.0,6.0,0.0,33.2,0.0,0.0,44.6
2597,490381,49,1,3,5183.1,2452.6,4938.5,2204.0,25.9,9.6,930.7,47.6,459.4,4.8,2774.5,1828.5,210.2,0.0,214.6,0.0,96.4,95.1,232.6,228.0,10.0,0.0,10.0,0.0,25.9,0.0,0.0,9.6
2598,490382,49,1,3,5243.3,3164.9,4989.1,2911.6,25.4,10.5,838.2,93.1,463.4,32.6,2765.1,1658.2,261.4,786.9,266.9,0.0,105.2,103.7,241.0,237.1,44.0,0.0,4.0,0.0,25.4,0.0,0.0,10.5
2599,490383,49,1,3,2059.6,1798.8,1919.0,1654.5,9.1,9.4,321.5,134.0,167.1,148.3,892.9,941.5,46.9,0.0,47.9,0.0,131.2,128.7,306.4,301.8,3.0,0.0,2.0,0.0,9.1,0.0,0.0,9.4
2600,490384,49,1,3,2346.7,3876.2,2109.6,3623.5,7.1,22.5,244.4,437.2,126.8,687.4,682.0,1534.0,36.3,0.0,37.1,0.0,258.9,254.9,720.2,709.9,2.0,0.0,2.0,0.0,7.1,0.0,0.0,22.5
2601,490385,49,1,4,4203.3,4572.9,3765.5,4133.3,17.6,24.6,599.6,976.3,298.5,389.4,1790.8,1982.7,134.6,0.0,137.4,0.0,285.1,280.9,510.4,504.0,6.0,0.0,3.0,0.0,17.6,0.0,0.0,24.6
2602,490386,49,1,4,2557.4,5439.0,2122.6,4972.3,1.1,34.2,33.0,828.8,17.5,1018.1,108.6,1209.9,7.3,0.0,7.4,0.0,566.6,558.5,1374.2,1356.9,0.0,0.0,8.0,0.0,1.1,0.0,0.0,34.2
2603,490387,49,1,4,984.5,2967.7,676.8,2646.1,0.0,16.9,0.0,703.3,0.0,327.3,6.0,959.5,0.0,0.0,0.0,0.0,227.8,224.5,437.0,431.5,0.0,0.0,6.0,0.0,0.0,0.0,0.0,16.9
2604,490388,49,1,4,2873.4,2484.2,2645.0,2256.8,13.9,14.5,438.3,149.2,222.8,268.9,1291.9,1353.4,94.4,0.0,96.5,0.0,130.8,128.6,361.3,356.7,4.0,0.0,5.0,0.0,13.9,0.0,0.0,14.5
2605,490389,49,1,3,5045.6,2204.8,4758.0,1923.3,22.1,7.5,827.6,60.7,418.5,38.3,2660.8,1534.4,267.6,0.0,273.4,0.0,84.7,83.2,211.4,206.7,13.0,0.0,1.0,0.0,22.1,0.0,0.0,7.5
2606,490390,49,1,3,2473.4,4494.8,2279.7,4295.0,9.5,7.3,325.5,149.7,177.2,167.2,1102.1,767.3,112.1,0.0,114.6,2777.3,137.4,134.8,304.8,298.7,5.0,0.0,1.0,0.0,9.5,0.0,0.0,7.3
2607,490391,49,1,3,1644.4,809.7,1499.7,661.2,7.3,3.1,245.2,31.0,130.2,43.1,828.1,473.0,84.5,0.0,86.4,0.0,31.1,30.7,85.2,83.4,9.0,0.0,0.0,0.0,7.3,0.0,0.0,3.1
2608,490392,49,1,3,941.2,1555.8,827.6,1421.0,2.8,8.0,98.8,148.1,50.4,257.5,288.3,680.6,15.2,0.0,15.5,0.0,90.6,89.0,249.7,245.7,5.0,0.0,14.0,0.0,2.8,0.0,0.0,8.0
2609,490393,49,1,3,3442.3,5840.2,2972.0,5339.9,10.6,31.5,370.4,926.4,189.6,345.6,1018.7,2817.5,52.4,0.0,53.6,0.0,456.9,449.7,812.4,800.7,7.0,0.0,11.0,0.0,10.6,0.0,0.0,31.5
2610,490394,49,1,4,2715.4,2940.2,2438.4,2655.7,12.0,15.0,418.4,568.6,210.4,59.9,1185.4,1560.3,70.2,0.0,71.8,0.0,189.4,186.7,283.9,280.2,2.0,0.0,7.0,0.0,12.0,0.0,0.0,15.0
2611,490395,49,1,4,2835.6,8290.7,2469.8,7894.8,6.1,28.3,197.9,758.6,100.1,557.8,606.9,1520.9,43.7,0.0,44.7,3618.0,474.2,467.8,984.2,971.7,2.0,0.0,16.0,0.0,6.1,0.0,0.0,28.3
2612,490396,49,1,3,2319.8,2068.9,2161.5,1905.9,9.6,4.3,345.3,92.5,182.5,0.0,1167.9,723.7,118.2,695.2,120.9,215.9,64.8,63.5,117.9,115.1,41.0,0.0,3.0,0.0,9.6,0.0,0.0,4.3
2613,490397,49,1,3,3132.6,2626.8,2952.8,2447.0,14.0,5.2,489.2,59.0,258.6,0.0,1650.3,936.1,166.9,1254.2,170.6,0.0,65.3,64.2,135.9,133.5,14.0,0.0,2.0,0.0,14.0,0.0,0.0,5.2
2614,490398,49,1,3,1660.6,1613.3,1534.0,1463.2,6.9,7.4,250.5,173.5,125.2,125.4,730.0,863.1,43.2,0.0,44.3,0.0,96.5,95.3,209.2,205.9,15.0,0.0,20.0,0.0,6.9,0.0,0.0,7.4
2615,490399,49,1,3,2715.3,1492.6,2572.0,1345.5,13.9,7.1,479.5,39.7,247.0,22.1,1410.9,1073.5,93.8,0.0,95.9,0.0,61.8,60.7,152.1,149.4,25.0,0.0,6.0,0.0,13.9,0.0,0.0,7.1
2616,490400,49,1,3,3565.6,6388.6,3185.5,5975.4,11.8,34.6,393.2,1390.3,202.9,624.6,1163.0,2083.0,76.6,644.7,78.3,0.0,411.3,405.2,839.3,827.7,10.0,0.0,11.0,0.0,11.8,0.0,0.0,34.6
2617,490401,49,1,3,5811.4,2407.0,5546.2,2141.9,29.6,11.0,999.1,10.1,528.4,0.0,3112.1,1807.4,268.9,0.0,274.6,0.0,92.8,91.7,236.2,232.6,28.0,0.0,6.0,0.0,29.6,0.0,0.0,11.0
2618,490402,49,1,4,4937.3,9386.9,4163.9,8585.9,14.4,47.2,540.1,2648.1,260.9,987.2,1515.3,3341.3,97.9,0.0,100.1,0.0,511.0,504.6,1121.6,1104.7,12.0,0.0,5.0,0.0,14.4,0.0,0.0,47.2
2619,490403,49,1,3,309.4,679.4,203.3,558.6,0.2,3.5,4.8,101.1,2.9,134.4,28.1,173.1,1.2,0.0,1.2,0.0,39.6,38.9,113.4,111.0,0.0,0.0,12.0,0.0,0.2,0.0,0.0,3.5
2620,490404,49,1,3,3881.4,1691.0,3692.9,1490.6,18.1,7.0,678.5,3.5,337.3,0.0,2039.8,1261.6,156.4,0.0,159.7,0.0,63.9,62.9,165.3,162.6,79.0,0.0,13.0,0.0,18.1,0.0,0.0,7.0
2621,490405,49,1,3,4431.5,1610.8,4212.4,1350.4,20.5,6.6,708.2,10.7,374.4,0.0,2378.6,1137.1,243.7,0.0,248.7,0.0,57.2,56.2,148.7,146.3,16.0,0.0,37.0,0.0,20.5,0.0,0.0,6.6
2622,490406,49,1,3,3168.4,1218.2,2957.3,995.9,13.8,4.3,509.9,4.6,268.2,0.0,1664.7,842.3,168.4,0.0,172.1,0.0,42.0,41.2,110.0,107.9,16.0,0.0,6.0,0.0,13.8,0.0,0.0,4.3
2623,490407,49,1,4,1168.3,4383.7,717.3,3903.7,0.0,21.8,0.0,1602.4,0.0,132.1,21.0,1503.0,0.0,0.0,0.0,0.0,305.5,302.0,369.7,364.1,0.0,0.0,21.0,0.0,0.0,0.0,0.0,21.8
2624,490408,49,1,4,7297.6,3281.0,7003.9,2993.0,34.7,13.5,1338.5,6.3,659.8,0.0,3922.9,2528.6,282.2,0.0,288.2,0.0,130.8,129.1,334.4,329.0,25.0,0.0,22.0,0.0,34.7,0.0,0.0,13.5
2625,490409,49,1,4,4762.2,2088.1,4499.7,1838.4,20.6,8.3,734.4,76.7,400.7,43.1,2515.0,1388.8,269.2,25.2,275.0,22.5,82.8,81.7,203.6,200.4,11.0,0.0,8.0,0.0,20.6,0.0,0.0,8.3
2626,490410,49,1,3,6989.1,3654.6,6674.0,3333.8,30.7,10.8,1098.8,101.9,599.4,3.9,3753.1,1932.9,402.0,932.7,410.4,0.0,111.1,109.6,257.1,252.8,34.0,0.0,8.0,0.0,30.7,0.0,0.0,10.8
2627,490411,49,1,3,2138.3,5339.3,1931.4,5120.3,8.1,5.0,313.0,174.8,163.9,0.0,1003.1,727.0,97.6,0.0,99.7,3974.8,97.4,95.8,150.7,148.0,5.0,0.0,1.0,0.0,8.1,0.0,0.0,5.0
2628,490412,49,1,3,3046.8,1247.9,2876.0,1075.6,13.4,4.3,510.7,3.2,287.1,0.0,1622.1,910.5,136.1,0.0,139.1,0.0,45.8,44.9,119.9,117.1,14.0,0.0,1.0,0.0,13.4,0.0,0.0,4.3
2629,490413,49,1,4,2900.1,5460.8,2320.6,4865.8,0.0,27.8,0.0,732.2,0.0,746.2,3.0,1105.1,0.0,0.0,0.0,0.0,733.2,724.3,1581.4,1557.9,0.0,0.0,3.0,0.0,0.0,0.0,0.0,27.8
2630,490414,49,1,4,3069.9,10979.9,2318.8,10188.2,0.0,54.3,0.0,2687.6,0.0,1507.3,6.0,3719.1,0.0,0.0,0.0,0.0,692.4,683.5,1614.4,1590.7,0.0,0.0,6.0,0.0,0.0,0.0,0.0,54.3
2631,490415,49,1,4,2671.8,7347.2,2075.3,6727.4,0.1,30.0,2.3,1060.2,1.9,735.1,16.7,1999.7,0.3,917.7,0.3,0.0,654.6,646.4,1389.2,1368.2,0.0,0.0,10.0,0.0,0.1,0.0,0.0,30.0
2632,490416,49,1,4,2516.4,1553.5,2259.8,1308.2,10.2,5.8,370.5,119.5,199.8,16.6,1265.5,1032.9,136.4,0.0,139.6,0.0,49.7,48.9,92.3,90.4,5.0,0.0,1.0,0.0,10.2,0.0,0.0,5.8
2633,490417,49,1,3,5938.1,2906.4,5587.2,2548.5,24.1,11.4,878.1,235.5,479.3,86.9,2995.5,1667.2,319.7,0.0,326.3,0.0,180.0,177.4,388.2,381.4,15.0,0.0,5.0,0.0,24.1,0.0,0.0,11.4
2634,490418,49,1,3,3145.2,1875.4,2943.0,1666.9,14.5,6.8,595.1,60.8,314.8,0.0,1625.2,1384.1,85.1,0.0,86.8,0.0,65.5,64.4,160.5,157.6,6.0,0.0,4.0,0.0,14.5,0.0,0.0,6.8
2635,490419,49,1,3,2620.6,3678.2,2374.3,3422.2,9.3,10.7,351.5,369.6,201.5,224.6,1116.0,1316.4,92.1,866.2,94.0,141.2,162.1,159.4,352.0,344.7,4.0,0.0,1.0,0.0,9.3,0.0,0.0,10.7
2636,490420,49,1,3,4069.9,7659.3,3559.0,7113.0,3.8,33.4,149.6,856.6,76.9,1848.7,469.5,1687.1,41.2,0.0,42.2,0.0,722.4,711.4,2052.1,2009.0,2.0,0.0,3.0,0.0,3.8,0.0,0.0,33.4
2637,490421,49,1,4,2469.9,5904.8,1988.1,5398.9,0.0,29.9,0.0,2156.0,0.0,614.3,9.0,685.0,0.0,0.0,0.0,0.0,623.0,615.8,1347.1,1327.8,0.0,0.0,9.0,0.0,0.0,0.0,0.0,29.9
2638,490422,49,1,4,4967.3,11041.8,4362.0,10385.8,0.0,55.9,0.0,995.9,0.0,3156.1,14.0,1960.2,0.0,0.0,0.0,0.0,1087.2,1073.8,3246.8,3199.7,0.0,0.0,14.0,0.0,0.0,0.0,0.0,55.9
2639,490423,49,1,4,5051.9,9551.2,4332.2,8793.8,0.0,44.1,0.0,994.9,0.0,2058.1,13.0,865.8,0.0,564.2,0.0,65.5,1229.6,1214.2,3076.6,3031.1,0.0,0.0,13.0,0.0,0.0,0.0,0.0,44.1
2640,490424,49,1,4,1549.6,6053.6,1192.0,5679.1,0.0,29.0,0.0,2178.9,0.0,852.0,2.0,1477.6,0.0,0.0,0.0,0.0,325.3,321.2,862.7,849.4,0.0,0.0,2.0,0.0,0.0,0.0,0.0,29.0
2641,490425,49,1,4,7470.2,3540.2,7160.2,3221.8,34.2,13.4,1412.4,25.9,692.5,0.0,3971.1,2701.5,261.6,0.0,267.3,0.0,141.3,139.4,360.9,355.1,17.0,0.0,36.0,0.0,34.2,0.0,0.0,13.4
2642,490426,49,1,4,5675.7,2959.8,5385.2,2669.6,25.2,10.8,1058.7,144.3,510.3,21.8,2975.9,2101.7,200.9,0.0,205.2,0.0,115.6,114.1,292.6,287.6,12.0,0.0,14.0,0.0,25.2,0.0,0.0,10.8
2643,490427,49,1,3,277.9,4299.8,158.3,4169.6,0.0,2.3,0.0,164.8,0.0,0.0,6.0,205.8,0.0,1169.0,0.0,2486.1,67.3,66.4,79.1,77.5,0.0,0.0,6.0,0.0,0.0,0.0,0.0,2.3
2644,490428,49,1,2,131.2,130.5,16.0,0.0,0.0,0.0,0.0,0.0,0.0,0.0,8.0,0.0,0.0,0.0,0.0,0.0,0.0,0.0,0.0,0.0,0.0,0.0,8.0,0.0,0.0,0.0,0.0,0.0
2645,490429,49,1,2,1036.3,3395.3,358.9,2706.2,0.0,12.8,0.0,2349.4,0.0,0.0,2.0,6.5,0.0,0.0,0.0,0.0,354.9,350.3,0.0,0.0,0.0,0.0,2.0,0.0,0.0,0.0,0.0,12.8
2646,490430,49,1,4,1556.8,5316.6,1231.4,4957.9,0.0,23.5,0.0,982.7,0.0,973.5,22.0,1830.2,0.0,0.0,0.0,0.0,298.0,294.7,889.3,876.8,0.0,0.0,22.0,0.0,0.0,0.0,0.0,23.5
2647,490431,49,1,4,7375.5,3163.8,7073.8,2879.6,33.1,12.2,1320.0,6.0,665.3,0.0,3976.7,2427.0,312.4,0.0,319.1,0.0,127.5,125.9,325.7,320.8,16.0,0.0,11.0,0.0,33.1,0.0,0.0,12.2
2648,490432,49,1,4,3754.4,2631.6,3522.4,2406.3,15.0,10.9,622.9,179.9,294.2,278.8,1753.2,1359.0,119.7,0.0,122.5,0.0,162.7,160.5,434.1,428.0,7.0,0.0,6.0,0.0,15.0,0.0,0.0,10.9
2649,490433,49,1,4,1252.0,607.6,1123.4,477.7,5.1,1.8,220.5,0.9,103.1,0.0,627.7,405.9,42.4,0.0,43.5,0.0,19.1,19.0,53.2,52.0,5.0,0.0,9.0,0.0,5.1,0.0,0.0,1.8
2650,490434,49,1,3,111.0,109.4,26.8,10.5,0.0,0.1,0.0,2.4,0.0,3.7,12.0,1.6,0.0,0.0,0.0,0.0,0.5,0.5,2.3,2.3,0.0,0.0,12.0,0.0,0.0,0.0,0.0,0.1
2651,490435,49,1,3,2828.1,1205.9,2666.3,1035.0,12.3,4.6,491.5,1.6,239.9,0.0,1480.6,873.2,115.9,0.0,118.6,0.0,45.1,44.4,117.7,115.8,45.0,0.0,12.0,0.0,12.3,0.0,0.0,4.6
2652,490436,49,1,3,3933.7,2976.9,3716.7,2759.3,17.1,6.9,729.1,54.9,343.3,0.0,2055.0,1389.1,140.7,1032.6,143.9,0.0,86.7,85.7,200.0,197.0,10.0,0.0,8.0,0.0,17.1,0.0,0.0,6.9
2653,490437,49,1,2,325.7,695.8,155.6,512.9,0.0,2.5,0.0,156.9,0.0,120.2,3.0,88.2,0.0,0.0,0.0,0.0,45.4,45.0,104.2,102.6,0.0,0.0,3.0,0.0,0.0,0.0,0.0,2.5
2654,490438,49,1,3,10943.1,4297.8,10478.6,3841.7,46.6,15.7,1931.4,57.2,919.8,0.0,5756.2,3185.9,502.8,0.0,512.9,0.0,170.7,168.8,435.7,429.8,241.0,0.0,8.0,0.0,46.6,0.0,0.0,15.7
2655,490439,49,1,3,2787.7,1301.9,2610.9,1120.0,11.9,4.4,507.9,2.0,239.4,0.0,1428.7,947.3,97.1,0.0,99.3,0.0,48.1,47.4,125.5,123.4,59.0,0.0,6.0,0.0,11.9,0.0,0.0,4.4
2656,490440,49,1,3,162.0,148.5,24.0,0.0,0.0,0.0,0.0,0.0,0.0,0.0,12.0,0.0,0.0,0.0,0.0,0.0,0.0,0.0,0.0,0.0,0.0,0.0,12.0,0.0,0.0,0.0,0.0,0.0
2657,490441,49,1,3,3736.8,5835.1,3345.5,5410.0,6.7,41.9,208.7,526.2,108.8,1411.3,595.6,1145.7,33.9,0.0,34.8,0.0,620.6,611.3,1734.2,1715.5,6.0,0.0,3.0,0.0,6.7,0.0,0.0,41.9
2658,490442,49,1,4,3986.6,4088.2,3706.4,3813.7,20.5,17.5,674.7,365.9,350.5,112.1,1908.2,1923.8,109.0,872.7,111.5,0.0,185.4,182.9,360.0,356.3,6.0,0.0,1.0,0.0,20.5,0.0,0.0,17.5
2659,490443,49,1,4,2045.1,4726.9,1536.9,4198.5,4.4,27.6,140.5,1012.4,73.9,470.4,405.3,1860.8,22.8,0.0,23.3,0.0,300.0,295.7,565.1,559.2,1.0,0.0,5.0,0.0,4.4,0.0,0.0,27.6
2660,490444,49,1,4,9374.7,7505.0,8672.3,6796.6,41.5,49.9,1226.4,1128.9,645.2,487.9,3785.5,2798.3,291.5,0.0,297.4,0.0,767.9,757.9,1636.4,1623.6,15.0,0.0,7.0,0.0,41.5,0.0,0.0,49.9
2661,490445,49,1,4,7716.4,10527.8,6766.8,9535.3,15.8,60.9,555.5,1368.4,280.8,1530.6,1515.9,2462.0,80.7,0.0,82.6,0.0,1300.5,1283.7,2925.9,2890.6,18.0,0.0,7.0,0.0,15.8,0.0,0.0,60.9
2662,490446,49,1,4,6764.2,14552.0,6074.5,13789.3,0.0,81.7,0.0,1130.2,0.0,4488.7,4.0,2177.4,0.0,0.0,0.0,0.0,1473.1,1453.6,4593.3,4539.4,0.0,0.0,4.0,0.0,0.0,0.0,0.0,81.7
2663,490447,49,1,4,8634.1,13020.7,7801.9,12124.7,7.3,77.7,260.5,1051.7,131.2,3610.2,710.9,922.4,37.8,0.0,38.8,0.0,1763.0,1739.0,4854.6,4801.3,2.0,0.0,3.0,0.0,7.3,0.0,0.0,77.7
2664,490448,49,1,4,6498.0,9498.3,5688.8,8659.4,19.5,56.8,646.8,1317.6,332.2,1187.6,1753.9,3421.7,89.5,0.0,91.7,0.0,840.4,828.5,1925.2,1903.9,7.0,0.0,2.0,0.0,19.5,0.0,0.0,56.8
2665,490449,49,1,4,2743.4,7981.4,2028.3,7225.9,0.9,48.3,27.9,1737.9,15.2,1127.0,83.7,2493.6,4.3,0.0,4.4,0.0,603.8,595.4,1285.0,1272.0,0.0,0.0,4.0,0.0,0.9,0.0,0.0,48.3
2666,490450,49,1,4,3318.9,5368.4,2850.9,4871.0,8.1,34.1,272.0,837.3,146.7,752.9,688.0,1614.1,24.3,0.0,24.9,0.0,509.7,502.6,1174.5,1164.1,2.0,0.0,9.0,0.0,8.1,0.0,0.0,34.1
2667,490451,49,1,4,3082.9,2619.4,2839.1,2377.3,14.8,13.9,491.6,425.5,251.1,90.9,1442.8,1423.9,97.9,0.0,100.2,0.0,153.6,151.3,288.9,285.7,10.0,0.0,3.0,0.0,14.8,0.0,0.0,13.9
2668,490452,49,1,4,2366.0,4220.0,2019.7,3866.8,10.1,19.1,348.5,712.0,186.1,117.6,861.6,1780.0,32.7,721.1,33.4,0.0,214.3,211.2,328.1,324.9,13.0,0.0,2.0,0.0,10.1,0.0,0.0,19.1
2669,490453,49,1,4,8237.6,5258.0,7792.6,4827.7,35.0,25.2,1164.0,399.5,653.0,420.1,3965.2,2800.1,378.3,0.0,385.6,0.0,357.1,351.9,866.3,856.0,20.0,0.0,3.0,0.0,35.0,0.0,0.0,25.2
2670,490454,49,1,4,5369.8,5686.9,5006.4,5322.8,24.4,22.3,863.0,591.7,445.4,13.0,2560.7,2981.5,177.2,984.9,181.1,0.0,302.1,297.4,460.0,454.3,12.0,0.0,5.0,0.0,24.4,0.0,0.0,22.3
2671,490455,49,1,3,5858.6,2944.2,5574.1,2661.3,30.4,15.2,950.2,189.0,527.7,37.5,3050.0,2017.6,248.2,0.0,253.4,0.0,132.2,130.2,290.4,287.0,113.0,0.0,9.0,0.0,30.4,0.0,0.0,15.2
2672,490456,49,1,4,4012.8,3070.6,3768.5,2820.8,19.4,15.2,667.8,221.8,361.4,110.2,1988.5,2033.7,128.8,0.0,131.6,0.0,144.2,142.4,317.1,312.7,16.0,0.0,13.0,0.0,19.4,0.0,0.0,15.2
2673,490457,49,1,4,10977.9,13421.4,10109.8,12512.6,28.5,79.4,923.8,1338.3,496.8,3103.6,3102.9,3224.0,326.0,0.0,332.3,0.0,1268.8,1251.3,3641.2,3595.4,10.0,0.0,8.0,0.0,28.5,0.0,0.0,79.4
2674,490458,49,1,3,7184.4,2840.4,6892.8,2553.1,35.5,12.7,1210.7,24.2,646.5,0.0,3883.5,2142.8,349.2,0.0,356.3,0.0,110.6,108.9,281.1,277.1,45.0,0.0,10.0,0.0,35.5,0.0,0.0,12.7
2675,490459,49,1,3,3575.1,1526.6,3379.5,1319.9,17.6,6.6,619.4,2.4,320.5,0.0,1881.3,1118.2,151.5,0.0,154.7,0.0,56.0,55.2,146.1,144.1,37.0,0.0,13.0,0.0,17.6,0.0,0.0,6.6
2676,490460,49,1,3,3221.8,1386.9,3045.0,1192.8,15.9,6.0,557.8,2.1,293.7,0.0,1703.2,1011.3,134.0,0.0,136.7,0.0,50.5,49.5,132.1,129.9,18.0,0.0,19.0,0.0,15.9,0.0,0.0,6.0
2677,490461,49,1,3,4238.6,2007.8,4011.5,1774.7,21.8,9.3,704.4,38.3,384.9,3.6,2257.1,1496.5,197.1,0.0,201.2,0.0,70.2,69.2,169.4,167.0,16.0,0.0,11.0,0.0,21.8,0.0,0.0,9.3
2678,490462,49,1,3,3162.0,2374.7,3002.0,2197.7,15.5,6.9,537.7,58.4,278.5,0.0,1648.9,1086.4,125.9,822.8,128.7,0.0,74.1,73.1,159.2,156.9,29.0,0.0,20.0,0.0,15.5,0.0,0.0,6.9
2679,490463,49,1,3,2653.7,3655.3,2514.2,3512.8,13.0,7.2,451.6,114.8,241.4,0.0,1358.6,1049.7,92.8,0.0,94.8,2087.7,92.4,90.8,172.6,169.9,5.0,0.0,5.0,0.0,13.0,0.0,0.0,7.2
2680,490464,49,1,3,2857.7,1098.7,2680.4,920.2,13.5,4.3,459.2,1.5,246.6,0.0,1520.5,781.8,149.4,0.0,152.6,0.0,38.3,37.5,100.7,99.4,11.0,0.0,2.0,0.0,13.5,0.0,0.0,4.3
2681,490465,49,1,3,6864.4,2463.0,6570.5,2169.0,31.7,9.5,1101.4,4.5,593.6,0.0,3667.4,1835.2,377.0,0.0,384.8,0.0,93.7,92.4,240.6,236.7,102.0,0.0,10.0,0.0,31.7,0.0,0.0,9.5
2682,490466,49,1,3,5151.6,6396.7,4871.1,6105.5,23.2,11.6,826.4,247.8,428.4,0.0,2615.3,1725.8,245.0,1059.9,250.3,2600.1,174.1,171.4,305.5,300.6,17.0,0.0,9.0,0.0,23.2,0.0,0.0,11.6
2683,490467,49,1,3,3009.7,1035.5,2828.7,843.0,13.3,4.0,442.2,1.5,244.3,0.0,1532.2,716.3,161.9,0.0,165.4,0.0,35.0,34.2,92.7,91.0,144.0,0.0,11.0,0.0,13.3,0.0,0.0,4.0
2684,490468,49,1,3,2734.2,1390.5,2599.6,1248.3,13.7,5.8,507.6,3.3,254.1,0.0,1413.3,1057.9,79.6,0.0,81.4,0.0,52.7,51.9,137.8,135.2,63.0,0.0,10.0,0.0,13.7,0.0,0.0,5.8
2685,490469,49,1,2,3312.2,1587.8,3112.7,1381.0,14.8,6.1,545.7,204.2,279.3,0.0,1683.1,999.4,139.4,0.0,142.6,0.0,50.1,49.0,130.5,128.3,132.0,0.0,10.0,0.0,14.8,0.0,0.0,6.1
2686,490470,49,1,2,5155.1,1868.2,4908.0,1610.3,23.3,6.9,832.6,4.9,448.6,0.0,2770.1,1362.0,281.4,0.0,287.3,0.0,69.2,68.0,178.7,175.3,25.0,0.0,15.0,0.0,23.3,0.0,0.0,6.9
2687,490471,49,1,2,4105.8,2527.2,3876.1,2287.1,17.4,5.9,634.3,63.4,336.2,0.0,2041.7,1116.0,197.7,881.7,201.9,0.0,70.8,69.5,159.4,156.5,224.0,0.0,10.0,0.0,17.4,0.0,0.0,5.9
2688,490472,49,1,2,3932.9,1518.1,3702.8,1284.6,16.9,4.8,647.0,5.6,345.3,0.0,2068.1,1085.7,198.1,0.0,202.2,0.0,54.6,53.8,142.3,139.5,41.0,0.0,4.0,0.0,16.9,0.0,0.0,4.8
2689,490473,49,1,3,2055.9,869.1,1872.1,678.6,9.1,2.7,335.3,0.9,171.9,0.0,1033.3,577.3,92.7,0.0,94.7,0.0,27.8,27.4,74.4,73.0,40.0,0.0,2.0,0.0,9.1,0.0,0.0,2.7
2690,490474,49,1,3,4640.5,3428.1,4383.4,3165.2,20.5,7.1,788.7,76.8,402.6,0.0,2417.8,1434.6,212.4,0.0,216.8,1349.4,98.7,96.9,212.3,207.4,25.0,0.0,9.0,0.0,20.5,0.0,0.0,7.1
2691,490475,49,1,3,2817.7,1550.6,2624.0,1346.6,12.3,5.4,464.3,72.6,250.8,55.1,1408.0,995.0,105.9,0.0,108.3,0.0,65.7,64.7,163.0,159.2,48.0,0.0,10.0,0.0,12.3,0.0,0.0,5.4
2692,490476,49,1,3,4761.8,6439.9,4468.7,6140.6,19.9,11.3,741.2,291.0,393.9,64.2,2270.4,1530.6,181.6,0.0,185.5,3596.0,223.8,220.0,449.1,438.9,17.0,0.0,6.0,0.0,19.9,0.0,0.0,11.3
2693,490477,49,1,3,8685.8,7951.3,8086.9,7339.9,34.6,27.3,1316.0,836.8,675.7,361.1,3875.2,3034.5,295.9,1549.5,302.1,0.0,509.8,501.4,1079.1,1056.5,22.0,0.0,11.0,0.0,34.6,0.0,0.0,27.3
2694,490478,49,1,3,5102.3,2034.8,4847.0,1770.1,22.6,7.7,819.3,98.3,445.4,1.3,2681.8,1408.0,258.7,0.0,263.9,0.0,79.8,78.5,188.0,184.1,97.0,0.0,13.0,0.0,22.6,0.0,0.0,7.7
2695,490479,49,1,3,5326.5,2165.4,5095.4,1935.9,25.6,9.7,896.4,10.5,486.5,0.0,2788.7,1628.4,225.5,0.0,230.4,0.0,84.5,83.2,217.3,213.9,156.0,0.0,10.0,0.0,25.6,0.0,0.0,9.7
2696,490480,49,1,3,5494.2,5836.4,5112.1,5429.2,15.5,25.3,545.6,858.6,314.4,1287.4,1922.8,1430.5,201.9,0.0,206.2,0.0,474.5,465.9,1419.6,1386.9,22.0,0.0,5.0,0.0,15.5,0.0,0.0,25.3
2697,490481,49,1,3,6054.7,2191.9,5813.3,1953.1,26.0,7.7,954.6,4.4,537.1,0.0,3265.3,1651.1,326.7,0.0,333.6,0.0,85.1,83.7,219.0,213.9,86.0,0.0,6.0,0.0,26.0,0.0,0.0,7.7
2698,490482,49,1,3,4975.6,2281.7,4729.5,2027.4,21.7,8.2,837.0,116.6,426.9,1.3,2630.3,1583.3,231.5,0.0,236.2,0.0,106.6,104.8,226.0,221.3,23.0,0.0,12.0,0.0,21.7,0.0,0.0,8.2
2699,490483,49,1,3,5253.7,1861.6,4980.5,1584.6,21.9,6.0,836.2,3.3,450.7,0.0,2800.1,1340.4,297.1,0.0,303.3,0.0,68.4,67.4,176.8,173.4,41.0,0.0,7.0,0.0,21.9,0.0,0.0,6.0
2700,490484,49,1,3,2785.1,2134.8,2604.4,1944.5,11.4,4.3,460.1,63.7,240.3,8.0,1434.9,887.2,122.9,796.0,125.5,0.0,60.6,59.5,133.0,130.0,17.0,0.0,10.0,0.0,11.4,0.0,0.0,4.3
2701,490485,49,1,3,3250.7,1760.5,2992.5,1473.8,13.2,5.4,566.9,72.0,269.0,24.9,1596.1,1139.9,113.9,0.0,116.4,0.0,72.9,71.8,169.3,165.2,66.0,0.0,22.0,0.0,13.2,0.0,0.0,5.4
2702,490486,49,1,3,8274.7,9296.5,7462.3,8448.2,21.6,35.4,918.5,998.1,436.6,1378.2,2557.5,3008.0,184.1,0.0,188.0,0.0,923.9,908.2,2213.7,2155.7,31.0,0.0,9.0,0.0,21.6,0.0,0.0,35.4
2703,490487,49,1,3,3732.5,3524.4,3339.8,3116.7,13.0,12.4,513.1,462.6,277.5,179.0,1557.7,1801.4,117.1,0.0,119.7,0.0,231.9,228.2,456.7,445.5,54.0,0.0,12.0,0.0,13.0,0.0,0.0,12.4
2704,490488,49,1,3,3520.0,1197.2,3330.7,1010.2,14.9,3.8,534.1,1.7,308.6,0.0,1871.1,856.6,193.5,0.0,197.7,0.0,42.9,42.2,112.7,109.8,67.0,0.0,3.0,0.0,14.9,0.0,0.0,3.8
2705,490489,49,1,3,4704.0,1950.9,4487.3,1733.1,20.0,6.4,753.4,51.3,415.9,0.0,2546.3,1441.5,250.2,0.0,255.2,0.0,70.6,69.5,174.7,170.8,13.0,0.0,8.0,0.0,20.0,0.0,0.0,6.4
2706,490490,49,1,3,366.3,251.6,213.8,87.5,1.0,0.3,41.9,0.1,19.7,0.0,120.7,76.0,8.4,0.0,8.6,0.0,2.7,2.7,8.9,8.8,0.0,0.0,3.0,0.0,1.0,0.0,0.0,0.3
2707,490491,49,1,3,4606.4,3574.4,4257.2,3213.0,16.7,11.5,709.8,280.6,378.1,336.6,2068.3,1830.4,147.0,0.0,150.2,0.0,223.5,220.2,560.2,545.2,11.0,0.0,9.0,0.0,16.7,0.0,0.0,11.5
2708,490492,49,1,3,1659.1,955.0,1458.2,727.6,6.0,2.8,244.8,17.3,124.3,71.6,763.5,497.3,67.3,0.0,68.8,0.0,35.2,34.4,110.2,107.1,28.0,0.0,16.0,0.0,6.0,0.0,0.0,2.8
2709,490493,49,1,2,1226.4,546.7,1029.9,339.6,4.4,1.2,175.2,1.5,86.1,0.0,542.0,289.6,50.5,0.0,51.7,0.0,13.0,12.8,36.5,35.7,74.0,0.0,1.0,0.0,4.4,0.0,0.0,1.2
2710,490494,49,1,2,1770.6,798.2,1567.7,580.0,6.7,1.8,278.8,16.7,139.2,0.0,870.1,476.9,80.7,0.0,82.7,0.0,25.2,24.8,63.2,61.6,18.0,0.0,10.0,0.0,6.7,0.0,0.0,1.8
2711,490495,49,1,2,5596.4,4072.1,5242.3,3726.2,22.2,9.0,1004.9,258.0,479.3,58.2,2846.4,2024.0,215.0,937.9,219.7,0.0,141.9,140.1,315.2,308.0,16.0,0.0,4.0,0.0,22.2,0.0,0.0,9.0
2712,490496,49,1,2,1096.8,506.0,933.0,336.7,3.7,1.0,167.7,0.4,84.6,0.0,497.8,287.9,40.2,0.0,41.1,0.0,12.9,12.7,36.7,35.7,50.0,0.0,2.0,0.0,3.7,0.0,0.0,1.0
2713,490497,49,1,2,4230.3,6787.4,3738.3,6284.0,13.5,11.6,599.4,890.3,306.0,178.0,1773.4,1945.5,142.7,722.0,145.8,1819.6,282.6,278.3,464.4,450.4,17.0,0.0,7.0,0.0,13.5,0.0,0.0,11.6
2714,490498,49,1,2,2275.8,1108.4,2092.5,905.9,9.3,3.0,408.9,4.8,205.2,0.0,1132.7,766.4,71.7,0.0,73.2,0.0,38.3,37.3,100.5,97.4,49.0,0.0,13.0,0.0,9.3,0.0,0.0,3.0
2715,490499,49,1,2,2699.0,1288.0,2506.9,1074.7,10.8,3.3,486.4,9.5,241.0,0.0,1349.6,904.8,86.3,0.0,88.2,0.0,45.7,44.7,119.8,115.7,73.0,0.0,17.0,0.0,10.8,0.0,0.0,3.3
2716,490500,49,1,2,4766.0,2082.7,4544.0,1867.1,16.5,4.2,778.0,156.4,424.9,0.0,2424.8,1442.3,199.7,0.0,204.1,0.0,81.2,80.0,194.2,188.4,235.0,0.0,2.0,0.0,16.5,0.0,0.0,4.2
2717,490501,49,1,2,2027.1,3593.6,1769.0,3317.6,6.3,7.8,284.8,883.7,148.1,90.6,798.6,1061.4,46.7,870.5,47.6,0.0,162.4,159.6,259.9,251.8,9.0,0.0,12.0,0.0,6.3,0.0,0.0,7.8
2718,490502,49,1,2,2838.3,2271.0,2655.6,2087.1,10.9,3.7,511.7,87.1,265.1,0.0,1431.2,1070.7,86.7,704.1,88.6,0.0,73.4,72.3,157.9,152.9,40.0,0.0,1.0,0.0,10.9,0.0,0.0,3.7
2719,490503,49,1,2,14821.5,5496.4,14245.5,4969.3,54.1,17.0,2624.1,18.5,1306.0,0.0,7964.2,4143.5,725.8,0.0,740.0,0.0,230.9,229.7,588.4,577.5,58.0,0.0,8.0,0.0,54.1,0.0,0.0,17.0
2720,490504,49,1,2,7794.7,2538.4,7468.2,2227.8,29.0,6.3,1224.9,7.9,678.0,0.0,4246.9,1875.1,467.2,0.0,476.6,0.0,98.8,97.6,252.8,247.1,15.0,0.0,8.0,0.0,29.0,0.0,0.0,6.3
2721,490505,49,1,2,6686.6,2312.6,6354.9,1985.5,24.4,4.9,1077.4,6.1,590.4,0.0,3600.6,1675.3,374.2,0.0,381.9,0.0,87.3,86.1,224.1,218.0,13.0,0.0,6.0,0.0,24.4,0.0,0.0,4.9
2722,490506,49,1,2,3649.5,1739.6,3413.4,1513.0,13.9,3.5,685.3,21.4,338.5,0.0,1894.4,1263.6,125.3,0.0,128.0,0.0,65.3,64.4,168.5,163.6,7.0,0.0,1.0,0.0,13.9,0.0,0.0,3.5
2723,490507,49,1,2,4012.9,2272.5,3795.5,2056.1,14.7,4.9,689.5,392.0,366.1,0.0,2123.3,1396.8,162.6,0.0,166.1,0.0,94.8,93.1,180.1,174.2,6.0,0.0,7.0,0.0,14.7,0.0,0.0,4.9
2724,490508,49,1,2,3042.6,1196.3,2827.6,977.1,10.6,2.1,506.9,1.7,271.2,0.0,1589.0,827.5,144.8,0.0,148.1,0.0,41.9,41.3,109.8,106.7,8.0,0.0,8.0,0.0,10.6,0.0,0.0,2.1
2725,490509,49,1,2,3561.2,1382.0,3324.1,1161.3,11.7,2.1,594.7,19.1,316.9,0.0,1858.6,967.5,172.2,0.0,175.7,0.0,49.7,49.0,129.4,125.7,26.0,0.0,1.0,0.0,11.7,0.0,0.0,2.1
2726,490510,49,1,4,228.9,644.8,60.0,484.0,0.0,2.5,0.0,345.8,0.0,0.0,6.0,91.0,0.0,0.0,0.0,0.0,47.7,47.0,0.2,0.2,0.0,0.0,6.0,0.0,0.0,0.0,0.0,2.5
2727,490511,49,1,4,2816.4,9877.7,1677.5,8682.3,0.0,72.9,0.0,2503.4,0.0,1057.3,3.0,3460.3,0.0,0.0,0.0,0.0,575.3,568.6,1096.2,1092.7,0.0,0.0,3.0,0.0,0.0,0.0,0.0,72.9
2728,490512,49,1,3,3390.6,9730.2,2427.6,8686.0,0.0,84.8,0.0,3070.4,0.0,1494.5,3.0,1709.0,0.0,0.0,0.0,0.0,844.1,835.1,1577.5,1577.0,0.0,0.0,3.0,0.0,0.0,0.0,0.0,84.8
2729,490513,49,1,4,2604.6,9536.0,1739.8,8608.3,0.0,72.1,0.0,2916.6,0.0,1196.2,10.0,2786.5,0.0,0.0,0.0,0.0,543.8,537.4,1176.0,1171.5,0.0,0.0,10.0,0.0,0.0,0.0,0.0,72.1
2730,490514,49,1,4,1803.0,4738.0,1603.8,4499.9,0.0,38.8,0.0,1090.7,0.0,1292.1,10.0,544.9,0.0,0.0,0.0,0.0,355.9,351.1,1227.9,1221.0,0.0,0.0,10.0,0.0,0.0,0.0,0.0,38.8
2731,490515,49,1,4,5088.2,2513.5,4793.2,2235.3,29.9,16.6,861.2,158.8,461.1,21.2,2684.3,1715.5,214.1,0.0,218.6,0.0,108.0,106.5,233.9,233.3,7.0,0.0,5.0,0.0,29.9,0.0,0.0,16.6
2732,490516,49,1,3,1231.7,4148.5,593.7,3475.4,0.1,35.4,1.9,2108.0,1.3,158.4,9.4,636.6,0.2,0.0,0.2,0.0,371.6,367.4,205.1,205.0,0.0,0.0,4.0,0.0,0.1,0.0,0.0,35.4
2733,490517,49,1,3,1888.5,4873.3,1251.7,4195.4,2.3,43.9,58.7,1928.4,31.6,454.9,188.8,878.2,15.0,0.0,15.3,0.0,423.3,418.6,515.0,515.2,1.0,0.0,3.0,0.0,2.3,0.0,0.0,43.9
2734,490518,49,1,3,1833.0,925.1,1717.5,805.4,12.6,8.0,341.1,1.3,177.3,0.0,951.6,676.1,51.6,0.0,52.9,0.0,35.1,34.8,92.9,93.3,10.0,0.0,5.0,0.0,12.6,0.0,0.0,8.0
2735,490519,49,1,4,2544.9,1999.8,2314.2,1768.4,13.0,17.1,355.9,211.2,189.0,116.6,1113.4,975.7,89.2,0.0,91.3,0.0,145.2,143.5,321.2,321.4,7.0,0.0,2.0,0.0,13.0,0.0,0.0,17.1
2736,490520,49,1,4,4333.7,5572.0,3858.5,5062.5,21.6,54.7,595.7,916.7,307.3,412.9,1657.3,2634.1,91.5,0.0,93.6,0.0,354.7,351.1,746.3,747.7,11.0,0.0,1.0,0.0,21.6,0.0,0.0,54.7
2737,490521,49,1,3,1592.2,2718.2,1319.5,2411.0,3.2,27.6,81.7,407.4,46.6,245.3,265.7,893.8,21.6,0.0,22.2,0.0,283.8,281.1,582.0,583.4,10.0,0.0,6.0,0.0,3.2,0.0,0.0,27.6
2738,490522,49,1,3,4033.0,6157.1,3605.4,5686.3,17.6,47.2,461.5,577.1,258.4,408.1,1463.3,2130.2,123.2,1426.9,125.9,4.0,353.0,349.4,788.1,790.4,27.0,0.0,5.0,0.0,17.6,0.0,0.0,47.2
2739,490523,49,1,3,4040.3,4485.5,3841.3,4280.3,24.0,18.5,626.2,145.5,365.0,0.0,2113.7,1258.7,192.2,672.5,196.3,1888.5,109.0,107.8,206.9,207.3,28.0,0.0,4.0,0.0,24.0,0.0,0.0,18.5
2740,490524,49,1,3,5044.9,2105.3,4765.8,1816.7,31.0,20.0,908.3,3.7,465.5,0.0,2635.6,1515.2,199.1,0.0,203.3,0.0,83.3,82.3,214.7,215.6,52.0,0.0,4.0,0.0,31.0,0.0,0.0,20.0
2741,490525,49,1,4,2019.4,5670.1,1395.6,5010.4,0.0,41.5,0.0,1439.7,0.0,591.8,7.0,1605.4,0.0,0.0,0.0,0.0,461.2,455.5,920.4,918.0,0.0,0.0,7.0,0.0,0.0,0.0,0.0,41.5
2742,490526,49,1,4,1647.4,2994.4,1265.7,2607.5,6.7,20.3,190.1,532.3,98.6,97.6,598.6,1703.8,49.1,0.0,50.4,0.0,122.4,120.8,153.4,153.0,2.0,0.0,1.0,0.0,6.7,0.0,0.0,20.3
2743,490527,49,1,4,1096.8,462.6,1003.8,366.9,6.1,2.9,170.7,4.8,89.3,0.0,546.6,306.9,43.0,0.0,44.0,0.0,14.5,14.5,40.6,40.7,42.0,0.0,13.0,0.0,6.1,0.0,0.0,2.9
2744,490528,49,1,4,4489.9,9715.3,3762.6,8900.4,3.4,90.7,90.4,1341.2,50.5,1983.2,297.8,2322.5,21.9,0.0,22.5,0.0,870.7,861.2,2391.8,2392.3,2.0,0.0,15.0,0.0,3.4,0.0,0.0,90.7
2745,490529,49,1,4,2834.8,3159.5,2524.8,2840.0,13.2,27.2,362.6,547.4,202.2,174.6,1157.7,1523.6,95.9,0.0,97.9,0.0,201.8,199.7,394.5,394.6,11.0,0.0,1.0,0.0,13.2,0.0,0.0,27.2
2746,490530,49,1,3,5661.3,2591.3,5393.9,2320.5,33.5,21.3,928.1,104.6,514.7,26.9,2983.4,1818.9,251.5,0.0,256.9,0.0,109.6,108.3,261.8,261.8,82.0,0.0,6.0,0.0,33.5,0.0,0.0,21.3
2747,490531,49,1,3,4982.4,1986.2,4734.5,1727.9,29.3,16.9,856.1,3.4,437.3,0.0,2594.3,1444.4,214.1,0.0,218.7,0.0,78.3,77.5,202.6,202.6,123.0,0.0,10.0,0.0,29.3,0.0,0.0,16.9
2748,490532,49,1,4,2240.6,7448.4,1485.5,6647.2,0.0,53.7,0.0,2217.4,0.0,742.4,8.0,2227.7,0.0,0.0,0.0,0.0,500.4,494.1,969.1,965.6,0.0,0.0,8.0,0.0,0.0,0.0,0.0,53.7
2749,490533,49,1,4,1004.2,2837.8,638.8,2459.3,0.0,20.4,0.0,905.5,0.0,271.8,3.0,653.2,0.0,0.0,0.0,0.0,247.0,243.9,385.8,384.9,0.0,0.0,3.0,0.0,0.0,0.0,0.0,20.4
2750,490534,49,1,4,3191.0,11322.3,2128.7,10193.5,0.0,80.2,0.0,2306.0,0.0,1100.6,3.0,3725.5,0.0,412.1,0.0,536.4,725.3,716.8,1397.4,1396.1,0.0,0.0,3.0,0.0,0.0,0.0,0.0,80.2
2751,490535,49,1,4,2945.1,7311.6,2273.5,6587.0,5.3,60.2,143.9,760.6,78.1,672.1,459.8,3658.0,35.7,0.0,36.5,0.0,456.8,451.2,1045.6,1045.1,8.0,0.0,9.0,0.0,5.3,0.0,0.0,60.2
2752,490536,49,1,4,8553.0,6733.2,7952.7,6125.7,43.6,54.0,1284.7,711.0,652.6,469.0,3656.0,3149.5,228.0,0.0,232.7,0.0,546.8,540.2,1256.9,1256.0,91.0,0.0,4.0,0.0,43.6,0.0,0.0,54.0
2753,490537,49,1,3,7370.5,7920.9,6890.1,7429.2,41.3,39.2,1198.2,446.3,621.0,89.2,3611.6,3355.3,279.5,0.0,285.2,2762.6,268.3,265.1,511.3,510.8,111.0,0.0,4.0,0.0,41.3,0.0,0.0,39.2
2754,490538,49,1,3,7390.2,2891.2,7085.0,2590.4,43.6,22.8,1251.6,6.4,675.5,0.0,3974.9,2165.7,344.1,0.0,351.1,0.0,117.7,116.4,302.1,301.9,64.0,0.0,4.0,0.0,43.6,0.0,0.0,22.8
2755,490539,49,1,4,1098.9,3225.9,812.7,2930.3,1.8,17.9,57.8,1261.9,28.6,88.6,160.7,506.5,8.7,541.5,8.8,0.0,230.5,227.3,306.7,304.5,8.0,0.0,3.0,0.0,1.8,0.0,0.0,17.9
2756,490540,49,1,4,1803.7,5853.8,1499.9,5508.9,0.0,42.6,0.0,2167.8,0.0,1168.2,10.0,713.1,0.0,0.0,0.0,0.0,361.4,356.8,1108.5,1102.9,10.0,0.0,10.0,0.0,0.0,0.0,0.0,42.6
2757,490541,49,1,4,4737.5,3588.0,4461.7,3319.3,27.9,22.1,867.4,299.5,419.3,99.1,2337.9,2136.6,128.0,83.3,130.7,140.3,164.5,162.2,399.9,398.3,8.0,0.0,6.0,0.0,27.9,0.0,0.0,22.1
2758,490542,49,1,4,2312.4,5172.2,1924.9,4751.0,2.1,38.7,63.4,1419.2,32.1,738.6,188.4,991.2,11.3,0.0,11.6,0.0,475.2,469.2,1135.9,1132.8,1.0,0.0,6.0,0.0,2.1,0.0,0.0,38.7
2759,490543,49,1,4,15565.6,21996.6,14811.7,21104.4,40.5,185.6,1246.8,1636.5,618.5,7132.4,3455.1,3286.2,196.3,0.0,200.4,0.0,1942.4,1919.2,7127.3,7130.2,15.0,0.0,10.0,0.0,40.5,0.0,0.0,185.6
2760,490544,49,1,3,5803.3,2227.8,5552.4,1975.1,31.9,12.9,965.3,5.8,516.0,0.0,3124.6,1659.7,288.1,0.0,294.1,0.0,87.3,86.2,224.9,223.5,41.0,0.0,11.0,0.0,31.9,0.0,0.0,12.9
2761,490545,49,1,4,866.3,3000.0,345.5,2466.7,0.0,20.5,0.0,1088.5,0.0,137.8,2.0,901.5,0.0,0.0,0.0,0.0,190.9,188.4,150.6,150.4,0.0,0.0,2.0,0.0,0.0,0.0,0.0,20.5
2762,490546,49,1,4,2149.2,3445.6,1828.8,3101.6,8.9,27.5,268.1,553.6,147.0,231.5,664.5,1630.9,24.0,0.0,24.6,0.0,228.2,225.6,460.4,459.9,3.0,0.0,9.0,0.0,8.9,0.0,0.0,27.5
2763,490547,49,1,4,20250.9,19763.2,18678.4,18176.6,98.3,123.2,3155.4,3176.1,1563.1,924.9,8373.0,8701.7,425.7,608.2,434.4,131.2,1506.4,1486.5,3168.3,3147.9,47.0,0.0,5.0,0.0,98.3,0.0,0.0,123.2
2764,490548,49,1,4,3934.5,3258.5,3718.3,3046.9,21.8,21.0,711.5,471.2,365.2,240.5,1842.3,1721.2,79.8,0.0,81.6,0.0,159.5,157.2,459.4,456.8,17.0,0.0,2.0,0.0,21.8,0.0,0.0,21.0
2765,490549,49,1,4,10027.5,6906.4,9562.6,6448.3,53.6,45.4,1684.8,515.0,848.9,597.3,4745.3,3715.3,282.9,0.0,288.6,0.0,432.1,426.5,1198.9,1194.1,73.0,0.0,8.0,0.0,53.6,0.0,0.0,45.4
2766,490550,49,1,4,7852.8,6723.5,7383.4,6239.8,37.6,49.3,1175.6,765.4,598.5,801.7,3200.0,2647.6,168.4,0.0,172.1,0.0,553.8,546.4,1482.1,1478.6,23.0,0.0,10.0,0.0,37.6,0.0,0.0,49.3
2767,490551,49,1,4,2277.9,3271.1,1941.1,2921.3,6.6,24.5,212.4,730.4,111.0,204.7,511.2,938.8,18.5,0.0,18.9,0.0,350.1,345.6,703.1,701.8,13.0,0.0,3.0,0.0,6.6,0.0,0.0,24.5
2768,490552,49,1,4,701.0,2114.8,507.3,1909.4,1.1,16.0,32.2,739.5,18.5,175.1,82.4,632.4,3.5,0.0,3.6,0.0,129.9,128.1,235.1,234.4,0.0,0.0,2.0,0.0,1.1,0.0,0.0,16.0
2769,490553,49,1,4,4893.0,7879.3,4227.1,7167.5,15.9,62.8,491.5,1720.8,270.4,587.1,1209.5,2725.5,41.8,0.0,42.7,0.0,715.2,706.9,1429.0,1427.2,20.0,0.0,7.0,0.0,15.9,0.0,0.0,62.8
2770,490554,49,1,4,7142.3,7451.9,6503.6,6798.8,26.4,45.6,872.5,1355.2,458.8,576.6,2416.3,2399.5,126.4,0.0,129.1,0.0,791.1,781.0,1698.4,1686.5,9.0,0.0,2.0,0.0,26.4,0.0,0.0,45.6
2771,490555,49,1,4,8084.5,6075.6,7506.4,5507.8,41.6,36.4,1247.6,1099.0,658.8,64.5,4013.5,3494.2,346.8,0.0,353.9,0.0,322.2,317.5,535.6,532.6,24.0,0.0,4.0,0.0,41.6,0.0,0.0,36.4
2772,490556,49,1,4,5015.4,3243.5,4770.8,3019.2,28.1,15.0,874.5,175.3,438.9,0.0,2639.4,1744.1,203.9,735.7,208.4,0.0,114.5,113.0,252.3,251.1,38.0,0.0,1.0,0.0,28.1,0.0,0.0,15.0
2773,490557,49,1,4,8216.4,6786.7,7789.0,6375.0,45.9,35.7,1424.5,856.4,773.2,33.1,4138.9,3230.7,253.1,1126.8,258.5,217.4,318.5,314.3,598.3,596.2,22.0,0.0,2.0,0.0,45.9,0.0,0.0,35.7
2774,490558,49,1,4,4461.7,3204.6,4243.4,2995.1,25.5,16.7,770.6,156.2,408.2,10.1,2310.8,1658.5,161.2,759.9,164.6,0.0,137.5,135.7,275.5,274.7,10.0,0.0,5.0,0.0,25.5,0.0,0.0,16.7
2775,490559,49,1,3,5160.9,2620.6,4924.2,2380.2,30.6,17.0,959.6,69.5,494.6,0.0,2736.6,1930.3,163.6,0.0,167.1,0.0,112.8,111.3,270.0,269.1,9.0,0.0,11.0,0.0,30.6,0.0,0.0,17.0
2776,490560,49,1,3,7400.3,2691.0,7079.2,2370.3,40.5,17.5,1233.9,6.0,678.1,0.0,3956.6,1984.6,366.6,0.0,374.1,0.0,107.1,105.7,274.8,274.1,79.0,0.0,9.0,0.0,40.5,0.0,0.0,17.5
2777,490561,49,1,3,4757.6,4978.0,4549.6,4771.0,25.8,15.6,790.9,177.4,432.6,0.0,2484.9,1682.3,191.1,871.8,195.2,1606.9,150.3,148.2,285.4,284.4,13.0,0.0,6.0,0.0,25.8,0.0,0.0,15.6
2778,490562,49,1,3,6558.7,2688.8,6275.9,2415.0,34.4,14.1,1139.2,5.4,622.5,0.0,3532.5,2027.3,284.6,0.0,290.5,0.0,108.3,106.6,277.3,275.7,20.0,0.0,1.0,0.0,34.4,0.0,0.0,14.1
2779,490563,49,1,4,10295.9,6135.2,9841.9,5714.1,52.9,26.8,1658.4,406.8,918.8,117.8,5438.0,3382.9,497.8,718.9,508.0,299.4,240.8,237.2,556.0,551.2,21.0,0.0,3.0,0.0,52.9,0.0,0.0,26.8
2780,490564,49,1,3,4104.3,10804.9,3126.8,9759.9,9.3,66.2,293.4,4772.4,155.7,154.7,883.4,3201.7,68.5,0.0,70.1,0.0,745.6,735.0,903.0,896.0,3.0,0.0,4.0,0.0,9.3,0.0,0.0,66.2
2781,490565,49,1,3,4041.9,1581.5,3807.5,1340.8,21.5,8.1,682.8,2.6,347.0,0.0,2128.7,1131.0,194.9,0.0,199.1,0.0,58.0,57.1,151.1,150.1,40.0,0.0,6.0,0.0,21.5,0.0,0.0,8.1
2782,490566,49,1,3,3832.3,2410.3,3612.7,2186.5,21.3,9.9,660.0,44.6,346.8,0.0,2006.4,1207.3,163.1,683.6,166.6,0.0,77.7,76.4,176.0,174.7,11.0,0.0,5.0,0.0,21.3,0.0,0.0,9.9
2783,490567,49,1,3,6083.5,7029.8,5782.8,6729.9,32.5,18.3,1105.2,234.1,581.3,0.0,3124.5,2540.2,183.5,0.0,187.5,3389.3,192.2,189.5,380.7,376.8,19.0,0.0,9.0,0.0,32.5,0.0,0.0,18.3
2784,490568,49,1,3,4782.4,2105.2,4529.4,1851.0,24.9,10.2,821.4,64.8,431.8,0.0,2496.7,1505.6,202.5,0.0,206.8,0.0,83.3,82.0,200.9,198.7,81.0,0.0,5.0,0.0,24.9,0.0,0.0,10.2
2785,490569,49,1,3,4766.4,1533.4,4517.0,1276.3,22.5,6.9,716.8,2.3,411.7,0.0,2519.9,1078.3,268.0,0.0,273.6,0.0,54.8,54.0,143.2,141.7,122.0,0.0,7.0,0.0,22.5,0.0,0.0,6.9
2786,490570,49,1,3,3379.7,1420.7,3131.7,1154.3,17.2,6.8,553.4,26.2,292.2,0.0,1757.8,964.5,166.7,0.0,170.4,0.0,46.9,46.1,118.4,117.5,14.0,0.0,12.0,0.0,17.2,0.0,0.0,6.8
2787,490571,49,1,3,2432.5,8106.1,1700.1,7327.5,0.0,37.4,0.0,2235.8,0.0,620.8,15.0,2830.2,0.0,0.0,0.0,0.0,635.2,624.9,1034.8,1015.8,0.0,0.0,15.0,0.0,0.0,0.0,0.0,37.4
2788,490572,49,1,3,7924.5,5663.1,7550.9,5286.8,35.4,19.1,1298.7,459.0,675.5,0.0,4019.7,2815.8,345.4,748.8,352.6,461.1,300.3,295.5,515.8,506.6,31.0,0.0,12.0,0.0,35.4,0.0,0.0,19.1
2789,490573,49,1,3,4350.7,3896.9,4071.6,3620.1,20.2,10.3,753.2,301.5,376.0,1.2,2206.5,1552.5,174.6,1097.2,178.3,299.4,127.9,126.0,246.0,242.3,8.0,0.0,1.0,0.0,20.2,0.0,0.0,10.3
2790,490574,49,1,3,3101.9,8645.9,2264.1,7724.2,0.0,82.8,0.0,1903.7,0.0,1342.2,6.0,2232.4,0.0,0.0,0.0,0.0,702.6,695.4,1549.5,1550.6,0.0,0.0,6.0,0.0,0.0,0.0,0.0,82.8
2791,490575,49,1,4,2367.7,1072.3,2224.1,930.3,14.3,7.9,391.8,10.1,212.6,7.7,1257.4,755.0,94.0,0.0,95.9,0.0,44.0,43.4,114.4,114.2,7.0,0.0,7.0,0.0,14.3,0.0,0.0,7.9
2792,490576,49,1,3,82.0,82.1,2.0,0.0,0.0,0.0,0.0,0.0,0.0,0.0,1.0,0.0,0.0,0.0,0.0,0.0,0.0,0.0,0.0,0.0,0.0,0.0,1.0,0.0,0.0,0.0,0.0,0.0
2793,490577,49,1,3,83.3,83.6,4.0,0.0,0.0,0.0,0.0,0.0,0.0,0.0,2.0,0.0,0.0,0.0,0.0,0.0,0.0,0.0,0.0,0.0,0.0,0.0,2.0,0.0,0.0,0.0,0.0,0.0
2794,490578,49,1,3,69.0,68.5,0.0,0.0,0.0,0.0,0.0,0.0,0.0,0.0,0.0,0.0,0.0,0.0,0.0,0.0,0.0,0.0,0.0,0.0,0.0,0.0,0.0,0.0,0.0,0.0,0.0,0.0
2795,490579,49,1,4,2915.0,8932.0,2292.4,8227.7,0.0,88.0,0.0,1217.3,0.0,1397.0,2.0,3330.2,0.0,0.0,0.0,0.0,631.0,624.6,1657.3,1658.5,0.0,0.0,2.0,0.0,0.0,0.0,0.0,88.0
2796,490580,49,1,4,81.5,81.2,0.0,0.0,0.0,0.0,0.0,0.0,0.0,0.0,0.0,0.0,0.0,0.0,0.0,0.0,0.0,0.0,0.0,0.0,0.0,0.0,0.0,0.0,0.0,0.0,0.0,0.0
2797,490581,49,1,4,81.2,82.6,0.0,0.0,0.0,0.0,0.0,0.0,0.0,0.0,0.0,0.0,0.0,0.0,0.0,0.0,0.0,0.0,0.0,0.0,0.0,0.0,0.0,0.0,0.0,0.0,0.0,0.0
2798,490582,49,1,2,81.2,77.3,14.0,0.0,0.0,0.0,0.0,0.0,0.0,0.0,7.0,0.0,0.0,0.0,0.0,0.0,0.0,0.0,0.0,0.0,0.0,0.0,7.0,0.0,0.0,0.0,0.0,0.0
2799,490583,49,1,3,69.1,58.3,24.0,0.0,0.0,0.0,0.0,0.0,0.0,0.0,12.0,0.0,0.0,0.0,0.0,0.0,0.0,0.0,0.0,0.0,0.0,0.0,12.0,0.0,0.0,0.0,0.0,0.0
2800,490584,49,1,4,1389.9,4395.1,928.6,3892.7,0.0,47.9,0.0,1818.4,0.0,563.5,2.0,589.4,0.0,0.0,0.0,0.0,360.5,356.6,564.1,565.0,0.0,0.0,2.0,0.0,0.0,0.0,0.0,47.9
2801,490585,49,1,4,83.4,82.8,4.0,0.0,0.0,0.0,0.0,0.0,0.0,0.0,2.0,0.0,0.0,0.0,0.0,0.0,0.0,0.0,0.0,0.0,0.0,0.0,2.0,0.0,0.0,0.0,0.0,0.0
2802,490586,49,1,3,91.1,83.7,20.0,0.0,0.0,0.0,0.0,0.0,0.0,0.0,10.0,0.0,0.0,0.0,0.0,0.0,0.0,0.0,0.0,0.0,0.0,0.0,10.0,0.0,0.0,0.0,0.0,0.0
2803,490587,49,1,4,15634.0,7413.2,15043.3,6846.8,101.3,56.8,2652.6,96.0,1440.0,0.0,8515.0,4994.9,647.6,711.0,660.9,0.0,307.9,304.7,740.2,740.2,59.0,0.0,20.0,0.0,101.3,0.0,0.0,56.8
2804,490588,49,1,3,7494.3,4646.6,7175.9,4332.1,49.3,28.1,1224.4,46.3,658.0,0.0,3967.6,2308.9,315.1,1492.3,321.7,0.0,143.0,141.3,343.1,343.4,202.0,0.0,1.0,0.0,49.3,0.0,0.0,28.1
2805,490589,49,1,3,57.1,76.4,11.8,28.9,0.0,0.3,0.0,9.7,0.0,0.0,2.0,11.4,0.0,0.0,0.0,0.0,3.4,3.4,4.4,4.4,0.0,0.0,2.0,0.0,0.0,0.0,0.0,0.3
2806,490590,49,1,4,1873.8,3773.5,1471.0,3334.1,0.0,37.0,0.0,654.8,0.0,306.4,3.0,911.3,0.0,0.0,0.0,0.0,483.7,478.7,981.3,982.8,0.0,0.0,3.0,0.0,0.0,0.0,0.0,37.0
2807,490591,49,1,4,2345.8,8313.7,1508.3,7395.0,0.0,86.2,1.0,2075.6,0.7,604.6,8.6,3225.6,0.2,0.0,0.2,0.0,576.6,571.1,916.0,918.1,0.0,0.0,5.0,0.0,0.0,0.0,0.0,86.2
2808,490592,49,1,4,3250.6,1266.3,3059.6,1075.7,19.7,9.5,497.4,4.4,264.5,0.0,1675.0,896.2,141.2,0.0,144.2,0.0,48.5,48.3,126.9,126.8,148.0,0.0,14.0,0.0,19.7,0.0,0.0,9.5
2809,490593,49,1,3,9041.9,3602.6,8651.9,3213.2,60.5,30.4,1474.1,7.8,800.5,0.0,4916.6,2672.2,417.0,0.0,425.7,0.0,150.1,148.3,383.9,384.9,79.0,0.0,5.0,0.0,60.5,0.0,0.0,30.4
2810,490594,49,1,4,10712.9,5472.7,10267.1,5041.3,77.0,49.3,2036.7,13.3,1040.8,0.0,5682.4,4191.7,298.9,0.0,305.0,0.0,235.6,233.4,601.7,603.0,57.0,0.0,9.0,0.0,77.0,0.0,0.0,49.3
2811,490595,49,1,4,4934.6,3296.1,4664.7,3023.9,33.0,30.5,868.7,147.2,442.5,147.7,2429.6,2111.6,130.9,0.0,133.8,0.0,173.1,171.0,445.1,446.4,38.0,0.0,3.0,0.0,33.0,0.0,0.0,30.5
2812,490596,49,1,4,2230.2,6317.2,1496.4,5524.3,0.0,63.8,1.0,2365.9,0.7,766.9,9.6,915.0,0.2,0.0,0.2,0.0,590.9,585.2,887.9,891.3,0.0,0.0,6.0,0.0,0.0,0.0,0.0,63.8
2813,490597,49,1,3,4435.0,1548.8,4180.4,1280.7,26.4,11.4,620.5,16.9,366.8,0.0,2319.7,1056.3,238.7,0.0,243.7,0.0,57.8,57.1,150.1,150.4,174.0,0.0,9.0,0.0,26.4,0.0,0.0,11.4
2814,490598,49,1,3,2105.6,944.7,1902.3,725.4,12.5,6.7,288.0,46.1,168.9,0.0,1074.0,543.3,111.0,0.0,113.5,0.0,44.9,44.5,91.2,91.6,9.0,0.0,2.0,0.0,12.5,0.0,0.0,6.7
2815,490599,49,1,3,2849.4,3198.0,2552.7,2878.8,14.6,19.1,330.8,247.7,200.1,108.3,1238.7,1009.3,124.7,1041.8,127.5,0.0,155.0,152.9,317.8,318.7,52.0,0.0,6.0,0.0,14.6,0.0,0.0,19.1
2816,490600,49,1,4,3492.3,2704.6,3279.4,2469.7,21.7,26.3,564.3,165.9,289.5,192.9,1577.2,1472.7,79.3,0.0,81.2,0.0,181.1,179.0,457.7,459.2,32.0,0.0,17.0,0.0,21.7,0.0,0.0,26.3
2817,490601,49,1,4,2811.6,8776.2,1984.4,7864.1,0.0,89.1,0.0,2166.5,0.0,1129.4,5.0,2593.8,0.0,0.0,0.0,0.0,624.0,618.2,1350.4,1356.3,0.0,0.0,5.0,0.0,0.0,0.0,0.0,89.1
2818,490602,49,1,3,9850.3,4869.1,9354.2,4379.5,66.2,39.3,1659.2,77.0,884.4,0.0,5275.0,3670.8,400.2,0.0,408.0,0.0,186.6,184.6,444.8,447.0,89.0,0.0,7.0,0.0,66.2,0.0,0.0,39.3
2819,490603,49,1,4,230.8,1499.0,104.5,1367.1,0.1,3.5,3.2,164.6,2.0,10.0,23.0,89.5,1.2,1038.8,1.2,0.0,35.1,35.0,28.8,29.0,0.0,0.0,10.0,0.0,0.1,0.0,0.0,3.5
2820,490604,49,1,4,3357.3,2639.6,3042.4,2322.1,19.2,24.1,450.8,563.1,255.4,173.0,1556.9,1139.7,137.5,0.0,140.6,0.0,164.9,163.0,282.1,283.3,49.0,0.0,5.0,0.0,19.2,0.0,0.0,24.1
2821,490605,49,1,4,1956.7,1215.9,1791.9,1053.5,12.3,10.1,300.4,61.0,163.1,43.1,959.4,760.2,70.8,0.0,72.4,0.0,54.5,54.0,134.3,135.2,30.0,0.0,7.0,0.0,12.3,0.0,0.0,10.1
2822,490606,49,1,4,684.0,2504.1,377.3,2179.9,0.0,18.1,0.0,701.8,0.0,81.4,8.0,661.6,0.0,0.0,0.0,374.7,172.1,170.2,189.2,190.2,0.0,0.0,8.0,0.0,0.0,0.0,0.0,18.1
2823,490607,49,1,4,2066.4,7135.2,1204.2,6212.8,0.1,62.7,2.7,3204.3,1.6,343.7,19.4,1497.8,0.5,0.0,0.6,0.0,628.0,622.3,541.4,544.7,0.0,0.0,10.0,0.0,0.1,0.0,0.0,62.7
2824,490608,49,1,4,4843.5,13149.1,4136.1,12299.5,1.7,141.4,41.6,3109.2,23.0,2828.3,139.0,2465.1,6.9,0.0,7.1,0.0,979.0,969.5,2923.5,2927.5,0.0,0.0,16.0,0.0,1.7,0.0,0.0,141.4
2825,490609,49,1,4,3350.3,3468.5,3155.8,3275.9,22.3,18.1,584.0,106.0,301.9,0.0,1698.2,1301.9,99.0,574.5,101.2,971.7,106.9,105.8,215.5,216.0,42.0,0.0,7.0,0.0,22.3,0.0,0.0,18.1
2826,490610,49,1,3,4533.7,5276.6,4032.6,4720.6,17.3,56.3,434.2,686.1,244.3,407.5,1359.8,1750.6,92.1,103.2,94.1,0.0,571.1,566.3,1201.9,1206.9,24.0,0.0,11.0,0.0,17.3,0.0,0.0,56.3
2827,490611,49,1,3,4319.0,5873.1,3755.6,5242.1,11.6,64.6,291.7,970.8,159.1,689.9,972.2,1431.0,80.1,0.0,81.8,0.0,664.6,659.1,1485.1,1491.2,14.0,0.0,7.0,0.0,11.6,0.0,0.0,64.6
2828,490612,49,1,3,8170.1,3630.1,7839.0,3294.5,50.3,30.7,1240.6,43.9,739.8,0.0,4433.9,2233.0,419.1,552.5,427.7,0.0,136.8,135.2,328.9,329.9,104.0,0.0,8.0,0.0,50.3,0.0,0.0,30.7
2829,490613,49,1,3,8088.4,3235.8,7738.3,2868.8,49.5,32.4,1313.0,21.2,785.0,0.0,4396.2,2375.0,348.4,0.0,355.6,0.0,134.4,132.8,338.5,339.7,54.0,0.0,13.0,0.0,49.5,0.0,0.0,32.4
2830,490614,49,1,3,1769.3,760.3,1602.5,583.7,10.1,6.9,270.5,0.9,158.9,0.0,908.4,488.7,74.1,0.0,75.7,0.0,25.5,25.3,68.3,68.8,20.0,0.0,1.0,0.0,10.1,0.0,0.0,6.9
2831,490615,49,1,4,3307.3,3320.6,3114.8,3075.2,20.7,33.7,552.4,654.6,281.6,201.3,1482.7,1613.2,66.2,0.0,67.8,0.0,178.9,176.9,428.2,429.0,16.0,0.0,41.0,0.0,20.7,0.0,0.0,33.7
2832,490616,49,1,4,7576.7,3409.9,7294.5,3149.3,48.9,26.1,1119.9,43.9,692.6,0.0,4058.4,1984.1,378.1,706.6,385.9,0.0,122.7,121.5,292.9,293.4,238.0,0.0,6.0,0.0,48.9,0.0,0.0,26.1
2833,490617,49,1,4,7352.1,6082.7,6711.9,5412.7,36.2,65.4,873.1,1006.7,514.5,460.1,2990.4,2175.9,255.5,0.0,260.9,0.0,586.2,581.1,1184.1,1188.9,40.0,0.0,7.0,0.0,36.2,0.0,0.0,65.4
2834,490618,49,1,4,6576.1,5652.7,6162.0,5216.0,34.1,53.3,899.4,373.0,490.0,440.9,2814.5,2259.4,198.1,768.4,202.4,0.0,394.3,390.4,979.4,983.9,177.0,0.0,7.0,0.0,34.1,0.0,0.0,53.3
2835,490619,49,1,3,3398.5,4735.7,3192.6,4486.7,19.5,25.3,521.4,299.7,284.7,0.0,1630.6,1342.8,107.7,0.0,110.1,2380.0,178.0,176.5,286.1,287.6,48.0,0.0,26.0,0.0,19.5,0.0,0.0,25.3
2836,490620,49,1,3,3194.2,8121.6,2579.8,7409.9,7.8,94.3,219.7,2119.3,122.6,608.6,643.9,3171.9,33.3,0.0,34.0,0.0,512.9,508.9,995.4,1001.2,9.0,0.0,9.0,0.0,7.8,0.0,0.0,94.3
2837,490621,49,1,4,13263.0,15592.9,12113.3,14330.6,66.5,174.4,1707.4,1962.5,878.3,1552.7,4868.4,6767.2,270.4,0.0,275.9,0.0,1200.2,1189.9,2846.6,2858.4,54.0,0.0,12.0,0.0,66.5,0.0,0.0,174.4
2838,490622,49,1,4,9766.8,13416.8,8623.4,12162.5,42.6,151.8,1039.6,2925.9,604.3,1043.6,3391.2,5200.9,258.8,0.0,264.2,0.0,999.4,990.8,1989.9,2001.3,66.0,0.0,10.0,0.0,42.6,0.0,0.0,151.8
2839,490623,49,1,4,8787.3,7797.4,8211.6,7172.4,47.6,89.7,1276.6,619.3,652.2,775.5,3738.7,3732.0,227.7,0.0,232.5,0.0,578.0,573.1,1462.8,1472.5,32.0,0.0,11.0,0.0,47.6,0.0,0.0,89.7
2840,490624,49,1,4,6394.1,2855.3,6108.7,2577.4,40.9,30.4,1090.5,21.9,600.5,13.6,3380.0,2108.5,229.6,0.0,234.3,0.0,121.6,120.4,311.3,313.0,134.0,0.0,7.0,0.0,40.9,0.0,0.0,30.4
2841,490625,49,1,3,3277.2,4502.9,3102.6,4311.9,20.0,22.7,571.7,136.6,297.8,13.6,1606.3,1345.0,82.6,833.4,84.3,1633.8,115.1,113.8,233.9,235.7,102.0,0.0,9.0,0.0,20.0,0.0,0.0,22.7
2842,490626,49,1,4,7652.3,5852.4,7117.3,5296.4,41.4,57.1,1089.6,863.6,651.3,100.1,3709.0,2673.7,309.3,692.0,315.8,0.0,337.2,333.7,630.0,633.3,60.0,0.0,15.0,0.0,41.4,0.0,0.0,57.1
2843,490627,49,1,4,9185.9,6225.1,8672.4,5691.0,55.7,68.2,1343.6,458.8,747.0,478.2,4280.8,3168.0,316.6,0.0,322.9,0.0,460.8,456.6,1124.7,1129.5,64.0,0.0,12.0,0.0,55.7,0.0,0.0,68.2
2844,490628,49,1,4,7129.8,4958.8,6813.6,4652.9,46.7,37.1,1135.4,218.0,644.0,53.4,3734.6,2308.3,297.0,0.0,302.8,1477.9,184.7,182.9,410.1,412.3,101.0,0.0,4.0,0.0,46.7,0.0,0.0,37.1
2845,490629,49,1,4,5445.9,6067.0,5073.6,5575.0,24.3,71.9,650.1,669.6,333.9,869.0,1937.7,2224.5,106.2,0.0,108.6,0.0,490.8,487.0,1314.2,1324.8,56.0,0.0,76.0,0.0,24.3,0.0,0.0,71.9
2846,490630,49,1,4,4583.5,4697.2,4233.0,4313.6,23.5,55.0,641.3,406.9,324.3,567.4,1790.3,2090.3,96.0,0.0,98.3,0.0,335.7,332.7,909.0,916.2,32.0,0.0,6.0,0.0,23.5,0.0,0.0,55.0
2847,490631,49,1,4,9128.1,4979.8,8709.9,4558.8,57.9,54.6,1543.9,198.1,865.7,98.4,4798.4,3458.6,325.0,0.0,331.6,0.0,236.7,234.9,564.4,568.9,36.0,0.0,8.0,0.0,57.9,0.0,0.0,54.6
2848,490632,49,1,3,6325.9,4272.6,5893.8,3780.2,34.8,47.4,916.6,683.3,530.9,78.8,3031.1,2217.0,228.7,0.0,233.6,0.0,282.0,280.0,516.9,521.1,118.0,0.0,36.0,0.0,34.8,0.0,0.0,47.4
2849,490633,49,1,4,6239.7,5286.2,5855.5,4871.1,30.4,63.4,830.6,419.6,479.0,770.8,2727.7,2316.4,212.7,0.0,217.3,0.0,336.1,333.3,1023.1,1030.9,23.0,0.0,6.0,0.0,30.4,0.0,0.0,63.4
2850,490634,49,1,4,2058.9,3770.1,1701.9,3378.3,6.5,43.2,169.8,915.7,102.5,246.1,598.7,1502.3,51.7,0.0,52.9,0.0,257.5,255.3,455.7,458.9,5.0,0.0,8.0,0.0,6.5,0.0,0.0,43.2
2851,490635,49,1,4,1805.7,7081.6,1116.2,6317.0,0.0,78.4,0.0,2340.8,0.0,176.3,8.0,2520.5,0.0,0.0,0.0,179.3,497.9,493.6,602.4,606.5,0.0,0.0,8.0,0.0,0.0,0.0,0.0,78.4
2852,490636,49,1,4,412.2,1350.6,251.2,1173.8,0.1,15.4,2.3,315.2,1.5,119.4,15.5,515.1,0.3,0.0,0.4,0.0,74.4,74.0,148.8,150.2,0.0,0.0,8.0,0.0,0.1,0.0,0.0,15.4
2853,490637,49,1,4,10532.6,5398.4,10004.9,4881.6,70.3,53.7,1648.3,332.2,933.2,107.6,5470.0,3382.5,443.5,0.0,452.4,83.5,303.4,300.4,672.1,675.4,72.0,0.0,10.0,0.0,70.3,0.0,0.0,53.7
2854,490638,49,1,4,5052.9,5494.5,4575.1,4995.7,30.0,49.0,733.0,1186.6,417.7,17.1,2307.4,2266.2,159.2,785.6,162.6,0.0,308.8,305.9,431.4,434.2,49.0,0.0,6.0,0.0,30.0,0.0,0.0,49.0
2855,490639,49,1,4,10619.8,13756.2,9571.9,12596.5,46.1,155.5,1245.0,1636.1,661.5,1619.0,3307.5,5292.4,144.8,0.0,148.0,0.0,1167.7,1158.8,2861.4,2890.2,29.0,0.0,7.0,0.0,46.1,0.0,0.0,155.5
2856,490640,49,1,4,4739.0,6284.4,4208.1,5699.9,17.5,72.2,456.6,1193.3,247.6,545.0,1352.0,1983.7,79.8,0.0,81.7,0.0,651.0,646.0,1318.4,1331.8,17.0,0.0,4.0,0.0,17.5,0.0,0.0,72.2
2857,490641,49,1,4,4042.9,2490.6,3825.6,2263.8,26.0,27.1,690.5,156.4,374.5,58.6,2048.1,1631.5,120.6,0.0,123.3,0.0,127.0,126.0,288.5,291.3,42.0,0.0,11.0,0.0,26.0,0.0,0.0,27.1
2858,490642,49,1,3,5778.6,2459.7,5522.8,2196.9,37.9,26.5,983.0,5.1,558.8,0.0,3130.1,1823.5,225.9,0.0,230.7,0.0,102.4,101.6,263.8,266.7,21.0,0.0,7.0,0.0,37.9,0.0,0.0,26.5
2859,490643,49,1,4,5174.9,3495.3,4915.2,3241.5,31.8,23.8,823.9,70.0,484.0,0.0,2771.2,1543.3,227.6,1274.0,232.5,0.0,109.1,108.0,243.8,246.3,17.0,0.0,6.0,0.0,31.8,0.0,0.0,23.8
2860,490644,49,1,4,984.0,6775.8,339.9,6056.0,0.0,77.1,0.0,2791.5,0.0,82.9,15.0,2872.0,0.0,0.0,0.0,0.0,169.5,167.8,140.4,141.8,0.0,0.0,15.0,0.0,0.0,0.0,0.0,77.1
2861,490645,49,1,4,4435.4,7180.9,3790.3,6449.2,7.2,88.1,191.4,968.7,99.8,994.7,563.9,1624.3,30.8,0.0,31.7,0.0,861.1,854.2,1990.5,2007.1,7.0,0.0,14.0,0.0,7.2,0.0,0.0,88.1
2862,490646,49,1,4,3973.2,3180.6,3731.3,2930.8,25.1,27.1,695.1,108.8,387.3,57.7,2008.8,1603.5,104.4,751.3,106.8,0.0,122.2,120.8,286.8,288.8,12.0,0.0,8.0,0.0,25.1,0.0,0.0,27.1
2863,490647,49,1,4,7160.6,3915.7,6809.8,3558.2,50.3,38.4,1216.3,240.1,681.4,17.0,3793.6,2771.8,253.5,0.0,258.8,0.0,163.3,161.6,365.9,367.8,54.0,0.0,23.0,0.0,50.3,0.0,0.0,38.4
2864,490648,49,1,4,3373.8,7170.6,3047.6,6809.5,19.0,37.7,446.7,811.2,262.8,11.2,1542.0,2009.8,128.1,892.6,130.8,2596.5,206.3,204.2,281.9,284.2,25.0,0.0,24.0,0.0,19.0,0.0,0.0,37.7
2865,490649,49,1,4,8269.5,8708.8,7699.7,8078.5,37.8,101.0,958.7,729.6,519.2,1454.0,2952.6,3169.1,202.6,0.0,206.9,0.0,698.0,693.0,2010.7,2032.8,148.0,0.0,3.0,0.0,37.8,0.0,0.0,101.0
2866,490650,49,1,4,7559.5,8555.5,6840.5,7775.3,34.8,95.6,892.3,937.0,495.8,823.4,2713.6,3686.7,175.5,0.0,179.2,0.0,690.1,684.9,1624.0,1643.2,64.0,0.0,6.0,0.0,34.8,0.0,0.0,95.6
2867,490651,49,1,4,6604.3,11326.1,5851.3,10471.2,19.7,122.5,518.2,1236.8,292.6,1576.3,1529.6,3489.5,83.5,853.3,85.4,18.4,920.7,914.6,2354.4,2382.3,59.0,0.0,8.0,0.0,19.7,0.0,0.0,122.5
2868,490652,49,1,4,4489.3,4467.1,4273.8,4253.7,28.2,26.2,744.9,235.9,412.6,0.0,2302.8,1573.6,153.4,0.0,156.5,2056.0,128.1,126.9,258.5,261.2,114.0,0.0,3.0,0.0,28.2,0.0,0.0,26.2
2869,490653,49,1,3,3791.6,1752.5,3579.1,1536.0,24.9,18.8,654.2,19.0,357.9,3.3,2017.8,1259.4,136.3,0.0,139.3,0.0,70.8,70.5,181.8,183.9,20.0,0.0,1.0,0.0,24.9,0.0,0.0,18.8
2870,490654,49,1,4,2004.3,2372.2,1718.6,2077.7,7.9,23.8,205.0,569.2,114.6,94.7,671.5,562.8,52.3,190.5,53.5,69.6,195.6,193.7,394.2,397.2,30.0,0.0,2.0,0.0,7.9,0.0,0.0,23.8
2871,490655,49,1,4,7672.1,2733.9,7390.0,2475.1,48.2,24.9,1152.3,5.9,670.7,0.0,3887.0,2057.3,326.6,0.0,333.0,0.0,115.4,114.1,296.1,297.8,603.0,0.0,6.0,0.0,48.2,0.0,0.0,24.9
2872,490656,49,1,4,5418.5,2084.3,5182.2,1845.2,36.5,19.5,862.3,4.4,513.2,0.0,2949.5,1533.4,244.5,0.0,249.4,0.0,85.5,84.6,220.7,222.8,29.0,0.0,28.0,0.0,36.5,0.0,0.0,19.5
2873,490657,49,1,4,5190.1,2368.8,4926.3,2115.9,35.1,23.2,863.4,61.8,503.3,3.2,2746.2,1692.4,192.5,0.0,196.5,0.0,105.9,104.9,250.6,253.6,60.0,0.0,8.0,0.0,35.1,0.0,0.0,23.2
2874,490658,49,1,4,7256.0,7767.7,6649.9,7116.8,40.0,84.5,1060.0,887.2,550.7,618.8,2994.4,3915.5,160.5,0.0,164.1,0.0,502.9,499.3,1180.1,1195.9,33.0,0.0,4.0,0.0,40.0,0.0,0.0,84.5
2875,490659,49,1,4,1462.9,3974.6,1268.5,3742.4,5.7,32.3,151.1,657.1,77.5,193.9,452.4,1299.2,26.1,1072.2,26.8,0.0,176.4,175.1,340.2,344.9,4.0,0.0,14.0,0.0,5.7,0.0,0.0,32.3
2876,490660,49,1,4,4653.0,2266.3,4399.6,2009.5,31.4,23.4,829.3,36.6,454.3,0.0,2456.7,1635.4,141.1,0.0,144.1,0.0,95.7,95.0,239.4,242.6,22.0,0.0,17.0,0.0,31.4,0.0,0.0,23.4
2877,490661,49,1,3,2984.4,1207.2,2826.6,1022.5,19.4,12.5,478.4,3.2,274.6,0.0,1608.1,847.9,127.5,0.0,130.3,0.0,46.7,46.6,123.1,124.9,15.0,0.0,23.0,0.0,19.4,0.0,0.0,12.5
2878,490662,49,1,3,6927.1,3807.8,6541.7,3386.8,43.0,43.5,1075.7,200.6,600.1,156.9,3554.9,2299.8,287.7,15.9,293.7,14.4,203.7,201.8,492.0,497.4,20.0,0.0,14.0,0.0,43.0,0.0,0.0,43.5
2879,490663,49,1,3,1750.8,3379.2,1486.2,3073.5,7.5,32.6,188.7,525.8,107.9,130.5,598.6,1299.0,41.4,332.3,42.4,299.6,179.2,177.6,305.0,308.6,17.0,0.0,6.0,0.0,7.5,0.0,0.0,32.6
2880,490664,49,1,3,4223.9,2258.6,4004.4,2006.5,26.2,25.6,669.7,163.2,372.3,61.7,2152.8,1432.2,157.6,0.0,161.1,0.0,99.4,98.7,248.4,250.8,119.0,0.0,24.0,0.0,26.2,0.0,0.0,25.6
2881,490665,49,1,3,4231.0,1750.1,4009.9,1519.8,27.5,18.7,698.5,3.1,399.0,0.0,2263.5,1260.2,170.8,0.0,174.5,0.0,71.2,70.6,184.3,185.9,43.0,0.0,5.0,0.0,27.5,0.0,0.0,18.7
2882,490666,49,1,3,2626.7,1550.4,2473.9,1354.8,16.2,16.7,442.9,59.9,244.3,43.5,1314.5,1006.9,68.0,0.0,69.6,0.0,68.3,67.8,175.2,176.6,56.0,0.0,35.0,0.0,16.2,0.0,0.0,16.7
2883,490667,49,1,4,4876.4,5284.2,4632.8,5054.2,33.1,24.3,787.9,143.0,452.2,6.8,2558.1,1594.7,195.8,744.5,200.0,2150.3,136.4,135.2,276.4,279.7,25.0,0.0,1.0,0.0,33.1,0.0,0.0,24.3
2884,490668,49,1,4,6103.0,3237.7,5842.6,2980.0,44.0,33.7,1160.6,62.6,598.6,6.9,3212.9,2404.8,165.0,0.0,168.6,0.0,144.8,143.4,357.1,362.2,28.0,0.0,7.0,0.0,44.0,0.0,0.0,33.7
2885,490669,49,1,4,1971.1,5239.0,1633.3,4833.3,0.9,61.4,21.4,1069.9,11.6,861.5,71.7,1377.0,3.2,0.0,3.2,0.0,429.8,427.1,1081.5,1097.8,1.0,0.0,10.0,0.0,0.9,0.0,0.0,61.4
2886,490670,49,1,4,3315.2,3024.0,3033.2,2715.8,14.8,34.1,360.1,312.5,205.6,324.6,1211.1,1048.6,99.7,0.0,101.8,0.0,305.1,302.9,716.8,727.2,22.0,0.0,11.0,0.0,14.8,0.0,0.0,34.1
2887,490671,49,1,4,9862.1,9960.9,9214.4,9235.3,43.7,120.3,1124.5,601.4,611.0,1904.5,3376.1,3054.1,211.5,0.0,215.8,0.0,928.0,922.0,2711.5,2753.5,31.0,0.0,5.0,0.0,43.7,0.0,0.0,120.3
2888,490672,49,1,4,4319.8,5479.6,3864.9,4981.8,20.4,62.8,518.9,839.7,292.6,573.7,1560.4,2286.1,92.6,0.0,94.7,0.0,369.6,367.2,901.1,915.0,29.0,0.0,6.0,0.0,20.4,0.0,0.0,62.8
2889,490673,49,1,3,4859.9,5826.9,4301.0,5209.0,29.9,67.6,740.6,976.8,415.7,3.4,2299.9,3718.6,154.3,0.0,157.7,0.0,214.2,212.3,294.5,297.9,15.0,0.0,9.0,0.0,29.9,0.0,0.0,67.6
2890,490674,49,1,3,2802.8,5848.4,2266.7,5225.3,5.6,72.5,134.7,1441.4,80.1,521.0,440.0,1715.8,31.1,0.0,31.9,0.0,503.3,499.9,1035.6,1047.2,3.0,0.0,7.0,0.0,5.6,0.0,0.0,72.5
2891,490675,49,1,3,6819.5,6191.9,6419.2,5744.9,40.1,64.2,959.5,530.5,552.6,597.4,3116.3,2280.3,233.7,1037.7,238.6,0.0,348.3,345.6,943.2,953.4,22.0,0.0,5.0,0.0,40.1,0.0,0.0,64.2
2892,490676,49,1,3,6396.7,7375.8,6070.7,7033.0,42.4,38.0,1078.1,268.5,608.7,0.0,3329.1,2273.5,217.0,0.0,221.3,3901.4,199.4,197.5,389.2,392.1,19.0,0.0,9.0,0.0,42.4,0.0,0.0,38.0
2893,490677,49,1,3,4035.0,5779.3,3748.5,5469.1,25.3,37.4,607.3,451.4,350.3,186.7,1912.0,1568.2,131.6,852.1,134.4,1813.3,180.4,178.7,414.5,418.6,16.0,0.0,2.0,0.0,25.3,0.0,0.0,37.4
2894,490678,49,1,3,6302.6,2480.7,5998.7,2174.3,41.9,25.2,1019.3,6.4,607.3,0.0,3350.6,1796.7,256.6,0.0,261.6,0.0,103.6,102.6,266.6,268.6,130.0,0.0,3.0,0.0,41.9,0.0,0.0,25.2
2895,490679,49,1,4,3352.3,1557.2,3170.0,1385.5,22.5,14.4,597.0,3.0,325.0,0.0,1759.7,1148.8,102.6,0.0,104.5,0.0,64.8,64.2,168.5,169.4,44.0,0.0,4.0,0.0,22.5,0.0,0.0,14.4
2896,490680,49,1,4,2950.8,6494.8,2640.4,6102.3,0.0,77.3,0.0,544.7,0.0,1817.3,12.0,1100.8,0.0,0.0,0.0,0.0,616.2,611.7,2000.2,2027.8,0.0,0.0,12.0,0.0,0.0,0.0,0.0,77.3
2897,490681,49,1,4,3283.7,6686.9,2978.9,6295.9,1.4,82.2,35.0,501.2,18.6,1872.0,108.0,1097.0,5.1,0.0,5.2,0.0,665.8,661.6,2131.2,2164.0,1.0,0.0,9.0,0.0,1.4,0.0,0.0,82.2
2898,490682,49,1,4,12321.1,20789.5,10942.5,19166.2,5.0,247.4,128.0,2056.5,70.1,4983.2,395.4,1747.7,24.1,0.0,24.8,0.0,2769.6,2751.9,7515.5,7626.9,5.0,0.0,10.0,0.0,5.0,0.0,0.0,247.4
2899,490683,49,1,4,10290.1,14111.4,9514.4,13220.9,39.4,153.0,971.0,1182.1,506.7,3028.4,2830.1,4150.0,166.5,0.0,169.9,0.0,1179.7,1169.8,3653.6,3690.7,29.0,0.0,8.0,0.0,39.4,0.0,0.0,153.0
2900,490684,49,1,4,3638.1,3589.1,3298.4,3191.5,15.9,36.3,381.3,486.1,217.3,277.1,1221.0,1477.0,79.3,0.0,81.2,0.0,303.2,300.6,643.1,650.7,330.0,0.0,42.0,0.0,15.9,0.0,0.0,36.3
2901,490685,49,1,4,1392.6,2710.8,1159.9,2430.1,0.5,29.9,11.9,473.5,6.9,406.6,62.6,493.0,2.5,0.0,2.5,0.0,315.6,313.5,733.6,743.5,0.0,0.0,24.0,0.0,0.5,0.0,0.0,29.9
2902,490686,49,1,4,8069.6,16125.9,6820.9,14695.9,0.0,184.1,0.0,1893.8,0.0,2896.6,5.0,3027.3,0.0,0.0,0.0,0.0,1959.9,1948.8,4851.0,4929.3,0.0,0.0,5.0,0.0,0.0,0.0,0.0,184.1
2903,490687,49,1,4,4271.2,6686.2,3793.6,6137.9,13.3,78.4,344.8,1177.9,178.3,1000.9,986.2,1782.3,53.8,0.0,54.9,0.0,619.0,615.0,1538.5,1561.8,10.0,0.0,8.0,0.0,13.3,0.0,0.0,78.4
2904,490688,49,1,3,4925.2,2848.8,4681.5,2578.9,33.2,27.4,826.6,168.7,429.4,51.5,2455.0,1880.7,149.7,0.0,152.9,0.0,148.1,146.9,327.7,331.2,168.0,0.0,24.0,0.0,33.2,0.0,0.0,27.4
2905,490689,49,1,4,4698.4,1916.4,4500.7,1725.2,30.8,17.9,772.3,5.1,422.6,0.0,2417.9,1429.8,169.2,0.0,172.8,0.0,80.2,79.7,207.7,210.6,248.0,0.0,10.0,0.0,30.8,0.0,0.0,17.9
2906,490690,49,1,4,7725.4,4749.1,7347.8,4364.2,52.5,48.8,1388.9,105.9,732.1,195.9,3724.2,3007.3,169.2,0.0,172.7,0.0,294.3,292.1,752.5,763.0,103.0,0.0,11.0,0.0,52.5,0.0,0.0,48.8
2907,490691,49,1,4,5669.0,3516.0,5407.4,3263.2,36.6,23.9,886.0,106.7,502.7,14.3,2950.8,1726.6,243.0,1009.8,248.2,0.0,124.2,123.0,279.4,282.9,164.0,0.0,9.0,0.0,36.6,0.0,0.0,23.9
2908,490692,49,1,4,7642.5,5695.3,7171.3,5192.4,45.9,60.8,1102.7,602.2,606.9,344.9,3515.3,2864.9,258.3,0.0,263.6,0.0,429.1,426.0,941.3,954.5,38.0,0.0,16.0,0.0,45.9,0.0,0.0,60.8
2909,490693,49,1,4,4739.7,4845.3,4372.8,4453.0,27.5,53.5,718.0,487.0,373.7,406.1,2030.6,2555.2,109.1,0.0,111.5,0.0,290.0,287.7,706.8,716.9,31.0,0.0,2.0,0.0,27.5,0.0,0.0,53.5
2910,490694,49,1,4,3994.8,2094.5,3758.0,1861.6,27.2,21.4,647.7,206.0,350.5,0.0,2092.0,1348.3,163.5,0.0,166.9,0.0,102.1,101.5,203.3,205.9,26.0,0.0,6.0,0.0,27.2,0.0,0.0,21.4
2911,490695,49,1,4,6712.3,7999.6,5983.4,7145.5,26.4,93.8,637.0,1611.5,352.1,602.0,2030.8,2299.5,134.8,0.0,137.7,0.0,868.6,862.5,1748.5,1770.0,14.0,0.0,60.0,0.0,26.4,0.0,0.0,93.8
2912,490696,49,1,3,1432.6,773.5,1330.7,657.8,9.8,6.9,245.8,20.6,126.7,10.6,736.3,512.9,45.1,0.0,46.2,0.0,31.5,31.4,81.0,82.3,7.0,0.0,11.0,0.0,9.8,0.0,0.0,6.9
2913,490697,49,1,3,3643.4,2755.8,3441.6,2551.1,25.4,17.2,609.9,69.6,346.5,0.0,1885.0,1208.8,123.0,981.6,125.8,0.0,91.4,90.7,198.0,200.4,59.0,0.0,3.0,0.0,25.4,0.0,0.0,17.2
2914,490698,49,1,4,4296.0,2159.7,4075.9,1940.8,29.9,21.7,713.7,134.1,411.2,0.0,2250.4,1441.8,153.2,0.0,156.5,0.0,119.2,118.4,243.7,246.6,17.0,0.0,11.0,0.0,29.9,0.0,0.0,21.7
2915,490699,49,1,4,4291.8,4083.8,3939.5,3708.7,28.7,45.0,729.7,590.1,397.8,93.4,1901.7,2283.9,73.6,0.0,75.3,0.0,252.9,251.0,484.5,490.3,19.0,0.0,5.0,0.0,28.7,0.0,0.0,45.0
2916,490700,49,1,4,7679.4,6055.0,7275.3,5608.4,40.7,74.7,927.2,371.5,547.6,1055.5,3195.3,2164.9,278.1,0.0,283.6,0.0,511.7,507.8,1490.8,1508.6,31.0,0.0,10.0,0.0,40.7,0.0,0.0,74.7
2917,490701,49,1,4,4377.2,3808.1,4192.4,3546.3,25.7,46.9,633.6,205.5,330.2,595.2,1909.2,1721.7,112.7,0.0,115.2,0.0,247.0,244.9,770.5,779.1,18.0,0.0,56.0,0.0,25.7,0.0,0.0,46.9
2918,490702,49,1,4,1949.7,5590.8,1537.1,5104.9,4.5,66.3,106.1,532.0,55.1,712.4,320.9,2853.0,17.7,0.0,18.1,0.0,268.8,266.8,732.5,740.6,3.0,0.0,15.0,0.0,4.5,0.0,0.0,66.3
2919,490703,49,1,3,3930.7,1642.0,3748.6,1449.7,29.7,17.6,654.9,3.3,357.1,0.0,2057.5,1201.5,144.3,0.0,147.5,0.0,67.5,67.3,175.7,177.6,132.0,0.0,12.0,0.0,29.7,0.0,0.0,17.6
2920,490704,49,1,4,5046.9,1650.7,4798.6,1420.7,34.0,16.1,723.6,3.5,458.5,0.0,2777.5,1177.8,286.5,0.0,292.4,0.0,66.1,65.7,171.9,173.7,17.0,0.0,5.0,0.0,34.0,0.0,0.0,16.1
2921,490705,49,1,4,6386.9,6447.6,5960.5,6009.9,40.9,48.5,919.6,435.4,505.0,174.2,2865.2,2029.8,201.0,1144.6,205.4,976.1,404.3,401.1,840.0,848.7,17.0,0.0,3.0,0.0,40.9,0.0,0.0,48.5
2922,490706,49,1,3,3253.6,1466.6,3084.7,1290.6,24.7,14.6,548.5,21.4,296.6,18.2,1726.6,1025.1,123.1,0.0,125.6,0.0,61.7,61.2,163.6,164.8,32.0,0.0,7.0,0.0,24.7,0.0,0.0,14.6
2923,490707,49,1,3,382.9,1551.3,298.2,1428.5,0.0,12.6,0.0,257.2,0.0,82.4,23.0,356.5,0.0,0.0,0.0,480.0,94.0,93.2,158.2,159.2,0.0,0.0,23.0,0.0,0.0,0.0,0.0,12.6
2924,490708,49,1,3,1758.3,2379.0,1562.2,2159.4,10.3,28.9,230.6,890.4,121.9,88.6,701.4,772.0,47.0,0.0,48.0,0.0,156.9,155.6,250.3,252.7,5.0,0.0,1.0,0.0,10.3,0.0,0.0,28.9
2925,490709,49,1,4,3877.4,1763.9,3699.2,1592.2,30.9,19.8,697.1,3.7,361.0,0.0,2079.9,1319.8,133.3,0.0,136.2,0.0,74.5,74.0,193.1,194.8,21.0,0.0,3.0,0.0,30.9,0.0,0.0,19.8
2926,490710,49,1,3,341.7,851.6,237.0,723.5,0.0,11.0,0.0,224.6,0.0,153.4,9.0,126.5,0.0,0.0,0.0,0.0,69.2,68.4,149.8,150.6,0.0,0.0,9.0,0.0,0.0,0.0,0.0,11.0
2927,490711,49,1,4,5497.7,2540.2,5239.4,2292.4,43.7,29.0,939.0,37.1,523.9,23.6,2940.0,1834.3,204.9,0.0,209.2,0.0,112.4,111.3,284.0,286.1,24.0,0.0,2.0,0.0,43.7,0.0,0.0,29.0
2928,490712,49,1,3,1807.3,1331.9,1616.9,1132.7,12.8,16.1,265.9,348.3,150.3,31.2,841.4,559.5,58.4,0.0,59.8,0.0,87.6,87.0,105.6,106.8,43.0,0.0,5.0,0.0,12.8,0.0,0.0,16.1
2929,490713,49,1,4,4030.0,2408.1,3748.8,2126.2,30.3,27.5,653.5,261.8,347.6,79.4,2035.7,1414.4,144.5,0.0,147.6,0.0,122.2,121.0,247.7,249.6,47.0,0.0,3.0,0.0,30.3,0.0,0.0,27.5
2930,490714,49,1,4,12396.0,12105.8,11450.5,11111.0,62.8,111.4,1573.7,1653.8,830.7,727.0,4598.4,5878.4,276.3,0.0,281.9,0.0,941.7,932.8,1906.8,1919.0,1037.0,0.0,4.0,0.0,62.8,0.0,0.0,111.4
2931,490715,49,1,4,11952.1,54335.2,10835.2,53027.3,13.1,206.9,345.5,7030.0,187.9,30.8,1046.0,12067.6,66.3,0.0,67.8,815.6,3987.4,3951.0,4791.3,4824.4,334.0,24308.0,9.0,0.0,13.1,0.0,0.0,206.9
2932,490716,49,1,4,6186.0,2895.6,5920.6,2644.2,41.0,24.3,1088.1,24.0,569.1,0.0,3265.8,2189.0,212.1,0.0,216.3,0.0,123.2,121.9,307.0,309.3,135.0,0.0,4.0,0.0,41.0,0.0,0.0,24.3
2933,490717,49,1,4,2961.7,1042.6,2833.7,920.7,14.4,7.6,383.2,16.7,194.9,0.0,1110.4,755.2,65.1,0.0,66.6,0.0,40.9,40.7,107.6,108.2,860.0,0.0,5.0,0.0,14.4,0.0,0.0,7.6
2934,490718,49,1,4,7372.9,2955.8,7099.3,2698.3,44.5,24.4,1118.2,108.3,595.1,3.1,3406.3,2149.0,230.6,0.0,235.3,0.0,123.6,122.1,314.2,315.8,1071.0,0.0,5.0,0.0,44.5,0.0,0.0,24.4
2935,490719,49,1,3,930.2,370.9,850.5,286.6,4.6,2.8,119.2,4.7,60.8,0.0,346.5,236.6,19.8,0.0,20.3,0.0,12.0,12.1,33.0,33.2,235.0,0.0,4.0,0.0,4.6,0.0,0.0,2.8
2936,490720,49,1,3,788.2,646.6,693.5,544.1,2.3,5.7,56.0,84.6,31.1,51.3,172.6,274.0,10.8,0.0,11.3,0.0,42.2,41.8,91.3,92.4,277.0,0.0,1.0,0.0,2.3,0.0,0.0,5.7
2937,490721,49,1,2,2753.8,940.6,2660.5,797.1,14.8,7.9,353.1,11.6,186.5,0.0,1151.3,655.0,79.2,0.0,80.9,0.0,35.6,35.4,93.9,95.0,630.0,0.0,50.0,0.0,14.8,0.0,0.0,7.9
2938,490722,49,1,3,4364.2,1633.8,4152.8,1422.1,26.3,15.4,576.6,67.3,319.3,25.2,1915.6,1085.2,157.6,0.0,161.0,0.0,71.1,70.4,172.5,174.0,776.0,0.0,3.0,0.0,26.3,0.0,0.0,15.4
2939,490723,49,1,2,5935.4,1892.7,5774.5,1706.8,9.2,16.4,226.6,398.2,119.3,0.0,708.2,869.8,48.7,0.0,49.8,0.0,186.9,184.7,253.0,254.1,4174.0,0.0,8.0,0.0,9.2,0.0,0.0,16.4
2940,490724,49,1,3,4965.7,3254.6,4766.2,3021.5,32.3,18.9,757.1,83.7,397.2,0.0,2369.6,1485.5,163.1,1098.5,166.7,0.0,112.1,110.4,242.3,243.4,525.0,0.0,33.0,0.0,32.3,0.0,0.0,18.9
2941,490725,49,1,3,5287.0,1666.6,5072.0,1449.7,32.6,16.5,687.3,3.3,405.3,0.0,2367.6,1203.0,207.9,0.0,212.3,0.0,67.5,66.9,175.0,176.3,944.0,0.0,5.0,0.0,32.6,0.0,0.0,16.5
2942,490726,49,1,2,136.5,83.5,82.4,23.5,0.5,0.2,11.1,0.0,7.3,0.0,47.6,20.5,4.1,0.0,4.3,0.0,0.6,0.6,2.4,2.4,0.0,0.0,5.0,0.0,0.5,0.0,0.0,0.2
2943,490727,49,1,3,5582.8,2445.2,5328.0,2188.7,42.8,24.3,967.2,5.4,523.3,0.0,2986.1,1815.3,204.1,0.0,208.4,0.0,102.8,101.8,265.1,266.2,64.0,0.0,7.0,0.0,42.8,0.0,0.0,24.3
2944,490728,49,1,3,2600.4,648.4,2514.2,529.0,10.8,6.7,235.3,0.7,127.4,0.0,753.3,440.6,49.5,0.0,50.7,0.0,23.8,23.8,63.4,63.9,1183.0,0.0,28.0,0.0,10.8,0.0,0.0,6.7
2945,490729,49,1,2,263.2,294.5,203.3,224.0,1.2,2.1,24.6,40.1,14.7,14.4,93.0,120.8,7.1,0.0,7.4,0.0,16.5,16.5,31.9,32.2,0.0,0.0,8.0,0.0,1.2,0.0,0.0,2.1
2946,490730,49,1,3,6378.1,3076.8,6080.3,2778.2,43.6,33.0,921.4,128.7,542.5,227.1,3169.4,1621.0,275.7,0.0,281.5,0.0,225.6,222.9,576.2,578.5,87.0,0.0,1.0,0.0,43.6,0.0,0.0,33.0
2947,490731,49,1,3,3312.5,1524.2,3158.8,1342.5,24.6,18.1,485.0,44.8,282.0,58.0,1710.5,903.6,153.1,0.0,156.4,0.0,97.0,96.0,238.9,240.1,11.0,0.0,25.0,0.0,24.6,0.0,0.0,18.1
2948,490732,49,1,2,385.5,1297.6,96.0,998.7,0.0,9.0,1.0,444.2,0.7,7.0,4.7,460.1,0.2,0.0,0.1,0.0,69.8,68.8,18.5,18.7,0.0,0.0,1.0,0.0,0.0,0.0,0.0,9.0
2949,490733,49,1,2,350.2,1038.0,189.3,866.5,0.1,8.9,1.8,229.6,1.2,111.0,5.5,345.8,0.3,0.0,0.2,0.0,62.2,61.5,118.1,118.5,0.0,0.0,0.0,0.0,0.1,0.0,0.0,8.9
2950,490734,49,1,2,615.9,1441.9,516.6,1329.9,3.0,8.0,67.5,137.8,35.4,37.1,211.8,373.1,14.0,613.3,14.3,0.0,63.0,62.3,105.6,106.3,0.0,0.0,5.0,0.0,3.0,0.0,0.0,8.0
2951,490735,49,1,3,3109.7,1757.3,2916.3,1554.8,23.0,18.1,504.0,82.1,286.0,52.4,1602.3,1142.5,113.8,0.0,116.2,0.0,81.3,80.4,196.6,197.5,12.0,0.0,4.0,0.0,23.0,0.0,0.0,18.1
2952,490736,49,1,3,5017.6,2725.7,4770.6,2462.1,39.6,31.5,858.6,79.8,457.9,122.9,2587.0,1764.0,163.1,0.0,166.5,0.0,134.1,132.5,361.3,362.9,29.0,0.0,13.0,0.0,39.6,0.0,0.0,31.5
2953,490737,49,1,3,3231.3,2626.9,3040.6,2423.1,25.1,17.9,533.0,79.1,292.5,0.0,1690.8,1065.3,122.0,1013.8,124.6,0.0,86.1,85.3,178.8,179.7,5.0,0.0,8.0,0.0,25.1,0.0,0.0,17.9
2954,490738,49,1,2,102.4,93.8,21.6,6.8,0.1,0.1,2.8,0.0,1.7,0.0,12.7,6.2,0.9,0.0,0.8,0.0,0.1,0.1,0.5,0.5,0.0,0.0,2.0,0.0,0.1,0.0,0.0,0.1
2955,490739,49,1,2,437.4,2508.8,196.2,3490.3,0.4,9.7,9.7,407.5,5.5,61.0,36.7,1650.7,1.7,0.0,1.8,0.0,68.2,67.2,65.6,65.9,0.0,0.0,7.0,1238.0,0.4,0.0,0.0,9.7
2956,490740,49,1,2,250.7,152.3,162.3,57.3,1.2,0.6,26.8,0.1,16.2,0.0,94.1,49.0,7.9,0.0,8.2,0.0,1.9,1.9,6.4,6.4,0.0,0.0,1.0,0.0,1.2,0.0,0.0,0.6
2957,490741,49,1,2,538.9,457.2,443.1,339.4,3.0,4.1,61.6,79.3,36.5,14.5,219.1,185.6,16.4,0.0,16.9,0.0,20.0,20.0,39.6,40.0,20.0,0.0,13.0,0.0,3.0,0.0,0.0,4.1
2958,490742,49,1,3,1859.4,2469.4,1717.3,2317.9,13.4,9.8,282.4,71.3,163.2,0.0,947.5,578.0,77.5,0.0,79.1,1507.5,55.4,55.0,105.2,106.1,3.0,0.0,4.0,0.0,13.4,0.0,0.0,9.8
2959,490743,49,1,3,344.2,186.1,254.0,91.1,2.1,1.2,42.4,0.0,26.0,0.0,146.1,77.3,11.6,0.0,12.0,0.0,3.4,3.4,10.4,10.4,0.0,0.0,2.0,0.0,2.1,0.0,0.0,1.2
2960,490744,49,1,4,8073.6,5332.4,7494.2,4733.7,49.5,62.8,1199.9,939.2,654.2,169.1,3613.4,2414.3,233.4,0.0,238.3,0.0,439.2,436.0,766.8,775.0,344.0,0.0,5.0,0.0,49.5,0.0,0.0,62.8
2961,490745,49,1,4,4995.2,1618.9,4802.0,1428.8,33.0,18.4,708.0,32.4,469.6,0.0,2712.9,1142.4,251.4,0.0,256.7,0.0,74.8,74.4,177.6,179.7,139.0,0.0,12.0,0.0,33.0,0.0,0.0,18.4
2962,490746,49,1,4,4796.2,3673.6,4511.4,3372.8,28.8,41.5,686.2,624.1,389.8,0.0,2253.3,1951.0,177.1,0.0,180.8,0.0,323.1,320.0,474.2,477.6,23.0,0.0,4.0,0.0,28.8,0.0,0.0,41.5
2963,490747,49,1,4,8122.4,3828.0,7802.8,3519.7,58.5,41.4,1492.1,29.1,772.3,0.0,4337.9,2881.5,259.6,0.0,264.9,0.0,173.9,172.3,434.1,436.9,65.0,0.0,3.0,0.0,58.5,0.0,0.0,41.4
2964,490748,49,1,4,12055.0,10261.4,11093.8,9218.0,55.5,126.6,1259.4,1309.3,720.7,831.2,4062.7,3419.3,308.3,0.0,314.4,0.0,1168.2,1159.7,2473.2,2498.6,780.0,0.0,7.0,0.0,55.5,0.0,0.0,126.6
2965,490749,49,1,4,4452.0,4277.2,4057.3,3840.5,17.8,53.8,371.1,525.1,246.4,427.9,1394.1,1097.8,120.9,0.0,123.5,0.0,569.8,565.2,1212.6,1224.4,13.0,0.0,6.0,0.0,17.8,0.0,0.0,53.8
2966,490750,49,1,4,44540.4,139159.9,41873.3,135958.5,0.2,535.4,4.3,18501.1,3.3,23.7,36.0,48400.0,1.5,0.0,1.8,0.0,17473.9,17297.3,20598.5,20690.4,3738.0,31046.0,16.0,0.0,0.2,0.0,0.0,535.4
2967,490751,49,1,4,7144.8,6069.7,6956.5,5866.8,22.8,31.2,551.7,309.9,281.8,7.3,1431.2,1558.7,59.5,0.0,60.8,3515.7,173.0,171.7,300.5,303.4,4093.0,0.0,5.0,0.0,22.8,0.0,0.0,31.2
2968,490752,49,1,4,4618.1,3563.4,4239.7,3147.6,20.5,44.5,410.5,350.0,278.3,325.7,1582.0,802.5,135.2,0.0,138.0,0.0,527.8,524.0,1134.9,1145.4,19.0,0.0,14.0,0.0,20.5,0.0,0.0,44.5
2969,490753,49,1,4,3953.9,3913.8,3634.4,3564.7,28.3,48.4,681.7,486.3,354.9,160.9,1737.9,2225.2,67.3,0.0,68.8,0.0,222.4,220.5,467.4,471.8,27.0,0.0,7.0,0.0,28.3,0.0,0.0,48.4
2970,490754,49,1,4,5806.6,2230.6,5596.3,2026.5,43.3,26.6,931.7,19.1,541.4,0.0,3041.0,1656.6,234.0,0.0,238.7,0.0,100.0,99.2,249.4,251.6,251.0,0.0,9.0,0.0,43.3,0.0,0.0,26.6
2971,490755,49,1,4,5736.0,2578.3,5508.6,2355.5,45.1,30.2,1026.3,6.0,546.0,0.0,3042.2,1947.3,189.3,0.0,193.2,0.0,112.0,111.4,288.6,290.8,103.0,0.0,8.0,0.0,45.1,0.0,0.0,30.2
2972,490756,49,1,4,13926.2,10923.8,13084.7,10009.0,61.8,126.3,1464.2,1353.8,760.1,642.0,4145.3,5499.5,227.0,0.0,231.6,0.0,833.0,825.7,1676.4,1688.0,3741.0,0.0,6.0,0.0,61.8,0.0,0.0,126.3
2973,490757,49,1,4,7092.3,3080.0,6810.7,2809.5,50.0,33.3,1138.5,60.2,657.3,61.8,3705.6,2092.7,286.2,0.0,292.0,0.0,171.4,169.6,422.5,425.2,133.0,0.0,4.0,0.0,50.0,0.0,0.0,33.3
2974,490758,49,1,4,6218.0,2568.6,5965.0,2326.1,42.9,26.4,957.3,59.2,579.3,52.1,3366.2,1799.6,302.3,0.0,308.3,0.0,117.1,116.1,297.5,299.1,30.0,0.0,7.0,0.0,42.9,0.0,0.0,26.4
2975,490759,49,1,4,4047.9,5603.1,3590.8,5085.9,15.7,72.8,368.3,551.1,190.9,778.8,963.5,1771.4,40.8,0.0,42.0,0.0,575.0,570.5,1401.2,1414.0,7.0,0.0,2.0,0.0,15.7,0.0,0.0,72.8
2976,490760,49,1,4,5934.7,1930.0,5729.7,1741.3,41.0,21.3,863.4,4.0,526.0,0.0,3056.9,1441.3,276.2,0.0,281.9,0.0,82.6,81.7,212.7,214.3,427.0,0.0,3.0,0.0,41.0,0.0,0.0,21.3
2977,490761,49,1,4,4161.3,3111.2,3898.2,2835.3,28.2,39.2,618.3,350.9,336.5,207.4,1911.9,1548.5,133.5,0.0,136.4,0.0,216.2,213.9,510.4,514.6,33.0,0.0,2.0,0.0,28.2,0.0,0.0,39.2
2978,490762,49,1,4,5529.5,2013.9,5306.2,1794.7,29.1,21.7,612.0,186.1,386.4,58.0,2220.1,1113.5,201.0,0.0,205.2,0.0,138.0,136.8,298.5,300.3,1241.0,0.0,4.0,0.0,29.1,0.0,0.0,21.7
2979,490763,49,1,4,4946.0,2096.8,4775.0,1916.1,34.9,24.7,799.6,15.8,414.7,3.7,2321.3,1570.5,134.2,0.0,137.1,0.0,91.3,90.5,233.7,235.7,625.0,0.0,18.0,0.0,34.9,0.0,0.0,24.7
2980,490764,49,1,4,6352.5,4449.1,5922.0,3996.6,41.3,46.8,889.5,963.6,534.7,23.0,3120.5,2240.8,277.3,0.0,282.9,0.0,302.7,299.6,467.4,469.6,32.0,0.0,15.0,0.0,41.3,0.0,0.0,46.8
2981,490765,49,1,4,6060.9,9116.8,5420.4,8346.0,16.2,114.3,397.7,1181.3,207.6,1535.5,1156.0,2362.9,60.0,0.0,61.3,0.0,920.5,913.9,2327.4,2352.4,257.0,0.0,33.0,0.0,16.2,0.0,0.0,114.3
2982,490766,49,1,4,4605.8,8437.0,3797.2,7536.2,20.6,98.8,460.2,2609.8,249.7,242.0,1427.9,3236.4,96.9,0.0,99.1,0.0,607.4,602.6,837.1,845.3,9.0,0.0,10.0,0.0,20.6,0.0,0.0,98.8
2983,490767,49,1,4,7444.2,25601.8,4839.4,22662.7,0.1,303.6,2.7,9739.5,1.9,525.1,18.7,7579.8,0.3,0.0,0.3,0.0,2161.4,2147.4,2643.1,2671.0,0.0,0.0,11.0,0.0,0.1,0.0,0.0,303.6
2984,490768,49,1,4,3617.0,2849.5,3351.9,2562.6,23.3,33.6,552.7,507.8,280.1,38.7,1477.8,1550.4,70.4,0.0,72.0,0.0,168.7,167.5,295.3,298.0,425.0,0.0,10.0,0.0,23.3,0.0,0.0,33.6
2985,490769,49,1,4,2350.1,5915.8,1923.9,5415.9,7.2,72.5,170.3,1002.7,88.8,425.9,439.5,2804.8,17.4,0.0,17.9,0.0,420.3,417.0,758.6,765.5,2.0,0.0,9.0,0.0,7.2,0.0,0.0,72.5
2986,490770,49,1,4,2577.8,3519.8,2381.4,3300.1,17.0,29.2,390.1,507.0,203.5,0.0,1084.5,1238.1,53.3,1108.9,54.6,0.0,181.8,180.3,263.5,265.8,140.0,0.0,10.0,0.0,17.0,0.0,0.0,29.2
2987,490771,49,1,4,5523.1,3418.5,5239.2,3124.5,39.9,41.1,929.8,232.7,479.2,89.1,2540.7,2138.1,123.2,0.0,125.8,0.0,203.2,201.4,459.4,463.2,372.0,0.0,6.0,0.0,39.9,0.0,0.0,41.1
2988,490772,49,1,4,3326.1,3273.2,3151.2,3062.6,20.0,42.0,451.3,218.2,237.5,530.1,1263.2,1316.1,62.0,0.0,63.5,107.2,220.7,218.5,667.0,672.4,173.0,0.0,13.0,0.0,20.0,0.0,0.0,42.0
2989,490773,49,1,4,2856.5,3739.7,2572.5,3407.6,14.8,47.0,348.9,424.4,180.8,416.1,926.3,1545.9,38.7,0.0,39.8,0.0,299.7,297.0,718.3,724.3,4.0,0.0,16.0,0.0,14.8,0.0,0.0,47.0
2990,490774,49,1,4,2661.9,5203.4,2104.3,4576.5,0.0,66.8,0.0,881.2,0.0,556.7,4.0,1035.5,0.0,0.0,0.0,0.0,689.8,684.0,1406.5,1419.0,0.0,0.0,4.0,0.0,0.0,0.0,0.0,66.8
2991,490775,49,1,4,3440.3,5471.5,3005.9,4968.0,14.0,70.8,326.4,1063.0,168.8,431.8,860.3,2022.3,35.8,0.0,36.8,0.0,467.4,463.6,979.4,987.4,119.0,0.0,12.0,0.0,14.0,0.0,0.0,70.8
2992,490776,49,1,4,3237.4,1141.5,3144.6,1040.5,13.8,13.8,320.0,40.1,163.7,57.0,882.0,730.4,43.4,0.0,44.5,0.0,57.3,57.0,154.6,156.0,1471.0,0.0,8.0,0.0,13.8,0.0,0.0,13.8
2993,490777,49,1,4,1952.3,1729.3,1875.6,1650.3,8.4,8.8,194.3,80.4,99.2,0.0,553.6,470.9,30.7,951.2,31.4,0.0,53.5,53.0,94.1,94.7,816.0,0.0,3.0,0.0,8.4,0.0,0.0,8.8
2994,490778,49,1,4,1759.5,550.4,1705.7,482.8,8.7,5.7,205.0,0.6,104.7,0.0,598.9,401.4,32.4,0.0,33.2,0.0,22.0,22.0,58.4,58.9,633.0,0.0,18.0,0.0,8.7,0.0,0.0,5.7
2995,490779,49,1,4,3060.3,1747.8,2882.0,1570.8,22.8,20.5,505.1,68.8,267.4,54.1,1494.8,1165.4,91.6,0.0,93.6,0.0,79.9,79.3,201.6,203.2,147.0,0.0,1.0,0.0,22.8,0.0,0.0,20.5
2996,490780,49,1,4,4483.9,8948.0,3857.5,8220.7,13.6,112.6,309.6,1737.1,159.7,739.7,886.2,3340.1,49.4,0.0,50.7,0.0,827.5,820.9,1569.3,1582.8,3.0,0.0,2.0,0.0,13.6,0.0,0.0,112.6
2997,490781,49,1,4,2865.8,7338.6,1838.8,6231.2,7.4,88.7,170.6,1858.1,88.3,400.8,443.0,2876.3,19.0,0.0,19.5,0.0,464.1,460.1,630.5,635.7,2.0,0.0,2.0,0.0,7.4,0.0,0.0,88.7
2998,490782,49,1,4,4250.8,8641.6,3704.2,7991.2,16.0,114.4,369.7,1791.7,192.1,452.6,975.4,3671.6,42.0,0.0,43.0,0.0,794.9,788.1,1277.2,1287.3,4.0,0.0,6.0,0.0,16.0,0.0,0.0,114.4
2999,490783,49,1,4,2598.9,2007.9,2381.1,1784.3,19.3,23.8,439.3,270.2,229.6,31.7,1240.2,1168.6,65.2,0.0,66.8,0.0,107.6,106.7,205.3,207.0,24.0,0.0,3.0,0.0,19.3,0.0,0.0,23.8
3000,490784,49,1,4,3622.4,3037.0,3388.1,2790.9,25.3,36.2,588.4,192.0,302.5,285.1,1650.5,1666.8,88.4,0.0,90.5,0.0,173.2,171.4,472.7,475.4,21.0,0.0,1.0,0.0,25.3,0.0,0.0,36.2
3001,490785,49,1,4,4362.4,1831.1,4183.4,1664.2,32.9,19.8,716.7,36.5,402.5,14.9,2354.1,1322.9,187.7,0.0,191.7,0.0,82.8,82.1,206.8,207.9,40.0,0.0,1.0,0.0,32.9,0.0,0.0,19.8
3002,490786,49,1,4,2266.2,8183.7,1523.4,7357.2,0.0,81.7,0.0,2444.7,0.0,480.9,7.0,2925.3,0.0,0.0,0.0,0.0,600.4,593.8,908.9,912.4,0.0,0.0,7.0,0.0,0.0,0.0,0.0,81.7
3003,490787,49,1,4,4721.4,1862.1,4539.3,1689.9,33.5,18.2,786.2,4.0,444.4,0.0,2572.4,1400.1,203.8,0.0,208.0,0.0,79.6,78.9,206.0,206.9,33.0,0.0,6.0,0.0,33.5,0.0,0.0,18.2
3004,490788,49,1,4,5497.3,3945.4,5200.4,3647.5,37.4,30.5,914.9,249.5,503.5,15.3,2835.6,1894.9,190.9,957.4,194.9,0.0,175.1,173.0,355.5,357.4,18.0,0.0,12.0,0.0,37.4,0.0,0.0,30.5
3005,490789,49,1,4,2321.0,1044.2,2183.6,910.9,15.1,9.0,390.2,2.4,213.0,0.0,1152.7,755.9,65.6,0.0,67.1,0.0,42.0,41.8,110.1,110.8,134.0,0.0,9.0,0.0,15.1,0.0,0.0,9.0
3006,490790,49,1,4,2584.4,2614.3,2420.0,2441.8,18.0,23.1,400.5,191.5,209.5,149.5,1197.0,1014.9,75.1,640.8,76.9,0.0,134.2,132.9,309.8,312.2,13.0,0.0,4.0,0.0,18.0,0.0,0.0,23.1
3007,490791,49,1,4,2690.5,2039.0,2503.8,1845.7,20.3,24.9,451.1,172.3,231.2,92.4,1310.3,1239.4,77.7,0.0,79.7,0.0,104.3,103.1,236.5,238.4,11.0,0.0,2.0,0.0,20.3,0.0,0.0,24.9
3008,490792,49,1,4,4518.9,4573.5,4214.1,4229.7,31.7,61.7,715.3,457.6,369.7,529.9,1876.9,2179.8,81.8,0.0,83.7,0.0,286.3,283.3,773.4,779.2,18.0,0.0,9.0,0.0,31.7,0.0,0.0,61.7
3009,490793,49,1,4,1813.3,1882.8,1679.6,1711.9,11.4,25.1,259.0,153.9,133.3,203.7,692.1,847.5,29.3,0.0,30.0,0.0,144.0,142.5,361.9,364.4,6.0,0.0,24.0,0.0,11.4,0.0,0.0,25.1
3010,490794,49,1,4,1265.4,922.3,1152.0,796.0,9.2,10.5,208.3,166.6,107.0,3.6,609.1,496.6,33.9,0.0,34.9,0.0,53.8,53.5,75.0,75.5,17.0,0.0,13.0,0.0,9.2,0.0,0.0,10.5
3011,490795,49,1,4,3232.1,2849.2,3013.3,2618.4,22.5,33.1,525.6,197.6,267.2,281.5,1439.7,1519.4,73.3,0.0,75.0,0.0,166.4,164.7,453.1,455.3,11.0,0.0,2.0,0.0,22.5,0.0,0.0,33.1
3012,490796,49,1,4,3171.6,3341.1,2908.7,3056.7,20.4,36.9,481.2,655.3,246.5,112.1,1321.8,1586.1,65.3,0.0,66.9,0.0,262.6,259.4,442.4,443.8,16.0,0.0,6.0,0.0,20.4,0.0,0.0,36.9
3013,490797,49,1,4,5273.0,3410.0,5029.9,3178.5,37.8,24.9,836.3,115.2,469.4,62.2,2776.0,1639.4,229.2,918.5,234.0,0.0,132.5,131.1,311.5,312.2,37.0,0.0,4.0,0.0,37.8,0.0,0.0,24.9
3014,490798,49,1,4,2410.0,1070.8,2297.9,939.1,16.9,9.4,404.8,1.8,220.8,0.0,1229.2,781.6,71.4,0.0,73.0,0.0,43.0,42.5,112.7,113.1,114.0,0.0,29.0,0.0,16.9,0.0,0.0,9.4
3015,490799,49,1,3,1850.3,1179.5,1678.3,998.0,13.0,13.0,268.1,151.7,155.1,26.2,899.0,647.0,73.5,0.0,75.2,0.0,58.6,58.1,113.9,115.1,32.0,0.0,3.0,0.0,13.0,0.0,0.0,13.0
3016,490800,49,1,3,6483.8,3475.2,6198.7,3193.1,56.8,43.3,1267.4,8.2,645.7,0.0,3349.2,2644.2,159.5,0.0,162.9,0.0,151.2,149.8,387.8,390.9,72.0,0.0,3.0,0.0,56.8,0.0,0.0,43.3
3017,490801,49,1,4,2354.9,1186.3,2202.5,1035.1,18.7,14.2,384.5,144.0,211.1,3.6,1238.9,720.1,95.0,0.0,97.1,0.0,61.0,60.5,105.9,106.8,5.0,0.0,4.0,0.0,18.7,0.0,0.0,14.2
3018,490802,49,1,4,536.8,1057.1,424.2,934.9,2.3,13.3,43.3,135.3,24.8,100.6,145.3,511.8,11.5,0.0,11.9,0.0,56.5,56.1,130.1,131.2,0.0,0.0,1.0,0.0,2.3,0.0,0.0,13.3
3019,490803,49,1,4,933.7,2891.3,585.0,2509.5,0.0,36.1,0.0,778.2,0.0,225.1,3.0,927.6,0.0,0.0,0.0,0.0,226.0,223.5,353.0,355.0,0.0,0.0,3.0,0.0,0.0,0.0,0.0,36.1
3020,490804,49,1,4,4616.5,2833.1,4339.6,2556.3,33.9,28.5,784.5,324.4,408.0,70.1,2361.0,1705.8,153.7,0.0,157.0,0.0,151.5,149.4,305.9,306.5,13.0,0.0,5.0,0.0,33.9,0.0,0.0,28.5
3021,490805,49,1,4,7142.5,3054.5,6808.3,2737.1,56.2,34.9,1143.1,88.0,657.2,27.5,3858.1,2157.6,329.3,0.0,335.6,0.0,133.1,131.1,332.0,332.9,17.0,0.0,3.0,0.0,56.2,0.0,0.0,34.9
3022,490806,49,1,4,2110.7,851.5,1968.7,716.7,16.7,9.6,330.8,1.1,190.3,0.0,1123.8,598.8,95.7,0.0,97.6,0.0,32.0,31.9,84.5,85.0,8.0,0.0,6.0,0.0,16.7,0.0,0.0,9.6
3023,490807,49,1,4,3591.8,1492.2,3426.8,1335.5,29.6,17.8,610.7,3.2,336.0,0.0,1952.4,1109.0,146.2,0.0,149.2,0.0,61.7,61.3,160.6,162.0,8.0,0.0,2.0,0.0,29.6,0.0,0.0,17.8
3024,490808,49,1,4,5475.7,15591.3,4374.7,14291.1,0.1,202.2,1.5,2197.3,1.2,2519.4,12.2,5218.2,0.7,0.0,0.8,0.0,1239.1,1225.4,3114.3,3130.8,0.0,0.0,5.0,0.0,0.1,0.0,0.0,202.2
3025,490809,49,1,4,4641.9,8890.9,3962.1,8078.0,0.0,134.7,0.0,994.2,0.0,1768.7,4.0,1355.9,0.0,0.0,0.0,0.0,1129.9,1118.0,2824.2,2841.2,0.0,0.0,4.0,0.0,0.0,0.0,0.0,134.7
3026,490810,49,1,4,4541.6,10351.5,3961.2,9615.3,0.0,156.8,0.0,1029.3,0.0,2563.0,5.0,2063.4,0.0,0.0,0.0,0.0,1004.6,994.0,2946.6,2965.6,0.0,0.0,5.0,0.0,0.0,0.0,0.0,156.8
3027,490811,49,1,4,1240.8,3906.2,809.5,3426.5,0.0,50.7,0.0,1125.7,0.0,375.3,4.0,1125.7,0.0,0.0,0.0,0.0,315.7,311.8,485.8,487.9,0.0,0.0,4.0,0.0,0.0,0.0,0.0,50.7
3028,490812,49,1,4,2851.8,9899.3,1957.5,8866.1,0.0,138.8,0.0,4051.0,0.0,470.7,3.0,2399.1,0.0,0.0,0.0,0.0,783.7,773.9,1167.8,1171.4,0.0,0.0,3.0,0.0,0.0,0.0,0.0,138.8
3029,490813,49,1,3,6304.3,3223.5,6011.1,2925.3,46.7,34.3,1011.2,265.8,554.7,150.9,3333.0,1960.8,270.0,0.0,275.6,0.0,146.2,144.4,403.3,403.3,12.0,0.0,5.0,0.0,46.7,0.0,0.0,34.3
3030,490814,49,1,3,5485.9,2538.0,5225.3,2272.9,42.4,25.7,971.9,5.7,509.2,0.0,2867.7,1889.5,175.4,0.0,179.2,0.0,106.2,104.5,273.6,273.2,134.0,0.0,8.0,0.0,42.4,0.0,0.0,25.7
3031,490815,49,1,3,2224.6,1480.3,2073.6,1314.4,15.2,16.7,323.0,124.1,179.1,129.6,1068.7,745.2,86.4,0.0,88.4,0.0,85.6,84.5,231.5,230.9,5.0,0.0,6.0,0.0,15.2,0.0,0.0,16.7
3032,490816,49,1,3,6117.6,4174.4,5812.9,3867.3,44.2,34.9,946.6,419.3,530.8,0.0,3177.9,2096.0,270.4,712.3,276.0,48.3,215.1,211.2,383.1,380.3,11.0,0.0,2.0,0.0,44.2,0.0,0.0,34.9
3033,490817,49,1,4,514.2,2149.2,276.6,1889.9,0.0,25.7,0.0,572.3,0.0,153.3,2.0,892.8,0.0,0.0,0.0,0.0,112.4,110.8,160.2,160.6,0.0,0.0,2.0,0.0,0.0,0.0,0.0,25.7
3034,490818,49,1,3,128.5,386.6,22.4,274.6,0.0,3.6,0.0,127.5,0.0,0.0,2.0,128.8,0.0,0.0,0.0,0.0,17.4,17.3,1.0,1.0,0.0,0.0,2.0,0.0,0.0,0.0,0.0,3.6
3035,490819,49,1,3,5209.1,3867.2,4925.3,3575.5,39.4,34.2,884.8,323.6,455.3,67.6,2667.9,1878.2,176.5,764.8,180.2,0.0,183.2,180.6,361.3,360.6,13.0,0.0,3.0,0.0,39.4,0.0,0.0,34.2
3036,490820,49,1,3,974.1,3032.5,752.5,2771.9,0.0,41.2,0.0,1000.2,0.0,192.6,1.0,833.3,0.0,0.0,0.0,0.0,300.2,295.9,450.3,449.9,0.0,0.0,1.0,0.0,0.0,0.0,0.0,41.2
3037,490821,49,1,3,80.0,148.1,35.6,97.3,0.0,1.4,0.0,22.6,0.0,12.4,5.0,36.9,0.0,0.0,0.0,0.0,7.8,7.8,17.8,17.6,0.0,0.0,5.0,0.0,0.0,0.0,0.0,1.4
3038,490822,49,1,3,820.1,1728.1,591.7,1480.6,1.9,18.9,39.5,686.0,20.8,155.6,125.6,258.2,8.1,0.0,8.4,0.0,168.6,165.4,216.8,215.4,0.0,0.0,4.0,0.0,1.9,0.0,0.0,18.9
3039,490823,49,1,3,1264.8,3699.3,870.4,3252.5,0.0,52.4,0.0,1208.7,0.0,616.3,5.0,580.0,0.0,0.0,0.0,0.0,302.2,295.9,558.3,551.6,0.0,0.0,5.0,0.0,0.0,0.0,0.0,52.4
3040,490824,49,1,3,1183.9,4519.4,397.0,3684.9,0.0,57.8,0.0,2644.6,0.0,0.0,2.0,655.1,0.0,0.0,0.0,0.0,392.4,384.5,0.7,0.7,0.0,0.0,2.0,0.0,0.0,0.0,0.0,57.8
3041,490825,49,1,3,1315.0,4238.3,891.3,3768.0,0.0,49.7,0.0,1661.0,0.0,321.5,1.0,910.8,0.0,0.0,0.0,0.0,355.4,348.4,533.9,526.2,0.0,0.0,1.0,0.0,0.0,0.0,0.0,49.7
3042,490826,49,1,3,2326.8,2166.9,2144.7,1961.8,11.8,28.0,258.9,93.0,131.5,505.7,751.9,489.2,52.2,0.0,53.5,0.0,222.2,216.9,668.6,657.0,5.0,0.0,1.0,0.0,11.8,0.0,0.0,28.0
3043,490827,49,1,3,1530.2,3717.0,1214.2,3338.4,0.0,62.9,0.0,534.3,0.0,722.2,1.0,885.0,0.0,0.0,0.0,0.0,334.3,327.7,877.9,869.1,0.0,0.0,1.0,0.0,0.0,0.0,0.0,62.9
3044,490828,49,1,3,519.4,1629.0,222.8,1310.0,0.0,21.2,0.0,840.0,0.0,93.9,2.0,161.2,0.0,0.0,0.0,0.0,136.2,133.2,82.7,81.6,0.0,0.0,2.0,0.0,0.0,0.0,0.0,21.2
3045,490829,49,1,3,3477.2,7921.7,2312.4,6665.4,0.0,101.7,0.0,3097.0,0.0,480.4,2.0,820.7,0.0,0.0,0.0,0.0,975.4,954.4,1333.0,1312.9,0.0,0.0,2.0,0.0,0.0,0.0,0.0,101.7
3046,490830,49,1,3,3110.8,2360.1,2816.1,2053.1,21.7,28.4,443.0,553.1,244.7,52.3,1431.5,1025.1,128.8,0.0,131.6,0.0,184.1,179.4,247.5,243.1,4.0,0.0,1.0,0.0,21.7,0.0,0.0,28.4
3047,490831,49,1,3,1985.0,1629.0,1778.5,1408.1,12.5,18.1,273.5,183.5,140.1,87.7,797.8,696.8,55.4,0.0,56.7,0.0,144.6,141.3,304.4,298.9,3.0,0.0,3.0,0.0,12.5,0.0,0.0,18.1
3048,490832,49,1,3,432.2,1354.6,314.8,1215.8,0.0,16.6,0.0,202.1,0.0,169.0,4.0,339.1,0.0,0.0,0.0,203.2,94.4,92.5,212.4,209.9,0.0,0.0,4.0,0.0,0.0,0.0,0.0,16.6
3049,490833,49,1,3,395.1,180.3,312.9,97.6,2.5,1.2,49.4,0.1,28.0,0.0,180.2,84.2,19.6,0.0,20.1,0.0,3.3,3.3,10.3,10.1,1.0,0.0,1.0,0.0,2.5,0.0,0.0,1.2
3050,490834,49,1,3,89.6,122.2,11.3,40.4,0.0,0.7,0.0,17.1,0.0,7.3,1.0,6.8,0.0,0.0,0.0,0.0,3.3,3.3,6.0,5.9,0.0,0.0,1.0,0.0,0.0,0.0,0.0,0.7
3051,490835,49,1,3,5247.2,4166.3,4831.8,3729.0,35.8,51.0,740.4,541.0,405.9,352.5,2383.9,1994.3,211.5,0.0,215.8,0.0,262.6,255.7,597.6,585.5,12.0,0.0,2.0,0.0,35.8,0.0,0.0,51.0
3052,490836,49,1,3,5367.9,4838.5,4916.5,4353.0,36.6,58.2,805.5,622.7,415.6,365.9,2340.7,2374.8,162.3,0.0,165.6,0.0,315.1,307.0,696.7,682.6,9.0,0.0,6.0,0.0,36.6,0.0,0.0,58.2
3053,490837,49,1,3,5988.3,2339.0,5706.4,2069.3,47.0,22.8,1031.6,5.6,538.1,0.0,3222.4,1746.9,286.4,0.0,292.4,0.0,90.1,88.1,233.3,228.7,11.0,0.0,1.0,0.0,47.0,0.0,0.0,22.8
3054,490838,49,1,2,369.8,910.1,232.8,757.1,0.2,15.2,1.7,215.0,1.3,172.4,8.0,153.6,0.7,0.0,0.8,0.0,65.3,63.7,154.1,152.3,0.0,0.0,1.0,0.0,0.2,0.0,0.0,15.2
3055,490839,49,1,3,4343.6,2392.4,4140.1,2194.3,33.7,22.2,644.8,86.8,365.6,0.0,2332.8,1166.0,257.5,0.0,263.0,680.1,87.1,84.8,179.3,176.5,9.0,0.0,1.0,0.0,33.7,0.0,0.0,22.2
3056,490840,49,1,3,6298.2,3354.1,6020.5,3085.8,49.9,32.7,943.0,106.0,535.9,15.3,3408.2,1730.6,375.7,878.7,383.5,0.0,112.3,109.4,249.8,245.7,11.0,0.0,1.0,0.0,49.9,0.0,0.0,32.7
3057,490841,49,1,4,2771.3,2222.1,2563.8,2005.1,19.2,27.2,434.5,170.3,216.4,139.7,1166.1,1093.7,60.2,0.0,61.5,0.0,188.9,183.9,426.2,417.5,9.0,0.0,1.0,0.0,19.2,0.0,0.0,27.2
3058,490842,49,1,4,3258.0,2644.5,2999.3,2378.0,24.6,30.5,555.5,258.0,288.7,106.6,1525.6,1574.5,79.5,0.0,81.3,0.0,144.5,140.4,305.1,298.6,18.0,0.0,1.0,0.0,24.6,0.0,0.0,30.5
3059,490843,49,1,3,3759.5,2514.4,3569.1,2327.0,28.8,20.2,643.0,60.6,330.3,0.0,1831.8,1342.0,115.7,648.8,118.2,0.0,87.6,85.4,194.5,190.2,248.0,0.0,0.0,0.0,28.8,0.0,0.0,20.2
3060,490844,49,1,3,4016.7,1684.9,3817.2,1492.8,31.2,15.8,692.7,3.1,376.4,0.0,2151.3,1266.0,175.5,0.0,179.1,0.0,63.6,61.9,165.6,161.7,12.0,0.0,1.0,0.0,31.2,0.0,0.0,15.8
3061,490845,49,1,3,344.7,659.1,248.6,548.8,0.0,12.5,0.0,111.5,0.0,102.4,1.0,92.0,0.0,0.0,0.0,0.0,76.1,74.3,170.5,168.7,0.0,0.0,1.0,0.0,0.0,0.0,0.0,12.5
3062,490846,49,1,3,1490.2,1905.4,1374.1,1785.1,11.8,13.0,251.8,70.2,124.8,0.0,696.8,590.4,41.3,809.0,42.2,166.0,53.0,51.8,99.1,97.7,65.0,0.0,0.0,0.0,11.8,0.0,0.0,13.0
3063,490847,49,1,3,4373.3,4093.8,3982.6,3670.0,35.3,62.5,730.1,580.5,372.7,144.3,2007.7,2325.6,113.4,0.0,115.9,0.0,216.8,210.9,416.0,408.7,9.0,0.0,1.0,0.0,35.3,0.0,0.0,62.5
3064,490848,49,1,4,4629.4,5419.2,4191.7,4929.1,22.2,74.1,484.3,580.9,242.6,783.8,1330.4,1629.1,72.9,0.0,74.4,0.0,583.0,567.0,1398.1,1368.3,3.0,0.0,3.0,0.0,22.2,0.0,0.0,74.1
3065,490849,49,1,4,3685.8,5391.1,3216.6,4872.0,21.9,69.5,476.8,961.4,240.7,464.0,1307.7,2446.8,69.7,0.0,71.3,0.0,335.0,325.8,689.3,674.0,22.0,0.0,4.0,0.0,21.9,0.0,0.0,69.5
3066,490850,49,1,3,2682.9,3684.4,2469.0,3433.8,15.2,48.7,331.0,454.1,166.0,531.9,898.5,1382.7,47.8,0.0,48.8,117.8,279.6,271.1,693.2,676.2,3.0,0.0,1.0,0.0,15.2,0.0,0.0,48.7
3067,490851,49,1,3,4413.2,1975.3,4189.6,1753.6,35.0,21.0,760.0,63.4,395.8,0.0,2325.3,1425.6,188.1,0.0,192.1,0.0,80.2,78.1,191.1,186.4,53.0,0.0,4.0,0.0,35.0,0.0,0.0,21.0
3068,490852,49,1,3,3730.7,3212.6,3522.0,2993.4,26.2,16.1,620.2,103.1,326.4,0.0,1903.4,1214.5,159.1,0.0,162.4,1396.8,95.9,93.1,190.6,186.0,49.0,0.0,15.0,0.0,26.2,0.0,0.0,16.1
3069,490853,49,1,3,5125.5,11308.7,4455.1,10406.6,0.0,232.1,0.0,1080.3,0.0,2745.5,4.0,2198.5,0.0,0.0,0.0,0.0,1161.1,1135.1,3285.9,3247.1,0.0,0.0,4.0,0.0,0.0,0.0,0.0,232.1
3070,490854,49,1,3,88.5,88.1,10.0,0.0,0.0,0.0,0.0,0.0,0.0,0.0,5.0,0.0,0.0,0.0,0.0,0.0,0.0,0.0,0.0,0.0,0.0,0.0,5.0,0.0,0.0,0.0,0.0,0.0
3071,490855,49,1,3,3377.1,7492.1,2918.2,6912.4,4.7,120.6,84.4,701.6,48.4,1372.9,300.1,1519.9,31.2,945.9,31.9,0.0,660.6,643.7,1754.5,1728.4,4.0,0.0,3.0,0.0,4.7,0.0,0.0,120.6
3072,490856,49,1,3,4956.7,5892.3,4476.0,5367.8,35.8,68.6,719.4,792.3,356.8,220.1,2179.8,2186.6,181.3,0.0,185.2,1366.4,291.0,283.2,528.5,519.2,29.0,0.0,5.0,0.0,35.8,0.0,0.0,68.6
3073,490857,49,1,3,2738.3,2252.0,2554.3,2043.9,22.5,32.8,463.5,173.2,232.2,164.3,1272.0,1289.4,67.5,0.0,69.0,3.7,119.7,116.2,303.3,297.1,16.0,0.0,11.0,0.0,22.5,0.0,0.0,32.8
3074,490858,49,1,3,3378.3,5715.3,2934.4,5217.9,20.1,70.9,430.2,1023.4,224.5,222.8,1079.9,2276.1,43.7,621.7,44.7,0.0,409.7,397.6,692.6,676.3,6.0,0.0,3.0,0.0,20.1,0.0,0.0,70.9
3075,490859,49,1,3,2938.3,2475.3,2775.2,2304.9,25.5,21.7,581.4,52.7,299.6,0.0,1459.8,1413.1,62.7,558.9,64.1,0.0,88.0,85.5,199.6,194.7,14.0,0.0,6.0,0.0,25.5,0.0,0.0,21.7
3076,490860,49,1,3,3321.3,4886.0,3051.6,4593.9,22.2,29.7,503.8,478.6,253.5,0.0,1477.3,1429.8,117.1,0.0,119.6,2161.2,219.5,212.4,320.8,311.9,36.0,0.0,4.0,0.0,22.2,0.0,0.0,29.7
3077,490861,49,1,3,4317.6,2355.3,4073.9,2099.1,31.6,21.4,746.3,368.6,384.1,12.0,2219.7,1412.5,174.4,0.0,178.0,0.0,96.1,93.0,219.4,213.0,43.0,0.0,13.0,0.0,31.6,0.0,0.0,21.4
3078,490862,49,1,3,1939.2,846.0,1779.7,689.4,13.0,6.2,326.8,2.2,168.5,0.0,964.2,586.7,74.4,0.0,76.0,0.0,28.5,27.6,75.2,73.0,66.0,0.0,0.0,0.0,13.0,0.0,0.0,6.2
3079,490863,49,1,3,4998.5,3382.2,4702.2,3069.3,44.0,55.3,884.5,369.0,462.1,132.4,2497.7,2052.4,142.9,0.0,145.9,0.0,162.5,158.5,361.5,357.0,43.0,0.0,2.0,0.0,44.0,0.0,0.0,55.3
3080,490864,49,1,3,4400.5,1550.4,4193.1,1347.8,37.6,22.3,681.4,4.2,382.7,0.0,2398.6,1142.1,255.5,0.0,260.8,0.0,56.7,55.5,148.3,146.0,7.0,0.0,2.0,0.0,37.6,0.0,0.0,22.3
3081,490865,49,1,3,6414.2,2674.6,6121.1,2386.8,56.1,36.0,1133.9,5.3,555.8,0.0,3460.0,2020.9,288.6,0.0,294.5,0.0,102.6,99.9,264.8,260.7,16.0,0.0,5.0,0.0,56.1,0.0,0.0,36.0
3082,490866,49,1,3,380.3,546.0,249.5,404.2,1.7,5.9,33.3,88.8,17.0,35.2,108.0,212.8,8.6,0.0,8.8,0.0,24.2,23.8,44.5,43.6,0.0,0.0,5.0,0.0,1.7,0.0,0.0,5.9
3083,490867,49,1,3,575.6,627.4,444.4,484.4,3.4,7.0,69.5,129.2,37.1,23.4,219.7,261.0,17.3,0.0,17.7,0.0,30.6,29.9,41.6,41.0,5.0,0.0,6.0,0.0,3.4,0.0,0.0,7.0
3084,490868,49,1,3,2772.5,1157.3,2625.2,1012.0,23.5,13.4,447.6,18.8,252.5,3.9,1490.2,840.5,135.6,0.0,138.5,0.0,43.6,42.2,109.2,106.6,5.0,0.0,3.0,0.0,23.5,0.0,0.0,13.4
3085,490869,49,1,3,2470.7,1885.9,2332.8,1744.9,20.1,13.7,420.5,52.2,221.8,0.0,1293.7,867.2,99.3,642.1,101.4,0.0,60.2,58.5,128.0,124.8,4.0,0.0,4.0,0.0,20.1,0.0,0.0,13.7
3086,490870,49,1,3,3650.3,1747.6,3481.6,1576.4,29.4,17.4,664.0,3.8,355.5,0.0,1953.1,1339.3,127.0,0.0,129.8,0.0,66.6,64.6,173.5,168.7,5.0,0.0,7.0,0.0,29.4,0.0,0.0,17.4
3087,490871,49,1,3,2477.6,1117.2,2280.3,917.6,18.7,9.3,434.3,2.5,222.2,0.0,1273.4,780.5,102.2,0.0,104.4,0.0,38.4,37.2,100.3,97.4,4.0,0.0,1.0,0.0,18.7,0.0,0.0,9.3
3088,490872,49,1,3,4705.8,1862.5,4493.2,1652.6,33.0,14.9,787.1,3.6,422.4,0.0,2540.6,1404.7,233.9,0.0,238.6,0.0,69.9,68.0,181.7,176.2,8.0,0.0,11.0,0.0,33.0,0.0,0.0,14.9
3089,490873,49,1,3,2465.3,1098.2,2342.2,959.8,20.4,11.4,426.8,2.4,225.0,0.0,1320.2,816.9,99.8,0.0,101.9,0.0,39.9,38.8,104.5,101.7,5.0,0.0,19.0,0.0,20.4,0.0,0.0,11.4
3090,490874,49,1,3,2291.5,1164.3,2122.0,991.4,17.3,10.2,386.2,47.5,200.6,15.7,1177.6,777.6,96.8,0.0,98.9,0.0,45.0,43.8,109.8,106.9,3.0,0.0,4.0,0.0,17.3,0.0,0.0,10.2
3091,490875,49,1,3,1450.2,649.3,1325.2,510.3,10.0,4.6,242.1,0.9,126.8,0.0,742.0,435.7,57.7,0.0,59.1,0.0,20.5,20.2,55.0,53.5,9.0,0.0,13.0,0.0,10.0,0.0,0.0,4.6
3092,490876,49,1,2,1436.8,620.9,1288.4,473.5,9.6,4.2,231.3,0.9,121.8,0.0,723.9,404.3,66.0,0.0,67.5,0.0,18.9,18.6,51.0,49.7,8.0,0.0,0.0,0.0,9.6,0.0,0.0,4.2
3093,490877,49,1,3,67.2,72.7,0.3,3.6,0.0,0.1,0.0,3.3,0.0,0.0,0.0,0.0,0.0,0.0,0.0,0.0,0.3,0.3,0.0,0.0,0.0,0.0,0.0,0.0,0.0,0.0,0.0,0.1
3094,490878,49,1,3,69.4,82.9,1.3,12.8,0.0,0.3,0.0,11.5,0.0,0.0,0.0,0.0,0.0,0.0,0.0,0.0,1.3,1.2,0.0,0.0,0.0,0.0,0.0,0.0,0.0,0.0,0.0,0.3
3095,490879,49,1,2,72.4,68.4,12.0,0.0,0.0,0.0,0.0,0.0,0.0,0.0,6.0,0.0,0.0,0.0,0.0,0.0,0.0,0.0,0.0,0.0,0.0,0.0,6.0,0.0,0.0,0.0,0.0,0.0
3096,490880,49,1,2,177.2,283.6,101.9,196.7,0.5,3.4,9.1,68.8,5.4,23.3,37.3,67.2,2.4,0.0,2.5,0.0,14.7,14.5,23.4,23.0,0.0,0.0,7.0,0.0,0.5,0.0,0.0,3.4
3097,490881,49,1,2,258.1,407.7,171.5,309.1,0.9,5.3,19.2,103.7,10.6,35.3,66.7,112.1,4.4,0.0,4.5,0.0,23.0,22.5,35.9,35.5,0.0,0.0,7.0,0.0,0.9,0.0,0.0,5.3
3098,490882,49,1,2,459.1,307.9,379.9,225.7,3.3,3.9,56.1,27.5,34.1,11.6,204.7,154.2,20.8,0.0,21.4,0.0,9.1,9.0,23.8,23.4,9.0,0.0,1.0,0.0,3.3,0.0,0.0,3.9
3099,490883,49,1,2,1306.7,656.9,1200.5,550.2,8.9,6.7,179.9,35.3,101.5,31.7,592.5,391.1,52.9,0.0,54.2,0.0,25.6,25.0,68.8,67.0,125.0,0.0,0.0,0.0,8.9,0.0,0.0,6.7
3100,490884,49,1,3,2333.7,1823.4,2115.9,1597.3,16.6,19.5,366.9,157.6,185.9,142.0,1039.1,972.1,69.4,0.0,70.9,0.0,97.5,94.4,238.1,231.2,48.0,0.0,0.0,0.0,16.6,0.0,0.0,19.5
3101,490885,49,1,3,2807.3,1325.4,2620.1,1140.9,21.2,11.3,478.4,27.4,252.1,11.8,1447.9,936.4,117.2,0.0,119.7,0.0,47.8,46.3,123.0,119.0,34.0,0.0,0.0,0.0,21.2,0.0,0.0,11.3
3102,490886,49,1,2,2766.9,1974.8,2569.9,1781.0,18.9,10.1,451.2,68.0,238.2,0.0,1414.4,867.8,130.4,655.8,133.2,0.0,64.1,62.3,131.2,127.1,7.0,0.0,0.0,0.0,18.9,0.0,0.0,10.1
3103,490887,49,1,4,1773.7,6279.6,1205.3,5599.2,0.0,119.7,0.0,1657.1,0.0,575.6,2.0,2196.1,0.0,0.0,0.0,0.0,444.4,428.9,756.9,741.3,0.0,0.0,2.0,0.0,0.0,0.0,0.0,119.7
3104,490888,49,1,3,745.6,350.9,661.1,266.2,5.6,5.2,103.5,8.3,53.6,3.9,324.4,215.2,26.8,0.0,27.4,0.0,10.9,10.7,28.6,28.2,85.0,0.0,1.0,0.0,5.6,0.0,0.0,5.2
3105,490889,49,1,2,557.6,295.2,491.2,211.1,4.5,4.1,82.3,5.4,42.9,3.9,266.1,171.1,19.5,0.0,19.9,0.0,8.5,8.3,23.0,22.4,14.0,0.0,15.0,0.0,4.5,0.0,0.0,4.1
3106,490890,49,1,2,748.6,364.5,662.9,275.1,6.5,5.0,120.7,2.3,62.0,0.0,373.6,234.5,29.8,0.0,30.5,0.0,10.5,10.2,28.8,28.1,6.0,0.0,1.0,0.0,6.5,0.0,0.0,5.0
3107,490891,49,1,3,3017.2,1097.0,2827.3,905.5,26.6,15.8,458.4,1.9,250.7,0.0,1608.7,774.1,179.9,0.0,183.7,0.0,36.6,35.5,96.3,94.0,12.0,0.0,1.0,0.0,26.6,0.0,0.0,15.8
3108,490892,49,1,3,4071.0,1602.3,3856.4,1391.5,35.3,20.6,666.2,9.0,358.0,0.0,2186.2,1183.4,212.2,0.0,216.6,0.0,56.9,54.9,148.2,144.1,10.0,0.0,2.0,0.0,35.3,0.0,0.0,20.6
3109,490893,49,1,2,2634.8,1067.4,2468.1,897.7,21.4,11.7,424.7,14.7,231.2,1.2,1391.1,750.0,132.2,0.0,134.9,0.0,37.9,36.6,98.1,95.2,14.0,0.0,4.0,0.0,21.4,0.0,0.0,11.7
3110,490894,49,1,3,4695.5,1867.3,4458.7,1635.7,39.4,21.6,762.9,28.2,413.6,8.0,2497.1,1348.6,239.7,0.0,244.6,0.0,72.6,70.1,186.2,180.8,39.0,0.0,3.0,0.0,39.4,0.0,0.0,21.6
3111,490895,49,1,3,1447.1,1310.7,1272.8,1124.1,9.9,15.5,205.7,183.5,106.5,76.6,595.6,597.8,40.8,0.0,41.6,0.0,86.7,83.8,188.0,182.4,6.0,0.0,2.0,0.0,9.9,0.0,0.0,15.5
3112,490896,49,1,2,2147.6,2719.1,1960.5,2519.7,15.5,18.6,344.6,230.5,175.4,3.9,997.7,1076.8,69.1,923.6,70.5,0.0,115.2,111.0,180.0,173.9,5.0,0.0,3.0,0.0,15.5,0.0,0.0,18.6
3113,490897,49,1,2,4306.2,3961.3,4039.9,3692.5,32.1,21.1,707.6,137.7,377.5,0.0,2226.5,1609.9,200.6,0.0,204.8,1648.5,104.3,100.7,202.5,195.6,11.0,0.0,5.0,0.0,32.1,0.0,0.0,21.1
3114,490898,49,1,2,3545.7,1411.5,3338.7,1221.7,24.2,10.5,589.6,9.4,313.1,0.0,1859.5,1035.9,172.0,0.0,175.6,0.0,50.4,49.0,131.5,127.4,45.0,0.0,2.0,0.0,24.2,0.0,0.0,10.5
3115,490899,49,1,3,3133.2,4824.8,2848.0,4502.2,21.3,52.5,428.3,398.3,211.7,415.0,1165.2,1424.3,66.2,1392.6,67.6,0.0,268.4,257.5,634.7,614.4,3.0,0.0,3.0,0.0,21.3,0.0,0.0,52.5
3116,490900,49,1,3,1197.7,2367.9,1056.7,2217.8,8.8,9.7,168.8,110.2,91.3,0.0,537.0,443.1,48.1,0.0,49.2,1521.7,57.9,55.9,89.5,87.0,13.0,0.0,2.0,0.0,8.8,0.0,0.0,9.7
3117,490901,49,1,2,1715.4,745.1,1566.4,595.9,13.5,7.1,279.8,13.5,148.9,0.0,884.5,499.2,79.9,0.0,81.7,0.0,23.5,22.8,62.2,60.3,5.0,0.0,1.0,0.0,13.5,0.0,0.0,7.1
3118,490902,49,1,2,3001.0,1338.5,2811.2,1159.6,23.3,11.7,527.0,11.0,271.9,0.0,1562.6,982.8,121.8,0.0,124.4,0.0,47.2,45.8,124.1,120.0,30.0,0.0,2.0,0.0,23.3,0.0,0.0,11.7
3119,490903,49,1,3,3426.4,2755.3,3185.6,2499.4,29.5,36.9,607.8,160.9,297.8,143.7,1648.9,1717.6,94.6,0.0,96.6,59.5,123.1,118.5,308.8,299.2,5.0,0.0,3.0,0.0,29.5,0.0,0.0,36.9
3120,490904,49,1,2,2502.0,2076.5,2267.9,1825.2,18.9,27.6,363.4,223.6,195.5,150.2,1145.6,1111.6,102.2,0.0,104.5,0.0,104.8,100.8,246.9,238.9,3.0,0.0,2.0,0.0,18.9,0.0,0.0,27.6
3121,490905,49,1,2,704.1,298.1,588.6,182.4,4.4,2.3,87.1,0.2,45.5,0.0,279.3,157.3,26.2,0.0,26.9,0.0,6.6,6.5,19.0,18.4,98.0,0.0,0.0,0.0,4.4,0.0,0.0,2.3
3122,490906,49,1,2,907.7,817.1,753.6,649.5,6.3,11.2,113.9,66.3,63.1,57.7,379.3,411.1,37.2,0.0,38.1,0.0,33.7,32.5,84.3,81.9,3.0,0.0,1.0,0.0,6.3,0.0,0.0,11.2
3123,490907,49,1,2,901.5,434.7,774.7,304.9,7.3,4.5,139.2,5.0,75.6,0.0,438.2,258.3,38.5,0.0,39.5,0.0,11.9,11.6,30.7,30.0,1.0,0.0,0.0,0.0,7.3,0.0,0.0,4.5
3124,490908,49,1,2,1155.6,522.1,1023.5,390.7,9.3,4.9,184.6,3.8,99.9,0.0,578.4,332.6,50.8,0.0,51.9,0.0,15.0,14.7,40.9,39.6,2.0,0.0,0.0,0.0,9.3,0.0,0.0,4.9
3125,490909,49,1,2,918.2,468.6,792.5,346.6,6.8,3.9,149.4,22.6,75.6,0.0,447.4,278.7,35.9,0.0,36.7,0.0,12.4,12.1,34.2,33.1,1.0,0.0,0.0,0.0,6.8,0.0,0.0,3.9
3126,490910,49,1,2,1515.4,675.9,1371.6,532.7,12.7,7.7,243.3,19.4,128.8,0.0,769.6,440.8,70.0,0.0,71.5,0.0,20.3,19.7,54.1,52.7,14.0,0.0,0.0,0.0,12.7,0.0,0.0,7.7
3127,490911,49,1,2,1068.7,529.5,935.7,394.1,9.0,6.2,167.1,42.9,88.8,0.0,530.4,302.3,48.1,0.0,49.2,0.0,13.4,13.1,36.7,35.8,1.0,0.0,1.0,0.0,9.0,0.0,0.0,6.2
3128,490912,49,1,2,1147.4,562.2,1014.9,425.6,9.6,6.8,180.2,46.1,95.8,0.0,573.6,326.8,51.3,0.0,52.5,0.0,14.6,14.1,39.8,38.6,3.0,0.0,4.0,0.0,9.6,0.0,0.0,6.8
3129,490913,49,1,2,648.9,339.8,541.5,231.4,5.4,4.2,98.5,13.4,50.8,0.0,304.5,188.3,22.9,0.0,23.5,0.0,8.0,7.7,22.4,21.9,1.0,0.0,10.0,0.0,5.4,0.0,0.0,4.2
3130,490914,49,1,1,237.3,147.8,169.7,80.1,1.5,1.4,33.4,0.1,17.3,0.0,96.2,69.7,5.6,0.0,5.9,0.0,2.2,2.3,8.0,8.0,0.0,0.0,1.0,0.0,1.5,0.0,0.0,1.4
3131,490915,49,1,1,148.0,93.6,105.1,34.4,0.7,0.5,14.1,0.0,7.6,0.0,57.8,30.5,2.3,0.0,2.5,0.0,0.8,0.8,3.1,3.1,0.0,0.0,17.0,0.0,0.7,0.0,0.0,0.5
3132,490916,49,1,1,61.5,58.1,6.0,0.0,0.0,0.0,0.0,0.0,0.0,0.0,3.0,0.0,0.0,0.0,0.0,0.0,0.0,0.0,0.0,0.0,0.0,0.0,3.0,0.0,0.0,0.0,0.0,0.0
3133,490917,49,1,1,62.5,57.9,8.0,0.0,0.0,0.0,0.0,0.0,0.0,0.0,4.0,0.0,0.0,0.0,0.0,0.0,0.0,0.0,0.0,0.0,0.0,0.0,4.0,0.0,0.0,0.0,0.0,0.0
3134,490918,49,1,2,64.4,57.9,12.0,0.0,0.0,0.0,0.0,0.0,0.0,0.0,6.0,0.0,0.0,0.0,0.0,0.0,0.0,0.0,0.0,0.0,0.0,0.0,6.0,0.0,0.0,0.0,0.0,0.0
3135,490919,49,1,2,58.6,58.6,0.0,0.0,0.0,0.0,0.0,0.0,0.0,0.0,0.0,0.0,0.0,0.0,0.0,0.0,0.0,0.0,0.0,0.0,0.0,0.0,0.0,0.0,0.0,0.0,0.0,0.0
3136,490920,49,1,2,1096.9,3280.1,862.3,2985.4,0.0,57.2,0.0,474.4,0.0,546.9,4.0,1122.7,0.0,0.0,0.0,0.0,246.0,240.1,608.4,601.2,0.0,0.0,4.0,0.0,0.0,0.0,0.0,57.2
3137,490921,49,1,2,1354.0,2973.1,1139.3,2706.9,0.0,51.4,0.0,384.8,0.0,821.2,2.0,379.7,0.0,0.0,0.0,0.0,284.9,279.0,850.4,842.1,0.0,0.0,2.0,0.0,0.0,0.0,0.0,51.4
3138,490922,49,1,1,62.5,58.8,8.0,0.0,0.0,0.0,0.0,0.0,0.0,0.0,4.0,0.0,0.0,0.0,0.0,0.0,0.0,0.0,0.0,0.0,0.0,0.0,4.0,0.0,0.0,0.0,0.0,0.0
3139,490923,49,1,1,60.5,58.8,4.0,0.0,0.0,0.0,0.0,0.0,0.0,0.0,2.0,0.0,0.0,0.0,0.0,0.0,0.0,0.0,0.0,0.0,0.0,0.0,2.0,0.0,0.0,0.0,0.0,0.0
3140,490924,49,1,3,58.4,59.7,0.0,0.0,0.0,0.0,0.0,0.0,0.0,0.0,0.0,0.0,0.0,0.0,0.0,0.0,0.0,0.0,0.0,0.0,0.0,0.0,0.0,0.0,0.0,0.0,0.0,0.0
3141,490925,49,1,3,1065.2,2551.0,820.9,2253.8,0.0,49.3,0.0,373.0,0.0,487.6,4.0,593.1,0.0,0.0,0.0,0.0,229.1,223.3,583.8,576.7,0.0,0.0,4.0,0.0,0.0,0.0,0.0,49.3
3142,490926,49,1,1,85.4,73.2,28.6,16.3,0.3,0.3,5.2,0.0,3.1,0.0,15.7,14.8,0.5,0.0,0.6,0.0,0.2,0.2,1.3,1.3,0.0,0.0,2.0,0.0,0.3,0.0,0.0,0.3
3143,490927,49,1,1,182.4,117.4,123.3,57.1,1.2,0.9,23.4,0.0,12.5,0.0,70.0,50.1,4.0,0.0,4.3,0.0,1.6,1.5,5.5,5.5,0.0,0.0,2.0,0.0,1.2,0.0,0.0,0.9
3144,490928,49,1,1,178.4,113.1,122.6,52.6,1.0,0.7,21.7,0.0,11.7,0.0,69.3,46.2,4.1,0.0,4.3,0.0,1.4,1.4,5.1,5.0,0.0,0.0,5.0,0.0,1.0,0.0,0.0,0.7
3145,490929,49,1,1,59.5,58.8,2.0,0.0,0.0,0.0,0.0,0.0,0.0,0.0,1.0,0.0,0.0,0.0,0.0,0.0,0.0,0.0,0.0,0.0,0.0,0.0,1.0,0.0,0.0,0.0,0.0,0.0
3146,490930,49,1,3,88.5,157.5,27.3,94.3,0.2,1.6,2.6,22.2,1.9,11.5,7.2,45.7,0.2,0.0,0.3,0.0,3.8,3.8,11.3,11.1,0.0,0.0,0.0,0.0,0.2,0.0,0.0,1.6
3147,490931,49,1,3,2766.7,1644.3,2565.3,1438.3,24.5,25.9,498.5,153.7,254.0,7.3,1403.5,1067.9,85.4,0.0,87.2,0.0,74.2,72.5,138.5,136.9,24.0,0.0,0.0,0.0,24.5,0.0,0.0,25.9
3148,490932,49,1,3,5351.4,7884.4,4621.6,7033.9,27.7,148.0,538.2,1153.3,273.5,964.5,1518.3,2851.5,92.6,0.0,94.6,0.0,642.2,626.6,1455.2,1438.0,5.0,0.0,2.0,0.0,27.7,0.0,0.0,148.0
3149,490933,49,1,1,204.2,128.3,142.6,66.3,1.3,1.1,27.6,0.0,14.7,0.0,81.4,58.1,5.1,0.0,5.4,0.0,1.8,1.8,6.6,6.3,0.0,0.0,0.0,0.0,1.3,0.0,0.0,1.1
3150,490934,49,1,1,258.8,436.9,185.0,358.7,1.0,5.6,21.5,47.8,11.6,48.8,62.9,182.1,3.9,0.0,4.1,0.0,22.6,22.3,58.4,57.7,0.0,0.0,0.0,0.0,1.0,0.0,0.0,5.6
3151,490935,49,1,1,218.0,138.5,157.7,77.3,1.4,1.1,30.7,0.8,16.0,0.0,88.9,66.9,5.0,0.0,5.2,0.0,2.2,2.2,7.7,7.5,0.0,0.0,2.0,0.0,1.4,0.0,0.0,1.1
3152,490936,49,1,3,496.5,1418.5,323.4,1221.5,0.3,26.0,5.9,375.7,3.4,222.2,19.1,338.4,0.6,0.0,0.7,0.0,96.2,93.5,194.5,191.7,0.0,0.0,3.0,0.0,0.3,0.0,0.0,26.0
3153,490937,49,1,3,3569.0,11154.2,2872.4,10239.9,0.0,218.7,0.0,2470.5,0.0,1175.4,6.0,3785.0,0.0,0.0,0.0,0.0,1029.0,1002.8,1831.4,1806.2,0.0,0.0,6.0,0.0,0.0,0.0,0.0,218.7
3154,490938,49,1,4,2219.1,5135.6,2039.6,4857.7,0.0,102.0,0.0,588.2,0.0,1906.6,2.0,361.8,0.0,0.0,0.0,0.0,434.9,423.1,1600.6,1578.0,0.0,0.0,2.0,0.0,0.0,0.0,0.0,102.0
3155,490939,49,1,1,187.3,123.7,126.9,62.6,1.2,1.1,24.9,0.0,13.2,0.0,72.1,55.0,3.9,0.0,4.1,0.0,1.7,1.6,6.0,6.0,0.0,0.0,1.0,0.0,1.2,0.0,0.0,1.1
3156,490940,49,1,1,240.4,146.4,178.9,85.3,1.6,1.3,34.9,0.0,18.3,0.0,101.3,74.2,5.9,0.0,6.2,0.0,2.5,2.6,8.8,8.6,0.0,0.0,1.0,0.0,1.6,0.0,0.0,1.3
3157,490941,49,1,1,187.3,123.1,127.0,62.8,1.1,0.8,25.0,0.0,13.1,0.0,72.1,55.1,3.9,0.0,4.2,0.0,1.7,1.8,5.9,6.0,0.0,0.0,1.0,0.0,1.1,0.0,0.0,0.8
3158,490942,49,1,3,1112.0,3228.5,764.1,2813.6,0.0,69.0,0.0,1063.9,0.0,573.7,2.0,432.8,0.0,0.0,0.0,0.0,267.8,259.4,492.3,483.8,0.0,0.0,2.0,0.0,0.0,0.0,0.0,69.0
3159,490943,49,1,1,134.6,95.5,77.2,35.2,0.8,0.6,14.1,0.0,7.6,0.0,43.7,31.2,2.4,0.0,2.5,0.0,0.8,0.8,3.2,3.1,0.0,0.0,3.0,0.0,0.8,0.0,0.0,0.6
3160,490944,49,1,1,115.4,84.8,58.8,26.0,0.5,0.5,10.3,0.0,5.6,0.0,33.2,23.1,1.8,0.0,1.9,0.0,0.6,0.6,2.3,2.3,0.0,0.0,3.0,0.0,0.5,0.0,0.0,0.5
3161,490945,49,1,1,105.4,81.1,45.8,21.8,0.5,0.5,8.5,0.0,4.9,0.0,26.5,19.3,1.7,0.0,1.8,0.0,0.5,0.5,2.0,2.0,0.0,0.0,0.0,0.0,0.5,0.0,0.0,0.5
3162,490946,49,1,2,95.5,70.9,52.7,12.6,0.2,0.3,4.1,0.0,2.5,0.0,27.8,11.3,0.5,0.0,0.5,0.0,0.3,0.3,1.1,1.0,0.0,0.0,16.0,0.0,0.2,0.0,0.0,0.3
3163,490947,49,1,3,235.7,700.7,99.4,548.3,0.0,14.1,0.0,362.4,0.0,30.0,5.0,68.8,0.0,0.0,0.0,0.0,60.0,58.2,29.4,28.9,0.0,0.0,5.0,0.0,0.0,0.0,0.0,14.1
3164,490948,49,1,4,1318.9,3852.2,976.1,3424.5,0.0,88.8,0.0,980.7,0.0,789.6,2.0,706.1,0.0,0.0,0.0,0.0,299.1,288.8,673.0,659.3,0.0,0.0,2.0,0.0,0.0,0.0,0.0,88.8
3165,490949,49,1,4,1424.5,4589.9,897.5,3972.7,0.0,98.6,0.0,1731.6,0.0,556.4,1.0,812.5,0.0,0.0,0.0,0.0,379.9,366.9,515.7,505.3,0.0,0.0,1.0,0.0,0.0,0.0,0.0,98.6
3166,490950,49,1,1,67.6,67.9,8.7,8.3,0.1,0.2,1.8,0.0,1.2,0.0,4.6,7.6,0.2,0.0,0.2,0.0,0.1,0.1,0.6,0.6,0.0,0.0,0.0,0.0,0.1,0.0,0.0,0.2
3167,490951,49,1,1,94.7,68.1,62.9,8.4,0.1,0.2,1.8,0.0,1.2,0.0,31.7,7.7,0.2,0.0,0.2,0.0,0.1,0.1,0.6,0.6,0.0,0.0,27.0,0.0,0.1,0.0,0.0,0.2
3168,490952,49,1,2,90.7,72.6,42.7,12.8,0.2,0.4,4.0,0.0,2.5,0.0,22.9,11.5,0.5,0.0,0.5,0.0,0.3,0.3,1.0,1.0,0.0,0.0,11.0,0.0,0.2,0.0,0.0,0.4
3169,490953,49,1,3,282.2,481.1,212.9,395.7,0.9,9.8,16.5,84.4,9.1,91.7,58.6,108.8,3.2,0.0,3.4,0.0,29.2,28.4,83.9,82.4,0.0,0.0,9.0,0.0,0.9,0.0,0.0,9.8
3170,490954,49,1,1,79.5,72.9,20.5,12.7,0.1,0.4,4.0,0.0,2.5,0.0,11.8,11.4,0.5,0.0,0.5,0.0,0.3,0.3,1.0,1.0,0.0,0.0,0.0,0.0,0.1,0.0,0.0,0.4
3171,490955,49,1,2,58.7,59.6,0.0,0.0,0.0,0.0,0.0,0.0,0.0,0.0,0.0,0.0,0.0,0.0,0.0,0.0,0.0,0.0,0.0,0.0,0.0,0.0,0.0,0.0,0.0,0.0,0.0,0.0
3172,490956,49,1,2,67.9,68.5,9.1,8.6,0.2,0.2,1.8,0.0,1.2,0.0,4.8,7.7,0.2,0.0,0.2,0.0,0.2,0.2,0.7,0.7,0.0,0.0,0.0,0.0,0.2,0.0,0.0,0.2
3173,490957,49,1,1,58.7,59.1,0.0,0.0,0.0,0.0,0.0,0.0,0.0,0.0,0.0,0.0,0.0,0.0,0.0,0.0,0.0,0.0,0.0,0.0,0.0,0.0,0.0,0.0,0.0,0.0,0.0,0.0
3174,490958,49,1,2,139.8,184.3,101.0,118.5,0.3,3.0,5.1,13.2,3.2,20.5,41.4,60.0,1.5,0.0,1.5,0.0,6.0,5.8,19.4,19.0,0.0,0.0,23.0,0.0,0.3,0.0,0.0,3.0
3175,490959,49,1,4,5775.3,11478.0,5115.1,10538.9,0.0,280.4,0.0,909.7,0.0,3161.8,13.0,1501.0,0.0,0.0,0.0,0.0,1313.7,1265.9,3775.4,3700.5,0.0,0.0,13.0,0.0,0.0,0.0,0.0,280.4
3176,490960,49,1,2,63.7,60.3,10.0,0.0,0.0,0.0,0.0,0.0,0.0,0.0,5.0,0.0,0.0,0.0,0.0,0.0,0.0,0.0,0.0,0.0,0.0,0.0,5.0,0.0,0.0,0.0,0.0,0.0
3177,490961,49,1,4,4571.3,10215.0,3754.6,9192.1,0.0,209.2,0.0,1740.5,0.0,1920.6,9.0,1885.8,0.0,0.0,0.0,0.0,1118.4,1080.2,2618.2,2565.0,0.0,0.0,9.0,0.0,0.0,0.0,0.0,209.2
3178,490962,49,1,4,7170.8,14661.1,6305.7,13475.1,0.0,319.6,0.0,1276.1,0.0,3821.2,14.0,2251.3,0.0,0.0,0.0,0.0,1642.1,1585.2,4635.6,4541.2,0.0,0.0,14.0,0.0,0.0,0.0,0.0,319.6
3179,490963,49,1,3,2959.9,1880.2,2784.3,1688.7,25.6,35.5,468.8,104.3,239.2,170.7,1452.5,1046.3,119.4,0.0,122.0,0.0,98.1,94.8,278.4,272.7,5.0,0.0,1.0,0.0,25.6,0.0,0.0,35.5
3180,490964,49,1,4,2112.5,3956.9,1824.1,3587.7,7.5,90.7,141.0,519.0,71.5,677.7,391.3,1251.0,21.5,0.0,22.1,0.0,329.5,316.8,841.2,823.1,2.0,0.0,4.0,0.0,7.5,0.0,0.0,90.7
3181,490965,49,1,4,2165.6,3176.3,1886.5,2831.9,4.5,73.6,82.0,302.9,42.0,646.1,228.3,415.0,12.6,0.0,13.0,0.0,432.3,416.4,1073.2,1051.4,1.0,0.0,2.0,0.0,4.5,0.0,0.0,73.6
3182,490966,49,1,3,1641.3,1728.9,1508.7,1590.1,14.4,20.4,272.1,93.2,142.6,7.9,804.2,672.0,57.3,649.6,58.5,0.0,59.7,57.6,112.2,109.9,2.0,0.0,0.0,0.0,14.4,0.0,0.0,20.4
3183,490967,49,1,4,4044.1,4864.2,3604.4,4344.1,24.8,103.6,465.0,662.0,241.4,436.3,1383.1,1980.4,98.7,0.0,100.7,0.0,410.5,395.3,889.9,870.1,7.0,0.0,8.0,0.0,24.8,0.0,0.0,103.6
3184,490968,49,1,4,3528.3,2948.3,3254.7,2644.4,29.0,59.7,561.7,313.5,284.3,179.2,1551.8,1538.8,88.0,0.0,90.0,0.0,196.5,189.1,433.5,423.6,46.0,0.0,3.0,0.0,29.0,0.0,0.0,59.7
3185,490969,49,1,4,3083.3,2326.6,2884.2,2111.5,29.1,43.6,571.2,94.1,289.8,124.9,1485.2,1511.1,69.7,0.0,71.2,0.0,105.9,102.1,285.3,279.4,5.0,0.0,1.0,0.0,29.1,0.0,0.0,43.6
3186,490970,49,1,4,2666.2,3104.9,2363.6,2757.5,15.8,62.8,310.5,340.7,155.7,350.2,804.4,1083.4,39.0,0.0,39.9,0.0,311.5,299.5,699.6,683.8,2.0,0.0,1.0,0.0,15.8,0.0,0.0,62.8
3187,490971,49,1,3,6466.5,4548.6,6039.2,4086.6,58.0,88.3,1049.3,294.4,559.9,153.9,3045.1,2692.8,199.3,0.0,203.4,0.0,305.0,293.3,667.2,652.1,9.0,0.0,1.0,0.0,58.0,0.0,0.0,88.3
3188,490972,49,1,3,4133.5,2861.1,3902.8,2627.4,36.1,26.3,620.7,84.3,340.7,0.0,2160.6,1143.6,236.9,1163.0,241.8,0.0,78.6,75.9,164.5,160.6,57.0,0.0,2.0,0.0,36.1,0.0,0.0,26.3
3189,490973,49,1,3,3556.6,1277.1,3350.8,1071.0,31.2,17.8,539.9,2.4,294.0,0.0,1899.2,915.6,214.3,0.0,218.8,0.0,43.5,42.0,113.9,110.9,26.0,0.0,1.0,0.0,31.2,0.0,0.0,17.8
3190,490974,49,1,3,2829.5,1038.6,2644.0,851.5,24.3,14.2,422.6,12.2,236.6,0.0,1467.6,719.8,159.0,0.0,162.3,0.0,33.8,32.7,89.1,86.8,73.0,0.0,0.0,0.0,24.3,0.0,0.0,14.2
3191,490975,49,1,3,3396.4,2193.7,3197.2,1975.7,29.5,44.9,561.5,131.2,279.5,86.8,1634.7,1416.9,111.5,0.0,113.8,0.0,103.3,99.2,247.8,241.6,145.0,0.0,0.0,0.0,29.5,0.0,0.0,44.9
3192,490976,49,1,4,795.5,2920.1,707.3,2820.2,5.9,14.5,112.6,129.4,57.2,0.0,333.4,402.4,22.4,0.0,23.0,2138.7,62.8,61.0,90.8,88.6,2.0,0.0,3.0,0.0,5.9,0.0,0.0,14.5
3193,490977,49,1,4,3004.3,3761.9,2716.9,3421.6,20.4,75.9,389.2,359.9,197.5,543.5,1125.9,1695.0,74.1,0.0,75.8,0.0,224.8,216.0,622.7,607.2,6.0,0.0,1.0,0.0,20.4,0.0,0.0,75.9
3194,490978,49,1,4,4532.0,5821.7,4067.2,5268.7,26.5,119.1,496.3,756.5,255.3,695.2,1480.7,2257.3,108.3,0.0,110.7,0.0,483.3,464.4,1122.5,1095.3,9.0,0.0,1.0,0.0,26.5,0.0,0.0,119.1
3195,490979,49,1,3,3164.1,2272.4,2997.0,2101.4,29.8,29.1,536.8,49.7,276.4,0.0,1587.7,1153.7,111.9,674.6,114.2,0.0,71.4,68.7,158.5,154.6,137.0,0.0,3.0,0.0,29.8,0.0,0.0,29.1
3196,490980,49,1,3,2777.7,3199.6,2609.3,3017.0,24.5,34.7,442.6,108.5,227.9,113.3,1271.7,1060.8,83.2,0.0,85.0,1380.7,107.3,103.3,256.4,250.5,135.0,0.0,0.0,0.0,24.5,0.0,0.0,34.7
3197,490981,49,1,3,5706.4,3369.3,5436.3,3099.0,53.4,41.6,928.8,61.3,473.6,0.0,2988.1,1785.4,280.7,916.6,286.5,0.0,105.5,101.6,240.2,234.1,131.0,0.0,2.0,0.0,53.4,0.0,0.0,41.6
3198,490982,49,1,3,2367.4,3824.7,2177.8,3622.4,18.9,20.2,336.2,144.7,176.1,0.0,1120.2,773.4,117.1,0.0,119.7,2484.0,85.9,82.9,141.4,137.4,80.0,0.0,1.0,0.0,18.9,0.0,0.0,20.2
3199,490983,49,1,3,4088.4,1558.0,3858.1,1328.2,36.3,20.9,658.4,2.7,349.4,0.0,2188.7,1136.1,226.3,0.0,231.1,0.0,54.1,52.3,141.1,137.2,7.0,0.0,2.0,0.0,36.3,0.0,0.0,20.9
3200,490984,49,1,3,358.0,909.1,210.6,743.5,0.5,13.5,8.2,90.7,4.9,111.7,30.2,337.5,3.1,0.0,3.3,47.6,44.7,43.2,116.3,112.9,0.0,0.0,0.0,0.0,0.5,0.0,0.0,13.5
3201,490985,49,1,2,4692.4,2075.7,4410.8,1786.7,40.6,38.7,750.9,199.5,396.2,0.0,2489.2,1336.7,250.9,0.0,256.1,0.0,92.9,89.3,165.5,161.1,8.0,0.0,1.0,0.0,40.6,0.0,0.0,38.7
3202,490986,49,1,2,4484.4,2107.2,4224.2,1845.6,42.0,33.2,751.0,148.0,404.5,36.2,2361.2,1395.1,210.1,0.0,214.4,0.0,74.5,71.8,200.6,194.5,6.0,0.0,2.0,0.0,42.0,0.0,0.0,33.2
3203,490987,49,1,3,4381.7,2771.6,4148.4,2531.6,38.8,36.0,703.4,60.7,373.0,0.0,2327.2,1315.6,232.6,897.9,237.4,0.0,83.2,79.9,182.6,177.5,8.0,0.0,1.0,0.0,38.8,0.0,0.0,36.0
3204,490988,49,1,3,3361.6,2885.5,3105.0,2600.1,30.3,58.3,593.8,384.0,290.6,77.5,1588.8,1701.0,86.1,0.0,88.0,0.0,152.2,146.0,299.6,291.7,5.0,0.0,1.0,0.0,30.3,0.0,0.0,58.3
3205,490989,49,1,4,2177.9,3129.0,1925.3,2825.3,13.4,64.8,265.8,544.5,131.1,163.9,710.1,1401.1,37.0,0.0,37.8,0.0,261.8,251.2,477.6,464.5,2.0,0.0,2.0,0.0,13.4,0.0,0.0,64.8
3206,490990,49,1,4,2210.4,1869.3,2028.5,1669.4,18.2,35.7,344.5,101.3,175.3,98.6,996.1,1102.0,64.7,0.0,66.2,0.0,114.8,110.3,263.9,257.3,3.0,0.0,0.0,0.0,18.2,0.0,0.0,35.7
3207,490991,49,1,3,2833.1,2584.4,2536.1,2262.6,23.3,44.3,428.5,285.4,211.1,147.6,1253.8,1385.3,88.8,0.0,90.7,0.0,147.7,141.7,311.6,302.5,3.0,0.0,1.0,0.0,23.3,0.0,0.0,44.3
3208,490992,49,1,3,2331.7,1383.2,2180.3,1225.1,22.0,26.3,401.0,50.4,203.7,27.5,1161.8,900.8,77.1,0.0,78.8,0.0,75.9,73.1,177.8,173.3,4.0,0.0,0.0,0.0,22.0,0.0,0.0,26.3
3209,490993,49,1,3,2165.3,1218.2,2014.5,1062.7,19.8,19.1,373.0,65.1,182.0,17.3,1088.3,820.7,78.5,0.0,80.1,0.0,47.5,45.7,117.1,113.9,48.0,0.0,0.0,0.0,19.8,0.0,0.0,19.1
3210,490994,49,1,3,2995.2,1593.9,2815.9,1410.4,29.9,27.4,547.2,10.5,283.8,3.9,1566.5,1200.1,101.3,0.0,103.5,0.0,56.5,54.4,145.2,141.5,12.0,0.0,0.0,0.0,29.9,0.0,0.0,27.4
3211,490995,49,1,3,9037.3,6167.0,8528.2,5628.6,78.7,95.8,1382.2,324.1,741.8,293.9,4431.8,3302.8,415.6,626.2,424.1,0.0,336.7,323.1,779.9,758.5,14.0,0.0,2.0,0.0,78.7,0.0,0.0,95.8
3212,490996,49,1,3,5052.1,2033.1,4796.2,1780.3,46.6,32.2,806.0,32.6,431.8,11.9,2709.8,1478.1,280.2,0.0,285.9,0.0,75.0,72.2,190.5,185.4,16.0,0.0,1.0,0.0,46.6,0.0,0.0,32.2
3213,490997,49,1,2,197.3,149.2,82.2,27.3,0.8,0.5,13.1,0.0,7.5,0.0,47.7,24.0,5.2,0.0,5.4,0.0,0.8,0.7,2.5,2.6,0.0,0.0,0.0,0.0,0.8,0.0,0.0,0.5
3214,490998,49,1,3,2047.2,3452.4,1800.0,3148.9,12.4,69.5,241.9,434.5,118.6,294.2,644.9,1321.7,34.2,0.0,35.0,399.5,229.8,219.7,493.5,479.1,1.0,0.0,1.0,0.0,12.4,0.0,0.0,69.5
3215,490999,49,1,3,2254.0,5299.3,1866.1,4805.7,8.6,118.7,159.1,822.4,83.8,533.8,453.1,2372.5,26.7,0.0,27.4,0.0,369.6,354.1,744.4,722.9,1.0,0.0,1.0,0.0,8.6,0.0,0.0,118.7
3216,491000,49,1,3,2813.3,3162.9,2630.3,2969.5,26.2,32.1,502.5,113.0,261.4,0.0,1408.4,1210.9,85.1,0.0,86.9,1372.8,95.9,92.2,185.1,180.6,5.0,0.0,0.0,0.0,26.2,0.0,0.0,32.1
3217,491001,49,1,3,2421.3,1094.2,2243.5,913.1,23.3,17.5,414.7,2.3,222.4,0.0,1260.3,782.0,103.8,0.0,106.0,0.0,36.3,35.1,95.9,93.6,4.0,0.0,0.0,0.0,23.3,0.0,0.0,17.5
3218,491002,49,1,3,6066.6,2464.6,5765.2,2168.6,57.1,38.2,1023.8,8.3,530.8,0.0,3255.0,1853.6,311.3,0.0,317.9,0.0,88.2,84.9,228.3,221.8,9.0,0.0,1.0,0.0,57.1,0.0,0.0,38.2
3219,491003,49,1,3,5426.1,3314.4,5155.8,3044.9,48.8,38.3,879.5,109.7,469.6,11.9,2876.7,1779.0,273.4,789.1,279.0,0.0,116.7,111.9,250.9,243.2,9.0,0.0,1.0,0.0,48.8,0.0,0.0,38.3
3220,491004,49,1,3,4986.7,1877.1,4765.5,1663.9,45.9,29.0,775.6,3.6,445.8,0.0,2722.1,1425.3,282.4,0.0,288.2,0.0,67.4,64.9,174.9,170.1,8.0,0.0,1.0,0.0,45.9,0.0,0.0,29.0
3221,491005,49,1,3,7473.7,2868.8,7171.2,2582.9,69.8,45.0,1187.4,7.0,669.1,0.0,4079.2,2209.7,408.8,0.0,417.2,0.0,106.1,101.6,273.3,264.6,29.0,0.0,1.0,0.0,69.8,0.0,0.0,45.0
3222,491006,49,1,3,1168.5,866.0,1032.4,722.0,10.3,15.3,205.1,47.7,103.4,0.0,571.7,598.3,34.7,0.0,35.6,0.0,26.0,25.2,52.0,50.8,2.0,0.0,2.0,0.0,10.3,0.0,0.0,15.3
3223,491007,49,1,3,3036.7,1363.1,2834.5,1157.9,28.1,20.2,532.1,2.3,283.9,0.0,1591.2,992.6,125.3,0.0,128.0,0.0,46.4,44.8,121.6,118.2,5.0,0.0,1.0,0.0,28.1,0.0,0.0,20.2
3224,491008,49,1,3,5890.9,3839.4,5557.7,3496.6,50.8,48.5,927.0,156.3,507.1,103.0,3034.4,2076.6,298.6,700.4,304.8,0.0,143.4,137.2,333.3,323.1,8.0,0.0,1.0,0.0,50.8,0.0,0.0,48.5
3225,491009,49,1,3,5918.4,2420.6,5619.1,2132.1,54.0,32.8,1013.4,5.9,535.8,0.0,3170.2,1825.9,286.1,0.0,291.9,0.0,86.5,83.2,224.1,217.1,10.0,0.0,1.0,0.0,54.0,0.0,0.0,32.8
3226,491010,49,1,3,3211.2,2291.7,3024.8,2105.4,28.0,21.7,523.0,83.1,274.0,0.0,1676.0,1094.1,152.1,697.9,155.4,0.0,79.0,76.0,159.4,154.2,5.0,0.0,1.0,0.0,28.0,0.0,0.0,21.7
3227,491011,49,1,2,191.3,135.2,91.3,36.4,0.9,0.7,16.2,0.2,8.7,0.0,52.4,32.0,4.3,0.0,4.5,0.0,1.0,0.9,3.3,3.3,0.0,0.0,1.0,0.0,0.9,0.0,0.0,0.7
3228,491012,49,1,2,105.5,103.9,7.4,3.9,0.0,0.2,0.9,0.0,0.7,0.0,4.2,3.7,0.2,0.0,0.2,0.0,0.0,0.0,0.2,0.2,0.0,0.0,1.0,0.0,0.0,0.0,0.0,0.2
3229,491013,49,1,2,92.2,91.3,4.0,0.0,0.0,0.0,0.0,0.0,0.0,0.0,2.0,0.0,0.0,0.0,0.0,0.0,0.0,0.0,0.0,0.0,0.0,0.0,2.0,0.0,0.0,0.0,0.0,0.0
3230,491014,49,1,2,1849.6,996.5,1708.9,856.0,16.0,14.7,292.6,37.0,157.6,19.2,924.7,631.9,76.9,0.0,78.4,0.0,52.5,50.7,121.2,117.2,3.0,0.0,2.0,0.0,16.0,0.0,0.0,14.7
3231,491015,49,1,2,1934.8,810.0,1766.5,644.7,17.2,10.8,312.2,2.3,171.5,0.0,999.4,552.4,93.3,0.0,95.4,0.0,25.4,24.7,67.4,65.3,2.0,0.0,0.0,0.0,17.2,0.0,0.0,10.8
3232,491016,49,1,2,327.7,874.8,173.0,706.5,0.0,13.6,0.0,175.8,0.0,139.9,0.0,223.1,0.0,0.0,0.0,0.0,50.8,49.3,122.2,118.5,0.0,0.0,0.0,0.0,0.0,0.0,0.0,13.6
3233,491017,49,1,2,1222.7,579.7,1101.0,450.7,10.5,10.8,201.6,3.8,104.0,0.0,621.4,384.3,52.1,0.0,53.2,0.0,17.4,16.8,47.2,45.8,2.0,0.0,2.0,0.0,10.5,0.0,0.0,10.8
3234,491018,49,1,1,205.2,141.0,113.2,45.5,1.2,1.1,20.5,0.0,11.0,0.0,64.9,40.1,5.6,0.0,5.7,0.0,1.3,1.2,4.2,4.2,0.0,0.0,0.0,0.0,1.2,0.0,0.0,1.1
3235,491019,49,1,2,234.0,157.2,141.9,59.8,1.5,1.6,26.3,0.0,14.5,0.0,80.5,52.4,6.0,0.0,6.1,0.0,1.7,1.7,5.8,5.7,0.0,0.0,1.0,0.0,1.5,0.0,0.0,1.6
3236,491020,49,1,2,3900.6,4614.9,3637.1,4321.4,32.7,57.1,627.8,364.9,315.5,0.0,1938.8,1477.4,165.7,1131.3,169.2,950.9,162.0,154.5,251.1,242.3,6.0,0.0,1.0,0.0,32.7,0.0,0.0,57.1
3237,491021,49,1,3,3060.4,2150.4,2843.4,1904.8,25.3,47.7,481.3,83.8,243.0,199.4,1486.4,1263.8,126.4,0.0,129.0,0.0,93.6,89.8,277.6,268.1,5.0,0.0,1.0,0.0,25.3,0.0,0.0,47.7
3238,491022,49,1,1,89.5,95.6,0.0,0.0,0.0,0.0,0.0,0.0,0.0,0.0,0.0,0.0,0.0,0.0,0.0,0.0,0.0,0.0,0.0,0.0,0.0,0.0,0.0,0.0,0.0,0.0,0.0,0.0
3239,491023,49,1,2,111.6,103.6,21.5,8.5,0.1,0.2,3.4,0.0,2.2,0.0,12.8,7.8,1.2,0.0,1.2,0.0,0.1,0.1,0.6,0.7,0.0,0.0,0.0,0.0,0.1,0.0,0.0,0.2
3240,491024,49,1,2,144.3,118.1,53.5,22.6,0.5,0.7,9.7,0.0,5.3,0.0,30.9,20.0,2.5,0.0,2.6,0.0,0.6,0.5,2.0,2.0,0.0,0.0,0.0,0.0,0.5,0.0,0.0,0.7
3241,491025,49,1,2,666.7,542.4,547.2,412.9,4.9,11.1,91.8,78.9,48.0,43.6,279.0,211.4,22.5,0.0,23.0,0.0,25.5,24.5,56.5,54.3,1.0,0.0,0.0,0.0,4.9,0.0,0.0,11.1
3242,491026,49,1,1,164.4,149.6,73.1,55.2,0.7,1.4,11.6,6.8,6.3,8.5,37.1,28.8,2.8,0.0,2.9,0.0,2.4,2.3,9.0,8.8,0.0,0.0,1.0,0.0,0.7,0.0,0.0,1.4
3243,491027,49,1,1,144.7,222.9,51.7,120.4,0.3,3.7,3.8,14.5,2.7,22.3,16.4,59.1,1.8,0.0,1.9,0.0,6.2,6.0,18.9,18.4,0.0,0.0,0.0,0.0,0.3,0.0,0.0,3.7
3244,491028,49,1,1,130.1,184.6,40.9,84.6,0.1,2.7,3.1,7.7,2.0,17.8,13.3,40.7,0.9,0.0,0.9,0.0,4.1,4.1,14.7,14.3,0.0,0.0,2.0,0.0,0.1,0.0,0.0,2.7
3245,491029,49,1,2,1022.4,1513.0,867.3,1318.1,5.4,39.0,104.9,181.6,54.4,244.2,323.1,575.9,26.3,0.0,27.0,0.0,88.7,84.7,241.0,231.8,1.0,0.0,1.0,0.0,5.4,0.0,0.0,39.0
3246,491030,49,1,2,437.3,1284.1,235.7,1046.9,0.0,31.1,0.0,270.8,0.0,202.9,1.0,348.4,0.0,0.0,0.0,0.0,73.0,69.8,160.8,154.9,0.0,0.0,1.0,0.0,0.0,0.0,0.0,31.1
3247,491031,49,1,2,1479.1,697.6,1347.2,561.6,12.6,13.6,247.2,10.8,127.6,0.0,760.2,474.1,64.1,0.0,65.6,0.0,21.7,20.8,57.7,55.8,3.0,0.0,0.0,0.0,12.6,0.0,0.0,13.6
3248,491032,49,1,2,1874.3,922.9,1718.9,761.5,16.6,18.3,314.1,54.9,162.3,0.0,966.2,601.6,81.6,0.0,83.5,0.0,35.5,34.0,73.8,71.0,2.0,0.0,0.0,0.0,16.6,0.0,0.0,18.3
3249,491033,49,1,2,278.6,202.7,188.5,103.6,1.7,2.5,32.3,2.7,17.1,4.4,103.4,82.0,7.7,0.0,7.9,0.0,3.9,3.8,11.3,10.8,0.0,0.0,5.0,0.0,1.7,0.0,0.0,2.5
3250,491034,49,1,2,284.0,173.7,189.8,74.7,1.9,1.7,33.7,0.1,18.2,0.0,108.4,65.3,9.3,0.0,9.6,0.0,2.3,2.2,7.3,7.1,0.0,0.0,1.0,0.0,1.9,0.0,0.0,1.7
3251,491035,49,1,1,306.1,184.1,210.6,84.4,2.1,1.8,38.1,0.0,21.1,0.0,120.0,73.7,10.1,0.0,10.4,0.0,2.6,2.6,8.3,8.1,0.0,0.0,0.0,0.0,2.1,0.0,0.0,1.8
3252,491036,49,1,1,238.1,154.5,144.3,60.0,1.5,1.4,26.4,0.0,14.1,0.0,82.6,52.7,6.8,0.0,7.0,0.0,1.7,1.7,5.8,5.6,0.0,0.0,0.0,0.0,1.5,0.0,0.0,1.4
3253,491037,49,1,1,243.7,156.9,151.9,60.3,1.6,1.3,26.8,0.0,14.4,0.0,86.6,52.9,7.1,0.0,7.3,0.0,1.8,1.8,6.0,5.7,0.0,0.0,2.0,0.0,1.6,0.0,0.0,1.3
3254,491038,49,1,2,330.2,189.9,234.1,93.7,2.4,1.6,42.4,0.1,22.9,0.0,133.9,81.6,11.1,0.0,11.6,0.0,3.0,3.0,9.2,9.0,0.0,0.0,0.0,0.0,2.4,0.0,0.0,1.6
3255,491039,49,1,1,4536.8,2050.6,4301.9,1804.9,38.3,45.5,794.1,27.6,415.6,0.0,2423.5,1527.6,198.3,0.0,202.4,0.0,72.3,69.2,187.7,180.6,7.0,0.0,1.0,0.0,38.3,0.0,0.0,45.5
3256,491040,49,1,1,98.4,107.5,8.7,14.3,0.0,0.5,0.9,0.1,0.7,4.4,3.0,6.1,0.2,0.0,0.2,0.0,0.5,0.6,3.2,3.1,0.0,0.0,0.0,0.0,0.0,0.0,0.0,0.5
3257,491041,49,1,1,89.5,93.1,0.0,0.0,0.0,0.0,0.0,0.0,0.0,0.0,0.0,0.0,0.0,0.0,0.0,0.0,0.0,0.0,0.0,0.0,0.0,0.0,0.0,0.0,0.0,0.0,0.0,0.0
3258,491042,49,1,1,94.8,97.2,5.3,4.0,0.0,0.2,0.9,0.0,0.7,0.0,3.1,3.7,0.2,0.0,0.2,0.0,0.0,0.0,0.3,0.3,0.0,0.0,0.0,0.0,0.0,0.0,0.0,0.2
3259,491043,49,1,2,93.6,91.1,8.0,0.0,0.0,0.0,0.0,0.0,0.0,0.0,4.0,0.0,0.0,0.0,0.0,0.0,0.0,0.0,0.0,0.0,0.0,0.0,4.0,0.0,0.0,0.0,0.0,0.0
3260,491044,49,1,2,268.3,164.5,174.6,70.4,1.6,1.6,31.2,0.1,16.8,0.0,99.8,61.5,8.8,0.0,9.1,0.0,2.2,2.2,6.8,6.6,0.0,0.0,0.0,0.0,1.6,0.0,0.0,1.6
3261,491045,49,1,2,4197.2,7278.9,3737.9,6703.1,20.6,136.2,391.6,693.7,204.6,946.1,1192.4,2206.8,96.2,0.0,98.3,1199.8,516.8,488.7,1230.9,1168.1,5.0,0.0,2.0,0.0,20.6,0.0,0.0,136.2
3262,491046,49,1,2,769.6,779.0,636.1,629.1,4.8,15.1,88.5,63.7,48.3,78.3,274.0,317.4,22.0,0.0,22.5,0.0,52.8,50.1,126.1,119.6,1.0,0.0,1.0,0.0,4.8,0.0,0.0,15.1
3263,491047,49,1,2,1087.7,1088.6,933.4,912.7,6.9,21.9,130.5,91.0,70.4,112.6,405.4,464.7,32.9,0.0,33.7,0.0,76.3,72.6,181.3,171.8,1.0,0.0,2.0,0.0,6.9,0.0,0.0,21.9
3264,491048,49,1,1,154.4,123.1,62.8,27.3,0.7,0.6,11.5,0.0,6.2,0.0,36.2,24.1,2.8,0.0,2.9,0.0,0.7,0.7,2.5,2.5,0.0,0.0,0.0,0.0,0.7,0.0,0.0,0.6
3265,491049,49,1,2,159.9,119.8,71.5,27.4,0.7,0.5,12.1,0.0,7.0,0.0,41.3,24.3,3.8,0.0,4.0,0.0,0.7,0.7,2.5,2.5,0.0,0.0,0.0,0.0,0.7,0.0,0.0,0.5
3266,491050,49,1,1,104.4,98.3,15.9,4.0,0.2,0.2,1.4,0.0,1.3,0.0,9.2,3.8,0.9,0.0,0.9,0.0,0.0,0.0,0.2,0.2,0.0,0.0,2.0,0.0,0.2,0.0,0.0,0.2
3267,491051,49,1,1,110.7,101.2,24.3,8.5,0.2,0.2,2.9,0.0,1.7,0.0,13.7,7.8,0.6,0.0,0.7,0.0,0.1,0.1,0.6,0.6,0.0,0.0,4.0,0.0,0.2,0.0,0.0,0.2
3268,491052,49,1,1,101.9,93.2,13.4,0.0,0.2,0.0,0.0,0.0,1.9,0.0,8.9,0.0,0.2,0.0,0.3,0.0,0.0,0.0,0.0,0.0,0.0,0.0,2.0,0.0,0.2,0.0,0.0,0.0
3269,491053,49,1,1,104.0,100.1,16.5,8.6,0.2,0.2,2.1,0.0,1.5,0.0,8.7,7.9,0.3,0.0,0.3,0.0,0.1,0.1,0.6,0.6,0.0,0.0,3.0,0.0,0.2,0.0,0.0,0.2
3270,491054,49,1,3,1117.6,2757.5,879.9,2440.6,0.0,76.4,0.0,305.6,0.0,649.1,2.0,648.3,0.0,0.0,0.0,0.0,241.5,228.0,634.4,609.6,0.0,0.0,2.0,0.0,0.0,0.0,0.0,76.4
3271,491055,49,1,2,1350.5,760.5,1226.4,624.9,10.5,17.1,222.3,19.5,120.4,34.6,674.8,471.7,51.7,0.0,52.8,0.0,26.9,25.5,76.5,73.6,0.0,0.0,1.0,0.0,10.5,0.0,0.0,17.1
3272,491056,49,1,2,1303.4,632.2,1183.4,507.5,10.3,13.2,218.7,10.6,116.0,0.0,669.6,429.3,54.0,0.0,55.1,0.0,19.1,18.2,51.1,49.4,0.0,0.0,0.0,0.0,10.3,0.0,0.0,13.2
3273,491057,49,1,2,94.8,85.0,22.0,0.0,0.0,0.0,0.0,0.0,0.0,0.0,11.0,0.0,0.0,0.0,0.0,0.0,0.0,0.0,0.0,0.0,0.0,0.0,11.0,0.0,0.0,0.0,0.0,0.0
3274,491058,49,1,1,91.6,90.3,4.0,0.0,0.0,0.0,0.0,0.0,0.0,0.0,2.0,0.0,0.0,0.0,0.0,0.0,0.0,0.0,0.0,0.0,0.0,0.0,2.0,0.0,0.0,0.0,0.0,0.0
3275,491059,49,1,1,90.4,89.5,2.0,0.0,0.0,0.0,0.0,0.0,0.0,0.0,1.0,0.0,0.0,0.0,0.0,0.0,0.0,0.0,0.0,0.0,0.0,0.0,1.0,0.0,0.0,0.0,0.0,0.0
3276,491060,49,1,2,254.9,338.7,160.9,238.1,1.1,5.8,20.3,31.7,11.2,29.9,65.2,126.5,5.3,0.0,5.5,0.0,15.9,15.3,36.3,34.6,0.0,0.0,1.0,0.0,1.1,0.0,0.0,5.8
3277,491061,49,1,3,1545.2,3755.6,1375.6,3553.0,10.1,39.5,190.6,295.0,104.9,121.8,615.4,761.7,54.3,0.0,55.4,2041.8,125.7,118.6,226.4,214.1,2.0,0.0,1.0,0.0,10.1,0.0,0.0,39.5
3278,491062,49,1,3,2097.6,1797.9,1892.3,1563.1,15.0,38.7,295.3,186.5,158.7,178.0,877.9,798.8,65.9,0.0,67.3,0.0,122.8,116.0,300.4,283.8,3.0,0.0,1.0,0.0,15.0,0.0,0.0,38.7
3279,491063,49,1,2,4168.8,1912.0,3945.1,1679.7,37.6,36.2,739.1,3.7,383.2,0.0,2217.2,1443.8,173.4,0.0,177.0,0.0,68.3,64.7,177.0,167.5,6.0,0.0,4.0,0.0,37.6,0.0,0.0,36.2
3280,491064,49,1,2,295.4,255.9,204.7,160.3,1.8,3.4,31.9,10.2,16.5,18.6,105.6,103.0,9.8,0.0,10.1,0.0,7.4,7.2,22.3,21.3,0.0,0.0,1.0,0.0,1.8,0.0,0.0,3.4
3281,491065,49,1,1,421.2,231.3,323.6,132.5,3.0,2.4,59.4,0.1,32.5,0.0,183.1,115.3,14.2,0.0,14.6,0.0,4.5,4.4,13.2,12.6,1.0,0.0,1.0,0.0,3.0,0.0,0.0,2.4
3282,491066,49,1,3,6377.2,3799.0,6010.2,3380.0,46.8,97.8,917.9,212.9,507.7,275.5,3026.9,1953.6,277.4,0.0,283.1,0.0,297.8,280.7,683.4,657.2,15.0,0.0,1.0,0.0,46.8,0.0,0.0,97.8
3283,491067,49,1,3,2258.6,3252.4,2093.1,3025.1,13.8,69.4,270.2,148.2,143.1,641.8,827.2,814.7,66.1,736.7,67.7,0.0,170.4,160.7,544.4,523.1,3.0,0.0,1.0,0.0,13.8,0.0,0.0,69.4
3284,491068,49,1,3,1194.3,576.2,1078.7,455.7,9.2,11.9,198.6,0.6,104.8,0.0,610.9,393.7,49.8,0.0,51.0,0.0,17.1,16.5,46.4,44.9,0.0,0.0,0.0,0.0,9.2,0.0,0.0,11.9
3285,491069,49,1,1,86.7,83.9,6.0,0.0,0.0,0.0,0.0,0.0,0.0,0.0,3.0,0.0,0.0,0.0,0.0,0.0,0.0,0.0,0.0,0.0,0.0,0.0,3.0,0.0,0.0,0.0,0.0,0.0
3286,491070,49,1,3,2378.9,2334.0,2183.8,2092.1,16.9,61.0,360.3,160.9,181.8,293.8,981.1,1111.9,53.0,0.0,54.2,0.0,153.6,145.0,395.8,380.4,3.0,0.0,1.0,0.0,16.9,0.0,0.0,61.0
3287,491071,49,1,3,2889.2,2895.8,2646.9,2592.5,19.5,75.0,430.0,216.1,217.8,294.0,1175.2,1423.7,63.0,0.0,64.4,0.0,205.6,193.5,485.9,465.1,0.0,0.0,5.0,0.0,19.5,0.0,0.0,75.0
3288,491072,49,1,3,934.6,951.2,799.8,794.6,6.1,22.4,125.7,136.0,66.9,61.5,388.5,457.1,31.0,0.0,31.9,0.0,48.3,45.7,98.5,94.3,7.0,0.0,2.0,0.0,6.1,0.0,0.0,22.4
3289,491073,49,1,2,140.4,253.4,50.5,156.1,0.3,4.3,3.9,25.7,2.8,14.6,16.9,94.4,1.8,0.0,1.8,0.0,7.4,7.1,14.9,14.3,0.0,0.0,1.0,0.0,0.3,0.0,0.0,4.3
3290,491074,49,1,2,684.6,775.9,565.4,639.4,4.7,16.5,90.9,75.4,49.5,45.2,279.4,424.5,21.2,0.0,21.7,0.0,31.3,30.0,67.5,64.2,1.0,0.0,3.0,0.0,4.7,0.0,0.0,16.5
3291,491075,49,1,3,2511.0,3762.9,2280.2,3469.1,13.9,73.4,262.6,452.1,146.0,399.0,849.1,1115.5,74.8,685.3,76.3,0.0,277.2,260.9,589.1,556.3,3.0,0.0,2.0,0.0,13.9,0.0,0.0,73.4
3292,491076,49,1,3,1968.0,2016.3,1792.8,1803.4,15.2,49.8,336.1,207.1,172.8,109.0,901.5,1223.7,45.6,0.0,46.6,0.0,82.9,78.5,193.4,185.2,13.0,0.0,1.0,0.0,15.2,0.0,0.0,49.8
3293,491077,49,1,3,4932.3,8097.7,4230.4,7225.8,28.9,206.7,625.2,1910.3,316.8,397.2,1769.1,3700.0,114.3,0.0,116.7,0.0,496.8,467.2,787.5,751.2,1.0,0.0,3.0,0.0,28.9,0.0,0.0,206.7
3294,491078,49,1,2,214.8,149.6,130.2,62.1,1.3,1.7,25.1,0.0,13.0,0.0,74.0,54.3,5.1,0.0,5.2,0.0,2.0,2.0,6.0,5.8,0.0,0.0,0.0,0.0,1.3,0.0,0.0,1.7
3295,491079,49,1,2,2387.3,1362.7,2222.9,1184.9,19.2,29.5,399.7,58.1,201.5,24.1,1131.8,940.6,73.5,0.0,75.2,0.0,48.7,46.0,122.5,116.2,169.0,0.0,1.0,0.0,19.2,0.0,0.0,29.5
3296,491080,49,1,3,2885.3,1279.3,2718.2,1107.5,24.3,25.6,476.9,44.6,265.9,0.0,1539.6,915.7,136.1,0.0,138.9,0.0,44.8,42.5,111.0,104.7,5.0,0.0,0.0,0.0,24.3,0.0,0.0,25.6
3297,491081,49,1,3,2346.7,1102.8,2183.2,934.0,20.3,20.7,410.2,1.9,215.5,0.0,1226.1,804.2,95.0,0.0,97.0,0.0,37.3,35.4,98.0,92.5,4.0,0.0,0.0,0.0,20.3,0.0,0.0,20.7
3298,491082,49,1,2,3153.7,2337.8,2969.6,2148.6,25.7,26.6,521.7,62.3,267.4,0.0,1655.0,1072.0,148.8,807.4,151.9,0.0,70.4,66.9,148.4,139.9,5.0,0.0,1.0,0.0,25.7,0.0,0.0,26.6
3299,491083,49,1,2,442.0,1616.6,342.8,1511.9,2.5,7.0,49.6,74.8,26.3,0.0,157.5,195.4,14.0,0.0,14.4,1164.5,34.0,32.6,46.9,44.6,0.0,0.0,0.0,0.0,2.5,0.0,0.0,7.0
3300,491084,49,1,2,430.9,234.3,292.0,103.3,2.3,1.6,50.8,0.1,26.6,0.0,165.9,90.3,15.5,0.0,15.9,0.0,3.3,3.2,10.0,9.7,1.0,0.0,3.0,0.0,2.3,0.0,0.0,1.6
3301,491085,49,1,3,4040.4,1845.8,3828.3,1621.6,33.3,41.9,702.0,9.6,359.5,0.0,2163.0,1392.4,183.8,0.0,187.6,0.0,64.1,60.6,166.4,159.0,1.0,0.0,1.0,0.0,33.3,0.0,0.0,41.9
3302,491086,49,1,2,309.1,199.9,222.6,110.2,2.1,2.8,44.2,0.2,23.0,0.0,125.0,96.1,7.5,0.0,7.6,0.0,3.6,3.5,10.8,10.4,0.0,0.0,1.0,0.0,2.1,0.0,0.0,2.8
3303,491087,49,1,3,1562.2,1038.6,1455.4,919.2,13.6,24.6,294.1,20.9,159.7,9.9,798.0,765.8,37.5,0.0,38.4,0.0,36.3,34.4,91.6,88.2,0.0,0.0,0.0,0.0,13.6,0.0,0.0,24.6
3304,491088,49,1,2,468.5,574.9,385.7,484.3,3.1,12.9,68.0,47.6,36.6,49.3,182.7,309.7,8.3,0.0,8.6,0.0,23.6,22.7,57.8,55.1,0.0,0.0,0.0,0.0,3.1,0.0,0.0,12.9
3305,491089,49,1,2,170.2,125.4,87.3,42.1,0.8,1.1,16.7,0.0,9.0,0.0,49.7,37.2,3.3,0.0,3.5,0.0,1.2,1.2,3.8,3.8,0.0,0.0,0.0,0.0,0.8,0.0,0.0,1.1
3306,491090,49,1,2,1628.1,1909.8,1486.9,1755.8,12.9,24.2,278.5,88.3,142.5,14.3,782.6,719.8,48.9,602.3,49.8,158.9,62.9,59.6,119.7,112.7,2.0,0.0,0.0,0.0,12.9,0.0,0.0,24.2
3307,491091,49,1,2,1930.2,1882.9,1776.7,1723.2,15.6,20.1,327.4,57.5,166.0,0.0,971.7,718.0,74.5,798.7,76.2,0.0,52.6,50.0,105.4,98.9,3.0,0.0,0.0,0.0,15.6,0.0,0.0,20.1
3308,491092,49,1,2,3627.7,1705.0,3419.8,1492.0,31.1,30.6,645.0,8.6,329.3,0.0,1919.0,1279.1,150.0,0.0,153.1,0.0,60.4,57.3,156.0,147.0,6.0,0.0,1.0,0.0,31.1,0.0,0.0,30.6
3309,491093,49,1,2,137.6,116.0,45.2,23.1,0.4,0.7,8.9,0.0,4.8,0.0,25.7,20.6,1.6,0.0,1.6,0.0,0.5,0.5,2.0,2.0,0.0,0.0,0.0,0.0,0.4,0.0,0.0,0.7
3310,491094,49,1,2,1194.6,625.7,1061.4,487.4,9.5,11.1,208.0,3.4,102.1,0.0,595.8,419.1,42.8,0.0,43.9,0.0,18.6,17.7,50.1,47.1,0.0,0.0,0.0,0.0,9.5,0.0,0.0,11.1
3311,491095,49,1,2,2926.3,1265.2,2740.0,1074.7,23.2,24.1,497.4,4.4,251.9,0.0,1552.5,925.5,140.0,0.0,142.8,0.0,42.9,40.5,112.5,104.3,0.0,0.0,0.0,0.0,23.2,0.0,0.0,24.1
3312,491096,49,1,2,2244.8,982.4,2082.2,813.8,17.5,17.3,376.5,11.3,188.0,0.0,1183.4,694.0,107.6,0.0,109.8,0.0,31.7,30.2,84.2,78.3,0.0,0.0,1.0,0.0,17.5,0.0,0.0,17.3
3313,491097,49,1,2,972.8,696.7,807.0,520.4,6.4,10.9,133.9,35.3,69.7,49.0,422.8,342.9,40.3,0.0,41.2,0.0,26.8,25.8,72.4,67.5,0.0,0.0,0.0,0.0,6.4,0.0,0.0,10.9
3314,491098,49,1,2,3676.0,1489.3,3443.4,1255.9,29.4,22.5,614.8,9.8,316.6,0.0,1944.7,1074.6,185.5,0.0,189.4,0.0,50.6,48.1,131.7,123.4,6.0,0.0,4.0,0.0,29.4,0.0,0.0,22.5
3315,491099,49,1,2,439.7,243.8,297.5,108.3,2.5,1.9,53.4,0.9,28.6,0.0,169.6,94.0,15.8,0.0,16.1,0.0,3.4,3.3,10.6,10.1,0.0,0.0,0.0,0.0,2.5,0.0,0.0,1.9
3316,491100,49,1,2,1050.5,1235.4,881.8,1048.5,6.5,26.3,149.5,129.4,77.0,96.3,423.9,658.1,27.7,0.0,28.4,0.0,54.1,51.2,121.2,113.5,0.0,0.0,0.0,0.0,6.5,0.0,0.0,26.3
3317,491101,49,1,2,3119.8,1544.9,2913.8,1332.5,23.4,28.0,520.2,40.6,271.5,24.1,1629.6,1088.2,147.8,0.0,150.6,0.0,55.3,52.1,137.8,127.5,0.0,0.0,1.0,0.0,23.4,0.0,0.0,28.0
3318,491102,49,1,2,3194.3,1300.2,2980.1,1105.6,23.2,18.9,533.5,21.8,287.0,0.0,1683.3,935.2,156.3,0.0,159.4,0.0,44.1,42.0,115.4,106.5,0.0,0.0,1.0,0.0,23.2,0.0,0.0,18.9
3319,491103,49,1,2,4502.8,1768.7,4241.6,1529.0,31.9,20.9,760.6,6.6,410.2,0.0,2392.7,1310.5,222.6,0.0,226.8,0.0,63.1,60.3,164.6,151.6,0.0,0.0,1.0,0.0,31.9,0.0,0.0,20.9
3320,491104,49,1,2,4576.5,2255.5,4334.0,2007.6,36.7,41.7,848.4,6.4,433.0,0.0,2423.0,1728.6,165.4,0.0,168.7,0.0,81.7,77.3,211.8,195.3,0.0,0.0,2.0,0.0,36.7,0.0,0.0,41.7
3321,491105,49,1,1,141.2,97.8,65.2,21.0,0.6,0.5,10.1,0.3,6.4,0.0,38.2,18.8,3.6,0.0,3.9,0.0,0.3,0.3,1.7,1.7,0.0,0.0,1.0,0.0,0.6,0.0,0.0,0.5
3322,491106,49,1,1,82.9,75.1,24.3,16.3,0.3,0.3,5.2,0.0,3.0,0.0,13.5,14.8,0.5,0.0,0.6,0.0,0.2,0.2,1.3,1.3,0.0,0.0,0.0,0.0,0.3,0.0,0.0,0.3
3323,491107,49,1,1,76.2,75.5,0.0,0.0,0.0,0.0,0.0,0.0,0.0,0.0,0.0,0.0,0.0,0.0,0.0,0.0,0.0,0.0,0.0,0.0,0.0,0.0,0.0,0.0,0.0,0.0,0.0,0.0
3324,491108,49,1,1,186.5,113.8,110.7,34.5,0.9,0.7,17.4,0.0,10.6,0.0,64.5,30.8,6.2,0.0,6.4,0.0,0.7,0.8,2.9,2.9,0.0,0.0,2.0,0.0,0.9,0.0,0.0,0.7
3325,491109,49,1,1,124.0,90.5,64.5,29.8,0.6,0.7,12.4,0.0,6.7,0.0,37.4,26.7,2.4,0.0,2.6,0.0,0.6,0.6,2.5,2.5,0.0,0.0,0.0,0.0,0.6,0.0,0.0,0.7
3326,491110,49,1,1,139.7,99.8,79.8,39.1,0.8,0.8,15.7,0.0,8.5,0.0,45.8,34.8,2.6,0.0,2.9,0.0,0.9,0.9,3.4,3.4,0.0,0.0,0.0,0.0,0.8,0.0,0.0,0.8
3327,491111,49,1,1,208.9,123.1,130.1,47.5,1.1,0.9,22.6,0.0,12.8,0.0,75.7,42.0,6.6,0.0,6.9,0.0,1.1,1.2,4.4,4.4,0.0,0.0,0.0,0.0,1.1,0.0,0.0,0.9
3328,491112,49,1,1,155.5,100.5,77.9,25.0,0.7,0.5,12.6,0.0,7.8,0.0,45.9,22.5,4.4,0.0,4.7,0.0,0.4,0.5,2.0,2.0,0.0,0.0,0.0,0.0,0.7,0.0,0.0,0.5
3329,491113,49,1,1,250.1,143.2,170.8,61.9,1.5,1.2,29.5,0.0,16.8,0.0,98.9,54.3,8.8,0.0,9.1,0.0,1.6,1.6,6.0,5.9,0.0,0.0,0.0,0.0,1.5,0.0,0.0,1.2
3330,491114,49,1,1,140.5,100.1,63.2,20.7,0.6,0.6,10.1,0.0,6.3,0.0,37.2,18.6,3.6,0.0,3.9,0.0,0.3,0.4,1.7,1.7,0.0,0.0,0.0,0.0,0.6,0.0,0.0,0.6
3331,491115,49,1,1,164.3,110.4,103.5,48.4,1.1,1.1,20.1,0.0,10.7,0.0,59.3,42.7,3.7,0.0,4.0,0.0,1.2,1.1,4.5,4.6,0.0,0.0,0.0,0.0,1.1,0.0,0.0,1.1
3332,491116,49,1,1,124.5,89.5,64.6,30.4,0.6,0.7,12.4,0.0,6.8,0.0,37.2,27.1,2.3,0.0,2.5,0.0,0.7,0.7,2.6,2.6,0.0,0.0,0.0,0.0,0.6,0.0,0.0,0.7
3333,491117,49,1,1,920.6,357.3,794.9,246.9,5.4,3.5,132.0,0.4,72.8,0.0,454.8,210.8,47.8,0.0,48.6,0.0,9.7,9.5,27.2,26.2,0.0,0.0,2.0,0.0,5.4,0.0,0.0,3.5
3334,491118,49,1,1,278.2,161.7,198.1,84.5,1.5,1.5,32.4,13.9,19.0,0.0,114.1,60.4,10.8,0.0,11.2,0.0,2.7,2.6,7.8,7.6,0.0,0.0,0.0,0.0,1.5,0.0,0.0,1.5
3335,491119,49,1,1,238.7,128.5,162.0,52.0,1.3,0.9,25.9,0.0,15.0,0.0,94.4,45.8,9.1,0.0,9.4,0.0,1.3,1.3,5.0,4.9,0.0,0.0,2.0,0.0,1.3,0.0,0.0,0.9
3336,491120,49,1,1,116.0,89.2,40.4,12.0,0.3,0.3,5.9,0.1,3.8,0.0,24.0,10.9,2.2,0.0,2.4,0.0,0.1,0.1,0.8,0.8,0.0,0.0,1.0,0.0,0.3,0.0,0.0,0.3
3337,491121,49,1,1,120.0,96.3,43.0,17.0,0.4,0.4,7.4,0.7,4.4,0.0,25.3,14.8,2.1,0.0,2.3,0.0,0.2,0.2,1.3,1.3,0.0,0.0,0.0,0.0,0.4,0.0,0.0,0.4
3338,491122,49,1,1,188.1,120.2,109.7,39.1,1.1,1.0,18.6,0.0,11.0,0.0,63.7,34.7,5.7,0.0,6.1,0.0,0.9,0.9,3.6,3.5,0.0,0.0,0.0,0.0,1.1,0.0,0.0,1.0
3339,491123,49,1,1,261.3,160.2,201.1,95.2,1.8,2.2,38.8,0.0,20.0,0.0,113.5,82.8,6.6,0.0,6.8,0.0,2.8,2.8,9.7,9.5,0.0,0.0,3.0,0.0,1.8,0.0,0.0,2.2
3340,491124,49,1,1,121.1,90.5,64.1,30.3,0.6,0.7,11.7,0.0,6.4,0.0,36.2,27.1,1.7,0.0,1.9,0.0,0.7,0.7,2.6,2.6,0.0,0.0,3.0,0.0,0.6,0.0,0.0,0.7
3341,491125,49,1,1,201.7,123.2,123.4,43.4,1.0,0.9,20.8,0.0,12.1,0.0,71.8,38.4,6.7,0.0,6.9,0.0,1.0,1.0,4.0,4.0,0.0,0.0,0.0,0.0,1.0,0.0,0.0,0.9
3342,491126,49,1,1,217.5,129.4,140.8,48.1,1.2,1.1,23.2,0.0,13.4,0.0,81.4,42.4,7.5,0.0,7.7,0.0,1.1,1.2,4.5,4.6,0.0,0.0,2.0,0.0,1.2,0.0,0.0,1.1
3343,491127,49,1,1,187.8,120.5,109.5,39.2,1.0,1.0,18.6,0.0,10.9,0.0,63.7,34.7,5.7,0.0,6.1,0.0,0.9,0.9,3.5,3.6,0.0,0.0,0.0,0.0,1.0,0.0,0.0,1.0
3344,491128,49,1,1,416.0,510.3,321.7,404.2,2.1,10.5,41.4,41.0,23.0,57.9,142.7,222.1,14.2,0.0,14.6,0.0,22.5,21.8,63.2,61.4,0.0,0.0,0.0,0.0,2.1,0.0,0.0,10.5
3345,491129,49,1,1,306.3,230.8,240.2,160.9,2.2,4.0,44.9,11.0,23.0,12.2,128.0,109.9,7.7,0.0,8.0,0.0,7.2,7.0,21.4,20.8,0.0,0.0,0.0,0.0,2.2,0.0,0.0,4.0
3346,491130,49,1,1,207.4,135.9,145.1,72.7,1.4,1.6,29.0,0.0,15.1,0.0,82.2,63.5,4.7,0.0,4.9,0.0,2.0,2.0,7.2,7.2,0.0,0.0,0.0,0.0,1.4,0.0,0.0,1.6
3347,491131,49,1,1,321.3,560.9,242.7,472.8,1.6,10.5,30.3,48.6,15.3,63.1,88.8,235.2,5.7,0.0,6.0,32.2,26.3,25.4,70.2,68.4,0.0,0.0,0.0,0.0,1.6,0.0,0.0,10.5
3348,491132,49,1,1,225.6,131.4,137.1,54.2,1.1,1.1,23.5,6.8,13.2,0.0,79.8,41.8,7.4,0.0,7.7,0.0,1.1,1.1,4.4,4.4,0.0,0.0,0.0,0.0,1.1,0.0,0.0,1.1
3349,491133,49,1,1,81.8,80.7,5.4,3.5,0.1,0.2,1.1,0.0,0.7,0.0,3.1,3.3,0.1,0.0,0.2,0.0,0.0,0.0,0.1,0.1,0.0,0.0,0.0,0.0,0.1,0.0,0.0,0.2
3350,491134,49,1,1,146.5,112.8,68.9,32.4,0.6,0.8,11.8,7.0,6.9,0.0,40.2,22.8,3.5,0.0,3.8,0.0,0.5,0.5,2.1,2.1,0.0,0.0,0.0,0.0,0.6,0.0,0.0,0.8
3351,491135,49,1,1,167.3,110.8,89.7,30.1,0.7,0.8,14.7,0.0,8.9,0.0,52.4,26.8,5.1,0.0,5.3,0.0,0.7,0.7,2.6,2.6,0.0,0.0,0.0,0.0,0.7,0.0,0.0,0.8
3352,491136,49,1,1,340.3,333.9,259.8,239.7,1.9,6.4,34.5,42.2,20.1,12.3,124.8,135.1,11.2,0.0,11.7,0.0,18.6,18.2,32.9,32.0,0.0,0.0,6.0,0.0,1.9,0.0,0.0,6.4
3353,491137,49,1,1,189.7,127.0,130.0,63.2,1.3,1.6,25.3,0.0,13.0,0.0,73.6,55.5,4.0,0.0,4.3,0.0,1.7,1.7,6.1,6.1,0.0,0.0,2.0,0.0,1.3,0.0,0.0,1.6
3354,491138,49,1,1,236.0,146.0,173.9,82.2,1.7,1.9,33.7,0.0,17.7,0.0,98.6,71.7,6.0,0.0,6.2,0.0,2.5,2.4,8.1,8.0,0.0,0.0,1.0,0.0,1.7,0.0,0.0,1.9
3355,491139,49,1,1,263.5,161.4,199.8,96.9,1.9,2.3,39.4,0.0,20.3,0.0,113.3,84.3,6.9,0.0,7.2,0.0,3.0,3.0,9.7,9.5,0.0,0.0,0.0,0.0,1.9,0.0,0.0,2.3
3356,491140,49,1,1,170.4,107.5,102.7,30.1,0.7,0.7,14.1,0.0,8.2,0.0,58.4,26.9,4.3,0.0,4.6,0.0,0.6,0.6,2.5,2.5,0.0,0.0,10.0,0.0,0.7,0.0,0.0,0.7
3357,491141,49,1,1,201.9,124.4,123.4,44.4,1.1,1.0,20.9,0.2,12.3,0.0,71.5,39.1,6.7,0.0,6.9,0.0,1.0,1.1,4.1,4.1,0.0,0.0,0.0,0.0,1.1,0.0,0.0,1.0
3358,491142,49,1,1,314.6,164.9,233.8,81.9,1.9,2.0,39.5,0.0,23.1,0.0,135.2,71.6,12.6,0.0,12.9,0.0,2.3,2.3,8.2,7.9,0.0,0.0,0.0,0.0,1.9,0.0,0.0,2.0
3359,491143,49,1,1,377.6,203.3,294.7,116.9,2.5,3.2,48.4,2.4,27.9,4.1,166.5,92.3,15.9,0.0,16.4,0.0,4.5,4.5,14.2,13.7,1.0,0.0,0.0,0.0,2.5,0.0,0.0,3.2
3360,491144,49,1,1,147.6,102.6,87.1,40.1,0.8,1.1,16.7,0.0,8.9,0.0,49.9,35.5,3.4,0.0,3.6,0.0,1.0,1.0,3.6,3.7,0.0,0.0,0.0,0.0,0.8,0.0,0.0,1.1
3361,491145,49,1,1,199.0,131.8,137.1,68.7,1.4,1.8,27.2,0.0,14.0,0.0,78.0,60.3,4.6,0.0,4.8,0.0,1.9,1.9,6.5,6.5,0.0,0.0,0.0,0.0,1.4,0.0,0.0,1.8
3362,491146,49,1,1,118.5,91.6,58.6,31.0,0.6,0.9,11.7,0.0,6.4,0.0,33.4,27.6,1.7,0.0,1.9,0.0,0.7,0.8,2.7,2.7,0.0,0.0,0.0,0.0,0.6,0.0,0.0,0.9
3363,491147,49,1,1,125.5,91.5,65.5,31.1,0.6,0.9,12.4,0.0,6.8,0.0,37.8,27.7,2.4,0.0,2.6,0.0,0.7,0.7,2.7,2.8,0.0,0.0,0.0,0.0,0.6,0.0,0.0,0.9
3364,491148,49,1,1,524.0,466.9,448.8,385.3,2.9,8.8,66.1,182.5,35.0,1.4,205.8,157.7,15.0,0.0,15.3,0.0,16.0,15.5,29.6,28.2,63.0,0.0,3.0,0.0,2.9,0.0,0.0,8.8
3365,491149,49,1,1,160.2,200.0,93.1,131.1,0.7,3.0,13.2,18.1,7.4,13.1,44.0,79.6,3.4,0.0,3.5,0.0,5.9,5.9,14.7,14.3,0.0,0.0,1.0,0.0,0.7,0.0,0.0,3.0
3366,491150,49,1,1,275.5,158.5,209.8,91.9,1.9,2.2,39.2,1.2,20.7,0.0,119.9,79.3,8.4,0.0,8.7,0.0,2.7,2.6,9.2,8.8,0.0,0.0,1.0,0.0,1.9,0.0,0.0,2.2
3367,491151,49,1,1,192.6,123.2,127.7,58.5,1.2,1.5,24.5,0.0,12.9,0.0,73.2,51.5,5.0,0.0,5.2,0.0,1.5,1.5,5.5,5.6,0.0,0.0,0.0,0.0,1.2,0.0,0.0,1.5
3368,491152,49,1,1,195.6,125.0,130.6,58.6,1.2,1.6,24.6,0.0,13.2,0.0,74.9,51.4,5.2,0.0,5.4,0.0,1.5,1.5,5.7,5.7,0.0,0.0,0.0,0.0,1.2,0.0,0.0,1.6
3369,491153,49,1,1,232.5,148.3,166.3,79.6,1.6,2.1,30.9,1.2,17.1,0.0,94.5,68.3,6.6,0.0,6.8,0.0,2.6,2.5,7.7,7.6,0.0,0.0,0.0,0.0,1.6,0.0,0.0,2.1
3370,491154,49,1,1,221.2,205.7,154.2,134.4,1.3,3.8,24.8,9.1,13.5,17.3,76.8,81.0,5.5,0.0,5.7,0.0,6.7,6.6,21.1,20.5,0.0,0.0,0.0,0.0,1.3,0.0,0.0,3.8
3371,491155,49,1,1,137.2,93.9,73.6,30.4,0.7,0.8,13.2,0.0,7.4,0.0,42.9,27.2,3.3,0.0,3.5,0.0,0.6,0.6,2.5,2.6,0.0,0.0,0.0,0.0,0.7,0.0,0.0,0.8
3372,491156,49,1,1,350.6,193.7,281.6,122.2,2.5,3.4,51.0,0.0,27.5,0.0,155.9,106.3,11.3,0.0,11.6,0.0,4.0,3.9,12.3,11.9,8.0,0.0,0.0,0.0,2.5,0.0,0.0,3.4
3373,491157,49,1,1,380.0,224.3,310.7,150.6,2.7,4.1,51.9,4.7,28.4,8.7,159.3,112.6,11.3,0.0,11.7,0.0,6.2,6.1,18.9,18.5,22.0,0.0,1.0,0.0,2.7,0.0,0.0,4.1
3374,491158,49,1,1,188.4,218.6,120.8,147.4,0.9,4.0,18.7,16.2,10.3,17.1,56.6,87.4,3.8,0.0,4.0,0.0,7.4,7.2,20.1,19.6,0.0,0.0,0.0,0.0,0.9,0.0,0.0,4.0
3375,491159,49,1,1,128.3,104.6,65.3,38.1,0.6,1.2,12.4,6.7,6.7,0.0,37.3,27.9,2.2,0.0,2.3,0.0,0.7,0.7,2.7,2.8,0.0,0.0,1.0,0.0,0.6,0.0,0.0,1.2
3376,491160,49,1,1,252.7,151.9,185.9,83.8,1.8,2.1,34.7,0.1,19.0,0.0,106.1,73.2,7.6,0.0,7.9,0.0,2.5,2.4,8.2,8.1,0.0,0.0,0.0,0.0,1.8,0.0,0.0,2.1
3377,491161,49,1,1,193.5,385.8,120.1,300.8,0.7,8.8,12.1,39.6,6.6,44.9,36.1,158.1,2.0,0.0,2.1,0.0,16.7,16.1,43.4,42.2,0.0,0.0,1.0,0.0,0.7,0.0,0.0,8.8
3378,491162,49,1,1,100.6,78.5,37.7,16.9,0.3,0.4,6.8,0.0,3.9,0.0,22.2,15.3,1.5,0.0,1.7,0.0,0.3,0.3,1.4,1.4,0.0,0.0,0.0,0.0,0.3,0.0,0.0,0.4
3379,491163,49,1,1,67.4,67.7,5.1,3.8,0.0,0.2,1.0,0.0,0.6,0.0,3.0,3.5,0.1,0.0,0.2,0.0,0.0,0.0,0.2,0.2,0.0,0.0,0.0,0.0,0.0,0.0,0.0,0.2
3380,491164,49,1,1,92.9,76.8,30.2,12.5,0.3,0.4,5.2,0.0,3.1,0.0,18.1,11.4,1.4,0.0,1.5,0.0,0.2,0.2,0.8,0.9,0.0,0.0,0.0,0.0,0.3,0.0,0.0,0.4
3381,491165,49,1,1,62.3,61.4,0.0,0.0,0.0,0.0,0.0,0.0,0.0,0.0,0.0,0.0,0.0,0.0,0.0,0.0,0.0,0.0,0.0,0.0,0.0,0.0,0.0,0.0,0.0,0.0,0.0,0.0
3382,491166,49,1,1,62.4,61.4,0.0,0.0,0.0,0.0,0.0,0.0,0.0,0.0,0.0,0.0,0.0,0.0,0.0,0.0,0.0,0.0,0.0,0.0,0.0,0.0,0.0,0.0,0.0,0.0,0.0,0.0
3383,491167,49,1,1,101.2,81.6,38.3,17.9,0.3,0.5,6.9,0.0,4.0,0.0,22.3,16.2,1.6,0.0,1.7,0.0,0.3,0.3,1.5,1.5,0.0,0.0,0.0,0.0,0.3,0.0,0.0,0.5
3384,491168,49,1,1,156.7,106.6,92.4,41.2,1.0,1.2,17.1,0.0,9.5,0.0,53.1,36.4,3.9,0.0,4.1,0.0,1.1,1.1,3.7,3.6,0.0,0.0,0.0,0.0,1.0,0.0,0.0,1.2
3385,491169,49,1,1,116.4,91.1,53.1,26.4,0.5,0.7,10.4,0.0,5.7,0.0,30.5,23.6,1.8,0.0,1.9,0.0,0.6,0.5,2.2,2.2,0.0,0.0,0.0,0.0,0.5,0.0,0.0,0.7
3386,491170,49,1,1,95.2,78.5,33.4,13.0,0.3,0.5,5.3,0.0,3.3,0.0,19.4,11.8,1.5,0.0,1.6,0.0,0.2,0.2,1.0,1.0,0.0,0.0,1.0,0.0,0.3,0.0,0.0,0.5
3387,491171,49,1,1,832.7,410.4,749.1,324.7,6.1,7.8,140.2,0.7,74.0,0.0,425.0,279.3,31.3,0.0,31.9,0.0,12.5,11.9,34.2,32.8,0.0,0.0,0.0,0.0,6.1,0.0,0.0,7.8
3388,491172,49,1,1,265.9,153.5,199.3,86.7,1.6,2.1,37.3,0.1,19.8,0.0,114.2,75.7,8.4,0.0,8.6,0.0,2.5,2.6,8.6,8.3,0.0,0.0,0.0,0.0,1.6,0.0,0.0,2.1
3389,491173,49,1,1,115.1,92.0,51.9,27.2,0.4,0.6,10.2,0.8,5.5,0.0,30.0,23.6,1.7,0.0,1.8,0.0,0.5,0.5,2.2,2.2,0.0,0.0,0.0,0.0,0.4,0.0,0.0,0.6
3390,491174,49,1,1,137.3,96.2,73.7,31.0,0.7,0.8,13.1,0.0,7.5,0.0,42.9,27.7,3.4,0.0,3.5,0.0,0.6,0.6,2.7,2.7,0.0,0.0,0.0,0.0,0.7,0.0,0.0,0.8
3391,491175,49,1,1,62.3,61.1,0.0,0.0,0.0,0.0,0.0,0.0,0.0,0.0,0.0,0.0,0.0,0.0,0.0,0.0,0.0,0.0,0.0,0.0,0.0,0.0,0.0,0.0,0.0,0.0,0.0,0.0
3392,491176,49,1,1,62.4,61.4,0.0,0.0,0.0,0.0,0.0,0.0,0.0,0.0,0.0,0.0,0.0,0.0,0.0,0.0,0.0,0.0,0.0,0.0,0.0,0.0,0.0,0.0,0.0,0.0,0.0,0.0
3393,491177,49,1,1,208.0,127.4,142.5,60.8,1.4,1.8,25.6,0.0,14.4,0.0,82.1,53.5,6.4,0.0,6.8,0.0,1.6,1.6,5.8,5.7,0.0,0.0,0.0,0.0,1.4,0.0,0.0,1.8
3394,491178,49,1,2,62.4,62.2,0.0,0.0,0.0,0.0,0.0,0.0,0.0,0.0,0.0,0.0,0.0,0.0,0.0,0.0,0.0,0.0,0.0,0.0,0.0,0.0,0.0,0.0,0.0,0.0,0.0,0.0
3395,491179,49,1,1,180.0,114.8,115.5,49.4,1.0,1.3,21.1,0.0,11.6,0.0,66.5,43.6,5.1,0.0,5.3,0.0,1.2,1.3,4.7,4.6,0.0,0.0,0.0,0.0,1.0,0.0,0.0,1.3
3396,491180,49,1,1,126.0,95.7,62.4,31.3,0.6,0.9,12.1,0.0,6.5,0.0,36.1,28.0,2.1,0.0,2.2,0.0,0.6,0.6,2.7,2.7,0.0,0.0,0.0,0.0,0.6,0.0,0.0,0.9
3397,491181,49,1,1,238.5,147.3,172.5,79.6,1.4,2.1,32.7,0.1,17.3,0.0,98.6,69.7,6.9,0.0,7.1,0.0,2.2,2.2,7.6,7.6,0.0,0.0,0.0,0.0,1.4,0.0,0.0,2.1
3398,491182,49,1,1,147.6,100.7,83.7,36.7,0.7,0.9,15.1,0.0,8.5,0.0,48.4,32.6,3.7,0.0,4.0,0.0,0.9,0.9,3.2,3.2,0.0,0.0,0.0,0.0,0.7,0.0,0.0,0.9
3399,491183,49,1,1,101.3,80.1,38.4,18.1,0.3,0.5,6.9,0.0,4.1,0.0,22.2,16.3,1.7,0.0,1.7,0.0,0.3,0.4,1.5,1.5,0.0,0.0,0.0,0.0,0.3,0.0,0.0,0.5
3400,491184,49,1,2,68.0,66.6,5.7,4.0,0.0,0.2,1.1,0.0,0.7,0.0,3.2,3.7,0.2,0.0,0.2,0.0,0.0,0.0,0.3,0.3,0.0,0.0,0.0,0.0,0.0,0.0,0.0,0.2
3401,491185,49,1,1,109.2,85.4,45.9,22.1,0.4,0.7,8.7,0.0,4.8,0.0,26.7,19.9,1.6,0.0,1.8,0.0,0.4,0.4,1.9,1.9,0.0,0.0,0.0,0.0,0.4,0.0,0.0,0.7
3402,491186,49,1,1,101.2,82.0,38.2,17.8,0.3,0.5,6.8,0.0,4.0,0.0,22.2,16.0,1.6,0.0,1.7,0.0,0.3,0.4,1.5,1.5,0.0,0.0,0.0,0.0,0.3,0.0,0.0,0.5
3403,491187,49,1,1,221.0,137.3,155.3,70.1,1.3,1.9,29.0,0.1,16.3,0.0,88.9,61.6,6.1,0.0,6.5,0.0,2.0,1.9,6.5,6.5,0.0,0.0,0.0,0.0,1.3,0.0,0.0,1.9
3404,491188,49,1,2,242.3,156.3,175.4,88.6,1.6,2.5,32.9,7.7,17.8,0.0,100.0,70.9,7.1,0.0,7.3,0.0,2.4,2.4,7.8,7.7,0.0,0.0,0.0,0.0,1.6,0.0,0.0,2.5
3405,491189,49,1,2,629.6,1946.9,468.9,1738.8,1.4,50.4,26.9,221.9,15.5,280.3,81.6,917.2,5.2,0.0,5.4,0.0,95.6,90.8,237.7,228.7,0.0,0.0,1.0,0.0,1.4,0.0,0.0,50.4
3406,491190,49,1,2,115.9,375.5,46.2,297.4,0.0,8.5,0.0,46.2,0.0,44.4,0.0,162.1,0.0,0.0,0.0,0.0,12.6,12.1,33.6,32.5,0.0,0.0,0.0,0.0,0.0,0.0,0.0,8.5
3407,491191,49,1,1,153.7,104.8,94.1,45.5,0.8,1.1,18.1,0.0,9.7,0.0,54.1,40.3,3.3,0.0,3.6,0.0,1.2,1.2,4.1,4.0,0.0,0.0,0.0,0.0,0.8,0.0,0.0,1.1
3408,491192,49,1,1,252.6,283.4,187.3,212.6,1.6,6.2,34.7,92.5,17.7,1.5,97.0,93.0,5.5,0.0,5.8,0.0,9.0,8.8,17.5,16.8,0.0,0.0,0.0,0.0,1.6,0.0,0.0,6.2
3409,491193,49,1,2,146.2,101.8,86.7,41.9,0.7,1.2,16.5,0.0,9.0,0.0,49.8,37.1,3.3,0.0,3.4,0.0,1.1,1.0,3.7,3.8,0.0,0.0,0.0,0.0,0.7,0.0,0.0,1.2
3410,491194,49,1,3,4043.5,2672.6,3796.6,2393.3,32.9,65.1,734.9,132.4,366.2,91.6,2064.7,1811.6,126.8,0.0,129.5,0.0,108.9,103.1,264.6,254.7,0.0,0.0,1.0,0.0,32.9,0.0,0.0,65.1
3411,491195,49,1,3,780.8,1720.9,544.6,1446.7,3.0,43.2,63.0,401.4,31.9,194.6,180.5,615.4,11.5,0.0,11.8,0.0,90.3,85.5,155.7,149.9,0.0,0.0,0.0,0.0,3.0,0.0,0.0,43.2
3412,491196,49,1,1,691.2,383.1,606.7,298.6,5.2,7.7,121.1,0.4,60.0,0.0,341.4,258.1,21.2,0.0,21.6,0.0,11.0,10.6,30.4,29.5,0.0,0.0,0.0,0.0,5.2,0.0,0.0,7.7
3413,491197,49,1,1,125.2,95.3,66.1,37.1,0.6,1.0,13.3,0.0,7.2,0.0,37.4,32.8,2.0,0.0,2.1,0.0,0.9,0.9,3.3,3.3,0.0,0.0,0.0,0.0,0.6,0.0,0.0,1.0
3414,491198,49,1,2,172.1,242.3,108.2,175.5,0.9,5.6,19.9,104.1,10.3,5.0,57.8,53.9,3.6,0.0,3.8,0.0,4.2,4.0,8.6,8.5,0.0,0.0,0.0,0.0,0.9,0.0,0.0,5.6
3415,491199,49,1,1,623.0,395.8,538.7,313.2,3.9,9.6,85.8,123.2,51.1,0.0,308.6,161.3,31.2,0.0,31.8,0.0,11.7,11.1,18.4,17.6,0.0,0.0,0.0,0.0,3.9,0.0,0.0,9.6
3416,491200,49,1,1,275.5,173.2,212.6,110.3,1.8,3.0,42.4,0.1,21.6,0.0,120.1,96.3,7.1,0.0,7.4,0.0,3.5,3.5,10.5,10.3,0.0,0.0,0.0,0.0,1.8,0.0,0.0,3.0
3417,491201,49,1,2,315.9,523.9,199.9,396.9,1.4,12.8,32.5,272.9,16.5,0.0,90.0,75.3,4.9,0.0,5.1,0.0,42.7,40.8,8.2,8.0,0.0,0.0,0.0,0.0,1.4,0.0,0.0,12.8
3418,491202,49,1,3,148.4,236.9,74.9,158.7,1.3,4.7,12.0,60.2,6.7,10.3,35.2,71.8,2.0,0.0,2.1,0.0,6.9,6.6,10.0,9.8,0.0,0.0,0.0,0.0,1.3,0.0,0.0,4.7
3419,491203,49,1,3,642.7,2245.5,259.2,1807.1,0.0,59.2,0.0,1221.8,0.0,92.3,1.0,249.2,0.0,0.0,0.0,0.0,194.0,182.7,63.2,61.1,0.0,0.0,1.0,0.0,0.0,0.0,0.0,59.2
3420,491204,49,1,3,4352.2,5105.5,3965.7,4633.3,28.5,116.6,576.7,578.7,296.9,262.4,1696.2,2260.8,117.3,617.2,119.8,0.0,334.5,315.0,623.3,599.2,200.0,0.0,1.0,0.0,28.5,0.0,0.0,116.6
3421,491205,49,1,3,3804.6,6876.1,3215.3,6128.5,16.1,184.3,346.2,1114.2,180.9,958.5,967.4,2518.3,54.1,0.0,55.3,0.0,517.0,487.0,1093.4,1050.4,0.0,0.0,1.0,0.0,16.1,0.0,0.0,184.3
3422,491206,49,1,3,3077.3,7037.3,2877.8,6625.2,0.0,209.2,0.0,540.3,0.0,3281.1,2.0,49.6,0.0,0.0,0.0,0.0,624.5,589.1,2249.2,2165.1,0.0,0.0,2.0,0.0,0.0,0.0,0.0,209.2
3423,491207,49,1,3,758.2,1881.3,585.4,1656.8,0.0,51.2,0.0,427.9,0.0,323.0,0.0,345.0,0.0,0.0,0.0,0.0,180.0,170.2,405.4,390.7,0.0,0.0,0.0,0.0,0.0,0.0,0.0,51.2
3424,491208,49,1,3,3541.5,3851.8,3312.6,3606.6,43.7,59.9,591.6,152.9,301.5,61.8,1675.2,1458.1,102.3,0.0,104.5,1449.4,163.7,154.5,342.6,329.9,31.0,0.0,0.0,0.0,43.7,0.0,0.0,59.9
3425,491209,49,1,3,3964.0,4364.4,3713.3,4049.1,40.6,102.2,595.8,210.0,304.9,711.7,1683.3,1763.5,101.4,498.0,103.7,0.0,226.8,213.7,678.3,652.2,18.0,0.0,1.0,0.0,40.6,0.0,0.0,102.2
3426,491210,49,1,3,4445.2,4129.1,4105.7,3733.5,34.3,91.5,718.0,333.5,365.1,153.5,1971.6,2045.6,112.0,518.2,114.4,0.0,235.1,221.5,480.3,461.2,108.0,0.0,1.0,0.0,34.3,0.0,0.0,91.5
3427,491211,49,1,1,201.4,132.6,140.6,71.7,1.2,2.0,27.7,0.1,13.8,0.0,80.4,63.3,5.0,0.0,5.3,0.0,2.0,2.0,6.6,6.3,0.0,0.0,0.0,0.0,1.2,0.0,0.0,2.0
3428,491212,49,1,3,1952.0,1036.6,1802.7,907.9,46.6,23.4,350.1,1.7,174.3,0.0,993.2,784.1,62.6,0.0,64.0,0.0,34.7,33.2,91.8,88.8,31.0,0.0,1.0,0.0,46.6,0.0,0.0,23.4
3429,491213,49,1,3,3829.5,8163.5,3464.9,7567.3,7.5,237.7,47.2,1332.0,23.8,2748.2,127.5,374.3,6.5,0.0,6.7,0.0,816.1,772.4,2430.1,2340.3,5.0,0.0,2.0,0.0,7.5,0.0,0.0,237.7
3430,491214,49,1,3,3335.3,2427.1,3078.7,2175.6,65.6,58.4,616.4,202.0,303.6,17.7,1635.0,1621.0,85.9,0.0,87.8,0.0,111.3,105.1,238.6,229.7,0.0,0.0,0.0,0.0,65.6,0.0,0.0,58.4
3431,491215,49,1,3,3437.6,5800.9,3226.9,5587.8,45.2,42.6,541.6,124.9,306.3,15.5,1803.1,1224.0,165.2,0.0,168.7,3996.8,77.7,73.1,160.2,153.7,1.0,0.0,3.0,0.0,45.2,0.0,0.0,42.6
3432,491216,49,1,3,4503.1,2034.0,4266.0,1782.0,38.1,48.1,708.7,72.7,385.4,82.2,2381.8,1344.5,242.1,0.0,247.1,0.0,83.7,79.0,212.1,203.6,4.0,0.0,1.0,0.0,38.1,0.0,0.0,48.1
3433,491217,49,1,1,269.3,171.9,203.8,109.9,4.6,3.1,40.8,0.7,20.7,0.0,115.2,96.3,6.7,0.0,7.0,0.0,3.2,3.2,10.2,9.7,0.0,0.0,0.0,0.0,4.6,0.0,0.0,3.1
3434,491218,49,1,2,2160.5,1232.2,2015.6,1086.9,28.3,28.9,398.4,55.5,198.7,0.0,1129.3,893.0,71.5,0.0,73.1,0.0,39.8,37.7,104.8,100.6,0.0,0.0,0.0,0.0,28.3,0.0,0.0,28.9
3435,491219,49,1,2,112.1,98.5,30.5,14.2,0.6,0.5,5.1,0.0,3.1,0.0,17.4,12.6,1.1,0.0,1.2,0.0,0.3,0.3,1.2,1.3,0.0,0.0,1.0,0.0,0.6,0.0,0.0,0.5
3436,491220,49,1,3,2101.9,1318.3,1931.0,1144.9,34.6,31.1,349.1,207.9,188.9,3.5,1042.5,789.9,76.2,0.0,77.9,0.0,45.8,43.7,103.5,99.9,46.0,0.0,1.0,0.0,34.6,0.0,0.0,31.1
3437,491221,49,1,3,3482.7,1727.3,3265.7,1524.3,59.1,39.5,623.9,3.7,311.1,0.0,1840.7,1317.4,136.0,0.0,139.0,0.0,59.2,55.8,153.7,147.4,1.0,0.0,1.0,0.0,59.1,0.0,0.0,39.5
3438,491222,49,1,3,1396.5,702.7,1273.3,575.2,15.5,14.8,239.5,1.1,126.6,0.0,719.2,498.6,53.5,0.0,54.7,0.0,21.5,20.3,57.3,55.3,0.0,0.0,1.0,0.0,15.5,0.0,0.0,14.8
3439,491223,49,1,1,109.1,82.4,51.0,23.9,1.0,0.8,9.0,0.0,5.1,0.0,29.3,21.3,2.0,0.0,2.1,0.0,0.5,0.5,2.0,2.1,0.0,0.0,1.0,0.0,1.0,0.0,0.0,0.8
3440,491224,49,1,2,105.0,90.5,25.2,9.1,0.1,0.2,3.4,0.0,2.2,0.0,14.4,8.2,1.2,0.0,1.2,0.0,0.2,0.2,0.7,0.7,0.0,0.0,2.0,0.0,0.1,0.0,0.0,0.2
3441,491225,49,1,2,1739.9,848.4,1577.9,708.1,48.5,18.0,292.0,4.6,153.2,0.0,891.3,611.1,69.5,0.0,71.2,0.0,26.7,25.1,70.1,67.3,0.0,0.0,4.0,0.0,48.5,0.0,0.0,18.0
3442,491226,49,1,3,7162.3,4256.3,6736.4,3919.4,172.8,79.4,1208.9,75.6,634.3,0.0,3783.2,2569.2,319.3,835.2,325.8,0.0,140.6,132.0,322.2,307.4,1.0,0.0,1.0,0.0,172.8,0.0,0.0,79.4
3443,491227,49,1,3,2478.2,1146.7,2318.9,988.8,29.4,25.7,419.8,5.1,219.7,0.0,1313.6,853.1,110.7,0.0,113.2,0.0,37.8,35.8,99.2,94.8,5.0,0.0,0.0,0.0,29.4,0.0,0.0,25.7
3444,491228,49,1,1,237.1,332.1,154.6,250.3,1.4,8.6,24.1,190.6,14.3,0.0,88.1,50.5,9.1,0.0,9.5,0.0,3.8,3.6,5.8,5.5,0.0,0.0,0.0,0.0,1.4,0.0,0.0,8.6
3445,491229,49,1,2,2769.1,1224.4,2587.4,1037.0,21.8,21.4,466.6,9.3,237.0,4.7,1462.4,881.4,132.6,0.0,135.5,0.0,42.0,39.8,109.2,101.7,1.0,0.0,1.0,0.0,21.8,0.0,0.0,21.4
3446,491230,49,1,1,277.0,371.0,206.4,296.1,5.5,9.5,38.8,174.9,20.1,1.9,111.3,98.0,6.7,0.0,6.9,0.0,7.3,7.0,15.1,14.3,0.0,0.0,0.0,0.0,5.5,0.0,0.0,9.5
3447,491231,49,1,1,121.2,93.9,61.0,34.1,1.9,1.0,11.8,0.0,6.6,0.0,34.7,30.3,2.0,0.0,2.1,0.0,0.8,0.8,3.0,2.9,0.0,0.0,0.0,0.0,1.9,0.0,0.0,1.0
3448,491232,49,1,1,141.1,132.0,30.2,14.1,1.4,0.5,4.9,0.0,2.8,0.0,17.1,12.7,1.0,0.0,1.0,0.0,0.3,0.3,1.1,1.1,0.0,0.0,2.0,0.0,1.4,0.0,0.0,0.5
3449,491233,49,1,1,339.9,244.9,213.8,120.1,10.6,3.1,44.8,0.2,23.3,0.0,118.2,105.3,6.1,0.0,6.2,0.0,3.8,3.6,11.4,10.9,0.0,0.0,0.0,0.0,10.6,0.0,0.0,3.1
3450,491234,49,1,2,1202.9,539.4,1030.6,390.0,39.5,9.7,179.0,0.7,94.7,0.0,574.6,339.4,55.3,0.0,56.6,0.0,14.1,13.3,38.3,36.5,18.0,0.0,0.0,0.0,39.5,0.0,0.0,9.7
3451,491235,49,1,2,110.4,111.9,0.0,0.0,0.0,0.0,0.0,0.0,0.0,0.0,0.0,0.0,0.0,0.0,0.0,0.0,0.0,0.0,0.0,0.0,0.0,0.0,0.0,0.0,0.0,0.0,0.0,0.0
3452,491236,49,1,2,71.8,68.4,13.4,9.7,0.7,0.2,2.8,0.0,1.6,0.0,7.4,8.9,0.4,0.0,0.4,0.0,0.2,0.2,0.7,0.7,0.0,0.0,0.0,0.0,0.7,0.0,0.0,0.2
3453,491237,49,1,2,87.6,78.6,28.2,19.9,1.6,0.5,5.6,0.0,3.3,0.0,15.7,17.8,0.7,0.0,0.8,0.0,0.4,0.4,1.7,1.7,0.0,0.0,0.0,0.0,1.6,0.0,0.0,0.5
3454,491238,49,1,1,189.7,126.9,123.6,65.2,6.7,1.7,23.9,0.0,12.7,0.0,70.4,57.8,4.5,0.0,4.6,0.0,1.8,1.7,5.9,5.6,0.0,0.0,0.0,0.0,6.7,0.0,0.0,1.7
3455,491239,49,1,1,57.5,58.2,0.0,0.0,0.0,0.0,0.0,0.0,0.0,0.0,0.0,0.0,0.0,0.0,0.0,0.0,0.0,0.0,0.0,0.0,0.0,0.0,0.0,0.0,0.0,0.0,0.0,0.0
3456,491240,49,1,1,172.6,153.2,57.3,34.4,3.1,0.9,11.8,0.0,6.2,0.0,32.0,30.6,1.7,0.0,1.8,0.0,0.9,0.9,3.0,3.0,0.0,0.0,0.0,0.0,3.1,0.0,0.0,0.9
3457,491241,49,1,1,1360.0,706.3,1172.6,545.3,45.9,13.2,207.0,40.0,111.0,0.0,663.0,444.7,62.9,0.0,64.2,0.0,18.5,17.3,46.0,43.2,0.0,0.0,0.0,0.0,45.9,0.0,0.0,13.2
3458,491242,49,1,1,162.6,124.4,50.9,16.4,0.3,0.2,8.1,0.0,4.7,0.0,30.3,14.9,3.1,0.0,3.2,0.0,0.2,0.2,1.2,1.2,0.0,0.0,0.0,0.0,0.3,0.0,0.0,0.2
3459,491243,49,1,1,729.4,315.2,605.7,196.6,3.9,4.5,102.3,0.6,58.3,0.0,341.9,169.8,33.4,0.0,34.0,0.0,7.6,7.0,21.0,19.2,7.0,0.0,0.0,0.0,3.9,0.0,0.0,4.5
3460,491244,49,1,1,2825.1,1099.2,2640.3,921.8,20.2,27.0,443.1,13.5,249.1,0.0,1502.2,789.1,154.9,0.0,157.8,0.0,35.9,33.6,94.2,85.6,3.0,0.0,0.0,0.0,20.2,0.0,0.0,27.0
3461,491245,49,1,1,1689.0,864.7,1523.5,692.9,11.1,22.2,248.7,116.7,139.5,0.0,850.2,478.6,88.3,0.0,90.0,0.0,40.9,38.2,65.9,59.4,0.0,0.0,0.0,0.0,11.1,0.0,0.0,22.2
3462,491246,49,1,1,851.4,381.0,721.5,249.2,7.8,7.8,121.4,0.7,68.0,0.0,412.3,217.6,42.4,0.0,43.3,0.0,8.8,8.3,25.3,22.7,0.0,0.0,0.0,0.0,7.8,0.0,0.0,7.8
3463,491247,49,1,1,876.4,537.5,726.7,393.8,25.2,12.7,119.7,118.1,66.8,0.0,409.7,235.9,42.3,0.0,43.1,0.0,14.0,12.9,30.1,27.0,0.0,0.0,1.0,0.0,25.2,0.0,0.0,12.7
3464,491248,49,1,1,425.3,366.4,293.4,233.7,12.4,7.6,47.1,100.3,26.4,0.0,163.0,112.5,16.8,0.0,17.4,0.0,8.2,7.8,14.4,13.2,0.0,0.0,0.0,0.0,12.4,0.0,0.0,7.6
3465,491249,49,1,2,177.7,141.9,63.4,24.6,3.2,0.8,10.3,0.0,6.0,0.0,36.7,22.1,3.8,0.0,4.0,0.0,0.6,0.6,2.1,2.0,0.0,0.0,0.0,0.0,3.2,0.0,0.0,0.8
3466,491250,49,1,2,174.1,508.3,82.4,398.1,0.0,12.4,0.0,237.3,0.0,10.8,2.0,78.0,0.0,0.0,0.0,0.0,32.9,30.3,45.5,41.6,0.0,0.0,2.0,0.0,0.0,0.0,0.0,12.4
3467,491251,49,1,2,8078.4,3681.4,7487.7,3322.7,322.3,77.7,1350.3,6.9,694.5,0.0,4239.1,2909.3,371.1,0.0,378.7,0.0,125.1,113.7,322.9,292.8,5.0,0.0,1.0,0.0,322.3,0.0,0.0,77.7
3468,491252,49,1,2,2973.6,2635.0,2725.8,2447.7,100.9,34.7,486.6,79.2,244.5,0.0,1510.8,1163.6,126.4,997.4,129.3,0.0,75.5,68.6,152.7,138.9,0.0,0.0,0.0,0.0,100.9,0.0,0.0,34.7
3469,491253,49,1,2,109.6,83.3,49.0,24.8,2.5,0.7,8.9,0.0,5.0,0.0,28.3,22.2,2.1,0.0,2.1,0.0,0.6,0.6,2.1,2.1,0.0,0.0,0.0,0.0,2.5,0.0,0.0,0.7
3470,491254,49,1,1,181.2,153.2,66.9,34.7,2.0,0.9,13.1,0.0,6.7,0.0,37.9,30.9,2.7,0.0,2.7,0.0,0.9,0.9,3.0,2.9,0.0,0.0,0.0,0.0,2.0,0.0,0.0,0.9
3471,491255,49,1,2,126.8,124.2,15.5,5.5,0.8,0.2,1.9,0.8,1.6,0.0,9.5,4.3,1.1,0.0,1.0,0.0,0.1,0.1,0.3,0.3,0.0,0.0,0.0,0.0,0.8,0.0,0.0,0.2
3472,491256,49,1,3,2582.2,1432.6,2379.7,1264.5,71.3,30.9,433.0,139.7,229.8,0.0,1344.4,983.8,107.1,0.0,109.5,0.0,46.3,42.2,109.6,98.9,0.0,0.0,0.0,0.0,71.3,0.0,0.0,30.9
3473,491257,49,1,3,2492.9,1925.9,2297.9,1717.1,32.4,41.7,367.7,168.5,199.4,242.7,1134.7,930.7,88.0,0.0,90.0,0.0,118.6,106.8,297.5,268.3,1.0,0.0,1.0,0.0,32.4,0.0,0.0,41.7
3474,491258,49,1,3,1671.7,844.9,1520.7,709.4,37.0,15.9,278.2,31.8,140.2,0.0,864.3,596.0,73.3,0.0,74.8,0.0,24.9,22.5,65.1,59.0,0.0,0.0,0.0,0.0,37.0,0.0,0.0,15.9
3475,491259,49,1,3,3155.9,2063.8,2945.2,1831.0,23.5,42.5,470.3,145.8,253.7,167.2,1483.4,1077.6,123.7,0.0,126.4,0.0,145.1,131.2,341.6,309.4,0.0,0.0,1.0,0.0,23.5,0.0,0.0,42.5
3476,491260,49,1,2,334.1,221.6,258.5,150.1,9.3,3.7,45.2,27.3,24.0,0.0,147.2,108.1,13.0,0.0,13.3,0.0,4.9,4.6,11.0,10.2,0.0,0.0,0.0,0.0,9.3,0.0,0.0,3.7
3477,491261,49,1,3,2313.7,3259.2,2147.0,3024.8,9.9,74.9,181.4,279.3,96.3,1243.7,576.0,421.4,48.2,0.0,49.3,0.0,288.6,259.3,906.2,821.1,0.0,0.0,1.0,0.0,9.9,0.0,0.0,74.9
3478,491262,49,1,2,3205.5,3015.9,2922.5,2693.5,17.6,56.1,380.3,236.1,201.4,452.1,1195.0,826.2,106.9,335.6,109.2,0.0,278.4,252.0,649.3,591.5,1.0,0.0,1.0,0.0,17.6,0.0,0.0,56.1
3479,491263,49,1,1,162.6,137.1,54.2,23.7,0.9,0.9,9.6,0.0,5.0,0.0,31.5,21.2,2.7,0.0,2.8,0.0,0.5,0.5,1.9,1.9,0.0,0.0,0.0,0.0,0.9,0.0,0.0,0.9
3480,491264,49,1,1,169.7,127.7,73.8,28.9,2.6,0.8,12.3,0.0,6.8,0.0,42.9,25.9,4.2,0.0,4.4,0.0,0.7,0.7,2.5,2.4,0.0,0.0,0.0,0.0,2.6,0.0,0.0,0.8
3481,491265,49,1,1,102.4,98.7,9.1,0.0,0.8,0.0,0.0,0.0,1.8,0.0,6.7,0.0,0.3,0.0,0.3,0.0,0.0,0.0,0.0,0.0,0.0,0.0,0.0,0.0,0.8,0.0,0.0,0.0
3482,491266,49,1,2,106.2,185.1,33.2,103.9,0.5,3.1,2.7,55.6,1.8,2.0,7.8,28.5,0.3,0.0,0.3,0.0,7.7,7.1,11.6,10.7,0.0,0.0,1.0,0.0,0.5,0.0,0.0,3.1
3483,491267,49,1,3,3595.6,5518.4,3346.1,5182.5,17.6,102.3,577.8,1568.8,284.7,40.8,1586.9,2073.0,89.5,858.5,91.4,0.0,274.6,245.9,439.1,395.5,0.0,0.0,2.0,0.0,17.6,0.0,0.0,102.3
3484,491268,49,1,3,3511.4,2607.6,3291.5,2351.3,20.0,54.7,484.0,251.6,247.6,327.6,1459.3,1162.9,110.1,0.0,112.6,0.0,194.6,174.7,480.4,434.5,202.0,0.0,1.0,0.0,20.0,0.0,0.0,54.7
3485,491269,49,1,2,2500.1,1697.6,2306.1,1482.0,17.7,34.1,366.0,191.2,194.8,159.8,1144.5,771.5,98.7,0.0,100.9,0.0,115.6,105.0,279.6,254.4,3.0,0.0,3.0,0.0,17.7,0.0,0.0,34.1
3486,491270,49,1,2,2317.9,1047.1,2158.3,875.6,30.8,18.3,378.2,4.6,200.7,0.0,1210.2,763.9,106.9,0.0,109.4,0.0,32.1,29.6,84.8,77.5,16.0,0.0,20.0,0.0,30.8,0.0,0.0,18.3
3487,491271,49,1,2,92.4,94.6,0.0,0.0,0.0,0.0,0.0,0.0,0.0,0.0,0.0,0.0,0.0,0.0,0.0,0.0,0.0,0.0,0.0,0.0,0.0,0.0,0.0,0.0,0.0,0.0,0.0,0.0
3488,491272,49,1,2,3297.5,1440.5,3112.9,1250.2,23.6,26.4,540.6,2.5,290.1,0.0,1766.8,1097.4,171.2,0.0,174.7,0.0,46.9,42.5,122.6,107.8,0.0,0.0,0.0,0.0,23.6,0.0,0.0,26.4
3489,491273,49,1,2,104.8,99.8,11.9,4.7,0.4,0.2,2.6,0.0,1.7,0.0,6.6,4.3,0.3,0.0,0.3,0.0,0.1,0.1,0.3,0.3,0.0,0.0,0.0,0.0,0.4,0.0,0.0,0.2
3490,491274,49,1,3,128.1,100.1,57.0,25.2,0.5,0.6,9.5,0.0,5.3,0.0,32.8,22.5,2.8,0.0,2.9,0.0,0.7,0.6,2.1,2.1,0.0,0.0,1.0,0.0,0.5,0.0,0.0,0.6
3491,491275,49,1,2,2711.7,1192.5,2554.2,1023.4,9.9,18.8,445.5,3.1,236.4,0.0,1449.7,898.0,138.9,0.0,141.6,0.0,38.1,34.7,100.0,87.5,4.0,0.0,0.0,0.0,9.9,0.0,0.0,18.8
3492,491276,49,1,2,522.7,272.4,421.9,165.5,1.2,2.7,72.4,0.8,39.1,0.0,240.4,146.1,23.4,0.0,23.9,0.0,5.3,4.9,15.3,13.6,2.0,0.0,0.0,0.0,1.2,0.0,0.0,2.7
3493,491277,49,1,2,3730.6,1627.3,3547.6,1425.7,12.1,25.8,620.0,4.1,328.6,0.0,2015.6,1250.8,192.8,0.0,196.4,0.0,53.6,48.6,139.5,122.3,0.0,0.0,1.0,0.0,12.1,0.0,0.0,25.8
3494,491278,49,1,2,2532.0,1120.0,2382.2,956.4,6.9,14.8,416.4,2.8,223.0,0.0,1353.8,839.2,128.4,0.0,131.0,0.0,35.3,32.3,93.2,82.0,0.0,0.0,1.0,0.0,6.9,0.0,0.0,14.8
3495,491279,49,1,2,83.2,74.8,11.9,4.7,0.5,0.2,2.6,0.0,1.7,0.0,6.7,4.2,0.3,0.0,0.3,0.0,0.1,0.1,0.3,0.3,0.0,0.0,0.0,0.0,0.5,0.0,0.0,0.2
3496,491280,49,1,2,469.8,1325.8,354.8,1182.1,1.0,27.0,42.4,781.4,21.8,12.6,132.4,265.5,10.6,0.0,10.9,0.0,57.9,52.4,77.8,70.3,0.0,0.0,1.0,0.0,1.0,0.0,0.0,27.0
3497,491281,49,1,2,1284.2,727.0,1189.6,623.5,5.5,12.4,216.5,61.5,107.7,2.1,670.1,485.3,54.0,0.0,55.2,0.0,23.9,21.5,59.1,53.1,3.0,0.0,0.0,0.0,5.5,0.0,0.0,12.4
3498,491282,49,1,3,5001.0,3568.4,4755.6,3310.1,33.1,45.1,843.6,101.3,437.5,0.0,2664.7,1837.5,239.0,1074.7,244.1,0.0,101.3,92.9,224.5,203.8,0.0,0.0,1.0,0.0,33.1,0.0,0.0,45.1
3499,491283,49,1,2,3876.2,1941.3,3699.2,1749.6,10.7,23.8,690.8,26.4,351.3,0.0,2093.3,1513.6,163.4,0.0,166.6,0.0,65.1,59.2,168.8,150.4,0.0,0.0,0.0,0.0,10.7,0.0,0.0,23.8
3500,491284,49,1,2,170.3,321.5,98.9,245.0,0.0,4.6,0.0,13.1,0.0,142.8,0.0,0.0,0.0,0.0,0.0,0.0,18.3,16.8,80.6,72.3,0.0,0.0,0.0,0.0,0.0,0.0,0.0,4.6
3501,491285,49,1,2,3721.3,1714.1,3539.4,1519.4,10.3,22.7,635.6,24.8,330.7,0.0,2008.0,1311.8,179.1,0.0,182.7,0.0,56.1,51.3,146.1,131.5,0.0,0.0,1.0,0.0,10.3,0.0,0.0,22.7
3502,491286,49,1,2,89.5,291.9,15.5,211.9,0.0,3.8,2.6,198.6,1.7,0.0,6.8,9.7,0.3,0.0,0.2,0.0,2.3,2.1,1.6,1.5,0.0,0.0,0.0,0.0,0.0,0.0,0.0,3.8
3503,491287,49,1,1,300.4,253.7,209.7,177.9,0.9,1.8,33.3,94.8,20.6,0.0,120.5,69.7,10.7,0.0,10.7,0.0,4.4,4.3,9.4,9.1,0.0,0.0,0.0,0.0,0.9,0.0,0.0,1.8
3504,491288,49,1,1,114.9,93.6,3.7,3.8,0.1,0.2,0.7,0.2,0.4,0.0,2.2,3.4,0.1,0.0,0.2,0.0,0.0,0.0,0.1,0.2,0.0,0.0,0.0,0.0,0.1,0.0,0.0,0.2
3505,491289,49,1,1,111.1,90.3,0.0,0.5,0.0,0.0,0.0,0.5,0.0,0.0,0.0,0.0,0.0,0.0,0.0,0.0,0.0,0.0,0.0,0.0,0.0,0.0,0.0,0.0,0.0,0.0,0.0,0.0
3506,491290,49,1,1,520.3,198.2,456.2,143.3,2.7,4.3,69.4,0.2,41.6,0.0,262.1,125.4,27.7,0.0,28.3,0.0,4.9,4.7,15.1,13.0,7.0,0.0,0.0,0.0,2.7,0.0,0.0,4.3
3507,491291,49,1,1,425.9,340.5,337.8,255.8,2.3,9.0,50.2,107.4,30.3,1.5,186.4,119.1,19.2,0.0,19.5,0.0,11.0,10.3,21.2,17.5,0.0,0.0,0.0,0.0,2.3,0.0,0.0,9.0
3508,491292,49,1,1,1646.5,1285.1,1537.0,1161.9,13.3,29.8,219.8,138.3,132.5,53.1,825.3,478.5,87.5,342.7,89.7,0.0,55.8,51.3,119.5,97.9,6.0,0.0,1.0,0.0,13.3,0.0,0.0,29.8
3509,491293,49,1,1,571.7,270.9,504.8,211.8,3.2,5.7,91.1,2.2,49.1,0.0,288.9,182.6,22.4,0.0,22.8,0.0,7.7,7.3,22.6,19.7,0.0,0.0,0.0,0.0,3.2,0.0,0.0,5.7
3510,491294,49,1,1,254.6,412.1,189.9,340.3,1.7,12.7,29.1,231.8,16.1,1.5,98.4,81.2,8.0,0.0,8.3,0.0,11.3,10.4,18.6,15.2,0.0,0.0,0.0,0.0,1.7,0.0,0.0,12.7
3511,491295,49,1,1,2066.8,980.0,1946.4,842.3,17.7,29.3,348.6,20.2,190.6,0.0,1106.1,717.7,86.4,0.0,88.3,0.0,35.4,31.9,90.9,72.4,0.0,0.0,0.0,0.0,17.7,0.0,0.0,29.3
3512,491296,49,1,1,1073.8,458.7,988.6,361.9,8.3,12.8,164.0,0.9,95.7,0.0,568.3,316.6,52.9,0.0,54.2,0.0,14.5,13.1,39.0,31.4,0.0,0.0,0.0,0.0,8.3,0.0,0.0,12.8
3513,491297,49,1,1,249.0,140.2,154.3,54.0,1.2,1.4,25.1,0.3,14.3,0.0,90.2,48.0,8.5,0.0,8.8,0.0,1.4,1.4,5.0,4.4,0.0,0.0,1.0,0.0,1.2,0.0,0.0,1.4
3514,491298,49,1,1,56.0,40.5,0.0,0.3,0.0,0.0,0.0,0.3,0.0,0.0,0.0,0.0,0.0,0.0,0.0,0.0,0.0,0.0,0.0,0.0,0.0,0.0,0.0,0.0,0.0,0.0,0.0,0.0
3515,491299,49,1,2,420.1,247.4,271.4,116.6,1.1,0.3,55.2,0.9,25.6,0.0,154.4,100.8,10.3,0.0,10.8,0.0,3.3,3.3,11.8,11.6,0.0,0.0,0.0,0.0,1.1,0.0,0.0,0.3
3516,491300,49,1,1,158.7,126.7,3.3,2.6,0.0,0.0,0.9,0.0,0.3,0.0,1.9,2.6,0.0,0.0,0.2,0.0,0.0,0.0,0.0,0.1,0.0,0.0,0.0,0.0,0.0,0.0,0.0,0.0
3517,491301,49,1,2,93.4,82.6,0.0,0.0,0.0,0.0,0.0,0.0,0.0,0.0,0.0,0.0,0.0,0.0,0.0,0.0,0.0,0.0,0.0,0.0,0.0,0.0,0.0,0.0,0.0,0.0,0.0,0.0
3518,491302,49,1,2,123.5,109.2,13.8,17.8,0.1,0.1,2.3,4.5,1.5,0.0,6.1,9.9,0.2,0.0,0.3,0.0,1.3,1.2,2.1,2.2,0.0,0.0,0.0,0.0,0.1,0.0,0.0,0.1
3519,491303,49,1,1,96.4,93.8,6.0,0.0,0.0,0.0,0.0,0.0,0.0,0.0,3.0,0.0,0.0,0.0,0.0,0.0,0.0,0.0,0.0,0.0,0.0,0.0,3.0,0.0,0.0,0.0,0.0,0.0
3520,491304,49,1,2,107.2,81.8,0.0,0.0,0.0,0.0,0.0,0.0,0.0,0.0,0.0,0.0,0.0,0.0,0.0,0.0,0.0,0.0,0.0,0.0,0.0,0.0,0.0,0.0,0.0,0.0,0.0,0.0
3521,491305,49,1,2,103.5,93.4,0.0,0.0,0.0,0.0,0.0,0.0,0.0,0.0,0.0,0.0,0.0,0.0,0.0,0.0,0.0,0.0,0.0,0.0,0.0,0.0,0.0,0.0,0.0,0.0,0.0,0.0
3522,491306,49,1,1,93.4,94.9,0.0,0.0,0.0,0.0,0.0,0.0,0.0,0.0,0.0,0.0,0.0,0.0,0.0,0.0,0.0,0.0,0.0,0.0,0.0,0.0,0.0,0.0,0.0,0.0,0.0,0.0
3523,491307,49,1,1,2110.2,2787.9,1803.6,2489.8,3.1,23.0,64.0,244.8,38.3,586.8,197.8,347.7,13.3,0.0,13.6,0.0,415.0,403.1,1059.5,907.4,1.0,0.0,1.0,0.0,3.1,0.0,0.0,23.0
3524,491308,49,1,3,127.0,129.2,0.0,0.0,0.0,0.0,0.0,0.0,0.0,0.0,0.0,0.0,0.0,0.0,0.0,0.0,0.0,0.0,0.0,0.0,0.0,0.0,0.0,0.0,0.0,0.0,0.0,0.0
3525,491309,49,1,3,402.6,180.4,284.7,74.2,6.6,0.8,44.3,0.1,30.1,0.0,169.2,63.4,14.5,0.0,15.0,0.0,2.5,2.5,8.1,8.2,1.0,0.0,0.0,0.0,6.6,0.0,0.0,0.8
3526,491310,49,1,1,107.9,98.1,0.0,0.0,0.0,0.0,0.0,0.0,0.0,0.0,0.0,0.0,0.0,0.0,0.0,0.0,0.0,0.0,0.0,0.0,0.0,0.0,0.0,0.0,0.0,0.0,0.0,0.0
3527,491311,49,1,1,155.8,245.6,42.6,125.7,0.1,0.8,6.5,18.4,3.7,0.0,18.7,95.6,0.8,0.0,1.1,0.0,5.4,5.4,6.4,6.2,0.0,0.0,0.0,0.0,0.1,0.0,0.0,0.8
3528,491312,49,1,1,418.1,260.8,304.2,140.6,0.9,0.9,63.0,0.0,32.1,0.0,170.6,120.1,8.6,0.0,9.0,0.0,5.2,5.3,15.7,15.2,0.0,0.0,0.0,0.0,0.9,0.0,0.0,0.9
3529,491313,49,1,1,169.8,214.9,54.9,115.0,0.8,1.0,10.4,7.9,5.7,0.0,31.2,103.5,1.9,0.0,2.1,0.0,1.7,1.7,2.0,2.0,0.0,0.0,0.0,0.0,0.8,0.0,0.0,1.0
3530,491314,49,1,3,104.6,92.3,12.0,6.8,0.1,0.1,2.4,0.0,1.5,0.0,7.0,6.3,0.3,0.0,0.3,0.0,0.1,0.1,0.4,0.4,0.0,0.0,0.0,0.0,0.1,0.0,0.0,0.1
3531,491315,49,1,1,167.7,98.0,81.2,39.5,0.2,0.1,16.0,0.0,8.3,0.0,46.0,34.7,2.4,0.0,2.5,0.0,0.9,0.9,4.0,4.0,0.0,0.0,1.0,0.0,0.2,0.0,0.0,0.1
3532,491316,49,1,1,458.2,273.4,342.7,184.9,1.2,0.8,71.5,0.1,37.4,7.1,182.7,143.0,7.8,0.0,7.9,0.0,8.5,8.5,27.0,26.2,0.0,0.0,0.0,0.0,1.2,0.0,0.0,0.8
3533,491317,49,1,1,692.2,324.5,571.4,228.4,2.5,1.1,108.9,0.0,59.7,0.0,322.5,192.8,22.0,0.0,22.4,0.0,9.3,9.4,26.5,26.2,0.0,0.0,0.0,0.0,2.5,0.0,0.0,1.1
3534,491318,49,1,2,397.3,244.1,280.8,137.5,1.6,0.7,57.9,0.0,28.7,0.0,157.8,118.4,8.5,0.0,8.8,0.0,4.8,4.8,14.4,14.3,0.0,0.0,0.0,0.0,1.6,0.0,0.0,0.7
3535,491319,49,1,1,108.0,106.3,0.0,0.0,0.0,0.0,0.0,0.0,0.0,0.0,0.0,0.0,0.0,0.0,0.0,0.0,0.0,0.0,0.0,0.0,0.0,0.0,0.0,0.0,0.0,0.0,0.0,0.0
3536,491320,49,1,1,109.6,95.0,2.0,0.0,0.0,0.0,0.0,0.0,0.0,0.0,1.0,0.0,0.0,0.0,0.0,0.0,0.0,0.0,0.0,0.0,0.0,0.0,1.0,0.0,0.0,0.0,0.0,0.0
3537,491321,49,1,2,111.7,103.3,0.0,0.0,0.0,0.0,0.0,0.0,0.0,0.0,0.0,0.0,0.0,0.0,0.0,0.0,0.0,0.0,0.0,0.0,0.0,0.0,0.0,0.0,0.0,0.0,0.0,0.0
3538,491322,49,1,1,170.6,99.9,61.1,21.0,0.3,0.1,9.8,0.0,5.9,0.0,36.7,19.2,3.4,0.0,3.5,0.0,0.3,0.3,1.5,1.6,0.0,0.0,0.0,0.0,0.3,0.0,0.0,0.1
3539,491323,49,1,1,109.8,90.8,0.0,0.0,0.0,0.0,0.0,0.0,0.0,0.0,0.0,0.0,0.0,0.0,0.0,0.0,0.0,0.0,0.0,0.0,0.0,0.0,0.0,0.0,0.0,0.0,0.0,0.0
3540,491324,49,1,1,1011.7,488.3,869.8,352.3,7.6,7.5,146.2,4.2,80.0,27.5,480.6,249.8,44.7,0.0,45.5,0.0,17.2,16.8,55.7,54.1,0.0,0.0,0.0,0.0,7.6,0.0,0.0,7.5
3541,491325,49,1,1,94.4,75.9,0.0,0.0,0.0,0.0,0.0,0.0,0.0,0.0,0.0,0.0,0.0,0.0,0.0,0.0,0.0,0.0,0.0,0.0,0.0,0.0,0.0,0.0,0.0,0.0,0.0,0.0
3542,491326,49,1,1,122.5,88.2,13.7,3.2,0.1,0.1,1.7,0.0,1.3,0.0,8.8,3.1,0.9,0.0,1.0,0.0,0.0,0.0,0.1,0.1,0.0,0.0,0.0,0.0,0.1,0.0,0.0,0.1
3543,491327,49,1,1,80.4,62.2,0.0,0.0,0.0,0.0,0.0,0.0,0.0,0.0,0.0,0.0,0.0,0.0,0.0,0.0,0.0,0.0,0.0,0.0,0.0,0.0,0.0,0.0,0.0,0.0,0.0,0.0
3544,491328,49,1,1,439.2,301.7,343.9,217.1,2.7,10.8,62.4,41.8,33.7,0.0,186.4,140.3,12.4,0.0,12.5,0.0,13.1,12.9,23.3,22.1,0.0,0.0,0.0,0.0,2.7,0.0,0.0,10.8
3545,491329,49,1,1,523.9,188.5,433.7,117.5,4.5,4.0,66.8,0.0,40.1,0.0,251.5,98.9,27.7,0.0,27.9,0.0,5.1,5.0,14.6,13.6,0.0,0.0,0.0,0.0,4.5,0.0,0.0,4.0
3546,491330,49,1,1,80.6,60.8,0.0,0.0,0.0,0.0,0.0,0.0,0.0,0.0,0.0,0.0,0.0,0.0,0.0,0.0,0.0,0.0,0.0,0.0,0.0,0.0,0.0,0.0,0.0,0.0,0.0,0.0
3547,491331,49,1,1,180.9,93.9,77.4,21.0,1.3,2.1,11.5,0.0,7.9,0.0,46.8,19.2,4.7,0.0,4.7,0.0,0.3,0.3,1.7,1.6,0.0,0.0,0.0,0.0,1.3,0.0,0.0,2.1
3548,491332,49,1,1,97.3,70.5,14.9,7.6,1.9,2.0,3.0,0.0,1.5,0.0,9.3,7.0,0.5,0.0,0.0,0.0,0.1,0.1,0.5,0.5,0.0,0.0,0.0,0.0,1.9,0.0,0.0,2.0
3549,491333,49,1,2,102.4,77.1,0.0,0.0,0.0,0.0,0.0,0.0,0.0,0.0,0.0,0.0,0.0,0.0,0.0,0.0,0.0,0.0,0.0,0.0,0.0,0.0,0.0,0.0,0.0,0.0,0.0,0.0
3550,491334,49,1,1,87.0,67.7,0.0,0.0,0.0,0.0,0.0,0.0,0.0,0.0,0.0,0.0,0.0,0.0,0.0,0.0,0.0,0.0,0.0,0.0,0.0,0.0,0.0,0.0,0.0,0.0,0.0,0.0
3551,491335,49,1,2,234.1,151.7,141.7,71.6,1.2,1.8,27.4,0.0,14.6,0.0,81.0,63.3,5.0,0.0,5.2,0.0,2.0,2.0,6.4,6.4,0.0,0.0,0.0,0.0,1.2,0.0,0.0,1.8
3552,491336,49,1,1,83.5,82.8,0.0,8.3,0.0,0.0,0.0,8.3,0.0,0.0,0.0,0.0,0.0,0.0,0.0,0.0,0.0,0.0,0.0,0.0,0.0,0.0,0.0,0.0,0.0,0.0,0.0,0.0
3553,491337,49,1,1,87.1,72.4,0.0,0.0,0.0,0.0,0.0,0.0,0.0,0.0,0.0,0.0,0.0,0.0,0.0,0.0,0.0,0.0,0.0,0.0,0.0,0.0,0.0,0.0,0.0,0.0,0.0,0.0
3554,491338,49,1,2,101.2,97.9,0.0,0.0,0.0,0.0,0.0,0.0,0.0,0.0,0.0,0.0,0.0,0.0,0.0,0.0,0.0,0.0,0.0,0.0,0.0,0.0,0.0,0.0,0.0,0.0,0.0,0.0
3555,491339,49,1,1,123.8,108.8,31.4,22.1,0.2,0.5,6.8,0.0,3.7,0.0,17.4,19.9,0.6,0.0,0.8,0.0,0.4,0.4,1.7,1.7,0.0,0.0,0.0,0.0,0.2,0.0,0.0,0.5
3556,491340,49,1,2,113.8,110.0,0.0,0.0,0.0,0.0,0.0,0.0,0.0,0.0,0.0,0.0,0.0,0.0,0.0,0.0,0.0,0.0,0.0,0.0,0.0,0.0,0.0,0.0,0.0,0.0,0.0,0.0
3557,491341,49,1,1,111.2,79.7,0.0,0.0,0.0,0.0,0.0,0.0,0.0,0.0,0.0,0.0,0.0,0.0,0.0,0.0,0.0,0.0,0.0,0.0,0.0,0.0,0.0,0.0,0.0,0.0,0.0,0.0
3558,491342,49,1,1,91.9,96.0,0.0,0.0,0.0,0.0,0.0,0.0,0.0,0.0,0.0,0.0,0.0,0.0,0.0,0.0,0.0,0.0,0.0,0.0,0.0,0.0,0.0,0.0,0.0,0.0,0.0,0.0
3559,491343,49,1,2,151.5,132.8,15.2,8.4,0.1,0.1,2.8,0.0,1.5,0.0,9.1,7.7,0.5,0.0,0.6,0.0,0.1,0.1,0.6,0.6,0.0,0.0,0.0,0.0,0.1,0.0,0.0,0.1
3560,491344,49,1,2,3505.3,1448.3,3315.6,1269.3,21.3,31.6,574.7,23.0,307.9,0.0,1894.0,1065.5,171.4,0.0,174.6,0.0,53.5,51.0,138.4,129.7,0.0,0.0,1.0,0.0,21.3,0.0,0.0,31.6
3561,491345,49,1,1,93.0,75.8,0.0,0.0,0.0,0.0,0.0,0.0,0.0,0.0,0.0,0.0,0.0,0.0,0.0,0.0,0.0,0.0,0.0,0.0,0.0,0.0,0.0,0.0,0.0,0.0,0.0,0.0
3562,491346,49,1,1,70.6,47.3,14.4,3.6,0.1,0.2,1.6,0.0,1.3,0.0,9.4,3.4,0.9,0.0,1.1,0.0,0.0,0.0,0.1,0.2,0.0,0.0,0.0,0.0,0.1,0.0,0.0,0.2
3563,0,0,0,0,0.0,0.0,0.0,0.0,0.0,0.0,0.0,0.0,0.0,0.0,0.0,0.0,0.0,0.0,0.0,0.0,0.0,0.0,0.0,0.0,0.0,0.0,0.0,0.0,0.0,0.0,0.0,0.0
3564,0,0,0,0,0.0,0.0,0.0,0.0,0.0,0.0,0.0,0.0,0.0,0.0,0.0,0.0,0.0,0.0,0.0,0.0,0.0,0.0,0.0,0.0,0.0,0.0,0.0,0.0,0.0,0.0,0.0,0.0
3565,0,0,0,0,0.0,0.0,0.0,0.0,0.0,0.0,0.0,0.0,0.0,0.0,0.0,0.0,0.0,0.0,0.0,0.0,0.0,0.0,0.0,0.0,0.0,0.0,0.0,0.0,0.0,0.0,0.0,0.0
3566,0,0,0,0,0.0,0.0,0.0,0.0,0.0,0.0,0.0,0.0,0.0,0.0,0.0,0.0,0.0,0.0,0.0,0.0,0.0,0.0,0.0,0.0,0.0,0.0,0.0,0.0,0.0,0.0,0.0,0.0
3567,0,0,0,0,0.0,0.0,0.0,0.0,0.0,0.0,0.0,0.0,0.0,0.0,0.0,0.0,0.0,0.0,0.0,0.0,0.0,0.0,0.0,0.0,0.0,0.0,0.0,0.0,0.0,0.0,0.0,0.0
3568,0,0,0,0,0.0,0.0,0.0,0.0,0.0,0.0,0.0,0.0,0.0,0.0,0.0,0.0,0.0,0.0,0.0,0.0,0.0,0.0,0.0,0.0,0.0,0.0,0.0,0.0,0.0,0.0,0.0,0.0
3569,0,0,0,0,0.0,0.0,0.0,0.0,0.0,0.0,0.0,0.0,0.0,0.0,0.0,0.0,0.0,0.0,0.0,0.0,0.0,0.0,0.0,0.0,0.0,0.0,0.0,0.0,0.0,0.0,0.0,0.0
3570,0,0,0,0,0.0,0.0,0.0,0.0,0.0,0.0,0.0,0.0,0.0,0.0,0.0,0.0,0.0,0.0,0.0,0.0,0.0,0.0,0.0,0.0,0.0,0.0,0.0,0.0,0.0,0.0,0.0,0.0
3571,0,0,0,0,0.0,0.0,0.0,0.0,0.0,0.0,0.0,0.0,0.0,0.0,0.0,0.0,0.0,0.0,0.0,0.0,0.0,0.0,0.0,0.0,0.0,0.0,0.0,0.0,0.0,0.0,0.0,0.0
3572,0,0,0,0,0.0,0.0,0.0,0.0,0.0,0.0,0.0,0.0,0.0,0.0,0.0,0.0,0.0,0.0,0.0,0.0,0.0,0.0,0.0,0.0,0.0,0.0,0.0,0.0,0.0,0.0,0.0,0.0
3573,0,0,0,0,0.0,0.0,0.0,0.0,0.0,0.0,0.0,0.0,0.0,0.0,0.0,0.0,0.0,0.0,0.0,0.0,0.0,0.0,0.0,0.0,0.0,0.0,0.0,0.0,0.0,0.0,0.0,0.0
3574,0,0,0,0,0.0,0.0,0.0,0.0,0.0,0.0,0.0,0.0,0.0,0.0,0.0,0.0,0.0,0.0,0.0,0.0,0.0,0.0,0.0,0.0,0.0,0.0,0.0,0.0,0.0,0.0,0.0,0.0
3575,0,0,0,0,0.0,0.0,0.0,0.0,0.0,0.0,0.0,0.0,0.0,0.0,0.0,0.0,0.0,0.0,0.0,0.0,0.0,0.0,0.0,0.0,0.0,0.0,0.0,0.0,0.0,0.0,0.0,0.0
3576,0,0,0,0,0.0,0.0,0.0,0.0,0.0,0.0,0.0,0.0,0.0,0.0,0.0,0.0,0.0,0.0,0.0,0.0,0.0,0.0,0.0,0.0,0.0,0.0,0.0,0.0,0.0,0.0,0.0,0.0
3577,0,0,0,0,0.0,0.0,0.0,0.0,0.0,0.0,0.0,0.0,0.0,0.0,0.0,0.0,0.0,0.0,0.0,0.0,0.0,0.0,0.0,0.0,0.0,0.0,0.0,0.0,0.0,0.0,0.0,0.0
3578,0,0,0,0,0.0,0.0,0.0,0.0,0.0,0.0,0.0,0.0,0.0,0.0,0.0,0.0,0.0,0.0,0.0,0.0,0.0,0.0,0.0,0.0,0.0,0.0,0.0,0.0,0.0,0.0,0.0,0.0
3579,0,0,0,0,0.0,0.0,0.0,0.0,0.0,0.0,0.0,0.0,0.0,0.0,0.0,0.0,0.0,0.0,0.0,0.0,0.0,0.0,0.0,0.0,0.0,0.0,0.0,0.0,0.0,0.0,0.0,0.0
3580,0,0,0,0,0.0,0.0,0.0,0.0,0.0,0.0,0.0,0.0,0.0,0.0,0.0,0.0,0.0,0.0,0.0,0.0,0.0,0.0,0.0,0.0,0.0,0.0,0.0,0.0,0.0,0.0,0.0,0.0
3581,0,0,0,0,0.0,0.0,0.0,0.0,0.0,0.0,0.0,0.0,0.0,0.0,0.0,0.0,0.0,0.0,0.0,0.0,0.0,0.0,0.0,0.0,0.0,0.0,0.0,0.0,0.0,0.0,0.0,0.0
3582,0,0,0,0,0.0,0.0,0.0,0.0,0.0,0.0,0.0,0.0,0.0,0.0,0.0,0.0,0.0,0.0,0.0,0.0,0.0,0.0,0.0,0.0,0.0,0.0,0.0,0.0,0.0,0.0,0.0,0.0
3583,0,0,0,0,0.0,0.0,0.0,0.0,0.0,0.0,0.0,0.0,0.0,0.0,0.0,0.0,0.0,0.0,0.0,0.0,0.0,0.0,0.0,0.0,0.0,0.0,0.0,0.0,0.0,0.0,0.0,0.0
3584,0,0,0,0,0.0,0.0,0.0,0.0,0.0,0.0,0.0,0.0,0.0,0.0,0.0,0.0,0.0,0.0,0.0,0.0,0.0,0.0,0.0,0.0,0.0,0.0,0.0,0.0,0.0,0.0,0.0,0.0
3585,0,0,0,0,0.0,0.0,0.0,0.0,0.0,0.0,0.0,0.0,0.0,0.0,0.0,0.0,0.0,0.0,0.0,0.0,0.0,0.0,0.0,0.0,0.0,0.0,0.0,0.0,0.0,0.0,0.0,0.0
3586,0,0,0,0,0.0,0.0,0.0,0.0,0.0,0.0,0.0,0.0,0.0,0.0,0.0,0.0,0.0,0.0,0.0,0.0,0.0,0.0,0.0,0.0,0.0,0.0,0.0,0.0,0.0,0.0,0.0,0.0
3587,0,0,0,0,0.0,0.0,0.0,0.0,0.0,0.0,0.0,0.0,0.0,0.0,0.0,0.0,0.0,0.0,0.0,0.0,0.0,0.0,0.0,0.0,0.0,0.0,0.0,0.0,0.0,0.0,0.0,0.0
3588,0,0,0,0,0.0,0.0,0.0,0.0,0.0,0.0,0.0,0.0,0.0,0.0,0.0,0.0,0.0,0.0,0.0,0.0,0.0,0.0,0.0,0.0,0.0,0.0,0.0,0.0,0.0,0.0,0.0,0.0
3589,0,0,0,0,0.0,0.0,0.0,0.0,0.0,0.0,0.0,0.0,0.0,0.0,0.0,0.0,0.0,0.0,0.0,0.0,0.0,0.0,0.0,0.0,0.0,0.0,0.0,0.0,0.0,0.0,0.0,0.0
3590,0,0,0,0,0.0,0.0,0.0,0.0,0.0,0.0,0.0,0.0,0.0,0.0,0.0,0.0,0.0,0.0,0.0,0.0,0.0,0.0,0.0,0.0,0.0,0.0,0.0,0.0,0.0,0.0,0.0,0.0
3591,0,0,0,0,0.0,0.0,0.0,0.0,0.0,0.0,0.0,0.0,0.0,0.0,0.0,0.0,0.0,0.0,0.0,0.0,0.0,0.0,0.0,0.0,0.0,0.0,0.0,0.0,0.0,0.0,0.0,0.0
3592,0,0,0,0,0.0,0.0,0.0,0.0,0.0,0.0,0.0,0.0,0.0,0.0,0.0,0.0,0.0,0.0,0.0,0.0,0.0,0.0,0.0,0.0,0.0,0.0,0.0,0.0,0.0,0.0,0.0,0.0
3593,0,0,0,0,0.0,0.0,0.0,0.0,0.0,0.0,0.0,0.0,0.0,0.0,0.0,0.0,0.0,0.0,0.0,0.0,0.0,0.0,0.0,0.0,0.0,0.0,0.0,0.0,0.0,0.0,0.0,0.0
3594,0,0,0,0,0.0,0.0,0.0,0.0,0.0,0.0,0.0,0.0,0.0,0.0,0.0,0.0,0.0,0.0,0.0,0.0,0.0,0.0,0.0,0.0,0.0,0.0,0.0,0.0,0.0,0.0,0.0,0.0
3595,0,0,0,0,0.0,0.0,0.0,0.0,0.0,0.0,0.0,0.0,0.0,0.0,0.0,0.0,0.0,0.0,0.0,0.0,0.0,0.0,0.0,0.0,0.0,0.0,0.0,0.0,0.0,0.0,0.0,0.0
3596,0,0,0,0,0.0,0.0,0.0,0.0,0.0,0.0,0.0,0.0,0.0,0.0,0.0,0.0,0.0,0.0,0.0,0.0,0.0,0.0,0.0,0.0,0.0,0.0,0.0,0.0,0.0,0.0,0.0,0.0
3597,0,0,0,0,0.0,0.0,0.0,0.0,0.0,0.0,0.0,0.0,0.0,0.0,0.0,0.0,0.0,0.0,0.0,0.0,0.0,0.0,0.0,0.0,0.0,0.0,0.0,0.0,0.0,0.0,0.0,0.0
3598,0,0,0,0,0.0,0.0,0.0,0.0,0.0,0.0,0.0,0.0,0.0,0.0,0.0,0.0,0.0,0.0,0.0,0.0,0.0,0.0,0.0,0.0,0.0,0.0,0.0,0.0,0.0,0.0,0.0,0.0
3599,0,0,0,0,0.0,0.0,0.0,0.0,0.0,0.0,0.0,0.0,0.0,0.0,0.0,0.0,0.0,0.0,0.0,0.0,0.0,0.0,0.0,0.0,0.0,0.0,0.0,0.0,0.0,0.0,0.0,0.0
3600,0,0,0,0,0.0,0.0,0.0,0.0,0.0,0.0,0.0,0.0,0.0,0.0,0.0,0.0,0.0,0.0,0.0,0.0,0.0,0.0,0.0,0.0,0.0,0.0,0.0,0.0,0.0,0.0,0.0,0.0
3601,0,0,0,0,441.0,345.8,0.0,0.0,354.0,278.8,0.0,0.0,0.0,0.0,0.0,0.0,0.0,0.0,0.0,0.0,0.0,0.0,0.0,0.0,0.0,0.0,0.0,0.0,0.0,278.8,354.0,0.0
3602,0,0,0,0,6398.0,3905.6,0.0,0.0,5133.2,2904.2,0.0,0.0,0.0,0.0,0.0,0.0,0.0,0.0,0.0,0.0,0.0,0.0,0.0,0.0,0.0,0.0,0.0,0.0,0.0,2904.2,5133.2,0.0
3603,0,0,0,0,560.8,1022.4,0.0,0.0,528.8,990.4,0.0,0.0,0.0,0.0,0.0,0.0,0.0,0.0,0.0,0.0,0.0,0.0,0.0,0.0,0.0,0.0,0.0,0.0,0.0,990.4,528.8,0.0
3604,0,0,0,0,26842.5,22122.8,0.0,0.0,17511.0,14180.1,0.0,0.0,0.0,0.0,0.0,0.0,0.0,0.0,0.0,0.0,0.0,0.0,0.0,0.0,0.0,0.0,0.0,0.0,0.0,14180.1,17511.0,0.0
3605,0,0,0,0,2142.7,1392.4,0.0,0.0,1821.3,970.1,0.0,0.0,0.0,0.0,0.0,0.0,0.0,0.0,0.0,0.0,0.0,0.0,0.0,0.0,0.0,0.0,0.0,0.0,0.0,970.1,1821.3,0.0
3606,0,0,0,0,12116.0,14153.3,0.0,0.0,8706.7,11431.9,0.0,0.0,0.0,0.0,0.0,0.0,0.0,0.0,0.0,0.0,0.0,0.0,0.0,0.0,0.0,0.0,0.0,0.0,0.0,11431.9,8706.7,0.0
3607,0,0,0,0,1839.2,598.3,0.0,0.0,1712.2,492.3,0.0,0.0,0.0,0.0,0.0,0.0,0.0,0.0,0.0,0.0,0.0,0.0,0.0,0.0,0.0,0.0,0.0,0.0,0.0,492.3,1712.2,0.0
3608,0,0,0,0,6808.9,2168.2,0.0,0.0,6354.3,1738.1,0.0,0.0,0.0,0.0,0.0,0.0,0.0,0.0,0.0,0.0,0.0,0.0,0.0,0.0,0.0,0.0,0.0,0.0,0.0,1738.1,6354.3,0.0
3609,0,0,0,0,14938.3,10071.0,0.0,0.0,10745.9,4912.5,0.0,0.0,0.0,0.0,0.0,0.0,0.0,0.0,0.0,0.0,0.0,0.0,0.0,0.0,0.0,0.0,0.0,0.0,0.0,4912.5,10745.9,0.0
3610,0,0,0,0,54.1,69.4,0.0,0.0,42.1,60.4,0.0,0.0,0.0,0.0,0.0,0.0,0.0,0.0,0.0,0.0,0.0,0.0,0.0,0.0,0.0,0.0,0.0,0.0,0.0,60.4,42.1,0.0
3611,0,0,0,0,0.0,0.0,0.0,0.0,0.0,0.0,0.0,0.0,0.0,0.0,0.0,0.0,0.0,0.0,0.0,0.0,0.0,0.0,0.0,0.0,0.0,0.0,0.0,0.0,0.0,0.0,0.0,0.0
3612,0,0,0,0,42531.4,19089.3,0.0,0.0,36127.2,13043.0,0.0,0.0,0.0,0.0,0.0,0.0,0.0,0.0,0.0,0.0,0.0,0.0,0.0,0.0,0.0,0.0,0.0,0.0,0.0,13043.0,36127.2,0.0
3613,0,0,0,0,362.0,36.6,0.0,0.0,355.0,0.0,0.0,0.0,0.0,0.0,0.0,0.0,0.0,0.0,0.0,0.0,0.0,0.0,0.0,0.0,0.0,0.0,0.0,0.0,0.0,0.0,355.0,0.0
3614,0,0,0,0,36750.7,28858.8,0.0,0.0,29557.6,22214.7,0.0,0.0,0.0,0.0,0.0,0.0,0.0,0.0,0.0,0.0,0.0,0.0,0.0,0.0,0.0,0.0,0.0,0.0,0.0,22214.7,29557.6,0.0
3615,0,0,0,0,200.0,248.1,0.0,0.0,184.2,235.4,0.0,0.0,0.0,0.0,0.0,0.0,0.0,0.0,0.0,0.0,0.0,0.0,0.0,0.0,0.0,0.0,0.0,0.0,0.0,235.4,184.2,0.0
3616,0,0,0,0,147.4,454.8,0.0,0.0,111.4,380.8,0.0,0.0,0.0,0.0,0.0,0.0,0.0,0.0,0.0,0.0,0.0,0.0,0.0,0.0,0.0,0.0,0.0,0.0,0.0,380.8,111.4,0.0
3617,0,0,0,0,1303.2,307.5,0.0,0.0,1066.1,211.8,0.0,0.0,0.0,0.0,0.0,0.0,0.0,0.0,0.0,0.0,0.0,0.0,0.0,0.0,0.0,0.0,0.0,0.0,0.0,211.8,1066.1,0.0
3618,0,0,0,0,570.0,1556.3,0.0,0.0,515.6,1420.2,0.0,0.0,0.0,0.0,0.0,0.0,0.0,0.0,0.0,0.0,0.0,0.0,0.0,0.0,0.0,0.0,0.0,0.0,0.0,1420.2,515.6,0.0
3619,0,0,0,0,93.0,223.1,0.0,0.0,83.7,209.7,0.0,0.0,0.0,0.0,0.0,0.0,0.0,0.0,0.0,0.0,0.0,0.0,0.0,0.0,0.0,0.0,0.0,0.0,0.0,209.7,83.7,0.0
3620,0,0,0,0,12522.5,12292.0,0.0,0.0,9207.2,8883.6,0.0,0.0,0.0,0.0,0.0,0.0,0.0,0.0,0.0,0.0,0.0,0.0,0.0,0.0,0.0,0.0,0.0,0.0,0.0,8883.6,9207.2,0.0
3621,0,0,0,0,0.0,367.4,0.0,0.0,0.0,366.4,0.0,0.0,0.0,0.0,0.0,0.0,0.0,0.0,0.0,0.0,0.0,0.0,0.0,0.0,0.0,0.0,0.0,0.0,0.0,366.4,0.0,0.0
3622,0,0,0,0,0.0,147.1,0.0,0.0,0.0,120.5,0.0,0.0,0.0,0.0,0.0,0.0,0.0,0.0,0.0,0.0,0.0,0.0,0.0,0.0,0.0,0.0,0.0,0.0,0.0,120.5,0.0,0.0
3623,0,0,0,0,4940.0,5430.2,0.0,0.0,2391.2,3697.3,0.0,0.0,0.0,0.0,0.0,0.0,0.0,0.0,0.0,0.0,0.0,0.0,0.0,0.0,0.0,0.0,0.0,0.0,0.0,3697.3,2391.2,0.0
3624,0,0,0,0,819.5,1027.6,0.0,0.0,26.7,232.3,0.0,0.0,0.0,0.0,0.0,0.0,0.0,0.0,0.0,0.0,0.0,0.0,0.0,0.0,0.0,0.0,0.0,0.0,0.0,232.3,26.7,0.0
3625,0,0,0,0,67.9,68.1,0.0,0.0,53.5,52.6,0.0,0.0,0.0,0.0,0.0,0.0,0.0,0.0,0.0,0.0,0.0,0.0,0.0,0.0,0.0,0.0,0.0,0.0,0.0,52.6,53.5,0.0
3626,0,0,0,0,2709.9,734.3,0.0,0.0,2282.3,607.1,0.0,0.0,0.0,0.0,0.0,0.0,0.0,0.0,0.0,0.0,0.0,0.0,0.0,0.0,0.0,0.0,0.0,0.0,0.0,607.1,2282.3,0.0
3627,0,0,0,0,163.5,164.4,0.0,0.0,125.5,125.8,0.0,0.0,0.0,0.0,0.0,0.0,0.0,0.0,0.0,0.0,0.0,0.0,0.0,0.0,0.0,0.0,0.0,0.0,0.0,125.8,125.5,0.0
3628,0,0,0,0,20250.7,15529.2,0.0,0.0,10957.1,8146.8,0.0,0.0,0.0,0.0,0.0,0.0,0.0,0.0,0.0,0.0,0.0,0.0,0.0,0.0,0.0,0.0,0.0,0.0,0.0,8146.8,10957.1,0.0
3629,0,0,0,0,2622.2,1029.2,0.0,0.0,2477.2,935.2,0.0,0.0,0.0,0.0,0.0,0.0,0.0,0.0,0.0,0.0,0.0,0.0,0.0,0.0,0.0,0.0,0.0,0.0,0.0,935.2,2477.2,0.0
