I,J,HBW,HBC,HBSch,HBO,NHB,IX,XI,XX,II_LT,II_MD,II_HV,Ext_MD,Ext_HV,TOT
    1,    1,  10999.67,         0,   8247.51,  60043.03,  24571.48,         0,         0,         0,  15829.07,   5608.57,   4173.59,         0,         0, 129472.92
    1,    2,     45.34,         0,         0,    351.96,    232.99,         0,         0,         0,    171.89,     48.90,     16.55,         0,         0,    867.63
    1,    3,         0,         0,         0,         0,         0,         0,         0,         0,      0.23,         0,         0,         0,         0,      0.23
    1,    4,   1944.56,         0,    581.65,   3767.75,   1500.90,         0,         0,         0,    431.96,    603.78,    531.75,         0,         0,   9362.35
    1,    5,   1218.19,    217.00,     42.45,   1489.55,    817.39,         0,         0,         0,    198.86,    404.08,    361.13,         0,         0,   4748.65
    1,    6,      0.02,         0,         0,      2.02,      0.15,         0,         0,         0,      3.90,      0.03,         0,         0,         0,      6.12
    1,    7,         0,         0,         0,      0.05,         0,         0,         0,         0,         0,         0,         0,         0,         0,      0.05
    1,    8,    973.85,     24.00,     43.60,    873.27,    686.22,         0,         0,         0,    214.17,    134.24,     19.59,         0,         0,   2968.94
    1,    9,    212.93,         0,      3.59,    226.05,    147.93,         0,         0,         0,     70.76,     52.69,     10.00,         0,         0,    723.95
    1,   10,         0,         0,         0,      0.52,      0.01,         0,         0,         0,         0,         0,         0,         0,         0,      0.53
    1,   11,     83.00,         0,         0,     66.44,      8.37,         0,         0,         0,     14.47,     26.77,     15.29,         0,         0,    214.34
    1,   12,    270.52,      9.00,      0.11,    447.90,     63.28,         0,         0,         0,     66.66,    114.65,     58.15,         0,         0,   1030.27
    1,   13,    102.38,      2.00,         0,    181.62,     35.85,         0,         0,         0,     21.01,     22.19,      6.04,         0,         0,    371.09
    1,   14,    250.46,      7.00,         0,    397.56,     78.43,         0,         0,         0,     46.44,     71.76,     21.94,         0,         0,    873.59
    1,   15,      3.63,         0,         0,      0.44,         0,         0,         0,         0,      0.20,      1.46,      3.81,         0,         0,      9.54
    1,   16,     38.99,         0,         0,     22.31,      2.60,         0,         0,         0,      9.27,     17.29,     19.38,         0,         0,    109.84
    1,   17,     36.95,         0,         0,     29.33,      2.66,         0,         0,         0,      9.86,     15.67,     12.27,         0,         0,    106.74
    1,   18,      0.38,         0,         0,      0.06,         0,         0,         0,         0,      0.02,         0,         0,         0,         0,      0.46
    1,   19,      0.17,         0,         0,         0,         0,         0,         0,         0,         0,         0,      0.14,         0,         0,      0.31
    1,   20,      8.49,         0,         0,         0,         0,         0,         0,         0,      0.10,      1.32,      8.77,         0,         0,     18.68
    1,   21,      5.60,      5.00,         0,         0,         0,         0,         0,         0,         0,         0,      2.42,         0,         0,     13.02
    1,   22,      0.57,         0,         0,         0,         0,         0,         0,         0,         0,         0,      1.12,         0,         0,      1.69
    1,   23,         0,         0,         0,         0,         0,         0,         0,         0,         0,         0,         0,         0,         0,         0
    1,   24,         0,         0,         0,         0,         0,         0,         0,         0,         0,         0,         0,         0,         0,         0
    1,   25,         0,         0,         0,         0,         0,         0,         0,         0,         0,         0,         0,         0,         0,         0
    1,   26,         0,         0,         0,         0,         0,         0,         0,         0,         0,         0,         0,         0,         0,         0
    1,   27,         0,         0,         0,         0,         0,   8190.43,         0,         0,         0,         0,         0,    536.43,    223.16,   8950.02
    2,    1,    503.01,         0,    613.63,   1747.83,    241.69,         0,         0,         0,    299.70,     48.19,     17.32,         0,         0,   3471.37
    2,    2,    117.61,         0,         0,   1735.60,    345.50,         0,         0,         0,    827.22,     29.77,      4.36,         0,         0,   3060.06
    2,    3,         0,         0,         0,         0,         0,         0,         0,         0,         0,         0,         0,         0,         0,         0
    2,    4,    121.79,         0,     49.35,    213.33,     67.14,         0,         0,         0,     48.13,     23.32,      8.89,         0,         0,    531.95
    2,    5,     85.02,         0,     16.76,    152.74,     42.30,         0,         0,         0,     15.45,     16.38,      7.02,         0,         0,    335.67
    2,    6,         0,         0,         0,      0.26,      0.02,         0,         0,         0,      0.99,         0,         0,         0,         0,      1.27
    2,    7,         0,         0,         0,      0.02,         0,         0,         0,         0,         0,         0,         0,         0,         0,      0.02
    2,    8,     74.52,         0,     21.67,    106.46,     34.53,         0,         0,         0,     14.42,      6.14,      0.31,         0,         0,    258.05
    2,    9,     18.63,         0,      3.10,     43.50,     10.55,         0,         0,         0,      5.63,      2.82,      0.20,         0,         0,     84.43
    2,   10,         0,         0,         0,      0.11,         0,         0,         0,         0,         0,         0,         0,         0,         0,      0.11
    2,   11,      8.09,         0,         0,      5.51,      0.18,         0,         0,         0,      0.80,      0.67,      0.28,         0,         0,     15.53
    2,   12,     26.22,         0,         0,     37.07,      2.20,         0,         0,         0,      4.46,      3.19,      1.04,         0,         0,     74.18
    2,   13,      9.16,         0,         0,     26.41,      1.63,         0,         0,         0,      1.63,      0.71,      0.11,         0,         0,     39.65
    2,   14,     24.65,         0,         0,     37.64,      2.02,         0,         0,         0,      3.63,      2.15,      0.36,         0,         0,     70.45
    2,   15,      0.52,         0,         0,         0,         0,         0,         0,         0,      0.01,         0,      0.06,         0,         0,      0.59
    2,   16,      4.80,         0,         0,         0,         0,         0,         0,         0,      0.49,      0.20,      0.34,         0,         0,      5.83
    2,   17,      4.43,         0,         0,         0,         0,         0,         0,         0,      0.48,      0.22,      0.26,         0,         0,      5.39
    2,   18,      0.06,         0,         0,         0,         0,         0,         0,         0,         0,         0,         0,         0,         0,      0.06
    2,   19,      0.04,         0,         0,         0,         0,         0,         0,         0,         0,         0,         0,         0,         0,      0.04
    2,   20,      1.76,         0,         0,         0,         0,         0,         0,         0,         0,         0,      0.01,         0,         0,      1.77
    2,   21,      1.27,         0,         0,         0,         0,         0,         0,         0,         0,         0,         0,         0,         0,      1.27
    2,   22,      0.30,         0,         0,         0,         0,         0,         0,         0,         0,         0,         0,         0,         0,      0.30
    2,   23,         0,         0,         0,         0,         0,         0,         0,         0,         0,         0,         0,         0,         0,         0
    2,   24,         0,         0,         0,         0,         0,         0,         0,         0,         0,         0,         0,         0,         0,         0
    2,   25,         0,         0,         0,         0,         0,         0,         0,         0,         0,         0,         0,         0,         0,         0
    2,   26,         0,         0,         0,         0,         0,         0,         0,         0,         0,         0,         0,         0,         0,         0
    2,   27,         0,         0,         0,         0,         0,    457.45,         0,         0,         0,         0,         0,      3.57,      1.15,    462.17
    3,    1,         0,         0,         0,         0,         0,         0,         0,         0,      0.41,         0,         0,         0,         0,      0.41
    3,    2,         0,         0,         0,         0,         0,         0,         0,         0,         0,         0,         0,         0,         0,         0
    3,    3,         0,         0,         0,         0,         0,         0,         0,         0,     22.28,         0,         0,         0,         0,     22.28
    3,    4,         0,         0,         0,         0,         0,         0,         0,         0,     72.59,         0,         0,         0,         0,     72.59
    3,    5,         0,         0,         0,         0,         0,         0,         0,         0,      7.26,         0,         0,         0,         0,      7.26
    3,    6,         0,         0,         0,         0,         0,         0,         0,         0,      0.08,         0,         0,         0,         0,      0.08
    3,    7,         0,         0,         0,         0,         0,         0,         0,         0,         0,         0,         0,         0,         0,         0
    3,    8,         0,         0,         0,         0,         0,         0,         0,         0,      1.72,         0,         0,         0,         0,      1.72
    3,    9,         0,         0,         0,         0,         0,         0,         0,         0,         0,         0,         0,         0,         0,         0
    3,   10,         0,         0,         0,         0,         0,         0,         0,         0,         0,         0,         0,         0,         0,         0
    3,   11,         0,         0,         0,         0,         0,         0,         0,         0,         0,         0,         0,         0,         0,         0
    3,   12,         0,         0,         0,         0,         0,         0,         0,         0,         0,         0,         0,         0,         0,         0
    3,   13,         0,         0,         0,         0,         0,         0,         0,         0,         0,         0,         0,         0,         0,         0
    3,   14,         0,         0,         0,         0,         0,         0,         0,         0,         0,         0,         0,         0,         0,         0
    3,   15,         0,         0,         0,         0,         0,         0,         0,         0,         0,         0,         0,         0,         0,         0
    3,   16,         0,         0,         0,         0,         0,         0,         0,         0,         0,         0,         0,         0,         0,         0
    3,   17,         0,         0,         0,         0,         0,         0,         0,         0,         0,         0,         0,         0,         0,         0
    3,   18,         0,         0,         0,         0,         0,         0,         0,         0,         0,         0,         0,         0,         0,         0
    3,   19,         0,         0,         0,         0,         0,         0,         0,         0,         0,         0,         0,         0,         0,         0
    3,   20,         0,         0,         0,         0,         0,         0,         0,         0,         0,         0,         0,         0,         0,         0
    3,   21,         0,         0,         0,         0,         0,         0,         0,         0,         0,         0,         0,         0,         0,         0
    3,   22,         0,         0,         0,         0,         0,         0,         0,         0,         0,         0,         0,         0,         0,         0
    3,   23,         0,         0,         0,         0,         0,         0,         0,         0,         0,         0,         0,         0,         0,         0
    3,   24,         0,         0,         0,         0,         0,         0,         0,         0,         0,         0,         0,         0,         0,         0
    3,   25,         0,         0,         0,         0,         0,         0,         0,         0,         0,         0,         0,         0,         0,         0
    3,   26,         0,         0,         0,         0,         0,         0,         0,         0,         0,         0,         0,         0,         0,         0
    3,   27,         0,         0,         0,         0,         0,         0,         0,         0,         0,         0,         0,         0,         0,         0
    4,    1,   2916.26,         0,     66.53,   2311.27,   1114.43,         0,         0,         0,    358.39,    573.19,    512.00,         0,         0,   7852.07
    4,    2,     19.77,         0,         0,     38.34,     44.95,         0,         0,         0,     33.39,     22.47,      8.27,         0,         0,    167.19
    4,    3,         0,         0,         0,         0,         0,         0,         0,         0,     62.64,         0,         0,         0,         0,     62.64
    4,    4,  40753.41,         0,  40525.97, 256850.67,  73634.07,         0,         0,         0,  40826.60,  11016.43,   8923.83,         0,         0, 472530.98
    4,    5,  27967.56,   2906.00,   3782.31,  73590.33,  22828.19,         0,         0,         0,   4389.46,   3889.83,   3214.41,         0,         0, 142568.09
    4,    6,      2.91,         0,         0,     79.25,      9.39,         0,         0,         0,     76.77,      0.75,      0.12,         0,         0,    169.19
    4,    7,      1.14,         0,         0,      1.32,      0.30,         0,         0,         0,     45.04,         0,         0,         0,         0,     47.80
    4,    8,  19369.99,    421.00,   2131.29,  33480.41,  11565.74,         0,         0,         0,   2542.06,    765.60,    129.15,         0,         0,  70405.24
    4,    9,   2830.05,         0,     74.00,   2140.27,   1413.08,         0,         0,         0,    468.05,    219.83,     42.83,         0,         0,   7188.11
    4,   10,         0,         0,         0,      4.90,      0.27,         0,         0,         0,      2.15,         0,         0,         0,         0,      7.32
    4,   11,    844.09,         0,      0.10,    561.61,    115.53,         0,         0,         0,    108.13,    126.55,     45.80,         0,         0,   1801.81
    4,   12,   2907.74,     41.00,      2.96,   2821.42,    695.72,         0,         0,         0,    486.87,    504.15,    177.23,         0,         0,   7637.09
    4,   13,   1321.29,      3.00,         0,   1214.43,    292.91,         0,         0,         0,    145.72,    103.10,     23.14,         0,         0,   3103.59
    4,   14,   2764.23,    234.00,      1.06,   3128.21,    941.12,         0,         0,         0,    422.16,    373.58,     70.18,         0,         0,   7934.54
    4,   15,     41.78,         0,         0,     35.24,     15.79,         0,         0,         0,     18.28,     38.47,     10.51,         0,         0,    160.07
    4,   16,    433.66,      1.00,      0.13,    517.53,    254.77,         0,         0,         0,    179.96,    175.84,     57.14,         0,         0,   1620.03
    4,   17,    402.41,         0,      0.02,    613.13,    242.89,         0,         0,         0,    166.94,    139.14,     35.57,         0,         0,   1600.10
    4,   18,      4.60,         0,         0,      4.85,      3.09,         0,         0,         0,      2.78,      0.94,      0.01,         0,         0,     16.27
    4,   19,      1.56,         0,         0,         0,         0,         0,         0,         0,      0.01,      0.49,      0.72,         0,         0,      2.78
    4,   20,    118.37,         0,         0,     21.90,     16.46,         0,         0,         0,     36.25,    151.48,     38.87,         0,         0,    383.33
    4,   21,     70.31,     79.00,         0,      0.02,      0.03,         0,         0,         0,      5.31,     23.94,     25.67,         0,         0,    204.28
    4,   22,      9.10,         0,         0,         0,         0,         0,         0,         0,      0.12,      0.08,      9.93,         0,         0,     19.23
    4,   23,         0,         0,         0,         0,         0,         0,         0,         0,         0,         0,         0,         0,         0,         0
    4,   24,         0,         0,         0,         0,         0,         0,         0,         0,         0,         0,      0.02,         0,         0,      0.02
    4,   25,      0.02,         0,         0,         0,         0,         0,         0,         0,         0,         0,         0,         0,         0,      0.02
    4,   26,         0,         0,         0,         0,         0,         0,         0,         0,         0,         0,         0,         0,         0,         0
    4,   27,         0,         0,         0,         0,         0,  10840.88,         0,         0,         0,         0,         0,    625.13,   1093.85,  12559.86
    5,    1,    606.33,         0,     13.50,    177.93,    526.57,         0,         0,         0,    156.61,    372.27,    350.05,         0,         0,   2203.26
    5,    2,      4.14,         0,         0,      5.30,     26.30,         0,         0,         0,     14.02,     15.61,      6.57,         0,         0,     71.94
    5,    3,         0,         0,         0,         0,         0,         0,         0,         0,      3.82,         0,         0,         0,         0,      3.82
    5,    4,  10132.53,         0,   2445.87,  23634.33,  22032.08,         0,         0,         0,   4568.13,   3849.00,   3244.16,         0,         0,  69906.10
    5,    5,  32864.81,   5164.00,  17447.80, 172004.96,  91780.14,         0,         0,         0,  23521.61,  11152.73,   8516.44,         0,         0, 362452.49
    5,    6,      3.07,         0,         0,     70.07,     16.74,         0,         0,         0,     97.62,      1.34,      0.35,         0,         0,    189.19
    5,    7,      0.29,         0,         0,      0.10,      0.34,         0,         0,         0,      9.37,         0,         0,         0,         0,     10.10
    5,    8,   9181.10,    239.00,    707.20,  10458.04,  11034.94,         0,         0,         0,   2240.56,    726.52,    134.06,         0,         0,  34721.42
    5,    9,   1816.61,         0,     52.60,   1168.58,   1964.15,         0,         0,         0,    538.48,    245.32,     45.71,         0,         0,   5831.45
    5,   10,         0,         0,         0,      3.34,      0.91,         0,         0,         0,     10.25,         0,         0,         0,         0,     14.50
    5,   11,    487.65,         0,      0.23,    206.44,    156.66,         0,         0,         0,    121.99,    139.19,     42.54,         0,         0,   1154.70
    5,   12,   1691.27,     20.00,      2.74,   1498.07,    927.40,         0,         0,         0,    546.75,    553.40,    171.19,         0,         0,   5410.82
    5,   13,    737.78,      2.00,      0.05,    469.44,    387.44,         0,         0,         0,    162.74,    115.45,     25.61,         0,         0,   1900.51
    5,   14,   1589.73,    244.00,      2.31,   1157.13,   1216.11,         0,         0,         0,    494.39,    419.19,     73.79,         0,         0,   5196.65
    5,   15,     22.87,         0,      0.11,     16.82,     41.17,         0,         0,         0,     31.43,     49.21,      9.30,         0,         0,    170.91
    5,   16,    232.40,      2.00,      0.64,    203.37,    398.95,         0,         0,         0,    235.67,    210.44,     54.89,         0,         0,   1338.36
    5,   17,    216.18,         0,      0.28,    237.20,    361.27,         0,         0,         0,    212.69,    162.90,     36.73,         0,         0,   1227.25
    5,   18,      2.35,         0,         0,      3.55,      6.72,         0,         0,         0,      4.22,      1.24,      0.03,         0,         0,     18.11
    5,   19,      0.83,         0,         0,         0,         0,         0,         0,         0,      0.18,      2.09,      0.42,         0,         0,      3.52
    5,   20,     56.68,         0,         0,     19.28,     52.35,         0,         0,         0,     71.27,    209.97,     29.34,         0,         0,    438.89
    5,   21,     30.42,     26.00,         0,      0.59,      0.25,         0,         0,         0,     15.46,     52.77,     20.56,         0,         0,    146.05
    5,   22,      3.63,         0,         0,         0,         0,         0,         0,         0,      0.76,      0.66,      7.02,         0,         0,     12.07
    5,   23,         0,         0,         0,         0,         0,         0,         0,         0,         0,         0,         0,         0,         0,         0
    5,   24,         0,         0,         0,         0,         0,         0,         0,         0,         0,         0,      0.01,         0,         0,      0.01
    5,   25,      0.02,         0,         0,         0,         0,         0,         0,         0,      0.01,         0,      0.01,         0,         0,      0.04
    5,   26,         0,         0,         0,         0,         0,         0,         0,         0,         0,         0,         0,         0,         0,         0
    5,   27,         0,         0,         0,         0,         0,   6565.63,         0,         0,         0,         0,         0,    558.90,    464.30,   7588.83
    6,    1,      1.21,         0,      0.01,      0.38,      0.05,         0,         0,         0,      4.80,      0.02,      0.01,         0,         0,      6.48
    6,    2,         0,         0,         0,      0.01,      0.01,         0,         0,         0,      0.98,         0,         0,         0,         0,      1.00
    6,    3,         0,         0,         0,         0,         0,         0,         0,         0,      0.03,         0,         0,         0,         0,      0.03
    6,    4,     17.96,         0,      6.01,     63.65,      8.85,         0,         0,         0,    117.00,      0.74,      0.15,         0,         0,    214.36
    6,    5,     30.62,         0,      8.27,    134.50,     16.79,         0,         0,         0,    114.71,      1.34,      0.38,         0,         0,    306.61
    6,    6,      0.01,         0,         0,      4.68,      0.37,         0,         0,         0,    407.92,      0.02,         0,         0,         0,    413.00
    6,    7,         0,         0,         0,         0,         0,         0,         0,         0,         0,         0,         0,         0,         0,         0
    6,    8,     11.42,         0,      0.79,     13.16,      2.89,         0,         0,         0,     17.39,      0.02,         0,         0,         0,     45.67
    6,    9,      2.76,         0,      0.12,      2.67,      0.43,         0,         0,         0,      1.39,         0,         0,         0,         0,      7.37
    6,   10,         0,         0,         0,         0,         0,         0,         0,         0,      1.42,         0,         0,         0,         0,      1.42
    6,   11,      0.74,         0,         0,      0.65,      0.02,         0,         0,         0,      0.01,         0,         0,         0,         0,      1.42
    6,   12,      2.55,         0,         0,      1.70,      0.03,         0,         0,         0,      0.02,      0.02,      0.01,         0,         0,      4.33
    6,   13,      1.35,         0,         0,      1.30,      0.01,         0,         0,         0,         0,         0,         0,         0,         0,      2.66
    6,   14,      2.03,         0,         0,      2.30,      0.17,         0,         0,         0,      0.05,      0.03,         0,         0,         0,      4.58
    6,   15,      0.01,         0,         0,         0,         0,         0,         0,         0,         0,         0,         0,         0,         0,      0.01
    6,   16,      0.14,         0,         0,      0.13,      0.02,         0,         0,         0,         0,         0,         0,         0,         0,      0.29
    6,   17,      0.13,         0,         0,      0.15,         0,         0,         0,         0,         0,         0,         0,         0,         0,      0.28
    6,   18,         0,         0,         0,         0,         0,         0,         0,         0,         0,         0,         0,         0,         0,         0
    6,   19,         0,         0,         0,         0,         0,         0,         0,         0,         0,         0,         0,         0,         0,         0
    6,   20,         0,         0,         0,         0,         0,         0,         0,         0,         0,         0,         0,         0,         0,         0
    6,   21,         0,         0,         0,         0,         0,         0,         0,         0,         0,         0,         0,         0,         0,         0
    6,   22,         0,         0,         0,         0,         0,         0,         0,         0,         0,         0,         0,         0,         0,         0
    6,   23,         0,         0,         0,         0,         0,         0,         0,         0,         0,         0,         0,         0,         0,         0
    6,   24,         0,         0,         0,         0,         0,         0,         0,         0,         0,         0,         0,         0,         0,         0
    6,   25,         0,         0,         0,         0,         0,         0,         0,         0,         0,         0,         0,         0,         0,         0
    6,   26,         0,         0,         0,         0,         0,         0,         0,         0,         0,         0,         0,         0,         0,         0
    6,   27,         0,         0,         0,         0,         0,      5.31,         0,         0,         0,         0,         0,         0,         0,      5.31
    7,    1,         0,         0,         0,         0,         0,         0,         0,         0,         0,         0,         0,         0,         0,         0
    7,    2,         0,         0,         0,         0,         0,         0,         0,         0,         0,         0,         0,         0,         0,         0
    7,    3,         0,         0,         0,         0,         0,         0,         0,         0,         0,         0,         0,         0,         0,         0
    7,    4,         0,         0,         0,         0,      0.22,         0,         0,         0,     50.96,         0,         0,         0,         0,     51.18
    7,    5,         0,         0,         0,         0,      0.32,         0,         0,         0,      8.18,         0,         0,         0,         0,      8.50
    7,    6,         0,         0,         0,         0,         0,         0,         0,         0,         0,         0,         0,         0,         0,         0
    7,    7,         0,         0,         0,         0,      0.07,         0,         0,         0,    303.36,         0,         0,         0,         0,    303.43
    7,    8,         0,         0,         0,         0,      2.12,         0,         0,         0,    161.15,         0,         0,         0,         0,    163.27
    7,    9,         0,         0,         0,         0,      0.21,         0,         0,         0,     83.86,         0,         0,         0,         0,     84.07
    7,   10,         0,         0,         0,         0,         0,         0,         0,         0,      1.28,         0,         0,         0,         0,      1.28
    7,   11,         0,         0,         0,         0,      0.02,         0,         0,         0,      1.37,         0,         0,         0,         0,      1.39
    7,   12,         0,         0,         0,     10.00,      0.03,         0,         0,         0,      9.54,         0,         0,         0,         0,     19.57
    7,   13,         0,         0,         0,         0,      0.01,         0,         0,         0,      3.14,         0,         0,         0,         0,      3.15
    7,   14,         0,         0,         0,         0,      0.09,         0,         0,         0,      5.75,         0,         0,         0,         0,      5.84
    7,   15,         0,         0,         0,         0,         0,         0,         0,         0,         0,         0,         0,         0,         0,         0
    7,   16,         0,         0,         0,         0,         0,         0,         0,         0,      0.16,         0,         0,         0,         0,      0.16
    7,   17,         0,         0,         0,         0,         0,         0,         0,         0,      0.03,         0,         0,         0,         0,      0.03
    7,   18,         0,         0,         0,         0,         0,         0,         0,         0,         0,         0,         0,         0,         0,         0
    7,   19,         0,         0,         0,         0,         0,         0,         0,         0,         0,         0,         0,         0,         0,         0
    7,   20,         0,         0,         0,         0,         0,         0,         0,         0,         0,         0,         0,         0,         0,         0
    7,   21,         0,         0,         0,         0,         0,         0,         0,         0,         0,         0,         0,         0,         0,         0
    7,   22,         0,         0,         0,         0,         0,         0,         0,         0,         0,         0,         0,         0,         0,         0
    7,   23,         0,         0,         0,         0,         0,         0,         0,         0,         0,         0,         0,         0,         0,         0
    7,   24,         0,         0,         0,         0,         0,         0,         0,         0,         0,         0,         0,         0,         0,         0
    7,   25,         0,         0,         0,         0,         0,         0,         0,         0,         0,         0,         0,         0,         0,         0
    7,   26,         0,         0,         0,         0,         0,         0,         0,         0,         0,         0,         0,         0,         0,         0
    7,   27,         0,         0,         0,         0,         0,         0,         0,         0,         0,         0,         0,         0,         0,         0
    8,    1,    877.09,         0,     16.51,    333.20,    425.26,         0,         0,         0,    162.77,    125.72,     23.99,         0,         0,   1964.54
    8,    2,      5.55,         0,         0,     11.03,     20.66,         0,         0,         0,     12.52,      5.93,      0.33,         0,         0,     56.02
    8,    3,         0,         0,         0,         0,         0,         0,         0,         0,      0.59,         0,         0,         0,         0,      0.59
    8,    4,  11498.51,         0,   2562.20,  28102.11,  11048.82,         0,         0,         0,   2591.60,    760.25,    152.96,         0,         0,  56716.45
    8,    5,  16478.57,   4075.00,   1286.62,  29806.03,  10796.16,         0,         0,         0,   2230.00,    728.42,    159.29,         0,         0,  65560.09
    8,    6,      1.58,         0,         0,     19.74,      2.82,         0,         0,         0,     15.14,      0.02,         0,         0,         0,     39.30
    8,    7,      3.38,         0,         0,      4.19,      2.20,         0,         0,         0,    127.71,         0,         0,         0,         0,    137.48
    8,    8,  82044.78,   1036.00,  68281.12, 445466.14, 153230.09,         0,         0,         0,  42669.36,   2365.29,    113.57,         0,         0, 795206.35
    8,    9,  11689.42,         0,    902.40,  24267.46,   8309.43,         0,         0,         0,   1762.04,    210.55,      7.91,         0,         0,  47149.21
    8,   10,         0,         0,         0,     33.68,      4.59,         0,         0,         0,     54.43,         0,         0,         0,         0,     92.70
    8,   11,   2557.12,         0,      6.04,   1544.99,    461.57,         0,         0,         0,    272.88,     64.46,      4.32,         0,         0,   4911.38
    8,   12,   9101.79,    196.00,     47.55,   8814.74,   2981.65,         0,         0,         0,   1272.27,    259.50,     13.97,         0,         0,  22687.47
    8,   13,   3912.77,     19.00,      0.84,   4176.18,   1370.41,         0,         0,         0,    411.58,     53.08,      2.01,         0,         0,   9945.87
    8,   14,   8406.61,    944.00,     47.97,   9130.71,   3879.22,         0,         0,         0,   1207.22,    179.16,      4.05,         0,         0,  23798.94
    8,   15,    118.50,         0,      4.70,    152.49,    141.16,         0,         0,         0,     90.90,     20.89,      0.30,         0,         0,    528.94
    8,   16,   1199.20,     15.00,     18.20,   1393.22,   1073.11,         0,         0,         0,    573.36,     83.38,      1.77,         0,         0,   4357.24
    8,   17,   1118.55,         0,     11.29,   1536.81,    955.38,         0,         0,         0,    506.98,     63.95,      1.19,         0,         0,   4194.15
    8,   18,     13.69,         0,         0,     41.04,     28.47,         0,         0,         0,     12.68,      0.59,         0,         0,         0,     96.47
    8,   19,      4.26,         0,         0,      1.28,      1.79,         0,         0,         0,      4.12,      2.61,         0,         0,         0,     14.06
    8,   20,    314.60,         0,      1.99,    370.57,    352.05,         0,         0,         0,    270.91,    168.13,      0.22,         0,         0,   1478.47
    8,   21,    182.98,    427.00,         0,    104.45,     42.88,         0,         0,         0,    107.88,     72.23,      0.14,         0,         0,    937.56
    8,   22,     30.94,         0,         0,      0.15,         0,         0,         0,         0,      8.36,      5.81,      0.01,         0,         0,     45.27
    8,   23,      0.01,         0,         0,         0,         0,         0,         0,         0,         0,         0,         0,         0,         0,      0.01
    8,   24,         0,         0,         0,      0.01,         0,         0,         0,         0,         0,         0,         0,         0,         0,      0.01
    8,   25,      0.32,         0,         0,         0,         0,         0,         0,         0,      0.18,      0.03,         0,         0,         0,      0.53
    8,   26,         0,         0,         0,         0,         0,         0,         0,         0,         0,         0,         0,         0,         0,         0
    8,   27,         0,         0,         0,         0,         0,   7272.57,         0,         0,         0,         0,         0,    484.15,    471.95,   8228.67
    9,    1,    115.11,         0,      0.92,     40.23,     67.76,         0,         0,         0,     47.10,     47.61,     15.10,         0,         0,    333.83
    9,    2,      0.41,         0,         0,      2.33,      5.26,         0,         0,         0,      4.59,      2.66,      0.26,         0,         0,     15.51
    9,    3,         0,         0,         0,         0,         0,         0,         0,         0,         0,         0,         0,         0,         0,         0
    9,    4,   1022.83,         0,     48.51,    862.98,   1098.49,         0,         0,         0,    424.48,    211.56,     67.08,         0,         0,   3735.93
    9,    5,   1753.36,    918.00,     51.30,   1797.03,   1609.36,         0,         0,         0,    501.74,    239.99,     72.49,         0,         0,   6943.27
    9,    6,      0.07,         0,         0,      2.42,      0.30,         0,         0,         0,      1.03,         0,         0,         0,         0,      3.82
    9,    7,      0.07,         0,         0,      0.30,      0.14,         0,         0,         0,     63.76,         0,         0,         0,         0,     64.27
    9,    8,   6175.55,    220.00,   2083.66,  12815.27,   7292.92,         0,         0,         0,   1723.30,    204.12,     10.79,         0,         0,  30525.61
    9,    9,  29861.51,         0,  33259.95, 219530.47,  94025.97,         0,         0,         0,  24576.35,   1360.32,    101.70,         0,         0, 402716.27
    9,   10,         0,         0,         0,     15.74,      2.57,         0,         0,         0,     35.47,         0,         0,         0,         0,     53.78
    9,   11,   3858.39,         0,     37.43,   3072.39,    993.50,         0,         0,         0,    360.76,     84.32,     11.44,         0,         0,   8418.23
    9,   12,  14682.58,    322.00,    626.11,  21796.13,   7453.50,         0,         0,         0,   2023.57,    400.72,     47.78,         0,         0,  47352.39
    9,   13,   6305.90,     94.00,     11.63,  12169.26,   3272.37,         0,         0,         0,    651.16,     90.19,     11.29,         0,         0,  22605.80
    9,   14,  14010.99,   1328.00,    520.70,  22125.07,   8691.57,         0,         0,         0,   1744.09,    265.61,     13.83,         0,         0,  48699.86
    9,   15,    143.39,         0,     18.41,    161.33,    246.97,         0,         0,         0,    106.01,     22.97,      0.88,         0,         0,    699.96
    9,   16,   1532.13,     35.00,    114.00,   1832.88,   2208.86,         0,         0,         0,    682.86,    105.62,      6.94,         0,         0,   6518.29
    9,   17,   1471.14,         0,    133.97,   2118.26,   2030.96,         0,         0,         0,    614.14,     83.42,      5.10,         0,         0,   6456.99
    9,   18,     16.97,         0,         0,     31.95,     46.03,         0,         0,         0,     14.93,      0.72,         0,         0,         0,    110.60
    9,   19,      4.04,         0,      0.89,      4.38,     17.27,         0,         0,         0,     11.70,      7.81,         0,         0,         0,     46.09
    9,   20,    329.02,         0,     22.86,    349.45,    615.86,         0,         0,         0,    334.84,    230.75,      0.41,         0,         0,   1883.19
    9,   21,    162.77,    401.00,      2.11,    316.66,    312.37,         0,         0,         0,    211.79,    147.88,      0.16,         0,         0,   1554.74
    9,   22,     27.05,         0,      0.03,     13.67,     31.68,         0,         0,         0,     39.15,     36.16,         0,         0,         0,    147.74
    9,   23,      0.02,         0,         0,         0,         0,         0,         0,         0,         0,         0,         0,         0,         0,      0.02
    9,   24,         0,         0,         0,      0.03,         0,         0,         0,         0,         0,         0,         0,         0,         0,      0.03
    9,   25,      0.35,         0,         0,      1.57,      1.36,         0,         0,         0,      1.63,      0.97,         0,         0,         0,      5.88
    9,   26,         0,         0,         0,         0,         0,         0,         0,         0,         0,         0,         0,         0,         0,         0
    9,   27,         0,         0,         0,         0,         0,   3946.38,         0,         0,         0,         0,         0,    282.95,    655.10,   4884.43
   10,    1,      0.10,         0,      0.02,      0.09,         0,         0,         0,         0,         0,         0,         0,         0,         0,      0.21
   10,    2,         0,         0,         0,      0.01,         0,         0,         0,         0,         0,         0,         0,         0,         0,      0.01
   10,    3,         0,         0,         0,         0,         0,         0,         0,         0,         0,         0,         0,         0,         0,         0
   10,    4,      1.51,         0,      0.69,      3.38,      0.14,         0,         0,         0,      3.62,         0,         0,         0,         0,      9.34
   10,    5,      3.15,         0,      0.87,      9.69,      0.74,         0,         0,         0,     12.41,         0,         0,         0,         0,     26.86
   10,    6,         0,         0,         0,         0,         0,         0,         0,         0,      1.23,         0,         0,         0,         0,      1.23
   10,    7,         0,         0,         0,         0,         0,         0,         0,         0,      1.99,         0,         0,         0,         0,      1.99
   10,    8,      9.62,         0,      8.70,     37.83,      4.17,         0,         0,         0,     68.62,         0,         0,         0,         0,    128.94
   10,    9,      7.76,         0,      4.66,     27.47,      2.73,         0,         0,         0,     78.38,         0,         0,         0,         0,    121.00
   10,   10,         0,         0,         0,      5.23,      0.12,         0,         0,         0,    183.41,         0,         0,         0,         0,    188.76
   10,   11,      1.62,         0,      0.12,      3.53,      0.06,         0,         0,         0,      0.57,         0,         0,         0,         0,      5.90
   10,   12,      5.69,         0,      0.64,     15.32,      0.54,         0,         0,         0,      3.77,         0,         0,         0,         0,     25.96
   10,   13,      2.24,         0,      0.02,      9.34,      0.32,         0,         0,         0,      3.35,         0,         0,         0,         0,     15.27
   10,   14,      4.97,         0,      0.57,     19.29,      0.77,         0,         0,         0,      2.89,         0,         0,         0,         0,     28.49
   10,   15,      0.03,         0,      0.05,      0.25,         0,         0,         0,         0,         0,         0,         0,         0,         0,      0.33
   10,   16,      0.50,         0,      0.33,      3.45,      0.14,         0,         0,         0,         0,         0,         0,         0,         0,      4.42
   10,   17,      0.50,         0,      0.20,      3.78,      0.10,         0,         0,         0,         0,         0,         0,         0,         0,      4.58
   10,   18,         0,         0,         0,      0.13,         0,         0,         0,         0,         0,         0,         0,         0,         0,      0.13
   10,   19,         0,         0,         0,         0,         0,         0,         0,         0,         0,         0,         0,         0,         0,         0
   10,   20,      0.01,         0,         0,      0.48,         0,         0,         0,         0,         0,         0,         0,         0,         0,      0.49
   10,   21,      0.03,         0,         0,         0,         0,         0,         0,         0,         0,         0,         0,         0,         0,      0.03
   10,   22,         0,         0,         0,         0,         0,         0,         0,         0,         0,         0,         0,         0,         0,         0
   10,   23,         0,         0,         0,         0,         0,         0,         0,         0,         0,         0,         0,         0,         0,         0
   10,   24,         0,         0,         0,         0,         0,         0,         0,         0,         0,         0,         0,         0,         0,         0
   10,   25,         0,         0,         0,         0,         0,         0,         0,         0,         0,         0,         0,         0,         0,         0
   10,   26,         0,         0,         0,         0,         0,         0,         0,         0,         0,         0,         0,         0,         0,         0
   10,   27,         0,         0,         0,         0,         0,      1.02,         0,         0,         0,         0,         0,         0,         0,      1.02
   11,    1,     10.10,         0,         0,      0.94,      3.36,         0,         0,         0,      9.85,     19.20,     22.46,         0,         0,     65.91
   11,    2,         0,         0,         0,         0,      0.10,         0,         0,         0,      0.61,      0.57,      0.40,         0,         0,      1.68
   11,    3,         0,         0,         0,         0,         0,         0,         0,         0,         0,         0,         0,         0,         0,         0
   11,    4,     64.62,         0,      0.46,     60.89,     76.89,         0,         0,         0,     92.66,    104.50,     68.82,         0,         0,    468.84
   11,    5,     98.57,         0,      0.71,    106.29,    113.30,         0,         0,         0,    107.71,    116.13,     67.32,         0,         0,    610.03
   11,    6,         0,         0,         0,      0.04,         0,         0,         0,         0,         0,         0,         0,         0,         0,      0.04
   11,    7,         0,         0,         0,         0,      0.01,         0,         0,         0,      1.27,         0,         0,         0,         0,      1.28
   11,    8,    274.81,         0,      7.62,    217.51,    356.82,         0,         0,         0,    247.66,     58.02,      6.69,         0,         0,   1169.13
   11,    9,    923.22,         0,     32.02,    857.98,    923.95,         0,         0,         0,    354.99,     81.69,     13.78,         0,         0,   3187.63
   11,   10,         0,         0,         0,      0.48,      0.04,         0,         0,         0,      0.43,         0,         0,         0,         0,      0.95
   11,   11,   8477.51,         0,  13520.03,  61631.34,  19968.69,         0,         0,         0,   9641.83,   3409.75,    273.29,         0,         0, 116922.44
   11,   12,  13822.08,    375.00,   3016.91,  45626.33,  10066.51,         0,         0,         0,   2934.06,   2470.23,    195.48,         0,         0,  78506.60
   11,   13,   1957.57,      7.00,      1.68,   3091.99,   1296.64,         0,         0,         0,    351.27,    277.65,     24.98,         0,         0,   7008.78
   11,   14,   5862.87,    386.00,    114.89,   9300.12,   3835.70,         0,         0,         0,    957.19,    834.54,     47.81,         0,         0,  21339.12
   11,   15,    586.33,         0,     90.25,   1791.37,    570.88,         0,         0,         0,    248.13,    201.84,      8.42,         0,         0,   3497.22
   11,   16,   1906.96,     79.00,    258.34,   3933.93,   2146.64,         0,         0,         0,    650.36,    475.12,     33.60,         0,         0,   9483.95
   11,   17,   1084.07,         0,     73.22,   1757.69,   1116.67,         0,         0,         0,    386.22,    297.41,     20.35,         0,         0,   4735.63
   11,   18,     12.07,         0,         0,     26.06,     24.05,         0,         0,         0,      9.17,      2.82,      0.04,         0,         0,     74.21
   11,   19,      6.82,         0,      0.72,      6.78,     14.55,         0,         0,         0,     11.32,      5.28,      0.17,         0,         0,     45.64
   11,   20,    237.62,         0,     11.86,    281.57,    366.56,         0,         0,         0,    221.18,    126.63,     11.03,         0,         0,   1256.45
   11,   21,     99.94,     70.00,      0.87,    208.01,    169.81,         0,         0,         0,    140.21,     86.56,      6.53,         0,         0,    781.93
   11,   22,     19.18,         0,      0.01,     25.67,     25.11,         0,         0,         0,     36.65,     27.52,      2.80,         0,         0,    136.94
   11,   23,      0.28,         0,         0,      0.15,      0.01,         0,         0,         0,         0,         0,         0,         0,         0,      0.44
   11,   24,         0,         0,         0,      0.11,      0.02,         0,         0,         0,         0,      0.04,         0,         0,         0,      0.17
   11,   25,      0.26,         0,         0,      4.13,      1.38,         0,         0,         0,      1.21,      0.58,      0.02,         0,         0,      7.58
   11,   26,         0,         0,         0,         0,         0,         0,         0,         0,         0,         0,         0,         0,         0,         0
   11,   27,         0,         0,         0,         0,         0,   1876.48,         0,         0,         0,         0,         0,    334.77,   1089.15,   3300.40
   12,    1,     32.59,         0,      0.01,      1.98,     19.54,         0,         0,         0,     42.99,     79.43,     89.04,         0,         0,    265.58
   12,    2,         0,         0,         0,      0.08,      0.89,         0,         0,         0,      3.47,      2.63,      1.68,         0,         0,      8.75
   12,    3,         0,         0,         0,         0,         0,         0,         0,         0,         0,         0,         0,         0,         0,         0
   12,    4,    250.82,         0,     10.25,    163.90,    435.92,         0,         0,         0,    413.06,    414.27,    279.12,         0,         0,   1967.34
   12,    5,    405.47,     93.00,     12.78,    326.17,    640.52,         0,         0,         0,    478.01,    461.87,    284.25,         0,         0,   2702.07
   12,    6,         0,         0,         0,      0.04,         0,         0,         0,         0,      0.02,      0.02,      0.01,         0,         0,      0.09
   12,    7,         0,         0,         0,         0,      0.02,         0,         0,         0,      8.75,         0,         0,         0,         0,      8.77
   12,    8,   1198.44,     15.00,    141.67,    851.10,   2203.82,         0,         0,         0,   1145.79,    233.37,     22.85,         0,         0,   5812.04
   12,    9,   4819.49,         0,    772.43,   6049.41,   6595.34,         0,         0,         0,   2006.78,    387.38,     57.65,         0,         0,  20688.48
   12,   10,         0,         0,         0,      1.72,      0.33,         0,         0,         0,      2.42,         0,         0,         0,         0,      4.47
   12,   11,  12609.21,         0,   2441.85,  24798.00,   9711.00,         0,         0,         0,   3012.49,   2471.96,    194.39,         0,         0,  55238.90
   12,   12,  72103.59,   1162.00,  55826.24, 358177.61, 143624.60,         0,         0,         0,  41204.93,  17794.49,   1306.30,         0,         0, 691199.76
   12,   13,  12692.30,     11.00,    224.58,  40502.94,  14473.02,         0,         0,         0,   3178.93,   1711.21,    124.14,         0,         0,  72918.12
   12,   14,  38541.92,   2316.00,   6695.56, 101123.22,  48041.41,         0,         0,         0,   9811.42,   5799.02,    310.76,         0,         0, 212639.31
   12,   15,   1402.74,         0,    452.04,   3235.91,   2155.24,         0,         0,         0,    719.67,    582.06,     21.64,         0,         0,   8569.30
   12,   16,  11459.47,    279.00,   4254.80,  44084.82,  21877.03,         0,         0,         0,   4906.26,   2370.09,    153.82,         0,         0,  89385.29
   12,   17,   7701.15,         0,   1159.79,  16388.93,  11349.79,         0,         0,         0,   2766.62,   1604.18,    102.33,         0,         0,  41072.79
   12,   18,     75.02,         0,         0,    100.47,    200.75,         0,         0,         0,     63.03,     12.05,      0.11,         0,         0,    451.43
   12,   19,     20.49,         0,      6.46,     17.19,     85.56,         0,         0,         0,     49.38,     21.61,      0.54,         0,         0,    201.23
   12,   20,   1309.66,     40.00,    151.92,   1177.70,   2949.75,         0,         0,         0,   1132.50,    577.46,     39.26,         0,         0,   7378.25
   12,   21,    519.37,    321.00,     15.24,    719.90,   1172.92,         0,         0,         0,    700.92,    379.68,     23.26,         0,         0,   3852.29
   12,   22,     88.38,         0,      1.65,     72.39,    233.82,         0,         0,         0,    201.09,    127.10,      8.64,         0,         0,    733.07
   12,   23,      0.47,         0,         0,      0.23,      0.22,         0,         0,         0,      0.11,      0.04,         0,         0,         0,      1.07
   12,   24,         0,         0,         0,      0.51,      0.20,         0,         0,         0,      0.08,      0.16,      0.01,         0,         0,      0.96
   12,   25,      1.34,         0,         0,     12.82,     12.68,         0,         0,         0,      7.25,      2.70,      0.06,         0,         0,     36.85
   12,   26,         0,         0,         0,         0,         0,         0,         0,         0,         0,         0,         0,         0,         0,         0
   12,   27,         0,         0,         0,         0,         0,   9525.62,         0,         0,         0,         0,         0,   1235.01,   3438.89,  14199.52
   13,    1,      0.99,         0,         0,         0,     10.33,         0,         0,         0,     12.29,     14.66,     11.25,         0,         0,     49.52
   13,    2,         0,         0,         0,         0,      0.60,         0,         0,         0,      1.22,      0.59,      0.24,         0,         0,      2.65
   13,    3,         0,         0,         0,         0,         0,         0,         0,         0,         0,         0,         0,         0,         0,         0
   13,    4,     11.99,         0,      0.77,      1.21,    171.82,         0,         0,         0,    120.36,     84.03,     45.32,         0,         0,    435.50
   13,    5,     25.00,     26.00,      0.67,      6.73,    250.06,         0,         0,         0,    139.45,     95.75,     51.58,         0,         0,    595.24
   13,    6,         0,         0,         0,         0,         0,         0,         0,         0,         0,         0,         0,         0,         0,         0
   13,    7,         0,         0,         0,         0,      0.01,         0,         0,         0,      3.25,         0,         0,         0,         0,      3.26
   13,    8,     79.98,      1.00,      9.75,     38.28,    945.59,         0,         0,         0,    364.38,     47.67,      3.81,         0,         0,   1490.46
   13,    9,    350.70,         0,     47.80,    326.97,   2683.97,         0,         0,         0,    656.78,     87.67,     13.97,         0,         0,   4167.86
   13,   10,         0,         0,         0,      0.03,      0.19,         0,         0,         0,      2.34,         0,         0,         0,         0,      2.56
   13,   11,    479.78,         0,      9.49,    470.51,   1156.38,         0,         0,         0,    346.86,    278.14,     24.40,         0,         0,   2765.56
   13,   12,   2313.08,     70.00,    539.42,   8330.90,  13683.13,         0,         0,         0,   3206.87,   1711.55,    122.33,         0,         0,  29977.28
   13,   13,   7032.47,     18.00,    292.31,  26060.29,  48204.28,         0,         0,         0,   6911.01,   2104.18,    154.46,         0,         0,  90777.00
   13,   14,   6400.61,   1130.00,   1800.68,  18293.94,  41285.43,         0,         0,         0,   6635.10,   2437.83,    124.66,         0,         0,  78108.25
   13,   15,     15.99,         0,      3.54,      8.94,    258.44,         0,         0,         0,     84.81,     78.38,      1.77,         0,         0,    451.87
   13,   16,    217.42,      2.00,     24.07,    174.36,   2241.53,         0,         0,         0,    571.35,    327.38,     17.29,         0,         0,   3575.40
   13,   17,    228.95,         0,     29.55,    233.99,   2228.76,         0,         0,         0,    540.84,    271.40,     15.85,         0,         0,   3549.34
   13,   18,      1.88,         0,         0,      2.00,     56.39,         0,         0,         0,     16.59,      2.09,         0,         0,         0,     78.95
   13,   19,      0.38,         0,      0.16,         0,     17.42,         0,         0,         0,     10.60,      3.30,         0,         0,         0,     31.86
   13,   20,     36.20,         0,      4.73,      8.96,    687.33,         0,         0,         0,    264.93,    106.52,      1.77,         0,         0,   1110.44
   13,   21,     12.44,     19.00,      0.28,      7.40,    307.53,         0,         0,         0,    173.61,     71.78,      0.79,         0,         0,    592.83
   13,   22,      0.76,         0,         0,      0.04,     56.95,         0,         0,         0,     45.28,     19.45,      0.13,         0,         0,    122.61
   13,   23,         0,         0,         0,         0,         0,         0,         0,         0,         0,         0,         0,         0,         0,         0
   13,   24,         0,         0,         0,         0,      0.03,         0,         0,         0,         0,         0,         0,         0,         0,      0.03
   13,   25,         0,         0,         0,      0.05,      3.21,         0,         0,         0,      1.73,      0.53,         0,         0,         0,      5.52
   13,   26,         0,         0,         0,         0,         0,         0,         0,         0,         0,         0,         0,         0,         0,         0
   13,   27,         0,         0,         0,         0,         0,    977.66,         0,         0,         0,         0,         0,    319.19,    327.44,   1624.29
   14,    1,     29.91,         0,      0.01,         0,     23.71,         0,         0,         0,     28.20,     47.87,     40.67,         0,         0,    170.37
   14,    2,         0,         0,         0,         0,      0.73,         0,         0,         0,      2.63,      1.75,      0.81,         0,         0,      5.92
   14,    3,         0,         0,         0,         0,         0,         0,         0,         0,         0,         0,         0,         0,         0,         0
   14,    4,    239.03,         0,      3.86,     57.49,    552.23,         0,         0,         0,    343.69,    300.54,    133.53,         0,         0,   1630.37
   14,    5,    407.19,    170.00,      4.94,    169.53,    794.01,         0,         0,         0,    420.58,    344.93,    146.23,         0,         0,   2457.41
   14,    6,         0,         0,         0,         0,      0.10,         0,         0,         0,      0.03,      0.02,         0,         0,         0,      0.15
   14,    7,         0,         0,         0,         0,      0.06,         0,         0,         0,      5.16,         0,         0,         0,         0,      5.22
   14,    8,   1208.99,     20.00,     54.27,    522.87,   2718.52,         0,         0,         0,   1061.23,    158.35,      7.48,         0,         0,   5751.71
   14,    9,   4417.66,         0,    212.74,   2804.27,   7290.29,         0,         0,         0,   1707.81,    256.09,     18.36,         0,         0,  16707.22
   14,   10,         0,         0,         0,      0.78,      0.46,         0,         0,         0,      2.03,         0,         0,         0,         0,      3.27
   14,   11,   6770.63,         0,     76.59,   3700.96,   3478.24,         0,         0,         0,    955.64,    837.22,     47.99,         0,         0,  15867.27
   14,   12,  36098.22,   1115.00,   2393.32,  54061.08,  46017.89,         0,         0,         0,   9689.49,   5809.53,    315.23,         0,         0, 155499.76
   14,   13,  23450.26,    125.00,    639.71,  71940.19,  41718.73,         0,         0,         0,   6528.93,   2443.58,    127.54,         0,         0, 146973.94
   14,   14, 110008.64,  18087.00,  42967.29, 462714.99, 268832.02,         0,         0,         0,  55912.22,  14287.75,    606.72,         0,         0, 973416.63
   14,   15,    458.56,         0,     45.06,    334.30,   1276.41,         0,         0,         0,    341.03,    352.33,      5.43,         0,         0,   2813.12
   14,   16,   7052.26,    132.00,    348.30,   7997.99,  14722.97,         0,         0,         0,   2970.98,   1798.90,     75.13,         0,         0,  35098.53
   14,   17,  11152.58,         0,   2244.83,  32531.98,  27193.08,         0,         0,         0,   4974.93,   2146.77,    101.62,         0,         0,  80345.79
   14,   18,    143.09,         0,         0,    212.95,    470.28,         0,         0,         0,    170.51,     11.67,      0.05,         0,         0,   1008.55
   14,   19,     14.81,         0,      2.33,      2.59,     94.38,         0,         0,         0,     38.39,     14.29,      0.05,         0,         0,    166.84
   14,   20,   1275.97,     29.00,     71.18,    653.77,   3765.35,         0,         0,         0,   1080.29,    492.62,      9.45,         0,         0,   7377.63
   14,   21,    510.43,    520.00,      4.84,    401.68,   1554.77,         0,         0,         0,    650.98,    312.63,      6.14,         0,         0,   3961.47
   14,   22,     79.01,         0,      0.23,     18.96,    294.23,         0,         0,         0,    163.45,     92.28,      1.81,         0,         0,    649.97
   14,   23,      0.15,         0,         0,         0,      0.22,         0,         0,         0,      0.12,      0.03,         0,         0,         0,      0.52
   14,   24,         0,         0,         0,      0.12,      0.27,         0,         0,         0,      0.17,      0.09,         0,         0,         0,      0.65
   14,   25,      1.08,         0,         0,      6.45,     16.03,         0,         0,         0,      6.93,      2.42,      0.02,         0,         0,     32.93
   14,   26,         0,         0,         0,         0,         0,         0,         0,         0,         0,         0,         0,         0,         0,         0
   14,   27,         0,         0,         0,         0,         0,  11782.86,         0,         0,         0,         0,         0,    958.86,   1033.97,  13775.69
   15,    1,     12.42,         0,         0,      0.11,         0,         0,         0,         0,      0.10,      0.91,      5.97,         0,         0,     19.51
   15,    2,         0,         0,         0,         0,         0,         0,         0,         0,      0.01,         0,      0.10,         0,         0,      0.11
   15,    3,         0,         0,         0,         0,         0,         0,         0,         0,         0,         0,         0,         0,         0,         0
   15,    4,     70.41,         0,         0,     52.42,      9.81,         0,         0,         0,     15.21,     30.33,     16.37,         0,         0,    194.55
   15,    5,    111.29,     41.00,      0.15,    131.36,     30.22,         0,         0,         0,     27.85,     40.03,     15.32,         0,         0,    397.22
   15,    6,         0,         0,         0,         0,         0,         0,         0,         0,         0,         0,         0,         0,         0,         0
   15,    7,         0,         0,         0,         0,         0,         0,         0,         0,         0,         0,         0,         0,         0,         0
   15,    8,    282.15,      2.00,      1.25,    294.49,    111.05,         0,         0,         0,     83.78,     18.53,      0.50,         0,         0,    793.75
   15,    9,    796.81,         0,      6.84,    660.23,    241.84,         0,         0,         0,    105.21,     22.09,      1.49,         0,         0,   1834.51
   15,   10,         0,         0,         0,      0.67,         0,         0,         0,         0,         0,         0,         0,         0,         0,      0.67
   15,   11,   3646.34,         0,     76.63,   3427.77,    588.44,         0,         0,         0,    281.31,    206.79,      8.83,         0,         0,   8236.11
   15,   12,  10019.57,    305.00,    325.19,  12970.95,   2343.49,         0,         0,         0,    730.85,    599.35,     23.07,         0,         0,  27317.47
   15,   13,   1598.33,      7.00,      0.43,   1897.48,    307.03,         0,         0,         0,     90.35,     81.09,      2.15,         0,         0,   3983.86
   15,   14,   5851.50,    495.00,     60.27,   6964.92,   1482.70,         0,         0,         0,    359.77,    363.58,      5.72,         0,         0,  15583.46
   15,   15,   6328.34,         0,  18392.28,  78330.58,  14158.05,         0,         0,         0,  12217.71,   1263.89,     38.17,         0,         0, 130729.02
   15,   16,  14844.90,    161.00,   7137.10,  67209.84,  12366.27,         0,         0,         0,   2595.66,    870.55,     35.83,         0,         0, 105221.15
   15,   17,   5201.76,         0,    163.35,   9452.13,   1872.34,         0,         0,         0,    415.65,    275.87,      9.32,         0,         0,  17390.42
   15,   18,     45.84,         0,         0,     82.20,     25.31,         0,         0,         0,      6.19,      2.03,         0,         0,         0,    161.57
   15,   19,     81.17,         0,     11.10,     83.47,     67.44,         0,         0,         0,     17.42,      4.40,      0.11,         0,         0,    265.11
   15,   20,   2850.37,     46.00,     99.94,   3472.54,   1393.41,         0,         0,         0,    337.33,    113.67,      3.37,         0,         0,   8316.63
   15,   21,    955.15,    510.00,      8.23,   1267.23,    436.33,         0,         0,         0,    150.11,     65.29,      1.71,         0,         0,   3394.05
   15,   22,    181.28,         0,      0.74,    209.26,     75.56,         0,         0,         0,     36.27,     19.90,      0.47,         0,         0,    523.48
   15,   23,      2.99,         0,         0,      1.36,      0.44,         0,         0,         0,      0.04,      0.03,         0,         0,         0,      4.86
   15,   24,         0,         0,         0,      1.56,      0.08,         0,         0,         0,      0.39,      0.06,         0,         0,         0,      2.09
   15,   25,      2.46,         0,         0,     41.73,      4.16,         0,         0,         0,      1.88,      0.47,         0,         0,         0,     50.70
   15,   26,         0,         0,         0,         0,         0,         0,         0,         0,      0.39,         0,         0,         0,         0,      0.39
   15,   27,         0,         0,         0,         0,         0,   1991.48,         0,         0,         0,         0,         0,     61.11,    202.87,   2255.46
   16,    1,     34.36,         0,         0,      0.21,      0.69,         0,         0,         0,      5.45,     10.01,     34.66,         0,         0,     85.38
   16,    2,         0,         0,         0,         0,         0,         0,         0,         0,      0.30,      0.15,      0.75,         0,         0,      1.20
   16,    3,         0,         0,         0,         0,         0,         0,         0,         0,         0,         0,         0,         0,         0,         0
   16,    4,    220.99,         0,      0.37,    138.24,    164.83,         0,         0,         0,    153.30,    138.72,    101.82,         0,         0,    918.27
   16,    5,    358.10,    119.00,      1.48,    309.38,    287.89,         0,         0,         0,    209.64,    170.24,    105.38,         0,         0,   1561.11
   16,    6,         0,         0,         0,      0.01,      0.01,         0,         0,         0,         0,         0,         0,         0,         0,      0.02
   16,    7,         0,         0,         0,         0,         0,         0,         0,         0,      0.08,         0,         0,         0,         0,      0.08
   16,    8,    944.43,      5.00,     10.77,    648.35,    827.99,         0,         0,         0,    526.25,     71.98,      4.25,         0,         0,   3039.02
   16,    9,   2921.65,         0,     50.63,   1901.76,   2077.31,         0,         0,         0,    671.07,     98.84,     11.44,         0,         0,   7732.70
   16,   10,         0,         0,         0,      1.52,      0.09,         0,         0,         0,         0,         0,         0,         0,         0,      1.61
   16,   11,   8395.13,         0,    145.76,   6800.53,   2165.64,         0,         0,         0,    654.51,    485.53,     36.70,         0,         0,  18683.80
   16,   12,  35531.61,   1458.00,   5361.56,  66137.28,  22868.80,         0,         0,         0,   4686.97,   2420.79,    168.22,         0,         0, 138633.23
   16,   13,   6640.43,     34.00,      2.13,   6493.26,   2566.19,         0,         0,         0,    585.99,    334.59,     21.13,         0,         0,  16677.72
   16,   14,  26314.95,   2367.00,    679.23,  33205.06,  16230.34,         0,         0,         0,   2982.94,   1836.52,     82.12,         0,         0,  83698.16
   16,   15,   6079.46,         0,   4641.05,  30286.68,  12075.26,         0,         0,         0,   2508.15,    868.13,     36.59,         0,         0,  56495.32
   16,   16,  59946.56,    466.00,  56544.47, 382852.30, 147929.77,         0,         0,         0,  43364.29,   8494.55,    580.55,         0,         0, 700178.49
   16,   17,  21796.64,         0,   4110.93,  68758.22,  35450.01,         0,         0,         0,   6146.79,   2914.03,    203.35,         0,         0, 139379.97
   16,   18,    173.66,         0,         0,    173.86,    226.59,         0,         0,         0,     54.41,      9.13,      0.11,         0,         0,    637.76
   16,   19,    153.32,         0,     23.63,    144.03,    311.62,         0,         0,         0,     79.11,     23.39,      0.40,         0,         0,    735.50
   16,   20,   7123.38,    183.00,    349.54,   8228.00,   8534.48,         0,         0,         0,   1907.75,    646.03,     33.70,         0,         0,  27005.88
   16,   21,   2369.32,   1564.00,     30.54,   2520.87,   2844.62,         0,         0,         0,    883.17,    361.87,     13.90,         0,         0,  10588.29
   16,   22,    424.17,         0,      3.62,    283.11,    542.09,         0,         0,         0,    254.02,    108.99,      3.03,         0,         0,   1619.03
   16,   23,      5.04,         0,      0.01,      1.74,      3.28,         0,         0,         0,      0.87,      0.15,         0,         0,         0,     11.09
   16,   24,         0,         0,         0,      4.20,      1.39,         0,         0,         0,      3.40,      0.13,         0,         0,         0,      9.12
   16,   25,      5.78,         0,         0,     41.95,     26.73,         0,         0,         0,     10.48,      2.68,         0,         0,         0,     87.62
   16,   26,         0,         0,         0,         0,         0,         0,         0,         0,      0.96,         0,         0,         0,         0,      0.96
   16,   27,         0,         0,         0,         0,         0,   7959.64,         0,         0,         0,         0,         0,    455.96,    800.53,   9216.13
   17,    1,     24.79,         0,         0,         0,      0.48,         0,         0,         0,      5.69,      8.75,     22.84,         0,         0,     62.55
   17,    2,         0,         0,         0,         0,         0,         0,         0,         0,      0.38,      0.17,      0.46,         0,         0,      1.01
   17,    3,         0,         0,         0,         0,         0,         0,         0,         0,         0,         0,         0,         0,         0,         0
   17,    4,    160.77,         0,      0.16,     71.17,    151.91,         0,         0,         0,    141.60,    109.37,     67.76,         0,         0,    702.74
   17,    5,    260.76,     78.00,      0.73,    177.37,    252.98,         0,         0,         0,    186.45,    131.53,     72.72,         0,         0,   1160.54
   17,    6,         0,         0,         0,         0,         0,         0,         0,         0,         0,         0,         0,         0,         0,         0
   17,    7,         0,         0,         0,         0,         0,         0,         0,         0,      0.01,         0,         0,         0,         0,      0.01
   17,    8,    695.11,      9.00,      7.39,    382.08,    714.53,         0,         0,         0,    460.80,     54.45,      3.29,         0,         0,   2326.65
   17,    9,   2056.02,         0,     32.93,   1180.31,   1851.64,         0,         0,         0,    598.82,     78.10,      8.35,         0,         0,   5806.17
   17,   10,         0,         0,         0,      0.89,      0.09,         0,         0,         0,         0,         0,         0,         0,         0,      0.98
   17,   11,   3602.75,         0,     22.86,   1699.28,   1095.27,         0,         0,         0,    393.54,    302.24,     22.11,         0,         0,   7138.05
   17,   12,  19358.31,    836.00,    441.50,  19095.96,  11624.13,         0,         0,         0,   2761.51,   1628.30,    112.52,         0,         0,  55858.23
   17,   13,   5883.51,     32.00,      1.52,   4910.25,   2475.45,         0,         0,         0,    548.91,    276.01,     19.23,         0,         0,  14146.88
   17,   14,  32148.87,   2632.00,   2450.72,  56436.86,  28713.89,         0,         0,         0,   4996.92,   2172.20,    107.91,         0,         0, 129659.37
   17,   15,   1249.19,         0,    139.06,   1334.66,   1755.36,         0,         0,         0,    434.56,    272.85,      9.54,         0,         0,   5195.22
   17,   16,  21790.06,    248.00,   3207.28,  59372.24,  34773.60,         0,         0,         0,   6266.13,   2902.29,    202.37,         0,         0, 128761.97
   17,   17,  41598.41,         0,  36454.60, 289380.07, 119569.02,         0,         0,         0,  33183.00,   5160.44,    347.78,         0,         0, 525693.32
   17,   18,    334.38,         0,      0.01,    628.46,    369.69,         0,         0,         0,    135.69,     10.41,      0.19,         0,         0,   1478.83
   17,   19,     64.73,         0,     13.41,     48.63,    178.27,         0,         0,         0,     51.14,     14.08,      0.08,         0,         0,    370.34
   17,   20,   5104.66,    135.00,    448.27,   5299.36,   6643.13,         0,         0,         0,   1566.32,    475.25,     17.34,         0,         0,  19689.33
   17,   21,   1746.92,   1158.00,     33.87,   1658.66,   2378.08,         0,         0,         0,    729.67,    273.16,      7.10,         0,         0,   7985.46
   17,   22,    304.93,         0,      6.12,    156.40,    447.72,         0,         0,         0,    205.95,     78.73,      1.01,         0,         0,   1200.86
   17,   23,      2.28,         0,      0.01,      0.62,      1.68,         0,         0,         0,      0.52,      0.08,         0,         0,         0,      5.19
   17,   24,         0,         0,         0,      5.40,      1.35,         0,         0,         0,      6.00,      0.06,         0,         0,         0,     12.81
   17,   25,      4.27,         0,         0,     23.04,     21.95,         0,         0,         0,      8.75,      2.11,         0,         0,         0,     60.12
   17,   26,         0,         0,         0,         0,         0,         0,         0,         0,      0.24,         0,         0,         0,         0,      0.24
   17,   27,         0,         0,         0,         0,         0,   6672.83,         0,         0,         0,         0,         0,    384.58,    438.98,   7496.39
   18,    1,      0.12,         0,         0,         0,         0,         0,         0,         0,      0.02,         0,      0.03,         0,         0,      0.17
   18,    2,         0,         0,         0,         0,         0,         0,         0,         0,         0,         0,         0,         0,         0,         0
   18,    3,         0,         0,         0,         0,         0,         0,         0,         0,         0,         0,         0,         0,         0,         0
   18,    4,      0.81,         0,         0,      0.01,      2.14,         0,         0,         0,      2.34,      0.68,      0.08,         0,         0,      6.06
   18,    5,      1.37,         0,         0,      0.52,      5.31,         0,         0,         0,      3.87,      1.00,      0.13,         0,         0,     12.20
   18,    6,         0,         0,         0,         0,         0,         0,         0,         0,         0,         0,         0,         0,         0,         0
   18,    7,         0,         0,         0,         0,         0,         0,         0,         0,         0,         0,         0,         0,         0,         0
   18,    8,      4.37,         0,      0.13,      3.10,     26.42,         0,         0,         0,     11.69,      0.48,         0,         0,         0,     46.19
   18,    9,     12.53,         0,      1.33,      9.21,     51.36,         0,         0,         0,     15.03,      0.63,         0,         0,         0,     90.09
   18,   10,         0,         0,         0,         0,         0,         0,         0,         0,         0,         0,         0,         0,         0,         0
   18,   11,     19.96,         0,      0.74,     12.51,     28.44,         0,         0,         0,      9.84,      2.80,      0.05,         0,         0,     74.34
   18,   12,     95.72,         0,      7.62,    197.08,    256.50,         0,         0,         0,     78.97,     12.16,      0.14,         0,         0,    648.19
   18,   13,     32.84,         0,      0.09,     40.20,     76.41,         0,         0,         0,     21.02,      2.13,         0,         0,         0,    172.69
   18,   14,    187.96,     19.00,     27.38,    265.84,    615.76,         0,         0,         0,    266.14,     11.72,      0.04,         0,         0,   1393.84
   18,   15,      3.55,         0,      1.57,      2.78,     30.65,         0,         0,         0,      6.17,      1.96,         0,         0,         0,     46.68
   18,   16,     52.30,         0,      9.36,     49.96,    285.97,         0,         0,         0,     67.33,      8.96,      0.10,         0,         0,    473.98
   18,   17,     93.95,         0,     34.42,    190.13,    490.13,         0,         0,         0,    254.85,     10.32,      0.19,         0,         0,   1073.99
   18,   18,     97.34,         0,     13.08,   1055.98,   3256.42,         0,         0,         0,   2196.20,      8.53,      0.16,         0,         0,   6627.71
   18,   19,      0.14,         0,      0.07,      0.01,      3.34,         0,         0,         0,      1.01,      0.23,         0,         0,         0,      4.80
   18,   20,     11.52,         0,      2.88,      7.19,    103.29,         0,         0,         0,     24.30,      6.50,         0,         0,         0,    155.68
   18,   21,      4.47,     58.00,      0.10,      6.21,     49.64,         0,         0,         0,     15.95,      4.35,         0,         0,         0,    138.72
   18,   22,      0.62,         0,         0,      0.14,      9.50,         0,         0,         0,      4.33,      1.21,         0,         0,         0,     15.80
   18,   23,         0,         0,         0,         0,         0,         0,         0,         0,         0,         0,         0,         0,         0,         0
   18,   24,         0,         0,         0,         0,      0.02,         0,         0,         0,         0,         0,         0,         0,         0,      0.02
   18,   25,      0.01,         0,         0,      0.06,      0.38,         0,         0,         0,      0.14,      0.03,         0,         0,         0,      0.62
   18,   26,         0,         0,         0,         0,         0,         0,         0,         0,         0,         0,         0,         0,         0,         0
   18,   27,         0,         0,         0,         0,         0,     19.14,         0,         0,         0,         0,         0,      1.32,      1.44,     21.90
   19,    1,      6.14,         0,         0,         0,         0,         0,         0,         0,         0,         0,      0.14,         0,         0,      6.28
   19,    2,         0,         0,         0,         0,         0,         0,         0,         0,         0,         0,         0,         0,         0,         0
   19,    3,         0,         0,         0,         0,         0,         0,         0,         0,         0,         0,         0,         0,         0,         0
   19,    4,     28.26,         0,         0,      0.21,         0,         0,         0,         0,      0.01,      0.33,      0.98,         0,         0,     29.79
   19,    5,     42.75,         0,         0,      2.69,         0,         0,         0,         0,      0.16,      1.56,      0.68,         0,         0,     47.84
   19,    6,         0,         0,         0,         0,         0,         0,         0,         0,         0,         0,         0,         0,         0,         0
   19,    7,         0,         0,         0,         0,         0,         0,         0,         0,         0,         0,         0,         0,         0,         0
   19,    8,    100.38,         0,         0,     71.68,      1.88,         0,         0,         0,      4.38,      1.74,      0.01,         0,         0,    180.07
   19,    9,    209.27,         0,      0.76,    443.53,     27.44,         0,         0,         0,     13.54,      6.33,         0,         0,         0,    700.87
   19,   10,         0,         0,         0,      0.05,         0,         0,         0,         0,         0,         0,         0,         0,         0,      0.05
   19,   11,    396.33,         0,      1.81,    612.91,     23.78,         0,         0,         0,     13.31,      4.44,      0.19,         0,         0,   1052.77
   19,   12,   1455.01,         0,     11.12,   2473.97,    147.63,         0,         0,         0,     58.47,     18.41,      0.63,         0,         0,   4165.24
   19,   13,    448.80,         0,      0.02,   1105.43,     35.76,         0,         0,         0,     12.86,      2.56,         0,         0,         0,   1605.43
   19,   14,   1582.42,         0,      6.33,   3504.10,    177.84,         0,         0,         0,     47.80,     12.16,      0.07,         0,         0,   5330.72
   19,   15,    344.75,         0,     38.61,    592.34,     97.17,         0,         0,         0,     19.18,      4.13,      0.13,         0,         0,   1096.31
   19,   16,   2525.01,      9.00,    144.14,   4282.08,    459.12,         0,         0,         0,     88.97,     22.02,      0.63,         0,         0,   7530.97
   19,   17,   1381.71,         0,     55.45,   3051.15,    273.70,         0,         0,         0,     58.64,     13.26,      0.21,         0,         0,   4834.12
   19,   18,     15.54,         0,         0,     99.45,      4.02,         0,         0,         0,      1.11,      0.23,         0,         0,         0,    120.35
   19,   19,   3197.44,         0,  12886.22,  40025.85,   5249.81,         0,         0,         0,  20068.41,    533.59,      5.09,         0,         0,  81966.41
   19,   20,   6879.29,     25.00,   1832.36,  25551.92,   2598.68,         0,         0,         0,    575.51,    389.95,      1.02,         0,         0,  37853.73
   19,   21,   2305.01,    531.00,     48.62,   3972.86,    411.00,         0,         0,         0,     82.45,    150.82,      0.43,         0,         0,   7502.19
   19,   22,    411.55,         0,      6.68,    660.77,     64.61,         0,         0,         0,     17.17,     54.50,      0.12,         0,         0,   1215.40
   19,   23,     11.27,         0,      0.11,      6.31,      0.91,         0,         0,         0,     19.14,      0.38,         0,         0,         0,     38.12
   19,   24,         0,         0,         0,      2.73,      0.04,         0,         0,         0,      3.35,         0,         0,         0,         0,      6.12
   19,   25,      7.07,         0,         0,    163.24,      3.40,         0,         0,         0,      0.91,      1.36,         0,         0,         0,    175.98
   19,   26,         0,         0,         0,         0,         0,         0,         0,         0,     98.32,         0,         0,         0,         0,     98.32
   19,   27,         0,         0,         0,         0,         0,    377.37,         0,         0,         0,         0,         0,      8.44,     67.32,    453.13
   20,    1,     33.58,         0,         0,         0,         0,         0,         0,         0,      0.06,      0.64,     14.02,         0,         0,     48.30
   20,    2,         0,         0,         0,         0,         0,         0,         0,         0,         0,         0,      0.04,         0,         0,      0.04
   20,    3,         0,         0,         0,         0,         0,         0,         0,         0,         0,         0,         0,         0,         0,         0
   20,    4,    174.84,         0,         0,     29.57,     12.37,         0,         0,         0,     33.82,    113.81,     68.55,         0,         0,    432.96
   20,    5,    285.37,     61.00,      0.01,    129.24,     43.90,         0,         0,         0,     68.75,    164.24,     57.43,         0,         0,    809.94
   20,    6,         0,         0,         0,         0,         0,         0,         0,         0,         0,         0,         0,         0,         0,         0
   20,    7,         0,         0,         0,         0,         0,         0,         0,         0,         0,         0,         0,         0,         0,         0
   20,    8,    677.28,      6.00,      0.98,    625.07,    319.04,         0,         0,         0,    268.96,    123.66,      0.57,         0,         0,   2021.56
   20,    9,   1547.10,         0,      6.43,   1362.82,    688.58,         0,         0,         0,    358.42,    181.10,      1.05,         0,         0,   4145.50
   20,   10,         0,         0,         0,      1.11,         0,         0,         0,         0,         0,         0,         0,         0,         0,      1.11
   20,   11,   2507.23,         0,      6.71,   1739.83,    440.67,         0,         0,         0,    246.36,    107.04,     12.90,         0,         0,   5060.74
   20,   12,  10955.29,    232.00,     90.35,  11454.15,   3700.54,         0,         0,         0,   1264.09,    490.82,     46.50,         0,         0,  28233.74
   20,   13,   3760.41,     46.00,      0.49,   3689.88,    935.15,         0,         0,         0,    304.17,     85.54,      2.66,         0,         0,   8824.30
   20,   14,  12457.81,   1061.00,    104.37,  13940.69,   4961.06,         0,         0,         0,   1235.57,    407.07,     11.12,         0,         0,  34178.69
   20,   15,   1804.60,         0,    176.31,   2693.82,   1570.04,         0,         0,         0,    354.82,    102.05,      4.06,         0,         0,   6705.70
   20,   16,  18358.81,    151.00,   1022.04,  23828.94,   9879.43,         0,         0,         0,   2000.76,    584.15,     38.48,         0,         0,  55863.61
   20,   17,  12713.04,         0,    634.66,  21564.43,   7868.70,         0,         0,         0,   1632.03,    426.88,     20.34,         0,         0,  44860.08
   20,   18,    115.13,         0,         0,    171.57,     95.31,         0,         0,         0,     26.03,      5.54,         0,         0,         0,    413.58
   20,   19,   1528.82,         0,   3316.20,   9021.98,   2256.68,         0,         0,         0,    559.30,    371.77,      0.93,         0,         0,  17055.68
   20,   20,  89212.78,    299.00,  93606.13, 539153.71, 187505.33,         0,         0,         0,  61956.13,  20980.34,    383.14,         0,         0, 993096.56
   20,   21,  27166.35,   6802.00,   1780.24,  52039.16,  23021.21,         0,         0,         0,   4094.04,   4748.04,     72.15,         0,         0, 119723.19
   20,   22,   3882.87,         0,    145.42,   2885.61,   2995.29,         0,         0,         0,    693.14,   1421.66,     10.87,         0,         0,  12034.86
   20,   23,     52.60,         0,      0.22,     26.07,     16.52,         0,         0,         0,     15.58,      8.64,         0,         0,         0,    119.63
   20,   24,         0,         0,         0,     81.83,     10.44,         0,         0,         0,     66.77,      0.95,         0,         0,         0,    159.99
   20,   25,     70.63,         0,         0,    328.40,    145.28,         0,         0,         0,     45.47,     37.61,      0.01,         0,         0,    627.40
   20,   26,         0,         0,         0,      0.05,         0,         0,         0,         0,     26.27,         0,         0,         0,         0,     26.32
   20,   27,         0,         0,         0,         0,         0,   4928.17,         0,         0,         0,         0,         0,    611.66,    700.83,   6240.66
   21,    1,     11.22,         0,         0,         0,         0,         0,         0,         0,         0,         0,      3.43,         0,         0,     14.65
   21,    2,         0,         0,         0,         0,         0,         0,         0,         0,         0,         0,         0,         0,         0,         0
   21,    3,         0,         0,         0,         0,         0,         0,         0,         0,         0,         0,         0,         0,         0,         0
   21,    4,     50.21,         0,         0,         0,      0.03,         0,         0,         0,      5.17,     15.25,     49.23,         0,         0,    119.89
   21,    5,     91.40,     20.00,         0,      0.59,      0.19,         0,         0,         0,     15.40,     35.78,     45.49,         0,         0,    208.85
   21,    6,         0,         0,         0,         0,         0,         0,         0,         0,         0,         0,         0,         0,         0,         0
   21,    7,         0,         0,         0,         0,         0,         0,         0,         0,         0,         0,         0,         0,         0,         0
   21,    8,    198.13,      2.00,         0,     40.46,     41.25,         0,         0,         0,    111.53,     46.78,      0.46,         0,         0,    440.61
   21,    9,    412.61,         0,      0.84,    236.56,    356.45,         0,         0,         0,    235.11,    103.54,      0.71,         0,         0,   1345.82
   21,   10,         0,         0,         0,         0,         0,         0,         0,         0,         0,         0,         0,         0,         0,         0
   21,   11,    577.75,         0,      0.44,    291.23,    209.81,         0,         0,         0,    161.57,     68.32,      7.83,         0,         0,   1316.95
   21,   12,   2545.56,    111.00,      9.31,   2793.44,   1503.83,         0,         0,         0,    812.46,    301.68,     29.57,         0,         0,   8106.85
   21,   13,   1056.82,     63.00,         0,    599.91,    426.70,         0,         0,         0,    207.11,     52.61,      1.46,         0,         0,   2407.61
   21,   14,   3075.50,    531.00,      7.51,   2118.32,   2092.28,         0,         0,         0,    776.81,    238.07,      7.92,         0,         0,   8847.41
   21,   15,    264.78,         0,     24.68,    207.65,    497.17,         0,         0,         0,    168.78,     54.71,      2.48,         0,         0,   1220.25
   21,   16,   3047.56,     24.00,    122.78,   1986.76,   3328.94,         0,         0,         0,    985.50,    304.15,     19.42,         0,         0,   9819.11
   21,   17,   2385.65,         0,     95.14,   1998.12,   2855.43,         0,         0,         0,    822.59,    226.20,     10.55,         0,         0,   8393.68
   21,   18,     26.73,         0,         0,     22.15,     47.35,         0,         0,         0,     17.58,      3.42,         0,         0,         0,    117.23
   21,   19,    137.08,         0,     35.96,     79.93,    329.61,         0,         0,         0,     83.20,    128.98,      0.41,         0,         0,    795.17
   21,   20,  18458.92,    113.00,   4068.81,  26498.17,  22979.30,         0,         0,         0,   4404.29,   4471.54,     77.38,         0,         0,  81071.41
   21,   21,  95363.97,  39371.00,  54241.71, 457675.85, 229137.68,         0,         0,         0,  43234.86,  22135.67,    364.86,         0,         0, 941525.60
   21,   22,   9345.18,         0,   1927.01,   9673.25,  12652.00,         0,         0,         0,   2347.96,   2532.05,     31.75,         0,         0,  38509.20
   21,   23,     20.24,         0,      0.76,      4.00,     30.67,         0,         0,         0,      6.07,     10.78,         0,         0,         0,     72.52
   21,   24,         0,         0,         0,      1.83,      0.94,         0,         0,         0,     88.76,      0.17,         0,         0,         0,     91.70
   21,   25,    125.87,         0,         0,    356.06,    363.62,         0,         0,         0,    169.35,     50.88,      0.01,         0,         0,   1065.79
   21,   26,         0,         0,         0,         0,      0.02,         0,         0,         0,      0.12,         0,         0,         0,         0,      0.14
   21,   27,         0,         0,         0,         0,         0,   5606.72,         0,         0,         0,         0,         0,    933.69,    972.38,   7512.79
   22,    1,     16.57,         0,         0,         0,         0,         0,         0,         0,         0,         0,      1.62,         0,         0,     18.19
   22,    2,         0,         0,         0,         0,         0,         0,         0,         0,         0,         0,         0,         0,         0,         0
   22,    3,         0,         0,         0,         0,         0,         0,         0,         0,         0,         0,         0,         0,         0,         0
   22,    4,     65.86,         0,         0,         0,         0,         0,         0,         0,      0.12,      0.03,     17.12,         0,         0,     83.13
   22,    5,     99.60,     98.00,         0,         0,         0,         0,         0,         0,      0.77,      0.39,     16.74,         0,         0,    215.50
   22,    6,         0,         0,         0,         0,         0,         0,         0,         0,         0,         0,         0,         0,         0,         0
   22,    7,         0,         0,         0,         0,         0,         0,         0,         0,         0,         0,         0,         0,         0,         0
   22,    8,    231.00,     15.00,         0,         0,      0.01,         0,         0,         0,      9.25,      3.54,      0.08,         0,         0,    258.88
   22,    9,    389.99,         0,         0,    102.39,     46.66,         0,         0,         0,     49.34,     24.99,      0.07,         0,         0,    613.44
   22,   10,         0,         0,         0,         0,         0,         0,         0,         0,         0,         0,         0,         0,         0,         0
   22,   11,    510.60,         0,         0,    203.24,     40.01,         0,         0,         0,     47.09,     21.88,      3.77,         0,         0,    826.59
   22,   12,   2106.01,         0,      0.08,   2008.59,    401.34,         0,         0,         0,    265.13,    100.71,     12.76,         0,         0,   4894.62
   22,   13,    949.23,      3.00,         0,    640.41,    108.20,         0,         0,         0,     62.03,     13.88,      0.31,         0,         0,   1777.06
   22,   14,   2542.65,    202.00,      0.04,   2193.00,    529.12,         0,         0,         0,    223.20,     70.70,      2.99,         0,         0,   5763.70
   22,   15,    178.80,         0,      2.79,    210.02,    118.34,         0,         0,         0,     48.56,     17.11,      0.73,         0,         0,    576.35
   22,   16,   2082.77,         0,     13.72,   1750.00,    833.92,         0,         0,         0,    325.79,     92.34,      5.98,         0,         0,   5104.52
   22,   17,   1632.69,         0,      4.05,   1799.62,    713.81,         0,         0,         0,    269.81,     65.87,      2.47,         0,         0,   4488.32
   22,   18,     16.07,         0,         0,     17.32,     11.22,         0,         0,         0,      5.42,      0.94,         0,         0,         0,     50.97
   22,   19,     80.36,         0,      3.98,     53.25,     64.22,         0,         0,         0,     20.10,     47.84,      0.19,         0,         0,    269.94
   22,   20,   8236.55,         0,    167.64,   4755.67,   3743.54,         0,         0,         0,    795.19,   1384.63,     14.13,         0,         0,  19097.35
   22,   21,  28809.05,   3478.00,    434.91,  37953.79,  15160.09,         0,         0,         0,   2261.33,   2658.54,     36.62,         0,         0,  90792.33
   22,   22,  53422.13,         0,  50872.08, 313568.29, 106999.41,         0,         0,         0,  50189.20,  10535.78,    231.49,         0,         0, 585818.38
   22,   23,    261.62,         0,     42.27,    258.48,    111.94,         0,         0,         0,     19.07,     15.88,         0,         0,         0,    709.26
   22,   24,         0,         0,         0,      0.76,      0.07,         0,         0,         0,     14.60,      0.01,         0,         0,         0,     15.44
   22,   25,     58.44,         0,         0,    888.03,    254.08,         0,         0,         0,    145.22,     31.48,         0,         0,         0,   1377.25
   22,   26,         0,         0,         0,      1.03,      0.05,         0,         0,         0,      1.96,         0,         0,         0,         0,      3.04
   22,   27,         0,         0,         0,         0,         0,   6037.00,         0,         0,         0,         0,         0,    422.47,    923.01,   7382.48
   23,    1,      0.40,         0,         0,         0,         0,         0,         0,         0,         0,         0,         0,         0,         0,      0.40
   23,    2,         0,         0,         0,         0,         0,         0,         0,         0,         0,         0,         0,         0,         0,         0
   23,    3,         0,         0,         0,         0,         0,         0,         0,         0,         0,         0,         0,         0,         0,         0
   23,    4,      1.24,         0,         0,         0,         0,         0,         0,         0,         0,         0,         0,         0,         0,      1.24
   23,    5,      1.59,         0,         0,         0,         0,         0,         0,         0,         0,         0,         0,         0,         0,      1.59
   23,    6,         0,         0,         0,         0,         0,         0,         0,         0,         0,         0,         0,         0,         0,         0
   23,    7,         0,         0,         0,         0,         0,         0,         0,         0,         0,         0,         0,         0,         0,         0
   23,    8,      3.93,         0,         0,         0,         0,         0,         0,         0,         0,         0,         0,         0,         0,      3.93
   23,    9,      6.03,         0,         0,      0.43,         0,         0,         0,         0,         0,         0,         0,         0,         0,      6.46
   23,   10,         0,         0,         0,         0,         0,         0,         0,         0,         0,         0,         0,         0,         0,         0
   23,   11,      8.20,         0,         0,      2.92,      0.02,         0,         0,         0,         0,         0,         0,         0,         0,     11.14
   23,   12,     29.99,         0,      0.04,     39.23,      0.43,         0,         0,         0,      0.17,      0.01,         0,         0,         0,     69.87
   23,   13,     11.89,      1.00,         0,      4.84,      0.02,         0,         0,         0,         0,         0,         0,         0,         0,     17.75
   23,   14,     36.23,         0,         0,     41.04,      0.49,         0,         0,         0,      0.14,      0.02,         0,         0,         0,     77.92
   23,   15,      2.91,         0,      0.68,     17.47,      1.24,         0,         0,         0,      0.12,      0.02,         0,         0,         0,     22.44
   23,   16,     26.69,         0,      1.86,    134.59,      7.85,         0,         0,         0,      1.23,      0.14,         0,         0,         0,    172.36
   23,   17,     19.65,         0,      0.43,    106.87,      4.28,         0,         0,         0,      0.77,      0.06,         0,         0,         0,    132.06
   23,   18,      0.22,         0,         0,      0.25,      0.01,         0,         0,         0,         0,         0,         0,         0,         0,      0.48
   23,   19,      2.52,         0,      2.61,      6.73,      1.22,         0,         0,         0,     12.13,      0.34,         0,         0,         0,     25.55
   23,   20,     80.37,         0,     15.93,    266.46,     29.42,         0,         0,         0,     55.90,      8.43,         0,         0,         0,    456.51
   23,   21,    193.27,     12.00,     10.78,    568.81,     53.74,         0,         0,         0,      6.64,     11.89,         0,         0,         0,    857.13
   23,   22,    371.13,         0,    326.47,   1022.53,    138.72,         0,         0,         0,    120.84,     15.84,         0,         0,         0,   1995.53
   23,   23,    226.62,         0,    295.60,   1891.05,    247.41,         0,         0,         0,   1194.16,     10.45,         0,         0,         0,   3865.29
   23,   24,         0,         0,         0,      0.06,         0,         0,         0,         0,      7.44,         0,         0,         0,         0,      7.50
   23,   25,      0.53,         0,         0,     40.30,      3.13,         0,         0,         0,      1.95,      0.24,         0,         0,         0,     46.15
   23,   26,         0,         0,         0,      2.21,      0.11,         0,         0,         0,     48.46,         0,         0,         0,         0,     50.78
   23,   27,         0,         0,         0,         0,         0,     53.07,         0,         0,         0,         0,         0,      1.29,      1.48,     55.84
   24,    1,         0,         0,         0,         0,         0,         0,         0,         0,         0,         0,         0,         0,         0,         0
   24,    2,         0,         0,         0,         0,         0,         0,         0,         0,         0,         0,         0,         0,         0,         0
   24,    3,         0,         0,         0,         0,         0,         0,         0,         0,         0,         0,         0,         0,         0,         0
   24,    4,      0.04,         0,         0,         0,         0,         0,         0,         0,         0,         0,      0.03,         0,         0,      0.07
   24,    5,      0.06,         0,         0,      0.04,         0,         0,         0,         0,         0,         0,      0.02,         0,         0,      0.12
   24,    6,         0,         0,         0,         0,         0,         0,         0,         0,         0,         0,         0,         0,         0,         0
   24,    7,         0,         0,         0,         0,         0,         0,         0,         0,         0,         0,         0,         0,         0,         0
   24,    8,      0.20,         0,         0,      0.19,         0,         0,         0,         0,         0,         0,         0,         0,         0,      0.39
   24,    9,      0.67,         0,      0.01,      0.67,         0,         0,         0,         0,         0,         0,         0,         0,         0,      1.35
   24,   10,         0,         0,         0,         0,         0,         0,         0,         0,         0,         0,         0,         0,         0,         0
   24,   11,      1.07,         0,         0,      0.90,      0.02,         0,         0,         0,         0,      0.04,         0,         0,         0,      2.03
   24,   12,      5.26,         0,      0.10,      6.30,      0.29,         0,         0,         0,      0.06,      0.16,      0.01,         0,         0,     12.18
   24,   13,      1.81,         0,         0,      2.53,      0.05,         0,         0,         0,         0,      0.01,         0,         0,         0,      4.40
   24,   14,      6.06,         0,      0.18,      9.77,      0.36,         0,         0,         0,      0.12,      0.09,         0,         0,         0,     16.58
   24,   15,      0.62,         0,      0.18,      1.31,      0.11,         0,         0,         0,      0.68,      0.06,         0,         0,         0,      2.96
   24,   16,      8.87,         0,      1.26,     16.30,      1.57,         0,         0,         0,      4.31,      0.13,         0,         0,         0,     32.44
   24,   17,      7.20,         0,      0.91,     21.04,      1.65,         0,         0,         0,      6.63,      0.06,         0,         0,         0,     37.49
   24,   18,      0.05,         0,         0,      0.08,      0.02,         0,         0,         0,         0,         0,         0,         0,         0,      0.15
   24,   19,      0.13,         0,      0.12,      0.30,      0.01,         0,         0,         0,      2.37,         0,         0,         0,         0,      2.93
   24,   20,     17.98,         0,     17.99,    110.15,     10.05,         0,         0,         0,     99.77,      1.02,         0,         0,         0,    256.96
   24,   21,      4.22,         0,      0.28,      8.20,      0.89,         0,         0,         0,     83.43,      0.19,         0,         0,         0,     97.21
   24,   22,      0.61,         0,      0.05,      0.44,      0.05,         0,         0,         0,     54.41,      0.01,         0,         0,         0,     55.57
   24,   23,         0,         0,         0,         0,         0,         0,         0,         0,      1.59,         0,         0,         0,         0,      1.59
   24,   24,         0,         0,         0,      1.68,      0.07,         0,         0,         0,    199.65,      0.01,         0,         0,         0,    201.41
   24,   25,      0.01,         0,         0,      0.08,      0.01,         0,         0,         0,      1.26,         0,         0,         0,         0,      1.36
   24,   26,         0,         0,         0,         0,         0,         0,         0,         0,      0.33,         0,         0,         0,         0,      0.33
   24,   27,         0,         0,         0,         0,         0,      1.08,         0,         0,         0,         0,         0,      0.20,         0,      1.28
   25,    1,      0.52,         0,         0,         0,         0,         0,         0,         0,         0,         0,         0,         0,         0,      0.52
   25,    2,         0,         0,         0,         0,         0,         0,         0,         0,         0,         0,         0,         0,         0,         0
   25,    3,         0,         0,         0,         0,         0,         0,         0,         0,         0,         0,         0,         0,         0,         0
   25,    4,      1.69,         0,         0,         0,         0,         0,         0,         0,         0,         0,      0.03,         0,         0,      1.72
   25,    5,      2.16,         0,         0,         0,         0,         0,         0,         0,      0.01,         0,      0.04,         0,         0,      2.21
   25,    6,         0,         0,         0,         0,         0,         0,         0,         0,         0,         0,         0,         0,         0,         0
   25,    7,         0,         0,         0,         0,         0,         0,         0,         0,         0,         0,         0,         0,         0,         0
   25,    8,      5.47,         0,         0,         0,         0,         0,         0,         0,      0.18,      0.01,         0,         0,         0,      5.66
   25,    9,      8.67,         0,         0,      0.70,      1.97,         0,         0,         0,      1.72,      0.70,         0,         0,         0,     13.76
   25,   10,         0,         0,         0,         0,         0,         0,         0,         0,         0,         0,         0,         0,         0,         0
   25,   11,     11.93,         0,         0,      2.53,      1.96,         0,         0,         0,      1.35,      0.43,      0.02,         0,         0,     18.22
   25,   12,     45.58,         0,      0.10,     35.30,     20.21,         0,         0,         0,      8.12,      2.12,      0.08,         0,         0,    111.51
   25,   13,     17.85,         0,         0,     10.64,      5.56,         0,         0,         0,      1.99,      0.42,         0,         0,         0,     36.46
   25,   14,     55.78,         0,      0.09,     49.05,     26.93,         0,         0,         0,      7.94,      1.93,      0.02,         0,         0,    141.74
   25,   15,      3.53,         0,      0.83,      9.70,      6.25,         0,         0,         0,      1.99,      0.42,         0,         0,         0,     22.72
   25,   16,     41.05,         0,      3.69,    122.26,     40.87,         0,         0,         0,     11.76,      2.21,      0.03,         0,         0,    221.87
   25,   17,     32.18,         0,      1.66,    118.80,     34.64,         0,         0,         0,     10.15,      1.64,         0,         0,         0,    199.07
   25,   18,      0.35,         0,         0,      0.33,      0.46,         0,         0,         0,      0.15,      0.03,         0,         0,         0,      1.32
   25,   19,      1.47,         0,      1.10,      3.76,      3.55,         0,         0,         0,      0.90,      1.19,         0,         0,         0,     11.97
   25,   20,    149.58,         0,     65.67,    359.13,    187.91,         0,         0,         0,    139.78,     36.86,      0.01,         0,         0,    938.94
   25,   21,    432.71,      2.00,    103.95,   1316.58,    463.59,         0,         0,         0,    224.38,     53.80,      0.01,         0,         0,   2597.02
   25,   22,    490.15,         0,    531.19,   1398.52,    242.76,         0,         0,         0,    548.38,     31.40,         0,         0,         0,   3242.40
   25,   23,      7.51,         0,      3.50,      8.90,      2.21,         0,         0,         0,      0.98,      0.23,         0,         0,         0,     23.33
   25,   24,         0,         0,         0,      0.05,      0.01,         0,         0,         0,      1.97,         0,         0,         0,         0,      2.03
   25,   25,     42.94,         0,         0,   1646.78,    918.80,         0,         0,         0,   3251.15,     18.95,      0.12,         0,         0,   5878.74
   25,   26,         0,         0,         0,      0.07,      0.01,         0,         0,         0,      0.18,         0,         0,         0,         0,      0.26
   25,   27,         0,         0,         0,         0,         0,     59.01,         0,         0,         0,         0,         0,      6.42,      0.79,     66.22
   26,    1,         0,         0,         0,         0,         0,         0,         0,         0,         0,         0,         0,         0,         0,         0
   26,    2,         0,         0,         0,         0,         0,         0,         0,         0,         0,         0,         0,         0,         0,         0
   26,    3,         0,         0,         0,         0,         0,         0,         0,         0,         0,         0,         0,         0,         0,         0
   26,    4,         0,         0,         0,         0,         0,         0,         0,         0,         0,         0,         0,         0,         0,         0
   26,    5,         0,         0,         0,         0,         0,         0,         0,         0,         0,         0,         0,         0,         0,         0
   26,    6,         0,         0,         0,         0,         0,         0,         0,         0,         0,         0,         0,         0,         0,         0
   26,    7,         0,         0,         0,         0,         0,         0,         0,         0,         0,         0,         0,         0,         0,         0
   26,    8,         0,         0,         0,         0,         0,         0,         0,         0,         0,         0,         0,         0,         0,         0
   26,    9,         0,         0,         0,         0,         0,         0,         0,         0,         0,         0,         0,         0,         0,         0
   26,   10,         0,         0,         0,         0,         0,         0,         0,         0,         0,         0,         0,         0,         0,         0
   26,   11,      0.01,         0,         0,         0,         0,         0,         0,         0,         0,         0,         0,         0,         0,      0.01
   26,   12,      0.02,         0,         0,         0,         0,         0,         0,         0,         0,         0,         0,         0,         0,      0.02
   26,   13,         0,         0,         0,         0,         0,         0,         0,         0,         0,         0,         0,         0,         0,         0
   26,   14,      0.04,         0,         0,         0,         0,         0,         0,         0,         0,         0,         0,         0,         0,      0.04
   26,   15,         0,         0,         0,      0.03,         0,         0,         0,         0,      0.31,         0,         0,         0,         0,      0.34
   26,   16,         0,         0,         0,      0.54,         0,         0,         0,         0,      0.83,         0,         0,         0,         0,      1.37
   26,   17,         0,         0,         0,      0.32,         0,         0,         0,         0,      0.14,         0,         0,         0,         0,      0.46
   26,   18,         0,         0,         0,         0,         0,         0,         0,         0,         0,         0,         0,         0,         0,         0
   26,   19,         0,         0,      0.02,         0,         0,         0,         0,         0,    114.27,         0,         0,         0,         0,    114.29
   26,   20,      0.11,         0,      0.22,      1.33,         0,         0,         0,         0,     29.10,         0,         0,         0,         0,     30.76
   26,   21,      0.45,         0,      0.06,      3.62,      0.03,         0,         0,         0,      0.01,         0,         0,         0,         0,      4.17
   26,   22,      0.77,         0,      1.46,      3.26,      0.03,         0,         0,         0,     41.71,         0,         0,         0,         0,     47.23
   26,   23,      0.15,         0,      0.29,      1.38,      0.06,         0,         0,         0,     57.53,         0,         0,         0,         0,     59.41
   26,   24,         0,         0,         0,         0,         0,         0,         0,         0,      0.19,         0,         0,         0,         0,      0.19
   26,   25,         0,         0,         0,      0.15,      0.01,         0,         0,         0,      0.41,         0,         0,         0,         0,      0.57
   26,   26,         0,         0,         0,      0.07,         0,         0,         0,         0,    180.03,         0,         0,         0,         0,    180.10
   26,   27,         0,         0,         0,         0,         0,      0.10,         0,         0,         0,         0,         0,         0,         0,      0.10
   27,    1,   8067.21,         0,         0,         0,         0,         0,  16378.65,         0,         0,         0,         0,    702.28,    230.91,  25378.87
   27,    2,    171.37,         0,         0,         0,         0,         0,    348.20,         0,         0,         0,         0,     11.57,      2.12,    533.24
   27,    3,         0,         0,         0,         0,         0,         0,         0,         0,         0,         0,         0,         0,         0,         0
   27,    4,   2369.02,         0,         0,         0,         0,         0,   5316.02,         0,         0,         0,         0,    910.99,   1273.53,   9869.08
   27,    5,   2477.84,         0,         0,         0,         0,         0,   5679.48,         0,         0,         0,         0,    704.75,    526.60,   9388.03
   27,    6,      0.83,         0,         0,         0,         0,         0,      1.97,         0,         0,         0,         0,      0.10,      0.13,      3.04
   27,    7,         0,         0,         0,         0,         0,         0,      0.01,         0,         0,         0,         0,         0,         0,      0.01
   27,    8,   3065.71,         0,         0,         0,         0,         0,   6457.58,         0,         0,         0,         0,    646.45,    605.28,  10774.01
   27,    9,   1723.41,         0,         0,         0,         0,         0,   2928.24,         0,         0,         0,         0,    327.89,    917.96,   5896.78
   27,   10,      0.14,         0,         0,         0,         0,         0,      0.26,         0,         0,         0,         0,         0,      0.05,      0.45
   27,   11,   2134.37,         0,         0,         0,         0,         0,   3121.35,         0,         0,         0,         0,    321.32,   1286.13,   6862.77
   27,   12,   7566.59,         0,         0,         0,         0,         0,  11245.73,         0,         0,         0,         0,   1263.43,   4101.26,  24174.13
   27,   13,   2348.35,         0,         0,         0,         0,         0,   3504.24,         0,         0,         0,         0,    318.78,    428.03,   6598.85
   27,   14,   9626.93,         0,         0,         0,         0,         0,  14318.10,         0,         0,         0,         0,   1117.79,   1631.44,  26690.87
   27,   15,    340.03,         0,         0,         0,         0,         0,    562.90,         0,         0,         0,         0,     76.77,    270.92,   1249.79
   27,   16,   1940.66,         0,         0,         0,         0,         0,   3363.73,         0,         0,         0,         0,    519.17,   1050.75,   6871.18
   27,   17,   2156.34,         0,         0,         0,         0,         0,   3549.60,         0,         0,         0,         0,    452.50,    654.59,   6810.53
   27,   18,     12.57,         0,         0,         0,         0,         0,     19.59,         0,         0,         0,         0,      1.78,      2.88,     36.81
   27,   19,     15.73,         0,         0,         0,         0,         0,    110.45,         0,         0,         0,         0,     12.85,     90.98,    229.74
   27,   20,    910.43,         0,         0,         0,         0,         0,   4591.73,         0,         0,         0,         0,    730.45,    822.96,   7052.39
   27,   21,   1213.44,         0,         0,         0,         0,         0,   9944.68,         0,         0,         0,         0,   1208.58,   1190.53,  13554.72
   27,   22,   1259.44,         0,         0,         0,         0,         0,  10436.98,         0,         0,         0,         0,    880.51,   1023.42,  13597.03
   27,   23,     11.86,         0,         0,         0,         0,         0,    100.85,         0,         0,         0,         0,      4.50,      2.28,    119.38
   27,   24,      0.10,         0,         0,         0,         0,         0,      0.27,         0,         0,         0,         0,      0.25,      0.03,      0.63
   27,   25,      9.84,         0,         0,         0,         0,         0,     81.50,         0,         0,         0,         0,      6.67,      2.58,    100.49
   27,   26,      0.02,         0,         0,         0,         0,         0,      0.16,         0,         0,         0,         0,         0,         0,      0.17
   27,   27,         0,         0,         0,         0,         0,         0,         0,  16284.00,         0,         0,         0,   1766.00,   4389.00,  22439.00
