Bin,HBW,HBShp,HBOth,HBSch_Pr,HBSch_Sc,NHBW,NHBNW,IX,IX_LT,IX_MD,IX_HV,XI,XI_LT,XI_MD,XI_HV,II_LT_D2D,II_LT_HnS,II_LT_Lcl,II_LT_Reg,II_LT_LHl,II_LT_Unk,II_MD_D2D,II_MD_HnS,II_MD_Lcl,II_MD_Reg,II_MD_LHl,II_MD_Unk,II_HV_D2D,II_HV_HnS,II_HV_Lcl,II_HV_Reg,II_HV_LHl,II_HV_Unk
         0,              0,              0,              0,              0,              0,              0,              0,              0,              0,              0,              0,              0,              0,              0,              0,              0,              0,              0,              0,              0,              0,              0,              0,              0,              0,              0,              0,              0,              0,              0,              0,              0,              0
         1,              0,              0,              0,              0,              0,              0,              0,              0,              0,              0,              0,           0.25,              0,              0,              0,              0,              0,              0,              0,              0,              0,              0,              0,              0,              0,              0,              0,              0,              0,              0,              0,              0,              0
         2,       11135.94,        6451.57,       94168.50,       18373.19,        6146.30,       27496.61,       45905.66,              0,              0,              0,              0,              0,              0,              0,              0,      110936.19,        1571.01,        3411.10,         787.68,         396.83,        1841.84,         160.42,        2149.38,        5043.25,         158.12,          88.92,         487.95,         396.93,         132.99,        2316.81,         125.94,         120.51,         479.09
         3,       15919.56,       16144.19,      204551.72,       30353.60,       11991.86,       19555.55,       47708.39,           0.59,              0,           0.16,           0.03,          25.11,              0,           0.24,           0.02,       72549.48,        1698.65,        4174.79,         798.37,         429.26,        2206.87,         167.62,        3183.67,        2835.89,         184.11,          45.69,         259.59,         497.69,         209.96,         942.54,         114.62,         111.28,         433.19
         4,       38122.94,       57202.35,      421343.56,       69205.23,       33455.03,       41508.57,      144324.35,           1.78,              0,           0.22,           0.04,          69.10,              0,           0.59,           0.36,       79781.97,        3298.12,        7766.19,        1480.47,         687.40,        3490.79,         308.32,        3515.58,        6452.28,         135.27,          51.02,         522.76,         239.87,         272.62,        1125.17,          63.06,          55.04,         263.71
         5,       41712.30,       67908.51,      396298.18,       60015.50,       35186.19,       38397.43,      114516.81,          14.55,              0,           2.01,           0.43,         133.71,              0,           1.17,           0.60,       18787.77,        2703.73,        6707.52,        1173.00,         537.84,        2954.38,          97.76,        2663.59,        6103.43,         142.05,          68.60,         497.76,         124.27,         253.19,        1192.72,          60.70,          53.26,         273.51
         6,       58873.43,       96711.62,      436059.68,       38304.69,       34482.76,       55527.71,      170020.91,         367.57,              0,          10.87,           4.32,         576.87,              0,          18.89,           4.99,       11801.04,        3779.54,        9688.00,        1725.88,         839.13,        3969.95,         122.70,        3108.07,        7422.45,         166.74,          75.55,         636.48,         181.56,         247.16,        1496.18,         106.97,          72.80,         323.44
         7,       65021.43,      101303.20,      432031.73,       26262.59,       41034.97,       57579.51,      162778.78,         341.83,              0,          60.26,           5.58,         349.93,              0,          72.68,          10.55,        9454.63,        4307.63,       10962.81,        1917.63,         959.80,        4370.55,         175.36,        4116.13,        7550.66,         223.81,          79.63,         634.83,         198.51,         144.11,        1310.06,          95.39,          60.44,         245.21
         8,       61581.89,       94681.16,      379217.66,       24165.33,       47129.78,       49202.08,      135518.28,        1665.56,              0,         133.95,           4.25,        1402.73,              0,         122.96,           6.70,        8199.59,        3520.40,        9424.40,        1704.52,         789.59,        3822.13,         202.63,        4543.12,        6489.25,         247.66,          61.38,         524.98,         270.91,         170.47,        1247.30,         123.67,          81.10,         303.97
         9,       66002.91,       88019.99,      329015.59,       23071.33,       37153.97,       49883.25,      126418.95,        1923.82,              0,         128.58,          14.19,        1535.83,              0,         189.81,          21.53,        8033.22,        3554.50,        9901.97,        1789.82,         812.56,        3876.13,         168.79,        4408.12,        5775.15,         232.87,          56.48,         465.12,         255.01,         145.64,        1187.57,         106.57,          71.12,         262.20
        10,       63746.99,       72202.14,      282785.03,       16967.07,       24089.43,       41083.12,      102302.26,        2033.33,              0,         101.81,          18.10,        3022.65,              0,         130.46,          25.35,        7461.64,        3752.46,        9940.20,        1842.33,         848.59,        3858.03,         188.59,        4996.57,        5834.57,         254.38,          64.59,         472.43,         273.38,         129.54,        1131.38,          95.51,          62.66,         233.65
        11,       64211.77,       58911.75,      249594.17,        9764.91,       17367.97,       38087.19,       91895.10,        1362.93,              0,          55.99,           8.94,        4153.28,              0,          85.97,          16.14,        6593.62,        3252.91,        9023.52,        1771.69,         786.08,        3553.04,         168.33,        4826.33,        5294.37,         273.52,          57.17,         430.82,         283.10,         120.68,        1077.34,          89.65,          59.99,         233.19
        12,       65100.32,       45887.93,      211037.18,        5325.53,       14575.26,       35511.91,       76583.03,        1618.77,              0,          53.16,          12.14,        7171.04,              0,          84.02,          23.08,        5996.05,        3105.68,        8102.87,        1629.73,         649.25,        3233.39,         157.24,        4673.51,        4717.91,         272.14,          54.80,         379.88,         323.28,         116.45,        1041.54,          84.91,          57.82,         222.09
        13,       65060.14,       37592.96,      179856.77,        4196.72,       10842.52,       33717.48,       67142.70,        1311.30,              0,         109.94,          27.78,        6057.67,              0,         130.82,          39.32,        5007.92,        2674.50,        7517.69,        1485.21,         595.22,        2917.33,         132.47,        4439.38,        4466.55,         240.02,          51.21,         359.87,         301.76,         107.75,         929.22,          84.05,          56.51,         213.10
        14,       64790.88,       27961.42,      155193.43,        3272.94,        8195.10,       30600.66,       57885.12,        1512.71,              0,         182.78,          37.16,        6550.02,              0,         222.90,          35.47,        4476.06,        2391.26,        6620.74,        1345.30,         499.56,        2579.99,         126.98,        4598.94,        4158.27,         249.57,          44.84,         323.55,         272.16,          94.83,         817.15,          67.42,          45.62,         177.55
        15,       68354.87,       22484.83,      136608.85,        2662.87,        6090.81,       38371.07,       62597.08,        1550.00,              0,         128.59,         137.29,        5135.95,              0,         155.29,         136.18,        3835.03,        2310.31,        6245.93,        1264.26,         483.86,        2421.32,         114.72,        4618.78,        3673.53,         259.58,          39.70,         279.18,         261.53,          92.03,         739.94,          63.61,          42.68,         168.20
        16,       66979.38,       16908.79,      114628.37,        2182.39,        4603.60,       25501.97,       43773.04,        1248.35,              0,         167.01,          41.50,        3625.50,              0,         197.26,          57.19,        3394.03,        1874.77,        5340.83,        1147.91,         458.66,        2153.89,         112.24,        4719.08,        3100.05,         253.47,          31.33,         234.54,         284.18,          80.35,         646.12,          57.25,          38.86,         149.42
        17,       62008.21,       12338.14,       95363.44,        1747.97,        3579.47,       21790.14,       35624.72,        1521.70,              0,          68.47,         122.98,        5845.71,              0,         101.44,         126.05,        2765.69,        1602.16,        4626.47,        1027.70,         373.52,        1850.97,          93.17,        3675.47,        2905.27,         217.66,          33.27,         221.27,         250.47,          66.23,         527.58,          41.38,          27.26,         111.97
        18,       57361.30,        9798.65,       83317.91,        1420.54,        2663.89,       19970.98,       31189.81,        2033.90,              0,         153.04,          38.28,        7397.58,              0,         203.63,          66.25,        2277.74,        1404.12,        4153.43,         933.88,         328.67,        1652.80,          89.30,        3693.20,        2459.28,         211.73,          23.66,         180.13,         278.03,          72.70,         475.57,          48.17,          32.52,         119.94
        19,       54512.15,        7477.08,       73962.26,        1197.74,        2062.36,       18499.35,       27533.12,        1957.37,              0,         260.31,         145.68,        9117.91,              0,         285.01,         170.45,        1920.15,        1281.48,        3805.43,         883.37,         317.35,        1530.91,          84.42,        3455.11,        2174.36,         196.50,          21.61,         156.61,         230.58,          56.58,         405.62,          36.43,          23.37,          88.98
        20,       53148.84,        5914.10,       65689.84,         950.66,        1525.03,       17984.98,       25807.44,        2184.65,              0,         294.02,         143.48,        6021.82,              0,         376.54,         172.59,        1725.99,        1146.62,        3494.14,         799.17,         286.42,        1383.84,          82.45,        3092.55,        1970.79,         177.87,          17.47,         141.74,         188.44,          44.48,         324.14,          27.67,          18.33,          73.97
        21,       50538.53,        4903.80,       57057.17,         778.26,        1244.31,       15755.87,       21085.69,        2625.96,              0,         328.71,         182.22,        6944.63,              0,         318.89,         253.88,        1326.71,         999.62,        3141.99,         756.86,         266.17,        1255.10,          83.24,        2950.03,        1772.75,         164.72,          15.55,         126.77,         171.36,          40.32,         279.40,          24.33,          15.76,          63.76
        22,       46910.79,        3963.78,       54430.56,         659.51,        1017.20,       13992.10,       18429.98,        2681.58,              0,         309.26,         266.32,        6954.40,              0,         342.39,         256.90,        1118.03,         880.87,        2874.35,         702.58,         252.50,        1145.47,          77.65,        2634.49,        1653.45,         146.61,          14.59,         120.98,         159.44,          33.99,         241.02,          21.10,          13.62,          51.71
        23,       43205.87,        3464.19,       46701.55,         573.73,         930.92,       13366.51,       16758.19,        2501.74,              0,         317.62,         351.95,        5455.69,              0,         362.93,         320.14,         968.08,         788.15,        2648.25,         647.95,         232.19,        1048.12,          77.31,        2476.20,        1558.39,         143.72,          12.27,         112.85,         145.78,          28.52,         189.79,          17.72,          11.08,          40.08
        24,       39996.64,        2789.66,       40129.54,         496.88,         775.32,       11605.11,       14060.80,        2578.17,              0,         286.95,         241.85,        5905.47,              0,         344.27,         339.50,         799.88,         696.14,        2432.86,         601.25,         205.52,         952.98,          72.50,        2167.89,        1497.37,         127.94,          11.86,         107.74,         133.36,          25.07,         166.74,          15.77,          10.22,          35.09
        25,       35812.05,        2441.74,       35790.48,         418.13,         692.99,       10206.29,       12241.35,        2994.60,              0,         253.13,         227.48,        6090.80,              0,         310.55,         272.20,         665.49,         622.71,        2227.56,         547.55,         185.04,         859.77,          63.72,        1885.55,        1401.57,         119.64,          11.97,          98.75,         131.38,          23.92,         147.96,          15.81,           9.64,          34.02
        26,       33481.65,        2104.08,       31846.95,         369.15,         658.79,        9728.11,       11280.33,        2281.60,              0,         331.27,         308.95,        4041.77,              0,         375.70,         357.33,         540.47,         572.73,        2129.42,         524.68,         175.16,         816.96,          61.43,        1738.10,        1282.46,         110.07,           9.63,          87.02,         114.39,          25.20,         134.45,          17.57,          10.51,          33.88
        27,       29778.52,        1851.61,       28229.44,         322.36,         620.31,        8935.67,       10033.08,        3053.46,              0,         361.84,         244.18,        4645.62,              0,         387.28,         295.05,         428.36,         532.95,        1992.11,         486.83,         162.44,         751.48,          54.96,        1512.26,        1201.24,          95.17,           8.13,          76.31,         118.07,          24.32,         119.34,          18.74,          11.25,          33.51
        28,       27238.27,        1502.43,       24869.62,         288.75,         568.65,        8064.74,        8559.77,        2489.90,              0,         250.80,         234.30,        2920.58,              0,         260.76,         310.84,         325.33,         481.23,        1845.15,         455.99,         153.34,         688.77,          55.05,        1500.83,        1177.34,          99.94,           8.48,          72.66,          94.65,          19.54,         100.57,          14.63,           8.04,          26.21
        29,       24704.03,        1354.41,       23344.63,         247.89,         517.13,        7612.39,        8098.49,        2646.48,              0,         228.64,         239.45,        2534.72,              0,         311.54,         280.92,         255.22,         470.34,        1827.85,         454.59,         153.13,         670.69,          46.03,        1229.47,        1096.30,          91.08,           6.72,          65.89,          93.18,          22.60,          93.45,          19.56,          10.64,          31.28
        30,       23269.41,        1247.91,       20805.93,         213.99,         497.62,        7101.02,        7227.71,        2428.02,              0,         162.16,         234.75,        2409.59,              0,         228.47,         303.99,         230.26,         452.42,        1739.27,         433.17,         141.09,         623.51,          46.60,        1224.66,        1048.39,          86.83,           6.31,          63.32,          79.54,          21.04,          92.30,          17.79,           8.63,          27.54
        31,       21060.35,        1169.57,       19361.72,         187.83,         457.18,        6650.81,        6727.76,        2189.60,              0,         198.80,         173.76,        2336.57,              0,         258.82,         311.46,         203.21,         413.83,        1614.28,         405.67,         120.08,         569.56,          42.09,        1127.70,        1024.18,          87.96,           6.78,          60.04,          80.39,          23.42,          82.55,          21.66,          10.78,          31.72
        32,       19900.56,         968.13,       17505.65,         170.62,         389.80,        6185.05,        6169.90,        2411.29,              0,         190.39,         133.46,        1615.94,              0,         231.19,         224.54,         163.86,         393.86,        1565.44,         385.17,         129.66,         546.53,          37.30,        1002.36,         930.78,          76.35,           5.97,          50.61,          66.99,          23.61,          82.65,          21.78,          10.81,          30.36
        33,       17928.35,         882.14,       15901.93,         151.96,         383.33,        5700.47,        5712.22,        1877.19,              0,         199.70,         206.06,        1690.93,              0,         231.45,         275.44,         148.81,         350.65,        1452.09,         361.97,         119.55,         491.37,          38.30,         986.13,         886.58,          75.51,           6.10,          47.35,          57.20,          18.00,          76.99,          15.87,           7.76,          25.69
        34,       16245.16,         833.44,       14985.71,         135.26,         348.31,        5157.19,        4892.03,        2271.60,              0,         119.26,         257.94,        1396.51,              0,         202.47,         337.78,          96.60,         316.88,        1340.01,         339.00,         103.86,         445.67,          37.49,         923.06,         846.97,          68.51,           5.08,          43.89,          52.22,          16.48,          79.20,          14.46,           6.67,          24.94
        35,       15452.59,         768.63,       13962.80,         124.04,         314.32,        4562.54,        4380.29,        1712.13,              0,         101.83,         152.91,        1838.95,              0,         151.52,         216.86,          48.76,         288.69,        1230.94,         313.43,         103.11,         415.89,          28.31,         743.61,         796.86,          58.04,           4.62,          41.42,          39.93,          13.79,          69.00,          11.80,           5.13,          19.85
        36,       14298.84,         731.28,       11885.67,         108.77,         288.03,        4284.48,        3976.52,        1795.90,              0,         139.75,         109.07,        1382.65,              0,         163.53,         121.82,          25.13,         260.56,        1164.39,         294.60,         102.24,         389.43,          24.32,         641.86,         714.81,          48.31,           4.24,          36.73,          35.89,          15.31,          79.64,          11.82,           5.50,          19.15
        37,       12506.36,         733.63,       10933.53,          96.86,         215.56,        3914.37,        3631.63,        1690.06,              0,         130.25,         114.17,        1397.77,              0,         181.05,         163.78,           3.29,         251.70,        1105.80,         285.22,          94.49,         374.06,          19.92,         538.30,         657.73,          39.91,           3.75,          32.69,          28.40,          10.27,          62.82,           7.45,           3.37,          13.60
        38,       11312.36,         630.65,        9962.95,          90.07,         212.27,        3640.49,        3356.56,        1923.76,              0,         101.45,          91.38,        1601.56,              0,         158.47,         120.92,           0.80,         232.31,        1038.94,         273.76,          89.36,         351.45,          17.56,         481.05,         634.91,          37.01,           3.94,          31.77,          23.95,           9.43,          56.58,           5.85,           2.55,          11.23
        39,        9872.25,         625.93,        9252.57,          88.66,         192.43,        3371.63,        3012.50,        1512.81,              0,         105.12,          95.46,        1143.52,              0,         157.88,         118.31,           0.16,         213.66,         969.11,         258.26,          82.95,         327.12,          14.39,         400.96,         601.01,          31.01,           4.54,          30.21,          20.80,           8.52,          52.43,           5.80,           2.40,          10.41
        40,        9086.48,         607.25,        8113.20,          78.22,         179.49,        3047.05,        2660.92,        1470.20,              0,         106.00,          92.34,        1249.88,              0,         148.28,         104.82,              0,         208.23,         902.13,         242.63,          74.00,         303.13,          13.07,         382.04,         570.82,          28.05,           3.91,          27.91,          18.42,           7.52,          45.92,           4.91,           2.07,           9.29
        41,        7876.47,         600.83,        7355.87,          75.62,         148.66,        2708.54,        2340.33,        1483.12,              0,         103.10,          66.06,        1134.71,              0,         138.19,          99.20,              0,         197.17,         840.10,         233.68,          68.37,         280.26,          12.80,         381.02,         544.47,          26.54,           3.50,          24.50,          19.68,           8.07,          43.54,           5.58,           2.31,          10.72
        42,        7392.26,         616.78,        7090.25,          70.17,         107.84,        2518.09,        2259.05,        1045.12,              0,          83.75,          80.88,         921.13,              0,         113.02,          97.74,              0,         191.59,         808.33,         232.25,          69.86,         263.09,           9.53,         363.02,         492.44,          24.77,           2.51,          19.42,          18.27,           7.01,          41.56,           5.01,           2.17,           8.51
        43,        6675.97,         613.96,        6026.84,          60.66,          81.54,        2286.69,        1979.21,        1089.13,              0,          64.23,         103.58,         954.17,              0,          83.93,          97.33,              0,         179.05,         763.51,         228.71,          67.08,         240.49,          10.28,         305.97,         455.14,          20.25,           2.45,          16.77,          19.21,           7.42,          38.68,           5.45,           2.60,           9.59
        44,        5979.31,         599.21,        5806.27,          59.98,          67.97,        1987.47,        1753.52,        1242.37,              0,          66.93,         111.85,         957.12,              0,          90.72,         115.81,              0,         173.10,         739.01,         224.58,          65.92,         225.77,          10.78,         322.51,         424.47,          21.51,           1.93,          15.06,          14.98,           5.63,          34.59,           4.40,           2.10,           7.64
        45,        5480.44,         558.53,        5544.16,          63.57,          45.08,        1905.65,        1607.51,        1077.07,              0,          63.17,          57.59,         773.79,              0,          75.65,          67.38,              0,         166.83,         712.70,         217.79,          60.38,         212.26,           9.44,         272.30,         393.48,          18.91,           1.24,          12.09,          18.44,           7.09,          37.01,           5.54,           2.75,           9.16
        46,        5009.07,         550.67,        5038.67,          57.71,          32.64,        1741.05,        1500.70,         795.69,              0,          57.02,          77.53,         772.35,              0,          81.24,          88.67,              0,         166.66,         715.00,         222.65,          61.91,         211.32,          10.43,         293.64,         374.53,          20.81,           1.27,          12.94,          15.82,           6.79,          38.87,           5.33,           2.66,           8.69
        47,        4708.01,         500.44,        4617.58,          52.59,          23.10,        1723.47,        1375.76,         762.10,              0,          50.65,          59.47,         729.73,              0,          74.98,          59.37,              0,         161.07,         690.66,         219.03,          63.83,         203.26,           8.59,         253.10,         357.55,          18.66,           1.40,          12.15,          14.52,           7.16,          43.06,           5.70,           2.92,           8.60
        48,        4366.68,         472.34,        4261.03,          51.72,          16.84,        1499.09,        1261.59,         723.72,              0,          49.82,          25.82,         515.97,              0,          68.78,          40.76,              0,         150.37,         673.87,         212.62,          60.09,         194.24,           9.62,         303.60,         348.06,          22.32,           1.57,          12.24,          14.07,           7.81,          46.78,           6.10,           3.30,           9.51
        49,        3811.77,         431.75,        3963.03,          47.09,          15.49,        1434.89,        1189.80,         749.57,              0,          47.06,          24.55,         429.87,              0,          64.12,          32.57,              0,         151.71,         659.09,         207.66,          60.52,         190.99,           9.19,         270.84,         350.37,          21.43,           1.64,          12.69,          13.74,           9.50,          56.88,           7.25,           4.29,          11.55
        50,        3653.56,         458.37,        4012.06,          35.90,           8.91,        1326.65,        1120.11,         700.17,              0,          54.80,          21.25,         436.89,              0,          64.54,          22.41,              0,         144.06,         645.79,         198.42,          60.44,         184.24,           8.78,         282.48,         347.34,          23.64,           1.70,          12.80,          13.31,          10.14,          58.88,           7.74,           4.77,          12.21
        51,        3336.71,         461.14,        3707.60,          37.91,           5.30,        1260.61,        1012.72,         822.57,              0,          37.27,          26.27,         409.66,              0,          50.77,          26.59,              0,         138.78,         625.97,         202.39,          57.97,         182.53,           8.07,         283.85,         325.01,          25.02,           1.96,          11.99,          13.12,          11.52,          64.91,           8.81,           5.86,          13.11
        52,        3389.14,         458.47,        3382.78,          33.31,           4.02,        1191.31,         941.76,         766.79,              0,          35.44,          18.58,         299.48,              0,          42.61,          18.38,              0,         122.94,         576.90,         182.96,          52.02,         163.93,           7.34,         267.32,         322.02,          23.68,           2.02,          12.05,          12.95,          12.80,          68.67,           9.92,           6.34,          15.09
        53,        3201.70,         433.47,        3204.10,          32.29,           1.30,        1039.17,         904.47,         723.44,              0,          31.77,          27.08,         275.48,              0,          42.82,          25.21,              0,         113.72,         543.80,         169.05,          48.21,         152.84,           7.65,         262.47,         315.63,          23.73,           2.15,          12.26,          15.38,          14.40,          76.30,          12.11,           8.17,          17.86
        54,        3149.05,         430.88,        3240.55,          26.11,           1.46,         992.18,         832.96,         698.13,              0,          41.94,          27.91,         275.22,              0,          47.30,          22.40,              0,         106.80,         516.71,         163.05,          45.05,         146.05,           8.19,         273.55,         318.89,          27.78,           2.97,          15.05,          12.79,          13.15,          75.09,          10.34,           7.34,          16.47
        55,        3001.83,         387.95,        3071.91,          23.91,           0.72,         909.38,         758.22,         722.73,              0,          44.68,          31.89,         196.27,              0,          55.43,          26.39,              0,          98.65,         473.04,         149.76,          38.89,         133.23,           6.05,         233.93,         295.46,          22.03,           2.22,          14.08,          11.11,          15.25,          80.01,          12.57,           8.70,          19.76
        56,        2806.21,         392.13,        2831.67,          21.36,           0.02,         817.28,         695.75,         641.09,              0,          39.03,          43.28,         176.74,              0,          51.51,          29.90,              0,          88.48,         439.19,         136.73,          37.51,         121.69,           6.01,         229.39,         284.12,          20.89,           2.24,          13.39,           9.45,          13.61,          74.66,          11.41,           8.02,          19.14
        57,        2872.55,         391.09,        2542.19,          17.95,           2.50,         790.11,         648.99,         651.77,              0,          35.07,          56.04,         187.55,              0,          43.74,          59.56,              0,          81.00,         415.14,         129.89,          34.75,         113.42,           4.56,         207.30,         265.19,          18.85,           1.80,          12.72,           8.15,          14.13,          74.95,          11.04,           8.28,          18.80
        58,        2695.69,         374.85,        2381.39,          17.77,              0,         710.10,         579.48,         660.68,              0,          41.64,          85.31,         118.13,              0,          48.46,          69.86,              0,          71.40,         373.50,         121.51,          32.02,         103.21,           4.43,         186.71,         252.32,          16.05,           1.53,          13.42,           4.92,          11.84,          69.61,           8.84,           6.75,          16.15
        59,        2554.53,         364.29,        2207.56,          15.41,              0,         667.20,         511.10,         620.34,              0,          46.87,          69.85,          97.84,              0,          49.25,          83.66,              0,          62.10,         336.23,         107.27,          27.75,          92.00,           3.79,         175.27,         241.57,          15.18,           1.58,          11.77,           3.13,          11.79,          67.70,           9.09,           7.23,          16.43
        60,        2356.32,         300.14,        1937.23,          14.15,              0,         583.48,         465.74,         687.27,              0,          42.58,          89.57,          91.15,              0,          57.29,          92.81,              0,          57.96,         310.11,          99.65,          26.45,          85.16,           2.97,         161.02,         221.36,          12.30,           0.81,           9.90,           1.49,          10.53,          66.17,           7.89,           5.96,          14.44
        61,        2106.04,         272.30,        1889.46,          11.06,              0,         595.04,         422.07,         675.95,              0,          49.77,         139.76,          70.60,              0,          54.13,         172.92,              0,          48.48,         280.54,          86.91,          23.21,          74.53,           2.78,         155.66,         211.33,          11.79,           0.65,           9.26,           0.90,           8.14,          58.04,           5.46,           4.40,          11.55
        62,        1965.73,         237.54,        1775.77,           8.19,              0,         509.68,         365.98,         504.43,              0,          38.14,         101.20,          70.18,              0,          53.07,          90.84,              0,          45.26,         263.97,          85.12,          25.14,          72.86,           2.23,         195.43,         199.75,          13.36,           0.70,           9.41,           0.57,           7.61,          53.26,           5.00,           4.01,          11.28
        63,        1858.13,         189.73,        1754.31,           7.01,              0,         459.28,         327.73,         413.04,              0,          44.26,          98.45,          61.82,              0,          54.21,         124.71,              0,          39.51,         233.54,          78.23,          21.72,          65.31,           2.09,         143.01,         178.24,          11.91,           0.72,           8.44,           0.16,           6.35,          48.42,           4.36,           3.44,           9.88
        64,        1769.86,         200.86,        1591.12,           5.27,              0,         423.24,         269.97,         393.21,              0,          46.15,          96.03,          94.30,              0,          47.34,         117.90,              0,          31.13,         210.54,          69.64,          19.10,          56.73,           1.73,         126.24,         167.70,           9.93,           0.69,           7.98,           0.06,           6.50,          49.82,           4.06,           3.34,           9.57
        65,        1682.66,         221.22,        1476.25,           4.30,              0,         370.38,         235.73,         434.54,              0,          38.83,         142.84,         110.84,              0,          48.29,         168.59,              0,          25.25,         184.69,          62.44,          17.55,          50.32,           1.61,         120.57,         154.51,           8.93,           0.60,           8.08,           0.02,           5.51,          45.58,           2.98,           2.78,           9.88
        66,        1557.17,         181.37,        1215.18,           4.21,              0,         306.42,         188.63,         488.97,              0,          38.93,         125.56,         132.51,              0,          40.66,         138.05,              0,          23.11,         163.68,          52.61,          13.17,          42.38,           1.06,         124.26,         160.51,          11.64,           0.98,           8.93,           0.01,           6.13,          44.73,           3.96,           3.69,          11.21
        67,        1441.09,         125.82,        1101.81,           2.29,              0,         266.01,         167.27,         467.67,              0,          50.76,         131.14,         145.84,              0,          54.22,         167.68,              0,          19.11,         146.87,          49.70,          13.26,          39.32,           0.58,         108.21,         142.07,          10.04,           0.81,           8.89,              0,           4.90,          39.49,           3.11,           3.28,          10.17
        68,        1431.89,          85.59,         906.48,           2.00,              0,         284.94,         129.27,         367.75,              0,          44.96,         161.56,         167.52,              0,          54.59,         196.40,              0,          16.38,         132.13,          45.98,          12.18,          34.56,           0.55,          97.58,         139.74,           8.96,           0.80,           9.16,              0,           4.59,          36.82,           2.86,           3.08,           9.83
        69,        1264.10,          65.70,         890.67,           1.37,              0,         200.40,         105.03,         405.48,              0,          54.91,         191.36,         183.70,              0,          53.88,         256.19,              0,          15.58,         118.64,          42.43,          11.10,          32.47,           0.46,          82.26,         129.85,           7.61,           0.62,           9.58,              0,           5.75,          40.22,           3.38,           3.83,          11.81
        70,        1187.91,          62.68,         699.81,           1.14,              0,         191.98,          64.33,         364.47,              0,          36.67,         220.25,         302.45,              0,          53.04,         279.37,              0,           7.93,          90.21,          32.43,           7.00,          22.67,           0.16,          77.35,         117.16,           7.82,           0.87,           8.22,              0,           5.90,          36.62,           3.74,           4.58,          12.98
        71,        1061.33,          50.67,         614.42,           0.72,              0,         115.56,          53.23,         402.61,              0,          32.18,         274.88,         294.22,              0,          44.20,         314.27,              0,           9.39,          85.76,          31.74,           6.61,          23.03,           0.07,          66.65,         107.40,           6.45,           0.66,           7.06,              0,           6.53,          36.41,           4.03,           5.30,          13.27
        72,         921.59,          40.66,         615.24,           0.45,              0,         132.43,          37.92,         334.72,              0,          35.52,         244.61,         340.49,              0,          37.97,         324.77,              0,           5.82,          74.11,          27.26,           6.81,          19.21,           0.08,          58.68,         106.60,           5.84,           0.55,           7.17,              0,           4.65,          33.40,           2.72,           3.88,          10.39
        73,         754.34,          25.47,         544.03,           0.18,              0,         107.84,          29.75,         277.20,              0,          30.36,         217.65,         367.56,              0,          38.61,         342.81,              0,           5.62,          63.72,          25.86,           4.07,          16.19,           0.06,          49.70,         107.14,           4.80,           0.73,           7.78,              0,           4.80,          30.82,           2.30,           3.81,          10.86
        74,         740.79,          22.38,         366.32,           0.24,              0,          82.71,          22.03,         270.84,              0,          29.35,         253.33,         326.65,              0,          39.57,         250.92,              0,           3.45,          57.25,          23.16,           4.00,          13.70,           0.07,          37.52,          95.05,           2.39,           0.67,           7.55,              0,           4.65,          28.18,           2.67,           3.95,          10.79
        75,         612.42,          15.50,         297.44,           0.09,              0,          65.62,          12.33,         224.91,              0,          28.11,         203.28,         222.14,              0,          44.15,         285.10,              0,           1.72,          44.67,          20.19,           3.11,          10.71,           0.04,          38.36,          92.24,           3.07,           0.53,           6.72,              0,           3.91,          26.43,           1.90,           3.30,           8.59
        76,         549.34,           9.52,         240.14,           0.17,              0,          41.78,           4.63,         198.14,              0,          27.50,         266.04,         254.09,              0,          40.07,         300.04,              0,           2.57,          41.28,          19.41,           2.49,          10.47,              0,          26.66,          82.36,           2.01,           0.61,           5.68,              0,           3.45,          23.80,           1.46,           2.56,           7.80
        77,         570.65,           6.95,         171.20,           0.15,              0,          27.28,          29.12,         220.67,              0,          37.39,         217.10,         335.27,              0,          45.68,         335.14,              0,           1.28,          33.28,          15.09,           2.21,           7.28,              0,          24.64,          87.53,           2.14,           0.99,           6.17,              0,           2.88,          20.82,           1.28,           2.18,           6.40
        78,         563.44,           5.33,         142.52,           0.06,              0,          94.48,           1.17,         188.90,              0,          23.33,         250.57,         156.93,              0,          41.38,         259.41,              0,           0.18,          25.23,          15.96,           1.91,           6.22,              0,          19.44,          80.90,           1.05,           0.80,           5.98,              0,           2.45,          17.98,           1.15,           2.01,           6.38
        79,         458.76,           3.54,         105.38,           0.03,              0,          15.31,           1.54,         203.50,              0,          22.94,         261.43,         152.55,              0,          30.44,         353.87,              0,           0.04,          20.22,          13.36,           1.59,           5.07,              0,          26.51,          81.89,           1.55,           0.63,           5.61,              0,           2.47,          14.62,           1.31,           1.96,           5.78
        80,         358.47,           2.31,          67.49,           0.06,              0,           9.37,           0.48,         143.39,              0,          23.55,         277.24,         100.03,              0,          31.81,         306.36,              0,           0.07,          15.27,          12.78,           0.77,           4.38,              0,          19.71,          76.01,           1.75,           0.50,           4.56,              0,           2.33,          14.02,           1.13,           1.80,           5.91
        81,         312.73,           3.01,          49.26,           0.06,              0,           5.56,           1.66,         146.88,              0,          26.29,         132.45,          90.95,              0,          30.89,         212.12,              0,           0.06,          12.33,           9.68,           1.07,           3.04,              0,          16.69,          69.95,           1.22,           0.56,           4.05,              0,           2.67,          14.15,           1.40,           2.23,           6.18
        82,         236.46,           1.87,          34.82,           0.06,              0,           7.77,           0.24,         131.92,              0,          21.25,         129.63,          59.34,              0,          35.59,         180.99,              0,              0,          10.28,           9.25,           0.57,           2.73,              0,          13.18,          63.02,           0.83,           0.56,           3.14,              0,           2.67,          14.54,           1.39,           2.15,           6.25
        83,         217.21,           1.02,          13.76,           0.03,              0,           1.57,           0.11,          98.24,              0,          13.22,         182.05,          55.01,              0,          21.16,         160.54,              0,              0,           5.60,           7.19,           0.24,           1.43,              0,          11.76,          62.69,           0.89,           0.45,           2.97,              0,           3.25,          15.89,           1.59,           2.55,           7.81
        84,         193.65,           0.14,           9.14,           0.01,              0,           0.53,           0.11,         123.27,              0,          11.40,         165.98,          52.46,              0,          20.06,         240.31,              0,              0,           4.01,           6.23,           0.19,           0.98,              0,          11.94,          54.84,           0.88,           0.49,           2.93,              0,           3.20,          12.94,           1.95,           2.99,           7.46
        85,         139.93,           0.13,           7.49,              0,              0,           0.95,           0.21,         114.73,              0,           7.02,          99.40,          27.42,              0,          12.33,         206.60,              0,              0,           2.91,           5.16,           0.21,           0.84,              0,           7.86,          53.38,           0.42,           0.73,           2.62,              0,           2.87,          12.53,           1.99,           2.95,           7.23
        86,         128.97,           0.07,           5.51,              0,              0,           0.08,           0.04,          99.51,              0,           8.75,          49.00,          24.18,              0,          14.59,         105.63,              0,              0,           1.83,           4.23,           0.16,           0.62,              0,           3.77,          44.41,           0.15,           0.48,           1.97,              0,           2.35,          13.25,           1.53,           2.32,           6.07
        87,         101.17,           0.12,           2.10,              0,              0,           0.39,           0.02,          94.07,              0,           6.02,          52.08,          17.41,              0,          10.46,          56.63,              0,              0,           1.30,           3.11,           0.14,           0.48,              0,           2.59,          34.64,           0.09,           0.28,           1.04,              0,           2.71,          14.83,           1.83,           2.73,           7.24
        88,          84.82,           0.02,           2.37,              0,              0,              0,              0,          90.50,              0,          10.60,          59.30,          13.26,              0,          13.75,          70.90,              0,              0,           0.86,           2.57,           0.14,           0.32,              0,           1.69,          33.89,           0.09,           0.24,           1.04,              0,           2.82,          11.83,           2.25,           3.33,           8.51
        89,          75.63,           0.06,           1.01,              0,              0,           0.07,              0,          91.02,              0,           8.69,          43.82,          12.83,              0,          14.22,          68.20,              0,              0,           0.42,           2.02,           0.02,           0.15,              0,           1.30,          26.37,              0,           0.17,           0.49,              0,           2.29,           9.94,           1.88,           2.94,           6.67
        90,          71.10,           0.05,           1.17,              0,              0,              0,              0,          90.37,              0,           6.52,          59.49,          12.04,              0,          11.45,          39.61,              0,              0,           0.39,           1.61,           0.04,           0.24,              0,           0.90,          19.96,              0,           0.10,           0.27,              0,           1.73,           8.88,           1.56,           2.35,           5.41
        91,          42.50,           0.02,           0.44,              0,              0,           0.02,              0,          91.64,              0,           5.46,          27.85,          12.61,              0,           8.25,          46.46,              0,              0,           0.20,           1.10,           0.06,           0.14,              0,           0.52,          15.26,              0,           0.03,           0.16,              0,           1.48,           9.12,           1.43,           2.03,           5.17
        92,          24.63,              0,           0.25,              0,              0,              0,              0,          93.05,              0,           5.88,          21.22,           9.16,              0,           7.88,          34.54,              0,              0,              0,           0.61,              0,           0.02,              0,           0.34,          10.70,           0.02,           0.07,           0.12,              0,           1.67,           9.44,           1.75,           2.58,           6.29
        93,          20.07,              0,           1.24,              0,              0,              0,              0,         101.06,              0,           5.16,          20.10,           7.06,              0,           6.54,          25.30,              0,              0,              0,           0.80,              0,              0,              0,           0.04,           7.66,              0,           0.07,           0.03,              0,           1.26,           7.55,           1.40,           2.03,           4.96
        94,          10.36,              0,           0.19,              0,              0,              0,              0,         104.04,              0,           4.87,          28.88,           7.72,              0,           8.92,          20.67,              0,              0,              0,           0.24,              0,              0,              0,           0.06,           5.33,              0,           0.12,           0.10,              0,           0.64,           6.07,           0.72,           1.25,           3.39
        95,           7.40,              0,           0.11,              0,              0,              0,              0,          85.57,              0,           3.54,          17.59,          13.97,              0,           7.07,          17.95,              0,              0,              0,           0.04,              0,              0,              0,              0,           2.70,              0,           0.03,              0,              0,           1.03,           6.91,           1.33,           1.71,           4.55
        96,           3.67,              0,           1.04,              0,              0,              0,              0,          89.33,              0,           4.74,           9.51,           5.03,              0,           6.89,          18.18,              0,              0,              0,           0.02,              0,              0,              0,           0.03,           2.08,              0,           0.05,           0.02,              0,           0.70,           6.61,           0.96,           1.21,           3.86
        97,           2.76,           0.09,           0.11,              0,              0,              0,              0,          72.69,              0,           5.78,          11.29,          10.98,              0,           6.32,          11.97,              0,              0,              0,           0.04,              0,              0,              0,           0.11,           0.89,              0,           0.04,              0,              0,           0.72,           6.96,           1.19,           1.80,           4.39
        98,           1.77,              0,           0.03,              0,              0,              0,              0,          76.55,              0,           5.18,          12.19,          11.75,              0,           9.40,          10.35,              0,              0,              0,              0,              0,              0,              0,           0.04,           0.54,              0,           0.01,              0,              0,           0.43,           6.14,           0.87,           1.25,           3.50
        99,           0.66,              0,           1.00,              0,              0,              0,              0,         115.08,              0,           7.16,          14.52,          12.37,              0,           8.83,          14.14,              0,              0,              0,              0,              0,              0,              0,              0,           0.59,              0,           0.02,              0,              0,           0.44,           4.90,           1.20,           1.67,           3.84
       100,           0.63,              0,              0,              0,              0,              0,              0,          98.78,              0,           6.32,           8.69,           9.20,              0,           7.76,          11.23,              0,              0,              0,           0.02,              0,              0,              0,              0,           0.11,              0,           0.01,              0,              0,           0.49,           5.95,           1.21,           1.66,           4.51
       101,           0.50,              0,              0,              0,              0,              0,              0,         100.35,              0,           4.62,           9.85,          13.15,              0,           8.26,          13.55,              0,              0,              0,              0,              0,              0,              0,              0,           0.02,              0,              0,              0,              0,           0.35,           4.73,           1.03,           1.48,           4.27
       102,           0.21,              0,              0,              0,              0,              0,              0,         109.63,              0,           7.64,          13.96,          13.52,              0,           8.02,          12.06,              0,              0,              0,              0,              0,              0,              0,              0,           0.02,              0,              0,              0,              0,           0.39,           5.59,           1.61,           2.25,           5.86
       103,           0.49,              0,              0,              0,              0,              0,              0,          96.41,              0,           5.12,          10.68,          10.67,              0,           8.14,          15.49,              0,              0,              0,              0,              0,              0,              0,              0,           0.03,              0,              0,              0,              0,           0.34,           3.44,           1.78,           2.22,           5.06
       104,           0.20,              0,              0,              0,              0,              0,              0,          74.95,              0,           4.21,          19.97,          15.72,              0,           6.64,          19.35,              0,              0,              0,              0,              0,              0,              0,              0,              0,              0,           0.04,              0,              0,           0.12,           2.11,           1.37,           1.80,           3.86
       105,           0.02,              0,              0,              0,              0,              0,              0,          87.66,              0,           3.90,          11.37,          14.88,              0,           6.80,          14.60,              0,              0,              0,              0,              0,              0,              0,              0,              0,              0,              0,              0,              0,           0.02,           1.09,           0.95,           1.19,           2.20
       106,           0.15,              0,              0,              0,              0,              0,              0,          95.08,              0,           5.03,          14.77,           6.36,              0,           6.17,          15.39,              0,              0,              0,              0,              0,              0,              0,              0,              0,              0,              0,              0,              0,           0.05,           0.30,           1.31,           1.61,           2.36
       107,              0,              0,              0,              0,              0,              0,              0,          84.10,              0,           4.06,          21.21,           7.29,              0,           7.40,          13.68,              0,              0,              0,              0,              0,              0,              0,              0,              0,              0,              0,              0,              0,           0.06,           0.09,           1.38,           1.81,           1.67
       108,              0,              0,              0,              0,              0,              0,              0,          86.86,              0,           4.55,          12.55,           8.96,              0,           6.17,          18.78,              0,              0,              0,              0,              0,              0,              0,              0,              0,              0,              0,              0,              0,           0.01,           0.03,           0.68,           0.95,           1.11
       109,              0,              0,              0,              0,              0,              0,              0,          79.58,              0,           3.39,          23.53,           4.05,              0,           5.76,          16.02,              0,              0,              0,              0,              0,              0,              0,              0,              0,              0,              0,              0,              0,           0.01,           0.01,           0.87,           1.02,           0.84
       110,              0,              0,              0,              0,              0,              0,              0,          87.50,              0,           4.98,          18.89,           2.61,              0,           5.45,          18.94,              0,              0,              0,              0,              0,              0,              0,              0,              0,              0,              0,              0,              0,              0,              0,           0.56,           0.69,           0.31
       111,              0,              0,              0,              0,              0,              0,              0,          77.63,              0,           5.62,          30.11,           2.26,              0,           7.08,          18.27,              0,              0,              0,              0,              0,              0,              0,              0,              0,              0,              0,              0,              0,           0.03,           0.01,           0.46,           0.58,           1.28
       112,              0,              0,              0,              0,              0,              0,              0,          67.37,              0,           4.95,          44.64,           2.20,              0,           6.56,          20.48,              0,              0,              0,              0,              0,              0,              0,              0,              0,              0,              0,              0,              0,           0.01,              0,           0.33,           0.44,           0.23
       113,              0,              0,              0,              0,              0,              0,              0,          48.19,              0,           5.85,          48.20,           1.54,              0,           6.35,          34.32,              0,              0,              0,              0,              0,              0,              0,              0,              0,              0,              0,              0,              0,              0,              0,           0.37,           0.47,           0.09
       114,              0,              0,              0,              0,              0,              0,              0,          37.40,              0,           5.24,          65.18,           1.09,              0,           7.23,          42.24,              0,              0,              0,              0,              0,              0,              0,              0,              0,              0,              0,              0,              0,              0,              0,           0.49,           0.60,           0.05
       115,              0,              0,              0,              0,              0,              0,              0,          31.58,              0,           3.96,         175.61,           0.85,              0,           7.12,          53.64,              0,              0,              0,              0,              0,              0,              0,              0,              0,              0,              0,              0,              0,              0,              0,           0.34,           0.47,              0
       116,              0,              0,              0,              0,              0,              0,              0,          28.77,              0,           5.91,         141.67,           0.71,              0,           5.21,         144.37,              0,              0,              0,              0,              0,              0,              0,              0,              0,              0,              0,              0,              0,              0,              0,           0.56,           0.68,              0
       117,              0,              0,              0,              0,              0,              0,              0,          26.83,              0,           4.21,         149.44,           0.36,              0,           7.34,         186.19,              0,              0,              0,              0,              0,              0,              0,              0,              0,              0,              0,              0,              0,              0,              0,           0.22,           0.27,              0
       118,              0,              0,              0,              0,              0,              0,              0,          26.83,              0,           4.23,          89.20,           0.27,              0,           6.12,          82.20,              0,              0,              0,              0,              0,              0,              0,              0,              0,              0,              0,              0,              0,              0,              0,           0.26,           0.27,              0
       119,              0,              0,              0,              0,              0,              0,              0,          25.46,              0,           6.92,          47.66,           0.47,              0,           6.79,          84.75,              0,              0,              0,              0,              0,              0,              0,              0,              0,              0,              0,              0,              0,              0,              0,           0.16,           0.23,              0
       120,              0,              0,              0,              0,              0,              0,              0,          13.58,              0,           4.73,         100.67,           0.35,              0,           8.00,          73.61,              0,              0,              0,              0,              0,              0,              0,              0,              0,              0,              0,              0,              0,              0,              0,           0.43,           0.42,              0
       121,              0,              0,              0,              0,              0,              0,              0,          11.84,              0,           5.54,         110.76,           0.31,              0,           6.16,         159.26,              0,              0,              0,              0,              0,              0,              0,              0,              0,              0,              0,              0,              0,              0,              0,           0.28,           0.25,              0
       122,              0,              0,              0,              0,              0,              0,              0,          16.19,              0,           3.42,          67.39,           0.36,              0,           5.99,          98.30,              0,              0,              0,              0,              0,              0,              0,              0,              0,              0,              0,              0,              0,              0,              0,           0.06,           0.07,              0
       123,              0,              0,              0,              0,              0,              0,              0,          10.24,              0,           2.63,          89.84,           0.24,              0,           4.89,         118.45,              0,              0,              0,              0,              0,              0,              0,              0,              0,              0,              0,              0,              0,              0,              0,           0.01,              0,              0
       124,              0,              0,              0,              0,              0,              0,              0,           9.75,              0,           2.17,         130.94,           0.37,              0,           3.79,         144.59,              0,              0,              0,              0,              0,              0,              0,              0,              0,              0,              0,              0,              0,              0,              0,           0.09,           0.06,              0
       125,              0,              0,           1.00,              0,              0,              0,              0,          11.24,              0,           3.05,         141.32,           0.68,              0,           2.96,         181.82,              0,              0,              0,              0,              0,              0,              0,              0,              0,              0,              0,              0,              0,              0,              0,           0.13,           0.14,              0
       126,              0,              0,              0,              0,              0,              0,              0,          10.37,              0,           3.88,          62.42,           0.25,              0,           4.89,         187.87,              0,              0,              0,              0,              0,              0,              0,              0,              0,              0,              0,              0,              0,              0,              0,           0.07,           0.04,              0
       127,              0,              0,              0,              0,              0,              0,              0,          12.13,              0,           1.07,          72.65,           0.28,              0,           4.12,         155.65,              0,              0,              0,              0,              0,              0,              0,              0,              0,              0,              0,              0,              0,              0,              0,           0.04,           0.04,              0
       128,              0,              0,              0,              0,              0,              0,              0,          12.71,              0,           1.40,          35.95,           0.16,              0,           2.25,         129.09,              0,              0,              0,              0,              0,              0,              0,              0,              0,              0,              0,              0,              0,              0,              0,           0.05,           0.04,              0
       129,              0,              0,              0,              0,              0,              0,              0,          11.34,              0,           0.94,          84.93,           0.14,              0,           1.79,         131.72,              0,              0,              0,              0,              0,              0,              0,              0,              0,              0,              0,              0,              0,              0,              0,           0.03,           0.02,              0
       130,              0,              0,              0,              0,              0,              0,              0,          10.29,              0,           0.68,          90.83,           0.09,              0,           1.31,         198.73,              0,              0,              0,              0,              0,              0,              0,              0,              0,              0,              0,              0,              0,              0,              0,              0,              0,              0
       131,              0,              0,              0,              0,              0,              0,              0,          11.64,              0,           1.30,          17.20,           0.11,              0,           0.93,          98.57,              0,              0,              0,              0,              0,              0,              0,              0,              0,              0,              0,              0,              0,              0,              0,              0,              0,              0
       132,              0,              0,              0,              0,              0,              0,              0,          14.31,              0,           1.07,          20.29,           0.13,              0,           0.73,          42.68,              0,              0,              0,              0,              0,              0,              0,              0,              0,              0,              0,              0,              0,              0,              0,              0,              0,              0
       133,              0,              0,              0,              0,              0,              0,              0,          13.53,              0,           0.67,          11.71,           0.05,              0,           2.61,          33.58,              0,              0,              0,              0,              0,              0,              0,              0,              0,              0,              0,              0,              0,              0,              0,              0,              0,              0
       134,              0,              0,              0,              0,              0,              0,              0,          14.94,              0,           0.39,           9.67,           0.04,              0,           0.63,          17.78,              0,              0,              0,              0,              0,              0,              0,              0,              0,              0,              0,              0,              0,              0,              0,              0,              0,              0
       135,              0,              0,              0,              0,              0,              0,              0,          14.08,              0,           0.39,           4.45,           0.04,              0,           0.58,          11.84,              0,              0,              0,              0,              0,              0,              0,              0,              0,              0,              0,              0,              0,              0,              0,              0,              0,              0
       136,              0,              0,              0,              0,              0,              0,              0,          12.87,              0,           0.57,          12.15,           0.02,              0,           0.53,          10.54,              0,              0,              0,              0,              0,              0,              0,              0,              0,              0,              0,              0,              0,              0,              0,              0,              0,              0
       137,              0,              0,              0,              0,              0,              0,              0,          11.47,              0,           0.47,           3.12,           0.01,              0,           0.69,          17.44,              0,              0,              0,              0,              0,              0,              0,              0,              0,              0,              0,              0,              0,              0,              0,              0,              0,              0
       138,              0,              0,              0,              0,              0,              0,              0,          13.13,              0,           0.39,           2.22,           0.01,              0,           0.49,           3.20,              0,              0,              0,              0,              0,              0,              0,              0,              0,              0,              0,              0,              0,              0,              0,              0,              0,              0
       139,              0,              0,              0,              0,              0,              0,              0,          14.61,              0,           0.24,           1.71,           0.01,              0,           0.63,           1.28,              0,              0,              0,              0,              0,              0,              0,              0,              0,              0,              0,              0,              0,              0,              0,              0,              0,              0
       140,              0,              0,              0,              0,              0,              0,              0,          16.44,              0,           0.67,           3.39,           0.03,              0,           0.42,           2.14,              0,              0,              0,              0,              0,              0,              0,              0,              0,              0,              0,              0,              0,              0,              0,              0,              0,              0
       141,              0,              0,              0,              0,              0,              0,              0,          16.10,              0,           0.64,           3.61,           0.01,              0,           0.74,           2.33,              0,              0,              0,              0,              0,              0,              0,              0,              0,              0,              0,              0,              0,              0,              0,              0,              0,              0
       142,              0,              0,              0,              0,              0,              0,              0,          15.11,              0,           0.65,           1.21,              0,              0,           0.54,           0.89,              0,              0,              0,              0,              0,              0,              0,              0,              0,              0,              0,              0,              0,              0,              0,              0,              0,              0
       143,              0,              0,              0,              0,              0,              0,              0,          14.21,              0,           0.98,           0.49,              0,              0,           0.85,           0.68,              0,              0,              0,              0,              0,              0,              0,              0,              0,              0,              0,              0,              0,              0,              0,              0,              0,              0
       144,              0,              0,              0,              0,              0,              0,              0,          15.09,              0,           0.76,           1.31,              0,              0,           0.90,           0.44,              0,              0,              0,              0,              0,              0,              0,              0,              0,              0,              0,              0,              0,              0,              0,              0,              0,              0
       145,              0,              0,              0,              0,              0,              0,              0,          14.68,              0,           0.53,           0.44,              0,              0,           0.38,           0.96,              0,              0,              0,              0,              0,              0,              0,              0,              0,              0,              0,              0,              0,              0,              0,              0,              0,              0
       146,              0,              0,              0,              0,              0,              0,              0,           7.30,              0,           0.62,           0.36,              0,              0,           0.88,           0.31,              0,              0,              0,              0,              0,              0,              0,              0,              0,              0,              0,              0,              0,              0,              0,              0,              0,              0
       147,              0,              0,              0,              0,              0,              0,              0,           9.67,              0,           0.94,           0.39,              0,              0,           0.51,           0.45,              0,              0,              0,              0,              0,              0,              0,              0,              0,              0,              0,              0,              0,              0,              0,              0,              0,              0
       148,              0,              0,              0,              0,              0,              0,              0,           7.18,              0,           0.63,           0.20,              0,              0,           0.93,           0.37,              0,              0,              0,              0,              0,              0,              0,              0,              0,              0,              0,              0,              0,              0,              0,              0,              0,              0
       149,              0,              0,              0,              0,              0,              0,              0,           7.72,              0,           0.62,           1.08,              0,              0,           0.48,           0.29,              0,              0,              0,              0,              0,              0,              0,              0,              0,              0,              0,              0,              0,              0,              0,              0,              0,              0
       150,              0,              0,              0,              0,              0,              0,              0,           6.11,              0,           0.40,           0.39,              0,              0,           0.58,           1.08,              0,              0,              0,              0,              0,              0,              0,              0,              0,              0,              0,              0,              0,              0,              0,              0,              0,              0
       151,              0,              0,              0,              0,              0,              0,              0,           5.87,              0,           0.56,           0.41,              0,              0,           0.42,           0.54,              0,              0,              0,              0,              0,              0,              0,              0,              0,              0,              0,              0,              0,              0,              0,              0,              0,              0
       152,              0,              0,              0,              0,              0,              0,              0,           4.13,              0,           0.79,           0.14,              0,              0,           0.53,           0.56,              0,              0,              0,              0,              0,              0,              0,              0,              0,              0,              0,              0,              0,              0,              0,              0,              0,              0
       153,              0,              0,              0,              0,              0,              0,              0,           4.69,              0,           0.53,           1.25,              0,              0,           0.49,           1.56,              0,              0,              0,              0,              0,              0,              0,              0,              0,              0,              0,              0,              0,              0,              0,              0,              0,              0
       154,              0,              0,              0,              0,              0,              0,              0,           3.50,              0,           0.55,           0.61,              0,              0,           0.65,           0.99,              0,              0,              0,              0,              0,              0,              0,              0,              0,              0,              0,              0,              0,              0,              0,              0,              0,              0
       155,              0,              0,              0,              0,              0,              0,              0,           3.93,              0,           0.59,           0.61,              0,              0,           0.60,           1.49,              0,              0,              0,              0,              0,              0,              0,              0,              0,              0,              0,              0,              0,              0,              0,              0,              0,              0
       156,              0,              0,              0,              0,              0,              0,              0,           2.09,              0,           0.71,           1.48,              0,              0,           0.37,           1.95,              0,              0,              0,              0,              0,              0,              0,              0,              0,              0,              0,              0,              0,              0,              0,              0,              0,              0
       157,              0,              0,              0,              0,              0,              0,              0,           1.60,              0,           0.42,           1.83,              0,              0,           0.65,           2.99,              0,              0,              0,              0,              0,              0,              0,              0,              0,              0,              0,              0,              0,              0,              0,              0,              0,              0
       158,              0,              0,              0,              0,              0,              0,              0,           1.63,              0,           0.47,           1.43,              0,              0,           0.35,           4.66,              0,              0,              0,              0,              0,              0,              0,              0,              0,              0,              0,              0,              0,              0,              0,              0,              0,              0
       159,              0,              0,              0,              0,              0,              0,              0,           2.54,              0,           0.31,           1.32,              0,              0,           0.38,           2.84,              0,              0,              0,              0,              0,              0,              0,              0,              0,              0,              0,              0,              0,              0,              0,              0,              0,              0
       160,              0,              0,              0,              0,              0,              0,              0,           1.82,              0,           0.27,           2.77,              0,              0,           0.29,           3.28,              0,              0,              0,              0,              0,              0,              0,              0,              0,              0,              0,              0,              0,              0,              0,              0,              0,              0
       161,              0,              0,              0,              0,              0,              0,              0,           1.85,              0,           0.37,           2.72,              0,              0,           0.26,           3.05,              0,              0,              0,              0,              0,              0,              0,              0,              0,              0,              0,              0,              0,              0,              0,              0,              0,              0
       162,              0,              0,              0,              0,              0,              0,              0,           1.48,              0,           0.27,           1.79,              0,              0,           0.20,           4.18,              0,              0,              0,              0,              0,              0,              0,              0,              0,              0,              0,              0,              0,              0,              0,              0,              0,              0
       163,              0,              0,              0,              0,              0,              0,              0,           1.08,              0,           0.38,           1.69,              0,              0,           0.25,           3.44,              0,              0,              0,              0,              0,              0,              0,              0,              0,              0,              0,              0,              0,              0,              0,              0,              0,              0
       164,              0,              0,              0,              0,              0,              0,              0,           1.45,              0,           0.49,           1.44,              0,              0,           0.27,           1.71,              0,              0,              0,              0,              0,              0,              0,              0,              0,              0,              0,              0,              0,              0,              0,              0,              0,              0
       165,              0,              0,              0,              0,              0,              0,              0,           1.41,              0,           0.35,           2.45,              0,              0,           0.29,           2.27,              0,              0,              0,              0,              0,              0,              0,              0,              0,              0,              0,              0,              0,              0,              0,              0,              0,              0
       166,              0,              0,              0,              0,              0,              0,              0,           1.34,              0,           0.39,           1.18,              0,              0,           0.16,           2.92,              0,              0,              0,              0,              0,              0,              0,              0,              0,              0,              0,              0,              0,              0,              0,              0,              0,              0
       167,              0,              0,              0,              0,              0,              0,              0,           1.06,              0,           0.21,           0.73,              0,              0,           0.28,           1.09,              0,              0,              0,              0,              0,              0,              0,              0,              0,              0,              0,              0,              0,              0,              0,              0,              0,              0
       168,              0,              0,              0,              0,              0,              0,              0,           1.10,              0,           0.26,           1.26,              0,              0,           0.14,           2.62,              0,              0,              0,              0,              0,              0,              0,              0,              0,              0,              0,              0,              0,              0,              0,              0,              0,              0
       169,              0,              0,              0,              0,              0,              0,              0,           0.75,              0,           0.18,           1.07,              0,              0,           0.13,           2.19,              0,              0,              0,              0,              0,              0,              0,              0,              0,              0,              0,              0,              0,              0,              0,              0,              0,              0
       170,              0,              0,              0,              0,              0,              0,              0,           1.07,              0,           0.29,           0.89,              0,              0,           0.15,           1.19,              0,              0,              0,              0,              0,              0,              0,              0,              0,              0,              0,              0,              0,              0,              0,              0,              0,              0
       171,              0,              0,              0,              0,              0,              0,              0,           0.81,              0,           0.16,           0.65,              0,              0,           0.20,           1.36,              0,              0,              0,              0,              0,              0,              0,              0,              0,              0,              0,              0,              0,              0,              0,              0,              0,              0
       172,              0,              0,              0,              0,              0,              0,              0,           0.89,              0,           0.14,           0.55,              0,              0,           0.07,           0.56,              0,              0,              0,              0,              0,              0,              0,              0,              0,              0,              0,              0,              0,              0,              0,              0,              0,              0
       173,              0,              0,              0,              0,              0,              0,              0,           0.93,              0,           0.12,           0.42,              0,              0,           0.08,           0.56,              0,              0,              0,              0,              0,              0,              0,              0,              0,              0,              0,              0,              0,              0,              0,              0,              0,              0
       174,              0,              0,              0,              0,              0,              0,              0,           0.92,              0,           0.09,           0.32,              0,              0,           0.09,           0.26,              0,              0,              0,              0,              0,              0,              0,              0,              0,              0,              0,              0,              0,              0,              0,              0,              0,              0
       175,              0,              0,              0,              0,              0,              0,              0,           0.76,              0,           0.07,           0.27,              0,              0,           0.04,           0.55,              0,              0,              0,              0,              0,              0,              0,              0,              0,              0,              0,              0,              0,              0,              0,              0,              0,              0
       176,              0,              0,              0,              0,              0,              0,              0,           1.13,              0,           0.19,           0.28,              0,              0,           0.04,           0.15,              0,              0,              0,              0,              0,              0,              0,              0,              0,              0,              0,              0,              0,              0,              0,              0,              0,              0
       177,              0,              0,              0,              0,              0,              0,              0,           0.69,              0,           0.07,           0.07,              0,              0,           0.15,           0.18,              0,              0,              0,              0,              0,              0,              0,              0,              0,              0,              0,              0,              0,              0,              0,              0,              0,              0
       178,              0,              0,              0,              0,              0,              0,              0,           0.96,              0,           0.06,           0.03,              0,              0,           0.05,           0.02,              0,              0,              0,              0,              0,              0,              0,              0,              0,              0,              0,              0,              0,              0,              0,              0,              0,              0
       179,              0,              0,              0,              0,              0,              0,              0,           0.49,              0,           0.12,           0.16,              0,              0,           0.05,           0.03,              0,              0,              0,              0,              0,              0,              0,              0,              0,              0,              0,              0,              0,              0,              0,              0,              0,              0
       180,              0,              0,              0,              0,              0,              0,              0,           0.58,              0,           0.09,           0.10,              0,              0,           0.08,           0.06,              0,              0,              0,              0,              0,              0,              0,              0,              0,              0,              0,              0,              0,              0,              0,              0,              0,              0
       181,              0,              0,              0,              0,              0,              0,              0,           0.67,              0,           0.07,           0.16,              0,              0,           0.06,           0.05,              0,              0,              0,              0,              0,              0,              0,              0,              0,              0,              0,              0,              0,              0,              0,              0,              0,              0
       182,              0,              0,              0,              0,              0,              0,              0,           0.56,              0,           0.12,           0.17,              0,              0,           0.01,           0.08,              0,              0,              0,              0,              0,              0,              0,              0,              0,              0,              0,              0,              0,              0,              0,              0,              0,              0
       183,              0,              0,              0,              0,              0,              0,              0,           0.38,              0,           0.03,           0.18,              0,              0,           0.04,           0.09,              0,              0,              0,              0,              0,              0,              0,              0,              0,              0,              0,              0,              0,              0,              0,              0,              0,              0
       184,              0,              0,              0,              0,              0,              0,              0,           0.51,              0,           0.07,           0.12,              0,              0,           0.03,           0.03,              0,              0,              0,              0,              0,              0,              0,              0,              0,              0,              0,              0,              0,              0,              0,              0,              0,              0
       185,              0,              0,              0,              0,              0,              0,              0,           0.42,              0,           0.21,           0.16,              0,              0,           0.04,           0.09,              0,              0,              0,              0,              0,              0,              0,              0,              0,              0,              0,              0,              0,              0,              0,              0,              0,              0
       186,              0,              0,              0,              0,              0,              0,              0,           0.34,              0,           0.07,           0.11,              0,              0,           0.12,           0.04,              0,              0,              0,              0,              0,              0,              0,              0,              0,              0,              0,              0,              0,              0,              0,              0,              0,              0
       187,              0,              0,              0,              0,              0,              0,              0,           0.42,              0,           0.17,           0.04,              0,              0,           0.07,           0.05,              0,              0,              0,              0,              0,              0,              0,              0,              0,              0,              0,              0,              0,              0,              0,              0,              0,              0
       188,              0,              0,              0,              0,              0,              0,              0,           0.28,              0,           0.07,           0.36,              0,              0,           0.06,           0.11,              0,              0,              0,              0,              0,              0,              0,              0,              0,              0,              0,              0,              0,              0,              0,              0,              0,              0
       189,              0,              0,              0,              0,              0,              0,              0,           0.17,              0,           0.06,           0.12,              0,              0,           0.05,           0.19,              0,              0,              0,              0,              0,              0,              0,              0,              0,              0,              0,              0,              0,              0,              0,              0,              0,              0
       190,              0,              0,              0,              0,              0,              0,              0,           0.17,              0,           0.05,           0.05,              0,              0,           0.05,           0.08,              0,              0,              0,              0,              0,              0,              0,              0,              0,              0,              0,              0,              0,              0,              0,              0,              0,              0
       191,              0,              0,              0,              0,              0,              0,              0,           0.12,              0,           0.05,           0.06,              0,              0,           0.01,           0.01,              0,              0,              0,              0,              0,              0,              0,              0,              0,              0,              0,              0,              0,              0,              0,              0,              0,              0
       192,              0,              0,              0,              0,              0,              0,              0,           0.16,              0,           0.09,           0.04,              0,              0,           0.04,           0.06,              0,              0,              0,              0,              0,              0,              0,              0,              0,              0,              0,              0,              0,              0,              0,              0,              0,              0
       193,              0,              0,              0,              0,              0,              0,              0,           0.13,              0,           0.01,           0.02,              0,              0,           0.06,              0,              0,              0,              0,              0,              0,              0,              0,              0,              0,              0,              0,              0,              0,              0,              0,              0,              0,              0
       194,              0,              0,              0,              0,              0,              0,              0,           0.10,              0,           0.02,           0.01,              0,              0,           0.01,           0.03,              0,              0,              0,              0,              0,              0,              0,              0,              0,              0,              0,              0,              0,              0,              0,              0,              0,              0
       195,              0,              0,              0,              0,              0,              0,              0,           0.10,              0,           0.01,           0.04,              0,              0,           0.01,              0,              0,              0,              0,              0,              0,              0,              0,              0,              0,              0,              0,              0,              0,              0,              0,              0,              0,              0
       196,              0,              0,              0,              0,              0,              0,              0,           0.05,              0,           0.01,              0,              0,              0,              0,           0.03,              0,              0,              0,              0,              0,              0,              0,              0,              0,              0,              0,              0,              0,              0,              0,              0,              0,              0
       197,              0,              0,              0,              0,              0,              0,              0,           0.07,              0,           0.07,              0,              0,              0,              0,              0,              0,              0,              0,              0,              0,              0,              0,              0,              0,              0,              0,              0,              0,              0,              0,              0,              0,              0
       198,              0,              0,              0,              0,              0,              0,              0,           0.10,              0,           0.04,           0.02,              0,              0,           0.01,              0,              0,              0,              0,              0,              0,              0,              0,              0,              0,              0,              0,              0,              0,              0,              0,              0,              0,              0
       199,              0,              0,              0,              0,              0,              0,              0,           0.08,              0,              0,           0.03,              0,              0,           0.03,           0.02,              0,              0,              0,              0,              0,              0,              0,              0,              0,              0,              0,              0,              0,              0,              0,              0,              0,              0
       200,              0,              0,              0,              0,              0,              0,              0,           0.15,              0,           0.17,           1.55,              0,              0,           0.04,           1.93,              0,              0,              0,              0,              0,              0,              0,              0,              0,              0,              0,              0,              0,              0,              0,              0,              0,              0
