TAZID,CO_TAZID,CO_FIPS,SUBAREAID,AREATYPE,TOTAL_P,TOTAL_A,TOTPER_P,TOTPER_A,TOTEXT_P,TOTEXT_A,HBW_P,HBW_A,HBSHP_P,HBSHP_A,HBOTH_P,HBOTH_A,HBSCHPR_P,HBSCHPR_A,HBSCHSC_P,HBSCHSC_A,NHBW_P,NHBW_A,NHBNW_P,NHBNW_A,HBC_P,HBC_A,TTUNIQUE_P,TTUNIQUE_A,IX_P,IX_A,XI_P,XI_A
1,30001,3,1,1,78.8,80.8,0.0,0.0,0.0,0.0,0.0,0.0,0.0,0.0,0.0,0.0,0.0,0.0,0.0,0.0,0.0,0.0,0.0,0.0,0.0,0.0,0.0,0.0,0.0,0.0,0.0,0.0
2,30002,3,1,1,214.4,151.0,126.4,57.3,6.2,9.8,20.7,0.1,13.2,0.0,73.5,49.1,5.3,0.0,5.4,0.0,2.0,2.0,6.4,6.1,0.0,0.0,0.0,0.0,6.2,0.0,0.0,9.8
3,30003,3,1,1,281.7,165.1,204.0,84.6,12.6,16.4,30.7,0.1,21.3,0.0,119.6,71.4,9.2,0.0,9.4,0.0,3.3,3.3,10.5,9.9,0.0,0.0,0.0,0.0,12.6,0.0,0.0,16.4
4,30004,3,1,1,67.6,63.3,6.8,3.1,0.7,0.7,1.1,0.0,0.8,0.0,4.1,2.9,0.2,0.0,0.4,0.0,0.0,0.0,0.2,0.2,0.0,0.0,0.0,0.0,0.7,0.0,0.0,0.7
5,30005,3,1,1,744.5,390.0,614.8,251.8,28.8,47.2,95.8,4.8,61.5,0.0,350.6,208.2,31.0,0.0,31.6,0.0,11.5,10.7,29.8,28.0,3.0,0.0,0.0,0.0,28.8,0.0,0.0,47.2
6,30006,3,1,1,98.7,104.2,25.6,28.3,1.8,5.9,3.4,8.5,2.6,0.0,14.8,17.4,1.2,0.0,1.3,0.0,1.2,1.3,1.1,1.2,0.0,0.0,0.0,0.0,1.8,0.0,0.0,5.9
7,30007,3,1,1,496.7,398.3,351.0,235.6,22.0,46.0,50.6,35.6,35.0,8.3,196.5,156.4,15.6,0.0,15.8,0.0,12.6,12.2,25.0,23.1,0.0,0.0,0.0,0.0,22.0,0.0,0.0,46.0
8,30008,3,1,2,747.2,558.4,593.6,377.4,45.1,82.0,74.0,40.9,47.9,70.0,274.9,173.0,24.5,0.0,25.1,0.0,21.2,19.9,77.1,73.7,48.0,0.0,1.0,0.0,45.1,0.0,0.0,82.0
9,30009,3,1,1,411.6,558.0,142.3,272.3,26.4,48.8,19.0,98.6,13.0,0.0,74.5,150.7,5.8,0.0,5.9,0.0,16.7,15.8,7.4,7.2,0.0,0.0,0.0,0.0,26.4,0.0,0.0,48.8
10,30010,3,1,1,492.6,608.2,204.2,308.5,33.4,55.7,27.8,102.8,19.5,0.0,110.0,178.1,8.4,0.0,8.6,0.0,18.5,17.5,10.5,10.1,0.0,0.0,1.0,0.0,33.4,0.0,0.0,55.7
11,30011,3,1,1,195.7,128.8,70.5,28.4,14.3,5.1,11.5,0.0,7.0,0.0,40.9,24.8,3.6,0.0,3.7,0.0,0.8,0.8,2.9,2.8,0.0,0.0,0.0,0.0,14.3,0.0,0.0,5.1
12,30012,3,1,1,292.8,191.1,159.8,68.5,19.9,13.9,27.0,0.2,16.1,0.0,91.5,58.7,7.8,0.0,8.0,0.0,2.3,2.3,7.2,7.2,0.0,0.0,0.0,0.0,19.9,0.0,0.0,13.9
13,30013,3,1,2,109.3,109.3,0.0,0.0,0.0,0.0,0.0,0.0,0.0,0.0,0.0,0.0,0.0,0.0,0.0,0.0,0.0,0.0,0.0,0.0,0.0,0.0,0.0,0.0,0.0,0.0,0.0,0.0
14,30014,3,1,2,109.4,110.3,0.0,0.0,0.0,0.0,0.0,0.0,0.0,0.0,0.0,0.0,0.0,0.0,0.0,0.0,0.0,0.0,0.0,0.0,0.0,0.0,0.0,0.0,0.0,0.0,0.0,0.0
15,30015,3,1,1,575.8,1231.6,65.1,617.1,1.5,124.5,1.3,367.6,1.0,0.0,5.1,196.2,0.4,0.0,0.5,0.0,55.2,51.6,1.6,1.7,0.0,0.0,0.0,0.0,1.5,0.0,0.0,124.5
16,30016,3,1,2,276.5,546.1,23.1,251.6,1.9,49.5,1.2,99.3,1.0,0.0,4.8,137.8,0.4,0.0,0.4,0.0,14.3,13.2,1.1,1.2,0.0,0.0,0.0,0.0,1.9,0.0,0.0,49.5
17,30017,3,1,1,143.8,123.1,29.3,11.7,4.7,2.3,4.6,0.0,3.1,0.0,17.1,10.3,1.6,0.0,1.7,0.0,0.3,0.3,1.1,1.1,0.0,0.0,0.0,0.0,4.7,0.0,0.0,2.3
18,30018,3,1,1,1260.2,2876.9,172.4,1523.1,0.0,292.4,0.0,1108.3,0.0,0.0,1.0,257.6,0.0,0.0,0.0,0.0,168.2,154.9,2.2,2.2,0.0,0.0,1.0,0.0,0.0,0.0,0.0,292.4
19,30019,3,1,2,3096.6,1567.2,2452.4,1139.0,449.2,226.2,372.4,18.4,230.8,61.5,1373.1,851.8,126.5,0.0,129.2,0.0,57.0,52.7,161.4,154.7,0.0,0.0,2.0,0.0,449.2,0.0,0.0,226.2
20,30020,3,1,3,1756.6,1503.3,1342.9,1032.7,161.8,217.6,221.4,142.8,140.0,52.7,717.1,668.8,42.0,0.0,43.1,0.0,60.7,56.2,117.4,112.2,0.0,0.0,1.0,0.0,161.8,0.0,0.0,217.6
21,30021,3,1,2,749.8,1724.5,117.6,910.7,0.0,192.3,0.0,759.0,0.0,0.0,1.0,45.6,0.0,0.0,0.0,0.0,115.2,105.8,0.4,0.4,0.0,0.0,1.0,0.0,0.0,0.0,0.0,192.3
22,30022,3,1,2,113.7,122.5,20.3,25.7,3.8,5.7,2.8,15.5,1.9,0.0,10.5,7.2,1.0,0.0,1.0,0.0,2.3,2.2,0.8,0.8,0.0,0.0,0.0,0.0,3.8,0.0,0.0,5.7
23,30023,3,1,2,206.7,315.0,40.9,127.3,6.8,27.0,4.6,71.9,3.1,0.0,17.5,43.7,1.7,0.0,1.7,0.0,10.6,10.0,1.6,1.6,0.0,0.0,0.0,0.0,6.8,0.0,0.0,27.0
24,30024,3,1,2,1819.4,843.6,1418.6,591.3,271.3,114.3,219.7,3.8,135.9,0.0,814.0,499.4,75.4,0.0,77.0,0.0,25.8,23.8,66.9,64.3,3.0,0.0,1.0,0.0,271.3,0.0,0.0,114.3
25,30025,3,1,3,4016.2,3160.3,3283.5,2550.7,499.9,368.7,468.4,151.8,312.9,21.8,1816.0,1304.1,164.4,743.2,167.8,0.0,116.7,108.0,231.1,221.7,5.0,0.0,1.0,0.0,499.9,0.0,0.0,368.7
26,30026,3,1,3,2576.0,2218.6,2014.5,1589.0,270.4,334.6,285.3,223.5,192.4,80.6,1058.8,980.6,76.4,0.0,78.0,0.0,107.3,98.9,214.3,205.5,1.0,0.0,1.0,0.0,270.4,0.0,0.0,334.6
27,30027,3,1,2,109.5,114.3,0.0,0.0,0.0,0.0,0.0,0.0,0.0,0.0,0.0,0.0,0.0,0.0,0.0,0.0,0.0,0.0,0.0,0.0,0.0,0.0,0.0,0.0,0.0,0.0,0.0,0.0
28,30028,3,1,2,224.9,405.0,30.0,168.7,1.7,39.2,1.5,144.9,1.0,0.0,4.9,3.6,0.4,0.0,0.4,0.0,21.5,19.8,0.4,0.4,0.0,0.0,0.0,0.0,1.7,0.0,0.0,39.2
29,30029,3,1,3,2910.1,1444.0,2384.2,1030.3,327.9,207.3,404.6,5.4,241.3,0.0,1334.6,869.9,110.8,0.0,113.1,0.0,45.5,42.3,117.3,112.6,16.0,0.0,1.0,0.0,327.9,0.0,0.0,207.3
30,30030,3,1,3,2845.3,2140.2,2345.6,1596.3,287.4,326.6,372.2,105.1,248.3,56.9,1300.8,1148.8,72.3,6.6,73.8,16.3,77.5,71.6,198.7,190.9,1.0,0.0,1.0,0.0,287.4,0.0,0.0,326.6
31,30031,3,1,3,2881.8,2762.8,2301.6,1964.2,216.7,436.8,284.5,290.8,192.3,133.3,1026.5,903.3,62.1,0.0,63.4,0.0,222.3,205.0,449.6,431.8,0.0,0.0,1.0,0.0,216.7,0.0,0.0,436.8
32,30032,3,1,3,1257.8,718.2,1021.8,501.9,127.2,101.7,160.9,4.5,106.2,0.0,588.1,423.2,43.8,0.0,44.8,0.0,21.8,20.2,56.3,54.0,0.0,0.0,0.0,0.0,127.2,0.0,0.0,101.7
33,30033,3,1,3,1591.2,1048.2,1328.7,755.4,130.7,155.6,211.0,18.5,143.3,0.0,764.1,626.8,46.2,0.0,47.2,0.0,33.9,31.3,82.1,78.9,0.0,0.0,1.0,0.0,130.7,0.0,0.0,155.6
34,30034,3,1,3,2170.1,1288.9,1832.4,938.4,184.5,192.7,287.6,35.2,190.0,8.7,1044.7,749.9,77.4,0.0,79.1,0.0,44.6,41.3,108.1,103.2,0.0,0.0,1.0,0.0,184.5,0.0,0.0,192.7
35,30035,3,1,3,2742.3,1665.4,2401.4,1242.3,181.1,256.6,380.2,5.7,254.7,0.0,1373.6,1049.9,91.1,0.0,93.0,0.0,54.8,50.9,142.0,135.7,11.0,0.0,1.0,0.0,181.1,0.0,0.0,256.6
36,30036,3,1,3,820.4,565.4,658.7,364.5,41.1,76.3,114.0,12.5,70.9,0.0,372.1,299.5,23.0,0.0,23.5,0.0,16.3,15.1,38.9,37.3,0.0,0.0,0.0,0.0,41.1,0.0,0.0,76.3
37,30037,3,1,2,388.3,762.2,23.0,326.8,0.0,68.8,0.0,136.3,0.0,0.0,1.0,170.9,0.0,0.0,0.0,0.0,19.8,18.4,1.2,1.2,0.0,0.0,1.0,0.0,0.0,0.0,0.0,68.8
38,30038,3,1,3,2244.8,5696.6,432.1,3161.8,0.0,751.2,0.0,2732.6,0.0,0.0,2.0,32.3,0.0,0.0,0.0,0.0,416.3,385.4,11.8,11.5,0.0,0.0,2.0,0.0,0.0,0.0,0.0,751.2
39,30039,3,1,4,943.3,1072.3,682.0,713.4,50.9,152.2,99.8,36.1,62.1,69.6,345.0,497.8,29.3,0.0,30.1,0.0,30.1,28.1,84.6,81.8,0.0,0.0,1.0,0.0,50.9,0.0,0.0,152.2
40,30040,3,1,4,3049.9,3016.6,2549.2,2223.5,190.5,482.5,370.3,238.5,253.4,160.2,1304.2,1375.6,71.4,0.0,72.9,0.0,141.3,131.1,329.7,318.0,4.0,0.0,2.0,0.0,190.5,0.0,0.0,482.5
41,30041,3,1,4,2165.8,3576.8,1714.1,2585.0,68.8,606.4,141.8,116.1,95.2,895.2,471.2,662.1,24.3,0.0,24.9,0.0,199.8,185.1,754.9,726.5,1.0,0.0,1.0,0.0,68.8,0.0,0.0,606.4
42,30042,3,1,3,708.8,705.8,524.9,469.9,49.3,96.9,87.2,20.8,56.4,0.0,294.7,403.9,17.0,0.0,17.4,0.0,15.2,14.2,32.1,31.0,4.0,0.0,1.0,0.0,49.3,0.0,0.0,96.9
43,30043,3,1,3,2015.2,2714.5,1723.6,2298.7,120.1,238.0,263.2,109.7,174.6,0.0,952.6,824.1,63.6,1178.8,65.0,0.0,67.2,62.2,129.3,124.0,6.0,0.0,2.0,0.0,120.1,0.0,0.0,238.0
44,30044,3,1,3,1140.4,659.5,958.2,438.5,59.4,91.2,159.2,2.5,98.7,0.0,543.2,371.0,43.4,0.0,44.4,0.0,18.7,17.5,49.6,47.5,0.0,0.0,1.0,0.0,59.4,0.0,0.0,91.2
45,30045,3,1,2,1043.2,663.0,870.9,441.0,50.4,93.2,145.5,41.0,89.8,0.0,493.7,339.8,38.3,0.0,39.2,0.0,17.6,16.4,45.7,43.8,0.0,0.0,1.0,0.0,50.4,0.0,0.0,93.2
46,30046,3,1,2,90.1,92.5,0.0,0.0,0.0,0.0,0.0,0.0,0.0,0.0,0.0,0.0,0.0,0.0,0.0,0.0,0.0,0.0,0.0,0.0,0.0,0.0,0.0,0.0,0.0,0.0,0.0,0.0
47,30047,3,1,1,129.4,104.0,19.1,7.3,1.3,1.7,2.7,0.0,1.8,0.0,11.1,6.6,0.8,0.0,1.0,0.0,0.1,0.1,0.6,0.6,0.0,0.0,1.0,0.0,1.3,0.0,0.0,1.7
48,30048,3,1,1,199.3,148.6,79.9,33.3,8.6,6.9,13.2,0.0,8.2,0.0,46.0,28.9,4.0,0.0,4.1,0.0,0.9,1.0,3.4,3.3,0.0,0.0,0.0,0.0,8.6,0.0,0.0,6.9
49,30049,3,1,2,730.7,1334.4,525.4,901.8,0.0,211.7,0.0,56.3,0.0,359.3,14.0,10.6,0.0,0.0,0.0,0.0,121.1,112.5,376.4,363.1,0.0,0.0,14.0,0.0,0.0,0.0,0.0,211.7
50,30050,3,1,3,503.8,1417.1,200.7,918.5,4.9,200.9,4.9,422.6,3.3,4.3,18.3,300.0,1.6,0.0,1.7,29.6,83.0,77.8,87.1,84.2,0.0,0.0,1.0,0.0,4.9,0.0,0.0,200.9
51,30051,3,1,3,216.4,404.4,58.8,203.2,2.9,47.2,6.4,106.9,4.7,0.0,25.3,78.5,2.0,0.0,2.0,0.0,12.7,12.0,5.8,5.7,0.0,0.0,0.0,0.0,2.9,0.0,0.0,47.2
52,30052,3,1,3,1960.2,6849.1,526.4,4534.8,40.3,938.1,62.3,790.3,44.5,0.0,219.3,3578.7,10.8,0.0,11.1,0.0,145.0,135.1,31.4,30.6,0.0,0.0,2.0,0.0,40.3,0.0,0.0,938.1
53,30053,3,1,4,4878.5,9281.6,3673.5,6718.4,136.2,1501.8,301.9,830.8,212.4,1260.7,1048.6,2535.0,52.3,0.0,53.5,178.6,563.9,524.2,1436.8,1389.0,0.0,0.0,4.0,0.0,136.2,0.0,0.0,1501.8
54,30054,3,1,4,2542.0,3711.9,1994.6,2664.6,97.1,599.8,208.7,580.6,137.8,119.6,797.6,1288.7,66.4,0.0,67.9,0.0,264.1,245.4,446.1,430.2,0.0,0.0,6.0,0.0,97.1,0.0,0.0,599.8
55,30055,3,1,3,2171.4,3170.4,1802.5,2670.6,183.4,313.3,244.3,226.9,161.3,0.0,925.8,917.2,77.4,0.0,79.1,1228.0,123.7,115.2,190.0,183.2,1.0,0.0,0.0,0.0,183.4,0.0,0.0,313.3
56,30056,3,1,3,515.2,311.1,369.1,168.4,43.6,35.1,61.4,0.5,37.8,0.0,209.9,142.9,17.0,0.0,17.4,0.0,6.9,6.6,18.8,18.4,0.0,0.0,0.0,0.0,43.6,0.0,0.0,35.1
57,30057,3,1,3,646.0,388.3,496.4,227.7,42.3,47.6,82.5,1.6,50.9,0.0,282.1,192.5,22.8,0.0,23.2,0.0,9.4,8.9,25.5,24.7,0.0,0.0,0.0,0.0,42.3,0.0,0.0,47.6
58,30058,3,1,2,196.5,394.8,22.6,177.6,0.0,44.0,0.0,156.6,0.0,0.0,0.0,0.0,0.0,0.0,0.0,0.0,22.6,21.0,0.0,0.0,0.0,0.0,0.0,0.0,0.0,0.0,0.0,44.0
59,30059,3,1,2,109.3,110.3,0.0,0.0,0.0,0.0,0.0,0.0,0.0,0.0,0.0,0.0,0.0,0.0,0.0,0.0,0.0,0.0,0.0,0.0,0.0,0.0,0.0,0.0,0.0,0.0,0.0,0.0
60,30060,3,1,2,109.4,110.1,0.0,0.0,0.0,0.0,0.0,0.0,0.0,0.0,0.0,0.0,0.0,0.0,0.0,0.0,0.0,0.0,0.0,0.0,0.0,0.0,0.0,0.0,0.0,0.0,0.0,0.0
61,30061,3,1,3,3166.4,1560.8,2829.6,1134.3,153.4,235.5,443.0,4.0,273.6,0.0,1620.0,957.3,154.8,0.0,157.9,0.0,49.9,46.9,129.4,126.0,0.0,0.0,1.0,0.0,153.4,0.0,0.0,235.5
62,30062,3,1,3,2497.5,1314.1,2196.9,948.5,136.3,198.3,336.8,7.4,219.1,8.5,1259.3,787.6,114.6,0.0,116.9,0.0,41.4,38.8,108.7,106.2,0.0,0.0,0.0,0.0,136.3,0.0,0.0,198.3
63,30063,3,1,4,495.5,2881.9,374.1,2596.5,11.0,175.6,26.0,219.5,18.0,0.0,100.2,347.0,7.2,0.0,7.4,1825.3,95.8,89.6,118.6,115.1,0.0,0.0,1.0,0.0,11.0,0.0,0.0,175.6
64,30064,3,1,3,3446.1,2655.5,2952.5,1881.0,149.2,426.8,383.7,178.0,238.6,114.9,1389.0,932.5,127.8,0.0,130.4,0.0,217.1,202.7,464.0,452.9,0.0,0.0,2.0,0.0,149.2,0.0,0.0,426.8
65,30065,3,1,4,2977.1,2207.9,2619.8,1643.0,150.6,357.0,379.1,27.4,258.7,177.5,1407.9,1080.3,98.7,0.0,100.8,0.0,90.7,85.1,280.8,272.6,0.0,0.0,3.0,0.0,150.6,0.0,0.0,357.0
66,30066,3,1,3,1624.9,1860.5,1358.1,1351.1,68.2,308.9,162.5,61.3,112.1,248.1,570.9,605.2,29.4,0.0,30.1,0.0,115.8,108.6,336.3,328.0,1.0,0.0,0.0,0.0,68.2,0.0,0.0,308.9
67,30067,3,1,4,1965.4,1927.8,1671.3,1400.5,88.9,320.4,197.1,33.6,134.8,351.6,769.9,593.1,64.7,0.0,66.2,0.0,94.5,88.4,344.0,333.8,0.0,0.0,0.0,0.0,88.9,0.0,0.0,320.4
68,30068,3,1,3,1913.5,1203.7,1662.7,877.1,111.5,183.0,238.1,45.0,169.0,0.0,960.0,704.2,80.1,0.0,81.8,0.0,40.8,38.1,92.0,89.7,0.0,0.0,1.0,0.0,111.5,0.0,0.0,183.0
69,30069,3,1,3,396.1,298.3,286.6,179.5,29.5,37.5,42.0,4.7,28.5,0.0,167.0,155.1,14.1,0.0,14.5,0.0,6.1,5.7,14.3,13.9,0.0,0.0,0.0,0.0,29.5,0.0,0.0,37.5
70,30070,3,1,2,898.4,684.2,765.4,502.0,57.4,104.4,123.2,15.3,84.2,0.0,438.3,417.5,23.8,0.0,24.4,0.0,20.2,19.1,51.3,50.1,0.0,0.0,0.0,0.0,57.4,0.0,0.0,104.4
71,30071,3,1,2,40.5,40.5,0.0,0.0,0.0,0.0,0.0,0.0,0.0,0.0,0.0,0.0,0.0,0.0,0.0,0.0,0.0,0.0,0.0,0.0,0.0,0.0,0.0,0.0,0.0,0.0,0.0,0.0
72,30072,3,1,2,1177.0,906.4,903.9,634.7,136.0,131.6,127.2,30.1,91.5,8.6,519.1,521.3,43.1,0.0,44.1,0.0,24.1,22.5,53.8,52.1,0.0,0.0,1.0,0.0,136.0,0.0,0.0,131.6
73,30073,3,1,2,160.9,143.4,31.6,13.5,6.1,3.1,4.8,1.0,3.3,0.0,18.1,10.9,1.9,0.0,1.9,0.0,0.4,0.4,1.3,1.3,0.0,0.0,0.0,0.0,6.1,0.0,0.0,3.1
74,30074,3,1,2,109.5,109.6,0.0,0.0,0.0,0.0,0.0,0.0,0.0,0.0,0.0,0.0,0.0,0.0,0.0,0.0,0.0,0.0,0.0,0.0,0.0,0.0,0.0,0.0,0.0,0.0,0.0,0.0
75,30075,3,1,3,2033.0,1816.0,1663.7,1285.0,120.3,274.2,225.3,211.8,141.1,41.7,824.9,691.0,76.5,0.0,78.1,53.5,104.6,98.3,192.2,188.5,14.0,0.0,7.0,0.0,120.3,0.0,0.0,274.2
76,30076,3,1,3,1122.5,612.8,952.3,404.5,48.3,85.0,150.4,9.3,92.7,0.0,545.1,334.8,50.3,0.0,51.5,0.0,17.8,16.7,44.7,43.7,0.0,0.0,0.0,0.0,48.3,0.0,0.0,85.0
77,30077,3,1,3,2054.7,5266.7,1328.4,3941.5,47.5,649.0,131.1,1112.6,83.5,0.0,480.4,1203.8,44.2,0.0,45.0,1106.1,261.7,245.1,279.5,273.9,0.0,0.0,3.0,0.0,47.5,0.0,0.0,649.0
78,30078,3,1,3,4803.5,3991.5,4205.9,2951.1,221.4,656.5,567.5,102.9,390.2,329.5,2124.6,1733.2,142.8,0.0,145.7,0.0,217.5,203.5,594.6,581.9,19.0,0.0,4.0,0.0,221.4,0.0,0.0,656.5
79,30079,3,1,3,1832.8,4207.0,1415.7,3267.3,19.9,545.3,52.7,376.5,37.5,417.2,200.2,389.4,13.4,1026.9,13.8,0.0,336.8,315.1,760.2,742.2,0.0,0.0,1.0,0.0,19.9,0.0,0.0,545.3
80,30080,3,1,3,2589.0,3001.5,2182.6,2182.3,98.3,510.5,212.3,271.6,147.8,246.7,801.1,796.2,55.6,0.0,56.8,0.0,285.5,267.3,614.5,600.5,8.0,0.0,1.0,0.0,98.3,0.0,0.0,510.5
81,30081,3,1,2,373.5,786.5,228.9,551.3,27.8,117.2,26.3,87.7,19.1,0.0,96.1,389.8,4.6,0.0,4.8,0.0,34.7,32.7,42.4,41.1,0.0,0.0,1.0,0.0,27.8,0.0,0.0,117.2
82,30082,3,1,3,3836.3,4433.9,3211.9,3226.2,144.0,727.8,400.4,323.4,276.9,315.4,1423.4,1662.1,74.1,0.0,75.7,0.0,286.5,268.3,673.0,657.0,0.0,0.0,2.0,0.0,144.0,0.0,0.0,727.8
83,30083,3,1,3,1391.5,2443.3,1055.7,1680.9,0.0,420.0,0.0,160.2,0.0,482.7,7.0,26.9,0.0,0.0,0.0,0.0,294.5,276.8,747.3,734.3,0.0,0.0,7.0,0.0,0.0,0.0,0.0,420.0
84,30084,3,1,3,1001.1,2090.0,721.2,1448.1,0.0,357.8,0.0,177.5,0.0,429.9,1.0,142.9,0.0,0.0,0.0,0.0,195.9,184.0,523.2,513.7,0.0,0.0,1.0,0.0,0.0,0.0,0.0,357.8
85,30085,3,1,3,765.5,978.0,492.9,603.1,37.2,133.7,70.1,147.2,43.7,12.7,247.6,360.4,22.1,0.0,22.5,0.0,35.6,33.4,50.3,49.3,0.0,0.0,1.0,0.0,37.2,0.0,0.0,133.7
86,30086,3,1,2,543.2,927.3,370.6,605.5,1.1,148.0,1.3,41.2,1.0,224.5,11.5,3.4,0.4,0.0,0.4,0.0,89.1,83.7,260.1,252.8,0.0,0.0,7.0,0.0,1.1,0.0,0.0,148.0
87,30087,3,1,2,102.1,101.5,0.0,0.0,0.0,0.0,0.0,0.0,0.0,0.0,0.0,0.0,0.0,0.0,0.0,0.0,0.0,0.0,0.0,0.0,0.0,0.0,0.0,0.0,0.0,0.0,0.0,0.0
88,30088,3,1,2,127.2,110.6,30.1,12.6,1.6,2.9,4.5,0.1,3.2,0.0,17.5,10.8,1.7,0.0,1.7,0.0,0.4,0.4,1.3,1.3,0.0,0.0,0.0,0.0,1.6,0.0,0.0,2.9
89,30089,3,1,2,3207.3,4303.9,2555.6,2962.7,35.9,730.6,115.4,377.8,72.5,431.6,403.3,345.7,32.0,0.0,32.8,0.0,602.7,564.2,1286.9,1243.2,1.0,0.0,9.0,0.0,35.9,0.0,0.0,730.6
90,30090,3,1,3,4137.0,7996.6,3331.0,5781.0,33.6,1432.3,90.8,487.5,56.3,2277.7,323.2,291.1,28.3,0.0,28.9,0.0,641.9,603.8,2157.6,2120.9,0.0,0.0,4.0,0.0,33.6,0.0,0.0,1432.3
91,30091,3,1,3,2459.1,1513.4,2159.2,1084.5,108.4,232.1,348.1,138.0,214.4,0.0,1212.0,807.1,107.3,0.0,109.5,0.0,41.7,39.3,103.3,100.1,21.0,0.0,2.0,0.0,108.4,0.0,0.0,232.1
92,30092,3,1,3,2605.3,1562.8,2255.8,1101.9,132.2,234.4,363.5,66.2,222.4,0.0,1272.4,879.1,114.0,0.0,116.4,0.0,50.3,47.4,111.9,109.2,2.0,0.0,3.0,0.0,132.2,0.0,0.0,234.4
93,30093,3,1,2,95.8,95.5,2.0,0.0,0.0,0.0,0.0,0.0,0.0,0.0,1.0,0.0,0.0,0.0,0.0,0.0,0.0,0.0,0.0,0.0,0.0,0.0,1.0,0.0,0.0,0.0,0.0,0.0
94,30094,3,1,2,355.2,247.8,232.7,113.8,12.1,23.9,36.4,11.2,22.7,0.0,133.5,88.1,12.5,0.0,12.9,0.0,4.7,4.6,10.1,9.8,0.0,0.0,0.0,0.0,12.1,0.0,0.0,23.9
95,30095,3,1,2,3628.1,3181.5,3175.1,2473.2,140.3,390.0,440.2,139.8,258.9,77.1,1604.5,1034.4,157.8,704.9,161.1,0.0,171.7,160.8,369.8,356.2,6.0,0.0,5.0,0.0,140.3,0.0,0.0,390.0
96,30096,3,1,2,3161.3,1968.0,2798.5,1417.1,132.6,309.3,424.3,48.5,260.1,89.9,1483.9,936.8,131.3,0.0,134.0,0.0,100.2,94.0,256.7,247.8,0.0,0.0,8.0,0.0,132.6,0.0,0.0,309.3
97,30097,3,1,1,109.5,93.2,0.0,0.0,0.0,0.0,0.0,0.0,0.0,0.0,0.0,0.0,0.0,0.0,0.0,0.0,0.0,0.0,0.0,0.0,0.0,0.0,0.0,0.0,0.0,0.0,0.0,0.0
98,30098,3,1,1,110.1,100.5,2.0,0.0,0.0,0.0,0.0,0.0,0.0,0.0,1.0,0.0,0.0,0.0,0.0,0.0,0.0,0.0,0.0,0.0,0.0,0.0,1.0,0.0,0.0,0.0,0.0,0.0
99,30099,3,1,2,100.1,103.6,0.0,0.0,0.0,0.0,0.0,0.0,0.0,0.0,0.0,0.0,0.0,0.0,0.0,0.0,0.0,0.0,0.0,0.0,0.0,0.0,0.0,0.0,0.0,0.0,0.0,0.0
100,30100,3,1,2,306.4,219.7,189.2,92.7,10.4,19.2,32.6,3.3,19.3,0.0,106.8,75.8,8.2,0.0,8.4,0.0,3.9,3.8,10.2,9.8,0.0,0.0,0.0,0.0,10.4,0.0,0.0,19.2
101,30101,3,1,2,5125.8,3269.9,4541.5,2394.6,231.6,502.8,750.1,112.4,430.5,30.5,2475.3,1815.8,193.5,0.0,197.5,0.0,140.1,131.2,317.5,304.7,21.0,0.0,16.0,0.0,231.6,0.0,0.0,502.8
102,30102,3,1,1,100.2,102.5,0.0,0.0,0.0,0.0,0.0,0.0,0.0,0.0,0.0,0.0,0.0,0.0,0.0,0.0,0.0,0.0,0.0,0.0,0.0,0.0,0.0,0.0,0.0,0.0,0.0,0.0
103,30103,3,1,2,2495.7,1397.8,2181.3,1002.9,118.1,194.1,377.3,18.5,214.5,0.0,1232.9,831.9,96.8,0.0,99.0,0.0,45.8,43.3,114.2,109.2,0.0,0.0,1.0,0.0,118.1,0.0,0.0,194.1
104,30104,3,1,2,951.6,1571.8,765.8,1264.8,34.8,152.2,111.7,134.8,64.8,0.0,365.4,406.6,28.4,476.4,29.0,88.3,68.1,64.1,98.5,94.5,0.0,0.0,0.0,0.0,34.8,0.0,0.0,152.2
105,30105,3,1,2,406.2,324.9,288.0,178.3,13.4,38.5,41.3,8.5,25.5,8.8,137.6,107.8,9.8,0.0,10.0,0.0,16.8,15.9,39.0,37.3,8.0,0.0,0.0,0.0,13.4,0.0,0.0,38.5
106,30106,3,1,2,217.6,258.8,108.6,121.5,3.8,28.3,10.8,10.0,6.8,43.3,38.7,25.0,3.1,0.0,3.1,0.0,8.5,8.0,36.5,35.0,0.0,0.0,1.0,0.0,3.8,0.0,0.0,28.3
107,30107,3,1,1,88.6,90.2,0.0,0.0,0.0,0.0,0.0,0.0,0.0,0.0,0.0,0.0,0.0,0.0,0.0,0.0,0.0,0.0,0.0,0.0,0.0,0.0,0.0,0.0,0.0,0.0,0.0,0.0
108,30108,3,1,1,180.0,143.9,84.6,41.6,4.8,8.7,14.5,0.1,8.9,0.0,48.6,35.8,3.4,0.0,3.3,0.0,1.4,1.4,4.4,4.3,0.0,0.0,0.0,0.0,4.8,0.0,0.0,8.7
109,30109,3,1,1,121.4,147.5,11.3,42.8,0.0,9.0,0.0,14.3,0.0,0.0,0.0,17.5,0.0,0.0,0.0,0.0,5.0,5.0,6.3,6.1,0.0,0.0,0.0,0.0,0.0,0.0,0.0,9.0
110,30110,3,1,1,109.0,104.6,14.6,7.7,1.0,1.7,2.4,0.0,1.7,0.0,8.6,6.9,0.6,0.0,0.6,0.0,0.1,0.1,0.7,0.7,0.0,0.0,0.0,0.0,1.0,0.0,0.0,1.7
111,30111,3,1,1,98.7,98.5,0.0,0.0,0.0,0.0,0.0,0.0,0.0,0.0,0.0,0.0,0.0,0.0,0.0,0.0,0.0,0.0,0.0,0.0,0.0,0.0,0.0,0.0,0.0,0.0,0.0,0.0
112,30112,3,1,1,88.6,89.1,0.0,0.0,0.0,0.0,0.0,0.0,0.0,0.0,0.0,0.0,0.0,0.0,0.0,0.0,0.0,0.0,0.0,0.0,0.0,0.0,0.0,0.0,0.0,0.0,0.0,0.0
113,30113,3,1,1,333.9,225.7,226.4,106.2,12.7,21.7,38.6,0.7,23.2,0.0,130.2,90.3,9.2,0.0,9.5,0.0,3.9,3.9,11.8,11.3,0.0,0.0,0.0,0.0,12.7,0.0,0.0,21.7
114,30114,3,1,1,430.8,290.7,304.2,145.2,17.0,30.1,53.0,2.3,31.0,0.0,172.8,122.1,12.5,0.0,12.9,0.0,5.8,5.7,16.0,15.1,0.0,0.0,0.0,0.0,17.0,0.0,0.0,30.1
115,30115,3,1,1,378.5,752.5,246.5,495.2,0.0,118.0,0.0,11.6,0.0,260.8,4.0,0.0,0.0,0.0,0.0,0.0,45.5,43.0,193.0,179.8,0.0,0.0,4.0,0.0,0.0,0.0,0.0,118.0
116,30116,3,1,1,139.0,243.2,11.2,89.9,0.0,21.7,0.0,79.2,0.0,0.0,0.0,0.0,0.0,0.0,0.0,0.0,11.2,10.7,0.0,0.0,0.0,0.0,0.0,0.0,0.0,0.0,0.0,21.7
117,30117,3,1,1,396.5,459.9,276.9,279.9,10.2,64.7,30.7,11.2,18.5,96.5,104.5,71.6,7.5,0.0,7.8,0.0,22.0,21.1,84.9,79.5,0.0,0.0,1.0,0.0,10.2,0.0,0.0,64.7
118,30118,3,1,1,137.4,123.5,36.6,15.9,2.2,3.6,5.9,0.0,3.8,0.0,21.3,13.9,1.8,0.0,1.9,0.0,0.4,0.4,1.6,1.6,0.0,0.0,0.0,0.0,2.2,0.0,0.0,3.6
119,30119,3,1,2,138.0,254.1,34.5,119.8,0.0,27.3,0.0,39.3,0.0,0.0,0.0,47.5,0.0,0.0,0.0,0.0,15.7,15.3,18.9,17.8,0.0,0.0,0.0,0.0,0.0,0.0,0.0,27.3
120,30120,3,1,2,321.2,246.4,213.9,121.7,11.5,26.2,35.2,5.0,21.4,8.9,117.8,86.4,8.2,0.0,8.5,0.0,5.2,5.0,17.5,16.4,0.0,0.0,0.0,0.0,11.5,0.0,0.0,26.2
121,30121,3,1,2,566.6,373.2,434.1,213.1,24.0,44.7,74.3,4.2,44.4,0.0,246.7,178.1,17.4,0.0,17.8,0.0,9.0,8.7,23.4,22.1,0.0,0.0,1.0,0.0,24.0,0.0,0.0,44.7
122,30122,3,1,2,246.4,188.5,136.3,65.7,7.7,14.1,23.5,3.5,13.9,0.0,77.6,53.0,5.8,0.0,6.0,0.0,2.7,2.6,6.8,6.5,0.0,0.0,0.0,0.0,7.7,0.0,0.0,14.1
123,30123,3,1,2,88.3,88.0,0.0,0.0,0.0,0.0,0.0,0.0,0.0,0.0,0.0,0.0,0.0,0.0,0.0,0.0,0.0,0.0,0.0,0.0,0.0,0.0,0.0,0.0,0.0,0.0,0.0,0.0
124,30124,3,1,2,806.9,483.6,659.7,308.7,36.2,60.6,113.5,1.6,67.5,0.0,374.7,260.6,26.9,0.0,27.7,0.0,13.4,12.8,36.1,33.7,0.0,0.0,0.0,0.0,36.2,0.0,0.0,60.6
125,30125,3,1,2,790.9,983.9,642.2,761.2,32.2,98.4,99.1,75.8,59.1,0.0,332.0,297.1,24.0,294.5,24.6,0.0,37.4,35.7,62.0,58.1,1.0,0.0,3.0,0.0,32.2,0.0,0.0,98.4
126,30126,3,1,2,2031.7,1147.3,1762.4,807.8,97.3,161.1,306.0,20.2,176.8,0.0,990.7,663.2,75.2,0.0,76.9,0.0,38.5,36.5,94.4,87.9,4.0,0.0,0.0,0.0,97.3,0.0,0.0,161.1
127,30127,3,1,2,291.4,200.9,187.7,88.2,10.4,17.2,32.1,1.5,19.4,0.0,107.9,74.4,7.6,0.0,7.8,0.0,3.1,3.0,9.8,9.2,0.0,0.0,0.0,0.0,10.4,0.0,0.0,17.2
128,30128,3,1,2,955.6,595.0,780.2,383.4,42.9,75.3,133.4,12.5,79.1,0.0,441.7,314.2,32.2,0.0,33.1,0.0,17.5,17.0,42.3,39.5,1.0,0.0,0.0,0.0,42.9,0.0,0.0,75.3
129,30129,3,1,2,778.3,462.0,634.3,296.1,34.8,54.5,110.0,1.5,65.3,0.0,359.8,249.2,24.9,0.0,25.5,0.0,12.9,12.5,34.9,32.8,1.0,0.0,0.0,0.0,34.8,0.0,0.0,54.5
130,30130,3,1,2,582.2,359.0,445.6,203.8,24.7,39.4,77.6,2.7,45.3,0.0,251.6,170.6,18.7,0.0,19.2,0.0,8.7,8.5,23.5,22.0,1.0,0.0,0.0,0.0,24.7,0.0,0.0,39.4
131,30131,3,1,2,1295.5,726.7,1099.4,492.3,59.9,92.6,190.4,4.8,109.8,0.0,620.3,411.3,47.2,0.0,48.3,0.0,22.5,21.8,57.9,54.4,2.0,0.0,1.0,0.0,59.9,0.0,0.0,92.6
132,30132,3,1,2,452.1,301.5,324.5,163.2,17.4,28.4,55.6,10.6,31.8,4.9,181.9,121.5,13.3,0.0,13.6,0.0,7.6,7.5,19.8,18.6,1.0,0.0,0.0,0.0,17.4,0.0,0.0,28.4
133,30133,3,1,2,1888.2,1047.1,1650.4,768.4,87.4,128.7,283.5,7.5,167.0,0.0,934.6,643.1,68.1,0.0,69.5,0.0,34.6,33.1,90.1,84.8,3.0,0.0,0.0,0.0,87.4,0.0,0.0,128.7
134,30134,3,1,1,103.5,85.9,14.1,7.1,0.8,1.0,2.3,0.0,1.5,0.0,8.7,6.5,0.5,0.0,0.6,0.0,0.1,0.1,0.5,0.5,0.0,0.0,0.0,0.0,0.8,0.0,0.0,1.0
135,30135,3,1,1,154.6,144.0,53.4,40.0,2.9,5.8,8.8,7.1,5.2,0.0,30.6,29.1,2.3,0.0,2.4,0.0,1.4,1.5,2.5,2.3,0.0,0.0,0.0,0.0,2.9,0.0,0.0,5.8
136,30136,3,1,1,1797.2,1140.0,1536.3,825.6,77.7,129.5,259.7,30.0,150.2,46.0,843.3,606.9,64.2,0.0,65.6,0.0,39.9,38.4,110.4,104.2,2.0,0.0,1.0,0.0,77.7,0.0,0.0,129.5
137,30137,3,1,1,231.9,354.6,42.2,147.2,1.8,20.0,5.4,59.6,3.5,0.0,19.7,77.3,1.4,0.0,1.5,0.0,8.7,8.5,1.9,1.9,0.0,0.0,0.0,0.0,1.8,0.0,0.0,20.0
138,30138,3,1,1,1731.8,1066.7,1493.2,776.0,75.3,121.2,250.9,69.6,145.2,0.0,831.4,597.7,61.0,0.0,62.3,0.0,35.1,33.7,79.4,75.1,26.0,0.0,2.0,0.0,75.3,0.0,0.0,121.2
139,30139,3,1,1,561.8,402.1,412.6,229.4,20.6,37.7,68.3,20.0,39.7,0.0,226.3,169.8,17.2,0.0,17.6,0.0,13.6,13.1,28.0,26.5,0.0,0.0,2.0,0.0,20.6,0.0,0.0,37.7
140,30140,3,1,1,112.5,93.2,22.5,11.1,1.2,1.4,3.7,0.0,2.3,0.0,13.5,10.0,0.9,0.0,0.9,0.0,0.2,0.2,0.9,0.9,0.0,0.0,0.0,0.0,1.2,0.0,0.0,1.4
141,30141,3,1,1,89.1,86.9,2.0,0.0,0.0,0.0,0.0,0.0,0.0,0.0,1.0,0.0,0.0,0.0,0.0,0.0,0.0,0.0,0.0,0.0,0.0,0.0,1.0,0.0,0.0,0.0,0.0,0.0
142,30142,3,1,1,88.3,83.8,0.0,0.0,0.0,0.0,0.0,0.0,0.0,0.0,0.0,0.0,0.0,0.0,0.0,0.0,0.0,0.0,0.0,0.0,0.0,0.0,0.0,0.0,0.0,0.0,0.0,0.0
143,30143,3,1,1,1033.7,1250.7,720.0,825.6,27.1,133.0,90.1,121.3,54.2,209.2,297.1,286.4,20.6,0.0,21.1,0.0,57.7,55.4,162.2,153.3,16.0,0.0,1.0,0.0,27.1,0.0,0.0,133.0
144,30144,3,1,1,89.0,84.1,0.0,0.0,0.0,0.0,0.0,0.0,0.0,0.0,0.0,0.0,0.0,0.0,0.0,0.0,0.0,0.0,0.0,0.0,0.0,0.0,0.0,0.0,0.0,0.0,0.0,0.0
145,30145,3,1,2,218.5,154.3,123.2,64.5,9.5,13.3,21.4,0.1,13.5,0.0,70.5,55.3,4.2,0.0,4.4,0.0,2.4,2.3,7.0,6.8,0.0,0.0,0.0,0.0,9.5,0.0,0.0,13.3
146,30146,3,1,3,82.3,64.4,0.0,0.0,0.0,0.0,0.0,0.0,0.0,0.0,0.0,0.0,0.0,0.0,0.0,0.0,0.0,0.0,0.0,0.0,0.0,0.0,0.0,0.0,0.0,0.0,0.0,0.0
147,30147,3,1,2,122.7,101.5,0.0,0.0,0.0,0.0,0.0,0.0,0.0,0.0,0.0,0.0,0.0,0.0,0.0,0.0,0.0,0.0,0.0,0.0,0.0,0.0,0.0,0.0,0.0,0.0,0.0,0.0
148,30148,3,1,2,82.3,72.4,0.0,0.0,0.0,0.0,0.0,0.0,0.0,0.0,0.0,0.0,0.0,0.0,0.0,0.0,0.0,0.0,0.0,0.0,0.0,0.0,0.0,0.0,0.0,0.0,0.0,0.0
149,30149,3,1,2,122.8,110.7,0.0,0.0,0.0,0.0,0.0,0.0,0.0,0.0,0.0,0.0,0.0,0.0,0.0,0.0,0.0,0.0,0.0,0.0,0.0,0.0,0.0,0.0,0.0,0.0,0.0,0.0
150,30150,3,1,1,6783.3,3572.7,5960.0,2719.3,397.1,457.4,907.4,144.3,541.6,168.9,3164.0,1768.4,316.2,0.0,322.3,0.0,207.4,193.2,498.1,444.5,0.0,0.0,3.0,0.0,397.1,0.0,0.0,457.4
151,30151,3,1,2,611.9,360.8,427.2,198.8,30.4,29.4,66.8,48.1,37.5,0.0,240.4,122.4,25.4,0.0,25.9,0.0,13.4,12.7,16.9,15.7,0.0,0.0,1.0,0.0,30.4,0.0,0.0,29.4
152,30152,3,1,2,124.9,107.4,24.7,11.0,1.4,1.9,3.9,0.0,2.5,0.0,14.7,10.0,1.2,0.0,1.3,0.0,0.1,0.1,0.9,0.9,0.0,0.0,0.0,0.0,1.4,0.0,0.0,1.9
153,30153,3,1,1,98.4,82.8,0.0,0.0,0.0,0.0,0.0,0.0,0.0,0.0,0.0,0.0,0.0,0.0,0.0,0.0,0.0,0.0,0.0,0.0,0.0,0.0,0.0,0.0,0.0,0.0,0.0,0.0
154,570001,57,1,1,104.3,89.7,0.0,0.0,0.0,0.0,0.0,0.0,0.0,0.0,0.0,0.0,0.0,0.0,0.0,0.0,0.0,0.0,0.0,0.0,0.0,0.0,0.0,0.0,0.0,0.0,0.0,0.0
155,570002,57,1,1,248.2,154.3,137.0,57.5,2.3,0.4,24.8,0.2,14.2,0.0,78.5,49.7,5.7,0.0,5.8,0.0,1.7,1.7,6.2,5.9,0.0,0.0,0.0,0.0,2.3,0.0,0.0,0.4
156,570003,57,1,1,157.9,105.0,49.3,19.4,0.7,0.1,8.7,0.0,4.8,0.0,29.0,17.4,2.3,0.0,2.5,0.0,0.3,0.3,1.7,1.7,0.0,0.0,0.0,0.0,0.7,0.0,0.0,0.1
157,570004,57,1,1,616.3,317.5,491.5,210.7,7.7,1.7,90.7,0.9,50.4,0.0,277.1,177.1,19.7,0.0,20.2,0.0,8.9,8.8,24.5,23.9,0.0,0.0,0.0,0.0,7.7,0.0,0.0,1.7
158,570005,57,1,1,1064.7,531.0,918.1,405.9,16.7,3.8,172.5,1.0,98.0,0.0,511.6,341.4,33.5,0.0,34.3,0.0,18.0,17.7,48.1,45.8,2.0,0.0,0.0,0.0,16.7,0.0,0.0,3.8
159,570006,57,1,1,457.0,1010.5,88.2,666.3,0.0,3.6,0.0,582.5,0.0,0.0,1.0,0.0,0.0,0.0,0.0,0.0,86.2,83.7,0.0,0.0,0.0,0.0,1.0,0.0,0.0,0.0,0.0,3.6
160,570007,57,1,1,119.9,93.9,12.1,7.0,0.2,0.0,2.3,0.0,1.2,0.0,7.5,6.6,0.3,0.0,0.3,0.0,0.1,0.1,0.4,0.4,0.0,0.0,0.0,0.0,0.2,0.0,0.0,0.0
161,570008,57,1,1,310.6,216.0,208.1,111.6,3.9,1.3,38.9,10.0,22.1,0.0,116.6,85.6,6.3,0.0,6.6,0.0,5.3,5.1,11.4,10.9,0.0,0.0,1.0,0.0,3.9,0.0,0.0,1.3
162,570009,57,1,1,669.0,349.5,542.1,240.1,8.3,2.2,101.2,3.0,57.2,0.0,303.9,200.2,20.4,0.0,20.9,0.0,10.0,9.9,27.5,26.9,1.0,0.0,0.0,0.0,8.3,0.0,0.0,2.2
163,570010,57,1,1,169.0,130.6,73.2,32.3,1.4,0.4,13.3,0.0,7.8,0.0,42.2,28.3,2.9,0.0,3.0,0.0,0.9,0.8,3.2,3.1,0.0,0.0,0.0,0.0,1.4,0.0,0.0,0.4
164,570011,57,1,1,99.7,94.8,5.5,3.1,0.1,0.1,0.9,0.0,0.7,0.0,3.4,3.0,0.2,0.0,0.2,0.0,0.0,0.0,0.1,0.1,0.0,0.0,0.0,0.0,0.1,0.0,0.0,0.1
165,570012,57,1,1,634.1,1546.8,155.6,1087.3,0.0,5.9,0.0,894.6,0.0,4.4,1.0,38.2,0.0,0.0,0.0,0.0,141.6,138.2,12.0,11.9,0.0,0.0,1.0,0.0,0.0,0.0,0.0,5.9
166,570013,57,1,1,387.3,221.5,271.5,117.5,4.1,1.0,50.0,0.1,28.5,0.0,152.9,99.6,10.4,0.0,10.7,0.0,4.5,4.5,13.4,13.4,1.0,0.0,0.0,0.0,4.1,0.0,0.0,1.0
167,570014,57,1,1,222.4,155.5,124.6,58.1,2.1,0.6,23.2,0.0,12.9,0.0,71.2,50.2,4.5,0.0,4.6,0.0,1.9,1.9,6.3,6.1,0.0,0.0,0.0,0.0,2.1,0.0,0.0,0.6
168,570015,57,1,1,556.2,322.0,445.0,213.0,7.5,2.3,84.3,0.1,48.6,0.0,248.5,179.9,14.3,0.0,14.7,0.0,8.9,8.8,24.7,24.2,1.0,0.0,0.0,0.0,7.5,0.0,0.0,2.3
169,570016,57,1,1,273.8,180.0,174.4,83.8,2.7,0.8,32.6,0.0,18.8,0.0,99.0,71.8,5.8,0.0,6.1,0.0,2.9,2.9,9.3,9.1,0.0,0.0,0.0,0.0,2.7,0.0,0.0,0.8
170,570017,57,1,1,449.3,326.9,326.7,206.3,3.1,1.4,47.6,13.6,26.7,16.7,145.1,92.6,9.9,0.0,10.2,0.0,26.4,25.8,60.6,57.6,0.0,0.0,0.0,0.0,3.1,0.0,0.0,1.4
171,570018,57,1,1,495.8,279.7,376.9,164.8,5.1,1.2,71.8,0.2,42.4,0.0,210.8,138.8,12.1,0.0,12.4,0.0,6.8,6.7,19.5,19.1,1.0,0.0,0.0,0.0,5.1,0.0,0.0,1.2
172,570019,57,1,1,977.9,1501.9,838.0,1364.5,13.7,8.5,142.3,91.6,80.2,0.0,420.9,412.5,25.0,722.4,25.6,0.0,53.9,52.7,87.1,85.3,2.0,0.0,1.0,0.0,13.7,0.0,0.0,8.5
173,570020,57,1,1,840.7,460.0,715.6,343.2,13.6,4.6,135.1,3.4,77.1,0.0,399.2,286.4,23.2,0.0,23.8,0.0,14.6,14.5,39.6,39.0,2.0,0.0,1.0,0.0,13.6,0.0,0.0,4.6
174,570021,57,1,1,340.7,214.2,238.3,114.0,4.0,1.3,44.7,0.1,25.5,0.0,132.7,97.0,7.5,0.0,7.8,0.0,4.2,4.1,13.0,12.8,3.0,0.0,0.0,0.0,4.0,0.0,0.0,1.3
175,570022,57,1,1,447.0,349.5,337.1,239.1,5.2,3.0,55.9,7.1,32.4,44.0,166.7,129.2,9.9,0.0,10.2,0.0,13.4,13.3,46.6,45.6,2.0,0.0,0.0,0.0,5.2,0.0,0.0,3.0
176,570023,57,1,2,184.0,139.3,86.2,41.4,1.8,0.6,16.0,0.0,9.5,0.0,49.2,35.9,2.9,0.0,3.0,0.0,1.2,1.2,4.4,4.3,0.0,0.0,0.0,0.0,1.8,0.0,0.0,0.6
177,570024,57,1,1,363.5,214.7,249.7,104.8,3.0,0.7,45.8,0.1,26.0,0.0,140.1,89.0,9.6,0.0,9.9,0.0,4.0,4.0,12.3,11.8,2.0,0.0,0.0,0.0,3.0,0.0,0.0,0.7
178,570025,57,1,1,431.0,276.7,310.6,160.9,4.2,1.2,57.3,7.2,33.6,0.0,172.7,132.4,11.1,0.0,11.4,0.0,6.0,5.9,15.5,15.3,3.0,0.0,0.0,0.0,4.2,0.0,0.0,1.2
179,570026,57,1,1,156.8,119.8,48.4,19.6,0.8,0.2,8.7,0.0,4.9,0.0,28.2,17.4,2.2,0.0,2.3,0.0,0.4,0.4,1.7,1.8,0.0,0.0,0.0,0.0,0.8,0.0,0.0,0.2
180,570027,57,1,1,376.7,224.1,272.8,122.9,4.4,1.3,49.6,0.0,28.4,0.0,154.0,104.3,10.3,0.0,10.7,0.0,4.8,4.7,14.1,13.8,1.0,0.0,0.0,0.0,4.4,0.0,0.0,1.3
181,570028,57,1,1,471.1,277.1,360.7,167.5,6.1,1.8,68.0,0.2,39.7,0.0,202.1,141.6,11.9,0.0,12.2,0.0,6.7,6.7,19.2,19.1,1.0,0.0,0.0,0.0,6.1,0.0,0.0,1.8
182,570029,57,1,1,517.0,321.1,402.8,207.9,6.9,2.5,73.9,7.4,41.6,0.0,224.1,168.2,14.6,0.0,15.0,0.0,9.4,9.3,23.3,23.1,1.0,0.0,0.0,0.0,6.9,0.0,0.0,2.5
183,570030,57,1,1,288.3,204.5,182.6,108.6,2.6,0.9,33.8,6.1,18.2,0.0,103.0,88.7,6.7,0.0,7.0,0.0,4.0,3.9,9.9,9.8,0.0,0.0,0.0,0.0,2.6,0.0,0.0,0.9
184,570031,57,1,1,981.9,519.5,846.7,393.0,15.7,5.2,158.9,0.7,89.8,0.0,473.3,330.4,30.1,0.0,30.8,0.0,17.2,17.0,45.6,44.9,1.0,0.0,0.0,0.0,15.7,0.0,0.0,5.2
185,570032,57,1,2,539.4,304.5,427.6,193.3,8.2,2.9,77.8,0.2,44.1,0.0,237.8,163.0,15.0,0.0,15.4,0.0,8.2,8.0,22.4,22.2,4.0,0.0,3.0,0.0,8.2,0.0,0.0,2.9
186,570033,57,1,2,178.4,125.6,90.1,37.3,1.9,0.7,15.6,0.0,9.3,0.0,52.0,32.3,4.0,0.0,4.2,0.0,1.1,1.1,3.9,3.9,0.0,0.0,0.0,0.0,1.9,0.0,0.0,0.7
187,570034,57,1,1,271.4,198.8,159.4,92.2,1.5,0.5,24.3,5.9,13.9,5.8,77.1,48.2,5.4,0.0,5.6,0.0,9.6,9.5,23.4,22.7,0.0,0.0,0.0,0.0,1.5,0.0,0.0,0.5
188,570035,57,1,1,129.8,102.3,21.9,11.0,0.3,0.1,4.1,0.0,2.2,0.0,13.3,10.2,0.8,0.0,0.8,0.0,0.1,0.1,0.7,0.7,0.0,0.0,0.0,0.0,0.3,0.0,0.0,0.1
189,570036,57,1,1,734.0,403.9,612.8,285.3,9.5,2.9,112.0,3.1,63.4,0.0,333.1,238.5,20.8,0.0,21.4,0.0,11.9,11.8,32.2,31.8,18.0,0.0,0.0,0.0,9.5,0.0,0.0,2.9
190,570037,57,1,1,777.1,2378.0,652.5,2256.2,10.6,3.4,121.0,8.6,68.9,0.0,365.0,252.9,23.4,0.0,23.9,1946.7,14.1,14.0,34.3,33.9,1.0,0.0,1.0,0.0,10.6,0.0,0.0,3.4
191,570038,57,1,2,1481.1,758.7,1325.4,615.2,22.7,7.4,246.1,7.9,138.0,0.0,740.4,511.1,49.0,0.0,50.1,0.0,26.8,26.5,70.9,69.8,3.0,0.0,1.0,0.0,22.7,0.0,0.0,7.4
192,570039,57,1,1,125.1,97.2,26.7,11.5,0.4,0.1,4.6,0.0,2.6,0.0,16.0,10.5,1.2,0.0,1.2,0.0,0.1,0.1,0.9,0.9,0.0,0.0,0.0,0.0,0.4,0.0,0.0,0.1
193,570040,57,1,2,2079.2,1026.8,1899.4,863.7,31.4,10.1,348.6,3.9,194.2,0.0,1053.2,723.9,70.7,0.0,72.3,0.0,38.4,37.6,100.2,98.3,20.0,0.0,2.0,0.0,31.4,0.0,0.0,10.1
194,570041,57,1,1,100.7,84.0,0.0,0.0,0.0,0.0,0.0,0.0,0.0,0.0,0.0,0.0,0.0,0.0,0.0,0.0,0.0,0.0,0.0,0.0,0.0,0.0,0.0,0.0,0.0,0.0,0.0,0.0
195,570042,57,1,2,990.1,1004.2,851.2,869.7,12.4,2.9,147.8,2.8,85.2,0.0,481.3,267.2,41.8,551.1,42.8,0.0,13.2,13.2,36.0,35.5,2.0,0.0,1.0,0.0,12.4,0.0,0.0,2.9
196,570043,57,1,2,1228.3,537.2,1080.2,395.5,15.9,3.9,185.2,0.7,106.4,0.0,604.2,333.8,53.1,0.0,54.3,0.0,16.8,16.7,45.1,44.3,14.0,0.0,1.0,0.0,15.9,0.0,0.0,3.9
197,570044,57,1,2,1810.1,760.5,1637.7,604.0,25.2,6.6,284.8,1.2,165.2,0.0,913.5,508.2,76.2,0.0,77.9,0.0,26.3,25.9,69.9,68.7,23.0,0.0,1.0,0.0,25.2,0.0,0.0,6.6
198,570045,57,1,2,410.7,227.1,291.4,108.6,4.6,1.2,50.5,0.1,29.6,0.0,165.7,92.7,14.1,0.0,14.5,0.0,3.9,3.8,12.0,11.9,1.0,0.0,0.0,0.0,4.6,0.0,0.0,1.2
199,570046,57,1,1,107.3,92.4,0.0,0.0,0.0,0.0,0.0,0.0,0.0,0.0,0.0,0.0,0.0,0.0,0.0,0.0,0.0,0.0,0.0,0.0,0.0,0.0,0.0,0.0,0.0,0.0,0.0,0.0
200,570047,57,1,1,636.8,333.1,507.5,220.2,11.5,3.1,94.9,0.4,54.7,0.0,284.6,186.1,18.6,0.0,18.9,0.0,9.2,9.0,25.7,24.7,1.0,0.0,0.0,0.0,11.5,0.0,0.0,3.1
201,570048,57,1,1,363.2,199.2,253.9,96.3,5.9,1.7,44.4,0.1,26.9,0.0,145.1,82.4,11.1,0.0,11.4,0.0,3.4,3.4,10.7,10.3,1.0,0.0,0.0,0.0,5.9,0.0,0.0,1.7
202,570049,57,1,2,424.0,228.5,311.5,122.5,7.5,2.3,54.9,0.4,32.3,0.0,177.0,104.2,13.7,0.0,14.1,0.0,4.7,4.6,13.7,13.3,1.0,0.0,0.0,0.0,7.5,0.0,0.0,2.3
203,570050,57,1,1,771.2,416.5,649.8,305.6,12.9,3.7,120.8,9.7,69.6,0.0,365.0,250.7,22.8,0.0,23.3,0.0,12.9,12.7,34.4,32.6,1.0,0.0,0.0,0.0,12.9,0.0,0.0,3.7
204,570051,57,1,2,1098.3,491.5,959.0,365.0,19.4,4.8,166.9,0.6,97.8,0.0,542.0,307.9,45.1,0.0,46.0,0.0,16.0,15.7,43.1,40.9,1.0,0.0,1.0,0.0,19.4,0.0,0.0,4.8
205,570052,57,1,2,2849.5,1216.9,2621.6,1025.5,59.7,16.9,460.1,9.8,268.1,0.0,1474.8,856.4,120.5,0.0,123.2,0.0,46.5,44.8,121.5,114.4,6.0,0.0,1.0,0.0,59.7,0.0,0.0,16.9
206,570053,57,1,2,1307.5,594.5,1154.3,455.0,26.4,7.7,201.1,12.3,117.9,0.0,649.1,373.9,53.1,0.0,54.2,0.0,19.6,19.2,52.2,49.6,6.0,0.0,1.0,0.0,26.4,0.0,0.0,7.7
207,570054,57,1,1,302.0,192.0,190.0,82.9,3.3,0.7,34.9,0.1,20.0,0.0,107.9,71.1,7.1,0.0,7.2,0.0,2.8,2.7,9.2,8.9,0.0,0.0,1.0,0.0,3.3,0.0,0.0,0.7
208,570055,57,1,2,967.4,440.8,834.5,314.8,17.2,4.7,144.9,0.8,85.7,0.0,468.3,265.8,37.5,0.0,38.3,0.0,13.7,13.3,37.1,34.9,7.0,0.0,2.0,0.0,17.2,0.0,0.0,4.7
209,570056,57,1,2,766.0,372.5,637.5,251.7,14.8,4.5,111.6,4.9,64.5,0.0,361.4,209.2,29.9,0.0,30.6,0.0,10.5,10.2,29.0,27.4,0.0,0.0,0.0,0.0,14.8,0.0,0.0,4.5
210,570057,57,1,1,225.0,161.2,114.4,53.3,2.2,0.5,21.4,0.1,12.0,0.0,65.1,46.0,4.1,0.0,4.3,0.0,1.6,1.6,5.8,5.5,0.0,0.0,0.0,0.0,2.2,0.0,0.0,0.5
211,570058,57,1,2,233.7,237.9,131.6,132.0,1.1,1.5,10.0,14.9,5.9,22.0,32.6,20.7,2.4,0.0,2.6,0.0,24.2,23.6,53.9,50.8,0.0,0.0,0.0,0.0,1.1,0.0,0.0,1.5
212,570059,57,1,2,1292.5,770.7,1127.1,612.6,22.9,7.9,207.6,34.5,120.2,0.0,625.8,490.6,38.5,0.0,39.4,0.0,28.8,27.8,63.8,59.8,2.0,0.0,1.0,0.0,22.9,0.0,0.0,7.9
213,570060,57,1,2,4974.3,5141.9,4453.8,4620.0,66.6,57.3,559.1,376.6,327.2,867.5,1870.7,1280.8,175.3,866.9,178.9,0.0,369.8,352.0,944.7,876.3,24.0,0.0,4.0,0.0,66.6,0.0,0.0,57.3
214,570061,57,1,2,5005.3,1774.2,4668.0,1503.9,105.1,27.1,785.4,3.7,445.5,0.0,2636.7,1264.3,265.2,0.0,270.7,0.0,69.2,66.6,179.3,169.2,13.0,0.0,3.0,0.0,105.1,0.0,0.0,27.1
215,570062,57,1,2,1473.2,868.8,1301.2,705.8,23.9,8.1,234.2,48.3,135.4,5.2,715.0,542.4,46.8,0.0,47.7,0.0,36.9,35.6,79.1,74.2,5.0,0.0,1.0,0.0,23.9,0.0,0.0,8.1
216,570063,57,1,2,860.2,463.8,733.3,340.4,14.5,4.3,136.1,3.7,78.7,0.0,410.2,285.2,25.4,0.0,26.0,0.0,15.3,14.7,39.6,36.8,2.0,0.0,0.0,0.0,14.5,0.0,0.0,4.3
217,570064,57,1,2,1952.3,917.2,1750.5,725.6,33.0,10.3,280.1,10.6,159.6,87.0,941.0,481.7,92.7,0.0,94.7,0.0,37.8,36.4,117.6,109.9,24.0,0.0,3.0,0.0,33.0,0.0,0.0,10.3
218,570065,57,1,2,3644.6,1310.1,3379.9,1084.8,68.6,17.4,567.2,3.3,321.9,0.0,1908.8,911.0,191.6,0.0,195.6,0.0,49.6,48.0,129.2,122.5,11.0,0.0,5.0,0.0,68.6,0.0,0.0,17.4
219,570066,57,1,2,1581.4,3171.3,1402.6,2993.4,22.3,14.4,215.6,207.8,121.9,0.0,661.6,685.8,44.5,0.0,45.5,1839.5,110.7,106.1,164.7,154.2,37.0,0.0,1.0,0.0,22.3,0.0,0.0,14.4
220,570067,57,1,2,1409.5,814.3,1253.4,666.2,25.5,8.7,245.4,7.3,137.3,0.0,686.3,555.7,32.4,0.0,33.1,0.0,30.0,29.2,78.9,73.9,9.0,0.0,1.0,0.0,25.5,0.0,0.0,8.7
221,570068,57,1,2,2198.5,1248.0,1999.1,1072.0,43.8,16.2,395.1,3.4,222.2,0.0,1095.3,900.0,49.3,0.0,50.5,0.0,49.1,47.5,127.6,121.2,7.0,0.0,3.0,0.0,43.8,0.0,0.0,16.2
222,570069,57,1,1,1116.7,563.9,967.6,423.5,17.8,4.5,182.0,0.7,103.1,0.0,540.7,356.7,34.6,0.0,35.3,0.0,18.9,18.4,50.1,47.7,3.0,0.0,0.0,0.0,17.8,0.0,0.0,4.5
223,570070,57,1,2,986.6,527.0,849.0,394.2,16.4,4.9,160.5,0.6,92.9,0.0,468.5,332.1,26.2,0.0,26.8,0.0,17.5,17.1,46.7,44.4,10.0,0.0,0.0,0.0,16.4,0.0,0.0,4.9
224,570071,57,1,2,7508.3,4664.2,6980.9,4225.0,179.7,80.2,1233.2,196.3,669.4,0.0,3838.6,2710.1,298.5,752.5,304.7,0.0,191.2,183.5,406.3,382.6,27.0,0.0,12.0,0.0,179.7,0.0,0.0,80.2
225,570072,57,1,2,2399.4,4895.1,1626.1,4024.6,7.6,104.2,50.1,697.2,28.3,995.6,161.8,1046.3,11.6,0.0,12.0,0.0,401.1,383.2,956.2,902.4,1.0,0.0,4.0,0.0,7.6,0.0,0.0,104.2
226,570073,57,1,2,3646.6,1712.0,3365.4,1475.8,80.6,30.4,601.8,39.3,323.3,0.0,1876.7,1205.6,147.2,0.0,150.3,0.0,70.2,67.4,171.8,163.5,21.0,0.0,3.0,0.0,80.6,0.0,0.0,30.4
227,570074,57,1,3,1373.3,2612.8,1068.6,2294.0,20.7,32.8,147.5,295.3,81.7,119.5,457.1,672.5,33.7,911.8,34.3,0.0,115.3,110.8,193.9,184.1,3.0,0.0,2.0,0.0,20.7,0.0,0.0,32.8
228,570075,57,1,2,4507.4,3456.3,4166.8,3156.9,94.5,38.0,686.4,145.8,376.4,0.0,2260.2,1288.3,228.9,0.0,233.7,1389.8,121.0,116.2,228.2,216.8,26.0,0.0,6.0,0.0,94.5,0.0,0.0,38.0
229,570076,57,1,2,2001.3,900.2,1773.1,688.8,43.4,15.8,312.5,16.7,177.2,0.0,995.0,574.6,88.2,0.0,90.0,0.0,29.5,28.7,71.6,68.8,7.0,0.0,2.0,0.0,43.4,0.0,0.0,15.8
230,570077,57,1,3,3318.7,7196.9,1279.2,5018.0,0.0,118.0,0.0,1639.8,0.0,352.1,6.0,1812.3,0.0,0.0,0.0,0.0,542.4,521.0,724.8,692.7,0.0,0.0,6.0,0.0,0.0,0.0,0.0,118.0
231,570078,57,1,3,6883.4,16388.5,3945.2,13179.3,0.0,283.3,0.0,4901.2,0.0,2965.5,10.0,1548.8,0.0,0.0,0.0,0.0,1481.0,1425.4,2444.2,2338.4,0.0,0.0,10.0,0.0,0.0,0.0,0.0,283.3
232,570079,57,1,2,1498.2,611.1,1310.0,435.1,30.5,8.6,227.4,0.6,126.9,0.0,738.5,366.5,69.8,0.0,71.4,0.0,19.2,18.8,50.8,49.2,4.0,0.0,2.0,0.0,30.5,0.0,0.0,8.6
233,570080,57,1,3,1038.5,1056.1,800.4,810.0,17.3,18.7,126.3,175.4,72.7,21.4,397.3,482.4,32.9,0.0,33.5,0.0,54.8,52.9,80.9,77.9,2.0,0.0,0.0,0.0,17.3,0.0,0.0,18.7
234,570081,57,1,3,2066.9,944.7,1839.0,734.6,42.8,14.4,331.4,15.5,186.2,0.0,1017.7,610.0,84.0,0.0,85.8,0.0,32.2,31.5,79.9,77.6,18.0,0.0,4.0,0.0,42.8,0.0,0.0,14.4
235,570082,57,1,2,1674.3,3326.5,934.1,2553.4,15.4,52.9,126.0,1363.8,72.2,31.9,353.5,826.2,15.6,0.0,16.1,0.0,235.0,228.0,106.6,103.5,7.0,0.0,2.0,0.0,15.4,0.0,0.0,52.9
236,570083,57,1,2,3353.5,1554.1,3057.9,1293.5,67.3,24.2,544.4,31.9,302.5,64.5,1665.0,968.7,139.0,0.0,142.0,0.0,64.0,62.2,171.0,166.1,27.0,0.0,3.0,0.0,67.3,0.0,0.0,24.2
237,570084,57,1,2,539.7,911.0,318.1,677.2,5.0,12.9,40.8,161.4,22.0,21.2,129.6,396.4,11.4,0.0,11.8,0.0,43.9,42.8,56.6,55.5,1.0,0.0,1.0,0.0,5.0,0.0,0.0,12.9
238,570085,57,1,2,4059.6,3629.2,3515.4,3094.1,77.7,62.2,637.7,313.7,373.2,243.7,1739.0,1956.5,69.5,0.0,71.0,0.0,184.6,179.4,412.4,400.8,26.0,0.0,2.0,0.0,77.7,0.0,0.0,62.2
239,570086,57,1,1,254.4,192.2,100.8,39.9,2.2,0.6,18.6,0.7,10.2,0.0,57.4,34.4,4.8,0.0,5.0,0.0,1.2,1.2,3.7,3.7,0.0,0.0,0.0,0.0,2.2,0.0,0.0,0.6
240,570087,57,1,2,323.7,219.8,194.1,91.1,3.8,1.1,36.9,0.1,19.6,0.0,109.0,78.4,6.7,0.0,7.0,0.0,3.2,3.1,9.7,9.5,0.0,0.0,2.0,0.0,3.8,0.0,0.0,1.1
241,570088,57,1,2,155.3,151.4,5.5,3.5,0.1,0.1,1.1,0.0,0.6,0.0,3.2,3.2,0.2,0.0,0.2,0.0,0.0,0.0,0.3,0.2,0.0,0.0,0.0,0.0,0.1,0.0,0.0,0.1
242,570089,57,1,2,221.7,181.3,69.5,29.1,1.7,0.4,13.3,0.0,7.1,0.0,39.3,25.6,3.0,0.0,3.0,0.0,0.8,0.8,2.9,2.8,0.0,0.0,0.0,0.0,1.7,0.0,0.0,0.4
243,570090,57,1,2,1450.1,768.1,1273.8,604.9,25.5,7.9,242.8,7.7,131.2,0.0,705.8,506.2,46.7,0.0,47.8,0.0,26.3,25.8,68.1,65.2,2.0,0.0,3.0,0.0,25.5,0.0,0.0,7.9
244,570091,57,1,2,58.6,68.6,23.4,34.7,0.0,0.9,0.0,4.5,0.0,7.5,0.0,0.0,0.0,0.0,0.0,0.0,7.0,6.8,16.4,15.8,0.0,0.0,0.0,0.0,0.0,0.0,0.0,0.9
245,570092,57,1,2,4557.1,3223.0,3957.8,2637.2,83.0,59.8,591.0,478.3,312.6,211.6,1860.7,1173.7,180.8,0.0,184.7,0.0,282.4,271.0,526.5,502.5,11.0,0.0,8.0,0.0,83.0,0.0,0.0,59.8
246,570093,57,1,2,627.0,320.9,458.4,156.0,10.9,3.3,78.4,0.3,41.9,0.0,237.9,132.8,20.6,0.0,21.1,0.0,6.2,6.0,17.4,16.9,35.0,0.0,0.0,0.0,10.9,0.0,0.0,3.3
247,570094,57,1,2,6008.5,2419.1,5591.9,2078.7,129.4,37.4,1029.8,7.1,548.5,0.0,3087.3,1750.9,265.0,0.0,270.4,0.0,93.8,90.3,241.2,230.5,45.0,0.0,11.0,0.0,129.4,0.0,0.0,37.4
248,570095,57,1,2,1197.1,644.3,1024.1,478.6,22.8,6.9,198.2,0.9,107.1,0.0,565.1,405.5,35.5,0.0,36.3,0.0,20.5,19.9,54.4,52.3,5.0,0.0,2.0,0.0,22.8,0.0,0.0,6.9
249,570096,57,1,2,4063.2,1588.6,3781.8,1347.6,76.9,18.5,655.7,4.3,391.1,0.0,2089.4,1137.9,169.6,0.0,173.1,0.0,59.6,57.5,155.1,148.0,80.0,0.0,8.0,0.0,76.9,0.0,0.0,18.5
250,570097,57,1,3,3156.7,2982.5,2804.9,2647.1,62.9,35.7,507.8,242.0,274.7,5.9,1441.8,1425.2,91.6,636.8,93.6,0.0,129.5,124.4,223.0,212.8,39.0,0.0,4.0,0.0,62.9,0.0,0.0,35.7
251,570098,57,1,3,1551.1,4305.2,1345.3,4096.7,26.5,19.4,196.8,233.2,115.6,0.0,637.1,631.3,54.7,0.0,55.9,2967.7,115.2,110.4,161.0,154.1,6.0,0.0,3.0,0.0,26.5,0.0,0.0,19.4
252,570099,57,1,3,3691.0,5768.2,2838.2,4823.2,16.2,112.4,113.6,1339.4,69.7,805.8,391.7,579.1,28.2,0.0,28.9,0.0,769.5,739.6,1424.6,1359.3,2.0,0.0,10.0,0.0,16.2,0.0,0.0,112.4
253,570100,57,1,3,8223.4,6500.1,7026.1,5329.5,147.9,110.9,1041.0,1222.3,613.0,255.9,3672.8,2965.7,369.1,0.0,376.7,0.0,370.3,355.6,554.2,530.0,18.0,0.0,11.0,0.0,147.9,0.0,0.0,110.9
254,570101,57,1,3,4937.0,3195.9,4506.9,2810.1,96.2,39.9,762.7,198.9,410.1,51.9,2374.6,1448.1,224.2,643.5,228.6,0.0,164.8,158.5,322.9,309.1,11.0,0.0,8.0,0.0,96.2,0.0,0.0,39.9
255,570102,57,1,3,2299.2,1641.4,2035.9,1393.0,47.3,23.6,398.8,95.6,225.3,0.0,1101.8,1114.1,51.7,0.0,52.8,0.0,59.8,57.7,130.6,125.6,11.0,0.0,4.0,0.0,47.3,0.0,0.0,23.6
256,570103,57,1,3,831.0,566.2,682.0,418.9,16.5,7.1,130.9,19.2,72.1,5.9,372.6,333.6,20.1,0.0,20.5,0.0,18.5,17.8,44.3,42.5,1.0,0.0,2.0,0.0,16.5,0.0,0.0,7.1
257,570104,57,1,3,5020.3,4051.1,4452.0,3489.4,89.4,70.0,700.3,271.2,369.1,547.8,2087.8,1742.6,155.0,0.0,158.3,0.0,272.9,263.1,690.6,664.7,13.0,0.0,5.0,0.0,89.4,0.0,0.0,70.0
258,570105,57,1,3,279.5,618.4,62.0,384.9,0.3,8.0,1.5,113.4,1.1,23.2,6.0,197.8,0.6,0.0,0.6,0.0,24.0,23.2,28.3,27.4,0.0,0.0,0.0,0.0,0.3,0.0,0.0,8.0
259,570106,57,1,3,1555.5,1562.0,1281.3,1285.2,28.7,22.6,233.8,174.5,127.3,65.1,661.8,870.4,35.7,0.0,36.5,0.0,60.3,58.1,121.8,117.1,2.0,0.0,2.0,0.0,28.7,0.0,0.0,22.6
260,570107,57,1,2,103.3,100.5,0.0,0.0,0.0,0.0,0.0,0.0,0.0,0.0,0.0,0.0,0.0,0.0,0.0,0.0,0.0,0.0,0.0,0.0,0.0,0.0,0.0,0.0,0.0,0.0,0.0,0.0
261,570108,57,1,2,1122.2,507.6,951.8,354.1,18.5,3.8,169.7,2.4,94.4,0.0,534.9,299.0,48.2,0.0,49.4,0.0,14.7,14.4,39.6,38.3,1.0,0.0,0.0,0.0,18.5,0.0,0.0,3.8
262,570109,57,1,2,741.1,366.5,590.1,222.5,10.5,2.5,106.7,0.6,60.8,0.0,332.4,189.3,27.5,0.0,28.1,0.0,8.9,8.8,24.7,23.8,1.0,0.0,0.0,0.0,10.5,0.0,0.0,2.5
263,570110,57,1,2,4225.1,1831.7,3938.4,1595.3,78.8,19.7,691.0,11.7,403.6,11.9,2199.0,1324.3,175.2,0.0,178.7,0.0,71.1,68.5,185.8,178.8,29.0,0.0,5.0,0.0,78.8,0.0,0.0,19.7
264,570111,57,1,2,8879.2,3750.0,8369.2,3353.5,170.6,41.1,1480.8,11.5,844.6,0.0,4681.6,2830.4,387.4,0.0,395.3,0.0,149.7,144.0,382.9,367.6,38.0,0.0,9.0,0.0,170.6,0.0,0.0,41.1
265,570112,57,1,2,4014.0,3178.9,3714.1,2914.0,70.4,22.7,669.4,104.0,369.4,0.0,2008.8,1439.6,146.3,1046.0,149.3,0.0,111.0,106.7,226.9,217.7,27.0,0.0,6.0,0.0,70.4,0.0,0.0,22.7
266,570113,57,1,3,2621.5,1140.9,2400.9,951.9,56.1,14.2,418.4,2.0,243.5,0.0,1342.5,805.1,111.0,0.0,113.3,0.0,41.6,40.2,108.5,104.6,20.0,0.0,2.0,0.0,56.1,0.0,0.0,14.2
267,570114,57,1,3,3899.3,1520.2,3619.4,1292.6,83.7,19.2,615.7,2.8,370.4,0.0,2020.1,1093.2,172.1,0.0,175.5,0.0,56.9,54.7,147.6,141.8,58.0,0.0,3.0,0.0,83.7,0.0,0.0,19.2
268,570115,57,1,2,1783.1,839.6,1601.9,668.5,28.6,8.0,288.4,1.4,160.2,0.0,870.4,566.3,63.1,0.0,64.5,0.0,28.7,27.9,75.6,72.9,47.0,0.0,4.0,0.0,28.6,0.0,0.0,8.0
269,570116,57,1,3,1245.8,1234.4,1011.2,1000.7,22.9,15.9,181.9,214.8,99.2,11.9,514.4,629.4,27.7,0.0,28.3,0.0,58.4,56.2,91.3,88.4,9.0,0.0,1.0,0.0,22.9,0.0,0.0,15.9
270,570117,57,1,3,2392.4,3694.0,2006.4,3260.2,13.7,54.6,109.5,210.1,60.6,1256.6,311.3,364.5,16.3,0.0,16.7,0.0,386.8,371.2,1100.2,1057.7,2.0,0.0,3.0,0.0,13.7,0.0,0.0,54.6
271,570118,57,1,3,4007.2,3217.1,3690.0,2938.3,78.1,31.8,645.8,169.9,366.1,36.1,1998.1,1580.2,135.5,781.0,138.4,0.0,125.6,121.0,259.4,250.2,18.0,0.0,3.0,0.0,78.1,0.0,0.0,31.8
272,570119,57,1,3,2396.7,2801.6,2163.9,2586.5,44.3,18.6,380.5,126.7,211.8,0.0,1149.6,947.5,81.4,0.0,83.3,1275.1,87.8,84.7,158.6,152.4,9.0,0.0,2.0,0.0,44.3,0.0,0.0,18.6
273,570120,57,1,3,3346.0,1593.0,3096.8,1378.8,60.3,17.1,563.3,3.2,315.7,0.0,1723.5,1166.5,125.5,0.0,128.1,0.0,60.7,58.4,156.9,150.7,22.0,0.0,1.0,0.0,60.3,0.0,0.0,17.1
274,570121,57,1,2,7096.8,3059.5,6690.1,2723.2,118.6,33.6,1175.2,10.9,668.4,0.0,3717.6,2296.5,299.1,0.0,305.1,0.0,121.2,116.8,310.6,298.9,88.0,0.0,5.0,0.0,118.6,0.0,0.0,33.6
275,570122,57,1,2,295.7,272.9,119.5,91.3,2.4,1.2,25.1,7.5,12.4,0.0,63.3,71.4,3.0,0.0,3.0,0.0,4.2,4.1,8.5,8.3,0.0,0.0,0.0,0.0,2.4,0.0,0.0,1.2
276,570123,57,1,3,8412.8,6023.8,7815.5,5492.3,150.7,74.3,1302.9,257.4,739.5,390.4,4077.0,3197.4,285.3,459.8,291.3,125.0,320.5,309.2,777.9,753.1,17.0,0.0,4.0,0.0,150.7,0.0,0.0,74.3
277,570124,57,1,3,394.3,673.7,248.3,518.0,2.5,8.3,19.5,30.8,10.7,203.8,57.1,134.5,3.4,0.0,3.5,0.0,32.4,31.5,121.7,117.5,0.0,0.0,0.0,0.0,2.5,0.0,0.0,8.3
278,570125,57,1,3,7613.9,8978.5,6749.6,8076.7,92.1,122.3,797.7,833.8,467.5,1947.9,2323.3,2521.2,117.5,0.0,120.1,0.0,816.9,787.4,2051.6,1986.3,49.0,0.0,6.0,0.0,92.1,0.0,0.0,122.3
279,570126,57,1,3,1130.7,905.9,959.9,741.5,19.5,10.8,167.4,110.6,97.4,6.0,494.5,514.3,27.1,0.0,27.9,0.0,40.4,39.4,73.2,71.3,31.0,0.0,1.0,0.0,19.5,0.0,0.0,10.8
280,570127,57,1,3,1562.1,792.6,1412.6,659.0,28.8,8.9,256.1,2.7,145.8,0.0,793.6,556.5,54.9,0.0,56.2,0.0,28.4,27.6,74.6,72.2,2.0,0.0,1.0,0.0,28.8,0.0,0.0,8.9
281,570128,57,1,3,2847.0,1559.5,2614.2,1361.6,55.5,18.4,501.0,6.4,288.1,0.0,1440.1,1145.5,75.8,0.0,77.4,0.0,60.8,58.7,156.0,151.0,14.0,0.0,1.0,0.0,55.5,0.0,0.0,18.4
282,570129,57,1,3,6150.5,4187.9,5608.7,3681.0,102.1,57.2,917.0,255.5,502.4,375.9,2925.4,2321.7,242.0,0.0,247.0,0.0,210.2,203.9,536.7,524.1,24.0,0.0,4.0,0.0,102.1,0.0,0.0,57.2
283,570130,57,1,3,5901.6,4861.5,5408.7,4391.4,92.4,56.5,841.0,291.2,490.0,297.2,2617.2,2033.7,183.3,728.6,187.2,0.0,337.4,326.2,734.5,714.4,10.0,0.0,8.0,0.0,92.4,0.0,0.0,56.5
284,570131,57,1,3,4068.1,1918.9,3791.4,1683.5,74.0,23.9,679.6,16.0,394.4,0.0,2114.4,1406.7,149.1,0.0,152.2,0.0,75.4,73.1,192.4,187.7,32.0,0.0,2.0,0.0,74.0,0.0,0.0,23.9
285,570132,57,1,3,553.5,334.7,440.1,223.9,9.1,3.1,80.2,3.5,45.1,0.0,246.5,189.0,16.9,0.0,17.4,0.0,8.9,8.7,23.1,22.7,1.0,0.0,1.0,0.0,9.1,0.0,0.0,3.1
286,570133,57,1,3,2238.9,1489.1,2021.3,1284.5,38.0,19.7,351.3,154.0,201.3,19.4,1086.6,890.5,73.4,0.0,75.1,0.0,71.8,70.0,152.9,150.5,8.0,0.0,1.0,0.0,38.0,0.0,0.0,19.7
287,570134,57,1,3,1402.8,698.6,1251.1,558.3,25.0,8.0,226.8,1.1,121.5,0.0,699.7,470.6,52.0,0.0,53.2,0.0,24.2,23.8,63.8,62.8,9.0,0.0,1.0,0.0,25.0,0.0,0.0,8.0
288,570135,57,1,3,10114.2,8977.9,9350.6,8300.6,198.6,99.6,1644.9,427.9,914.3,130.7,5035.6,4251.6,321.9,1003.8,328.4,1464.1,346.0,333.9,712.5,688.5,40.0,0.0,7.0,0.0,198.6,0.0,0.0,99.6
289,570136,57,1,3,972.5,1446.9,760.5,1221.4,10.0,21.5,81.1,121.2,46.8,363.4,257.9,411.0,19.1,0.0,19.6,0.0,80.6,78.4,253.5,247.4,1.0,0.0,1.0,0.0,10.0,0.0,0.0,21.5
290,570137,57,1,3,1579.4,704.4,1381.8,519.4,30.6,9.6,250.9,0.9,139.1,0.0,771.7,437.2,65.8,0.0,67.3,0.0,22.9,22.4,60.1,58.9,3.0,0.0,1.0,0.0,30.6,0.0,0.0,9.6
291,570138,57,1,3,4910.5,2341.5,4568.8,2055.1,98.5,35.5,801.5,44.0,447.5,0.0,2540.9,1691.7,206.3,0.0,210.5,0.0,97.5,94.5,231.6,224.9,31.0,0.0,2.0,0.0,98.5,0.0,0.0,35.5
292,570139,57,1,3,1986.2,2081.6,1721.1,1809.8,26.5,30.0,229.3,208.4,139.2,339.3,744.2,776.0,54.4,0.0,55.7,0.0,139.6,136.4,353.6,349.7,3.0,0.0,2.0,0.0,26.5,0.0,0.0,30.0
293,570140,57,1,3,4387.4,2688.6,4026.8,2359.9,76.9,37.7,685.6,186.6,400.5,96.3,2176.4,1665.7,159.4,0.0,162.8,0.0,130.5,127.0,288.6,284.4,20.0,0.0,3.0,0.0,76.9,0.0,0.0,37.7
294,570141,57,1,3,5819.6,9819.2,4985.7,8874.5,39.7,137.4,344.4,754.4,205.5,2879.3,1116.9,1629.8,81.7,423.3,83.5,84.0,790.5,773.6,2346.2,2330.0,12.0,0.0,5.0,0.0,39.7,0.0,0.0,137.4
295,570142,57,1,2,148.4,131.3,53.7,32.2,1.1,0.5,11.0,0.0,6.1,0.0,30.0,28.2,1.2,0.0,1.4,0.0,0.9,0.9,3.2,3.1,0.0,0.0,0.0,0.0,1.1,0.0,0.0,0.5
296,570143,57,1,1,189.2,146.4,87.4,40.7,1.8,0.5,16.4,0.0,9.6,0.0,49.7,35.5,3.1,0.0,3.3,0.0,1.2,1.1,4.2,4.1,0.0,0.0,0.0,0.0,1.8,0.0,0.0,0.5
297,570144,57,1,1,522.0,289.5,407.0,183.4,8.2,2.7,74.9,0.2,44.2,0.0,225.4,154.8,13.2,0.0,13.6,0.0,7.6,7.5,21.1,20.9,6.0,0.0,1.0,0.0,8.2,0.0,0.0,2.7
298,570145,57,1,2,327.7,221.7,224.8,122.4,5.0,1.9,44.4,0.0,25.8,0.0,125.0,104.1,5.4,0.0,5.6,0.0,4.7,4.7,14.0,13.6,0.0,0.0,0.0,0.0,5.0,0.0,0.0,1.9
299,570146,57,1,2,805.8,1526.4,524.7,1223.6,3.3,23.4,28.1,200.8,15.4,292.7,82.0,350.8,4.0,0.0,4.2,0.0,111.9,109.1,277.1,270.2,0.0,0.0,2.0,0.0,3.3,0.0,0.0,23.4
300,570147,57,1,2,1023.2,3577.5,688.2,3193.9,1.3,44.0,9.8,338.3,5.8,508.1,32.1,651.1,2.6,403.9,2.8,673.0,185.7,180.9,448.3,438.6,0.0,0.0,1.0,0.0,1.3,0.0,0.0,44.0
301,570148,57,1,3,275.6,194.5,136.1,50.3,3.0,1.0,24.5,0.0,14.2,0.0,77.1,43.3,6.5,0.0,6.7,0.0,1.6,1.6,5.4,5.4,0.0,0.0,0.0,0.0,3.0,0.0,0.0,1.0
302,570149,57,1,2,897.9,508.7,760.3,380.2,16.6,7.0,140.8,10.4,81.9,4.8,418.6,304.4,24.6,0.0,25.1,0.0,16.9,16.7,44.4,43.8,7.0,0.0,1.0,0.0,16.6,0.0,0.0,7.0
303,570150,57,1,2,1067.1,1179.4,860.0,959.3,12.2,20.4,96.0,96.6,55.4,158.7,292.8,337.8,18.8,0.0,19.2,0.0,112.5,109.7,262.3,256.6,1.0,0.0,2.0,0.0,12.2,0.0,0.0,20.4
304,570151,57,1,2,848.8,1146.6,727.2,1027.5,15.1,11.0,122.2,69.7,68.3,5.0,371.7,355.0,23.5,486.3,24.1,0.0,41.6,40.9,71.9,70.7,3.0,0.0,1.0,0.0,15.1,0.0,0.0,11.0
305,570152,57,1,1,104.9,101.7,5.7,3.1,0.1,0.1,1.0,0.0,0.7,0.0,3.6,2.9,0.2,0.0,0.2,0.0,0.0,0.0,0.1,0.1,0.0,0.0,0.0,0.0,0.1,0.0,0.0,0.1
306,570153,57,1,2,362.0,222.4,252.5,114.8,5.5,2.0,46.9,0.0,27.8,0.0,142.0,97.6,8.6,0.0,8.8,0.0,4.3,4.3,13.1,12.9,1.0,0.0,0.0,0.0,5.5,0.0,0.0,2.0
307,570154,57,1,2,1017.0,528.6,877.4,396.8,19.3,7.4,162.3,0.6,92.3,0.0,489.6,332.9,31.3,0.0,32.1,0.0,17.4,17.3,46.4,46.0,4.0,0.0,2.0,0.0,19.3,0.0,0.0,7.4
308,570155,57,1,3,1177.8,2105.3,888.1,1783.0,9.4,35.1,78.0,264.4,45.4,417.3,241.6,624.5,15.2,0.0,15.6,0.0,129.9,127.3,353.3,349.5,4.0,0.0,5.0,0.0,9.4,0.0,0.0,35.1
309,570156,57,1,3,2273.1,2058.3,1962.6,1746.9,34.5,31.8,309.9,271.2,167.8,199.5,953.7,894.1,64.9,0.0,66.3,0.0,123.0,120.4,265.1,261.8,7.0,0.0,5.0,0.0,34.5,0.0,0.0,31.8
310,570157,57,1,3,485.0,1087.5,279.6,862.9,0.0,17.2,0.0,111.3,0.0,305.8,1.0,172.0,0.0,0.0,0.0,0.0,65.1,63.7,212.5,210.2,0.0,0.0,1.0,0.0,0.0,0.0,0.0,17.2
311,570158,57,1,3,3616.2,8734.1,2697.4,7685.1,4.5,128.2,38.0,1170.0,21.9,1664.3,123.2,1462.1,7.3,0.0,7.6,918.5,734.5,720.9,1757.9,1749.3,0.0,0.0,7.0,0.0,4.5,0.0,0.0,128.2
312,570159,57,1,2,5883.0,3857.6,5324.6,3343.8,103.6,57.4,822.4,535.8,531.2,10.7,2946.3,2324.5,257.6,0.0,262.9,0.0,182.9,177.4,303.3,295.4,15.0,0.0,3.0,0.0,103.6,0.0,0.0,57.4
313,570160,57,1,3,7458.9,4634.3,6997.3,4240.5,132.8,53.8,1234.5,95.6,688.2,44.5,3827.2,2743.5,263.7,676.6,269.0,0.0,208.6,203.3,484.1,477.0,20.0,0.0,2.0,0.0,132.8,0.0,0.0,53.8
314,570161,57,1,3,6095.9,2964.4,5709.8,2640.4,113.9,38.3,1053.4,17.6,574.7,0.0,3189.2,2207.3,221.7,0.0,226.2,0.0,118.6,115.8,303.0,299.7,18.0,0.0,5.0,0.0,113.9,0.0,0.0,38.3
315,570162,57,1,3,1956.8,5676.2,868.4,4504.5,0.0,78.8,0.0,1283.3,0.0,820.9,2.0,1550.7,0.0,0.0,0.0,0.0,315.3,308.0,549.1,541.6,0.0,0.0,2.0,0.0,0.0,0.0,0.0,78.8
316,570163,57,1,3,13270.2,6619.7,12459.9,5955.9,255.2,91.7,2117.4,228.4,1254.0,32.9,6970.6,4757.1,539.8,0.0,550.8,0.0,284.5,278.3,664.7,659.1,75.0,0.0,3.0,0.0,255.2,0.0,0.0,91.7
317,570164,57,1,3,4963.9,2580.2,4619.1,2290.7,102.3,34.3,872.3,9.2,471.3,0.0,2549.6,1918.7,153.4,0.0,156.7,0.0,103.1,100.8,263.8,261.9,45.0,0.0,4.0,0.0,102.3,0.0,0.0,34.3
318,570165,57,1,3,1214.4,635.4,1078.1,508.4,22.0,7.4,189.0,1.3,108.7,0.0,548.1,426.6,29.5,0.0,30.2,0.0,22.1,21.9,58.6,58.5,91.0,0.0,1.0,0.0,22.0,0.0,0.0,7.4
319,570166,57,1,3,4703.2,12527.8,2158.0,9796.7,0.0,175.8,0.0,4453.1,0.0,1483.7,9.0,1752.9,0.0,0.0,0.0,0.0,981.5,960.8,1158.5,1146.2,0.0,0.0,9.0,0.0,0.0,0.0,0.0,175.8
320,570167,57,1,3,5960.8,3163.0,5581.2,2853.8,126.9,42.7,1005.0,45.4,590.5,0.0,3098.2,2342.7,185.4,0.0,189.4,0.0,137.9,134.9,331.8,330.8,38.0,0.0,5.0,0.0,126.9,0.0,0.0,42.7
321,570168,57,1,3,4933.4,3046.8,4582.1,2733.4,89.9,42.1,847.5,149.5,466.9,0.0,2470.0,2096.1,139.9,0.0,142.8,0.0,160.7,157.5,332.2,330.3,18.0,0.0,4.0,0.0,89.9,0.0,0.0,42.1
322,570169,57,1,3,3239.8,3233.2,2885.9,2884.6,56.3,46.1,480.8,322.0,286.0,230.8,1416.5,1773.4,64.0,0.0,65.4,0.0,176.9,173.5,386.2,384.9,8.0,0.0,2.0,0.0,56.3,0.0,0.0,46.1
323,570170,57,1,3,3602.8,2884.5,3213.2,2513.1,66.8,40.2,558.1,150.5,331.1,270.7,1640.2,1595.1,77.7,0.0,79.4,0.0,136.2,133.5,364.3,363.3,24.0,0.0,2.0,0.0,66.8,0.0,0.0,40.2
324,570171,57,1,3,4714.9,5045.8,4182.8,4507.4,76.3,71.4,606.2,388.6,352.6,901.9,1804.3,2008.5,91.2,0.0,93.1,0.0,322.2,316.1,894.3,892.2,14.0,0.0,5.0,0.0,76.3,0.0,0.0,71.4
325,570172,57,1,3,4389.2,2281.5,4089.7,2030.1,90.3,30.2,763.7,5.0,436.6,0.0,2268.1,1695.5,129.3,0.0,132.1,0.0,92.5,91.0,238.4,238.6,26.0,0.0,3.0,0.0,90.3,0.0,0.0,30.2
326,570173,57,1,3,4417.9,14410.2,1689.8,11472.2,0.0,203.3,0.0,4657.3,0.0,690.0,10.0,4440.7,0.0,0.0,0.0,35.6,911.2,894.4,758.6,754.1,0.0,0.0,10.0,0.0,0.0,0.0,0.0,203.3
327,570174,57,1,3,4894.9,3895.3,4495.2,3540.6,93.8,42.2,827.9,150.5,446.6,4.9,2438.2,2119.2,142.8,815.2,145.7,0.0,146.9,144.2,307.1,306.6,37.0,0.0,3.0,0.0,93.8,0.0,0.0,42.2
328,570175,57,1,3,3716.9,4231.9,3230.3,3739.2,58.3,58.7,470.2,246.8,281.6,466.7,1372.4,2056.0,58.5,0.0,59.8,0.0,283.1,278.4,690.7,691.3,12.0,0.0,2.0,0.0,58.3,0.0,0.0,58.7
329,570176,57,1,3,8467.3,7500.6,7816.1,6929.3,182.0,83.5,1389.4,308.3,780.1,360.8,4056.5,3600.3,212.8,596.1,217.1,968.7,321.5,316.0,777.7,779.0,54.0,0.0,7.0,0.0,182.0,0.0,0.0,83.5
330,570177,57,1,3,5078.1,3446.2,4737.1,3151.4,97.0,40.2,773.2,143.9,464.5,150.0,2540.5,1796.7,190.7,530.6,194.8,0.0,157.4,154.7,374.8,375.3,38.0,0.0,3.0,0.0,97.0,0.0,0.0,40.2
331,570178,57,1,3,3159.6,4076.5,2913.0,3829.1,47.9,43.8,456.6,481.4,262.1,0.0,1341.2,1710.0,64.0,979.8,65.4,0.0,263.3,259.2,397.3,398.6,61.0,0.0,2.0,0.0,47.9,0.0,0.0,43.8
332,570179,57,1,3,3311.0,2085.0,3052.0,1854.3,60.5,26.7,549.5,90.5,323.9,9.9,1663.8,1462.6,90.5,0.0,92.4,0.0,90.6,88.9,202.2,202.5,38.0,0.0,1.0,0.0,60.5,0.0,0.0,26.7
333,570180,57,1,4,8030.9,6539.7,7149.9,5705.9,132.1,88.1,1112.5,766.7,642.7,509.7,3607.6,3234.4,269.6,0.0,275.2,0.0,384.9,378.2,817.4,816.9,36.0,0.0,4.0,0.0,132.1,0.0,0.0,88.1
334,570181,57,1,4,6544.0,8992.9,5623.5,7996.4,55.9,124.8,457.3,817.8,268.1,1878.9,1337.8,1835.0,60.2,48.6,61.6,0.0,977.4,962.4,2445.0,2453.7,9.0,0.0,7.0,0.0,55.9,0.0,0.0,124.8
335,570182,57,1,3,8440.9,8279.2,7424.5,7228.2,96.5,117.5,776.3,765.9,439.0,933.6,2397.0,2076.3,154.9,0.0,158.1,0.0,1095.2,1081.3,2360.0,2371.1,36.0,0.0,8.0,0.0,96.5,0.0,0.0,117.5
336,570183,57,1,3,2528.5,1596.2,2321.7,1401.9,43.4,21.4,378.4,143.0,229.9,9.6,1243.6,964.0,94.1,20.6,95.9,0.0,93.3,92.0,171.4,172.7,13.0,0.0,2.0,0.0,43.4,0.0,0.0,21.4
337,570184,57,1,3,4149.8,5086.1,3781.2,4731.9,66.6,45.3,589.2,520.3,355.5,4.9,1919.4,1789.2,140.9,0.0,143.9,1808.7,242.4,238.8,368.7,369.9,20.0,0.0,1.0,0.0,66.6,0.0,0.0,45.3
338,570185,57,1,3,4990.2,2436.6,4680.7,2168.9,81.9,30.4,852.1,12.1,482.6,0.0,2583.4,1803.3,164.0,0.0,167.5,0.0,100.0,98.2,255.0,255.3,72.0,0.0,4.0,0.0,81.9,0.0,0.0,30.4
339,570186,57,1,3,884.4,2568.2,546.6,2191.5,0.5,38.6,3.2,601.0,2.2,185.3,12.2,883.3,0.8,0.0,0.8,0.0,207.2,203.6,319.3,318.4,0.0,0.0,1.0,0.0,0.5,0.0,0.0,38.6
340,570187,57,1,4,7994.5,13458.8,5626.6,10979.3,69.0,182.2,602.1,4189.3,331.9,1338.7,1756.1,2739.6,90.1,0.0,92.0,0.0,1140.6,1123.4,1584.7,1588.3,21.0,0.0,8.0,0.0,69.0,0.0,0.0,182.2
341,570188,57,1,4,2003.8,4514.8,1680.5,4160.7,15.0,46.9,124.2,480.9,69.6,553.8,361.9,731.7,17.7,880.8,18.1,430.9,334.3,328.9,750.8,753.6,2.0,0.0,2.0,0.0,15.0,0.0,0.0,46.9
342,570189,57,1,4,3072.0,1913.4,2813.5,1677.5,50.9,26.7,408.3,92.2,238.5,121.8,1322.4,844.3,96.9,0.0,98.9,0.0,191.7,188.8,428.8,430.4,27.0,0.0,1.0,0.0,50.9,0.0,0.0,26.7
343,570190,57,1,3,2429.0,2110.1,2137.9,1819.9,33.7,30.3,251.3,183.0,148.1,185.1,814.7,656.6,59.6,0.0,61.0,0.0,254.0,250.5,541.1,544.6,7.0,0.0,1.0,0.0,33.7,0.0,0.0,30.3
344,570191,57,1,3,3593.7,3282.9,3174.0,2873.1,64.9,44.8,550.0,244.0,288.7,341.8,1541.4,1669.2,79.5,0.0,81.2,0.0,169.8,167.4,448.3,450.7,13.0,0.0,2.0,0.0,64.9,0.0,0.0,44.8
345,570192,57,1,3,1909.3,1310.9,1706.6,1118.9,37.5,17.0,332.7,65.8,186.4,0.0,914.2,872.4,39.6,0.0,40.5,0.0,55.7,55.1,124.6,125.7,12.0,0.0,1.0,0.0,37.5,0.0,0.0,17.0
346,570193,57,1,3,3155.4,3466.3,2883.4,3202.7,53.5,36.3,514.3,162.6,306.5,49.3,1364.8,1592.7,44.9,0.0,46.0,839.8,180.3,177.8,378.6,380.5,46.0,0.0,2.0,0.0,53.5,0.0,0.0,36.3
347,570194,57,1,3,5686.8,5357.3,5231.3,4882.6,83.5,75.1,893.6,150.4,534.7,813.3,2383.8,2692.3,74.6,0.0,76.2,0.0,293.5,289.2,933.0,937.4,25.0,0.0,17.0,0.0,83.5,0.0,0.0,75.1
348,570195,57,1,3,2621.4,2721.0,2279.7,2363.2,25.1,35.9,291.4,262.7,166.2,187.9,838.1,1036.5,38.3,0.0,39.2,0.0,284.8,280.6,592.6,595.3,26.0,0.0,3.0,0.0,25.1,0.0,0.0,35.9
349,570196,57,1,3,1639.9,968.1,1520.1,858.2,25.9,12.4,288.5,1.9,167.7,0.0,836.6,716.0,37.7,0.0,38.6,0.0,38.8,38.4,101.2,101.9,11.0,0.0,0.0,0.0,25.9,0.0,0.0,12.4
350,570197,57,1,3,2209.7,1354.0,2048.0,1202.4,34.4,17.6,387.1,16.1,217.5,29.3,1115.5,947.2,52.7,0.0,53.9,0.0,56.4,55.9,153.0,153.9,10.0,0.0,2.0,0.0,34.4,0.0,0.0,17.6
351,570198,57,1,3,282.7,584.1,127.6,424.3,0.7,6.9,4.6,98.9,3.2,94.8,17.2,131.1,1.4,0.0,1.5,0.0,30.2,29.9,69.5,69.6,0.0,0.0,0.0,0.0,0.7,0.0,0.0,6.9
352,570199,57,1,4,698.7,1318.0,295.3,907.3,4.7,14.1,45.9,299.2,26.0,4.6,134.0,530.3,6.6,0.0,6.9,0.0,51.1,50.4,22.7,22.8,2.0,0.0,0.0,0.0,4.7,0.0,0.0,14.1
353,570200,57,1,4,2693.9,4677.6,2288.5,4213.5,15.3,69.1,146.4,283.8,81.2,1685.7,411.6,638.7,17.8,0.0,18.4,0.0,346.1,340.4,1260.1,1264.8,3.0,0.0,4.0,0.0,15.3,0.0,0.0,69.1
354,570201,57,1,4,300.2,689.7,184.4,567.1,0.0,9.4,0.0,57.2,0.0,206.6,0.0,118.2,0.0,0.0,0.0,0.0,40.2,40.0,144.2,145.1,0.0,0.0,0.0,0.0,0.0,0.0,0.0,9.4
355,570202,57,1,4,501.6,738.4,361.1,593.7,3.9,9.7,32.2,83.7,18.5,188.4,106.7,134.2,8.2,0.0,8.5,0.0,45.8,45.4,141.2,141.9,0.0,0.0,0.0,0.0,3.9,0.0,0.0,9.7
356,570203,57,1,4,2067.3,1517.3,1865.6,1331.3,37.4,20.8,341.9,59.9,192.3,64.3,942.2,918.5,37.4,0.0,38.3,0.0,83.4,82.4,205.0,206.2,24.0,0.0,1.0,0.0,37.4,0.0,0.0,20.8
357,570204,57,1,4,578.2,300.9,488.0,217.9,9.9,3.3,84.4,1.6,48.1,0.0,275.8,181.5,21.3,0.0,21.8,0.0,9.6,9.5,25.0,25.2,2.0,0.0,0.0,0.0,9.9,0.0,0.0,3.3
358,570205,57,1,4,2023.1,2295.2,1732.9,1989.1,16.4,33.1,142.5,236.7,78.7,350.0,399.1,350.8,17.6,0.0,18.0,0.0,326.3,321.6,725.8,730.0,23.0,0.0,2.0,0.0,16.4,0.0,0.0,33.1
359,570206,57,1,3,988.8,669.7,858.2,546.9,18.1,8.8,137.3,30.9,77.2,58.9,453.7,347.1,36.3,0.0,37.2,0.0,28.2,27.8,81.5,82.2,7.0,0.0,0.0,0.0,18.1,0.0,0.0,8.8
360,570207,57,1,3,2989.7,2714.1,2651.4,2386.8,53.9,38.1,463.6,122.1,259.1,80.4,1234.1,1617.4,46.7,0.0,47.8,0.0,177.7,175.3,389.5,391.6,31.0,0.0,2.0,0.0,53.9,0.0,0.0,38.1
361,570208,57,1,3,2057.9,1971.7,1847.0,1753.8,28.7,28.2,276.9,348.1,151.2,0.0,850.5,977.0,60.4,0.0,61.6,0.0,176.9,174.4,252.5,254.3,16.0,0.0,1.0,0.0,28.7,0.0,0.0,28.2
362,570209,57,1,3,3453.6,3191.7,3127.2,2856.3,46.1,45.4,467.3,148.4,262.7,553.5,1362.6,1275.3,68.8,0.0,70.4,0.0,223.7,220.5,655.6,658.5,12.0,0.0,4.0,0.0,46.1,0.0,0.0,45.4
363,570210,57,1,3,2546.4,1217.7,2360.5,1040.8,48.2,15.8,427.4,2.5,241.7,0.0,1315.9,866.2,85.9,0.0,87.7,0.0,47.5,47.0,124.4,125.0,15.0,0.0,15.0,0.0,48.2,0.0,0.0,15.8
364,570211,57,1,3,1913.8,4040.3,1152.7,3214.4,0.3,56.4,2.6,736.8,1.9,783.7,9.4,569.8,0.3,0.0,0.3,0.0,351.2,344.4,785.0,779.6,0.0,0.0,2.0,0.0,0.3,0.0,0.0,56.4
365,570212,57,1,3,355.7,930.6,132.1,693.7,0.2,12.9,0.0,251.6,1.9,19.4,7.5,301.3,0.2,0.0,0.3,0.0,62.3,61.3,59.9,60.2,0.0,0.0,0.0,0.0,0.2,0.0,0.0,12.9
366,570213,57,1,3,1775.6,3288.1,1229.9,2701.8,12.3,48.3,106.7,728.2,64.8,509.3,363.1,833.8,28.2,0.0,29.0,0.0,211.8,208.3,422.2,422.2,2.0,0.0,2.0,0.0,12.3,0.0,0.0,48.3
367,570214,57,1,4,79.7,125.6,12.9,61.5,0.0,1.0,0.0,19.0,0.0,4.6,2.0,29.0,0.0,0.0,0.0,0.0,3.6,3.6,5.3,5.3,0.0,0.0,2.0,0.0,0.0,0.0,0.0,1.0
368,570215,57,1,4,490.5,681.4,340.3,529.0,4.9,8.8,45.5,97.9,25.5,82.9,130.7,228.9,5.8,0.0,6.0,0.0,36.3,36.1,82.5,83.2,6.0,0.0,2.0,0.0,4.9,0.0,0.0,8.8
369,570216,57,1,4,813.6,2886.0,339.7,2371.4,0.0,39.3,0.0,714.0,0.0,203.2,3.0,1121.4,0.0,0.0,0.0,0.0,135.0,133.1,198.7,199.7,0.0,0.0,3.0,0.0,0.0,0.0,0.0,39.3
370,570217,57,1,4,709.0,2079.4,337.9,1684.0,1.3,27.5,10.8,355.1,6.2,143.5,31.9,900.5,1.4,0.0,1.4,0.0,108.7,107.2,176.6,177.7,0.0,0.0,1.0,0.0,1.3,0.0,0.0,27.5
371,570218,57,1,4,683.6,2440.5,278.3,2002.9,0.0,33.0,0.0,729.4,0.0,98.2,3.0,903.9,0.0,0.0,0.0,0.0,128.8,126.9,143.5,144.4,0.0,0.0,3.0,0.0,0.0,0.0,0.0,33.0
372,570219,57,1,4,4615.7,9061.5,3961.9,8339.1,43.5,108.0,392.2,867.5,217.9,1359.5,1090.4,2234.1,45.7,920.8,46.8,811.6,622.5,613.6,1523.3,1531.9,18.0,0.0,5.0,0.0,43.5,0.0,0.0,108.0
373,570220,57,1,5,4083.9,7982.8,3047.7,6842.3,21.5,109.6,222.4,1362.2,123.5,541.2,649.8,2989.6,27.9,0.0,28.7,0.0,681.5,672.1,1272.0,1277.1,22.0,0.0,20.0,0.0,21.5,0.0,0.0,109.6
374,570221,57,1,4,1049.0,765.2,918.4,644.2,19.7,10.2,173.6,37.3,97.6,9.4,483.1,496.3,20.0,0.0,20.5,0.0,30.0,29.9,70.5,71.2,21.0,0.0,2.0,0.0,19.7,0.0,0.0,10.2
375,570222,57,1,4,2671.7,5291.0,2016.3,4586.2,25.7,74.9,240.1,1246.3,134.8,251.7,677.6,2201.4,29.0,0.0,29.7,0.0,352.9,347.7,536.2,539.0,13.0,0.0,3.0,0.0,25.7,0.0,0.0,74.9
376,570223,57,1,4,964.1,1084.1,794.0,916.0,15.9,14.5,136.7,131.3,76.9,58.0,388.4,573.8,17.5,0.0,17.8,0.0,49.3,48.7,103.4,104.3,3.0,0.0,1.0,0.0,15.9,0.0,0.0,14.5
377,570224,57,1,4,4510.9,3915.5,4075.8,3507.6,83.4,55.2,776.9,390.4,448.3,13.9,2086.3,2536.8,77.5,0.0,79.1,0.0,190.1,187.4,377.6,379.1,38.0,0.0,2.0,0.0,83.4,0.0,0.0,55.2
378,570225,57,1,4,2287.3,2545.0,2096.4,2375.2,46.2,23.8,406.5,69.4,224.6,14.1,1079.1,1163.4,43.6,843.4,44.6,0.0,88.8,87.6,196.2,197.3,12.0,0.0,1.0,0.0,46.2,0.0,0.0,23.8
379,570226,57,1,4,6635.0,3405.5,6232.1,3084.1,132.2,47.9,1114.1,37.0,665.4,4.5,3454.9,2533.1,203.5,0.0,207.8,0.0,145.6,143.5,364.7,365.9,73.0,0.0,3.0,0.0,132.2,0.0,0.0,47.9
380,570227,57,1,3,4750.9,2355.4,4438.9,2083.7,83.4,32.4,803.2,42.8,436.8,4.6,2458.2,1683.1,169.1,0.0,172.7,0.0,102.8,101.6,250.1,251.6,45.0,0.0,1.0,0.0,83.4,0.0,0.0,32.4
381,570228,57,1,3,3856.2,2079.6,3595.1,1848.9,68.9,28.9,639.2,22.4,361.3,75.8,1928.4,1404.8,114.4,0.0,116.8,0.0,92.0,90.7,254.1,255.2,87.0,0.0,2.0,0.0,68.9,0.0,0.0,28.9
382,570229,57,1,3,1641.3,803.0,1486.6,659.4,30.0,10.1,272.1,2.3,154.2,0.0,831.4,548.7,55.2,0.0,56.5,0.0,29.8,29.6,78.4,78.9,8.0,0.0,1.0,0.0,30.0,0.0,0.0,10.1
383,570230,57,1,3,2249.6,6345.7,850.5,4855.4,0.0,84.8,0.0,3018.3,0.0,426.3,5.0,581.5,0.0,0.0,0.0,0.0,481.6,472.8,358.9,356.5,0.0,0.0,5.0,0.0,0.0,0.0,0.0,84.8
384,570231,57,1,3,1733.6,4334.7,898.9,3433.4,1.0,59.6,9.3,1167.4,5.9,705.7,33.0,723.5,2.1,0.0,2.2,0.0,300.3,295.0,544.1,541.8,0.0,0.0,2.0,0.0,1.0,0.0,0.0,59.6
385,570232,57,1,3,743.8,1753.8,432.1,1420.0,1.4,23.5,13.7,470.3,9.0,296.0,49.4,305.8,3.9,0.0,4.1,0.0,125.4,123.2,225.7,224.6,0.0,0.0,1.0,0.0,1.4,0.0,0.0,23.5
386,570233,57,1,3,1434.3,3520.4,448.2,2482.0,1.0,42.7,9.6,1031.5,6.1,214.4,33.8,848.0,2.1,0.0,2.2,0.0,202.5,198.9,189.9,189.2,0.0,0.0,2.0,0.0,1.0,0.0,0.0,42.7
387,570234,57,1,3,3729.9,2684.5,3283.0,2254.5,57.7,38.6,525.5,559.0,321.4,55.9,1753.5,1249.6,132.4,0.0,135.4,0.0,160.0,157.7,232.8,232.4,19.0,0.0,3.0,0.0,57.7,0.0,0.0,38.6
388,570235,57,1,3,69.3,95.0,3.7,31.5,0.0,0.6,0.0,14.5,0.0,0.0,1.0,15.4,0.0,0.0,0.0,0.0,1.6,1.6,0.0,0.0,0.0,0.0,1.0,0.0,0.0,0.0,0.0,0.6
389,570236,57,1,4,860.6,1359.1,654.5,1146.6,9.6,19.0,106.2,269.6,59.3,39.9,272.9,645.8,10.7,0.0,11.0,0.0,79.5,78.5,111.9,112.8,2.0,0.0,1.0,0.0,9.6,0.0,0.0,19.0
390,570237,57,1,5,2641.0,4755.4,2035.9,4089.3,7.2,67.6,80.8,792.2,44.4,460.7,210.7,1164.4,7.0,0.0,7.3,0.0,561.4,553.4,1115.4,1118.5,3.0,0.0,6.0,0.0,7.2,0.0,0.0,67.6
391,570238,57,1,5,907.8,1999.1,735.6,1805.3,4.7,29.5,48.0,559.0,29.7,4.4,166.5,782.0,13.3,0.0,13.7,0.0,211.5,208.4,250.8,251.5,1.0,0.0,1.0,0.0,4.7,0.0,0.0,29.5
392,570239,57,1,5,3732.4,7058.8,2865.5,6073.7,0.0,100.8,0.0,1288.2,0.0,883.2,24.0,1090.2,0.0,0.0,0.0,0.0,930.1,917.3,1887.4,1894.8,0.0,0.0,24.0,0.0,0.0,0.0,0.0,100.8
393,570240,57,1,5,1418.3,2920.7,1035.0,2509.3,11.6,40.2,137.1,492.7,75.5,259.9,349.9,1320.3,12.2,0.0,12.5,0.0,141.3,139.2,296.3,297.2,8.0,0.0,2.0,0.0,11.6,0.0,0.0,40.2
394,570241,57,1,5,10009.2,30298.7,7586.7,27428.2,0.0,451.0,0.0,9197.8,0.0,456.1,18.0,10249.9,0.0,0.0,0.0,0.0,3342.8,3297.4,4207.9,4226.9,0.0,0.0,18.0,0.0,0.0,0.0,0.0,451.0
395,570242,57,1,4,1561.3,2857.1,1195.5,2467.8,16.1,40.5,182.0,550.0,100.1,101.2,461.4,1406.3,17.1,0.0,17.7,0.0,159.1,156.9,252.0,253.3,4.0,0.0,2.0,0.0,16.1,0.0,0.0,40.5
396,570243,57,1,5,4598.2,7393.7,3766.4,6492.8,38.1,104.7,436.4,1255.9,236.6,396.9,1110.7,2959.1,37.0,0.0,37.8,0.0,675.6,666.2,1210.1,1214.7,15.0,0.0,7.0,0.0,38.1,0.0,0.0,104.7
397,570244,57,1,4,5722.0,3755.5,5267.5,3343.0,91.0,53.4,918.5,290.7,515.0,136.6,2806.1,2289.2,175.2,0.0,178.9,0.0,191.4,188.9,436.3,437.6,44.0,0.0,2.0,0.0,91.0,0.0,0.0,53.4
398,570245,57,1,4,5468.7,4272.2,5059.4,3896.4,96.8,61.9,937.1,353.3,529.0,104.4,2620.7,2763.0,109.8,0.0,112.2,0.0,200.5,197.7,475.9,477.9,71.0,0.0,3.0,0.0,96.8,0.0,0.0,61.9
399,570246,57,1,4,4971.4,3161.5,4638.6,2870.6,89.0,45.9,829.7,57.4,467.8,202.1,2458.1,2024.3,127.6,0.0,130.4,0.0,153.8,151.5,434.2,435.3,34.0,0.0,3.0,0.0,89.0,0.0,0.0,45.9
400,570247,57,1,4,4714.5,5975.1,4072.0,5317.7,72.6,86.1,664.3,978.7,367.6,176.6,1806.8,3129.6,75.3,0.0,76.9,0.0,391.9,386.0,645.2,646.8,39.0,0.0,5.0,0.0,72.6,0.0,0.0,86.1
401,570248,57,1,3,3303.9,2624.4,3022.0,2365.5,61.4,27.3,555.2,84.3,297.0,23.9,1592.6,1213.1,93.7,681.6,95.7,0.0,113.1,111.3,250.8,251.2,21.0,0.0,3.0,0.0,61.4,0.0,0.0,27.3
402,570249,57,1,3,3402.0,2061.4,3118.0,1803.9,63.8,28.7,574.1,120.9,320.5,4.4,1670.6,1379.7,88.6,0.0,90.5,0.0,93.3,91.9,206.2,206.9,72.0,0.0,2.0,0.0,63.8,0.0,0.0,28.7
403,570250,57,1,3,1992.9,1162.9,1796.5,970.2,32.8,15.3,354.2,13.5,191.7,0.0,972.1,801.6,47.1,0.0,48.0,0.0,43.7,43.2,111.7,111.9,24.0,0.0,4.0,0.0,32.8,0.0,0.0,15.3
404,570251,57,1,3,1755.5,1366.6,1548.7,1161.7,29.9,14.1,306.0,46.1,157.2,0.0,806.1,690.2,39.4,0.0,40.3,259.1,53.2,52.4,113.4,113.9,31.0,0.0,2.0,0.0,29.9,0.0,0.0,14.1
405,570252,57,1,3,4693.8,10527.8,3629.1,9302.2,1.5,148.2,14.2,1030.3,9.0,3421.2,51.4,1334.8,3.4,0.0,3.4,0.0,861.0,846.5,2682.7,2669.5,0.0,0.0,4.0,0.0,1.5,0.0,0.0,148.2
406,570253,57,1,3,543.6,1122.4,404.3,966.3,0.3,15.5,2.5,81.1,1.9,345.2,7.4,151.6,0.3,0.0,0.2,0.0,96.0,94.3,296.0,294.2,0.0,0.0,0.0,0.0,0.3,0.0,0.0,15.5
407,570254,57,1,3,1138.3,2534.6,820.5,2177.8,0.0,35.4,0.0,295.0,0.0,768.3,1.0,303.4,0.0,0.0,0.0,0.0,209.2,205.3,609.3,605.9,0.0,0.0,1.0,0.0,0.0,0.0,0.0,35.4
408,570255,57,1,3,1762.8,4186.1,984.0,3344.1,0.0,54.1,0.0,648.6,0.0,986.1,3.0,739.2,0.0,0.0,0.0,0.0,265.6,260.9,712.4,709.2,0.0,0.0,3.0,0.0,0.0,0.0,0.0,54.1
409,570256,57,1,4,1589.3,3829.4,662.3,2855.4,2.9,49.4,28.1,1280.0,17.4,265.8,97.5,810.9,7.0,0.0,7.1,0.0,257.8,253.5,244.5,245.1,0.0,0.0,3.0,0.0,2.9,0.0,0.0,49.4
410,570257,57,1,4,1264.7,1056.5,1132.4,925.8,16.3,15.8,156.5,74.4,96.3,179.8,543.4,432.8,43.8,0.0,44.8,0.0,58.3,57.7,180.4,181.0,6.0,0.0,3.0,0.0,16.3,0.0,0.0,15.8
411,570258,57,1,4,3630.0,1772.1,3404.8,1580.9,56.7,25.8,558.2,71.8,336.9,28.3,1913.3,1211.2,154.5,0.0,157.7,0.0,80.3,79.1,189.9,190.6,13.0,0.0,1.0,0.0,56.7,0.0,0.0,25.8
412,570259,57,1,4,1421.8,2914.2,991.4,2458.5,13.9,40.5,143.7,193.4,80.9,177.4,430.7,1804.0,22.5,0.0,23.1,0.0,91.0,89.6,193.5,194.2,5.0,0.0,1.0,0.0,13.9,0.0,0.0,40.5
413,570260,57,1,4,1840.3,2037.0,1575.3,1768.2,23.2,29.6,246.1,256.5,139.8,140.8,727.1,996.3,36.3,0.0,37.2,0.0,120.1,118.3,255.6,256.4,12.0,0.0,1.0,0.0,23.2,0.0,0.0,29.6
414,570261,57,1,4,934.9,1637.8,732.0,1429.8,9.6,16.9,101.1,189.9,57.2,106.9,303.3,471.6,15.7,0.0,16.0,430.9,77.4,76.4,153.4,154.1,7.0,0.0,1.0,0.0,9.6,0.0,0.0,16.9
415,570262,57,1,4,4603.1,2195.8,4303.6,1939.5,73.0,31.5,747.6,51.5,433.5,9.0,2404.0,1563.1,180.9,0.0,184.6,0.0,92.3,90.8,224.6,225.1,34.0,0.0,2.0,0.0,73.0,0.0,0.0,31.5
416,570263,57,1,4,3853.3,2123.7,3610.8,1914.8,62.5,30.8,663.9,17.6,372.2,32.5,1993.4,1530.9,110.0,0.0,112.4,0.0,92.1,90.7,242.7,243.1,23.0,0.0,1.0,0.0,62.5,0.0,0.0,30.8
417,570264,57,1,3,4100.0,3565.7,3671.6,3141.8,64.3,53.3,572.8,316.0,338.1,308.6,1766.4,1764.8,100.8,0.0,102.9,0.0,222.6,219.2,532.9,533.3,30.0,0.0,5.0,0.0,64.3,0.0,0.0,53.3
418,570265,57,1,4,4423.2,2817.8,4095.5,2531.4,76.4,35.0,715.9,91.1,415.3,8.9,2257.8,1709.0,159.5,278.5,162.8,95.4,108.9,107.2,241.3,241.3,32.0,0.0,2.0,0.0,76.4,0.0,0.0,35.0
419,570266,57,1,3,4424.0,2534.0,4138.9,2286.4,84.4,37.5,769.0,42.9,451.9,0.0,2247.0,1863.2,103.9,0.0,106.1,0.0,109.5,107.8,272.5,272.4,75.0,0.0,4.0,0.0,84.4,0.0,0.0,37.5
420,570267,57,1,3,1699.4,3097.1,1505.7,2902.3,27.6,19.8,254.9,182.1,136.5,0.0,729.8,733.3,42.1,0.0,43.0,1718.0,105.1,103.3,165.2,165.5,26.0,0.0,3.0,0.0,27.6,0.0,0.0,19.8
421,570268,57,1,3,1073.5,723.6,944.2,596.1,15.4,9.5,171.3,57.6,104.9,0.0,512.2,445.9,25.7,0.0,26.4,0.0,30.0,29.7,62.6,62.9,10.0,0.0,1.0,0.0,15.4,0.0,0.0,9.5
422,570269,57,1,3,4062.7,11804.0,1099.0,8713.3,0.0,139.4,0.0,7351.3,0.0,4.6,9.0,294.9,0.0,0.0,0.0,0.0,1051.8,1033.4,29.1,29.2,0.0,0.0,9.0,0.0,0.0,0.0,0.0,139.4
423,570270,57,1,4,1322.8,2729.3,904.0,2279.1,5.7,39.7,56.3,378.1,32.0,579.0,174.2,705.7,10.3,0.0,10.7,0.0,163.3,160.8,455.2,455.5,1.0,0.0,1.0,0.0,5.7,0.0,0.0,39.7
424,570271,57,1,4,1092.3,2606.8,765.6,2244.4,0.0,38.8,0.0,424.7,0.0,757.6,2.0,302.5,0.0,0.0,0.0,0.0,193.9,190.9,567.8,568.8,0.0,0.0,2.0,0.0,0.0,0.0,0.0,38.8
425,570272,57,1,4,2795.7,4013.9,2351.2,3533.0,22.6,60.3,239.9,359.4,139.7,932.1,761.6,1153.2,50.3,0.0,51.4,0.0,266.3,262.2,825.1,826.2,14.0,0.0,3.0,0.0,22.6,0.0,0.0,60.3
426,570273,57,1,4,2594.8,3122.2,2175.0,2690.2,29.4,45.6,302.3,528.3,175.3,345.6,961.2,1231.5,66.4,0.0,67.9,0.0,179.6,177.0,407.3,407.9,14.0,0.0,1.0,0.0,29.4,0.0,0.0,45.6
427,570274,57,1,4,1539.2,2917.1,1239.3,2602.0,11.3,33.4,122.7,382.7,68.7,233.7,375.8,729.3,23.7,651.9,24.4,0.0,199.8,196.9,407.2,407.5,16.0,0.0,1.0,0.0,11.3,0.0,0.0,33.4
428,570275,57,1,4,912.9,1301.0,693.0,1077.5,9.1,18.3,95.6,208.3,53.2,127.0,296.8,540.0,19.2,0.0,19.8,0.0,63.6,62.8,138.8,139.4,5.0,0.0,1.0,0.0,9.1,0.0,0.0,18.3
429,570276,57,1,4,1768.8,2294.2,1462.5,1976.3,18.4,33.5,199.2,306.5,109.7,290.1,613.7,935.8,39.5,0.0,40.3,0.0,130.2,128.3,315.0,315.6,13.0,0.0,2.0,0.0,18.4,0.0,0.0,33.5
430,570277,57,1,4,4065.5,1839.8,3815.0,1629.7,61.2,26.1,671.8,4.3,391.7,0.0,2120.4,1353.8,151.1,0.0,154.3,0.0,76.0,74.8,196.6,196.9,52.0,0.0,1.0,0.0,61.2,0.0,0.0,26.1
431,570278,57,1,3,2684.8,2002.2,2480.9,1819.5,41.5,18.6,432.7,29.8,250.1,0.0,1389.1,918.1,104.7,693.4,106.9,0.0,52.3,51.8,126.2,126.5,17.0,0.0,2.0,0.0,41.5,0.0,0.0,18.6
432,570279,57,1,3,6965.3,5421.3,6330.1,4811.1,115.6,80.7,1155.4,328.4,631.4,164.9,3159.1,3291.0,140.7,0.0,143.7,0.0,320.7,315.7,711.2,711.0,62.0,0.0,6.0,0.0,115.6,0.0,0.0,80.7
433,570280,57,1,3,3847.3,4647.8,3486.4,4297.4,60.9,43.9,593.8,344.6,358.5,27.6,1799.3,1775.7,101.9,463.5,104.0,1201.6,176.9,173.9,311.0,310.5,37.0,0.0,4.0,0.0,60.9,0.0,0.0,43.9
434,570281,57,1,4,4892.5,9569.0,3856.1,8392.3,0.0,137.7,0.0,959.4,0.0,2680.7,8.0,925.1,0.0,0.0,0.0,0.0,1019.5,1004.2,2820.6,2822.9,0.0,0.0,8.0,0.0,0.0,0.0,0.0,137.7
435,570282,57,1,4,1011.5,1289.4,787.0,1064.2,11.6,17.7,127.9,186.5,70.2,37.2,396.3,707.1,25.8,0.0,26.4,0.0,50.3,49.8,83.1,83.6,6.0,0.0,1.0,0.0,11.6,0.0,0.0,17.7
436,570283,57,1,4,4668.6,4302.0,4155.0,3787.1,60.6,62.6,713.4,442.8,397.8,173.6,2023.1,2374.2,93.2,9.9,95.2,13.2,254.2,249.9,525.1,523.5,50.0,0.0,3.0,0.0,60.6,0.0,0.0,62.6
437,570284,57,1,4,11505.8,34207.8,10518.8,33039.9,32.2,217.6,424.2,3946.0,247.5,74.1,1355.7,8667.0,105.0,42.1,107.4,0.0,2830.2,2785.7,3557.0,3538.1,1878.0,13987.0,14.0,0.0,32.2,0.0,0.0,217.6
438,570285,57,1,4,1776.4,911.8,1582.8,745.3,23.1,12.0,310.9,1.5,172.7,0.0,848.7,620.5,43.5,0.0,44.6,0.0,34.1,33.6,90.3,89.7,37.0,0.0,1.0,0.0,23.1,0.0,0.0,12.0
439,570286,57,1,4,3625.5,6559.4,2650.2,5533.6,35.8,92.2,415.6,1247.2,237.9,84.2,1230.3,3596.3,65.5,0.0,67.0,0.0,271.4,266.8,340.4,339.0,18.0,0.0,4.0,0.0,35.8,0.0,0.0,92.2
440,570287,57,1,4,8200.7,21712.6,5102.6,18331.6,24.6,314.6,262.8,7189.2,151.6,913.3,754.4,6436.2,36.2,0.0,37.2,0.0,1637.0,1609.9,2198.4,2183.1,14.0,0.0,11.0,0.0,24.6,0.0,0.0,314.6
441,570288,57,1,4,3744.3,3634.7,3301.2,3179.3,32.0,53.7,406.5,360.7,229.9,373.6,1146.4,1164.4,57.7,0.0,59.0,0.0,410.5,403.6,884.1,877.0,101.0,0.0,6.0,0.0,32.0,0.0,0.0,53.7
442,570289,57,1,3,3008.5,3328.4,2434.9,2756.6,57.5,45.4,417.6,239.6,236.9,59.7,1193.5,2041.3,60.8,0.0,62.2,0.0,149.1,146.4,272.8,269.6,36.0,0.0,6.0,0.0,57.5,0.0,0.0,45.4
443,570290,57,1,3,6160.1,6623.5,5339.7,5806.6,109.5,85.3,755.2,1080.8,380.8,219.1,1986.2,2312.2,106.8,741.0,109.1,0.0,534.1,524.8,940.6,928.6,512.0,0.0,15.0,0.0,109.5,0.0,0.0,85.3
444,570291,57,1,3,5019.2,2255.3,4612.8,1906.6,115.4,30.4,928.5,5.2,482.1,0.0,2502.9,1579.8,161.6,0.0,165.0,0.0,91.0,89.5,235.6,232.1,34.0,0.0,12.0,0.0,115.4,0.0,0.0,30.4
445,570292,57,1,3,2002.3,968.3,1762.8,737.0,44.3,11.7,352.6,1.5,186.8,0.0,954.5,613.0,56.6,0.0,58.0,0.0,34.2,33.5,90.1,89.0,17.0,0.0,13.0,0.0,44.3,0.0,0.0,11.7
446,570293,57,1,3,3154.8,2370.1,2734.9,1979.9,74.2,32.1,457.9,278.5,252.2,92.7,1257.9,1028.9,74.4,0.0,76.1,0.0,197.5,193.9,392.8,385.9,22.0,0.0,4.0,0.0,74.2,0.0,0.0,32.1
447,570294,57,1,2,5033.5,3345.6,4626.0,2963.9,80.9,48.7,745.7,156.3,407.6,416.3,2377.9,1704.8,189.2,0.0,193.2,0.0,174.2,170.8,521.2,515.6,14.0,0.0,3.0,0.0,80.9,0.0,0.0,48.7
448,570295,57,1,3,7305.5,5507.7,6532.4,4757.3,118.7,84.6,1081.6,501.2,625.4,417.3,3347.2,2865.0,234.9,0.0,239.8,0.0,297.4,291.3,688.1,682.4,15.0,0.0,3.0,0.0,118.7,0.0,0.0,84.6
449,570296,57,1,2,2836.3,1388.5,2618.4,1193.3,49.1,16.7,483.3,4.0,270.3,0.0,1458.9,998.5,97.0,0.0,99.1,0.0,53.7,52.7,140.1,138.1,10.0,0.0,6.0,0.0,49.1,0.0,0.0,16.7
450,570297,57,1,3,2630.4,2950.5,2271.7,2604.9,42.1,24.2,383.9,214.6,207.0,0.0,1232.1,988.4,98.7,0.0,100.9,1176.7,89.1,87.3,138.9,137.9,18.0,0.0,3.0,0.0,42.1,0.0,0.0,24.2
451,570298,57,1,3,1346.4,2834.3,924.6,2354.1,0.0,44.8,0.0,466.3,0.0,410.0,10.0,581.4,0.0,0.0,0.0,0.0,289.4,284.2,615.2,612.2,0.0,0.0,10.0,0.0,0.0,0.0,0.0,44.8
452,570299,57,1,2,731.3,403.4,608.3,287.3,10.8,3.7,113.8,1.3,64.6,0.0,338.9,241.0,21.1,0.0,21.6,0.0,12.3,12.1,33.0,32.9,3.0,0.0,0.0,0.0,10.8,0.0,0.0,3.7
453,570300,57,1,3,5274.6,4969.7,4596.2,4283.6,68.6,70.1,637.9,601.1,353.5,740.9,2024.9,1710.9,158.3,0.0,161.7,0.0,365.9,358.7,879.9,872.1,10.0,0.0,4.0,0.0,68.6,0.0,0.0,70.1
454,570301,57,1,3,2440.2,2120.1,2031.7,1709.9,36.0,31.5,322.1,535.8,181.4,29.9,1022.7,812.6,78.8,15.1,80.6,0.0,150.2,147.4,169.9,169.0,22.0,0.0,4.0,0.0,36.0,0.0,0.0,31.5
455,570302,57,1,3,7118.4,5740.9,6349.1,4967.0,107.5,91.3,959.0,557.8,528.9,405.2,3053.6,2736.8,239.9,0.0,244.9,0.0,402.7,395.9,875.0,871.3,34.0,0.0,11.0,0.0,107.5,0.0,0.0,91.3
456,570303,57,1,2,1997.5,835.9,1815.7,671.3,30.1,8.7,314.5,2.3,181.4,0.0,1018.7,563.1,88.2,0.0,90.0,0.0,29.4,29.0,77.5,76.9,14.0,0.0,2.0,0.0,30.1,0.0,0.0,8.7
457,570304,57,1,3,2437.7,2903.8,2065.1,2515.9,26.4,39.4,254.2,294.0,143.5,509.8,796.3,974.7,58.7,0.0,60.1,0.0,206.0,202.0,540.3,535.4,4.0,0.0,2.0,0.0,26.4,0.0,0.0,39.4
458,570305,57,1,2,2546.5,2468.6,2312.7,2250.6,34.7,17.0,375.4,173.2,212.0,0.0,1226.2,905.1,112.1,913.5,114.6,0.0,98.2,96.0,165.1,162.9,8.0,0.0,1.0,0.0,34.7,0.0,0.0,17.0
459,570306,57,1,3,6369.7,5729.3,5464.2,4821.3,77.9,72.0,781.9,663.4,439.1,536.6,2468.4,2272.5,190.3,0.0,194.3,0.0,436.3,428.0,928.8,920.8,20.0,0.0,5.0,0.0,77.9,0.0,0.0,72.0
460,570307,57,1,2,4705.5,4524.5,4305.5,4148.6,55.0,26.2,717.1,297.4,378.0,80.3,2127.8,1731.7,161.9,899.8,165.3,428.6,251.6,244.7,480.7,466.0,19.0,0.0,4.0,0.0,55.0,0.0,0.0,26.2
461,570308,57,1,2,2921.2,1342.7,2687.4,1127.5,39.7,11.0,492.0,8.6,258.5,0.0,1469.1,944.9,115.6,0.0,118.1,0.0,49.6,48.3,128.6,125.6,52.0,0.0,4.0,0.0,39.7,0.0,0.0,11.0
462,570309,57,1,2,3497.6,1724.8,3221.6,1473.5,49.7,16.0,604.4,14.2,322.7,0.0,1786.0,1242.1,133.5,0.0,136.3,0.0,63.1,61.5,158.5,155.7,12.0,0.0,5.0,0.0,49.7,0.0,0.0,16.0
463,570310,57,1,2,1144.9,668.1,967.1,497.4,15.9,6.2,181.5,15.8,96.1,0.0,539.2,416.4,40.8,0.0,41.8,0.0,18.9,18.7,46.7,46.5,2.0,0.0,0.0,0.0,15.9,0.0,0.0,6.2
464,570311,57,1,3,4709.6,2545.6,4359.6,2231.0,73.6,31.0,760.8,113.6,423.5,46.3,2403.2,1684.5,182.8,0.0,186.7,0.0,115.5,113.2,276.2,273.5,10.0,0.0,1.0,0.0,73.6,0.0,0.0,31.0
465,570312,57,1,3,7848.5,4434.1,7352.8,3992.9,126.0,57.3,1311.0,87.1,706.1,119.5,3935.8,2939.4,256.7,0.0,261.9,0.0,249.3,244.3,608.0,602.6,19.0,0.0,5.0,0.0,126.0,0.0,0.0,57.3
466,570313,57,1,2,3369.8,1747.0,3103.8,1503.8,44.6,14.4,568.6,34.2,298.0,73.3,1689.9,1130.5,132.4,0.0,135.2,0.0,72.3,70.8,200.3,195.1,6.0,0.0,1.0,0.0,44.6,0.0,0.0,14.4
467,570314,57,1,3,7949.6,3701.6,7487.2,3305.5,118.7,38.8,1384.2,40.6,794.5,12.0,4158.5,2729.2,290.7,0.0,296.6,0.0,150.5,147.1,382.2,376.6,29.0,0.0,1.0,0.0,118.7,0.0,0.0,38.8
468,570315,57,1,3,2940.8,1391.3,2703.1,1172.3,44.5,15.0,501.1,6.4,265.9,0.0,1504.6,983.6,117.6,0.0,120.2,0.0,51.6,50.6,133.1,131.7,8.0,0.0,1.0,0.0,44.5,0.0,0.0,15.0
469,570316,57,1,2,3274.8,1598.1,3054.9,1398.0,41.0,12.6,558.7,3.2,308.0,0.0,1696.3,1179.7,117.8,0.0,120.4,0.0,61.5,60.0,159.2,155.1,25.0,0.0,8.0,0.0,41.0,0.0,0.0,12.6
470,570317,57,1,2,2574.5,3911.5,2346.8,3693.8,29.8,17.2,390.6,228.1,220.1,0.0,1174.8,1109.7,77.9,703.5,79.7,1306.9,135.3,132.3,218.3,213.3,47.0,0.0,3.0,0.0,29.8,0.0,0.0,17.2
471,570318,57,1,3,1841.5,1834.9,1654.4,1655.2,22.6,10.4,283.7,111.6,160.2,0.0,865.5,697.9,63.2,645.0,64.6,0.0,75.2,73.5,130.0,127.2,10.0,0.0,2.0,0.0,22.6,0.0,0.0,10.4
472,570319,57,1,3,3510.9,1795.4,3237.6,1543.0,49.0,17.3,585.2,68.1,321.8,0.0,1798.1,1239.5,137.7,0.0,140.6,0.0,73.1,71.3,167.1,164.1,9.0,0.0,5.0,0.0,49.0,0.0,0.0,17.3
473,570320,57,1,3,4167.1,2735.2,3781.1,2356.4,55.9,29.9,642.2,177.7,342.8,92.6,1950.8,1600.5,153.4,0.0,156.6,0.0,155.0,151.9,338.3,333.8,31.0,0.0,11.0,0.0,55.9,0.0,0.0,29.9
474,570321,57,1,3,1694.9,818.9,1521.4,652.6,24.3,7.8,279.5,1.2,155.8,0.0,850.8,550.4,62.3,0.0,63.6,0.0,28.1,27.8,74.2,73.3,6.0,0.0,1.0,0.0,24.3,0.0,0.0,7.8
475,570322,57,1,2,3659.1,1436.9,3436.8,1256.1,44.9,10.0,571.3,8.5,343.2,0.0,1947.5,1054.2,178.4,0.0,182.1,0.0,55.4,53.9,143.8,139.5,12.0,0.0,3.0,0.0,44.9,0.0,0.0,10.0
476,570323,57,1,1,640.8,290.5,532.2,198.5,5.5,1.1,91.2,0.6,56.3,0.0,304.1,168.7,24.7,0.0,25.3,0.0,7.7,7.6,21.9,21.5,1.0,0.0,0.0,0.0,5.5,0.0,0.0,1.1
477,570324,57,1,2,1453.9,607.7,1318.3,485.2,14.3,3.0,222.7,1.1,135.7,0.0,748.5,410.7,64.4,0.0,65.7,0.0,20.4,20.1,55.0,53.3,5.0,0.0,1.0,0.0,14.3,0.0,0.0,3.0
478,570325,57,1,2,457.1,229.2,353.8,127.7,4.1,0.9,58.3,0.2,35.5,0.0,200.7,109.2,17.6,0.0,18.1,0.0,4.8,4.8,13.8,13.5,5.0,0.0,0.0,0.0,4.1,0.0,0.0,0.9
479,570326,57,1,2,1486.0,756.8,1341.4,619.1,16.1,4.7,227.0,33.5,140.3,16.2,745.0,464.9,57.6,0.0,59.0,0.0,31.8,31.2,75.5,73.3,3.0,0.0,2.0,0.0,16.1,0.0,0.0,4.7
480,570327,57,1,2,1752.3,1001.4,1567.0,826.1,18.3,6.3,256.9,79.0,157.2,23.5,854.3,579.7,71.0,0.0,72.6,0.0,47.3,46.1,100.7,97.8,6.0,0.0,1.0,0.0,18.3,0.0,0.0,6.3
481,570328,57,1,2,1263.5,564.9,1131.2,435.6,12.8,3.0,189.0,16.2,113.3,0.0,640.7,355.0,56.5,0.0,57.8,0.0,19.3,19.1,46.5,45.3,6.0,0.0,2.0,0.0,12.8,0.0,0.0,3.0
482,570329,57,1,2,836.7,382.1,720.5,267.8,8.4,2.0,120.2,0.3,72.1,0.0,407.5,227.6,36.6,0.0,37.5,0.0,10.8,10.7,29.8,29.2,6.0,0.0,0.0,0.0,8.4,0.0,0.0,2.0
483,570330,57,1,2,1446.5,621.5,1310.5,489.5,15.9,3.9,222.0,0.8,135.2,0.0,744.4,415.1,62.6,0.0,64.1,0.0,20.4,20.2,54.8,53.5,4.0,0.0,3.0,0.0,15.9,0.0,0.0,3.9
484,570331,57,1,2,2951.4,1159.2,2748.1,973.7,34.9,8.9,455.7,2.0,267.2,0.0,1551.5,823.5,149.5,0.0,152.7,0.0,41.9,41.0,109.6,107.2,18.0,0.0,2.0,0.0,34.9,0.0,0.0,8.9
485,570332,57,1,2,3285.8,1360.7,3049.7,1143.6,40.2,11.1,521.0,16.9,298.3,0.0,1717.6,959.4,162.1,0.0,165.5,0.0,48.3,47.2,122.8,120.1,11.0,0.0,3.0,0.0,40.2,0.0,0.0,11.1
486,570333,57,1,1,930.8,481.2,795.6,359.8,7.6,1.8,150.1,0.8,82.7,0.0,445.3,305.4,30.0,0.0,30.8,0.0,14.5,14.5,40.2,39.2,1.0,0.0,1.0,0.0,7.6,0.0,0.0,1.8
487,570334,57,1,1,1235.6,624.6,1098.3,497.1,11.1,2.7,202.3,1.0,111.1,0.0,616.3,421.4,44.0,0.0,45.1,0.0,20.7,20.5,55.7,54.3,2.0,0.0,1.0,0.0,11.1,0.0,0.0,2.7
488,570335,57,1,1,1128.9,578.0,988.9,444.1,10.8,3.0,180.9,0.9,100.1,0.0,540.3,376.7,37.7,0.0,38.7,0.0,18.3,18.1,49.8,48.3,22.0,0.0,1.0,0.0,10.8,0.0,0.0,3.0
489,570336,57,1,2,2115.5,1171.9,1910.0,969.1,20.4,7.0,324.4,23.9,172.9,87.3,997.9,634.7,83.3,0.0,85.2,0.0,62.8,61.3,167.5,161.9,12.0,0.0,4.0,0.0,20.4,0.0,0.0,7.0
490,570337,57,1,2,1462.7,1890.8,1244.6,1671.9,13.3,8.2,200.8,190.1,109.0,26.5,615.7,578.5,51.0,670.2,52.2,0.0,84.0,81.9,128.9,124.7,2.0,0.0,1.0,0.0,13.3,0.0,0.0,8.2
491,570338,57,1,2,825.9,576.2,676.5,423.3,7.7,3.6,111.2,4.0,60.6,96.7,339.4,216.0,26.7,0.0,27.4,0.0,23.8,23.4,85.4,83.1,1.0,0.0,1.0,0.0,7.7,0.0,0.0,3.6
492,570339,57,1,2,1832.7,885.0,1682.6,743.0,18.4,5.2,293.4,1.5,164.0,0.0,911.7,629.5,67.4,0.0,68.9,0.0,31.6,30.9,83.5,81.2,61.0,0.0,1.0,0.0,18.4,0.0,0.0,5.2
493,570340,57,1,2,973.3,620.4,829.6,479.9,9.6,3.7,147.1,38.6,80.0,0.0,461.5,376.7,34.7,0.0,35.6,0.0,21.6,21.5,44.2,43.1,5.0,0.0,0.0,0.0,9.6,0.0,0.0,3.7
494,570341,57,1,2,744.8,402.7,632.8,292.6,7.9,2.4,116.1,0.6,66.0,0.0,356.5,248.5,24.3,0.0,24.9,0.0,11.7,11.7,32.3,31.9,1.0,0.0,0.0,0.0,7.9,0.0,0.0,2.4
495,570342,57,1,2,756.9,357.1,619.4,220.5,7.8,2.0,106.2,0.3,60.7,0.0,352.3,187.7,32.8,0.0,33.6,0.0,8.7,8.6,24.1,23.9,1.0,0.0,0.0,0.0,7.8,0.0,0.0,2.0
496,570343,57,1,2,6001.6,3712.1,5668.4,3410.8,69.7,21.5,927.5,120.4,521.0,0.0,3125.4,1777.8,316.0,1117.2,322.4,0.0,131.2,128.0,272.9,267.4,43.0,0.0,9.0,0.0,69.7,0.0,0.0,21.5
497,570344,57,1,3,6412.4,3640.4,5957.9,3230.6,98.6,43.2,1106.5,90.3,601.4,113.9,3254.5,2476.7,210.3,0.0,214.7,0.0,154.4,151.4,402.1,398.2,12.0,0.0,2.0,0.0,98.6,0.0,0.0,43.2
498,570345,57,1,3,6296.9,3846.5,5893.4,3487.5,105.4,51.4,1100.2,58.8,666.5,68.5,3202.5,2749.4,142.2,0.0,145.1,0.0,173.4,170.4,443.5,440.3,16.0,0.0,4.0,0.0,105.4,0.0,0.0,51.4
499,570346,57,1,3,6165.9,5261.4,5692.7,4799.2,76.7,53.2,881.3,251.4,483.2,585.2,2660.7,1998.5,188.6,721.1,192.5,0.0,360.7,353.4,900.8,889.6,19.0,0.0,6.0,0.0,76.7,0.0,0.0,53.2
500,570347,57,1,3,7056.2,4884.0,6509.6,4359.8,94.6,56.6,1095.6,248.2,574.1,360.4,3205.1,2589.7,200.3,0.0,204.7,0.0,347.3,340.2,831.5,821.3,41.0,0.0,10.0,0.0,94.6,0.0,0.0,56.6
501,570348,57,1,3,3499.1,2445.5,3257.4,2222.8,50.8,23.4,596.6,62.5,329.9,0.0,1752.2,1435.8,101.7,416.4,103.9,0.0,96.8,95.0,215.2,213.0,59.0,0.0,2.0,0.0,50.8,0.0,0.0,23.4
502,570349,57,1,3,5817.2,5896.2,5156.4,5233.8,73.7,66.3,765.8,566.3,474.0,365.7,2514.4,2605.9,181.8,699.1,185.4,0.0,330.7,324.6,677.3,672.2,20.0,0.0,7.0,0.0,73.7,0.0,0.0,66.3
503,570350,57,1,3,6709.0,4068.6,6288.5,3686.5,91.2,40.6,1110.0,96.4,605.4,204.7,3442.5,2753.1,227.5,0.0,232.2,0.0,174.7,170.6,470.2,461.7,17.0,0.0,9.0,0.0,91.2,0.0,0.0,40.6
504,570351,57,1,3,5207.7,7837.7,4789.4,7429.9,75.2,51.5,829.0,435.3,475.4,25.8,2452.0,2410.0,149.3,0.0,152.4,3862.1,259.5,254.9,444.7,441.7,21.0,0.0,6.0,0.0,75.2,0.0,0.0,51.5
505,570352,57,1,3,6682.5,4533.3,6169.3,4043.2,97.7,59.2,1066.2,219.8,594.6,235.2,3208.1,2735.4,193.4,0.0,197.3,0.0,252.9,248.5,607.7,604.3,40.0,0.0,9.0,0.0,97.7,0.0,0.0,59.2
506,570353,57,1,3,8396.7,3217.6,7975.9,2862.5,113.0,30.8,1326.3,19.0,793.9,1.8,4508.5,2396.5,417.6,0.0,426.1,0.0,128.5,125.7,325.8,319.6,43.0,0.0,6.0,0.0,113.0,0.0,0.0,30.8
507,570354,57,1,3,1438.0,2068.0,1253.2,1879.2,15.6,13.2,173.8,185.2,106.4,69.3,595.7,563.3,52.9,800.1,54.1,0.0,95.5,93.3,170.7,167.9,2.0,0.0,2.0,0.0,15.6,0.0,0.0,13.2
508,570355,57,1,3,4661.5,2261.4,4355.8,1986.4,65.9,23.3,770.1,24.2,431.8,0.0,2416.7,1671.7,187.4,0.0,191.4,0.0,84.8,83.0,210.6,207.5,59.0,0.0,4.0,0.0,65.9,0.0,0.0,23.3
509,570356,57,1,3,4752.9,2486.6,4426.2,2188.9,67.3,26.8,780.6,61.8,446.7,65.8,2434.8,1702.2,184.1,0.0,187.8,0.0,103.5,101.5,260.7,257.5,24.0,0.0,4.0,0.0,67.3,0.0,0.0,26.8
510,570357,57,1,3,4593.8,2368.9,4328.8,2130.4,69.8,28.1,785.7,5.6,460.1,0.0,2424.1,1789.1,147.0,0.0,150.0,0.0,95.1,93.2,244.8,242.6,14.0,0.0,8.0,0.0,69.8,0.0,0.0,28.1
511,570358,57,1,3,4204.3,3683.4,3871.2,3361.8,59.7,40.6,655.9,304.6,373.6,51.9,2018.6,1924.5,126.1,538.5,128.7,0.0,194.1,190.3,354.2,352.0,16.0,0.0,4.0,0.0,59.7,0.0,0.0,40.6
512,570359,57,1,3,4273.6,3235.3,3874.8,2847.0,59.2,41.2,645.9,239.9,368.8,111.0,1999.8,1933.0,128.8,0.0,131.5,0.0,182.1,178.6,386.8,384.5,27.0,0.0,4.0,0.0,59.2,0.0,0.0,41.2
513,570360,57,1,3,5272.0,2790.0,4956.9,2506.0,69.9,25.4,935.9,6.4,518.9,0.0,2753.2,2114.1,163.2,0.0,166.7,0.0,110.1,107.8,283.0,277.6,20.0,0.0,6.0,0.0,69.9,0.0,0.0,25.4
514,570361,57,1,3,3725.0,3040.8,3331.7,2646.6,36.7,31.6,423.2,279.5,259.2,292.2,1434.4,1139.5,124.5,0.0,127.1,0.0,304.7,297.9,648.6,637.6,7.0,0.0,3.0,0.0,36.7,0.0,0.0,31.6
515,570362,57,1,3,3562.8,1913.8,3293.4,1662.0,48.4,19.5,575.4,98.9,318.5,11.4,1821.0,1294.8,144.1,0.0,147.2,0.0,81.1,79.4,180.1,177.6,21.0,0.0,5.0,0.0,48.4,0.0,0.0,19.5
516,570363,57,1,3,4828.6,5000.2,4302.3,4477.8,61.3,47.3,723.8,558.1,415.3,56.4,2213.9,2642.1,145.7,599.7,148.7,0.0,238.8,234.1,392.2,387.3,16.0,0.0,8.0,0.0,61.3,0.0,0.0,47.3
517,570364,57,1,3,6466.4,5111.4,6081.4,4768.6,97.7,44.5,1060.7,166.4,603.4,0.0,3340.4,2471.2,238.0,0.0,242.9,1575.5,181.6,178.2,380.4,377.3,28.0,0.0,6.0,0.0,97.7,0.0,0.0,44.5
518,570365,57,1,3,3435.2,4239.1,2916.5,3689.4,29.3,56.9,318.1,419.4,188.0,509.9,929.6,1401.0,44.7,0.0,45.7,0.0,428.9,421.4,943.3,937.7,14.0,0.0,4.0,0.0,29.3,0.0,0.0,56.9
519,570366,57,1,4,2513.8,5639.9,1932.0,4975.9,0.5,75.7,3.3,586.2,2.4,1775.5,22.6,738.1,1.6,0.0,1.7,0.0,473.3,465.3,1419.1,1410.8,0.0,0.0,8.0,0.0,0.5,0.0,0.0,75.7
520,570367,57,1,3,6547.3,3432.2,6174.4,3101.9,85.1,30.3,1163.0,8.1,624.5,0.0,3414.7,2617.3,209.0,0.0,213.4,0.0,136.4,133.3,349.4,343.3,59.0,0.0,5.0,0.0,85.1,0.0,0.0,30.3
521,570368,57,1,3,5221.7,4855.6,4736.8,4368.7,57.1,48.5,738.0,327.0,399.9,889.6,2143.7,2023.8,124.9,0.0,127.5,0.0,300.3,293.8,848.5,834.6,47.0,0.0,7.0,0.0,57.1,0.0,0.0,48.5
522,570369,57,1,3,5117.6,4650.5,4606.6,4135.7,54.3,48.5,628.1,375.8,368.8,919.1,2108.3,1772.5,193.8,0.0,197.9,0.0,286.7,280.3,800.2,788.0,18.0,0.0,5.0,0.0,54.3,0.0,0.0,48.5
523,570370,57,1,3,5933.0,3264.7,5569.7,2939.5,84.0,33.4,1036.2,34.1,566.8,47.2,3062.9,2389.3,188.3,0.0,192.2,0.0,132.9,130.2,343.4,338.8,41.0,0.0,6.0,0.0,84.0,0.0,0.0,33.4
524,570371,57,1,3,5402.6,2427.5,5093.1,2160.1,80.7,28.1,887.5,7.2,510.2,5.5,2857.3,1807.6,224.5,0.0,229.2,0.0,96.1,94.3,248.2,245.4,37.0,0.0,3.0,0.0,80.7,0.0,0.0,28.1
525,570372,57,1,3,3676.1,2425.4,3429.4,2202.3,55.3,23.3,605.5,69.1,358.3,0.0,1886.0,1360.0,130.4,475.7,133.1,0.0,94.9,93.1,206.2,204.3,13.0,0.0,2.0,0.0,55.3,0.0,0.0,23.3
526,570373,57,1,4,6093.0,8095.1,5130.8,7084.0,56.2,102.5,608.6,1063.0,358.4,1089.2,1898.0,2960.7,124.3,0.0,127.0,0.0,614.1,603.7,1378.2,1367.3,10.0,0.0,12.0,0.0,56.2,0.0,0.0,102.5
527,570374,57,1,4,155.1,381.4,31.4,258.9,0.0,4.2,0.0,215.9,0.0,0.0,1.0,13.5,0.0,0.0,0.0,0.0,24.5,24.4,4.9,5.0,0.0,0.0,1.0,0.0,0.0,0.0,0.0,4.2
528,570375,57,1,3,3438.3,1688.6,3241.1,1508.5,54.7,23.5,573.0,4.0,347.1,0.0,1816.7,1258.5,113.9,0.0,116.2,0.0,68.9,67.8,178.2,178.2,15.0,0.0,12.0,0.0,54.7,0.0,0.0,23.5
529,570376,57,1,3,2905.1,1780.0,2651.0,1539.1,47.2,24.8,488.3,70.6,283.2,9.3,1460.2,1222.3,78.7,0.0,80.4,0.0,72.3,71.0,165.9,166.0,16.0,0.0,6.0,0.0,47.2,0.0,0.0,24.8
530,570377,57,1,3,6691.0,4275.6,6288.6,3908.6,101.1,51.5,1103.1,162.3,657.2,24.5,3442.5,2615.7,215.2,509.5,219.6,0.0,187.6,184.6,412.3,412.0,41.0,0.0,10.0,0.0,101.1,0.0,0.0,51.5
531,570378,57,1,4,2947.0,1859.7,2724.2,1658.7,43.4,25.0,490.3,35.8,286.5,122.3,1450.9,1171.6,75.8,0.0,77.3,0.0,85.3,84.0,245.0,245.0,11.0,0.0,2.0,0.0,43.4,0.0,0.0,25.0
532,570379,57,1,4,7636.6,14708.0,6106.2,12960.2,0.0,209.7,0.0,1633.0,0.0,3556.5,14.0,1713.6,0.0,0.0,0.0,0.0,1717.3,1691.8,4360.9,4365.2,0.0,0.0,14.0,0.0,0.0,0.0,0.0,209.7
533,570380,57,1,4,4602.2,6718.6,3865.1,5896.4,17.8,99.6,196.7,814.7,112.8,1216.5,628.0,1047.3,38.7,0.0,39.5,0.0,852.8,840.1,1974.6,1977.9,11.0,0.0,11.0,0.0,17.8,0.0,0.0,99.6
534,570381,57,1,4,1522.8,7057.6,385.4,5838.9,0.3,85.5,3.4,754.3,2.3,146.2,16.3,4584.9,0.4,0.0,0.6,0.0,177.4,174.2,180.0,179.2,0.0,0.0,5.0,0.0,0.3,0.0,0.0,85.5
535,570382,57,1,4,7174.2,11284.0,5949.4,9945.5,47.6,156.7,514.6,1205.0,293.6,2619.8,1575.3,2791.2,97.9,0.0,100.2,0.0,889.3,876.0,2452.3,2453.6,16.0,0.0,10.0,0.0,47.6,0.0,0.0,156.7
536,570383,57,1,3,5259.3,10338.4,4374.1,9288.5,0.0,153.7,0.0,793.7,0.0,3513.7,9.0,631.2,0.0,0.0,0.0,0.0,1088.5,1074.2,3267.6,3275.6,0.0,0.0,9.0,0.0,0.0,0.0,0.0,153.7
537,570384,57,1,4,6871.0,8639.4,6154.3,7911.0,88.1,96.7,956.3,661.6,545.2,949.0,2795.6,3256.1,140.7,575.8,143.5,949.5,431.8,424.9,1097.0,1094.2,33.0,0.0,11.0,0.0,88.1,0.0,0.0,96.7
538,570385,57,1,3,9326.7,15973.5,7877.0,14310.3,35.2,228.1,375.1,1315.9,214.6,4729.6,1199.1,2365.3,77.3,0.0,79.0,0.0,1500.7,1481.7,4402.1,4417.7,15.0,0.0,14.0,0.0,35.2,0.0,0.0,228.1
539,570386,57,1,3,2010.2,1239.9,1842.2,1089.3,30.4,15.5,348.6,15.0,198.2,0.0,1019.3,913.8,51.3,0.0,52.5,0.0,46.3,45.6,115.0,114.9,9.0,0.0,2.0,0.0,30.4,0.0,0.0,15.5
540,570387,57,1,3,164.5,392.2,89.7,315.3,0.0,4.6,0.0,103.3,0.0,0.0,0.0,123.6,0.0,0.0,0.0,0.0,41.3,40.5,48.3,48.0,0.0,0.0,0.0,0.0,0.0,0.0,0.0,4.6
541,570388,57,1,3,3341.1,10011.0,2068.1,8609.4,0.0,140.2,0.0,4258.4,0.0,0.0,4.0,2315.3,0.0,0.0,0.0,0.0,1121.9,1104.7,938.2,931.0,0.0,0.0,4.0,0.0,0.0,0.0,0.0,140.2
542,570389,57,1,4,3488.4,2085.1,3240.1,1854.8,46.7,28.9,537.4,72.7,322.5,91.3,1685.5,1228.6,105.2,0.0,107.5,0.0,136.7,134.4,328.2,327.7,15.0,0.0,2.0,0.0,46.7,0.0,0.0,28.9
543,570390,57,1,3,9561.7,5447.1,8982.4,4932.7,149.3,69.1,1539.5,210.4,898.4,37.1,4912.1,3321.2,369.4,612.4,377.0,0.0,234.6,230.7,522.3,520.8,121.0,0.0,8.0,0.0,149.3,0.0,0.0,69.1
544,570391,57,1,3,4984.0,2430.4,4724.4,2202.8,74.3,33.9,835.1,6.2,473.8,0.0,2633.2,1826.3,170.9,0.0,174.5,0.0,104.5,102.8,268.3,267.6,61.0,0.0,3.0,0.0,74.3,0.0,0.0,33.9
545,570392,57,1,3,3554.8,4655.7,3311.5,4429.7,59.9,36.8,585.3,206.7,321.4,0.0,1721.1,1643.2,87.7,0.0,89.6,2126.4,160.3,157.9,297.1,295.4,47.0,0.0,2.0,0.0,59.9,0.0,0.0,36.8
546,570393,57,1,3,4662.7,2188.0,4391.8,1945.3,68.4,29.7,762.7,51.8,462.7,0.0,2465.8,1568.5,171.4,0.0,175.1,0.0,95.6,93.9,232.5,231.2,22.0,0.0,4.0,0.0,68.4,0.0,0.0,29.7
547,570394,57,1,3,4707.2,3984.8,4388.8,3692.2,73.7,34.7,777.9,148.3,459.5,0.0,2364.2,1647.5,156.7,539.2,160.1,925.5,145.6,143.2,289.9,288.4,31.0,0.0,4.0,0.0,73.7,0.0,0.0,34.7
548,570395,57,1,3,3560.6,3451.1,3058.4,2956.0,69.1,47.1,546.3,371.6,304.0,149.9,1551.5,1974.3,82.9,0.0,84.7,0.0,148.7,146.2,316.2,313.9,21.0,0.0,3.0,0.0,69.1,0.0,0.0,47.1
549,570396,57,1,3,3081.5,10106.8,1517.8,8386.4,0.5,135.7,3.7,3907.1,2.5,32.6,20.0,2981.7,1.0,0.0,1.0,0.0,747.8,736.3,734.9,728.7,0.0,0.0,7.0,0.0,0.5,0.0,0.0,135.7
550,570397,57,1,3,1892.0,3469.7,1443.1,2988.9,23.4,48.4,171.6,879.8,108.4,37.3,518.8,1490.9,25.3,0.0,25.9,0.0,265.8,261.6,322.3,319.3,4.0,0.0,1.0,0.0,23.4,0.0,0.0,48.4
551,570398,57,1,3,3426.6,1765.0,3191.6,1554.6,57.6,23.1,585.4,22.6,347.3,0.0,1726.9,1264.3,89.3,0.0,91.3,0.0,78.5,77.2,191.9,190.4,75.0,0.0,6.0,0.0,57.6,0.0,0.0,23.1
552,570399,57,1,3,262.9,428.7,139.9,306.0,2.7,4.7,20.2,86.8,12.2,9.0,61.0,169.9,2.9,0.0,3.1,0.0,18.5,18.4,21.9,22.0,0.0,0.0,0.0,0.0,2.7,0.0,0.0,4.7
553,570400,57,1,4,2648.4,5935.7,2063.7,5259.3,0.0,90.5,0.0,577.8,0.0,1839.4,7.0,796.8,0.0,0.0,0.0,0.0,493.9,486.3,1555.8,1558.9,0.0,0.0,7.0,0.0,0.0,0.0,0.0,90.5
554,570401,57,1,4,6292.8,9203.8,5273.4,8088.1,40.7,137.4,457.3,950.2,246.9,1913.0,1394.0,2277.3,91.5,0.0,93.5,0.0,806.5,794.3,2151.7,2153.4,27.0,0.0,5.0,0.0,40.7,0.0,0.0,137.4
555,570402,57,1,4,1760.7,2062.9,1480.9,1773.7,17.8,29.9,202.0,252.8,114.7,149.9,599.0,876.8,30.0,0.0,30.7,0.0,160.5,158.2,336.0,335.9,6.0,0.0,2.0,0.0,17.8,0.0,0.0,29.9
556,570403,57,1,4,2894.9,1944.0,2692.4,1757.5,41.3,27.8,479.0,109.5,268.5,12.3,1412.9,1216.9,73.6,52.8,75.2,7.3,118.8,116.9,242.4,241.8,21.0,0.0,1.0,0.0,41.3,0.0,0.0,27.8
557,570404,57,1,4,2543.5,1609.6,2346.5,1432.7,38.2,23.3,465.6,29.6,253.1,0.0,1262.2,1167.1,54.5,0.0,55.8,0.0,67.6,66.7,169.6,169.4,17.0,0.0,1.0,0.0,38.2,0.0,0.0,23.3
558,570405,57,1,4,1674.2,1234.3,1466.4,1038.7,23.3,16.4,267.5,41.9,144.2,0.0,816.0,880.2,53.5,0.0,54.7,0.0,37.1,36.8,79.5,79.8,12.0,0.0,2.0,0.0,23.3,0.0,0.0,16.4
559,570406,57,1,4,492.2,1084.1,328.4,906.6,0.0,15.5,0.0,189.7,0.0,173.8,1.0,218.8,0.0,0.0,0.0,0.0,100.3,98.7,226.1,225.5,0.0,0.0,1.0,0.0,0.0,0.0,0.0,15.5
560,570407,57,1,3,4420.9,2186.9,4159.1,1957.3,67.7,31.8,748.4,9.2,425.4,0.0,2303.6,1622.9,143.8,0.0,146.8,0.0,91.9,90.4,235.2,234.7,62.0,0.0,2.0,0.0,67.7,0.0,0.0,31.8
561,570408,57,1,4,5434.2,4283.1,5014.3,3896.6,75.8,51.1,899.8,252.2,518.3,32.4,2690.8,2333.5,153.6,737.7,156.7,0.0,178.6,175.5,366.5,365.3,47.0,0.0,3.0,0.0,75.8,0.0,0.0,51.1
562,570409,57,1,3,1507.5,1139.0,1314.5,953.1,28.1,15.5,241.2,122.3,134.3,8.8,713.8,689.2,41.4,0.0,42.3,0.0,43.1,42.7,90.4,90.1,7.0,0.0,1.0,0.0,28.1,0.0,0.0,15.5
563,570410,57,1,4,4737.1,2550.3,4431.8,2271.6,70.4,36.0,816.3,70.0,458.3,0.0,2423.9,1816.0,139.5,0.0,142.4,0.0,116.8,114.8,272.5,270.7,55.0,0.0,7.0,0.0,70.4,0.0,0.0,36.0
564,570411,57,1,3,3783.6,1789.2,3499.8,1545.6,89.2,24.9,648.2,9.4,371.9,0.0,1926.2,1278.0,117.4,0.0,119.9,0.0,73.0,71.8,188.3,186.3,40.0,0.0,15.0,0.0,89.2,0.0,0.0,24.9
565,570412,57,1,3,2987.3,3797.2,2738.5,3581.8,72.7,30.1,458.3,215.9,278.3,0.0,1415.6,1266.2,80.7,517.2,82.5,1199.1,142.8,140.1,246.2,243.3,30.0,0.0,4.0,0.0,72.7,0.0,0.0,30.1
566,570413,57,1,3,4412.2,3594.7,3823.9,3048.8,105.4,50.0,646.0,543.5,367.5,195.5,1891.4,1665.4,114.6,0.0,117.1,0.0,227.4,223.2,427.0,421.1,28.0,0.0,5.0,0.0,105.4,0.0,0.0,50.0
567,570414,57,1,3,1871.0,884.0,1656.2,688.9,42.9,10.4,315.9,1.5,175.0,0.0,890.9,573.0,55.7,0.0,57.0,0.0,32.0,31.3,84.6,83.2,39.0,0.0,6.0,0.0,42.9,0.0,0.0,10.4
568,570415,57,1,3,10495.9,6852.7,9439.6,5966.0,287.0,93.7,1692.9,522.7,967.8,182.0,4857.7,3988.7,281.7,0.0,287.6,0.0,412.3,405.1,880.5,867.4,43.0,0.0,16.0,0.0,287.0,0.0,0.0,93.7
569,570416,57,1,3,4138.3,6191.3,3323.7,5343.0,64.1,84.2,364.8,1034.3,212.9,711.1,1084.1,1948.2,62.8,175.8,64.3,0.0,475.8,467.0,1023.0,1006.5,26.0,0.0,10.0,0.0,64.1,0.0,0.0,84.2
570,570417,57,1,3,11790.5,9209.4,10574.4,8140.7,296.0,128.5,1839.1,1042.5,1072.0,296.8,5465.4,5295.6,286.7,25.1,292.7,0.0,487.5,478.7,1020.0,1002.0,101.0,0.0,10.0,0.0,296.0,0.0,0.0,128.5
571,570418,57,1,3,4671.0,3822.6,4229.5,3417.7,84.5,39.3,703.2,340.6,432.5,14.4,2257.2,1847.8,163.1,774.3,166.5,0.0,163.9,160.8,285.1,279.8,50.0,0.0,8.0,0.0,84.5,0.0,0.0,39.3
572,570419,57,1,3,10306.4,10604.2,8928.9,9284.9,216.7,145.4,1336.0,1224.4,729.0,1124.5,3830.0,4505.0,198.8,0.0,203.0,0.0,749.0,735.4,1728.2,1695.6,143.0,0.0,12.0,0.0,216.7,0.0,0.0,145.4
573,570420,57,1,2,3044.5,1475.4,2801.9,1246.8,41.4,17.7,544.1,3.1,297.6,0.0,1517.4,1035.2,87.6,0.0,89.5,0.0,59.0,58.0,153.6,150.6,44.0,0.0,9.0,0.0,41.4,0.0,0.0,17.7
574,570421,57,1,3,1126.3,532.6,975.2,405.4,31.3,5.6,177.8,0.6,103.0,0.0,546.3,339.4,38.0,0.0,39.0,0.0,17.6,17.6,48.4,47.9,4.0,0.0,1.0,0.0,31.3,0.0,0.0,5.6
575,570422,57,1,3,4027.4,3139.3,3581.5,2705.5,51.5,37.0,563.1,353.5,324.1,265.7,1749.3,1432.3,128.9,0.0,131.4,0.0,208.9,205.4,457.7,448.7,11.0,0.0,7.0,0.0,51.5,0.0,0.0,37.0
576,570423,57,1,2,669.1,1535.9,313.1,1160.5,1.0,16.0,13.3,369.1,7.1,67.6,38.9,480.3,1.9,0.0,2.1,0.0,107.5,105.8,140.3,137.6,0.0,0.0,2.0,0.0,1.0,0.0,0.0,16.0
577,570424,57,1,2,136.8,104.4,8.7,0.0,0.2,0.0,0.0,0.0,1.5,0.0,6.7,0.0,0.2,0.0,0.2,0.0,0.0,0.0,0.0,0.0,0.0,0.0,0.0,0.0,0.2,0.0,0.0,0.0
578,570425,57,1,3,136.6,123.4,19.9,11.5,0.3,0.1,4.0,0.0,2.4,0.0,11.4,10.4,0.4,0.0,0.5,0.0,0.2,0.2,1.0,1.0,0.0,0.0,0.0,0.0,0.3,0.0,0.0,0.1
579,570426,57,1,3,416.1,317.1,237.4,139.6,3.8,1.6,52.7,0.0,27.5,0.0,126.7,117.9,4.4,0.0,4.6,0.0,5.6,5.6,16.1,16.2,0.0,0.0,0.0,0.0,3.8,0.0,0.0,1.6
580,570427,57,1,3,116.9,133.1,10.1,33.8,0.2,0.6,1.2,7.4,0.8,0.0,4.5,23.3,0.3,0.0,0.3,0.0,1.2,1.3,1.7,1.8,0.0,0.0,0.0,0.0,0.2,0.0,0.0,0.6
581,570428,57,1,2,207.9,148.4,64.8,30.6,0.8,0.5,13.1,0.0,6.8,0.0,36.9,26.8,2.0,0.0,2.3,0.0,0.7,0.7,3.0,3.1,0.0,0.0,0.0,0.0,0.8,0.0,0.0,0.5
582,110001,11,1,1,205.3,141.5,101.9,51.5,0.7,0.2,19.9,0.1,10.0,0.0,58.5,44.9,3.3,0.0,3.5,0.0,1.4,1.4,5.2,5.1,0.0,0.0,0.0,0.0,0.7,0.0,0.0,0.2
583,110002,11,1,1,689.7,391.7,576.0,283.1,3.9,1.5,112.8,1.2,59.6,0.0,323.1,240.4,18.0,0.0,18.5,0.0,11.1,11.1,30.9,30.4,1.0,0.0,1.0,0.0,3.9,0.0,0.0,1.5
584,110003,11,1,1,515.5,258.1,396.6,138.7,2.6,0.9,63.4,0.2,35.6,0.0,212.1,118.6,18.9,0.0,19.4,0.0,5.3,5.2,15.0,14.7,26.0,0.0,1.0,0.0,2.6,0.0,0.0,0.9
585,110004,11,1,2,526.8,276.4,407.2,153.9,2.9,1.0,68.9,1.6,39.1,0.0,232.0,130.5,21.2,0.0,21.9,0.0,5.8,5.7,16.4,16.1,1.0,0.0,1.0,0.0,2.9,0.0,0.0,1.0
586,110005,11,1,2,808.3,454.3,690.6,339.4,4.6,1.8,134.8,7.3,69.0,0.0,388.3,283.0,23.5,0.0,24.1,0.0,13.3,13.1,36.6,36.0,1.0,0.0,0.0,0.0,4.6,0.0,0.0,1.8
587,110006,11,1,2,1818.3,773.5,1669.5,625.0,11.3,3.7,284.4,5.0,158.6,0.0,948.6,527.9,87.3,0.0,89.3,0.0,25.7,25.4,68.6,66.8,4.0,0.0,3.0,0.0,11.3,0.0,0.0,3.7
588,110007,11,1,2,2397.8,1126.8,2245.5,977.2,16.2,6.8,368.4,81.4,211.2,0.0,1277.8,763.4,121.4,0.0,124.1,0.0,41.6,40.6,94.0,91.9,5.0,0.0,2.0,0.0,16.2,0.0,0.0,6.8
589,110008,11,1,2,795.0,375.6,669.7,247.7,4.3,1.4,113.7,0.4,63.3,0.0,378.5,211.3,34.4,0.0,35.2,0.0,9.6,9.6,26.9,26.5,7.0,0.0,1.0,0.0,4.3,0.0,0.0,1.4
590,110009,11,1,2,1856.2,792.1,1725.1,662.2,11.8,3.9,289.4,4.3,165.9,0.0,982.5,559.3,89.3,0.0,91.3,0.0,27.5,27.0,73.2,71.6,4.0,0.0,2.0,0.0,11.8,0.0,0.0,3.9
591,110010,11,1,3,2436.2,1017.3,2293.9,878.9,16.4,5.7,383.1,2.0,222.2,0.0,1306.6,744.6,118.7,0.0,121.2,0.0,37.2,36.5,98.1,95.9,5.0,0.0,2.0,0.0,16.4,0.0,0.0,5.7
592,110011,11,1,2,1548.4,820.6,1411.5,684.7,9.4,3.4,272.3,1.4,145.0,0.0,777.6,580.9,43.8,0.0,44.9,0.0,28.7,28.2,76.3,74.2,22.0,0.0,1.0,0.0,9.4,0.0,0.0,3.4
593,110012,11,1,2,2063.8,2059.0,1909.6,1905.0,12.5,6.5,320.6,117.5,175.9,0.0,1020.7,775.3,81.2,796.6,82.9,0.0,80.7,78.9,140.7,136.7,5.0,0.0,2.0,0.0,12.5,0.0,0.0,6.5
594,110013,11,1,3,3911.9,3663.5,3641.1,3392.9,25.3,18.1,609.6,366.8,328.3,43.6,1959.5,1994.0,163.2,597.5,166.7,0.0,146.6,143.1,254.2,247.9,10.0,0.0,3.0,0.0,25.3,0.0,0.0,18.1
595,110014,11,1,3,6268.7,7220.9,5984.4,6948.1,45.5,23.8,1021.6,232.1,560.0,0.0,3234.9,2326.1,257.4,1212.2,262.7,2623.2,194.5,190.2,372.3,364.3,73.0,0.0,8.0,0.0,45.5,0.0,0.0,23.8
596,110015,11,1,3,4365.5,2177.8,4162.7,1981.6,35.2,17.3,738.4,20.7,401.3,57.2,2326.0,1584.1,168.9,0.0,172.5,0.0,89.4,87.4,237.2,232.2,25.0,0.0,4.0,0.0,35.2,0.0,0.0,17.3
597,110016,11,1,2,2191.8,1149.9,2037.7,1000.4,13.1,4.4,397.3,7.4,210.3,0.0,1136.7,843.2,64.9,0.0,66.4,0.0,42.5,41.7,111.5,108.1,6.0,0.0,2.0,0.0,13.1,0.0,0.0,4.4
598,110017,11,1,2,1971.0,2119.1,1822.9,1975.5,12.2,4.4,356.0,13.1,186.7,0.0,1017.4,759.1,58.3,1069.3,59.6,0.0,38.1,37.2,99.8,96.8,4.0,0.0,3.0,0.0,12.2,0.0,0.0,4.4
599,110018,11,1,2,2953.6,1722.3,2721.8,1495.3,19.9,9.4,518.9,61.8,265.7,12.9,1501.8,1219.4,109.2,0.0,111.5,0.0,62.6,61.1,144.1,140.2,7.0,0.0,1.0,0.0,19.9,0.0,0.0,9.4
600,110019,11,1,3,6081.4,6786.6,5665.6,6340.3,29.7,49.4,704.6,441.7,353.0,1891.4,2038.6,1814.8,146.3,0.0,149.4,0.0,596.3,582.1,1649.3,1610.3,20.0,0.0,8.0,0.0,29.7,0.0,0.0,49.4
601,110020,11,1,3,4427.4,2010.4,4212.3,1803.5,35.9,16.3,757.4,4.7,400.1,0.0,2376.6,1522.4,185.8,0.0,189.7,0.0,78.8,77.0,203.9,199.4,16.0,0.0,4.0,0.0,35.9,0.0,0.0,16.3
602,110021,11,1,2,5987.8,2087.2,5744.3,1855.6,34.6,8.6,898.5,18.4,531.7,0.0,3283.3,1558.2,358.4,0.0,365.8,0.0,80.2,78.2,207.3,200.7,13.0,0.0,6.0,0.0,34.6,0.0,0.0,8.6
603,110022,11,1,2,4909.5,2029.2,4675.0,1806.7,36.0,14.8,788.7,66.8,440.5,0.0,2624.0,1473.5,242.1,0.0,247.3,0.0,77.0,75.2,195.4,191.2,55.0,0.0,5.0,0.0,36.0,0.0,0.0,14.8
604,110023,11,1,3,3441.7,1810.4,3227.7,1599.6,28.7,15.4,642.3,13.8,325.3,0.0,1771.6,1342.1,99.2,0.0,101.3,0.0,70.1,68.4,178.0,175.2,36.0,0.0,4.0,0.0,28.7,0.0,0.0,15.4
605,110024,11,1,3,363.5,770.8,245.1,643.4,1.8,6.8,33.6,84.1,19.8,38.5,113.6,462.9,9.1,0.0,9.4,0.0,21.8,21.5,36.7,36.3,0.0,0.0,1.0,0.0,1.8,0.0,0.0,6.8
606,110025,11,1,3,3912.8,1648.1,3728.3,1469.6,33.1,15.4,626.7,3.4,347.6,0.0,2083.4,1240.1,178.1,0.0,181.9,0.0,63.8,62.6,165.7,163.5,76.0,0.0,5.0,0.0,33.1,0.0,0.0,15.4
607,110026,11,1,3,3211.2,1550.0,3052.2,1400.2,30.9,16.8,545.8,9.3,316.7,0.0,1731.9,1175.3,113.9,0.0,116.3,0.0,61.5,60.4,156.9,155.2,8.0,0.0,1.0,0.0,30.9,0.0,0.0,16.8
608,110027,11,1,3,3340.4,1359.2,3157.7,1176.2,23.7,8.7,537.1,6.0,300.9,0.0,1790.4,992.3,162.9,0.0,166.4,0.0,50.6,49.3,131.3,128.6,7.0,0.0,11.0,0.0,23.7,0.0,0.0,8.7
609,110028,11,1,3,15410.4,9388.8,14750.8,8744.2,108.8,71.3,2093.1,562.6,1299.5,819.4,7781.6,4663.1,823.2,897.1,839.9,0.0,550.5,538.6,1284.9,1263.3,63.0,0.0,15.0,0.0,108.8,0.0,0.0,71.3
610,110029,11,1,3,5918.4,11736.8,5387.1,11115.8,18.4,105.5,358.4,1187.0,202.9,2846.7,1179.8,2898.7,95.8,798.9,97.9,0.0,971.5,951.3,2470.8,2433.2,5.0,0.0,5.0,0.0,18.4,0.0,0.0,105.5
611,110030,11,1,3,4719.7,3302.5,4494.1,3075.7,38.4,26.0,728.5,139.2,406.7,160.1,2423.2,1711.2,206.9,616.1,211.1,0.0,134.9,132.1,321.7,317.1,54.0,0.0,7.0,0.0,38.4,0.0,0.0,26.0
612,110031,11,1,3,5286.7,2547.8,5037.3,2304.4,49.1,26.9,894.1,38.8,494.3,17.9,2832.6,1900.2,215.1,0.0,219.5,0.0,100.7,98.8,252.1,248.7,20.0,0.0,9.0,0.0,49.1,0.0,0.0,26.9
613,110032,11,1,3,2200.5,927.4,2063.2,793.6,15.5,5.8,344.4,2.0,198.6,0.0,1174.8,672.1,106.7,0.0,109.0,0.0,33.3,32.8,88.3,86.7,6.0,0.0,2.0,0.0,15.5,0.0,0.0,5.8
614,110033,11,1,3,11345.9,6311.1,10866.8,5846.5,81.2,50.1,1689.2,418.8,959.9,357.5,5754.3,3771.0,520.2,0.0,530.8,0.0,406.4,397.5,918.0,901.7,74.0,0.0,14.0,0.0,81.2,0.0,0.0,50.1
615,110034,11,1,3,6547.8,12772.0,6064.0,12179.7,17.4,117.2,343.0,913.0,198.4,4647.0,1129.8,2499.9,91.8,0.0,93.8,0.0,1021.5,1000.4,3169.7,3119.3,7.0,0.0,9.0,0.0,17.4,0.0,0.0,117.2
616,110035,11,1,3,4715.4,3036.1,4492.5,2817.0,40.1,22.6,764.7,93.1,432.5,6.2,2494.0,1671.6,200.8,700.5,204.9,0.0,110.6,108.3,241.0,237.3,38.0,0.0,6.0,0.0,40.1,0.0,0.0,22.6
617,110036,11,1,3,5506.4,2576.7,5246.2,2325.4,50.7,26.3,959.1,18.9,519.4,0.0,2948.8,1951.3,211.2,0.0,215.7,0.0,102.4,100.3,258.6,254.8,25.0,0.0,6.0,0.0,50.7,0.0,0.0,26.3
618,110037,11,1,3,5099.0,3333.6,4794.4,3035.9,37.1,24.1,796.5,292.5,447.1,23.8,2664.1,2355.8,238.7,0.0,243.8,0.0,130.0,127.0,241.3,236.8,27.0,0.0,6.0,0.0,37.1,0.0,0.0,24.1
619,110038,11,1,3,153.0,252.4,19.4,111.1,0.1,1.1,2.8,35.1,1.9,6.3,7.2,62.8,0.3,0.0,0.3,0.0,2.5,2.5,4.4,4.3,0.0,0.0,0.0,0.0,0.1,0.0,0.0,1.1
620,110039,11,1,3,4022.1,1892.1,3789.6,1659.2,34.4,16.5,720.0,4.1,377.0,0.0,2112.9,1399.3,146.1,0.0,149.2,0.0,72.6,71.2,187.8,184.6,17.0,0.0,7.0,0.0,34.4,0.0,0.0,16.5
621,110040,11,1,3,5846.8,2733.5,5603.6,2503.4,52.6,27.1,999.2,17.4,553.9,0.0,3169.8,2098.2,226.6,0.0,231.3,0.0,111.4,109.2,283.3,278.6,22.0,0.0,6.0,0.0,52.6,0.0,0.0,27.1
622,110041,11,1,3,6339.0,5979.1,6008.9,5618.4,53.1,74.6,909.6,495.0,507.2,1014.8,2888.6,2846.7,193.6,0.0,197.7,0.0,334.9,328.8,942.3,933.0,29.0,0.0,6.0,0.0,53.1,0.0,0.0,74.6
623,110042,11,1,4,285.0,826.3,191.6,732.4,0.0,9.9,0.0,325.9,0.0,5.4,0.0,212.2,0.0,0.0,0.0,0.0,92.8,91.3,98.7,97.6,0.0,0.0,0.0,0.0,0.0,0.0,0.0,9.9
624,110043,11,1,3,6168.7,4404.2,5888.3,4117.4,57.1,45.4,980.0,245.8,556.1,213.5,3193.0,2487.5,236.5,531.2,241.3,0.0,194.3,190.7,454.1,448.6,19.0,0.0,14.0,0.0,57.1,0.0,0.0,45.4
625,110044,11,1,4,5608.2,4706.4,5346.1,4465.8,50.6,34.9,917.9,195.0,519.9,11.5,2932.7,2251.4,211.2,0.0,215.8,1512.8,167.1,164.0,335.6,331.0,43.0,0.0,3.0,0.0,50.6,0.0,0.0,34.9
626,110045,11,1,4,629.0,2259.7,507.5,2116.3,0.0,26.0,0.0,898.5,0.0,0.0,8.0,734.7,0.0,0.0,0.0,0.0,226.9,222.4,264.6,260.6,0.0,0.0,8.0,0.0,0.0,0.0,0.0,26.0
627,110046,11,1,4,4388.8,3735.7,4130.7,3485.7,37.2,34.2,697.9,279.8,392.8,111.3,2214.8,2137.0,151.3,489.0,154.5,0.0,157.1,154.2,319.2,314.4,38.0,0.0,5.0,0.0,37.2,0.0,0.0,34.2
628,110047,11,1,4,3151.4,12017.7,2691.5,11438.5,0.0,133.1,0.0,4816.3,0.0,0.0,6.0,3989.1,0.0,0.0,0.0,0.0,1244.1,1221.2,1435.4,1411.8,0.0,0.0,6.0,0.0,0.0,0.0,0.0,133.1
629,110048,11,1,3,1635.9,5450.8,1291.8,5058.2,0.0,59.9,0.0,2184.2,0.0,0.0,3.0,1607.9,0.0,0.0,0.0,0.0,667.5,656.2,618.2,609.9,0.0,0.0,3.0,0.0,0.0,0.0,0.0,59.9
630,110049,11,1,4,3698.7,12129.2,3231.3,11534.0,0.0,144.2,0.0,3914.8,0.0,0.0,4.0,4449.7,0.0,0.0,0.0,0.0,1482.7,1455.5,1740.5,1714.0,0.0,0.0,4.0,0.0,0.0,0.0,0.0,144.2
631,110050,11,1,4,7128.4,24246.0,6295.6,23136.3,0.0,287.8,0.0,8221.4,0.0,0.0,15.0,8758.1,0.0,0.0,0.0,0.0,2882.7,2829.3,3383.0,3327.4,0.0,0.0,15.0,0.0,0.0,0.0,0.0,287.8
632,110051,11,1,4,3924.6,1990.1,3753.3,1837.9,33.0,17.6,680.8,16.4,367.0,0.0,2123.2,1543.5,137.9,0.0,140.5,0.0,80.6,78.9,202.3,199.0,14.0,0.0,7.0,0.0,33.0,0.0,0.0,17.6
633,110052,11,1,3,97.3,676.6,36.3,607.3,0.0,8.0,0.0,437.2,0.0,0.0,7.0,148.0,0.0,0.0,0.0,0.0,11.3,11.2,11.1,10.9,0.0,0.0,7.0,0.0,0.0,0.0,0.0,8.0
634,110053,11,1,4,17087.4,52626.8,15334.4,50250.0,4.5,637.9,87.0,16115.3,55.6,1198.9,353.8,18443.1,29.4,0.0,30.2,0.0,6496.3,6377.4,8243.1,8115.2,8.0,0.0,31.0,0.0,4.5,0.0,0.0,637.9
635,110054,11,1,2,3321.6,1972.1,3062.5,1744.6,52.7,23.7,511.9,114.4,287.4,34.5,1698.4,1363.7,152.0,0.0,155.3,0.0,73.5,72.4,160.9,159.5,22.0,0.0,1.0,0.0,52.7,0.0,0.0,23.7
636,110055,11,1,2,6594.3,4931.3,6183.0,4563.0,89.5,51.1,1020.5,427.3,573.8,31.1,3386.1,2674.0,302.9,869.5,309.2,0.0,202.7,199.3,366.9,361.8,15.0,0.0,6.0,0.0,89.5,0.0,0.0,51.1
637,110056,11,1,2,6616.9,3015.1,6261.8,2733.9,121.2,36.7,1108.1,104.6,593.0,0.0,3452.6,2143.8,259.8,0.0,265.3,0.0,154.6,151.9,341.5,333.7,79.0,0.0,8.0,0.0,121.2,0.0,0.0,36.7
638,110057,11,1,2,7795.7,5314.0,7375.4,4924.6,106.4,55.2,1315.9,232.8,692.7,162.1,3981.8,2906.6,291.0,465.7,297.1,439.3,219.2,215.4,514.7,502.6,50.0,0.0,13.0,0.0,106.4,0.0,0.0,55.2
639,110058,11,1,2,470.2,714.5,339.0,575.0,0.7,8.5,6.2,100.9,3.4,76.0,21.3,100.1,1.3,0.0,1.4,0.0,99.2,97.5,205.3,200.5,0.0,0.0,1.0,0.0,0.7,0.0,0.0,8.5
640,110059,11,1,2,129.3,135.0,0.0,0.0,0.0,0.0,0.0,0.0,0.0,0.0,0.0,0.0,0.0,0.0,0.0,0.0,0.0,0.0,0.0,0.0,0.0,0.0,0.0,0.0,0.0,0.0,0.0,0.0
641,110060,11,1,2,841.8,491.7,670.7,322.9,10.5,4.6,120.5,25.2,61.9,1.5,365.1,249.8,29.0,0.0,29.9,0.0,14.1,14.0,33.2,32.4,13.0,0.0,4.0,0.0,10.5,0.0,0.0,4.6
642,110061,11,1,2,5323.6,2164.2,4999.2,1875.1,88.8,26.0,924.5,19.1,479.7,0.0,2755.8,1549.6,220.5,0.0,224.7,0.0,87.9,86.0,225.1,220.4,66.0,0.0,15.0,0.0,88.8,0.0,0.0,26.0
643,110062,11,1,3,7328.6,5636.9,6987.8,5288.3,57.3,45.7,1150.3,270.4,631.5,512.8,3621.9,2908.0,260.7,621.3,266.2,0.0,283.7,277.2,712.5,698.8,49.0,0.0,12.0,0.0,57.3,0.0,0.0,45.7
644,110063,11,1,3,4579.6,2181.4,4366.3,1977.0,41.1,21.5,799.1,5.0,427.0,0.0,2440.8,1664.8,163.9,0.0,167.4,0.0,87.6,85.6,225.6,221.7,51.0,0.0,4.0,0.0,41.1,0.0,0.0,21.5
645,110064,11,1,4,11042.6,6305.6,10558.9,5849.4,91.7,69.0,1576.7,343.1,944.3,402.6,5567.7,3716.6,502.9,0.0,512.9,0.0,424.7,416.8,985.6,970.3,34.0,0.0,10.0,0.0,91.7,0.0,0.0,69.0
646,110065,11,1,4,9340.4,11406.4,8655.0,10683.2,72.8,116.6,1418.8,1347.7,807.4,642.3,4127.0,6262.7,199.0,607.9,203.2,0.0,631.4,619.6,1222.2,1202.9,33.0,0.0,13.0,0.0,72.8,0.0,0.0,116.6
647,110066,11,1,4,192.4,620.3,133.1,558.7,0.0,6.9,0.0,194.1,0.0,167.2,3.0,72.0,0.0,0.0,0.0,0.0,25.4,25.0,101.7,100.4,0.0,0.0,3.0,0.0,0.0,0.0,0.0,6.9
648,110067,11,1,3,5075.3,2663.0,4852.5,2438.7,44.0,23.5,929.8,6.3,498.1,0.0,2701.8,2056.4,149.3,0.0,152.5,0.0,107.5,105.1,276.5,270.9,22.0,0.0,15.0,0.0,44.0,0.0,0.0,23.5
649,110068,11,1,3,2368.8,1337.3,2211.7,1178.4,20.5,12.9,408.0,9.7,213.9,91.0,1204.0,860.3,75.2,0.0,76.9,0.0,56.5,55.4,165.1,161.9,8.0,0.0,4.0,0.0,20.5,0.0,0.0,12.9
650,110069,11,1,3,3943.4,1951.9,3736.2,1751.7,36.7,20.0,710.1,7.1,373.0,0.0,2095.0,1472.3,131.0,0.0,133.8,0.0,77.6,76.1,199.7,196.2,10.0,0.0,6.0,0.0,36.7,0.0,0.0,20.0
651,110070,11,1,3,242.5,992.9,77.2,817.0,0.0,9.2,0.0,274.7,0.0,48.8,1.0,419.8,0.0,0.0,0.0,0.0,46.2,44.9,29.1,28.8,0.0,0.0,1.0,0.0,0.0,0.0,0.0,9.2
652,110071,11,1,4,828.4,2163.2,583.7,1905.7,3.2,23.2,64.7,875.3,33.8,23.2,195.0,748.9,12.5,0.0,12.8,0.0,157.7,154.7,105.2,103.6,1.0,0.0,1.0,0.0,3.2,0.0,0.0,23.2
653,110072,11,1,4,7474.5,6676.6,7071.8,6268.6,62.1,75.6,1260.3,458.3,680.1,668.0,3567.5,3974.2,173.1,0.0,176.7,0.0,324.3,318.3,862.7,849.9,22.0,0.0,5.0,0.0,62.1,0.0,0.0,75.6
654,110073,11,1,4,7247.3,7050.9,6794.2,6573.2,50.4,83.4,994.5,687.9,556.7,897.8,2977.6,3108.6,163.8,0.0,167.1,0.0,565.2,554.7,1344.2,1324.3,18.0,0.0,7.0,0.0,50.4,0.0,0.0,83.4
655,110074,11,1,4,8401.5,4047.9,8108.9,3786.2,64.7,34.5,1316.8,87.7,738.7,0.0,4600.6,2579.1,423.9,575.5,432.5,0.0,167.9,164.6,385.4,379.3,26.0,0.0,17.0,0.0,64.7,0.0,0.0,34.5
656,110075,11,1,3,5828.6,2086.8,5587.5,1856.9,43.9,15.9,877.3,8.6,511.6,0.0,3173.1,1563.5,337.1,0.0,344.0,0.0,81.3,79.3,210.1,205.4,45.0,0.0,8.0,0.0,43.9,0.0,0.0,15.9
657,110076,11,1,3,2337.5,10760.8,1178.2,9525.0,0.0,93.1,0.0,6432.9,0.0,224.9,9.0,1732.7,0.0,0.0,0.0,0.0,992.6,970.4,167.7,164.0,0.0,0.0,9.0,0.0,0.0,0.0,0.0,93.1
658,110077,11,1,4,4899.2,3218.8,4669.4,3000.5,41.8,36.4,861.1,82.4,462.5,182.9,2438.9,2109.8,122.7,0.0,125.4,0.0,176.7,173.4,459.0,452.1,20.0,0.0,3.0,0.0,41.8,0.0,0.0,36.4
659,110078,11,1,4,2511.7,5471.0,2311.9,5256.1,17.9,38.2,346.6,468.6,204.6,97.7,1017.6,1693.9,45.4,986.8,46.4,1381.2,240.2,235.8,398.2,392.0,9.0,0.0,4.0,0.0,17.9,0.0,0.0,38.2
660,110079,11,1,4,4455.5,11473.1,3943.0,10897.2,27.0,99.1,538.9,1806.9,322.2,251.9,1576.8,4555.9,67.1,0.0,68.6,3010.7,538.3,528.7,753.0,743.0,71.0,0.0,7.0,0.0,27.0,0.0,0.0,99.1
661,110080,11,1,4,11669.6,14110.6,10898.1,13267.3,79.8,160.7,1680.8,2111.7,941.3,1451.8,5016.0,6697.4,262.9,0.0,267.9,366.3,783.3,769.4,1895.9,1870.6,36.0,0.0,14.0,0.0,79.8,0.0,0.0,160.7
662,110081,11,1,4,8519.4,8189.4,7981.7,7629.8,69.1,98.3,1402.7,527.6,761.1,600.2,4077.1,5320.3,211.1,0.0,215.1,0.0,346.7,340.3,852.9,841.4,105.0,0.0,10.0,0.0,69.1,0.0,0.0,98.3
663,110082,11,1,4,4946.4,14519.6,3469.9,12936.2,11.7,133.4,263.5,8263.7,144.2,237.5,835.7,2381.1,55.6,0.0,56.8,0.0,1502.1,1472.4,592.1,581.6,4.0,0.0,16.0,0.0,11.7,0.0,0.0,133.4
664,110083,11,1,4,7367.2,6377.0,6954.9,5947.3,56.7,71.9,1158.2,468.7,651.4,343.5,3397.2,3826.5,167.3,0.0,170.8,0.0,417.2,409.8,911.6,898.9,68.0,0.0,13.0,0.0,56.7,0.0,0.0,71.9
665,110084,11,1,3,9409.7,6046.0,9035.6,5680.1,68.9,43.8,1503.4,240.1,837.1,225.1,4958.7,3465.1,405.6,921.0,414.0,0.0,250.6,245.2,596.0,583.6,58.0,0.0,12.0,0.0,68.9,0.0,0.0,43.8
666,110085,11,1,3,15051.4,7937.5,14475.6,7354.8,115.5,81.2,2285.0,569.7,1263.7,426.9,7811.5,4929.1,735.8,0.0,750.5,0.0,438.1,429.4,1016.1,999.8,141.0,0.0,34.0,0.0,115.5,0.0,0.0,81.2
667,110086,11,1,2,3002.8,1417.5,2789.9,1205.0,21.2,8.2,539.0,2.9,269.6,0.0,1556.7,1019.8,111.5,0.0,113.9,0.0,52.0,50.7,135.2,131.4,7.0,0.0,5.0,0.0,21.2,0.0,0.0,8.2
668,110087,11,1,3,1156.3,596.0,992.0,428.6,7.9,3.3,190.6,3.2,96.1,0.0,553.9,362.2,39.7,0.0,40.6,0.0,17.4,17.1,46.8,46.1,4.0,0.0,3.0,0.0,7.9,0.0,0.0,3.3
669,110088,11,1,3,3207.5,9632.3,2876.4,9275.1,17.6,37.1,375.5,897.6,194.3,205.4,1185.8,1847.2,91.1,1050.7,93.0,4388.8,363.8,355.7,542.0,529.6,22.0,0.0,9.0,0.0,17.6,0.0,0.0,37.1
670,110089,11,1,2,11202.2,4610.1,10805.8,4226.4,68.2,20.5,1917.8,50.0,988.3,0.0,5962.6,3541.8,518.9,0.0,529.0,0.0,184.3,179.8,468.9,454.7,202.0,0.0,34.0,0.0,68.2,0.0,0.0,20.5
671,110090,11,1,3,4141.3,2751.5,3855.0,2455.8,27.9,17.4,702.7,318.3,353.0,23.9,2052.8,1739.8,150.4,0.0,153.6,0.0,134.0,130.7,249.6,243.1,43.0,0.0,16.0,0.0,27.9,0.0,0.0,17.4
672,110091,11,1,3,5686.6,2680.8,5416.3,2411.6,37.7,18.5,799.1,136.1,461.4,120.2,2900.3,1574.2,310.9,0.0,317.4,0.0,184.1,179.9,411.9,401.2,20.0,0.0,11.0,0.0,37.7,0.0,0.0,18.5
673,110092,11,1,2,4173.9,1483.6,3976.7,1284.9,22.9,5.6,612.1,14.0,354.6,0.0,2263.1,1082.5,256.1,0.0,261.5,0.0,54.6,53.3,139.7,135.1,23.0,0.0,12.0,0.0,22.9,0.0,0.0,5.6
674,110093,11,1,3,8480.3,12780.3,7943.1,12190.3,34.0,70.2,836.5,872.1,438.4,3249.2,2581.2,2583.9,221.0,0.0,225.6,2016.7,944.4,920.3,2623.0,2548.1,58.0,0.0,15.0,0.0,34.0,0.0,0.0,70.2
675,110094,11,1,3,9568.6,8172.8,9166.6,7772.6,67.8,45.7,1482.0,593.5,836.3,241.6,4860.9,3639.1,396.6,2218.8,404.8,0.0,369.4,360.9,736.5,718.7,63.0,0.0,17.0,0.0,67.8,0.0,0.0,45.7
676,110095,11,1,2,234.9,587.0,73.5,427.1,0.2,1.8,7.1,107.5,3.7,15.0,23.1,269.5,1.9,0.0,2.0,0.0,18.9,18.4,16.8,16.6,0.0,0.0,0.0,0.0,0.2,0.0,0.0,1.8
677,110096,11,1,3,5384.0,3306.8,5115.7,3056.0,31.2,10.2,911.3,90.7,465.3,0.0,2837.3,1771.1,249.8,828.7,254.9,0.0,118.7,116.1,257.3,249.3,12.0,0.0,9.0,0.0,31.2,0.0,0.0,10.2
678,110097,11,1,3,4709.1,4017.0,4433.4,3737.5,25.7,18.1,694.1,544.5,385.2,42.6,2323.9,2493.5,192.3,0.0,196.3,72.2,233.1,227.3,368.6,357.4,27.0,0.0,13.0,0.0,25.7,0.0,0.0,18.1
679,110098,11,1,3,9002.5,4881.4,8599.9,4493.9,58.1,28.8,1406.4,374.3,801.7,143.4,4678.6,3203.2,421.1,0.0,429.8,0.0,252.0,246.1,542.3,527.0,57.0,0.0,11.0,0.0,58.1,0.0,0.0,28.8
680,110099,11,1,3,16020.3,10676.7,15306.0,9968.4,108.2,76.8,2570.3,809.9,1361.0,776.7,8003.1,6403.5,624.8,0.0,637.4,0.0,614.9,600.3,1414.6,1378.0,61.0,0.0,19.0,0.0,108.2,0.0,0.0,76.8
681,110100,11,1,3,10905.2,10146.7,10370.6,9578.5,62.4,68.5,1450.7,573.1,788.3,1649.3,4585.6,3370.0,371.6,1400.1,379.3,0.0,742.0,725.3,1905.0,1860.6,124.0,0.0,24.0,0.0,62.4,0.0,0.0,68.5
682,110101,11,1,3,7912.1,3499.6,7611.9,3202.6,52.5,19.9,1354.9,25.3,728.9,6.1,4204.4,2682.2,316.6,0.0,323.2,0.0,141.9,138.6,360.0,350.4,158.0,0.0,24.0,0.0,52.5,0.0,0.0,19.9
683,110102,11,1,2,480.8,270.0,337.1,128.7,2.0,0.5,60.1,0.3,31.2,0.0,191.8,110.4,17.2,0.0,17.8,0.0,4.6,4.6,13.5,13.3,1.0,0.0,0.0,0.0,2.0,0.0,0.0,0.5
684,110103,11,1,3,8597.1,3799.1,8286.3,3524.0,52.0,16.3,1433.5,83.6,824.2,0.0,4700.6,2911.4,377.4,0.0,384.8,0.0,154.2,150.6,389.6,378.3,20.0,0.0,2.0,0.0,52.0,0.0,0.0,16.3
685,110104,11,1,3,4715.7,2071.0,4506.1,1873.1,30.0,10.1,785.2,25.0,444.5,0.0,2547.6,1566.4,209.6,0.0,213.8,0.0,80.7,78.8,208.7,202.9,12.0,0.0,4.0,0.0,30.0,0.0,0.0,10.1
686,110105,11,1,3,5763.5,2150.5,5525.7,1921.8,36.6,11.8,869.3,30.2,507.0,5.9,3124.6,1593.7,330.3,0.0,337.1,0.0,84.9,82.8,214.5,209.3,50.0,0.0,8.0,0.0,36.6,0.0,0.0,11.8
687,110106,11,1,3,7940.8,2979.4,7634.8,2672.4,53.7,20.6,1278.9,25.3,708.2,0.0,4305.4,2235.0,422.7,0.0,431.4,0.0,119.1,116.7,302.1,295.5,45.0,0.0,22.0,0.0,53.7,0.0,0.0,20.6
688,110107,11,1,3,5907.4,2532.1,5680.2,2320.8,37.7,13.6,979.6,10.3,555.1,0.0,3233.7,1954.8,262.5,0.0,267.5,0.0,102.1,99.8,262.8,255.9,12.0,0.0,5.0,0.0,37.7,0.0,0.0,13.6
689,110108,11,1,2,137.2,129.5,0.0,0.2,0.0,0.0,0.0,0.2,0.0,0.0,0.0,0.0,0.0,0.0,0.0,0.0,0.0,0.0,0.0,0.0,0.0,0.0,0.0,0.0,0.0,0.0,0.0,0.0
690,110109,11,1,3,7005.7,7045.7,6593.6,6609.4,54.9,73.7,1116.5,950.1,588.1,236.8,3385.8,3492.1,215.9,932.3,220.5,0.0,352.4,346.8,663.4,651.2,31.0,0.0,20.0,0.0,54.9,0.0,0.0,73.7
691,110110,11,1,3,5862.7,5392.7,5429.0,4935.1,40.4,62.3,925.1,1183.5,484.8,224.4,2802.9,2739.3,180.1,0.0,183.6,0.0,321.1,315.4,480.5,472.5,38.0,0.0,13.0,0.0,40.4,0.0,0.0,62.3
692,110111,11,1,3,7084.5,4741.9,6594.8,4278.9,120.0,60.5,1240.3,465.3,651.5,33.1,3592.2,3234.5,247.7,0.0,252.7,0.0,183.2,180.2,372.1,365.8,31.0,0.0,24.0,0.0,120.0,0.0,0.0,60.5
693,110112,11,1,4,15151.9,16075.6,14317.0,15228.0,116.1,143.1,2400.4,1517.8,1327.9,246.9,7530.9,8093.3,505.9,0.0,515.7,1549.5,642.6,630.6,1191.7,1175.0,189.0,2015.0,13.0,0.0,116.1,0.0,0.0,143.1
694,110113,11,1,4,6434.2,6649.3,6050.0,6249.4,45.7,70.7,975.1,598.3,551.4,394.3,2995.7,3400.3,167.3,730.2,170.9,0.0,363.8,357.0,780.8,769.3,41.0,0.0,4.0,0.0,45.7,0.0,0.0,70.7
695,110114,11,1,3,516.6,810.3,373.8,662.4,2.8,8.9,57.7,157.9,31.9,15.0,192.4,434.1,16.6,0.0,16.9,0.0,31.7,31.1,24.6,24.4,1.0,0.0,1.0,0.0,2.8,0.0,0.0,8.9
696,110115,11,1,3,8464.3,7105.1,7983.0,6578.9,59.9,90.1,1092.4,560.4,600.4,1120.9,3499.3,2793.7,279.7,25.1,285.2,0.0,593.6,582.6,1520.3,1496.3,101.0,0.0,11.0,0.0,59.9,0.0,0.0,90.1
697,110116,11,1,3,7397.6,4797.0,6983.5,4379.5,83.1,59.0,1243.7,592.0,680.0,11.6,3738.6,3101.4,246.6,0.0,251.2,0.0,242.7,238.8,442.8,435.6,112.0,0.0,26.0,0.0,83.1,0.0,0.0,59.0
698,110117,11,1,3,10697.1,5582.9,10232.4,5174.4,138.0,60.0,1853.5,70.7,1005.7,0.0,5664.3,3407.6,424.0,977.8,433.0,0.0,215.3,211.9,514.5,506.5,106.0,0.0,16.0,0.0,138.0,0.0,0.0,60.0
699,110118,11,1,3,2350.0,1339.0,2157.6,1159.5,33.4,17.0,406.7,45.0,220.9,15.1,1164.0,895.0,66.6,0.0,68.2,0.0,62.0,60.7,146.1,143.7,20.0,0.0,3.0,0.0,33.4,0.0,0.0,17.0
700,110119,11,1,4,8788.7,10817.5,8207.0,10152.3,44.1,118.9,922.6,933.8,499.6,1587.3,2714.6,2655.5,147.1,0.0,149.9,1318.9,1116.6,1096.8,2592.7,2560.0,36.0,0.0,28.0,0.0,44.1,0.0,0.0,118.9
701,110120,11,1,4,8175.5,9236.4,7723.0,8763.0,59.7,76.6,1331.1,893.7,705.6,191.6,3924.0,3802.9,232.9,0.0,237.4,2706.2,414.8,407.5,771.2,761.1,82.0,0.0,24.0,0.0,59.7,0.0,0.0,76.6
702,110121,11,1,4,9702.8,8188.3,9213.2,7697.5,75.8,81.9,1610.7,458.1,887.9,608.5,4700.3,4748.7,241.4,469.5,246.5,0.0,413.0,405.6,1019.4,1007.1,84.0,0.0,10.0,0.0,75.8,0.0,0.0,81.9
703,110122,11,1,4,14830.0,21436.9,13587.7,20034.0,85.9,248.8,1703.2,5043.8,989.3,2281.4,5358.0,7973.1,324.9,0.0,331.3,0.0,1648.3,1619.5,3149.7,3116.2,54.0,0.0,29.0,0.0,85.9,0.0,0.0,248.8
704,110123,11,1,4,20709.9,29704.8,19158.1,27773.7,74.8,357.4,1657.7,3559.8,902.9,5885.8,4603.7,7083.5,196.8,0.0,200.4,0.0,3356.8,3300.1,8034.9,7944.6,78.0,0.0,127.0,0.0,74.8,0.0,0.0,357.4
705,110124,11,1,4,19640.7,14411.3,18683.4,13431.4,146.2,172.1,3061.1,1262.2,1688.8,1078.9,9684.9,8424.0,700.9,0.0,714.7,0.0,798.3,785.1,1901.7,1881.2,107.0,0.0,26.0,0.0,146.2,0.0,0.0,172.1
706,110125,11,1,3,1334.4,994.1,1188.3,842.3,9.8,11.3,211.2,71.0,117.8,35.5,641.1,615.9,42.7,0.0,43.8,0.0,37.2,36.5,84.4,83.4,8.0,0.0,2.0,0.0,9.8,0.0,0.0,11.3
707,110126,11,1,3,10430.7,4650.1,10032.2,4260.5,109.4,59.2,1828.4,39.7,1037.4,0.0,5601.2,3518.4,372.7,0.0,380.2,0.0,202.6,199.4,510.9,502.9,63.0,0.0,36.0,0.0,109.4,0.0,0.0,59.2
708,110127,11,1,3,12952.2,5417.8,12519.4,4981.7,98.8,46.6,2214.9,40.4,1159.8,0.0,6994.9,4155.8,563.5,0.0,574.7,0.0,226.6,222.0,573.0,563.5,168.0,0.0,44.0,0.0,98.8,0.0,0.0,46.6
709,110128,11,1,4,1658.8,1894.7,1491.7,1725.3,11.4,17.7,245.5,466.7,139.7,23.3,772.6,947.8,46.8,0.0,47.9,63.6,102.4,100.5,124.8,123.4,7.0,0.0,5.0,0.0,11.4,0.0,0.0,17.7
710,110129,11,1,4,8858.8,11057.4,8329.7,10425.2,44.3,135.2,866.7,904.2,492.5,2728.5,2812.9,3100.5,184.2,0.0,187.9,0.0,989.1,972.5,2743.4,2719.4,25.0,0.0,28.0,0.0,44.3,0.0,0.0,135.2
711,110130,11,1,4,6979.3,12373.6,6353.3,11581.7,0.0,153.3,0.0,1087.3,0.0,3751.1,31.0,523.6,0.0,0.0,0.0,0.0,1764.1,1735.3,4527.2,4484.3,0.0,0.0,31.0,0.0,0.0,0.0,0.0,153.3
712,110131,11,1,3,1851.9,5500.9,1473.3,5065.3,6.8,61.5,142.8,1144.0,80.1,286.9,434.7,2245.0,28.6,647.9,29.3,0.0,296.4,291.5,455.4,449.9,3.0,0.0,3.0,0.0,6.8,0.0,0.0,61.5
713,110132,11,1,3,8518.7,3981.7,8185.0,3651.7,67.3,47.4,1480.0,60.4,828.5,10.0,4602.4,2989.2,315.0,0.0,321.7,0.0,172.4,169.4,428.0,422.7,28.0,0.0,9.0,0.0,67.3,0.0,0.0,47.4
714,110133,11,1,3,8061.9,4299.8,7736.6,3985.8,68.3,45.3,1280.2,154.9,739.8,25.2,4266.1,2487.0,369.8,761.2,377.6,0.0,173.8,171.5,391.4,386.0,130.0,0.0,8.0,0.0,68.3,0.0,0.0,45.3
715,110134,11,1,2,3447.3,1702.4,3243.0,1501.7,31.0,21.5,625.6,15.0,335.8,0.0,1807.2,1246.1,108.2,0.0,110.5,0.0,68.6,68.1,175.2,172.5,8.0,0.0,4.0,0.0,31.0,0.0,0.0,21.5
716,110135,11,1,3,3185.7,1770.5,2950.9,1529.4,21.3,13.2,481.4,225.8,267.2,5.6,1617.9,1063.6,162.9,0.0,166.3,0.0,85.5,83.6,153.7,150.7,12.0,0.0,4.0,0.0,21.3,0.0,0.0,13.2
717,110136,11,1,3,4048.4,1753.7,3827.8,1531.2,30.0,15.0,660.5,44.9,359.5,10.9,2154.6,1240.6,194.2,0.0,198.2,0.0,69.7,68.5,169.0,166.3,13.0,0.0,9.0,0.0,30.0,0.0,0.0,15.0
718,110137,11,1,3,3605.9,2620.7,3374.2,2388.2,27.1,17.4,559.1,121.4,301.1,16.0,1861.4,1148.1,184.0,836.0,187.9,0.0,89.7,88.1,181.0,178.6,8.0,0.0,2.0,0.0,27.1,0.0,0.0,17.4
719,110138,11,1,4,690.2,3247.5,295.5,2828.5,0.0,34.6,0.0,1385.8,0.0,111.1,2.0,1044.2,0.0,0.0,0.0,0.0,211.3,207.7,80.3,79.6,0.0,0.0,2.0,0.0,0.0,0.0,0.0,34.6
720,110139,11,1,4,16044.9,27064.4,15245.8,25960.2,40.4,338.9,803.5,1671.8,450.4,10367.2,2538.6,2938.0,159.4,0.0,162.7,0.0,2619.3,2577.4,8465.0,8405.8,19.0,0.0,28.0,0.0,40.4,0.0,0.0,338.9
721,110140,11,1,4,5913.2,5818.0,5616.5,5518.7,47.4,51.0,966.3,372.2,557.4,113.7,2985.9,2739.2,178.0,419.7,181.8,1167.4,238.0,234.1,477.2,472.5,21.0,0.0,11.0,0.0,47.4,0.0,0.0,51.0
722,110141,11,1,4,2639.2,8279.7,2329.4,7918.6,9.5,65.5,215.8,1027.9,121.8,412.6,578.0,2178.7,23.3,0.0,23.9,2967.5,488.4,481.3,859.2,850.5,12.0,0.0,7.0,0.0,9.5,0.0,0.0,65.5
723,110142,11,1,3,11644.4,7740.7,11161.0,7242.2,95.5,90.1,2026.8,237.4,1159.7,110.9,5922.8,4986.0,284.6,529.1,290.6,0.0,425.8,419.5,969.6,959.4,67.0,0.0,14.0,0.0,95.5,0.0,0.0,90.1
724,110143,11,1,3,13669.3,9503.8,13048.1,8840.4,102.1,119.3,2386.2,553.5,1274.7,626.9,6679.7,5729.0,339.2,0.0,346.0,0.0,564.2,556.0,1391.1,1375.0,39.0,0.0,28.0,0.0,102.1,0.0,0.0,119.3
725,110144,11,1,2,3069.7,3286.2,2862.4,3068.2,19.9,11.7,464.3,132.2,249.6,0.0,1546.7,960.5,152.7,0.0,156.1,1712.3,96.5,94.2,172.5,169.0,16.0,0.0,8.0,0.0,19.9,0.0,0.0,11.7
726,110145,11,1,3,2605.9,2388.1,2423.6,2198.1,17.6,11.0,402.6,106.3,216.9,0.0,1316.5,846.9,119.6,1018.1,122.1,0.0,81.4,79.9,149.4,147.0,10.0,0.0,5.0,0.0,17.6,0.0,0.0,11.0
727,110146,11,1,2,620.4,318.0,490.6,182.0,3.9,1.9,86.2,0.3,46.2,0.0,279.3,154.5,24.5,0.0,25.1,0.0,7.1,7.1,20.1,20.1,1.0,0.0,1.0,0.0,3.9,0.0,0.0,1.9
728,110147,11,1,3,3596.4,3897.0,3328.0,3617.5,24.8,25.9,504.9,316.8,277.7,56.2,1701.5,1377.9,170.6,1029.2,174.3,364.1,174.0,170.9,305.8,302.3,13.0,0.0,6.0,0.0,24.8,0.0,0.0,25.9
729,110148,11,1,3,4881.5,7853.9,4105.2,7023.4,30.3,90.0,625.8,2568.6,337.4,419.7,1885.0,3048.1,115.3,0.0,117.9,0.0,507.0,498.6,492.8,488.5,16.0,0.0,8.0,0.0,30.3,0.0,0.0,90.0
730,110149,11,1,3,10698.2,6531.0,10266.2,6075.6,77.9,82.7,1773.2,188.1,953.5,829.6,5256.9,3657.2,347.6,0.0,354.5,0.0,355.0,350.2,1063.4,1050.5,139.0,0.0,23.0,0.0,77.9,0.0,0.0,82.7
731,110150,11,1,2,2803.1,1198.7,2606.7,996.7,18.9,8.2,465.1,15.4,237.8,0.0,1447.7,828.7,126.0,0.0,128.7,0.0,42.9,42.1,112.4,110.5,40.0,0.0,6.0,0.0,18.9,0.0,0.0,8.2
732,110151,11,1,2,3644.5,3173.0,3409.9,2936.5,25.6,15.8,606.4,122.5,309.0,21.7,1870.2,1237.8,158.9,1269.5,162.2,0.0,92.9,91.3,196.2,193.7,9.0,0.0,5.0,0.0,25.6,0.0,0.0,15.8
733,110152,11,1,3,2211.3,1821.0,1991.4,1588.6,14.0,16.2,305.3,167.9,166.7,158.5,1029.0,996.1,103.1,0.0,105.1,0.0,80.3,78.6,189.8,187.4,7.0,0.0,5.0,0.0,14.0,0.0,0.0,16.2
734,110153,11,1,3,4100.0,2931.1,3813.7,2621.0,28.4,28.6,603.1,319.9,323.4,191.1,2023.1,1679.6,199.7,0.0,204.0,0.0,136.9,134.4,299.4,296.1,9.0,0.0,15.0,0.0,28.4,0.0,0.0,28.6
735,110154,11,1,3,6003.9,2116.5,5771.6,1879.2,46.3,21.6,906.4,4.8,529.4,0.0,3266.5,1571.4,338.8,0.0,345.9,0.0,85.7,84.3,221.0,218.7,60.0,0.0,18.0,0.0,46.3,0.0,0.0,21.6
736,110155,11,1,3,2761.1,1338.0,2612.3,1184.5,23.3,14.6,478.9,13.8,257.4,0.0,1446.4,983.8,88.8,0.0,90.8,0.0,53.0,52.2,135.9,134.8,53.0,0.0,8.0,0.0,23.3,0.0,0.0,14.6
737,110156,11,1,4,7215.6,6955.6,6759.8,6480.5,54.8,74.0,1120.0,805.5,615.8,292.7,3408.4,3494.0,211.0,751.0,215.7,0.0,395.3,389.3,754.7,748.0,31.0,0.0,8.0,0.0,54.8,0.0,0.0,74.0
738,110157,11,1,3,3621.0,6430.5,3270.9,6002.9,11.7,84.5,244.1,661.7,137.9,1444.7,650.9,1749.1,26.0,0.0,26.7,0.0,603.1,593.7,1568.3,1553.7,5.0,0.0,9.0,0.0,11.7,0.0,0.0,84.5
739,110158,11,1,4,16366.8,10597.1,15645.5,9866.1,125.7,124.4,2749.8,681.9,1493.2,520.7,8321.5,6739.3,522.0,0.0,532.4,0.0,580.7,572.9,1365.9,1351.3,51.0,0.0,29.0,0.0,125.7,0.0,0.0,124.4
740,110159,11,1,3,161.0,137.0,18.8,7.7,0.2,0.0,3.0,0.1,1.9,0.0,11.0,6.9,1.0,0.0,1.1,0.0,0.1,0.1,0.7,0.7,0.0,0.0,0.0,0.0,0.2,0.0,0.0,0.0
741,110160,11,1,3,2243.3,950.9,2057.9,756.2,18.0,9.3,367.2,1.6,194.4,0.0,1156.7,634.0,102.2,0.0,104.5,0.0,33.4,33.0,88.5,87.7,6.0,0.0,5.0,0.0,18.0,0.0,0.0,9.3
742,110161,11,1,3,5047.5,5734.4,4558.3,5175.9,36.3,71.2,740.6,1632.6,367.2,43.2,2190.7,2636.0,172.9,0.0,176.7,0.0,379.5,374.2,494.6,489.9,11.0,0.0,25.0,0.0,36.3,0.0,0.0,71.2
743,110162,11,1,3,9304.6,6833.9,8934.3,6461.2,66.5,41.2,1431.0,277.8,792.8,59.4,4870.5,2874.2,476.2,899.7,486.0,1656.3,228.4,225.0,474.2,468.9,155.0,0.0,20.0,0.0,66.5,0.0,0.0,41.2
744,110163,11,1,3,9915.4,5478.3,9534.3,5102.2,76.6,54.9,1759.7,96.5,954.1,0.0,5281.1,3456.3,351.3,820.6,358.5,0.0,219.4,216.8,518.2,512.1,71.0,0.0,21.0,0.0,76.6,0.0,0.0,54.9
745,110164,11,1,3,1849.2,887.2,1686.9,725.7,14.5,10.2,313.8,19.0,168.8,9.9,941.5,577.2,67.7,0.0,69.5,0.0,33.1,32.5,88.6,87.1,4.0,0.0,0.0,0.0,14.5,0.0,0.0,10.2
746,110165,11,1,3,2048.3,1365.5,1873.4,1180.5,15.0,14.1,290.6,140.2,173.0,32.9,1033.1,848.5,103.2,0.0,105.5,0.0,54.2,53.2,107.0,105.8,4.0,0.0,3.0,0.0,15.0,0.0,0.0,14.1
747,110166,11,1,3,11015.9,15293.1,10316.9,14481.8,67.2,164.8,1424.6,1593.1,798.8,2249.0,4238.6,5342.8,237.1,770.0,242.1,1232.8,938.1,926.6,2394.5,2367.5,31.0,0.0,12.0,0.0,67.2,0.0,0.0,164.8
748,110167,11,1,3,5318.6,2117.4,5091.3,1895.8,42.6,25.9,858.6,23.6,489.6,0.0,2853.7,1553.3,245.9,0.0,251.2,0.0,93.4,92.1,229.8,226.8,62.0,0.0,7.0,0.0,42.6,0.0,0.0,25.9
749,110168,11,1,3,2793.2,1073.4,2641.5,922.7,20.0,9.6,430.9,5.7,245.1,0.0,1495.4,769.5,143.3,0.0,146.2,0.0,41.1,40.7,108.5,106.8,26.0,0.0,5.0,0.0,20.0,0.0,0.0,9.6
750,110169,11,1,3,7889.8,6818.7,7447.3,6322.5,47.6,78.0,998.3,415.7,521.6,1488.5,3106.5,2229.5,266.9,0.0,272.4,0.0,581.9,573.6,1631.7,1615.1,52.0,0.0,16.0,0.0,47.6,0.0,0.0,78.0
751,110170,11,1,3,2330.9,7387.9,1826.1,6785.9,1.9,88.5,35.6,2309.8,19.6,1495.7,130.3,1393.8,11.1,0.0,11.5,0.0,507.1,500.7,1097.8,1086.0,0.0,0.0,13.0,0.0,1.9,0.0,0.0,88.5
752,110171,11,1,3,4011.1,11360.0,3275.4,10475.2,5.1,142.3,101.9,2713.8,57.4,1304.7,325.1,3760.6,17.1,0.0,17.5,0.0,956.9,945.2,1770.5,1750.9,9.0,0.0,20.0,0.0,5.1,0.0,0.0,142.3
753,110172,11,1,3,164.8,164.1,8.6,3.4,0.1,0.1,1.4,0.0,0.9,0.0,5.1,3.2,0.5,0.0,0.5,0.0,0.0,0.0,0.2,0.2,0.0,0.0,0.0,0.0,0.1,0.0,0.0,0.1
754,110173,11,1,3,7311.7,3666.0,7007.2,3344.3,50.4,24.9,1096.2,117.1,612.3,48.3,3860.1,1827.3,427.0,0.0,435.3,922.2,131.6,130.3,302.8,299.1,108.0,0.0,34.0,0.0,50.4,0.0,0.0,24.9
755,110174,11,1,3,7627.8,2550.0,7295.0,2220.7,57.1,24.4,1209.5,15.1,660.2,0.0,4108.2,1844.3,445.9,0.0,454.6,0.0,102.5,101.2,263.1,260.1,30.0,0.0,21.0,0.0,57.1,0.0,0.0,24.4
756,110175,11,1,3,6545.6,5047.8,6090.1,4558.2,49.1,56.8,989.8,637.6,529.8,152.5,3213.9,3092.6,308.6,0.0,315.0,0.0,247.4,244.6,435.7,430.9,26.0,0.0,24.0,0.0,49.1,0.0,0.0,56.8
757,110176,11,1,3,7556.9,6840.5,7057.8,6293.2,51.6,83.6,1104.3,629.1,616.1,574.5,3022.7,3155.2,132.2,0.0,135.0,0.0,611.4,603.9,1347.1,1330.5,75.0,0.0,14.0,0.0,51.6,0.0,0.0,83.6
758,110177,11,1,3,7349.6,8948.2,6830.7,8376.9,51.9,92.7,1115.9,953.0,601.0,381.0,3227.6,4102.8,183.3,1538.9,187.2,0.0,488.8,483.2,929.9,917.9,87.0,0.0,10.0,0.0,51.9,0.0,0.0,92.7
759,110178,11,1,3,4372.5,1442.5,4129.8,1204.9,28.8,11.2,657.7,20.7,367.1,0.0,2303.9,991.1,256.0,0.0,261.0,0.0,54.8,53.9,141.4,139.1,80.0,0.0,8.0,0.0,28.8,0.0,0.0,11.2
760,110179,11,1,3,8278.4,5360.3,7948.7,5039.3,65.0,38.7,1268.0,193.3,749.7,4.9,4423.7,2420.7,429.7,788.8,438.7,1067.0,186.6,184.4,385.2,380.1,55.0,0.0,12.0,0.0,65.0,0.0,0.0,38.7
761,110180,11,1,3,5796.5,9682.1,5419.6,9250.5,34.4,77.1,676.1,1469.7,404.5,26.9,2395.2,2944.1,234.9,0.0,239.4,3393.4,618.9,611.9,815.6,804.5,25.0,0.0,10.0,0.0,34.4,0.0,0.0,77.1
762,110181,11,1,3,6323.9,5784.4,5978.6,5435.4,41.8,28.5,930.9,377.1,501.1,21.9,3201.3,1949.2,358.3,1340.5,365.8,1196.1,204.3,202.5,352.9,348.1,52.0,0.0,12.0,0.0,41.8,0.0,0.0,28.5
763,110182,11,1,3,6025.0,1992.0,5716.1,1684.7,43.7,17.9,947.4,5.0,506.1,0.0,3215.8,1401.9,357.1,0.0,364.3,0.0,78.8,77.7,202.6,200.1,32.0,0.0,12.0,0.0,43.7,0.0,0.0,17.9
764,110183,11,1,3,12693.8,6221.2,12228.2,5763.2,102.7,62.0,2175.1,172.1,1148.2,9.7,6725.4,4016.4,515.4,691.8,526.0,0.0,265.4,262.9,618.7,610.3,227.0,0.0,27.0,0.0,102.7,0.0,0.0,62.0
765,110184,11,1,3,5307.6,3319.3,4973.4,2974.0,37.9,22.4,809.3,210.7,434.1,6.5,2723.1,1514.9,297.1,892.5,303.5,0.0,123.9,122.8,229.4,226.6,37.0,0.0,16.0,0.0,37.9,0.0,0.0,22.4
766,110185,11,1,3,1925.7,1115.2,1786.3,972.7,13.8,10.1,333.2,78.5,175.5,0.0,967.0,747.6,53.9,0.0,55.4,0.0,48.4,48.0,99.9,98.5,46.0,0.0,7.0,0.0,13.8,0.0,0.0,10.1
767,110186,11,1,3,2672.2,1657.8,2475.7,1451.4,19.5,19.6,433.9,56.7,231.3,155.2,1293.3,945.2,92.5,0.0,94.6,0.0,76.3,75.4,221.8,218.9,27.0,0.0,5.0,0.0,19.5,0.0,0.0,19.6
768,110187,11,1,3,5745.2,2505.4,5487.6,2248.0,46.4,30.3,989.9,36.0,551.9,0.0,3051.5,1843.4,216.8,0.0,221.6,0.0,107.8,106.6,265.1,262.0,74.0,0.0,9.0,0.0,46.4,0.0,0.0,30.3
769,110188,11,1,3,6171.0,4055.5,5833.6,3705.4,49.7,46.6,1057.7,158.2,566.8,54.0,3179.1,2910.5,199.6,0.0,204.1,0.0,184.1,182.2,406.3,400.5,22.0,0.0,14.0,0.0,49.7,0.0,0.0,46.6
770,110189,11,1,3,7435.9,3471.9,7116.5,3142.2,57.8,39.7,1304.8,155.7,694.0,0.0,3893.0,2422.9,274.0,0.0,279.3,0.0,179.4,178.0,391.0,385.6,79.0,0.0,22.0,0.0,57.8,0.0,0.0,39.7
771,110190,11,1,3,7486.9,7361.0,6929.0,6744.9,53.4,86.5,1097.9,991.0,607.9,462.5,3485.6,4191.3,287.1,0.0,292.7,0.0,363.9,361.3,748.8,738.7,24.0,0.0,21.0,0.0,53.4,0.0,0.0,86.5
772,110191,11,1,3,3689.4,1431.6,3485.1,1222.2,29.2,15.2,605.0,2.8,339.2,0.0,1953.4,1015.1,169.9,0.0,173.6,0.0,57.5,57.0,149.4,147.3,28.0,0.0,9.0,0.0,29.2,0.0,0.0,15.2
773,110192,11,1,3,5593.7,2368.7,5323.5,2093.1,42.9,24.6,947.3,29.8,505.9,67.3,2911.9,1610.0,240.0,0.0,244.8,0.0,106.5,105.7,284.1,280.2,66.0,0.0,17.0,0.0,42.9,0.0,0.0,24.6
774,110193,11,1,3,4743.6,5544.1,4365.4,5108.6,26.3,64.9,534.3,632.6,293.1,1003.2,1724.4,2036.1,148.3,0.0,151.6,0.0,397.3,394.5,1056.4,1042.2,49.0,0.0,11.0,0.0,26.3,0.0,0.0,64.9
775,110194,11,1,3,10196.2,9955.4,9532.8,9228.1,62.6,103.7,1369.1,1111.8,765.4,1024.2,3990.8,4195.0,205.8,0.0,210.2,0.0,896.0,893.1,2022.4,2004.0,50.0,0.0,23.0,0.0,62.6,0.0,0.0,103.7
776,110195,11,1,3,8348.3,4899.7,7992.8,4535.6,67.8,53.3,1493.0,242.5,826.3,112.3,4346.6,3372.3,225.6,0.0,230.2,0.0,242.2,240.8,574.8,567.6,37.0,0.0,17.0,0.0,67.8,0.0,0.0,53.3
777,110196,11,1,3,2529.8,5629.2,2150.0,5185.8,7.1,52.6,154.8,862.2,80.9,649.8,484.1,1493.6,38.7,859.0,39.7,0.0,429.2,426.6,906.6,894.7,2.0,0.0,14.0,0.0,7.1,0.0,0.0,52.6
778,110197,11,1,3,13034.0,3781.7,12628.2,3400.3,94.2,33.2,1885.9,41.7,1141.2,0.0,7240.3,2773.9,839.0,0.0,855.4,0.0,168.5,168.3,419.8,416.4,49.0,0.0,29.0,0.0,94.2,0.0,0.0,33.2
779,110198,11,1,4,3270.0,1284.3,3061.8,1095.6,24.8,11.9,550.3,17.2,289.2,0.0,1685.2,894.3,138.7,0.0,141.6,0.0,51.7,51.5,134.0,132.6,60.0,0.0,11.0,0.0,24.8,0.0,0.0,11.9
780,110199,11,1,3,15575.9,26432.7,14435.0,24941.5,33.3,305.0,626.0,2694.0,369.0,7430.5,2214.3,4152.1,197.9,0.0,202.4,0.0,2825.2,2836.3,7886.2,7828.7,33.0,0.0,81.0,0.0,33.3,0.0,0.0,305.0
781,110200,11,1,3,809.7,6363.0,273.6,5775.8,0.5,56.0,10.0,656.2,6.1,55.3,40.3,4859.7,2.4,0.0,2.6,0.0,138.7,138.2,67.4,66.4,0.0,0.0,6.0,0.0,0.5,0.0,0.0,56.0
782,110201,11,1,4,3275.2,1413.1,3107.5,1262.0,25.9,13.2,531.1,52.0,311.7,0.0,1736.9,1000.6,133.9,0.0,136.8,0.0,64.6,64.3,146.5,145.0,42.0,0.0,4.0,0.0,25.9,0.0,0.0,13.2
783,110202,11,1,2,251.6,382.1,112.6,247.3,0.6,2.3,12.4,36.1,7.4,26.7,48.2,151.5,5.4,0.0,5.6,0.0,10.2,9.9,23.4,23.1,0.0,0.0,0.0,0.0,0.6,0.0,0.0,2.3
784,110203,11,1,3,5385.5,3230.0,5095.1,2934.9,36.7,23.0,749.5,215.5,435.0,104.0,2798.8,1598.2,326.4,607.4,333.5,0.0,131.5,130.9,281.3,278.9,24.0,0.0,15.0,0.0,36.7,0.0,0.0,23.0
785,110204,11,1,3,6338.3,3215.4,6086.8,2974.7,47.2,20.9,986.9,28.8,544.5,0.0,3381.7,1627.6,325.2,962.3,332.1,0.0,104.1,103.9,254.3,252.1,147.0,0.0,11.0,0.0,47.2,0.0,0.0,20.9
786,110205,11,1,3,4661.4,7642.2,4367.4,7321.8,28.7,44.3,579.5,1005.0,325.6,4.3,1996.4,2074.3,191.4,405.0,195.5,2815.0,438.9,437.6,586.0,580.4,41.0,0.0,13.0,0.0,28.7,0.0,0.0,44.3
787,110206,11,1,3,5109.8,11016.2,4546.6,10384.7,28.1,83.5,576.1,2084.4,315.6,169.8,1744.3,4170.4,113.7,774.8,116.3,1542.3,716.1,713.8,938.5,929.1,15.0,0.0,11.0,0.0,28.1,0.0,0.0,83.5
788,110207,11,1,3,2771.7,2338.1,2564.0,2123.3,20.6,18.4,435.5,322.9,241.6,8.5,1331.5,1108.6,93.2,0.0,95.4,329.5,138.0,137.5,218.8,216.2,7.0,0.0,3.0,0.0,20.6,0.0,0.0,18.4
789,110208,11,1,3,5322.7,2251.4,5085.0,2018.7,43.8,19.1,931.4,10.0,504.8,0.0,2821.8,1651.9,188.4,0.0,192.5,0.0,101.6,101.4,258.5,255.4,77.0,0.0,9.0,0.0,43.8,0.0,0.0,19.1
790,110209,11,1,3,3845.1,1687.2,3649.9,1488.4,29.2,13.9,663.7,21.9,364.9,0.0,2036.4,1214.4,142.5,0.0,145.3,0.0,73.1,72.8,181.9,179.3,30.0,0.0,12.0,0.0,29.2,0.0,0.0,13.9
791,110210,11,1,2,152.6,427.2,34.1,309.4,0.0,3.0,0.0,78.5,0.0,26.4,0.0,171.0,0.0,0.0,0.0,0.0,14.7,14.6,19.4,19.0,0.0,0.0,0.0,0.0,0.0,0.0,0.0,3.0
792,110211,11,1,3,517.0,338.7,406.6,221.2,3.2,2.1,73.3,15.9,39.4,8.3,220.6,161.8,13.5,0.0,13.9,0.0,10.2,10.1,25.6,25.1,6.0,0.0,4.0,0.0,3.2,0.0,0.0,2.1
793,110212,11,1,3,6906.0,2742.3,6636.4,2481.7,54.0,21.8,1181.8,16.6,645.5,0.0,3734.3,2023.7,280.0,0.0,285.6,0.0,126.0,125.6,320.1,315.8,48.0,0.0,15.0,0.0,54.0,0.0,0.0,21.8
794,110213,11,1,3,196.2,611.6,68.4,484.6,0.0,3.4,0.0,172.4,0.0,15.3,1.0,231.2,0.0,0.0,0.0,0.0,36.0,35.8,30.4,29.9,0.0,0.0,1.0,0.0,0.0,0.0,0.0,3.4
795,110214,11,1,2,4965.3,2472.6,4710.1,2216.6,37.1,13.1,807.6,58.3,430.3,0.0,2583.8,1265.1,238.6,579.9,244.0,0.0,97.7,97.2,219.9,216.0,79.0,0.0,9.0,0.0,37.1,0.0,0.0,13.1
796,110215,11,1,3,3562.7,1398.2,3363.2,1199.0,27.4,9.3,610.0,2.9,333.7,0.0,1889.2,981.7,147.0,0.0,150.6,0.0,60.8,60.4,156.9,154.0,7.0,0.0,8.0,0.0,27.4,0.0,0.0,9.3
797,110216,11,1,3,4387.2,1959.1,4164.2,1725.4,36.0,13.4,821.1,4.0,420.3,0.0,2294.3,1410.6,129.1,0.0,132.2,0.0,88.3,87.9,227.0,222.9,31.0,0.0,21.0,0.0,36.0,0.0,0.0,13.4
798,110217,11,1,3,3962.2,2686.4,3743.2,2459.8,31.8,13.4,724.3,73.2,377.1,0.0,2030.0,1322.3,113.2,727.5,115.8,0.0,106.8,106.3,234.9,230.4,28.0,0.0,13.0,0.0,31.8,0.0,0.0,13.4
799,110218,11,1,3,5120.9,2283.7,4889.3,2052.5,40.4,15.3,901.2,42.1,523.8,32.4,2691.7,1589.6,158.1,0.0,161.5,0.0,109.6,109.3,284.5,279.1,44.0,0.0,15.0,0.0,40.4,0.0,0.0,15.3
800,110219,11,1,3,102.6,118.9,0.1,13.9,0.0,0.2,0.0,1.6,0.0,0.0,0.0,12.3,0.0,0.0,0.0,0.0,0.1,0.1,0.0,0.0,0.0,0.0,0.0,0.0,0.0,0.0,0.0,0.2
801,110220,11,1,3,595.5,1932.6,356.7,1667.9,0.0,17.2,0.0,740.3,0.0,186.1,5.0,399.1,0.0,0.0,0.0,0.0,152.0,151.3,194.7,191.0,0.0,0.0,5.0,0.0,0.0,0.0,0.0,17.2
802,110221,11,1,4,4730.4,6236.8,4277.1,5685.7,20.8,48.6,448.0,1070.6,245.8,396.3,1335.1,2218.1,63.2,0.0,64.7,0.0,673.7,670.6,1357.7,1330.2,6.0,0.0,83.0,0.0,20.8,0.0,0.0,48.6
803,110222,11,1,4,7442.0,6328.6,7030.6,5904.8,45.3,51.5,982.5,356.7,544.0,1086.1,2747.0,2070.4,133.1,0.0,135.9,0.0,639.9,636.1,1793.3,1755.5,40.0,0.0,15.0,0.0,45.3,0.0,0.0,51.5
804,110223,11,1,3,2477.6,1176.1,2311.3,1010.6,21.5,8.7,456.9,3.0,252.7,0.0,1279.3,826.6,63.0,0.0,64.7,0.0,51.3,50.7,133.3,130.3,5.0,0.0,5.0,0.0,21.5,0.0,0.0,8.7
805,110224,11,1,3,8332.8,3149.7,7994.1,2830.5,66.7,21.5,1454.9,7.9,805.3,0.0,4459.5,2307.9,333.2,0.0,339.7,0.0,146.9,146.1,375.8,368.6,66.0,0.0,13.0,0.0,66.7,0.0,0.0,21.5
806,110225,11,1,4,4728.5,5915.3,4259.4,5406.9,32.9,52.1,669.3,1238.6,371.0,410.7,1965.8,2781.2,118.3,0.0,120.6,0.0,329.7,328.5,659.7,647.9,6.0,0.0,19.0,0.0,32.9,0.0,0.0,52.1
807,110226,11,1,4,6239.2,13105.8,5627.3,12364.6,5.0,116.7,102.3,1436.1,57.4,3169.8,336.9,2783.6,17.4,0.0,17.9,0.0,1277.9,1270.7,3784.5,3704.2,0.0,0.0,33.0,0.0,5.0,0.0,0.0,116.7
808,110227,11,1,4,9359.3,10308.8,8811.7,9707.5,45.8,85.8,947.4,857.9,546.3,2082.7,2877.9,2763.8,159.8,0.0,162.9,0.0,1061.2,1055.3,3012.2,2947.8,22.0,0.0,22.0,0.0,45.8,0.0,0.0,85.8
809,110228,11,1,4,3189.7,3375.8,2963.1,3150.4,21.1,21.1,447.7,441.5,255.9,149.4,1363.8,1313.1,78.2,538.2,80.0,0.0,241.6,240.3,476.8,467.8,15.0,0.0,4.0,0.0,21.1,0.0,0.0,21.1
810,110229,11,1,4,3673.9,3330.2,3437.5,3098.1,24.5,25.2,529.3,277.7,290.9,457.4,1558.4,1516.7,85.7,0.0,87.6,0.0,218.4,217.4,640.2,628.8,24.0,0.0,3.0,0.0,24.5,0.0,0.0,25.2
811,110230,11,1,4,4174.3,1872.8,3985.3,1704.7,34.6,13.2,749.7,3.8,417.5,0.0,2194.7,1391.1,117.1,0.0,119.6,0.0,88.1,87.4,226.6,222.3,66.0,0.0,6.0,0.0,34.6,0.0,0.0,13.2
812,110231,11,1,4,2936.6,3440.1,2777.5,3294.6,23.0,11.6,504.8,144.4,277.2,0.0,1487.8,1070.2,81.5,465.3,83.4,1284.6,116.3,115.9,218.3,214.2,3.0,0.0,5.0,0.0,23.0,0.0,0.0,11.6
813,110232,11,1,2,108.2,151.8,6.0,46.9,0.0,0.5,0.0,5.7,0.0,3.4,1.0,33.7,0.0,0.0,0.0,0.0,1.2,1.2,2.9,2.9,0.0,0.0,1.0,0.0,0.0,0.0,0.0,0.5
814,110233,11,1,3,2380.4,1070.1,2218.1,907.3,19.8,7.4,421.4,29.0,222.5,0.0,1244.8,715.4,78.7,0.0,80.4,0.0,48.1,47.8,117.0,115.1,1.0,0.0,4.0,0.0,19.8,0.0,0.0,7.4
815,110234,11,1,3,4386.1,1871.3,4165.6,1653.2,38.0,14.7,786.4,7.2,426.5,0.0,2320.0,1346.6,146.1,0.0,149.1,0.0,85.3,84.7,218.2,214.7,25.0,0.0,9.0,0.0,38.0,0.0,0.0,14.7
816,110235,11,1,2,153.6,396.0,29.4,268.3,0.1,2.5,2.6,88.5,1.6,0.0,9.8,166.6,0.5,0.0,0.5,0.0,11.9,11.8,1.4,1.3,0.0,0.0,1.0,0.0,0.1,0.0,0.0,2.5
817,110236,11,1,2,1096.0,737.3,958.8,598.2,7.8,4.9,170.6,50.0,88.9,36.1,498.3,378.6,31.7,0.0,32.5,0.0,38.1,38.0,96.7,95.5,0.0,0.0,2.0,0.0,7.8,0.0,0.0,4.9
818,110237,11,1,3,4502.4,1824.5,4271.2,1599.0,37.6,13.6,762.2,28.7,414.8,0.0,2410.1,1296.3,194.7,0.0,198.7,0.0,80.0,79.8,196.6,194.1,7.0,0.0,7.0,0.0,37.6,0.0,0.0,13.6
819,110238,11,1,3,5856.9,3490.8,5585.1,3223.3,47.8,19.8,961.3,156.9,523.7,8.0,3045.3,1689.2,246.1,907.9,251.5,0.0,150.7,150.5,315.4,310.9,80.0,0.0,11.0,0.0,47.8,0.0,0.0,19.8
820,110239,11,1,2,255.8,296.3,141.6,174.7,0.3,2.0,6.2,26.2,3.6,19.9,19.9,20.7,1.3,0.0,1.3,0.0,34.7,34.5,74.5,73.4,0.0,0.0,0.0,0.0,0.3,0.0,0.0,2.0
821,110240,11,1,2,1236.9,1267.3,1077.0,1093.1,7.0,11.4,141.7,135.2,73.9,175.2,409.4,386.2,24.4,0.0,25.2,0.0,111.6,111.6,288.8,284.9,0.0,0.0,2.0,0.0,7.0,0.0,0.0,11.4
822,110241,11,1,3,1182.4,1008.4,1022.1,837.4,6.7,8.4,132.2,95.4,68.9,68.6,382.2,288.8,22.5,0.0,23.3,0.0,123.1,122.9,264.9,261.6,2.0,0.0,3.0,0.0,6.7,0.0,0.0,8.4
823,110242,11,1,4,1470.8,1233.3,1303.2,1068.0,9.7,10.3,192.6,144.6,100.6,98.2,560.7,453.9,34.2,0.0,35.3,0.0,114.3,114.2,260.6,257.1,1.0,0.0,4.0,0.0,9.7,0.0,0.0,10.3
824,110243,11,1,4,7554.1,14692.7,6907.3,13865.4,0.0,141.0,0.0,1540.3,0.0,3811.6,54.0,1785.1,0.0,0.0,0.0,0.0,1761.5,1755.3,5037.8,4973.1,0.0,0.0,54.0,0.0,0.0,0.0,0.0,141.0
825,110244,11,1,4,9551.8,10124.6,8937.4,9462.3,64.9,85.8,1300.5,1270.6,742.1,922.6,3878.9,4293.7,198.3,442.1,202.3,0.0,771.6,768.5,1790.8,1764.8,18.0,0.0,35.0,0.0,64.9,0.0,0.0,85.8
826,110245,11,1,4,8804.2,11982.6,8163.1,11332.3,62.3,66.5,1297.5,1525.9,743.6,263.5,3939.7,4873.3,219.5,0.0,223.8,3005.6,608.9,606.3,1074.1,1057.7,41.0,0.0,15.0,0.0,62.3,0.0,0.0,66.5
827,110246,11,1,4,8731.3,8637.1,8148.8,8048.9,54.3,56.5,1145.2,1161.9,650.5,677.2,3685.6,3686.1,273.7,481.7,279.3,0.0,644.1,641.2,1424.5,1400.8,30.0,0.0,16.0,0.0,54.3,0.0,0.0,56.5
828,110247,11,1,4,7646.5,2915.5,7357.4,2661.1,59.3,18.2,1300.5,7.2,734.8,0.0,4115.4,2165.4,302.9,0.0,308.7,0.0,138.6,138.5,355.4,349.9,86.0,0.0,15.0,0.0,59.3,0.0,0.0,18.2
829,110248,11,1,3,4108.2,1584.7,3915.0,1400.6,30.8,9.1,697.2,3.1,390.1,0.0,2196.3,1141.0,164.8,0.0,168.4,0.0,72.4,72.3,186.8,184.2,30.0,0.0,9.0,0.0,30.8,0.0,0.0,9.1
830,110249,11,1,4,11244.0,9926.6,10584.4,9238.1,73.8,89.1,1394.8,1136.3,785.9,1205.4,4487.2,3708.7,327.5,0.0,333.8,0.0,926.1,923.2,2295.1,2264.5,12.0,0.0,22.0,0.0,73.8,0.0,0.0,89.1
831,110250,11,1,4,7094.1,9740.5,6469.9,9063.4,32.5,81.2,639.7,1595.5,359.9,1178.6,2064.7,3244.4,153.4,0.0,156.4,0.0,947.3,943.9,2130.5,2101.1,4.0,0.0,14.0,0.0,32.5,0.0,0.0,81.2
832,110251,11,1,4,8262.1,9785.4,7597.3,9083.5,49.1,73.7,998.0,1882.9,572.8,850.6,3255.3,4131.1,248.7,7.3,253.5,0.0,722.3,720.1,1512.6,1491.4,11.0,0.0,23.0,0.0,49.1,0.0,0.0,73.7
833,110252,11,1,4,6804.0,12786.2,5907.9,11838.7,32.3,87.3,677.7,3971.2,401.6,560.5,2192.4,5046.5,164.6,0.0,168.0,0.0,917.5,914.5,1365.2,1346.1,10.0,0.0,11.0,0.0,32.3,0.0,0.0,87.3
834,110253,11,1,3,3875.5,2373.7,3686.8,2177.4,30.3,11.3,653.8,76.2,361.6,0.0,2041.4,1148.1,147.4,646.0,150.8,0.0,98.8,98.2,211.9,208.9,6.0,0.0,15.0,0.0,30.3,0.0,0.0,11.3
835,110254,11,1,3,7202.5,3371.1,6920.8,3078.1,53.0,15.4,1141.4,106.8,655.3,2.3,3843.6,1757.8,362.7,767.0,370.3,0.0,137.7,137.5,310.7,306.6,64.0,0.0,35.0,0.0,53.0,0.0,0.0,15.4
836,110255,11,1,4,6402.7,8261.1,5841.0,7641.6,20.7,73.1,396.1,999.3,230.0,1225.7,1244.3,1641.4,70.9,0.0,72.7,0.0,1145.8,1142.3,2666.3,2632.9,2.0,0.0,13.0,0.0,20.7,0.0,0.0,73.1
837,110256,11,1,4,6474.5,10415.1,5941.5,9806.7,24.5,90.9,511.8,1182.7,283.4,2031.5,1450.8,3095.3,65.3,0.0,66.9,0.0,924.5,922.0,2608.8,2575.2,12.0,0.0,18.0,0.0,24.5,0.0,0.0,90.9
838,110257,11,1,4,5117.6,4690.4,4855.1,4416.3,38.6,28.3,841.3,468.0,468.2,102.0,2443.3,2104.7,121.1,0.0,123.5,932.5,276.3,275.6,540.4,533.4,14.0,0.0,27.0,0.0,38.6,0.0,0.0,28.3
839,110258,11,1,3,2938.2,3998.1,2743.5,3795.3,22.8,12.6,528.1,148.8,280.7,0.0,1386.0,1120.1,60.3,0.0,61.7,2176.4,122.5,122.1,231.3,227.8,66.0,0.0,7.0,0.0,22.8,0.0,0.0,12.6
840,110259,11,1,4,5352.3,3322.9,5098.3,3082.0,43.2,19.4,888.8,174.2,489.0,32.8,2801.0,1693.1,204.7,722.6,209.3,0.0,146.2,146.0,317.2,313.3,34.0,0.0,8.0,0.0,43.2,0.0,0.0,19.4
841,110260,11,1,3,4232.5,2923.8,4013.8,2709.8,34.1,15.3,701.5,107.8,393.5,49.4,2175.2,1268.1,156.4,863.3,159.9,27.3,121.5,121.1,276.8,272.8,25.0,0.0,4.0,0.0,34.1,0.0,0.0,15.3
842,110261,11,1,3,5380.4,2258.2,5113.4,1993.6,40.9,13.2,977.1,36.1,497.7,0.0,2791.4,1595.5,180.4,0.0,184.1,0.0,104.8,104.4,260.9,257.6,106.0,0.0,11.0,0.0,40.9,0.0,0.0,13.2
843,110262,11,1,3,1814.1,769.8,1654.9,606.3,12.7,3.8,313.4,1.2,167.0,0.0,924.2,495.0,62.5,0.0,63.9,0.0,30.3,30.3,80.6,79.8,6.0,0.0,7.0,0.0,12.7,0.0,0.0,3.8
844,110263,11,1,4,5882.8,7233.3,5519.9,6840.3,37.5,55.1,753.9,594.0,420.2,774.8,2173.5,2268.8,104.1,0.0,106.3,1341.7,530.6,530.2,1345.3,1330.7,69.0,0.0,17.0,0.0,37.5,0.0,0.0,55.1
845,110264,11,1,4,2643.4,4564.5,2382.6,4276.6,12.4,42.5,252.3,934.2,141.3,687.1,709.2,1453.9,30.3,0.0,31.1,0.0,342.2,341.7,870.1,859.7,2.0,0.0,4.0,0.0,12.4,0.0,0.0,42.5
846,110265,11,1,4,5024.1,3511.0,4752.3,3243.8,37.4,29.4,766.4,210.0,411.6,472.3,2258.5,1559.4,136.2,0.0,139.2,0.0,258.3,258.4,752.0,743.6,26.0,0.0,4.0,0.0,37.4,0.0,0.0,29.4
847,110266,11,1,3,7429.2,4762.4,7068.3,4371.1,56.0,40.4,1072.9,387.4,609.9,473.7,3515.5,2357.2,290.3,0.0,296.5,0.0,317.9,317.6,845.2,835.1,92.0,0.0,28.0,0.0,56.0,0.0,0.0,40.4
848,110267,11,1,3,10462.9,4029.9,10081.1,3655.5,84.0,27.3,1836.4,10.2,1032.4,0.0,5642.2,2965.1,396.6,0.0,404.3,0.0,193.0,193.1,493.3,487.2,56.0,0.0,27.0,0.0,84.0,0.0,0.0,27.3
849,110268,11,1,3,2145.9,2667.7,1985.0,2502.4,15.7,6.9,350.8,101.4,197.3,0.0,1067.1,662.4,73.4,0.0,75.1,1522.9,76.6,76.5,140.7,139.1,1.0,0.0,3.0,0.0,15.7,0.0,0.0,6.9
850,110269,11,1,3,4160.8,2462.8,4004.9,2312.6,35.7,15.3,642.7,84.4,394.3,0.0,2235.4,1167.0,180.6,738.9,184.6,0.0,104.2,104.1,221.1,218.3,35.0,0.0,7.0,0.0,35.7,0.0,0.0,15.3
851,110270,11,1,3,2443.5,914.8,2325.1,796.0,20.9,7.4,388.5,6.2,228.8,0.0,1319.8,643.0,106.6,0.0,109.2,0.0,41.4,41.3,106.9,105.4,18.0,0.0,6.0,0.0,20.9,0.0,0.0,7.4
852,110271,11,1,3,6170.6,3688.8,5866.3,3380.8,48.9,19.2,1062.9,145.1,576.8,3.5,3222.7,1819.8,247.1,952.3,252.5,0.0,148.0,148.2,315.2,311.8,26.0,0.0,15.0,0.0,48.9,0.0,0.0,19.2
853,110272,11,1,2,3773.6,1504.7,3562.1,1308.1,27.3,8.1,676.8,2.6,365.1,0.0,1989.1,1061.8,135.6,0.0,138.2,0.0,68.5,68.6,176.8,175.2,1.0,0.0,11.0,0.0,27.3,0.0,0.0,8.1
854,110273,11,1,3,3115.2,1547.6,2953.2,1386.2,29.5,16.3,534.4,81.2,291.9,22.1,1610.7,1023.1,95.3,0.0,97.6,0.0,74.3,74.5,187.1,185.3,57.0,0.0,5.0,0.0,29.5,0.0,0.0,16.3
855,110274,11,1,4,4920.4,3937.9,4648.8,3643.9,32.7,38.8,624.4,324.2,343.9,502.0,1950.7,1443.6,124.9,0.0,127.7,0.0,389.6,390.3,993.6,983.7,79.0,0.0,15.0,0.0,32.7,0.0,0.0,38.8
856,110275,11,1,3,5671.5,3144.3,5366.8,2829.1,50.0,29.7,955.4,182.9,523.5,117.8,2876.9,1938.7,193.8,0.0,198.1,0.0,174.1,174.4,419.1,415.2,16.0,0.0,10.0,0.0,50.0,0.0,0.0,29.7
857,110276,11,1,3,8137.9,2946.0,7808.8,2618.0,66.5,21.1,1414.8,7.3,763.5,0.0,4371.4,2118.6,353.0,0.0,359.9,0.0,139.1,139.3,356.1,352.7,27.0,0.0,24.0,0.0,66.5,0.0,0.0,21.1
858,110277,11,1,2,5203.2,1758.8,4949.5,1530.2,36.9,9.7,864.9,10.0,471.1,0.0,2788.2,1230.0,257.7,0.0,262.6,0.0,82.6,82.9,208.4,207.3,3.0,0.0,11.0,0.0,36.9,0.0,0.0,9.7
859,110278,11,1,3,107.1,95.9,2.0,0.0,0.0,0.0,0.0,0.0,0.0,0.0,1.0,0.0,0.0,0.0,0.0,0.0,0.0,0.0,0.0,0.0,0.0,0.0,1.0,0.0,0.0,0.0,0.0,0.0
860,110279,11,1,2,1098.3,660.3,965.9,517.9,8.7,5.6,178.2,70.6,91.5,6.6,525.4,347.2,33.9,0.0,34.9,0.0,29.7,29.5,65.3,64.0,4.0,0.0,3.0,0.0,8.7,0.0,0.0,5.6
861,110280,11,1,2,143.3,268.6,27.3,139.6,0.1,1.7,2.5,68.6,1.9,0.0,9.9,61.7,0.3,0.0,0.3,0.0,8.6,8.4,0.9,0.9,0.0,0.0,3.0,0.0,0.1,0.0,0.0,1.7
862,110281,11,1,3,5203.5,4083.0,4886.3,3738.7,30.4,39.5,574.3,358.8,327.1,625.3,1956.6,1108.5,174.1,0.0,177.6,0.0,470.0,469.6,1192.6,1176.4,4.0,0.0,10.0,0.0,30.4,0.0,0.0,39.5
863,110282,11,1,3,4130.4,2991.2,3798.4,2640.0,27.2,26.8,501.3,440.6,273.4,186.3,1616.7,927.4,134.2,0.0,137.1,0.0,366.2,365.5,729.3,720.2,31.0,0.0,9.0,0.0,27.2,0.0,0.0,26.8
864,110283,11,1,4,4412.0,5080.0,4042.8,4691.8,30.9,37.1,604.4,1313.2,341.6,197.1,1863.7,1539.0,109.0,658.1,111.6,0.0,402.3,402.2,589.1,582.1,7.0,0.0,14.0,0.0,30.9,0.0,0.0,37.1
865,110284,11,1,4,4884.8,10574.5,4245.3,9845.7,12.9,93.7,270.2,2165.5,148.6,1385.6,693.4,3156.2,28.6,0.0,29.5,114.7,918.5,916.2,2134.4,2107.5,4.0,0.0,18.0,0.0,12.9,0.0,0.0,93.7
866,110285,11,1,3,7082.1,4606.8,6675.4,4186.2,57.7,37.0,1153.2,667.6,608.2,20.7,3632.5,2118.5,278.0,755.6,284.0,0.0,249.0,249.1,380.4,374.7,74.0,0.0,16.0,0.0,57.7,0.0,0.0,37.0
867,110286,11,1,3,2582.9,6052.3,2014.4,5405.7,0.3,62.3,5.3,1525.3,3.5,658.9,29.3,1277.3,2.4,0.0,2.3,0.0,673.8,673.4,1290.0,1270.7,0.0,0.0,8.0,0.0,0.3,0.0,0.0,62.3
868,110287,11,1,3,11352.2,5959.7,10835.3,5416.7,90.9,55.4,1679.8,625.2,944.2,156.4,5812.3,3460.7,558.2,0.0,569.2,0.0,391.5,392.1,792.0,782.4,43.0,0.0,45.0,0.0,90.9,0.0,0.0,55.4
869,110288,11,1,3,831.7,1579.9,611.0,1339.0,1.2,13.4,22.5,490.4,12.5,125.4,73.1,236.0,5.4,0.0,5.7,0.0,188.9,188.8,301.8,298.5,0.0,0.0,1.0,0.0,1.2,0.0,0.0,13.4
870,110289,11,1,3,4207.6,2401.3,3960.4,2132.9,35.7,24.1,647.6,235.8,356.9,127.6,2089.5,1280.5,170.8,0.0,174.3,0.0,150.0,149.7,343.3,339.3,8.0,0.0,20.0,0.0,35.7,0.0,0.0,24.1
871,110290,11,1,4,4501.6,3181.7,4214.8,2887.7,32.7,29.8,642.3,296.8,341.0,263.9,1939.9,1353.7,137.8,0.0,140.5,0.0,296.3,296.5,684.0,676.8,16.0,0.0,17.0,0.0,32.7,0.0,0.0,29.8
872,110291,11,1,4,5868.5,12341.9,5475.0,11811.6,6.2,102.7,130.0,1040.6,71.4,2694.2,373.8,1076.3,12.2,0.0,12.8,2224.0,1237.8,1236.6,3581.0,3539.9,6.0,0.0,50.0,0.0,6.2,0.0,0.0,102.7
873,110292,11,1,4,2986.3,1536.7,2845.0,1403.8,26.2,13.8,498.0,34.3,287.5,67.3,1546.9,983.0,90.1,0.0,92.1,0.0,87.6,87.6,234.7,231.7,3.0,0.0,5.0,0.0,26.2,0.0,0.0,13.8
874,110293,11,1,3,13063.8,5199.6,12606.5,4733.2,115.9,55.9,2233.1,72.1,1197.8,10.1,7117.6,3772.3,541.0,0.0,551.7,0.0,254.1,254.8,632.2,623.9,34.0,0.0,45.0,0.0,115.9,0.0,0.0,55.9
875,110294,11,1,3,41.5,37.6,0.0,0.0,0.0,0.0,0.0,0.0,0.0,0.0,0.0,0.0,0.0,0.0,0.0,0.0,0.0,0.0,0.0,0.0,0.0,0.0,0.0,0.0,0.0,0.0,0.0,0.0
876,110295,11,1,3,20829.4,19976.6,19568.7,18534.7,150.3,232.4,2834.5,3131.2,1530.8,1640.2,9081.9,7838.3,700.0,1360.0,714.2,0.0,1485.0,1488.6,3126.4,3076.3,27.0,0.0,69.0,0.0,150.3,0.0,0.0,232.4
877,110296,11,1,4,3084.2,8895.2,2337.9,8038.6,0.0,96.3,0.0,2628.1,0.0,1333.1,11.0,1778.8,0.0,0.0,0.0,0.0,792.3,794.7,1523.6,1503.9,0.0,0.0,11.0,0.0,0.0,0.0,0.0,96.3
878,110297,11,1,4,827.2,3891.5,278.2,3302.5,0.0,34.4,0.0,1630.2,0.0,7.9,3.0,1392.2,0.0,0.0,0.0,0.0,246.9,247.5,25.2,24.7,0.0,0.0,3.0,0.0,0.0,0.0,0.0,34.4
879,110298,11,1,4,2057.8,3719.7,1695.4,3320.5,11.0,35.6,209.9,1321.4,128.3,211.3,617.5,1111.3,23.9,0.0,24.8,0.0,312.1,313.0,366.9,363.5,0.0,0.0,12.0,0.0,11.0,0.0,0.0,35.6
880,110299,11,1,4,6235.6,7009.5,5823.7,6522.4,36.8,76.5,682.5,774.8,413.0,969.3,2006.8,2295.2,81.7,22.2,83.7,0.0,708.6,709.6,1769.5,1751.4,44.0,0.0,34.0,0.0,36.8,0.0,0.0,76.5
881,110300,11,1,4,1769.6,6615.5,1161.2,5913.5,0.0,79.7,0.0,2102.1,0.0,519.6,10.0,2155.2,0.0,0.0,0.0,0.0,495.8,498.5,645.3,638.2,0.0,0.0,10.0,0.0,0.0,0.0,0.0,79.7
882,110301,11,1,4,330.5,1644.8,134.7,1428.5,0.0,16.8,0.0,654.1,0.0,11.0,6.0,640.8,0.0,0.0,0.0,0.0,104.2,104.6,18.5,18.0,0.0,0.0,6.0,0.0,0.0,0.0,0.0,16.8
883,110302,11,1,4,7545.0,3855.0,7168.2,3489.9,67.9,42.4,1231.0,233.2,656.3,198.6,3803.0,2206.6,301.0,0.0,307.2,0.0,243.2,244.3,611.5,607.2,8.0,0.0,7.0,0.0,67.9,0.0,0.0,42.4
884,110303,11,1,3,5856.8,3970.1,5591.3,3701.3,55.4,32.8,1021.3,227.4,554.9,48.6,3046.0,1961.2,179.4,890.3,183.5,0.0,177.8,178.5,398.4,395.3,18.0,0.0,12.0,0.0,55.4,0.0,0.0,32.8
885,110304,11,1,3,2619.4,2528.8,2440.3,2340.1,22.3,22.3,404.7,192.2,216.6,128.9,1210.8,1060.4,72.8,537.7,74.6,0.0,128.8,128.7,295.0,292.1,34.0,0.0,3.0,0.0,22.3,0.0,0.0,22.3
886,110305,11,1,3,4287.9,1735.9,4061.1,1497.3,40.7,17.5,763.5,7.9,412.5,0.0,2249.8,1208.4,149.1,0.0,152.6,0.0,79.2,79.4,203.4,201.7,37.0,0.0,14.0,0.0,40.7,0.0,0.0,17.5
887,110306,11,1,3,3885.5,1500.1,3658.3,1252.8,32.4,12.3,669.7,2.6,346.8,0.0,1906.3,1014.4,126.0,0.0,128.7,0.0,66.0,66.3,170.8,169.4,227.0,0.0,17.0,0.0,32.4,0.0,0.0,12.3
888,110307,11,1,3,661.8,3671.3,491.5,3471.2,0.0,27.1,0.0,683.1,0.0,195.2,4.0,633.2,0.0,1108.6,0.0,368.7,184.9,186.0,298.6,296.3,0.0,0.0,4.0,0.0,0.0,0.0,0.0,27.1
889,110308,11,1,3,180.0,788.3,52.8,648.7,0.0,10.5,0.0,324.8,0.0,0.0,2.0,275.0,0.0,0.0,0.0,0.0,46.3,46.4,2.5,2.5,0.0,0.0,2.0,0.0,0.0,0.0,0.0,10.5
890,110309,11,1,3,666.4,2345.7,435.0,2062.8,0.0,33.2,0.0,1004.5,0.0,205.1,17.0,452.9,0.0,0.0,0.0,0.0,198.3,199.3,202.7,201.0,0.0,0.0,17.0,0.0,0.0,0.0,0.0,33.2
891,110310,11,1,3,5066.5,3831.6,4792.7,3522.3,46.0,54.4,808.7,305.5,465.8,263.1,2324.6,2025.2,103.6,0.0,106.1,0.0,274.9,276.9,654.9,651.6,36.0,0.0,18.0,0.0,46.0,0.0,0.0,54.4
892,110311,11,1,3,6710.7,3047.0,6425.6,2723.0,65.3,34.5,1237.9,71.9,673.9,0.0,3539.7,2160.7,193.8,0.0,197.6,0.0,141.1,142.3,349.6,348.2,40.0,0.0,52.0,0.0,65.3,0.0,0.0,34.5
893,110312,11,1,3,1074.2,3147.6,805.9,2815.0,0.0,45.8,0.0,1248.2,0.0,302.9,20.0,495.8,0.0,0.0,0.0,0.0,318.3,321.2,447.6,446.8,0.0,0.0,20.0,0.0,0.0,0.0,0.0,45.8
894,110313,11,1,3,10772.4,4351.6,10358.2,3921.0,104.9,57.7,1921.0,49.9,1008.0,32.3,5748.3,3059.8,397.5,0.0,405.0,0.0,215.9,218.8,557.5,560.2,61.0,0.0,44.0,0.0,104.9,0.0,0.0,57.7
895,110314,11,1,3,2987.3,1351.6,2801.7,1154.6,26.7,12.6,517.4,34.1,265.4,6.7,1553.2,909.4,109.1,0.0,111.4,0.0,58.7,59.2,145.4,145.1,27.0,0.0,14.0,0.0,26.7,0.0,0.0,12.6
896,110315,11,1,3,3495.7,1358.2,3275.3,1151.5,26.9,9.1,566.3,36.2,316.2,0.0,1846.2,927.0,171.4,0.0,174.7,0.0,54.7,55.2,133.9,133.1,3.0,0.0,9.0,0.0,26.9,0.0,0.0,9.1
897,110316,11,1,2,41.5,42.2,0.0,0.0,0.0,0.0,0.0,0.0,0.0,0.0,0.0,0.0,0.0,0.0,0.0,0.0,0.0,0.0,0.0,0.0,0.0,0.0,0.0,0.0,0.0,0.0,0.0,0.0
898,110317,11,1,1,103.7,99.8,2.0,0.0,0.0,0.0,0.0,0.0,0.0,0.0,1.0,0.0,0.0,0.0,0.0,0.0,0.0,0.0,0.0,0.0,0.0,0.0,1.0,0.0,0.0,0.0,0.0,0.0
899,110318,11,1,2,150.2,137.9,12.0,0.0,0.0,0.0,0.0,0.0,0.0,0.0,6.0,0.0,0.0,0.0,0.0,0.0,0.0,0.0,0.0,0.0,0.0,0.0,6.0,0.0,0.0,0.0,0.0,0.0
900,110319,11,1,2,143.9,127.4,9.0,13.5,0.0,0.0,0.0,4.5,0.0,0.0,3.0,5.9,0.0,0.0,0.0,0.0,1.2,1.3,1.8,1.8,0.0,0.0,3.0,0.0,0.0,0.0,0.0,0.0
901,110320,11,1,2,137.0,126.2,0.0,0.0,0.0,0.0,0.0,0.0,0.0,0.0,0.0,0.0,0.0,0.0,0.0,0.0,0.0,0.0,0.0,0.0,0.0,0.0,0.0,0.0,0.0,0.0,0.0,0.0
902,110321,11,1,2,107.0,93.2,0.0,0.0,0.0,0.0,0.0,0.0,0.0,0.0,0.0,0.0,0.0,0.0,0.0,0.0,0.0,0.0,0.0,0.0,0.0,0.0,0.0,0.0,0.0,0.0,0.0,0.0
903,110322,11,1,2,178.4,139.1,55.1,22.7,0.5,0.3,10.3,0.0,5.2,0.0,32.6,20.1,2.2,0.0,2.3,0.0,0.4,0.5,2.1,2.2,0.0,0.0,0.0,0.0,0.5,0.0,0.0,0.3
904,110323,11,1,3,253.0,128.8,149.4,58.4,0.6,0.1,27.4,0.9,14.6,0.0,87.0,50.4,6.1,0.0,6.2,0.0,1.4,1.4,5.8,5.6,0.0,0.0,1.0,0.0,0.6,0.0,0.0,0.1
905,110324,11,1,2,133.5,109.7,0.0,0.0,0.0,0.0,0.0,0.0,0.0,0.0,0.0,0.0,0.0,0.0,0.0,0.0,0.0,0.0,0.0,0.0,0.0,0.0,0.0,0.0,0.0,0.0,0.0,0.0
906,350001,35,1,2,72.2,36.3,68.0,0.0,0.0,0.0,0.0,0.0,0.0,0.0,34.0,0.0,0.0,0.0,0.0,0.0,0.0,0.0,0.0,0.0,0.0,0.0,34.0,0.0,0.0,0.0,0.0,0.0
907,350002,35,1,2,1026.6,3281.2,585.8,2775.5,0.0,66.9,0.0,1678.2,0.0,59.4,2.0,453.9,0.0,0.0,0.0,0.0,357.9,361.5,223.9,222.5,0.0,0.0,2.0,0.0,0.0,0.0,0.0,66.9
908,350003,35,1,2,291.5,853.3,172.1,724.8,0.0,11.2,0.0,452.4,0.0,10.8,0.0,89.2,0.0,0.0,0.0,0.0,102.0,103.1,70.2,69.3,0.0,0.0,0.0,0.0,0.0,0.0,0.0,11.2
909,350004,35,1,1,159.8,352.7,64.8,257.3,0.0,3.8,0.0,161.9,0.0,6.0,0.0,24.8,0.0,0.0,0.0,0.0,36.8,37.2,28.0,27.5,0.0,0.0,0.0,0.0,0.0,0.0,0.0,3.8
910,350005,35,1,1,74.6,74.3,0.0,0.0,0.0,0.0,0.0,0.0,0.0,0.0,0.0,0.0,0.0,0.0,0.0,0.0,0.0,0.0,0.0,0.0,0.0,0.0,0.0,0.0,0.0,0.0,0.0,0.0
911,350006,35,1,2,995.0,3031.7,585.8,2572.1,0.0,53.8,0.0,1632.8,0.0,27.8,1.0,329.5,0.0,0.0,0.0,0.0,360.6,362.7,223.3,219.4,0.0,0.0,1.0,0.0,0.0,0.0,0.0,53.8
912,350007,35,1,2,105.7,100.4,0.0,0.0,0.0,0.0,0.0,0.0,0.0,0.0,0.0,0.0,0.0,0.0,0.0,0.0,0.0,0.0,0.0,0.0,0.0,0.0,0.0,0.0,0.0,0.0,0.0,0.0
913,350008,35,1,1,113.1,115.6,0.0,0.0,0.0,0.0,0.0,0.0,0.0,0.0,0.0,0.0,0.0,0.0,0.0,0.0,0.0,0.0,0.0,0.0,0.0,0.0,0.0,0.0,0.0,0.0,0.0,0.0
914,350009,35,1,2,80.8,94.8,2.2,27.4,0.0,0.7,0.0,25.2,0.0,0.0,0.0,0.0,0.0,0.0,0.0,0.0,2.2,2.2,0.0,0.0,0.0,0.0,0.0,0.0,0.0,0.0,0.0,0.7
915,350010,35,1,1,112.8,114.9,0.0,0.0,0.0,0.0,0.0,0.0,0.0,0.0,0.0,0.0,0.0,0.0,0.0,0.0,0.0,0.0,0.0,0.0,0.0,0.0,0.0,0.0,0.0,0.0,0.0,0.0
916,350011,35,1,2,111.0,100.4,0.0,0.0,0.0,0.0,0.0,0.0,0.0,0.0,0.0,0.0,0.0,0.0,0.0,0.0,0.0,0.0,0.0,0.0,0.0,0.0,0.0,0.0,0.0,0.0,0.0,0.0
917,350012,35,1,3,112.7,107.1,0.0,0.0,0.0,0.0,0.0,0.0,0.0,0.0,0.0,0.0,0.0,0.0,0.0,0.0,0.0,0.0,0.0,0.0,0.0,0.0,0.0,0.0,0.0,0.0,0.0,0.0
918,350013,35,1,1,114.1,93.8,0.0,0.0,0.0,0.0,0.0,0.0,0.0,0.0,0.0,0.0,0.0,0.0,0.0,0.0,0.0,0.0,0.0,0.0,0.0,0.0,0.0,0.0,0.0,0.0,0.0,0.0
919,350014,35,1,1,113.7,104.0,0.0,0.0,0.0,0.0,0.0,0.0,0.0,0.0,0.0,0.0,0.0,0.0,0.0,0.0,0.0,0.0,0.0,0.0,0.0,0.0,0.0,0.0,0.0,0.0,0.0,0.0
920,350015,35,1,1,114.0,96.9,0.0,0.0,0.0,0.0,0.0,0.0,0.0,0.0,0.0,0.0,0.0,0.0,0.0,0.0,0.0,0.0,0.0,0.0,0.0,0.0,0.0,0.0,0.0,0.0,0.0,0.0
921,350016,35,1,1,113.9,96.5,0.0,0.0,0.0,0.0,0.0,0.0,0.0,0.0,0.0,0.0,0.0,0.0,0.0,0.0,0.0,0.0,0.0,0.0,0.0,0.0,0.0,0.0,0.0,0.0,0.0,0.0
922,350017,35,1,1,114.5,86.6,0.0,0.0,0.0,0.0,0.0,0.0,0.0,0.0,0.0,0.0,0.0,0.0,0.0,0.0,0.0,0.0,0.0,0.0,0.0,0.0,0.0,0.0,0.0,0.0,0.0,0.0
923,350018,35,1,1,114.5,103.5,0.0,0.0,0.0,0.0,0.0,0.0,0.0,0.0,0.0,0.0,0.0,0.0,0.0,0.0,0.0,0.0,0.0,0.0,0.0,0.0,0.0,0.0,0.0,0.0,0.0,0.0
924,350019,35,1,1,1221.2,1489.8,2.0,281.9,0.0,0.8,0.0,281.9,0.0,0.0,1.0,0.0,0.0,0.0,0.0,0.0,0.0,0.0,0.0,0.0,0.0,0.0,1.0,0.0,0.0,0.0,0.0,0.8
925,350020,35,1,1,836.3,2156.1,228.4,1555.6,0.0,7.0,0.0,1275.5,0.0,3.3,1.0,50.5,0.0,0.0,0.0,0.0,197.6,198.0,28.9,28.4,0.0,0.0,1.0,0.0,0.0,0.0,0.0,7.0
926,350021,35,1,1,3392.8,2209.7,3184.8,2010.6,19.5,9.3,557.0,270.6,301.1,61.8,1617.3,1185.6,101.4,0.0,103.3,0.0,172.8,173.0,326.0,319.6,2.0,0.0,4.0,0.0,19.5,0.0,0.0,9.3
927,350022,35,1,1,77.6,162.5,5.0,93.3,0.0,0.5,0.0,43.0,0.0,0.0,0.0,45.4,0.0,0.0,0.0,0.0,4.9,4.8,0.1,0.1,0.0,0.0,0.0,0.0,0.0,0.0,0.0,0.5
928,350023,35,1,1,68.9,95.9,3.9,39.2,0.0,0.2,0.0,34.3,0.0,0.0,0.0,1.0,0.0,0.0,0.0,0.0,3.8,3.8,0.1,0.1,0.0,0.0,0.0,0.0,0.0,0.0,0.0,0.2
929,350024,35,1,1,115.8,171.1,6.3,58.8,0.0,0.3,0.0,52.5,0.0,0.0,0.0,0.0,0.0,0.0,0.0,0.0,6.3,6.3,0.0,0.0,0.0,0.0,0.0,0.0,0.0,0.0,0.0,0.3
930,350025,35,1,1,719.9,2134.3,395.0,1807.4,0.0,7.1,0.0,1167.0,0.0,22.3,1.0,227.7,0.0,0.0,0.0,0.0,248.5,248.4,144.5,142.1,0.0,0.0,1.0,0.0,0.0,0.0,0.0,7.1
931,350026,35,1,2,309.3,862.9,82.8,639.9,0.0,2.7,0.0,557.0,0.0,0.0,0.0,0.0,0.0,0.0,0.0,0.0,82.8,82.9,0.0,0.0,0.0,0.0,0.0,0.0,0.0,0.0,0.0,2.7
932,350027,35,1,2,116.6,109.7,0.0,0.1,0.0,0.0,0.0,0.1,0.0,0.0,0.0,0.0,0.0,0.0,0.0,0.0,0.0,0.0,0.0,0.0,0.0,0.0,0.0,0.0,0.0,0.0,0.0,0.0
933,350028,35,1,2,2489.3,1151.9,2325.9,991.9,15.0,3.1,460.5,3.0,220.8,0.0,1292.2,834.8,93.5,0.0,95.6,0.0,43.2,43.0,113.0,111.1,1.0,0.0,6.0,0.0,15.0,0.0,0.0,3.1
934,350029,35,1,2,1857.8,871.9,1707.9,744.2,9.2,1.9,342.5,1.8,170.3,0.0,941.6,626.7,65.6,0.0,67.2,0.0,32.3,32.1,85.3,83.6,0.0,0.0,3.0,0.0,9.2,0.0,0.0,1.9
935,350030,35,1,2,117.6,92.9,0.0,0.0,0.0,0.0,0.0,0.0,0.0,0.0,0.0,0.0,0.0,0.0,0.0,0.0,0.0,0.0,0.0,0.0,0.0,0.0,0.0,0.0,0.0,0.0,0.0,0.0
936,350031,35,1,2,993.6,460.4,858.5,325.0,4.4,0.8,164.3,1.4,87.4,0.0,478.0,275.9,37.9,0.0,39.0,0.0,12.6,12.6,36.1,35.1,0.0,0.0,3.0,0.0,4.4,0.0,0.0,0.8
937,350032,35,1,3,108.0,104.6,0.0,0.0,0.0,0.0,0.0,0.0,0.0,0.0,0.0,0.0,0.0,0.0,0.0,0.0,0.0,0.0,0.0,0.0,0.0,0.0,0.0,0.0,0.0,0.0,0.0,0.0
938,350033,35,1,2,674.1,317.6,545.0,200.2,2.4,0.4,102.0,0.2,53.2,0.0,301.4,171.4,25.8,0.0,26.4,0.0,7.3,7.1,21.9,21.5,6.0,0.0,1.0,0.0,2.4,0.0,0.0,0.4
939,350034,35,1,2,1347.3,3512.3,992.9,3128.8,4.8,34.2,95.0,854.3,50.0,165.7,275.0,1572.1,15.1,0.0,15.6,0.0,207.5,209.7,326.6,327.0,0.0,0.0,8.0,0.0,4.8,0.0,0.0,34.2
940,350035,35,1,2,252.5,909.3,155.5,798.6,0.0,7.0,0.0,191.4,0.0,53.7,14.0,425.2,0.0,0.0,0.0,0.0,50.3,50.9,77.2,77.4,0.0,0.0,14.0,0.0,0.0,0.0,0.0,7.0
941,350036,35,1,3,2521.6,2360.8,2412.8,2210.0,23.4,18.5,425.5,181.2,222.3,0.0,1244.4,873.8,70.6,0.0,72.2,822.7,121.1,122.5,208.7,209.7,5.0,0.0,43.0,0.0,23.4,0.0,0.0,18.5
942,350037,35,1,2,1423.5,4404.0,1093.1,3996.1,0.0,79.9,0.0,1777.5,0.0,0.6,4.0,1149.8,0.0,0.0,0.0,0.0,555.6,558.8,529.5,509.3,0.0,0.0,4.0,0.0,0.0,0.0,0.0,79.9
943,350038,35,1,2,45.6,55.8,6.9,23.3,0.0,0.6,0.0,15.0,0.0,0.7,0.0,0.9,0.0,0.0,0.0,0.0,3.1,3.0,3.8,3.7,0.0,0.0,0.0,0.0,0.0,0.0,0.0,0.6
944,350039,35,1,3,976.9,3139.6,619.3,2736.2,0.0,39.1,0.0,737.5,0.0,253.5,6.0,1132.8,0.0,0.0,0.0,0.0,221.0,223.8,386.2,388.6,0.0,0.0,6.0,0.0,0.0,0.0,0.0,39.1
945,350040,35,1,2,548.0,1676.1,324.7,1419.6,0.0,18.8,0.0,501.0,0.0,115.8,14.0,503.3,0.0,0.0,0.0,0.0,126.9,128.6,169.7,171.0,0.0,0.0,14.0,0.0,0.0,0.0,0.0,18.8
946,350041,35,1,3,684.0,1878.8,370.9,1547.5,0.0,16.4,0.0,432.2,0.0,166.5,9.0,590.5,0.0,0.0,0.0,0.0,128.0,130.2,224.8,228.0,0.0,0.0,9.0,0.0,0.0,0.0,0.0,16.4
947,350042,35,1,3,4906.2,9983.1,6030.7,8295.3,0.0,67.9,0.0,2822.0,0.0,15.7,2744.0,4909.4,0.0,0.0,0.0,0.0,457.6,462.7,85.1,85.5,0.0,0.0,2744.0,0.0,0.0,0.0,0.0,67.9
948,350043,35,1,2,480.9,1633.5,277.6,1383.3,0.5,21.3,8.0,368.3,4.4,71.2,45.8,749.7,0.7,0.0,0.7,0.0,80.8,81.8,112.2,112.4,0.0,0.0,25.0,0.0,0.5,0.0,0.0,21.3
949,350044,35,1,3,815.2,1806.7,645.5,1618.1,2.8,18.7,53.3,383.4,28.2,207.1,139.4,616.2,4.5,0.0,4.9,0.0,121.4,123.4,283.8,288.0,5.0,0.0,5.0,0.0,2.8,0.0,0.0,18.7
950,350045,35,1,3,250.8,953.7,129.5,819.7,0.0,17.2,0.0,222.7,0.0,51.1,1.0,418.0,0.0,0.0,0.0,0.0,56.9,57.4,70.6,70.5,0.0,0.0,1.0,0.0,0.0,0.0,0.0,17.2
951,350046,35,1,3,17477.9,6291.9,16932.5,5752.9,180.1,88.9,2876.4,88.1,1611.1,56.5,9303.6,3999.2,860.1,481.1,877.0,0.0,317.8,323.2,796.5,804.8,240.0,0.0,50.0,0.0,180.1,0.0,0.0,88.9
952,350047,35,1,3,1687.7,955.1,1586.7,849.8,17.0,14.5,272.9,72.8,160.4,21.5,849.5,574.8,59.1,0.0,60.8,0.0,55.4,56.3,123.5,124.4,3.0,0.0,2.0,0.0,17.0,0.0,0.0,14.5
953,350048,35,1,3,320.8,1333.3,208.3,1207.1,0.0,12.0,0.0,236.3,0.0,28.5,0.0,298.2,0.0,432.5,0.0,0.0,88.5,90.2,119.9,121.3,0.0,0.0,0.0,0.0,0.0,0.0,0.0,12.0
954,350049,35,1,1,38.6,29.5,2.0,0.0,0.0,0.0,0.0,0.0,0.0,0.0,1.0,0.0,0.0,0.0,0.0,0.0,0.0,0.0,0.0,0.0,0.0,0.0,1.0,0.0,0.0,0.0,0.0,0.0
955,350050,35,1,2,66.3,141.3,20.3,97.9,0.0,2.4,0.0,74.9,0.0,0.7,1.0,4.2,0.0,0.0,0.0,0.0,12.9,12.9,5.5,5.3,0.0,0.0,1.0,0.0,0.0,0.0,0.0,2.4
956,350051,35,1,2,460.1,1545.8,196.5,1249.7,0.0,31.2,0.0,1017.8,0.0,3.2,1.0,32.2,0.0,0.0,0.0,0.0,167.3,169.5,27.2,26.9,0.0,0.0,1.0,0.0,0.0,0.0,0.0,31.2
957,350052,35,1,2,2582.9,9857.5,1240.4,8345.4,0.0,151.4,0.0,4684.2,0.0,269.0,3.0,2160.0,0.0,0.0,0.0,0.0,816.7,821.6,417.8,410.7,0.0,0.0,3.0,0.0,0.0,0.0,0.0,151.4
958,350053,35,1,3,5177.5,20125.2,1518.1,15942.7,0.0,368.5,0.0,7463.3,0.0,70.9,108.0,7095.8,0.0,0.0,0.0,0.0,1136.3,1147.8,165.8,164.9,0.0,0.0,108.0,0.0,0.0,0.0,0.0,368.5
959,350054,35,1,3,1642.4,5754.0,896.1,4829.1,0.0,89.8,0.0,2249.7,0.0,140.6,86.0,1705.0,0.0,0.0,0.0,0.0,428.5,435.2,295.6,298.6,0.0,0.0,86.0,0.0,0.0,0.0,0.0,89.8
960,350055,35,1,3,8427.7,6080.9,8053.7,5609.4,81.9,95.9,1300.3,387.4,700.3,441.4,3969.4,2411.1,299.1,857.3,305.3,123.4,384.2,391.7,984.2,997.2,42.0,0.0,69.0,0.0,81.9,0.0,0.0,95.9
961,350056,35,1,3,7670.8,4665.7,7357.2,4349.5,83.3,56.8,1332.3,219.9,757.4,6.9,3995.2,2289.4,267.1,551.2,272.6,570.2,227.1,231.7,472.4,480.3,22.0,0.0,11.0,0.0,83.3,0.0,0.0,56.8
962,350057,35,1,3,4724.3,2313.6,4507.5,2082.9,52.5,36.8,856.3,43.6,458.2,66.5,2408.3,1486.6,133.2,0.0,136.3,0.0,131.5,134.2,345.7,351.9,23.0,0.0,15.0,0.0,52.5,0.0,0.0,36.8
963,350058,35,1,3,2468.6,7676.7,1495.4,6581.9,2.0,98.8,34.2,2917.3,18.5,341.1,110.8,1990.5,3.1,0.0,3.4,0.0,601.7,614.7,702.6,718.3,0.0,0.0,21.0,0.0,2.0,0.0,0.0,98.8
964,350059,35,1,4,4995.9,2239.4,4732.2,1986.3,47.8,19.4,1026.0,7.2,494.8,0.0,2532.5,1580.4,124.2,0.0,126.4,0.0,109.0,111.5,279.3,287.1,13.0,0.0,27.0,0.0,47.8,0.0,0.0,19.4
965,350060,35,1,3,8812.6,67216.8,3266.8,95696.3,0.0,420.8,0.0,11509.4,0.0,259.8,8.0,46134.9,0.0,0.0,0.0,0.0,2144.8,2174.3,1106.0,1113.8,0.0,0.0,8.0,34504.0,0.0,0.0,0.0,420.8
966,350061,35,1,4,2300.7,1104.0,2197.3,997.0,23.3,18.6,368.6,55.5,207.1,52.5,1148.6,594.7,80.3,0.0,82.1,0.0,81.6,83.2,207.9,211.2,13.0,0.0,8.0,0.0,23.3,0.0,0.0,18.6
967,350062,35,1,3,3483.1,1843.8,3301.1,1615.7,36.5,31.4,613.3,139.6,317.0,24.6,1712.5,1042.8,99.5,0.0,102.0,0.0,129.4,131.9,272.4,276.8,17.0,0.0,38.0,0.0,36.5,0.0,0.0,31.4
968,350063,35,1,3,3418.9,2007.3,3249.1,1826.4,39.7,35.8,650.7,26.2,381.4,33.8,1659.9,1310.7,48.7,0.0,50.0,0.0,127.2,129.4,320.3,326.3,6.0,0.0,5.0,0.0,39.7,0.0,0.0,35.8
969,350064,35,1,3,4490.9,2233.2,4272.7,2000.2,50.7,27.8,781.5,68.3,415.4,0.0,2341.7,1112.2,192.5,493.7,196.8,0.0,99.9,102.0,219.9,224.1,5.0,0.0,20.0,0.0,50.7,0.0,0.0,27.8
970,350065,35,1,4,2887.7,2871.8,2708.7,2645.8,28.9,50.7,439.2,40.6,264.0,43.4,1195.2,1943.9,72.8,0.0,74.3,0.0,171.7,175.3,432.6,442.6,40.0,0.0,19.0,0.0,28.9,0.0,0.0,50.7
971,350066,35,1,4,3738.7,2649.6,3524.9,2422.7,39.4,39.6,714.3,144.4,366.4,83.1,1752.6,1647.5,62.3,0.0,63.8,0.0,154.1,157.9,379.4,389.7,19.0,0.0,13.0,0.0,39.4,0.0,0.0,39.6
972,350067,35,1,4,2364.9,3048.8,2089.8,2740.8,17.3,40.7,313.6,733.0,165.1,182.9,795.7,1071.2,27.8,0.0,28.6,0.0,257.7,263.6,478.4,490.1,12.0,0.0,11.0,0.0,17.3,0.0,0.0,40.7
973,350068,35,1,4,5722.2,2705.8,5479.2,2475.2,62.2,34.0,1125.6,7.6,610.6,0.0,2951.6,1951.6,114.8,0.0,117.5,0.0,140.4,144.5,359.7,371.5,48.0,0.0,11.0,0.0,62.2,0.0,0.0,34.0
974,350069,35,1,4,8167.2,4967.7,7751.4,4548.7,79.1,44.9,1647.1,250.7,827.8,56.1,4013.0,2869.5,166.3,494.3,169.9,0.0,260.1,266.8,594.2,611.2,36.0,0.0,37.0,0.0,79.1,0.0,0.0,44.9
975,350070,35,1,2,182.9,584.0,71.5,462.0,0.0,11.9,0.0,380.8,0.0,0.8,1.0,10.3,0.0,0.0,0.0,0.0,61.1,61.9,8.4,8.1,0.0,0.0,1.0,0.0,0.0,0.0,0.0,11.9
976,350071,35,1,2,323.1,1034.5,229.9,922.3,0.0,23.3,0.0,242.6,0.0,99.8,1.0,351.1,0.0,0.0,0.0,0.0,80.3,81.1,147.6,147.7,0.0,0.0,1.0,0.0,0.0,0.0,0.0,23.3
977,350072,35,1,3,2828.6,9455.8,1465.7,7834.5,0.0,198.1,0.0,5203.8,0.0,571.6,40.0,667.4,0.0,0.0,0.0,0.0,887.7,897.4,498.0,494.3,0.0,0.0,40.0,0.0,0.0,0.0,0.0,198.1
978,350073,35,1,3,16657.9,47908.2,13185.2,42097.8,0.0,1077.7,0.0,12594.2,0.0,4348.5,1215.0,14406.9,0.0,0.0,0.0,0.0,4051.9,4099.2,6703.3,6649.1,0.0,0.0,1215.0,0.0,0.0,0.0,0.0,1077.7
979,350074,35,1,4,3416.7,11505.9,2431.8,9776.9,0.0,197.5,0.0,6806.4,0.0,70.9,542.0,1531.6,0.0,0.0,0.0,0.0,928.1,943.4,419.7,424.6,0.0,0.0,542.0,0.0,0.0,0.0,0.0,197.5
980,350075,35,1,4,9793.7,4427.9,9415.0,4020.2,96.3,81.0,1404.4,279.7,831.3,196.6,4816.4,2105.9,446.1,0.0,454.7,0.0,433.8,441.7,982.2,996.2,4.0,0.0,42.0,0.0,96.3,0.0,0.0,81.0
981,350076,35,1,4,4686.5,4050.7,4417.3,3757.1,46.5,56.6,801.4,357.4,435.1,104.6,2153.8,1898.3,89.6,558.7,92.0,0.0,267.3,273.2,554.2,564.8,13.0,0.0,11.0,0.0,46.5,0.0,0.0,56.6
982,350077,35,1,3,3423.1,2450.6,3243.6,2238.5,32.8,45.9,503.6,83.1,267.0,433.3,1462.5,895.8,90.7,0.0,93.1,0.0,182.4,186.4,626.3,639.8,4.0,0.0,14.0,0.0,32.8,0.0,0.0,45.9
983,350078,35,1,4,2423.7,1048.0,2247.4,880.9,23.4,10.2,462.4,1.8,248.9,0.0,1170.0,700.8,48.8,0.0,50.1,0.0,48.3,49.6,125.8,128.7,82.0,0.0,11.0,0.0,23.4,0.0,0.0,10.2
984,350079,35,1,4,19209.2,18978.9,18228.0,17601.1,168.0,362.6,2847.2,3273.3,1493.0,438.1,7985.6,8326.2,377.1,594.6,384.6,0.0,1822.3,1859.6,3056.1,3109.3,71.0,0.0,191.0,0.0,168.0,0.0,0.0,362.6
985,350080,35,1,4,8145.0,9544.2,7601.0,8799.9,64.9,178.1,1159.8,1643.4,611.2,318.3,2906.7,4212.3,101.5,0.0,103.7,0.0,939.0,959.8,1633.1,1666.0,64.0,0.0,82.0,0.0,64.9,0.0,0.0,178.1
986,350081,35,1,4,3600.2,4185.7,3309.1,3823.5,27.8,72.2,475.5,673.8,250.9,239.5,1299.0,1744.6,56.2,0.0,57.5,0.0,381.9,391.0,756.1,774.7,6.0,0.0,26.0,0.0,27.8,0.0,0.0,72.2
987,350082,35,1,4,5057.5,2074.3,4834.5,1864.0,57.2,32.2,946.2,4.7,502.8,0.0,2663.4,1482.1,157.0,0.0,160.1,0.0,103.3,105.6,265.6,271.6,26.0,0.0,10.0,0.0,57.2,0.0,0.0,32.2
988,350083,35,1,4,5389.6,4684.4,5126.3,4312.6,41.6,79.6,708.7,339.3,371.8,569.6,2009.6,1609.7,93.6,0.0,95.7,0.0,486.7,498.7,1261.2,1295.3,29.0,0.0,70.0,0.0,41.6,0.0,0.0,79.6
989,350084,35,1,4,5231.5,1976.2,5044.5,1784.8,58.3,33.1,811.9,152.1,480.0,5.6,2827.3,1261.4,263.9,0.0,269.0,0.0,112.8,115.2,244.5,250.6,7.0,0.0,28.0,0.0,58.3,0.0,0.0,33.1
990,350085,35,1,4,3099.0,2945.5,2834.1,2646.7,27.3,46.1,498.8,419.3,252.3,111.2,1202.6,1391.4,40.7,0.0,41.7,0.0,231.8,237.8,473.2,487.0,76.0,0.0,17.0,0.0,27.3,0.0,0.0,46.1
991,350086,35,1,4,2996.0,2629.6,2653.5,2272.4,32.4,42.4,554.7,429.4,282.3,6.5,1338.4,1468.4,47.2,0.0,48.2,0.0,142.0,145.3,217.6,222.8,18.0,0.0,5.0,0.0,32.4,0.0,0.0,42.4
992,350087,35,1,4,8747.3,7017.0,8319.8,6449.9,90.0,111.3,1611.6,794.3,819.9,315.6,3961.2,3792.1,128.6,0.0,131.1,0.0,436.6,449.1,1065.7,1098.8,51.0,0.0,114.0,0.0,90.0,0.0,0.0,111.3
993,350088,35,1,4,2773.6,2083.7,2540.1,1846.8,29.8,30.3,531.9,273.0,277.6,5.4,1301.7,1235.4,44.4,0.0,45.5,0.0,118.2,121.2,205.8,211.7,13.0,0.0,2.0,0.0,29.8,0.0,0.0,30.3
994,350089,35,1,4,3431.4,7655.1,3152.6,7327.3,26.5,58.6,475.7,632.7,242.9,143.5,1165.9,1633.8,41.0,0.0,42.1,3775.8,394.0,404.4,715.9,737.0,57.0,0.0,18.0,0.0,26.5,0.0,0.0,58.6
995,350090,35,1,5,7429.2,4607.7,7143.5,4277.2,76.3,58.3,1425.1,123.3,828.8,43.2,3588.3,3125.4,90.4,0.0,92.2,0.0,279.6,287.3,676.2,698.1,107.0,0.0,56.0,0.0,76.3,0.0,0.0,58.3
996,350091,35,1,4,4744.9,3890.0,4482.1,3612.1,49.9,50.3,891.7,227.5,471.2,88.6,2239.1,2061.0,77.0,520.8,79.0,0.0,210.1,215.7,483.9,498.4,16.0,0.0,14.0,0.0,49.9,0.0,0.0,50.3
997,350092,35,1,4,3550.9,2228.2,3376.9,2050.6,38.1,30.8,709.3,46.7,377.7,15.6,1702.7,1556.1,54.0,0.0,55.5,0.0,119.8,123.4,299.8,308.9,49.0,0.0,9.0,0.0,38.1,0.0,0.0,30.8
998,350093,35,1,5,3867.8,2963.4,3626.2,2705.6,37.9,36.6,737.5,256.5,385.9,41.9,1740.8,1801.6,52.5,0.0,53.8,0.0,188.3,193.9,398.4,411.7,51.0,0.0,18.0,0.0,37.9,0.0,0.0,36.6
999,350094,35,1,4,2188.1,5956.0,1829.7,5513.7,0.0,72.3,0.0,1510.6,0.0,427.4,13.0,1717.0,0.0,0.0,0.0,0.0,671.6,690.4,1132.2,1168.3,0.0,0.0,13.0,0.0,0.0,0.0,0.0,72.3
1000,350095,35,1,4,6232.4,13738.8,5009.1,12362.1,25.7,153.2,483.4,4618.0,252.9,431.3,1261.2,4341.0,53.6,0.0,54.9,0.0,1185.1,1219.6,1698.0,1752.2,4.0,0.0,16.0,0.0,25.7,0.0,0.0,153.2
1001,350096,35,1,4,4528.9,3430.0,4291.0,3171.7,40.7,45.3,761.2,116.2,389.0,395.0,1889.0,1583.0,69.6,0.0,71.1,0.0,261.5,269.1,782.7,808.4,54.0,0.0,13.0,0.0,40.7,0.0,0.0,45.3
1002,350097,35,1,4,3879.9,1829.9,3681.8,1640.6,40.7,21.1,775.4,4.0,409.3,0.0,1984.9,1295.6,78.8,0.0,80.7,0.0,92.5,95.2,238.1,245.7,15.0,0.0,7.0,0.0,40.7,0.0,0.0,21.1
1003,350098,35,1,4,4546.8,2559.5,4339.7,2353.7,47.7,32.5,907.4,13.1,480.4,17.8,2211.0,1821.0,73.0,0.0,74.6,0.0,135.1,138.9,352.2,362.8,99.0,0.0,7.0,0.0,47.7,0.0,0.0,32.5
1004,350099,35,1,3,3166.4,1601.7,2963.1,1399.4,33.5,19.7,648.7,10.5,318.4,2.8,1552.6,1094.7,59.8,0.0,61.4,0.0,79.6,81.7,203.6,209.9,35.0,0.0,4.0,0.0,33.5,0.0,0.0,19.7
1005,350100,35,1,3,481.3,300.5,344.1,154.4,3.6,2.3,71.6,0.1,34.7,0.0,162.2,123.9,5.3,0.0,5.5,0.0,7.6,7.8,22.1,22.6,32.0,0.0,3.0,0.0,3.6,0.0,0.0,2.3
1006,350101,35,1,4,6087.8,2660.7,5766.7,2352.9,54.6,32.0,990.6,182.0,523.2,99.7,2820.9,1506.3,225.1,0.0,229.6,0.0,162.0,166.1,390.2,398.7,410.0,0.0,15.0,0.0,54.6,0.0,0.0,32.0
1007,350102,35,1,4,14921.2,57732.2,9489.2,51658.9,0.0,549.3,0.0,26555.7,0.0,17.8,66.0,15550.6,0.0,0.0,0.0,0.0,4782.9,4885.1,4574.3,4649.8,0.0,0.0,66.0,0.0,0.0,0.0,0.0,549.3
1008,350103,35,1,2,38.1,37.7,2.1,3.5,0.0,0.2,0.0,1.5,0.0,0.0,1.0,1.8,0.0,0.0,0.0,0.0,0.2,0.1,0.0,0.0,0.0,0.0,1.0,0.0,0.0,0.0,0.0,0.2
1009,350104,35,1,2,335.0,1398.8,172.1,1206.3,0.0,30.0,0.0,397.9,0.0,68.8,1.0,569.4,0.0,0.0,0.0,0.0,76.4,77.2,93.7,93.1,0.0,0.0,1.0,0.0,0.0,0.0,0.0,30.0
1010,350105,35,1,3,1001.4,3686.7,521.2,3120.6,0.0,77.8,0.0,1396.4,0.0,185.5,4.0,1022.9,0.0,0.0,0.0,0.0,284.9,288.5,228.3,227.3,0.0,0.0,4.0,0.0,0.0,0.0,0.0,77.8
1011,350106,35,1,3,2146.0,8111.0,1076.8,6843.2,0.0,165.5,0.0,2510.3,0.0,402.8,29.0,2908.3,0.0,0.0,0.0,0.0,501.5,507.3,517.3,514.4,0.0,0.0,29.0,0.0,0.0,0.0,0.0,165.5
1012,350107,35,1,3,421.5,1567.4,218.0,1307.8,0.0,27.6,0.0,411.4,0.0,77.4,31.0,661.9,0.0,0.0,0.0,0.0,76.3,77.2,79.8,79.9,0.0,0.0,31.0,0.0,0.0,0.0,0.0,27.6
1013,350108,35,1,3,87.4,57.0,62.0,0.0,0.0,0.0,0.0,0.0,0.0,0.0,31.0,0.0,0.0,0.0,0.0,0.0,0.0,0.0,0.0,0.0,0.0,0.0,31.0,0.0,0.0,0.0,0.0,0.0
1014,350109,35,1,3,124.0,56.9,134.0,0.0,0.0,0.0,0.0,0.0,0.0,0.0,67.0,0.0,0.0,0.0,0.0,0.0,0.0,0.0,0.0,0.0,0.0,0.0,67.0,0.0,0.0,0.0,0.0,0.0
1015,350110,35,1,4,350.1,99.8,580.4,43.3,0.0,1.0,0.0,4.7,0.0,0.0,290.0,38.2,0.0,0.0,0.0,0.0,0.4,0.4,0.0,0.0,0.0,0.0,290.0,0.0,0.0,0.0,0.0,1.0
1016,350111,35,1,4,10631.7,6469.8,10424.6,5918.7,109.7,132.9,1850.6,494.5,984.4,213.9,5312.0,3711.8,223.7,0.0,228.0,0.0,441.4,450.5,1029.5,1048.0,39.0,0.0,316.0,0.0,109.7,0.0,0.0,132.9
1017,350112,35,1,4,1316.4,4604.4,896.7,4034.7,0.0,84.6,0.0,1095.4,0.0,255.9,68.0,1905.9,0.0,0.0,0.0,0.0,293.0,299.9,467.7,477.5,0.0,0.0,68.0,0.0,0.0,0.0,0.0,84.6
1018,350113,35,1,4,173.8,512.1,100.2,430.7,0.3,7.3,3.8,185.4,2.1,21.2,13.4,144.9,0.5,0.0,0.5,0.0,39.1,39.8,38.7,39.5,0.0,0.0,2.0,0.0,0.3,0.0,0.0,7.3
1019,350114,35,1,4,2829.2,4694.6,2486.5,4285.7,17.3,74.7,270.1,1381.5,157.6,336.2,865.9,1486.3,63.8,0.0,65.4,0.0,353.4,362.7,699.4,719.0,2.0,0.0,9.0,0.0,17.3,0.0,0.0,74.7
1020,350115,35,1,4,2476.5,1805.1,2298.2,1604.7,23.4,31.1,365.4,370.3,215.1,106.4,1152.7,729.4,77.5,0.0,79.2,0.0,136.3,139.6,252.9,259.0,4.0,0.0,15.0,0.0,23.4,0.0,0.0,31.1
1021,350116,35,1,4,5496.2,2459.1,5264.4,2240.3,60.1,40.8,924.4,179.6,543.8,29.1,2908.0,1561.8,205.9,0.0,209.9,0.0,140.1,143.7,317.3,326.1,11.0,0.0,4.0,0.0,60.1,0.0,0.0,40.8
1022,350117,35,1,4,7181.6,4500.2,6865.4,4117.5,64.6,74.5,1005.2,402.8,580.8,290.7,3236.4,1894.4,236.5,0.0,241.0,0.0,449.6,461.3,1038.8,1068.2,23.0,0.0,54.0,0.0,64.6,0.0,0.0,74.5
1023,350118,35,1,4,452.4,1587.5,148.4,1250.9,0.0,23.8,0.0,652.4,0.0,12.4,11.0,456.1,0.0,0.0,0.0,0.0,101.7,104.7,24.7,25.3,0.0,0.0,11.0,0.0,0.0,0.0,0.0,23.8
1024,350119,35,1,4,832.3,2029.7,590.5,1748.8,0.2,31.2,2.1,562.2,1.4,120.6,16.6,489.2,0.3,0.0,0.2,0.0,209.9,215.7,350.0,361.0,0.0,0.0,10.0,0.0,0.2,0.0,0.0,31.2
1025,350120,35,1,4,3123.4,1848.8,2987.2,1692.0,35.5,31.3,618.5,9.1,326.5,0.0,1540.0,1339.0,49.1,0.0,50.2,0.0,93.8,96.4,240.1,247.4,46.0,0.0,23.0,0.0,35.5,0.0,0.0,31.3
1026,350121,35,1,5,6778.8,5777.9,6402.2,5359.4,66.2,84.1,1234.6,306.6,680.3,120.0,2868.0,3504.7,63.7,0.0,65.0,0.0,418.3,429.1,970.4,999.0,86.0,0.0,16.0,0.0,66.2,0.0,0.0,84.1
1027,350122,35,1,5,9125.7,17777.6,7755.8,16083.0,24.6,258.4,439.6,3385.8,242.2,1122.1,1101.8,5562.4,25.9,0.0,26.6,0.0,1906.7,1959.1,3930.0,4053.5,7.0,0.0,76.0,0.0,24.6,0.0,0.0,258.4
1028,350123,35,1,5,1064.6,4302.0,683.3,3827.1,0.0,63.3,0.0,698.7,0.0,189.1,30.0,2296.7,0.0,0.0,0.0,0.0,238.9,245.6,384.4,397.0,0.0,0.0,30.0,0.0,0.0,0.0,0.0,63.3
1029,350124,35,1,5,1434.2,4453.5,1300.4,4252.0,0.0,54.4,0.0,1236.0,0.0,633.1,18.0,612.2,0.0,0.0,0.0,0.0,297.8,306.1,966.6,997.4,0.0,467.0,18.0,0.0,0.0,0.0,0.0,54.4
1030,350125,35,1,5,1247.4,2724.4,1137.1,2469.5,0.0,39.5,0.0,429.4,0.0,266.8,108.0,822.3,0.0,0.0,0.0,0.0,294.7,303.3,626.4,647.5,0.0,0.0,108.0,0.0,0.0,0.0,0.0,39.5
1031,350126,35,1,5,66.0,33.2,62.0,0.0,0.0,0.0,0.0,0.0,0.0,0.0,31.0,0.0,0.0,0.0,0.0,0.0,0.0,0.0,0.0,0.0,0.0,0.0,31.0,0.0,0.0,0.0,0.0,0.0
1032,350127,35,1,5,1256.8,4359.3,936.6,3911.0,0.0,60.3,0.0,732.6,0.0,259.6,68.0,2091.9,0.0,0.0,0.0,0.0,282.7,291.2,518.0,535.6,0.0,0.0,68.0,0.0,0.0,0.0,0.0,60.3
1033,350128,35,1,5,1525.8,3785.4,1296.5,3466.4,0.0,50.6,0.0,786.2,0.0,355.2,41.0,1084.2,0.0,0.0,0.0,0.0,401.4,413.4,800.1,827.4,13.0,0.0,41.0,0.0,0.0,0.0,0.0,50.6
1034,350129,35,1,5,12262.0,23874.6,10784.2,21944.5,27.9,281.1,567.9,3328.2,289.6,3948.1,1533.0,6325.6,46.0,0.0,47.0,0.0,2166.5,2225.9,5928.2,6116.8,19.0,0.0,187.0,0.0,27.9,0.0,0.0,281.1
1035,350130,35,1,5,3066.1,29934.5,1782.5,28407.3,0.0,159.3,0.0,6029.6,0.0,0.0,77.0,20700.1,0.0,0.0,0.0,0.0,526.3,540.5,1102.2,1137.0,0.0,0.0,77.0,0.0,0.0,0.0,0.0,159.3
1036,350131,35,1,5,6037.1,14057.0,5362.6,13121.2,8.2,161.3,168.9,5169.5,86.2,1447.8,503.3,1895.9,11.4,0.0,12.0,0.0,1327.9,1364.7,3141.9,3243.3,3.0,0.0,108.0,0.0,8.2,0.0,0.0,161.3
1037,350132,35,1,5,2771.4,6502.9,2285.4,5912.3,8.3,89.3,157.3,1269.5,81.1,818.5,393.8,2171.4,11.0,0.0,11.7,0.0,457.6,471.4,1141.9,1181.4,6.0,0.0,25.0,0.0,8.3,0.0,0.0,89.3
1038,350133,35,1,5,5776.3,4190.0,5475.7,3877.3,58.5,53.9,1103.9,313.1,588.7,76.2,2737.2,2649.9,94.6,0.0,96.5,0.0,241.8,248.8,570.0,589.3,30.0,0.0,13.0,0.0,58.5,0.0,0.0,53.9
1039,350134,35,1,4,4056.0,3681.5,3833.6,3442.4,42.1,43.8,750.3,320.6,443.9,13.8,1852.9,1916.7,43.1,422.0,44.4,125.7,202.9,209.1,420.0,434.4,64.0,0.0,12.0,0.0,42.1,0.0,0.0,43.8
1040,350135,35,1,5,484.0,2121.4,271.2,1881.4,0.0,27.0,0.0,552.3,0.0,83.8,4.0,973.8,0.0,0.0,0.0,0.0,101.7,104.6,161.5,166.9,0.0,0.0,4.0,0.0,0.0,0.0,0.0,27.0
1041,350136,35,1,5,2216.4,2586.5,2006.9,2356.7,19.6,33.7,391.0,368.2,177.2,40.7,875.7,1456.2,29.9,0.0,30.9,0.0,162.3,167.0,314.0,324.5,20.0,0.0,6.0,0.0,19.6,0.0,0.0,33.7
1042,350137,35,1,4,3146.5,3593.0,2833.8,3239.5,28.7,51.3,493.1,688.2,289.1,89.2,1310.6,1865.4,40.6,0.0,41.8,0.0,206.5,213.0,371.0,383.7,65.0,0.0,16.0,0.0,28.7,0.0,0.0,51.3
1043,350138,35,1,4,5671.6,5924.2,5290.5,5486.4,45.4,76.2,835.3,738.1,436.8,289.8,2040.3,2220.9,69.0,338.4,70.8,61.3,563.5,581.1,1215.9,1256.8,39.0,0.0,20.0,0.0,45.4,0.0,0.0,76.2
1044,350139,35,1,4,4193.0,8800.9,3520.6,8006.3,21.0,126.9,368.9,2105.6,210.6,405.6,947.3,3509.8,26.7,0.0,27.6,0.0,711.0,732.3,1211.5,1253.0,7.0,0.0,10.0,0.0,21.0,0.0,0.0,126.9
1045,350140,35,1,4,4447.1,3414.1,4175.9,3127.5,45.7,47.1,855.0,309.9,445.2,59.2,2018.2,2089.4,63.2,0.0,64.9,0.0,199.9,205.7,449.4,463.3,71.0,0.0,9.0,0.0,45.7,0.0,0.0,47.1
1046,350141,35,1,4,3782.0,4121.5,3523.4,3828.4,34.5,52.8,613.9,625.3,343.4,158.2,1525.7,1662.8,42.3,0.0,43.6,499.1,280.7,289.0,575.6,593.9,84.0,0.0,14.0,0.0,34.5,0.0,0.0,52.8
1047,350142,35,1,4,4387.9,2626.6,4130.8,2366.6,43.3,35.0,816.1,148.1,412.0,57.8,2015.8,1460.9,77.7,0.0,79.7,0.0,206.2,211.8,474.3,487.9,41.0,0.0,8.0,0.0,43.3,0.0,0.0,35.0
1048,350143,35,1,4,5334.4,7882.2,4692.8,7149.4,38.1,111.7,663.4,2103.0,360.6,322.8,1772.2,2964.7,67.7,0.0,69.4,0.0,636.0,654.2,1072.6,1104.6,40.0,0.0,11.0,0.0,38.1,0.0,0.0,111.7
1049,350144,35,1,4,2987.5,2412.4,2787.4,2210.7,30.2,24.2,594.0,74.3,304.2,2.8,1380.2,1247.5,43.4,544.8,44.7,0.0,103.3,105.8,229.5,235.4,82.0,0.0,6.0,0.0,30.2,0.0,0.0,24.2
1050,350145,35,1,4,2782.3,1546.8,2672.8,1433.0,28.1,23.2,516.1,15.9,267.3,0.0,1255.4,1129.0,41.9,0.0,43.1,0.0,79.3,81.4,201.7,206.8,262.0,0.0,6.0,0.0,28.1,0.0,0.0,23.2
1051,350146,35,1,4,48011.2,141286.2,43658.1,136019.0,31.5,831.8,744.0,28690.8,348.4,757.2,1682.1,38992.3,52.6,0.0,53.5,0.0,16460.3,16818.3,20465.3,20837.4,3780.0,29923.0,72.0,0.0,31.5,0.0,0.0,831.8
1052,350147,35,1,4,4328.0,6001.7,3930.5,5488.0,0.0,70.9,0.0,1440.6,0.0,486.7,45.0,1962.0,0.0,0.0,0.0,0.0,553.4,565.9,1014.1,1032.8,2273.0,0.0,45.0,0.0,0.0,0.0,0.0,70.9
1053,350148,35,1,2,36.5,33.7,0.0,0.0,0.0,0.0,0.0,0.0,0.0,0.0,0.0,0.0,0.0,0.0,0.0,0.0,0.0,0.0,0.0,0.0,0.0,0.0,0.0,0.0,0.0,0.0,0.0,0.0
1054,350149,35,1,2,2199.2,8835.9,548.0,7013.5,0.0,148.1,0.0,3412.3,0.0,5.2,6.0,3055.0,0.0,0.0,0.0,0.0,491.4,496.6,44.6,44.3,0.0,0.0,6.0,0.0,0.0,0.0,0.0,148.1
1055,350150,35,1,2,1975.6,7389.7,811.0,6047.8,0.0,147.7,0.0,2396.9,0.0,292.0,21.0,2586.9,0.0,0.0,0.0,0.0,445.3,450.0,323.7,322.0,0.0,0.0,21.0,0.0,0.0,0.0,0.0,147.7
1056,350151,35,1,3,1296.2,4663.4,710.0,3928.8,0.0,76.9,0.0,1595.8,0.0,202.4,69.0,1550.6,0.0,0.0,0.0,0.0,309.7,315.4,262.2,264.6,0.0,0.0,69.0,0.0,0.0,0.0,0.0,76.9
1057,350152,35,1,3,684.7,2197.0,361.9,1807.1,0.0,35.8,0.0,747.7,0.0,107.4,29.0,642.4,0.0,0.0,0.0,0.0,151.1,154.2,152.8,155.4,0.0,0.0,29.0,0.0,0.0,0.0,0.0,35.8
1058,350153,35,1,3,891.3,2789.1,605.3,2425.7,0.0,59.1,0.0,744.3,0.0,235.4,16.0,861.0,0.0,0.0,0.0,0.0,209.8,214.1,363.5,370.8,0.0,0.0,16.0,0.0,0.0,0.0,0.0,59.1
1059,350154,35,1,3,914.8,3115.0,639.1,2670.2,0.4,59.3,5.8,1005.8,3.0,49.3,121.6,1204.6,0.8,0.0,0.8,0.0,198.7,203.1,203.3,207.5,0.0,0.0,105.0,0.0,0.4,0.0,0.0,59.3
1060,350155,35,1,4,3917.6,1772.0,3781.8,1617.1,46.5,38.3,727.9,5.3,386.3,0.0,2094.8,1289.0,110.0,0.0,112.4,0.0,88.8,90.6,227.5,232.2,11.0,0.0,23.0,0.0,46.5,0.0,0.0,38.3
1061,350156,35,1,3,4713.6,3313.0,4521.4,3065.3,50.3,57.9,756.9,297.4,415.1,90.4,2355.3,1492.2,156.6,587.9,160.2,0.0,186.6,190.9,397.7,406.5,53.0,0.0,40.0,0.0,50.3,0.0,0.0,57.9
1062,350157,35,1,4,2611.3,1182.3,2504.2,1069.2,28.5,22.4,442.8,25.1,245.4,28.0,1360.9,748.4,90.2,0.0,92.3,0.0,74.1,75.7,187.5,192.0,1.0,0.0,10.0,0.0,28.5,0.0,0.0,22.4
1063,350158,35,1,3,2920.2,1277.8,2789.0,1131.0,32.3,25.7,463.1,75.3,264.4,20.6,1510.3,751.0,122.6,0.0,125.4,0.0,84.8,86.8,192.4,197.3,10.0,0.0,16.0,0.0,32.3,0.0,0.0,25.7
1064,350159,35,1,4,2442.5,2084.8,2278.0,1904.3,26.4,29.3,447.1,178.0,222.6,0.0,1141.9,959.0,50.2,445.4,51.6,0.0,111.9,114.7,201.6,207.2,38.0,0.0,13.0,0.0,26.4,0.0,0.0,29.3
1065,350160,35,1,4,1758.0,1556.7,1590.5,1373.1,18.4,27.0,305.6,141.7,160.4,40.0,773.0,915.8,31.4,0.0,32.4,0.0,87.0,89.2,180.6,186.4,11.0,0.0,9.0,0.0,18.4,0.0,0.0,27.0
1066,350161,35,1,5,5765.6,7501.6,5212.0,6815.1,49.3,126.8,839.1,1210.8,442.6,413.5,2137.9,3616.8,84.3,0.0,85.9,0.0,488.4,501.9,1037.9,1072.1,46.0,0.0,50.0,0.0,49.3,0.0,0.0,126.8
1067,350162,35,1,5,3342.6,5220.1,2993.8,4761.7,6.7,80.9,121.1,726.8,56.4,486.5,316.7,1034.9,10.4,0.0,10.9,0.0,772.2,794.2,1665.1,1719.3,7.0,0.0,34.0,0.0,6.7,0.0,0.0,80.9
1068,350163,35,1,5,74.8,61.3,20.0,0.0,0.0,0.0,0.0,0.0,0.0,0.0,10.0,0.0,0.0,0.0,0.0,0.0,0.0,0.0,0.0,0.0,0.0,0.0,10.0,0.0,0.0,0.0,0.0,0.0
1069,350164,35,1,5,4855.7,5225.2,4464.3,4749.8,38.3,85.8,657.1,944.9,347.7,422.3,1672.3,1738.2,66.5,0.0,67.8,0.0,488.3,502.3,1104.6,1142.1,26.0,0.0,34.0,0.0,38.3,0.0,0.0,85.8
1070,350165,35,1,5,3515.4,5605.7,3185.6,5105.9,19.1,88.7,335.6,804.1,185.4,399.1,873.4,2199.6,17.1,0.0,17.7,0.0,521.4,536.3,1129.1,1166.9,9.0,0.0,97.0,0.0,19.1,0.0,0.0,88.7
1071,350166,35,1,5,2665.6,4132.5,2361.6,3737.8,17.4,69.6,303.8,593.1,153.4,312.9,770.6,1764.0,25.4,0.0,26.2,0.0,322.5,332.3,710.7,735.4,11.0,0.0,38.0,0.0,17.4,0.0,0.0,69.6
1072,350167,35,1,5,3788.6,4780.9,3489.7,4361.1,19.8,76.0,352.6,799.9,178.1,364.2,905.0,1210.2,26.4,0.0,27.1,0.0,609.5,627.2,1313.9,1359.5,13.0,0.0,64.0,0.0,19.8,0.0,0.0,76.0
1073,350168,35,1,5,2879.8,3222.2,2643.5,2947.5,27.3,49.2,485.7,441.0,268.3,62.4,1136.5,1738.4,24.8,0.0,25.5,0.0,223.7,230.3,459.9,475.4,5.0,0.0,14.0,0.0,27.3,0.0,0.0,49.2
1074,350169,35,1,5,1933.9,2795.7,1754.2,2508.4,4.1,43.9,71.8,370.0,36.4,255.0,243.6,532.9,5.8,0.0,6.0,0.0,417.7,430.8,888.0,919.6,15.0,0.0,70.0,0.0,4.1,0.0,0.0,43.9
1075,350170,35,1,5,4535.2,8191.7,3976.6,7416.5,2.5,124.3,45.3,1389.5,22.5,828.9,205.6,1477.2,4.2,0.0,4.5,0.0,1160.1,1194.9,2440.3,2526.0,0.0,0.0,94.0,0.0,2.5,0.0,0.0,124.3
1076,350171,35,1,5,3605.0,8839.9,3025.3,8105.4,0.0,116.4,0.0,2364.6,0.0,579.3,38.0,2119.9,0.0,0.0,0.0,0.0,1051.8,1081.6,1897.5,1960.0,0.0,0.0,38.0,0.0,0.0,0.0,0.0,116.4
1077,350172,35,1,5,5819.4,10582.1,5094.6,9583.4,20.9,131.1,390.1,2228.6,240.5,607.4,1109.0,3508.3,22.4,0.0,23.1,0.0,1041.4,1070.9,2099.2,2168.2,11.0,0.0,158.0,0.0,20.9,0.0,0.0,131.1
1078,350173,35,1,5,2077.7,4332.6,1749.3,3913.1,0.0,50.3,0.0,1050.3,0.0,326.2,44.0,823.8,0.0,0.0,0.0,0.0,542.8,557.9,1118.5,1155.0,0.0,0.0,44.0,0.0,0.0,0.0,0.0,50.3
1079,350174,35,1,5,6996.8,13711.5,6055.0,12541.7,4.9,179.1,87.9,3200.2,54.5,1220.0,261.0,2350.4,3.5,0.0,3.7,0.0,1826.7,1878.4,3767.7,3892.7,2.0,0.0,48.0,0.0,4.9,0.0,0.0,179.1
1080,350175,35,1,5,3314.6,10340.2,2472.8,9263.8,0.0,125.9,0.0,2473.0,0.0,445.9,105.0,4010.9,0.0,0.0,0.0,0.0,794.1,816.7,1468.6,1517.2,0.0,0.0,105.0,0.0,0.0,0.0,0.0,125.9
1081,350176,35,1,5,2697.3,7492.6,2107.5,6778.7,0.0,87.3,0.0,2134.2,0.0,432.6,38.0,2203.0,0.0,0.0,0.0,0.0,666.9,686.2,1280.6,1322.6,84.0,0.0,38.0,0.0,0.0,0.0,0.0,87.3
1082,350177,35,1,5,3521.2,10311.7,2863.0,9473.2,7.7,157.2,131.7,3617.9,80.0,194.4,345.8,3324.9,6.0,0.0,6.3,0.0,974.5,1004.9,1284.7,1331.1,6.0,0.0,28.0,0.0,7.7,0.0,0.0,157.2
1083,350178,35,1,5,3268.8,5747.5,2845.1,5221.2,15.9,84.1,294.8,1268.7,150.5,397.1,718.3,1900.9,20.4,0.0,21.1,0.0,500.8,516.8,1098.2,1137.6,7.0,0.0,34.0,0.0,15.9,0.0,0.0,84.1
1084,350179,35,1,5,6633.8,10126.6,6145.0,9489.3,28.1,150.6,523.2,1517.1,266.6,1854.5,1259.5,2033.0,42.5,0.0,43.5,0.0,1057.6,1090.1,2893.2,2994.6,33.0,0.0,26.0,0.0,28.1,0.0,0.0,150.6
1085,350180,35,1,5,2459.7,5136.6,2126.9,4713.7,8.5,76.9,158.0,1230.5,73.5,236.8,384.4,1755.7,12.7,0.0,13.3,0.0,538.0,554.8,903.2,935.9,24.0,0.0,20.0,0.0,8.5,0.0,0.0,76.9
1086,350181,35,1,5,3907.6,6490.1,3428.4,5918.3,18.8,92.9,354.1,1163.6,175.2,419.7,828.0,2284.8,24.0,0.0,24.8,0.0,650.3,670.1,1332.9,1380.1,25.0,0.0,14.0,0.0,18.8,0.0,0.0,92.9
1087,350182,35,1,5,1970.6,5450.0,1559.1,4965.8,10.8,74.0,213.7,1716.4,100.7,158.1,480.7,2348.5,13.2,0.0,13.8,0.0,269.2,277.3,449.8,465.5,9.0,0.0,9.0,0.0,10.8,0.0,0.0,74.0
1088,350183,35,1,5,1781.2,3142.8,1539.0,2855.1,7.4,46.5,115.9,704.4,56.3,109.9,378.5,1337.9,29.1,23.8,30.0,0.0,236.4,243.5,420.9,435.6,266.0,0.0,6.0,0.0,7.4,0.0,0.0,46.5
1089,350184,35,1,5,2278.8,2440.3,2095.6,2236.0,20.7,35.4,393.6,244.1,191.2,128.3,905.6,1324.8,27.0,0.0,27.9,0.0,153.5,158.0,367.8,380.8,23.0,0.0,6.0,0.0,20.7,0.0,0.0,35.4
1090,350185,35,1,5,3364.1,4397.3,3032.8,4001.9,22.7,59.4,449.4,598.0,209.6,248.1,1017.3,1878.7,29.6,0.0,30.6,0.0,391.0,403.3,844.3,873.8,36.0,0.0,25.0,0.0,22.7,0.0,0.0,59.4
1091,350186,35,1,5,3655.2,3433.7,3431.3,3168.3,30.1,52.4,561.8,265.9,286.3,230.8,1281.7,1557.2,43.3,0.0,44.5,0.0,317.1,327.0,760.4,787.4,120.0,0.0,16.0,0.0,30.1,0.0,0.0,52.4
1092,350187,35,1,5,3121.9,4192.0,2877.4,3888.1,16.8,62.1,315.8,508.0,162.5,678.1,750.4,1105.9,23.2,0.0,24.1,0.0,408.3,421.1,1135.0,1175.0,44.0,0.0,14.0,0.0,16.8,0.0,0.0,62.1
1093,350188,35,1,5,2307.6,3304.7,2049.6,3014.6,17.0,44.3,298.8,791.5,174.7,96.9,783.3,1374.0,22.6,0.0,23.4,0.0,280.4,289.0,448.4,463.3,13.0,0.0,5.0,0.0,17.0,0.0,0.0,44.3
1094,350189,35,1,4,5990.6,6554.2,5567.1,6009.4,34.0,109.0,610.3,619.9,310.6,602.1,1416.8,1749.3,46.7,0.0,48.1,0.0,898.6,926.6,2039.1,2111.5,158.0,0.0,39.0,0.0,34.0,0.0,0.0,109.0
1095,350190,35,1,5,2641.5,5540.2,2244.1,5054.3,7.2,80.8,134.6,853.0,69.1,662.8,329.8,1812.2,9.6,0.0,10.1,0.0,497.1,512.1,1174.7,1214.2,5.0,0.0,14.0,0.0,7.2,0.0,0.0,80.8
1096,350191,35,1,4,3269.2,5392.6,2862.2,4915.3,19.8,78.4,343.8,1206.2,194.5,297.1,889.4,1880.1,27.4,0.0,28.3,130.4,465.6,480.5,890.1,921.0,13.0,0.0,10.0,0.0,19.8,0.0,0.0,78.4
1097,350192,35,1,4,4062.5,5213.8,3630.1,4711.9,33.0,83.5,604.4,1240.5,301.8,145.3,1385.8,2160.9,44.9,0.0,46.3,0.0,413.2,426.0,714.6,739.2,104.0,0.0,15.0,0.0,33.0,0.0,0.0,83.5
1098,350193,35,1,4,4441.6,2968.0,4211.8,2726.1,45.6,47.0,803.1,270.4,416.3,32.3,2050.9,1779.8,75.8,0.0,77.6,0.0,198.4,204.5,424.7,439.2,158.0,0.0,7.0,0.0,45.6,0.0,0.0,47.0
1099,350194,35,1,4,4294.4,3390.4,4048.5,3117.5,42.3,51.9,779.3,374.7,394.3,90.1,1844.5,1930.3,61.7,0.0,63.2,0.0,218.7,225.0,481.8,497.3,191.0,0.0,14.0,0.0,42.3,0.0,0.0,51.9
1100,350195,35,1,4,3347.3,1926.0,3187.3,1762.6,36.5,30.3,627.7,88.2,332.7,26.9,1635.9,1267.7,61.3,0.0,62.7,0.0,107.3,110.3,261.6,269.6,91.0,0.0,7.0,0.0,36.5,0.0,0.0,30.3
1101,350196,35,1,4,4741.1,4395.9,4414.5,4011.6,26.4,66.9,451.2,434.1,240.3,448.2,1234.2,867.5,55.6,0.0,57.1,0.0,679.2,698.0,1521.9,1563.9,159.0,0.0,16.0,0.0,26.4,0.0,0.0,66.9
1102,350197,35,1,4,9973.6,27123.3,7541.5,24224.2,35.7,385.8,624.4,12298.6,320.9,125.5,1854.2,7261.4,96.1,8.0,97.9,51.6,2168.7,2220.3,2217.2,2258.8,65.0,0.0,97.0,0.0,35.7,0.0,0.0,385.8
1103,350198,35,1,2,36.3,34.7,0.0,0.0,0.0,0.0,0.0,0.0,0.0,0.0,0.0,0.0,0.0,0.0,0.0,0.0,0.0,0.0,0.0,0.0,0.0,0.0,0.0,0.0,0.0,0.0,0.0,0.0
1104,350199,35,1,3,253.2,851.7,101.7,681.7,0.0,15.7,0.0,209.8,0.0,45.7,2.0,328.5,0.0,0.0,0.0,0.0,46.0,46.4,51.7,51.3,0.0,0.0,2.0,0.0,0.0,0.0,0.0,15.7
1105,350200,35,1,3,1486.3,7498.1,430.4,6271.7,0.0,140.9,0.0,4264.4,0.0,11.5,24.0,1608.1,0.0,0.0,0.0,0.0,351.5,356.9,30.9,30.7,0.0,0.0,24.0,0.0,0.0,0.0,0.0,140.9
1106,350201,35,1,3,1697.4,5585.1,781.8,4537.7,0.0,97.2,0.0,2282.6,0.0,352.1,27.0,1166.1,0.0,0.0,0.0,0.0,407.3,414.2,320.5,322.8,0.0,0.0,27.0,0.0,0.0,0.0,0.0,97.2
1107,350202,35,1,3,681.8,2505.9,223.9,1995.1,0.0,37.8,0.0,1145.2,0.0,12.4,10.0,630.2,0.0,0.0,0.0,0.0,178.9,182.0,25.1,25.2,0.0,0.0,10.0,0.0,0.0,0.0,0.0,37.8
1108,350203,35,1,3,5390.9,2963.8,5169.5,2717.3,64.3,60.9,1043.5,27.7,564.3,7.9,2724.0,2109.7,105.5,0.0,108.0,0.0,160.0,163.7,399.2,408.3,49.0,0.0,16.0,0.0,64.3,0.0,0.0,60.9
1109,350204,35,1,3,4038.8,1453.2,3868.0,1277.2,47.3,28.3,675.9,9.4,383.1,0.0,2163.0,1017.9,177.9,0.0,181.9,0.0,68.8,70.4,175.3,179.6,30.0,0.0,12.0,0.0,47.3,0.0,0.0,28.3
1110,350205,35,1,3,2191.3,1849.4,2016.4,1651.6,23.8,37.4,375.7,259.4,198.3,65.6,977.6,941.0,39.3,0.0,40.4,0.0,120.3,123.4,254.8,262.2,5.0,0.0,5.0,0.0,23.8,0.0,0.0,37.4
1111,350206,35,1,3,2317.4,1838.3,2182.4,1677.8,25.2,35.4,394.2,246.1,217.2,21.3,1051.9,972.7,40.0,0.0,41.1,0.0,155.4,159.3,270.6,278.4,2.0,0.0,10.0,0.0,25.2,0.0,0.0,35.4
1112,350207,35,1,4,1291.0,1444.6,1145.6,1282.3,12.3,25.2,195.5,360.7,106.7,40.8,524.7,602.9,21.2,0.0,22.0,0.0,101.0,103.7,169.5,174.1,1.0,0.0,4.0,0.0,12.3,0.0,0.0,25.2
1113,350208,35,1,4,754.7,401.5,685.9,332.0,8.7,6.7,139.6,8.6,74.3,0.0,374.1,260.8,16.1,0.0,16.6,0.0,16.5,16.8,44.7,45.8,1.0,0.0,3.0,0.0,8.7,0.0,0.0,6.7
1114,350209,35,1,4,1242.7,2484.9,1026.1,2212.3,6.8,43.7,112.6,809.7,58.2,210.2,298.5,662.6,9.4,0.0,9.7,0.0,178.2,182.9,336.5,347.0,3.0,0.0,20.0,0.0,6.8,0.0,0.0,43.7
1115,350210,35,1,4,1869.1,4770.7,1350.4,4156.1,3.1,83.3,52.4,1271.0,27.1,213.2,141.9,1527.6,4.2,0.0,4.3,0.0,431.5,444.4,677.0,699.9,0.0,0.0,12.0,0.0,3.1,0.0,0.0,83.3
1116,350211,35,1,4,1414.8,2169.3,1213.7,1935.0,11.6,41.0,191.9,589.1,100.5,86.8,469.2,831.1,13.7,0.0,14.2,0.0,157.1,161.9,257.1,266.1,7.0,0.0,3.0,0.0,11.6,0.0,0.0,41.0
1117,350212,35,1,4,62.9,232.6,19.0,183.9,0.0,4.2,0.0,58.0,0.0,3.6,2.0,106.9,0.0,0.0,0.0,0.0,6.5,6.7,8.5,8.7,0.0,0.0,2.0,0.0,0.0,0.0,0.0,4.2
1118,350213,35,1,4,1084.0,800.6,999.0,705.6,12.8,16.4,202.7,64.4,110.0,2.6,509.3,507.8,15.4,0.0,16.1,0.0,41.4,42.7,85.1,88.0,13.0,0.0,6.0,0.0,12.8,0.0,0.0,16.4
1119,350214,35,1,4,353.4,944.9,259.7,818.3,0.0,18.2,0.0,317.7,0.0,96.1,17.0,171.9,0.0,0.0,0.0,0.0,86.9,89.4,138.7,143.2,0.0,0.0,17.0,0.0,0.0,0.0,0.0,18.2
1120,350215,35,1,4,410.1,1121.3,305.5,991.7,0.1,21.8,1.3,297.9,1.0,141.7,8.8,252.7,0.0,0.0,0.0,0.0,93.4,96.3,195.9,203.0,0.0,0.0,5.0,0.0,0.1,0.0,0.0,21.8
1121,350216,35,1,4,721.8,1058.3,642.0,944.0,0.0,20.3,0.0,147.0,0.0,110.1,16.0,56.4,0.0,0.0,0.0,0.0,195.7,201.7,414.3,428.8,0.0,0.0,16.0,0.0,0.0,0.0,0.0,20.3
1122,350217,35,1,4,3645.3,2701.7,3447.1,2477.6,40.3,55.5,645.7,109.0,349.8,107.2,1602.0,1497.3,49.7,0.0,51.0,0.0,216.8,223.5,522.1,540.5,3.0,0.0,7.0,0.0,40.3,0.0,0.0,55.5
1123,350218,35,1,4,878.4,2197.9,728.7,1992.0,0.0,44.0,0.0,498.7,0.0,314.5,15.0,456.7,0.0,0.0,0.0,0.0,215.2,221.8,483.6,500.3,0.0,0.0,15.0,0.0,0.0,0.0,0.0,44.0
1124,350219,35,1,4,1921.0,2832.4,1686.5,2545.9,15.9,53.6,262.5,534.4,135.8,86.8,656.5,1340.0,21.1,18.0,21.8,0.0,194.7,200.5,353.1,366.2,28.0,0.0,13.0,0.0,15.9,0.0,0.0,53.6
1125,350220,35,1,4,1637.0,2391.1,1444.6,2138.4,11.1,45.9,180.4,323.0,93.5,159.6,470.6,1001.9,15.1,0.0,15.6,0.0,204.5,210.8,427.8,443.1,12.0,0.0,25.0,0.0,11.1,0.0,0.0,45.9
1126,350221,35,1,5,1350.2,2984.6,1175.4,2710.7,0.1,53.9,1.3,532.6,1.1,347.3,52.6,721.8,0.1,0.0,0.2,0.0,328.5,338.4,744.5,770.5,0.0,0.0,47.0,0.0,0.1,0.0,0.0,53.9
1127,350222,35,1,5,2751.2,4249.9,2542.3,3870.9,8.1,74.9,133.8,526.9,72.9,495.7,437.7,1022.9,10.3,0.0,10.8,0.0,537.8,553.7,1228.8,1271.7,7.0,0.0,103.0,0.0,8.1,0.0,0.0,74.9
1128,350223,35,1,4,3334.9,3782.2,3135.3,3521.6,25.6,76.5,416.6,207.7,215.6,730.6,1048.7,1210.3,39.7,0.0,40.8,0.0,307.4,317.3,1017.5,1055.7,40.0,0.0,9.0,0.0,25.6,0.0,0.0,76.5
1129,350224,35,1,4,561.9,1225.3,519.7,1102.2,0.8,23.8,11.9,161.6,6.3,174.7,89.9,403.7,0.8,0.0,0.8,0.0,95.9,98.8,254.0,263.5,0.0,0.0,60.0,0.0,0.8,0.0,0.0,23.8
1130,350225,35,1,5,3433.7,5171.4,3125.9,4708.4,18.0,91.6,305.8,605.0,156.6,524.2,831.7,1826.6,26.8,0.0,27.4,0.0,508.2,523.2,1187.4,1229.3,4.0,0.0,78.0,0.0,18.0,0.0,0.0,91.6
1131,350226,35,1,5,3554.6,7878.4,3046.4,7146.2,0.0,134.2,0.0,1280.0,0.0,932.0,88.0,1966.9,0.0,0.0,0.0,0.0,883.5,910.5,1986.8,2056.8,0.0,0.0,88.0,0.0,0.0,0.0,0.0,134.2
1132,350227,35,1,4,2433.4,3254.8,2242.7,3008.8,16.6,65.0,270.7,217.9,146.7,652.8,677.0,1007.7,20.6,0.0,21.3,0.0,251.4,259.2,839.0,871.1,9.0,0.0,7.0,0.0,16.6,0.0,0.0,65.0
1133,350228,35,1,4,880.3,2708.5,655.9,2428.1,0.0,49.9,0.0,706.9,0.0,128.6,7.0,927.6,0.0,0.0,0.0,0.0,248.0,255.9,393.8,409.0,0.0,0.0,7.0,0.0,0.0,0.0,0.0,49.9
1134,350229,35,1,5,1996.3,2594.8,1927.6,2349.7,0.0,43.3,0.0,334.4,0.0,288.7,133.0,8.3,0.0,0.0,0.0,0.0,531.4,547.3,1130.3,1171.0,0.0,0.0,133.0,0.0,0.0,0.0,0.0,43.3
1135,350230,35,1,5,81.4,61.0,34.0,0.0,0.0,0.0,0.0,0.0,0.0,0.0,17.0,0.0,0.0,0.0,0.0,0.0,0.0,0.0,0.0,0.0,0.0,0.0,17.0,0.0,0.0,0.0,0.0,0.0
1136,350231,35,1,4,2012.1,3436.0,1785.4,3126.2,0.0,64.6,0.0,500.5,0.0,516.1,19.0,297.8,0.0,0.0,0.0,0.0,529.0,546.6,1218.3,1265.2,0.0,0.0,19.0,0.0,0.0,0.0,0.0,64.6
1137,350232,35,1,4,3218.0,3032.1,3043.1,2799.4,30.5,59.5,506.6,150.0,259.4,365.7,1269.9,1385.7,42.3,0.0,43.5,0.0,217.8,224.8,648.6,673.3,28.0,0.0,27.0,0.0,30.5,0.0,0.0,59.5
1138,350233,35,1,5,4751.7,6312.5,4488.9,5718.0,0.0,105.4,0.0,809.6,0.0,702.1,223.0,24.2,0.0,0.0,0.0,0.0,1292.4,1331.9,2750.5,2850.1,0.0,0.0,223.0,0.0,0.0,0.0,0.0,105.4
1139,350234,35,1,5,2342.4,7319.1,1857.8,6691.6,0.0,121.2,0.0,2026.6,0.0,415.3,22.0,2373.9,0.0,0.0,0.0,0.0,686.6,707.7,1127.3,1168.1,0.0,0.0,22.0,0.0,0.0,0.0,0.0,121.2
1140,350235,35,1,4,2760.6,5486.7,2441.1,5072.9,12.0,91.9,194.6,826.0,106.5,603.1,497.5,1411.8,14.9,0.0,15.4,583.3,482.7,498.7,1107.6,1150.1,8.0,0.0,14.0,0.0,12.0,0.0,0.0,91.9
1141,350236,35,1,4,1198.6,3270.6,960.4,2965.0,0.0,60.2,0.0,756.9,0.0,291.7,8.0,938.3,0.0,0.0,0.0,0.0,315.6,325.6,628.8,652.5,0.0,0.0,8.0,0.0,0.0,0.0,0.0,60.2
1142,350237,35,1,5,1080.6,2279.6,957.6,2106.1,0.0,40.6,0.0,202.8,0.0,622.9,14.0,317.7,0.0,0.0,0.0,0.0,207.7,214.3,721.8,748.3,0.0,0.0,14.0,0.0,0.0,0.0,0.0,40.6
1143,350238,35,1,5,757.1,2051.4,618.1,1871.2,0.0,32.3,0.0,631.9,0.0,26.7,13.0,600.6,0.0,0.0,0.0,0.0,262.3,270.3,329.8,341.8,0.0,0.0,13.0,0.0,0.0,0.0,0.0,32.3
1144,350239,35,1,4,1438.3,1250.0,1336.9,1132.8,14.6,22.3,238.2,124.2,128.3,66.6,618.6,665.9,24.1,0.0,24.9,0.0,78.5,80.8,188.3,195.3,28.0,0.0,8.0,0.0,14.6,0.0,0.0,22.3
1145,350240,35,1,4,1590.4,2462.1,1401.5,2240.5,12.0,43.0,201.1,538.2,110.4,70.8,499.0,1056.1,14.6,0.0,15.2,0.0,213.9,220.6,342.3,354.8,3.0,0.0,2.0,0.0,12.0,0.0,0.0,43.0
1146,350241,35,1,4,2053.2,3806.6,1832.5,3520.2,13.1,67.9,235.8,861.4,111.6,53.3,539.1,1682.9,15.5,0.0,16.1,0.0,353.1,364.7,538.3,557.9,15.0,0.0,8.0,0.0,13.1,0.0,0.0,67.9
1147,350242,35,1,5,764.8,12101.8,702.4,12030.6,0.0,6.6,0.0,267.4,0.0,0.0,6.0,11049.9,0.0,0.0,0.0,0.0,471.6,486.9,218.7,226.5,0.0,0.0,6.0,0.0,0.0,0.0,0.0,6.6
1148,350243,35,1,4,3069.2,1760.3,2930.3,1616.1,35.9,32.0,575.1,29.0,309.1,12.2,1527.3,1218.4,66.4,0.0,68.0,0.0,98.7,101.8,245.7,254.8,34.0,0.0,6.0,0.0,35.9,0.0,0.0,32.0
1149,350244,35,1,4,617.5,334.4,574.8,291.0,6.9,5.7,111.8,0.5,61.7,0.0,297.2,232.6,12.5,0.0,13.1,0.0,15.3,15.6,41.1,42.4,20.0,0.0,2.0,0.0,6.9,0.0,0.0,5.7
1150,350245,35,1,4,1483.3,1870.8,1389.4,1740.0,14.7,33.8,263.8,310.8,123.8,16.2,611.6,1091.0,18.2,0.0,18.9,0.0,95.0,98.1,216.2,223.9,26.0,0.0,16.0,0.0,14.7,0.0,0.0,33.8
1151,350246,35,1,5,2283.7,5581.8,1825.8,5028.5,6.8,85.3,101.4,1249.5,50.4,92.2,341.5,2390.9,25.5,0.0,26.5,0.0,507.0,522.6,746.6,773.3,16.0,0.0,11.0,0.0,6.8,0.0,0.0,85.3
1152,350247,35,1,4,1851.9,1366.0,1741.1,1239.5,19.7,24.1,334.0,62.7,178.5,27.7,785.5,797.4,22.7,0.0,23.4,0.0,102.7,105.9,237.3,245.8,47.0,0.0,10.0,0.0,19.7,0.0,0.0,24.1
1153,350248,35,1,4,2980.7,2089.7,2820.3,1914.7,32.7,37.5,553.3,76.3,288.2,98.4,1357.4,1262.8,47.2,0.0,48.4,0.0,125.4,129.2,336.3,348.0,56.0,0.0,8.0,0.0,32.7,0.0,0.0,37.5
1154,350249,35,1,4,1129.3,888.5,1037.4,790.0,11.6,15.5,196.1,50.3,102.6,17.6,479.8,510.5,15.9,0.0,16.5,0.0,63.4,65.3,141.1,146.2,19.0,0.0,3.0,0.0,11.6,0.0,0.0,15.5
1155,350250,35,1,4,2318.7,3009.6,2069.8,2720.0,21.1,51.4,361.8,480.4,189.6,87.3,888.3,1594.8,28.1,0.0,29.0,0.0,186.6,192.5,352.4,365.0,25.0,0.0,9.0,0.0,21.1,0.0,0.0,51.4
1156,350251,35,1,4,3921.3,2639.7,3715.3,2416.9,41.6,46.3,715.7,92.1,376.1,61.8,1713.3,1517.6,55.1,0.0,56.4,0.0,216.6,223.2,505.0,522.2,69.0,0.0,8.0,0.0,41.6,0.0,0.0,46.3
1157,350252,35,1,4,4378.6,6620.9,4019.5,6118.4,12.9,121.2,216.6,749.6,113.8,1254.6,562.6,961.3,16.9,0.0,17.4,0.0,823.5,849.7,2222.7,2303.2,12.0,0.0,34.0,0.0,12.9,0.0,0.0,121.2
1158,350253,35,1,4,4641.7,8582.7,4248.6,7995.4,3.8,156.4,64.0,820.3,34.1,2159.3,196.2,995.7,4.8,0.0,5.0,0.0,947.1,977.2,2937.2,3043.0,19.0,0.0,41.0,0.0,3.8,0.0,0.0,156.4
1159,350254,35,1,4,6328.2,6061.4,5916.0,5557.5,53.1,104.6,920.1,644.3,478.2,655.7,2275.0,2198.0,76.2,0.0,78.0,0.0,567.6,584.7,1425.8,1474.8,60.0,0.0,35.0,0.0,53.1,0.0,0.0,104.6
1160,350255,35,1,4,4877.1,5342.0,4406.8,4810.2,45.5,88.2,774.7,1398.0,400.0,32.9,1973.5,2321.4,73.0,0.0,74.8,0.0,406.3,419.4,617.4,638.5,75.0,0.0,12.0,0.0,45.5,0.0,0.0,88.2
1161,350256,35,1,4,6213.1,6925.1,5761.6,6359.9,37.9,116.7,653.8,923.4,337.3,833.0,1672.6,1714.0,59.1,0.0,60.7,0.0,830.4,856.0,1965.7,2033.5,152.0,0.0,30.0,0.0,37.9,0.0,0.0,116.7
1162,350257,35,1,4,5008.3,6575.4,4647.4,6165.5,39.2,72.6,694.8,552.8,340.9,244.4,1715.1,1509.9,69.0,718.7,70.6,1390.2,559.0,575.7,1137.0,1173.7,47.0,0.0,14.0,0.0,39.2,0.0,0.0,72.6
1163,350258,35,1,4,4366.6,2114.2,4201.9,1943.0,43.9,35.1,760.8,10.1,408.8,0.0,1900.4,1534.1,60.3,0.0,62.0,0.0,109.0,111.9,278.6,286.9,611.0,0.0,11.0,0.0,43.9,0.0,0.0,35.1
1164,350259,35,1,4,2953.1,1704.9,2814.0,1554.8,29.6,28.5,516.0,42.3,271.7,34.4,1287.3,1029.2,43.0,0.0,44.2,0.0,128.4,132.1,307.4,316.8,206.0,0.0,10.0,0.0,29.6,0.0,0.0,28.5
1165,350260,35,1,4,3448.8,5381.7,3262.6,5177.1,34.8,41.2,594.4,296.5,320.8,29.9,1549.6,1346.8,57.1,371.8,58.5,2552.7,199.5,205.1,363.6,374.3,110.0,0.0,9.0,0.0,34.8,0.0,0.0,41.2
1166,350261,35,1,4,2506.2,4194.6,2317.7,3966.8,18.5,48.8,304.8,784.4,174.2,0.0,864.5,1222.9,39.4,570.7,40.4,621.2,323.2,332.0,424.1,435.5,139.0,0.0,8.0,0.0,18.5,0.0,0.0,48.8
1167,350262,35,1,4,4294.1,15753.1,2890.8,14080.7,0.0,242.4,0.0,6781.2,0.0,19.4,17.0,4352.2,0.0,0.0,0.0,0.0,1421.8,1458.5,1435.0,1469.5,0.0,0.0,17.0,0.0,0.0,0.0,0.0,242.4
1168,350263,35,1,4,5329.4,2078.4,5152.4,1900.2,52.4,35.4,888.7,5.2,468.6,0.0,2517.2,1504.6,132.2,0.0,135.1,0.0,107.1,109.5,274.6,280.9,616.0,0.0,13.0,0.0,52.4,0.0,0.0,35.4
1169,350264,35,1,4,219.9,732.0,73.7,571.7,0.0,9.7,0.0,106.0,0.0,15.4,4.0,383.7,0.0,0.0,0.0,0.0,29.0,29.5,36.6,37.0,0.0,0.0,4.0,0.0,0.0,0.0,0.0,9.7
1170,350265,35,1,2,79.1,204.2,34.4,159.5,0.0,3.8,0.0,29.6,0.0,25.5,0.0,70.3,0.0,0.0,0.0,0.0,9.3,9.4,25.0,24.7,0.0,0.0,0.0,0.0,0.0,0.0,0.0,3.8
1171,350266,35,1,3,732.5,2418.1,455.6,2085.0,0.0,50.9,0.0,754.5,0.0,281.5,4.0,601.5,0.0,0.0,0.0,0.0,183.2,185.1,264.4,262.4,0.0,0.0,4.0,0.0,0.0,0.0,0.0,50.9
1172,350267,35,1,3,70.7,70.1,2.0,0.0,0.0,0.0,0.0,0.0,0.0,0.0,1.0,0.0,0.0,0.0,0.0,0.0,0.0,0.0,0.0,0.0,0.0,0.0,1.0,0.0,0.0,0.0,0.0,0.0
1173,350268,35,1,4,1886.8,6135.0,963.6,5078.6,0.0,107.2,0.0,2404.2,0.0,524.1,25.0,1226.2,0.0,0.0,0.0,0.0,455.1,462.5,458.5,461.6,0.0,0.0,25.0,0.0,0.0,0.0,0.0,107.2
1174,350269,35,1,4,1771.8,6735.0,703.4,5523.1,0.0,103.5,0.0,3029.6,0.0,134.4,36.0,1717.9,0.0,0.0,0.0,0.0,464.8,473.0,166.5,168.2,0.0,0.0,36.0,0.0,0.0,0.0,0.0,103.5
1175,350270,35,1,3,1268.8,4142.0,686.7,3468.4,0.0,74.1,0.0,1476.6,0.0,246.1,13.0,1073.5,0.0,0.0,0.0,0.0,315.4,322.1,345.4,350.2,0.0,0.0,13.0,0.0,0.0,0.0,0.0,74.1
1176,350271,35,1,4,651.1,1648.5,427.4,1375.7,0.0,29.4,0.0,748.9,0.0,225.2,23.0,13.2,0.0,0.0,0.0,0.0,163.4,166.6,218.0,221.7,0.0,0.0,23.0,0.0,0.0,0.0,0.0,29.4
1177,350272,35,1,4,2463.0,6901.3,1956.4,6305.0,10.1,85.8,157.8,1087.9,84.4,376.7,480.0,1578.6,32.2,1481.2,33.1,602.1,409.0,417.9,745.9,760.6,0.0,0.0,14.0,0.0,10.1,0.0,0.0,85.8
1178,350273,35,1,4,5315.6,3805.1,5056.2,3507.0,57.3,59.7,864.9,424.0,476.1,103.0,2664.9,1730.8,185.0,481.8,188.9,120.3,202.0,206.6,431.3,440.5,8.0,0.0,35.0,0.0,57.3,0.0,0.0,59.7
1179,350274,35,1,3,4286.7,1863.5,4102.7,1673.3,49.7,36.8,739.8,53.3,414.0,32.9,2271.8,1231.6,157.8,0.0,161.2,0.0,99.0,100.9,249.1,254.6,1.0,0.0,9.0,0.0,49.7,0.0,0.0,36.8
1180,350275,35,1,3,5326.6,2064.1,5131.9,1853.6,63.4,39.8,940.6,5.1,505.1,0.0,2846.3,1480.5,195.3,0.0,199.4,0.0,100.7,102.9,258.5,265.0,58.0,0.0,28.0,0.0,63.4,0.0,0.0,39.8
1181,350276,35,1,3,2161.3,1492.9,2046.7,1360.7,23.5,20.1,334.1,109.7,189.4,0.0,1083.7,592.1,89.5,437.4,91.8,0.0,77.6,79.4,138.5,142.0,28.0,0.0,14.0,0.0,23.5,0.0,0.0,20.1
1182,350277,35,1,3,1212.5,1208.7,1116.6,1090.4,8.9,23.5,122.2,94.7,74.0,278.9,406.4,267.5,32.4,0.0,33.5,0.0,99.7,102.3,337.3,347.0,5.0,0.0,6.0,0.0,8.9,0.0,0.0,23.5
1183,350278,35,1,4,1653.8,1084.5,1480.9,908.9,17.8,17.6,255.7,349.9,147.5,5.4,803.9,409.0,64.3,0.0,65.7,0.0,67.4,69.1,73.4,75.4,1.0,0.0,2.0,0.0,17.8,0.0,0.0,17.6
1184,350279,35,1,4,1105.7,1141.7,987.7,1010.3,9.2,20.3,145.0,193.0,79.1,83.8,388.3,383.0,15.7,0.0,16.2,0.0,111.5,114.5,229.0,236.0,1.0,0.0,2.0,0.0,9.2,0.0,0.0,20.3
1185,350280,35,1,4,419.0,1393.3,135.7,1087.4,0.0,21.0,0.0,796.3,0.0,5.6,3.0,152.2,0.0,0.0,0.0,0.0,121.2,124.6,8.4,8.7,0.0,0.0,3.0,0.0,0.0,0.0,0.0,21.0
1186,350281,35,1,4,1422.3,2956.7,1217.3,2691.1,1.6,61.1,23.8,443.3,11.9,757.1,66.2,347.6,2.7,0.0,2.9,0.0,267.7,275.6,838.0,867.4,0.0,0.0,4.0,0.0,1.6,0.0,0.0,61.1
1187,350282,35,1,4,722.7,2077.3,516.0,1826.6,0.0,39.8,0.0,572.2,0.0,220.0,8.0,520.0,0.0,0.0,0.0,0.0,174.4,178.9,325.6,335.5,0.0,0.0,8.0,0.0,0.0,0.0,0.0,39.8
1188,350283,35,1,4,3717.3,6294.5,3318.8,5758.7,18.0,126.3,276.9,835.0,144.4,1064.2,746.7,1739.7,29.6,0.0,30.5,0.0,541.8,557.5,1509.8,1562.2,11.0,0.0,28.0,0.0,18.0,0.0,0.0,126.3
1189,350284,35,1,4,766.0,1587.1,585.6,1379.1,4.9,28.6,77.0,229.4,38.6,82.9,205.7,820.8,8.3,0.0,8.7,0.0,84.0,86.2,154.3,159.7,3.0,0.0,6.0,0.0,4.9,0.0,0.0,28.6
1190,350285,35,1,4,6570.7,5047.9,6161.7,4590.6,61.7,94.4,1003.1,449.1,501.9,270.7,2584.3,1993.9,108.4,0.0,110.7,0.0,572.0,589.7,1242.3,1287.2,29.0,0.0,10.0,0.0,61.7,0.0,0.0,94.4
1191,350286,35,1,4,2341.2,1443.9,2215.4,1300.9,26.9,26.1,432.0,99.5,215.6,38.4,1128.4,873.4,47.6,0.0,48.7,0.0,81.3,83.8,198.8,205.8,45.0,0.0,18.0,0.0,26.9,0.0,0.0,26.1
1192,350287,35,1,4,3592.2,6723.5,3188.0,6191.5,15.6,119.2,249.2,1185.6,124.3,851.3,665.8,1656.6,27.6,0.0,28.5,364.5,621.2,640.2,1440.4,1493.2,7.0,0.0,24.0,0.0,15.6,0.0,0.0,119.2
1193,350288,35,1,4,4172.5,6169.9,3817.5,5699.8,20.3,118.5,324.2,558.1,161.8,1302.2,860.2,1381.3,38.0,0.0,39.1,0.0,591.5,610.0,1781.7,1848.1,4.0,0.0,17.0,0.0,20.3,0.0,0.0,118.5
1194,350289,35,1,4,7175.0,7621.2,6655.5,7013.9,61.6,126.9,1019.3,565.8,507.6,860.8,2583.4,2640.1,113.7,599.1,116.3,0.0,624.7,644.3,1642.6,1703.7,28.0,0.0,20.0,0.0,61.6,0.0,0.0,126.9
1195,350290,35,1,4,5824.1,4219.9,5464.1,3833.7,60.0,72.8,1005.8,399.1,514.0,141.1,2569.7,2152.4,103.5,0.0,105.7,0.0,345.9,357.0,756.3,784.1,53.0,0.0,10.0,0.0,60.0,0.0,0.0,72.8
1196,350291,35,1,4,126.5,279.2,63.4,205.4,0.0,4.0,0.0,58.4,0.0,0.0,9.0,100.3,0.0,0.0,0.0,0.0,21.2,21.9,24.2,24.8,0.0,0.0,9.0,0.0,0.0,0.0,0.0,4.0
1197,350292,35,1,4,5562.7,3963.5,5235.8,3604.2,53.4,67.5,926.9,236.7,465.0,196.5,2315.7,1839.8,91.8,0.0,93.9,0.0,390.2,402.2,898.3,929.0,41.0,0.0,13.0,0.0,53.4,0.0,0.0,67.5
1198,350293,35,1,3,5688.0,3375.4,5401.6,3059.0,61.6,62.7,1016.8,189.0,519.5,211.8,2697.3,1809.1,130.6,0.0,133.7,0.0,223.6,230.4,599.1,618.7,66.0,0.0,15.0,0.0,61.6,0.0,0.0,62.7
1199,350294,35,1,3,2161.4,1054.2,1990.0,867.0,24.1,17.4,409.5,10.5,212.0,19.2,1033.0,644.5,45.4,0.0,46.5,0.0,50.0,51.4,137.6,141.5,52.0,0.0,4.0,0.0,24.1,0.0,0.0,17.4
1200,350295,35,1,3,3362.7,1458.9,3124.1,1195.6,36.5,23.4,648.9,12.1,311.0,3.0,1607.3,931.9,85.5,0.0,87.4,0.0,67.8,69.5,174.1,179.1,132.0,0.0,10.0,0.0,36.5,0.0,0.0,23.4
1201,350296,35,1,3,2932.2,2232.8,2769.9,2010.3,30.8,26.3,546.9,73.2,273.6,11.1,1409.4,913.1,61.8,670.2,63.3,0.0,105.2,108.0,228.6,234.7,35.0,0.0,46.0,0.0,30.8,0.0,0.0,26.3
1202,350297,35,1,4,1315.0,649.8,1171.2,497.7,13.7,9.0,249.4,0.6,125.9,0.0,622.7,396.5,26.7,0.0,27.4,0.0,27.1,27.6,71.1,72.9,17.0,0.0,4.0,0.0,13.7,0.0,0.0,9.0
1203,350298,35,1,4,5249.0,2318.0,4949.6,2020.6,56.1,37.4,1018.3,64.3,488.0,17.9,2595.7,1467.5,147.7,0.0,150.9,0.0,134.3,137.6,325.7,333.4,79.0,0.0,10.0,0.0,56.1,0.0,0.0,37.4
1204,350299,35,1,3,4840.9,3496.3,4615.3,3232.3,50.8,54.0,890.2,171.7,467.3,68.8,2337.7,1777.4,96.2,591.6,98.6,0.0,182.2,187.0,426.2,435.8,94.0,0.0,23.0,0.0,50.8,0.0,0.0,54.0
1205,350300,35,1,3,3303.9,3135.5,3014.6,2793.1,22.1,54.4,373.6,296.2,211.0,196.1,1043.2,1038.5,49.3,0.0,50.6,0.0,398.8,409.2,835.1,853.1,42.0,0.0,11.0,0.0,22.1,0.0,0.0,54.4
1206,350301,35,1,3,8231.2,3699.5,7855.8,3307.2,88.6,59.4,1699.9,11.9,879.5,0.0,4180.9,2617.6,171.3,0.0,174.9,0.0,186.4,190.8,476.9,486.9,63.0,0.0,23.0,0.0,88.6,0.0,0.0,59.4
1207,350302,35,1,2,189.7,690.0,86.3,575.1,0.0,14.6,0.0,199.9,0.0,26.8,1.0,264.4,0.0,0.0,0.0,0.0,42.8,43.2,41.6,40.9,0.0,0.0,1.0,0.0,0.0,0.0,0.0,14.6
1208,350303,35,1,2,36.1,34.2,0.0,0.0,0.0,0.0,0.0,0.0,0.0,0.0,0.0,0.0,0.0,0.0,0.0,0.0,0.0,0.0,0.0,0.0,0.0,0.0,0.0,0.0,0.0,0.0,0.0,0.0
1209,350304,35,1,2,59.2,135.6,19.0,96.3,0.0,2.5,0.0,27.5,0.0,8.8,0.0,41.2,0.0,0.0,0.0,0.0,6.8,6.8,12.1,11.9,0.0,0.0,0.0,0.0,0.0,0.0,0.0,2.5
1210,350305,35,1,3,366.4,1376.0,205.8,1186.3,0.0,28.9,0.0,298.0,0.0,106.6,1.0,578.2,0.0,0.0,0.0,0.0,82.2,82.9,121.6,120.7,0.0,0.0,1.0,0.0,0.0,0.0,0.0,28.9
1211,350306,35,1,3,5973.2,19968.1,3092.5,16669.2,0.0,378.2,0.0,7486.1,0.0,2008.1,25.0,4128.0,0.0,0.0,0.0,0.0,1453.2,1470.1,1589.3,1576.9,0.0,0.0,25.0,0.0,0.0,0.0,0.0,378.2
1212,350307,35,1,4,4811.3,17313.7,2406.0,14529.9,0.0,288.7,0.0,6028.9,0.0,1103.2,83.0,5141.7,0.0,0.0,0.0,0.0,1138.1,1153.5,1101.8,1102.7,0.0,0.0,83.0,0.0,0.0,0.0,0.0,288.7
1213,350308,35,1,4,12416.0,34774.1,8940.8,30496.3,0.0,634.3,0.0,10367.0,0.0,2728.9,145.0,8676.0,0.0,0.0,0.0,0.0,3443.3,3496.6,5207.5,5227.8,0.0,0.0,145.0,0.0,0.0,0.0,0.0,634.3
1214,350309,35,1,4,2761.7,9351.1,1400.1,7789.9,0.0,171.8,0.0,4307.6,0.0,334.9,22.0,1772.3,0.0,0.0,0.0,0.0,827.3,841.3,528.8,533.9,0.0,0.0,22.0,0.0,0.0,0.0,0.0,171.8
1215,350310,35,1,4,1385.3,3678.4,370.8,2594.2,0.0,52.9,0.0,1427.6,0.0,114.8,13.0,700.6,0.0,0.0,0.0,0.0,225.1,229.7,119.7,121.5,0.0,0.0,13.0,0.0,0.0,0.0,0.0,52.9
1216,350311,35,1,4,3048.5,7675.1,2123.3,6564.8,8.4,141.4,124.5,3037.3,67.1,594.8,420.3,1497.3,26.5,0.0,27.4,0.0,645.5,658.7,764.0,776.7,0.0,0.0,48.0,0.0,8.4,0.0,0.0,141.4
1217,350312,35,1,4,6323.1,8565.1,5648.2,7721.4,42.1,175.2,571.5,1659.6,333.7,858.8,1966.1,2795.1,181.4,0.0,185.0,0.0,749.3,765.8,1610.2,1642.1,17.0,0.0,34.0,0.0,42.1,0.0,0.0,175.2
1218,350313,35,1,4,4009.5,3592.7,3827.6,3413.5,43.4,33.1,602.2,200.2,363.4,2.6,2067.5,1024.5,191.3,811.5,195.4,997.2,133.6,136.5,236.1,241.0,28.0,0.0,10.0,0.0,43.4,0.0,0.0,33.1
1219,350314,35,1,4,4760.9,1650.4,4581.6,1473.7,53.1,29.9,735.9,46.2,441.8,45.8,2527.4,1054.3,237.0,0.0,241.7,0.0,87.3,89.2,232.4,238.1,57.0,0.0,21.0,0.0,53.1,0.0,0.0,29.9
1220,350315,35,1,4,3230.3,1611.7,3084.5,1464.5,35.4,29.6,507.2,73.6,281.5,81.8,1605.3,863.9,122.8,0.0,125.4,0.0,125.6,128.6,308.7,316.7,2.0,0.0,6.0,0.0,35.4,0.0,0.0,29.6
1221,350316,35,1,3,604.9,290.1,531.5,216.3,6.9,4.9,98.3,4.2,54.6,2.4,296.2,167.4,19.3,0.0,20.0,0.0,11.0,11.3,30.2,31.0,1.0,0.0,1.0,0.0,6.9,0.0,0.0,4.9
1222,350317,35,1,4,1609.7,4274.5,1199.1,3779.2,3.7,76.6,52.9,1194.3,29.9,277.3,179.4,1381.9,12.6,0.0,13.2,0.0,361.2,370.6,539.1,555.1,0.0,0.0,11.0,0.0,3.7,0.0,0.0,76.6
1223,350318,35,1,4,2590.7,1085.0,2446.3,947.2,30.7,19.2,438.1,83.0,251.5,6.9,1360.0,675.2,104.2,0.0,106.4,0.0,50.5,51.8,126.6,130.3,5.0,0.0,4.0,0.0,30.7,0.0,0.0,19.2
1224,350319,35,1,4,270.2,918.4,107.2,736.3,0.0,15.0,0.0,450.4,0.0,19.4,5.0,166.9,0.0,0.0,0.0,0.0,73.1,74.8,24.1,24.8,0.0,0.0,5.0,0.0,0.0,0.0,0.0,15.0
1225,350320,35,1,4,1523.0,4460.3,1194.6,4038.6,0.0,87.2,0.0,447.1,0.0,799.8,8.0,1577.2,0.0,0.0,0.0,0.0,291.9,300.1,886.7,914.4,0.0,0.0,8.0,0.0,0.0,0.0,0.0,87.2
1226,350321,35,1,4,3774.2,7584.5,3317.2,6932.8,6.3,147.8,96.1,911.5,52.1,1603.9,309.3,1543.9,10.4,0.0,10.9,0.0,719.5,740.4,2062.0,2133.0,5.0,0.0,52.0,0.0,6.3,0.0,0.0,147.8
1227,350322,35,1,4,5478.3,6362.5,4985.9,5762.2,46.4,121.4,706.0,908.9,379.5,784.6,1906.8,2250.2,80.4,0.0,81.9,0.0,504.3,519.0,1256.1,1299.5,43.0,0.0,28.0,0.0,46.4,0.0,0.0,121.4
1228,350323,35,1,4,4352.2,5001.4,3875.2,4437.5,39.1,91.6,602.2,903.4,324.0,218.8,1630.1,2151.6,67.5,0.0,69.1,0.0,402.6,414.5,722.8,749.1,28.0,0.0,29.0,0.0,39.1,0.0,0.0,91.6
1229,350324,35,1,4,3072.1,3232.0,2835.3,2936.0,22.3,60.7,345.0,484.2,188.6,188.0,929.3,960.9,34.4,0.0,35.4,0.0,415.5,428.3,844.0,874.6,24.0,0.0,19.0,0.0,22.3,0.0,0.0,60.7
1230,350325,35,1,4,3787.9,7086.4,3256.1,6416.7,12.0,134.1,187.1,1380.1,101.0,792.8,511.5,1761.1,20.8,0.0,21.6,0.0,759.4,783.0,1638.8,1699.6,4.0,0.0,12.0,0.0,12.0,0.0,0.0,134.1
1231,350326,35,1,4,6751.0,8922.4,6257.4,8334.2,56.0,126.6,867.1,1377.1,458.0,216.9,2470.1,2945.4,148.4,690.5,151.7,0.0,777.0,801.0,1296.1,1343.2,69.0,960.0,20.0,0.0,56.0,0.0,0.0,126.6
1232,350327,35,1,4,6147.7,3173.4,5867.0,2888.5,71.1,57.4,1177.5,78.8,603.5,36.3,3058.3,2107.1,131.5,0.0,134.3,0.0,186.1,191.6,458.9,474.7,103.0,0.0,14.0,0.0,71.1,0.0,0.0,57.4
1233,350328,35,1,4,5188.0,3215.2,4903.5,2911.9,55.7,57.7,928.7,310.0,471.8,40.4,2387.0,1775.4,103.0,0.0,105.2,0.0,251.6,259.2,509.3,527.0,132.0,0.0,15.0,0.0,55.7,0.0,0.0,57.7
1234,350329,35,1,4,5665.1,4049.4,5342.7,3697.6,57.8,72.8,968.6,283.0,487.2,380.4,2490.5,1892.3,111.7,0.0,114.0,0.0,296.7,305.6,809.0,836.3,53.0,0.0,12.0,0.0,57.8,0.0,0.0,72.8
1235,350330,35,1,4,6168.8,5100.5,5800.6,4694.4,59.7,79.1,1006.9,467.1,512.6,191.3,2632.7,2115.9,114.7,571.2,117.5,0.0,416.7,429.0,890.6,919.8,98.0,0.0,11.0,0.0,59.7,0.0,0.0,79.1
1236,350331,35,1,4,4668.6,3411.9,4397.6,3111.3,47.7,60.1,802.2,401.1,427.4,135.1,2151.6,1796.3,93.1,4.0,95.0,0.0,233.4,239.9,518.9,534.9,66.0,0.0,10.0,0.0,47.7,0.0,0.0,60.1
1237,350332,35,1,3,1912.7,1076.3,1741.2,883.6,20.1,18.0,341.7,34.0,176.7,25.6,861.2,548.0,36.9,0.0,37.8,0.0,80.1,82.4,187.8,193.7,14.0,0.0,5.0,0.0,20.1,0.0,0.0,18.0
1238,350333,35,1,4,5632.6,2930.5,5332.3,2614.2,58.8,50.1,1043.0,76.7,516.1,70.2,2621.2,1707.7,119.8,0.0,122.6,0.0,218.3,224.3,520.3,535.3,160.0,0.0,11.0,0.0,58.8,0.0,0.0,50.1
1239,350334,35,1,3,2237.7,984.1,2033.5,754.8,23.7,15.1,421.3,1.3,199.9,0.0,1049.1,598.7,56.0,0.0,57.5,0.0,41.8,42.9,108.9,112.0,92.0,0.0,7.0,0.0,23.7,0.0,0.0,15.1
1240,350335,35,1,3,4814.0,3006.9,4557.6,2716.7,47.1,54.5,789.8,191.2,415.1,229.9,2169.7,1376.7,112.2,0.0,115.0,0.0,254.7,261.7,639.0,657.1,52.0,0.0,10.0,0.0,47.1,0.0,0.0,54.5
1241,350336,35,1,3,3533.6,2561.3,3336.2,2339.6,37.0,32.3,625.4,140.4,320.5,39.9,1741.6,1014.5,109.3,0.0,111.8,737.1,124.0,126.9,273.7,280.7,18.0,0.0,12.0,0.0,37.0,0.0,0.0,32.3
1242,350337,35,1,4,5297.3,2202.8,4961.5,1862.1,54.5,36.4,937.4,104.1,471.3,74.1,2630.6,1271.6,223.2,0.0,227.9,0.0,113.8,116.3,289.3,295.9,55.0,0.0,13.0,0.0,54.5,0.0,0.0,36.4
1243,350338,35,1,3,6272.1,7293.4,5788.3,6674.1,38.2,137.7,669.7,715.1,360.5,1194.0,1748.8,1973.9,69.1,0.0,70.7,0.0,756.7,777.0,1969.6,2014.1,125.0,0.0,18.0,0.0,38.2,0.0,0.0,137.7
1244,350339,35,1,3,3393.9,2972.3,3060.6,2568.0,28.2,52.5,531.1,305.7,250.1,201.0,1299.5,1272.5,63.4,0.0,65.1,0.0,237.3,243.5,534.0,545.2,60.0,0.0,20.0,0.0,28.2,0.0,0.0,52.5
1245,350340,35,1,3,4907.8,2807.7,4649.4,2527.7,52.0,37.0,967.1,39.7,489.9,0.0,2495.7,1461.5,130.2,629.3,133.1,0.0,114.5,117.2,274.8,280.1,26.0,0.0,18.0,0.0,52.0,0.0,0.0,37.0
1246,350341,35,1,4,1691.3,4610.9,1258.6,4080.6,0.0,90.2,0.0,926.0,0.0,972.0,12.0,930.5,0.0,0.0,0.0,0.0,348.7,355.1,885.9,897.0,0.0,0.0,12.0,0.0,0.0,0.0,0.0,90.2
1247,350342,35,1,4,2988.0,10607.8,1272.2,8659.3,0.0,188.3,0.0,4028.7,0.0,191.4,38.0,3219.0,0.0,0.0,0.0,0.0,709.6,724.8,486.6,495.3,0.0,0.0,38.0,0.0,0.0,0.0,0.0,188.3
1248,350343,35,1,4,62.5,58.6,0.0,0.0,0.0,0.0,0.0,0.0,0.0,0.0,0.0,0.0,0.0,0.0,0.0,0.0,0.0,0.0,0.0,0.0,0.0,0.0,0.0,0.0,0.0,0.0,0.0,0.0
1249,350344,35,1,4,1934.8,6298.9,1232.3,5460.1,1.3,121.5,17.5,2027.3,9.8,539.7,69.6,1750.9,4.0,0.0,4.1,0.0,466.6,477.9,647.7,664.3,0.0,0.0,13.0,0.0,1.3,0.0,0.0,121.5
1250,350345,35,1,4,2345.9,5621.9,1884.5,5024.8,0.0,120.5,0.0,853.7,0.0,1279.5,16.0,988.1,0.0,0.0,0.0,0.0,476.0,488.0,1376.5,1415.4,0.0,0.0,16.0,0.0,0.0,0.0,0.0,120.5
1251,350346,35,1,4,501.3,1447.4,345.9,1264.4,0.0,28.6,0.0,325.5,0.0,197.7,2.0,390.1,0.0,0.0,0.0,0.0,107.1,109.4,234.8,241.6,0.0,0.0,2.0,0.0,0.0,0.0,0.0,28.6
1252,350347,35,1,4,401.8,1075.3,247.0,899.9,0.0,17.1,0.0,270.3,0.0,54.2,6.0,333.9,0.0,0.0,0.0,0.0,94.6,96.9,140.4,144.6,0.0,0.0,6.0,0.0,0.0,0.0,0.0,17.1
1253,350348,35,1,4,6886.5,13292.0,6286.1,12347.4,4.0,279.8,62.0,1198.8,33.0,3584.2,215.1,1475.6,5.1,0.0,5.4,0.0,1435.9,1476.3,4460.6,4612.5,3.0,0.0,66.0,0.0,4.0,0.0,0.0,279.8
1254,350349,35,1,4,4072.8,6571.4,3620.4,5986.0,23.6,132.3,377.9,1030.5,200.6,1175.5,922.7,1680.1,31.6,0.0,32.6,0.0,557.9,573.7,1476.0,1526.2,1.0,0.0,20.0,0.0,23.6,0.0,0.0,132.3
1255,350350,35,1,4,2923.0,3103.2,2680.7,2821.3,31.6,62.1,501.0,464.5,275.4,76.0,1206.8,1654.2,36.8,0.0,37.8,0.0,213.7,219.9,393.2,406.7,10.0,0.0,6.0,0.0,31.6,0.0,0.0,62.1
1256,350351,35,1,4,3286.8,3078.5,3065.5,2815.3,35.0,62.2,554.7,281.5,304.6,150.1,1341.0,1606.5,39.8,0.0,40.8,0.0,230.5,237.1,522.0,540.1,20.0,0.0,12.0,0.0,35.0,0.0,0.0,62.2
1257,350352,35,1,4,3014.8,6859.9,2590.3,6294.8,8.3,137.4,132.2,2215.9,71.8,535.1,328.6,1453.9,10.8,0.0,11.2,0.0,652.2,671.6,1369.5,1418.3,4.0,0.0,10.0,0.0,8.3,0.0,0.0,137.4
1258,350353,35,1,4,14753.7,29257.9,13311.2,27274.6,74.1,569.9,1157.7,7763.4,683.4,598.0,2949.1,10306.4,78.7,0.0,80.5,0.0,3506.4,3614.7,4816.4,4992.1,19.0,0.0,20.0,0.0,74.1,0.0,0.0,569.9
1259,350354,35,1,4,7136.5,7742.7,6534.1,7040.1,67.9,149.9,1092.0,1136.1,598.0,519.7,2795.5,3530.2,97.1,0.0,99.2,0.0,560.9,577.6,1233.2,1276.5,47.0,0.0,11.0,0.0,67.9,0.0,0.0,149.9
1260,350355,35,1,4,7712.1,5730.3,7246.8,5213.5,76.6,110.6,1244.8,465.8,651.9,312.0,3246.5,2632.3,135.0,0.0,137.7,0.0,536.2,552.1,1209.7,1251.2,74.0,0.0,11.0,0.0,76.6,0.0,0.0,110.6
1261,350356,35,1,4,6037.7,5453.0,5585.3,4934.0,54.1,102.1,893.0,684.6,455.8,372.6,2310.1,2161.8,101.8,0.0,104.1,0.0,521.0,536.2,1140.5,1178.8,44.0,0.0,15.0,0.0,54.1,0.0,0.0,102.1
1262,350357,35,1,4,3578.5,2639.6,3365.8,2405.2,38.4,49.5,645.9,191.6,349.4,117.2,1616.4,1480.8,54.4,0.0,55.7,0.0,173.1,178.1,424.0,437.5,39.0,0.0,8.0,0.0,38.4,0.0,0.0,49.5
1263,350358,35,1,4,2597.8,4286.8,2376.3,4011.6,17.6,60.3,314.8,625.4,162.2,98.7,735.7,1294.0,22.4,0.0,23.2,0.0,326.1,335.7,541.1,557.9,242.0,1100.0,9.0,0.0,17.6,0.0,0.0,60.3
1264,350359,35,1,4,5065.4,4666.5,4699.2,4229.3,41.6,85.5,726.6,552.0,370.8,272.8,1803.7,1706.5,66.9,0.0,68.3,55.8,509.6,523.6,1086.3,1118.4,46.0,0.0,21.0,0.0,41.6,0.0,0.0,85.5
1265,350360,35,1,3,4931.8,2260.8,4687.5,2000.6,55.7,43.4,931.2,25.5,481.0,28.6,2497.7,1523.9,133.8,0.0,136.7,0.0,114.8,117.8,296.4,304.8,85.0,0.0,11.0,0.0,55.7,0.0,0.0,43.4
1266,350361,35,1,3,4132.0,2001.0,3919.7,1770.9,45.7,38.2,799.0,22.9,400.4,17.0,2045.3,1360.9,91.1,0.0,93.3,0.0,100.4,103.3,260.2,266.9,123.0,0.0,7.0,0.0,45.7,0.0,0.0,38.2
1267,350362,35,1,3,4406.0,2247.8,4189.1,2010.3,47.1,43.6,806.8,68.6,413.1,89.4,2181.3,1381.3,113.7,0.0,116.4,0.0,124.8,127.8,334.9,343.2,91.0,0.0,7.0,0.0,47.1,0.0,0.0,43.6
1268,350363,35,1,3,6127.8,4457.8,5837.1,4093.2,61.1,75.4,1084.1,166.8,545.4,376.0,2853.9,1912.2,143.8,625.1,147.2,0.0,258.6,265.6,730.1,747.4,36.0,0.0,38.0,0.0,61.1,0.0,0.0,75.4
1269,350364,35,1,3,4269.7,3769.9,4044.5,3515.5,43.5,49.3,771.2,227.2,395.8,13.0,2025.0,1485.9,92.3,575.7,94.4,616.8,200.0,205.1,383.8,391.8,74.0,0.0,8.0,0.0,43.5,0.0,0.0,49.3
1270,350365,35,1,3,4247.7,1956.3,3987.8,1669.9,43.5,34.9,823.2,22.7,403.3,15.4,2012.4,1231.0,92.2,0.0,94.5,0.0,113.3,115.9,278.9,284.9,161.0,0.0,9.0,0.0,43.5,0.0,0.0,34.9
1271,350366,35,1,4,3182.5,3477.6,2902.4,3144.0,24.7,69.9,417.8,360.1,210.8,392.0,1003.2,1181.3,35.1,0.0,36.1,0.0,340.7,351.1,830.6,859.4,21.0,0.0,7.0,0.0,24.7,0.0,0.0,69.9
1272,350367,35,1,4,3194.3,3953.8,2914.1,3597.9,20.0,79.5,341.4,460.5,177.6,493.5,804.5,1090.5,23.3,0.0,24.1,0.0,442.1,455.1,1063.1,1098.4,23.0,0.0,15.0,0.0,20.0,0.0,0.0,79.5
1273,350368,35,1,4,10418.9,9636.6,9789.4,8843.7,91.2,192.0,1587.3,680.6,822.3,892.4,3702.1,3889.4,112.5,0.0,114.7,0.0,947.0,975.1,2329.6,2406.1,124.0,0.0,50.0,0.0,91.2,0.0,0.0,192.0
1274,350369,35,1,4,4105.2,5050.8,3756.8,4611.8,22.5,99.3,373.7,513.0,205.0,686.3,935.5,1183.0,27.1,0.0,27.9,0.0,637.4,656.2,1522.2,1573.3,17.0,0.0,11.0,0.0,22.5,0.0,0.0,99.3
1275,350370,35,1,4,5336.0,10157.8,4780.6,9344.8,10.8,208.0,189.2,1587.2,98.8,2013.6,488.6,1808.6,11.9,0.0,12.3,0.0,991.0,1019.4,2825.8,2915.9,106.0,0.0,57.0,0.0,10.8,0.0,0.0,208.0
1276,350371,35,1,4,5074.5,5320.8,4666.3,4831.0,45.6,104.1,805.0,503.6,414.1,413.7,1879.0,2519.0,56.4,0.0,57.7,0.0,395.2,406.7,957.8,988.1,84.0,0.0,17.0,0.0,45.6,0.0,0.0,104.1
1277,350372,35,1,4,235.9,3142.4,158.7,3047.0,0.0,9.5,0.0,158.9,0.0,0.0,9.0,147.9,0.0,0.0,0.0,2595.8,64.4,66.1,76.4,78.4,0.0,0.0,9.0,0.0,0.0,0.0,0.0,9.5
1278,350373,35,1,3,4437.0,2344.7,4185.3,2055.0,48.5,44.5,864.0,110.3,416.4,8.2,2159.2,1504.3,100.5,0.0,102.9,0.0,128.7,131.9,292.7,300.4,102.0,0.0,19.0,0.0,48.5,0.0,0.0,44.5
1279,350374,35,1,3,2768.3,1543.5,2527.7,1268.1,28.1,27.3,509.5,102.6,241.5,100.8,1297.2,750.7,78.0,0.0,79.8,0.0,82.5,84.6,224.1,229.3,7.0,0.0,8.0,0.0,28.1,0.0,0.0,27.3
1280,350375,35,1,3,6551.6,4529.1,6201.7,4124.3,64.7,89.2,1135.9,435.4,591.7,178.8,3067.9,2509.8,139.1,0.0,142.2,0.0,292.7,300.2,685.3,700.1,134.0,0.0,13.0,0.0,64.7,0.0,0.0,89.2
1281,350376,35,1,3,4804.2,3059.9,4450.2,2667.8,49.6,57.3,929.0,503.0,453.6,0.0,2275.1,1668.8,106.6,0.0,108.9,0.0,169.3,173.0,316.7,322.9,75.0,0.0,16.0,0.0,49.6,0.0,0.0,57.3
1282,350377,35,1,3,2968.0,1864.5,2794.4,1673.0,34.5,40.7,547.6,69.3,274.5,110.5,1409.7,1066.1,59.9,0.0,61.5,0.0,111.0,114.0,303.3,313.1,21.0,0.0,6.0,0.0,34.5,0.0,0.0,40.7
1283,350378,35,1,4,1954.2,1260.9,1806.9,1103.0,22.7,25.0,381.2,40.2,191.5,26.0,916.6,797.3,33.3,0.0,34.2,0.0,65.9,67.8,166.2,171.6,12.0,0.0,6.0,0.0,22.7,0.0,0.0,25.0
1284,350379,35,1,3,3520.4,1995.6,3341.4,1801.6,43.6,43.8,692.5,31.0,358.7,19.1,1753.4,1371.3,67.3,0.0,69.1,0.0,104.0,107.2,264.3,273.0,25.0,0.0,7.0,0.0,43.6,0.0,0.0,43.8
1285,350380,35,1,4,1335.3,857.3,1221.7,738.0,15.9,16.9,270.0,4.6,139.6,3.0,621.0,581.2,19.6,0.0,20.3,0.0,40.4,41.3,104.8,107.8,3.0,0.0,3.0,0.0,15.9,0.0,0.0,16.9
1286,350381,35,1,4,3889.4,2484.0,3674.9,2249.8,44.4,46.8,752.0,60.1,412.9,55.1,1833.1,1638.8,53.2,0.0,54.4,0.0,135.6,139.0,346.6,356.8,74.0,0.0,13.0,0.0,44.4,0.0,0.0,46.8
1287,350382,35,1,4,1678.7,2448.3,1478.4,2207.1,11.2,47.7,195.2,311.0,99.9,323.5,455.7,864.8,16.2,0.0,16.9,0.0,191.0,196.2,495.6,511.5,3.0,0.0,5.0,0.0,11.2,0.0,0.0,47.7
1288,350383,35,1,4,5257.4,8244.5,4762.4,7550.8,17.5,172.7,302.4,1284.2,157.9,1438.4,731.4,1252.3,18.5,0.0,19.1,0.0,983.1,1011.1,2488.0,2564.9,23.0,0.0,39.0,0.0,17.5,0.0,0.0,172.7
1289,350384,35,1,4,1344.3,914.6,1225.0,787.4,15.5,17.5,259.1,24.0,142.2,6.6,631.9,617.3,18.6,0.0,19.1,0.0,38.9,39.7,97.2,99.8,14.0,0.0,4.0,0.0,15.5,0.0,0.0,17.5
1290,350385,35,1,3,6635.4,3432.2,6309.7,3087.3,77.8,69.8,1270.3,150.4,656.6,16.5,3335.9,2259.9,153.4,0.0,156.8,0.0,194.8,199.8,447.9,460.8,81.0,0.0,13.0,0.0,77.8,0.0,0.0,69.8
1291,350386,35,1,3,4976.2,2674.9,4694.2,2364.6,51.7,47.6,846.1,128.7,444.1,67.1,2420.7,1658.1,167.5,50.9,171.2,5.8,132.2,135.7,310.5,318.2,191.0,0.0,11.0,0.0,51.7,0.0,0.0,47.6
1292,350387,35,1,3,3828.9,2653.1,3539.7,2324.2,36.3,48.8,644.8,196.0,334.2,115.6,1711.2,1397.6,92.3,0.0,94.3,0.0,186.6,191.1,415.1,423.8,50.0,0.0,11.0,0.0,36.3,0.0,0.0,48.8
1293,350388,35,1,3,4377.0,7016.2,3953.2,6433.5,19.5,142.2,341.5,824.4,181.6,1350.2,931.2,1837.1,37.4,0.0,38.4,0.0,622.1,637.4,1748.8,1784.3,26.0,0.0,26.0,0.0,19.5,0.0,0.0,142.2
1294,350389,35,1,3,43.3,103.6,2.6,58.9,0.0,1.4,0.0,5.7,0.0,0.0,1.0,52.6,0.0,0.0,0.0,0.0,0.6,0.6,0.0,0.0,0.0,0.0,1.0,0.0,0.0,0.0,0.0,1.4
1295,350390,35,1,3,1439.4,1610.3,1334.8,1496.7,16.9,17.3,269.7,54.8,144.8,0.0,695.6,561.2,25.3,613.2,25.9,93.1,55.6,57.1,114.0,117.4,0.0,0.0,4.0,0.0,16.9,0.0,0.0,17.3
1296,350391,35,1,4,3042.9,1643.3,2876.3,1473.6,36.4,29.9,598.0,42.5,319.2,0.0,1541.6,1144.6,58.5,0.0,60.2,0.0,82.2,84.5,196.6,202.0,15.0,0.0,5.0,0.0,36.4,0.0,0.0,29.9
1297,350392,35,1,4,4111.9,3455.6,3833.5,3141.2,43.8,65.0,739.8,364.3,414.6,156.3,1828.0,1906.1,53.9,0.0,55.3,0.0,206.6,212.0,488.3,502.5,36.0,0.0,11.0,0.0,43.8,0.0,0.0,65.0
1298,350393,35,1,4,7564.3,4621.8,7212.8,4253.5,79.0,76.3,1317.9,180.4,669.4,252.3,3618.2,2287.7,202.1,324.4,206.3,88.6,307.9,316.0,782.9,804.0,93.0,0.0,15.0,0.0,79.0,0.0,0.0,76.3
1299,350394,35,1,3,3134.3,2674.1,2938.1,2453.4,33.4,35.2,576.0,135.9,298.0,57.7,1470.6,1130.9,62.1,702.8,63.7,0.0,128.9,132.3,286.6,293.9,44.0,0.0,8.0,0.0,33.4,0.0,0.0,35.2
1300,350395,35,1,3,2375.0,1991.2,2184.0,1762.6,20.3,36.0,333.3,359.6,172.2,228.1,955.9,586.3,66.0,0.0,67.7,0.0,161.8,165.8,413.1,422.8,8.0,0.0,6.0,0.0,20.3,0.0,0.0,36.0
1301,350396,35,1,4,8072.8,11808.1,7410.3,10956.6,48.0,210.9,814.2,811.0,456.4,2496.2,2039.0,3630.4,59.8,0.0,61.2,0.0,937.5,962.3,2974.2,3056.7,48.0,0.0,20.0,0.0,48.0,0.0,0.0,210.9
1302,350397,35,1,2,374.4,1230.2,216.5,1046.3,0.4,27.4,5.3,445.7,3.5,79.6,22.5,341.6,2.0,0.0,2.0,0.0,91.8,92.6,88.5,86.9,0.0,0.0,1.0,0.0,0.4,0.0,0.0,27.4
1303,350398,35,1,3,4090.7,3316.5,3821.7,3005.1,37.1,74.0,633.6,383.9,356.9,212.7,1938.2,1792.7,130.3,0.0,132.9,0.0,198.8,200.0,426.8,415.7,1.0,0.0,3.0,0.0,37.1,0.0,0.0,74.0
1304,350399,35,1,3,2794.2,1364.5,2661.5,1219.9,28.1,31.0,506.8,19.8,264.9,11.3,1477.3,968.8,92.0,0.0,94.2,0.0,63.8,64.1,160.4,156.0,0.0,0.0,2.0,0.0,28.1,0.0,0.0,31.0
1305,350400,35,1,3,609.2,2183.6,200.1,1728.7,0.2,45.3,2.5,761.5,1.7,75.5,7.7,705.2,0.3,0.0,0.3,0.0,124.4,125.4,62.3,61.2,0.0,0.0,1.0,0.0,0.2,0.0,0.0,45.3
1306,350401,35,1,3,14420.9,13499.8,13793.1,12790.3,146.3,190.8,2309.7,716.6,1297.1,299.7,7201.0,4906.6,544.6,807.8,555.7,4275.9,595.3,596.2,1228.8,1187.4,39.0,0.0,22.0,0.0,146.3,0.0,0.0,190.8
1307,350402,35,1,3,4116.0,2762.1,3942.8,2568.6,40.4,46.7,744.0,63.8,385.7,19.6,2174.1,1433.2,134.2,698.4,137.3,0.0,108.6,108.8,252.8,244.7,1.0,0.0,5.0,0.0,40.4,0.0,0.0,46.7
1308,350403,35,1,3,6192.4,2794.7,5930.9,2507.7,60.1,62.7,1174.0,10.2,617.8,0.0,3270.9,2057.2,196.5,0.0,200.7,0.0,125.2,126.0,321.8,314.2,15.0,0.0,9.0,0.0,60.1,0.0,0.0,62.7
1309,350404,35,1,3,11627.7,5253.8,11212.6,4817.1,112.4,104.8,2003.3,111.6,1086.0,11.1,6271.2,3242.6,538.1,573.8,549.1,136.4,219.5,221.0,532.3,520.7,5.0,0.0,8.0,0.0,112.4,0.0,0.0,104.8
1310,350405,35,1,3,12625.2,4478.7,12229.0,4056.1,109.6,98.8,2086.6,17.5,1211.6,45.6,6877.4,3268.9,623.1,0.0,635.5,0.0,205.7,206.4,536.0,517.6,35.0,0.0,18.0,0.0,109.6,0.0,0.0,98.8
1311,350406,35,1,3,8687.7,4069.7,8344.1,3683.6,74.6,90.8,1469.6,146.3,812.7,96.9,4516.0,2632.7,342.6,0.0,349.8,0.0,247.0,247.4,581.3,560.3,15.0,0.0,10.0,0.0,74.6,0.0,0.0,90.8
1312,350407,35,1,3,9861.0,5738.1,9470.6,5292.3,89.6,112.9,1794.3,166.8,934.6,140.6,5006.1,3410.0,301.3,633.4,307.7,0.0,280.8,282.1,677.8,659.4,152.0,0.0,16.0,0.0,89.6,0.0,0.0,112.9
1313,350408,35,1,3,11328.6,4476.2,10897.8,4030.4,97.2,91.7,2062.1,136.8,1046.4,5.0,6067.4,3212.7,509.1,0.0,519.1,0.0,195.8,196.5,493.9,479.5,2.0,0.0,2.0,0.0,97.2,0.0,0.0,91.7
1314,350409,35,1,3,7082.6,5642.4,6752.7,5241.2,54.4,100.7,1135.9,305.9,589.5,244.8,3269.2,2393.8,191.9,1100.6,196.1,0.0,386.0,386.1,841.2,810.0,129.0,0.0,14.0,0.0,54.4,0.0,0.0,100.7
1315,350410,35,1,3,8465.9,9377.6,7891.0,8618.9,46.5,209.6,931.7,641.4,509.5,2156.2,2869.1,2782.1,217.6,0.0,222.3,0.0,824.9,822.5,2303.9,2216.7,2.0,0.0,10.0,0.0,46.5,0.0,0.0,209.6
1316,350411,35,1,3,13093.0,8777.3,12589.5,8202.7,112.3,140.9,2091.6,484.2,1184.2,323.3,6776.6,3856.3,609.3,628.6,621.6,1656.2,390.8,392.2,887.4,862.0,3.0,0.0,25.0,0.0,112.3,0.0,0.0,140.9
1317,350412,35,1,3,1040.2,800.4,923.2,671.1,7.9,15.8,158.6,91.2,83.8,31.8,491.3,440.0,38.4,0.0,39.4,0.0,37.9,37.8,72.8,70.2,0.0,0.0,1.0,0.0,7.9,0.0,0.0,15.8
1318,350413,35,1,3,3694.2,1488.9,3536.7,1321.1,32.0,31.4,638.1,2.9,350.5,0.0,1979.8,1090.4,156.2,0.0,159.7,0.0,65.3,65.5,168.1,162.4,17.0,0.0,2.0,0.0,32.0,0.0,0.0,31.4
1319,350414,35,1,3,441.5,1559.9,173.9,1259.4,0.0,28.9,0.0,594.4,0.0,72.9,1.0,421.8,0.0,0.0,0.0,0.0,106.9,107.4,65.0,63.0,0.0,0.0,1.0,0.0,0.0,0.0,0.0,28.9
1320,350415,35,1,3,5572.7,2193.6,5346.4,1955.3,48.6,44.5,978.3,4.9,524.4,0.0,2973.3,1611.0,240.8,0.0,245.6,0.0,96.8,97.2,249.1,242.3,33.0,0.0,5.0,0.0,48.6,0.0,0.0,44.5
1321,350416,35,1,2,392.0,1739.5,149.5,1457.3,0.0,38.0,0.0,685.4,0.0,40.7,4.0,589.8,0.0,0.0,0.0,0.0,87.3,87.9,54.2,53.4,0.0,0.0,4.0,0.0,0.0,0.0,0.0,38.0
1322,350417,35,1,2,367.7,1336.7,139.9,1081.1,0.0,27.0,0.0,361.4,0.0,55.7,2.0,528.6,0.0,0.0,0.0,0.0,71.1,71.7,64.8,63.6,0.0,0.0,2.0,0.0,0.0,0.0,0.0,27.0
1323,350418,35,1,3,264.1,580.0,170.8,469.3,0.0,12.3,0.0,52.6,0.0,171.1,1.0,77.7,0.0,0.0,0.0,0.0,37.3,37.6,131.5,130.3,0.0,0.0,1.0,0.0,0.0,0.0,0.0,12.3
1324,350419,35,1,4,2711.5,9836.7,1524.8,8436.8,0.0,190.9,0.0,2110.7,0.0,1071.0,26.0,3783.3,0.0,0.0,0.0,0.0,549.6,555.7,923.2,916.0,0.0,0.0,26.0,0.0,0.0,0.0,0.0,190.9
1325,350420,35,1,4,2315.9,8880.8,842.9,7223.7,0.0,162.1,0.0,3615.4,0.0,285.5,23.0,2518.0,0.0,0.0,0.0,0.0,527.3,534.9,269.6,269.9,0.0,0.0,23.0,0.0,0.0,0.0,0.0,162.1
1326,350421,35,1,4,3969.4,12521.9,2339.8,10633.2,0.0,223.8,0.0,5300.6,0.0,1431.8,32.0,1606.7,0.0,0.0,0.0,0.0,1054.9,1070.0,1220.9,1224.1,0.0,0.0,32.0,0.0,0.0,0.0,0.0,223.8
1327,350422,35,1,4,7267.7,11581.1,5830.9,9954.6,52.1,193.7,721.3,4077.5,461.7,276.8,2679.9,3241.6,255.0,276.0,259.9,666.3,805.0,817.4,596.2,598.9,12.0,0.0,40.0,0.0,52.1,0.0,0.0,193.7
1328,350423,35,1,4,3120.9,11378.2,1470.9,9492.5,0.0,204.6,0.0,3995.9,0.0,700.6,26.0,3360.8,0.0,0.0,0.0,0.0,711.7,723.4,707.2,711.7,0.0,0.0,26.0,0.0,0.0,0.0,0.0,204.6
1329,350424,35,1,4,728.0,2675.1,300.9,2198.8,0.0,44.4,0.0,1241.6,0.0,72.1,6.0,591.7,0.0,0.0,0.0,0.0,208.0,212.0,80.9,81.4,0.0,0.0,6.0,0.0,0.0,0.0,0.0,44.4
1330,350425,35,1,4,5754.9,18139.8,3632.1,15643.0,0.0,329.1,0.0,6065.8,0.0,1076.9,32.0,4869.3,0.0,0.0,0.0,0.0,1577.2,1608.5,1990.9,2022.5,0.0,0.0,32.0,0.0,0.0,0.0,0.0,329.1
1331,350426,35,1,4,9459.1,12909.5,8372.9,11663.1,91.3,222.2,1417.3,2365.1,755.1,278.3,4044.4,6091.6,227.1,908.0,231.8,334.8,637.9,651.2,1017.3,1034.0,16.0,0.0,26.0,0.0,91.3,0.0,0.0,222.2
1332,350427,35,1,2,1684.9,4097.7,1081.2,3404.4,5.9,89.0,99.7,1378.8,57.0,215.0,341.5,1299.1,33.1,0.0,34.0,0.0,276.8,279.2,236.0,232.3,0.0,0.0,3.0,0.0,5.9,0.0,0.0,89.0
1333,350428,35,1,3,144.5,1340.7,63.0,1250.1,0.0,5.7,0.0,73.0,0.0,1.5,0.0,83.7,0.0,815.0,0.0,214.5,28.0,28.2,35.0,34.2,0.0,0.0,0.0,0.0,0.0,0.0,0.0,5.7
1334,350429,35,1,3,5065.3,4891.7,4733.5,4461.9,35.9,108.4,585.6,382.1,336.9,981.6,1960.9,1655.5,183.2,0.0,187.3,0.0,378.7,381.8,1076.7,1060.9,6.0,0.0,18.0,0.0,35.9,0.0,0.0,108.4
1335,350430,35,1,4,5590.3,13413.6,4295.8,11800.8,0.0,259.5,0.0,2737.1,0.0,2080.3,61.0,2832.4,0.0,0.0,0.0,0.0,1369.2,1382.0,2804.6,2769.0,0.0,0.0,61.0,0.0,0.0,0.0,0.0,259.5
1336,350431,35,1,4,235.4,2807.0,100.3,2620.3,0.0,51.2,0.0,2262.1,0.0,14.3,8.0,206.3,0.0,53.3,0.0,0.0,46.9,47.4,37.3,36.9,0.0,0.0,8.0,0.0,0.0,0.0,0.0,51.2
1337,350432,35,1,4,1783.9,10770.7,775.5,9553.6,0.0,188.5,0.0,2008.1,0.0,203.2,23.0,6608.9,0.0,0.0,0.0,0.0,341.7,345.9,387.9,387.5,0.0,0.0,23.0,0.0,0.0,0.0,0.0,188.5
1338,350433,35,1,3,6899.1,3229.4,6615.0,2927.1,63.9,54.7,1152.1,79.9,630.5,0.0,3656.9,1722.7,354.1,704.8,361.7,0.0,131.0,131.8,293.7,287.9,25.0,0.0,10.0,0.0,63.9,0.0,0.0,54.7
1339,350434,35,1,3,3305.1,1184.1,3150.6,1024.2,30.5,25.7,524.3,12.7,298.8,4.6,1780.8,828.3,177.1,0.0,181.0,0.0,50.9,51.3,129.7,127.3,6.0,0.0,2.0,0.0,30.5,0.0,0.0,25.7
1340,350435,35,1,3,3978.4,1618.1,3803.4,1436.6,38.8,32.1,701.4,3.2,392.6,0.0,2129.2,1180.7,157.1,0.0,160.6,0.0,71.6,72.0,184.0,180.7,3.0,0.0,4.0,0.0,38.8,0.0,0.0,32.1
1341,350436,35,1,4,3779.1,4396.2,3450.5,3977.2,21.7,89.4,384.9,522.0,214.2,588.4,1188.5,1416.1,86.8,0.0,88.9,0.0,445.3,449.4,1016.0,1001.2,5.0,0.0,21.0,0.0,21.7,0.0,0.0,89.4
1342,350437,35,1,4,15259.4,16298.2,14376.0,15162.8,99.3,277.3,1809.6,1293.0,964.9,1873.5,5432.6,4121.3,379.4,2363.3,387.5,227.0,1610.7,1624.6,3713.3,3659.9,7.0,0.0,71.0,0.0,99.3,0.0,0.0,277.3
1343,350438,35,1,4,1312.2,5514.8,883.5,4990.6,0.0,97.8,0.0,1474.9,0.0,272.7,6.0,2370.2,0.0,0.0,0.0,0.0,345.8,349.6,525.7,523.2,0.0,0.0,6.0,0.0,0.0,0.0,0.0,97.8
1344,350439,35,1,4,347.5,2562.5,117.4,2287.8,0.0,46.6,0.0,1577.2,0.0,25.0,6.0,579.6,0.0,0.0,0.0,0.0,64.2,65.2,41.2,40.9,0.0,0.0,6.0,0.0,0.0,0.0,0.0,46.6
1345,350440,35,1,4,2842.8,1181.3,2700.3,1043.4,29.9,20.4,502.2,2.0,268.9,0.0,1498.9,852.9,109.0,0.0,111.4,0.0,52.3,52.9,135.6,135.5,14.0,0.0,8.0,0.0,29.9,0.0,0.0,20.4
1346,350441,35,1,4,673.7,4534.3,450.4,4276.7,0.0,38.8,0.0,607.2,0.0,87.3,3.0,762.4,0.0,994.2,0.0,1378.3,193.1,195.9,251.3,251.3,0.0,0.0,3.0,0.0,0.0,0.0,0.0,38.8
1347,350442,35,1,4,8010.9,4416.3,7609.9,3989.0,79.0,78.3,1254.4,445.9,701.9,179.9,4028.1,2424.4,338.4,38.6,345.0,0.0,286.8,291.2,607.2,608.9,18.0,0.0,30.0,0.0,79.0,0.0,0.0,78.3
1348,350443,35,1,4,6827.7,4203.2,6554.2,3932.9,69.3,55.3,1110.4,231.4,622.1,54.0,3484.1,2076.7,268.1,796.2,273.8,0.0,249.7,254.1,516.9,520.5,16.0,0.0,13.0,0.0,69.3,0.0,0.0,55.3
1349,350444,35,1,4,4548.0,1545.8,4354.5,1375.3,49.5,25.5,733.0,6.8,413.0,2.3,2455.7,1103.8,236.7,0.0,241.2,0.0,73.3,74.4,186.5,187.9,11.0,0.0,4.0,0.0,49.5,0.0,0.0,25.5
1350,350445,35,1,4,8426.2,7938.5,7887.2,7343.1,73.2,104.7,1038.9,967.7,622.8,443.5,3757.9,2955.6,383.8,368.0,391.3,927.9,536.3,546.2,1120.1,1134.3,8.0,0.0,28.0,0.0,73.2,0.0,0.0,104.7
1351,350446,35,1,4,3597.1,5745.9,3073.6,5154.2,28.2,83.3,463.2,1698.0,260.1,140.9,1345.5,2462.9,73.5,0.0,75.1,0.0,355.7,362.3,483.6,490.0,5.0,0.0,12.0,0.0,28.2,0.0,0.0,83.3
1352,350447,35,1,4,2624.6,3962.8,2374.8,3667.3,22.0,64.7,331.0,568.0,180.4,297.0,976.8,1348.5,56.8,679.9,58.3,0.0,249.5,254.7,510.9,519.1,5.0,0.0,6.0,0.0,22.0,0.0,0.0,64.7
1353,350448,35,1,4,2158.9,1777.5,2017.8,1625.5,22.1,28.6,361.6,186.1,193.6,73.4,996.4,997.4,44.8,0.0,46.1,0.0,113.0,115.0,250.3,253.7,7.0,0.0,5.0,0.0,22.1,0.0,0.0,28.6
1354,350449,35,1,3,10994.2,4877.7,10569.6,4410.6,102.5,104.7,2000.1,75.4,1043.6,55.6,5704.2,3351.8,404.1,0.0,412.2,0.0,274.5,275.9,666.0,651.9,45.0,0.0,20.0,0.0,102.5,0.0,0.0,104.7
1355,350450,35,1,3,8416.8,4047.5,8118.7,3731.9,79.0,60.2,1373.7,99.7,799.2,0.0,4536.6,2072.4,422.3,1053.2,431.1,0.0,158.6,159.7,353.2,346.8,23.0,0.0,21.0,0.0,79.0,0.0,0.0,60.2
1356,350451,35,1,3,4949.1,9775.1,4459.4,9045.5,0.2,201.1,1.9,899.4,1.5,2950.9,41.5,860.0,0.9,0.0,0.9,0.0,1161.3,1169.8,3218.5,3165.3,0.0,0.0,33.0,0.0,0.2,0.0,0.0,201.1
1357,350452,35,1,4,4422.5,3626.9,4140.4,3293.1,27.1,67.6,463.6,312.8,263.7,564.3,1523.9,832.5,137.8,0.0,140.7,0.0,477.5,481.7,1117.1,1101.8,3.0,0.0,13.0,0.0,27.1,0.0,0.0,67.6
1358,350453,35,1,4,7532.2,5237.2,7131.0,4816.2,65.1,76.2,1148.4,364.2,630.7,259.0,3622.2,2336.9,330.4,846.3,337.4,0.0,315.6,318.5,698.3,691.2,35.0,0.0,13.0,0.0,65.1,0.0,0.0,76.2
1359,350454,35,1,4,3782.6,1550.5,3614.4,1385.3,36.6,26.1,670.5,2.8,363.6,0.0,1996.5,1136.5,143.6,0.0,146.8,0.0,69.1,69.8,178.3,176.1,36.0,0.0,10.0,0.0,36.6,0.0,0.0,26.1
1360,350455,35,1,4,5693.7,2976.1,5380.1,2661.8,51.3,48.7,883.0,281.5,510.8,162.7,2851.9,1632.8,254.5,0.0,259.6,0.0,180.0,182.0,405.4,402.7,27.0,0.0,8.0,0.0,51.3,0.0,0.0,48.7
1361,350456,35,1,4,3248.7,2164.0,3084.8,2008.6,31.1,24.2,564.7,54.1,306.1,0.0,1674.9,1010.2,120.5,689.5,123.2,0.0,79.7,80.6,175.8,174.3,37.0,0.0,3.0,0.0,31.1,0.0,0.0,24.2
1362,350457,35,1,4,4850.6,1415.3,4648.8,1241.3,47.3,21.6,759.3,2.5,464.9,0.0,2673.4,1015.4,256.8,0.0,261.9,0.0,62.3,63.1,161.1,160.2,6.0,0.0,3.0,0.0,47.3,0.0,0.0,21.6
1363,350458,35,1,4,9786.2,8013.3,9158.5,7326.2,80.9,128.5,1309.2,1416.2,771.8,603.8,4515.7,3629.6,431.0,0.0,439.6,0.0,548.6,555.9,1124.6,1120.7,4.0,0.0,14.0,0.0,80.9,0.0,0.0,128.5
1364,350459,35,1,4,9685.4,5644.1,9269.0,5204.7,86.1,90.6,1402.3,344.7,832.7,493.9,4766.9,2962.5,417.9,0.0,426.3,0.0,396.2,401.7,1003.7,1001.9,2.0,0.0,21.0,0.0,86.1,0.0,0.0,90.6
1365,350460,35,1,4,2591.1,2032.2,2428.4,1850.3,20.5,36.1,314.5,195.8,188.6,219.3,1068.2,767.9,93.0,0.0,95.0,0.0,199.8,202.8,464.2,464.4,0.0,0.0,5.0,0.0,20.5,0.0,0.0,36.1
1366,350461,35,1,4,9622.4,8532.8,9121.3,7991.3,83.1,112.7,1296.0,732.7,763.9,426.0,4279.7,2929.5,358.6,764.3,365.6,1110.2,655.2,665.4,1360.2,1363.1,29.0,0.0,13.0,0.0,83.1,0.0,0.0,112.7
1367,350462,35,1,4,6080.7,4120.8,5781.6,3792.2,58.9,66.8,976.8,230.0,526.3,386.2,2873.5,2148.0,176.6,0.0,180.0,0.0,280.1,284.8,739.1,743.2,5.0,0.0,24.0,0.0,58.9,0.0,0.0,66.8
1368,350463,35,1,4,4179.2,1960.8,3989.2,1778.6,43.0,29.8,686.5,64.5,371.2,93.2,2174.5,1238.6,179.2,0.0,182.8,0.0,103.4,104.9,275.4,277.3,8.0,0.0,8.0,0.0,43.0,0.0,0.0,29.8
1369,350464,35,1,4,5025.3,9652.5,4252.0,8673.7,0.0,143.3,0.0,1327.3,0.0,866.0,64.0,2302.1,0.0,0.0,0.0,0.0,1356.4,1381.2,2767.6,2797.1,0.0,0.0,64.0,0.0,0.0,0.0,0.0,143.3
1370,350465,35,1,4,7363.3,6599.1,6868.7,6036.5,52.5,101.6,793.0,595.4,442.1,900.5,2590.9,1947.6,229.0,0.0,233.5,0.0,748.7,763.1,1807.5,1830.0,4.0,0.0,20.0,0.0,52.5,0.0,0.0,101.6
1371,350466,35,1,4,6386.2,6997.7,5893.8,6432.5,53.5,108.3,884.4,815.6,472.9,643.6,2443.3,3118.4,111.3,0.0,113.6,0.0,547.3,558.3,1278.9,1296.6,26.0,0.0,16.0,0.0,53.5,0.0,0.0,108.3
1372,350467,35,1,3,9092.3,5211.5,8718.6,4790.0,83.0,96.9,1564.4,237.9,853.5,134.1,4713.2,2976.6,343.7,625.0,350.9,0.0,251.8,252.8,576.0,563.4,44.0,0.0,21.0,0.0,83.0,0.0,0.0,96.9
1373,350468,35,1,3,10795.4,6221.4,10378.1,5762.3,103.0,99.0,1904.6,244.7,1004.6,48.6,5516.7,3512.7,381.9,0.0,389.6,1079.0,272.5,274.6,613.1,602.7,268.0,0.0,27.0,0.0,103.0,0.0,0.0,99.0
1374,350469,35,1,3,1801.7,1537.4,1673.1,1399.0,16.5,15.6,288.6,60.2,159.2,0.0,910.9,523.5,79.2,665.5,81.0,0.0,51.5,51.8,99.6,98.0,0.0,0.0,3.0,0.0,16.5,0.0,0.0,15.6
1375,350470,35,1,3,4559.6,5693.5,4291.8,5331.5,27.4,99.7,474.8,277.5,266.4,1590.8,1510.2,1083.4,131.2,647.5,134.0,0.0,395.0,397.8,1355.3,1334.5,13.0,0.0,12.0,0.0,27.4,0.0,0.0,99.7
1376,350471,35,1,3,10383.7,5100.1,9964.9,4636.6,97.2,95.4,1644.1,222.3,968.1,198.8,5397.1,3249.7,468.3,0.0,477.7,0.0,290.6,293.0,682.0,672.8,6.0,0.0,31.0,0.0,97.2,0.0,0.0,95.4
1377,350472,35,1,3,11553.0,5092.2,11123.0,4647.2,111.2,87.8,1927.2,188.5,1114.0,136.5,6051.2,3407.7,484.9,0.0,494.6,0.0,266.6,269.3,651.5,645.2,110.0,0.0,23.0,0.0,111.2,0.0,0.0,87.8
1378,350473,35,1,4,6834.3,4861.1,6509.3,4508.6,58.0,72.3,987.6,354.6,584.6,430.4,3252.8,2104.0,282.5,525.8,288.4,0.0,322.0,325.1,774.5,768.8,3.0,0.0,14.0,0.0,58.0,0.0,0.0,72.3
1379,350474,35,1,4,6457.3,8163.5,6061.7,7665.3,42.8,119.6,779.7,804.3,432.6,1638.7,2272.5,2331.4,131.3,614.8,134.3,0.0,567.1,574.6,1708.1,1701.5,5.0,0.0,31.0,0.0,42.8,0.0,0.0,119.6
1380,350475,35,1,4,3840.3,3268.8,3610.6,3010.4,27.5,48.9,472.0,198.0,271.2,699.3,1539.7,1073.0,136.2,0.0,139.0,0.0,256.2,259.5,782.2,780.5,1.0,0.0,13.0,0.0,27.5,0.0,0.0,48.9
1381,350476,35,1,4,1387.7,6379.7,1253.8,6240.5,10.6,19.4,175.7,257.1,101.1,9.5,569.4,565.4,49.8,0.0,50.9,5113.9,121.3,122.8,171.5,171.7,11.0,0.0,3.0,0.0,10.6,0.0,0.0,19.4
1382,350477,35,1,4,9935.4,7858.0,9402.5,7253.9,81.6,127.1,1310.4,614.4,753.1,1055.3,4200.6,3152.6,335.2,0.0,341.6,0.0,678.6,688.7,1738.9,1742.9,16.0,0.0,28.0,0.0,81.6,0.0,0.0,127.1
1383,350478,35,1,4,9098.5,13052.5,8223.6,11979.7,62.9,204.5,1083.2,2655.1,568.4,572.0,3031.3,5559.6,151.0,0.0,154.0,0.0,1180.3,1199.0,1983.4,1994.0,19.0,0.0,53.0,0.0,62.9,0.0,0.0,204.5
1384,350479,35,1,4,7810.4,13476.7,7167.4,12540.3,1.9,191.3,33.3,1262.3,17.5,3532.1,198.2,879.5,3.8,0.0,4.0,0.0,1839.8,1869.3,4961.8,4997.1,0.0,0.0,109.0,0.0,1.9,0.0,0.0,191.3
1385,350480,35,1,4,4440.7,2697.3,4232.1,2482.5,46.3,38.9,804.9,103.9,409.0,73.2,2210.1,1761.1,111.2,0.0,113.4,0.0,157.7,160.4,379.7,383.9,32.0,0.0,14.0,0.0,46.3,0.0,0.0,38.9
1386,350481,35,1,4,5780.5,7915.0,5277.2,7335.7,44.5,102.4,745.8,946.3,396.9,690.6,2093.4,2875.5,106.9,1004.6,109.2,0.0,551.3,561.9,1241.6,1256.8,13.0,0.0,19.0,0.0,44.5,0.0,0.0,102.4
1387,350482,35,1,4,12040.1,8453.0,11400.4,7762.0,106.1,127.4,1523.2,714.0,925.2,1180.4,5323.7,3315.7,507.4,0.0,517.2,0.0,684.0,697.8,1827.6,1854.1,59.0,0.0,33.0,0.0,106.1,0.0,0.0,127.4
1388,350483,35,1,4,8658.5,3671.5,8345.8,3403.0,95.0,46.1,1548.5,10.0,853.6,0.0,4658.4,2751.2,295.5,0.0,301.3,0.0,177.3,180.9,453.2,460.9,55.0,0.0,3.0,0.0,95.0,0.0,0.0,46.1
1389,350484,35,1,3,12741.1,5317.6,12294.0,4847.4,117.6,106.5,2298.3,35.5,1247.2,0.0,6857.1,3967.9,499.9,0.0,509.8,0.0,241.9,243.5,612.7,600.4,16.0,0.0,11.0,0.0,117.6,0.0,0.0,106.5
1390,350485,35,1,3,5846.7,2721.5,5583.5,2452.2,55.6,43.6,979.0,115.5,540.0,57.1,3031.8,1758.0,247.8,0.0,252.9,0.0,157.5,159.0,365.3,362.4,3.0,0.0,6.0,0.0,55.6,0.0,0.0,43.6
1391,350486,35,1,4,6706.2,3063.5,6412.2,2786.6,61.6,40.8,1111.2,124.2,615.0,209.2,3422.0,1826.1,291.8,0.0,297.6,0.0,169.2,171.3,457.3,455.8,40.0,0.0,8.0,0.0,61.6,0.0,0.0,40.8
1392,350487,35,1,4,3014.7,1404.4,2841.9,1240.6,27.7,17.7,491.5,99.2,279.9,24.3,1526.8,882.2,125.4,0.0,127.9,0.0,71.6,72.3,162.7,162.5,51.0,0.0,5.0,0.0,27.7,0.0,0.0,17.7
1393,350488,35,1,4,3185.6,1310.4,3017.9,1153.6,30.6,17.2,538.8,22.9,305.0,22.3,1669.7,889.9,137.0,0.0,139.8,0.0,60.7,61.5,156.7,157.0,5.0,0.0,5.0,0.0,30.6,0.0,0.0,17.2
1394,350489,35,1,3,4135.6,2787.5,3945.0,2592.4,42.5,31.8,760.7,89.2,401.0,0.0,2129.2,1494.3,118.4,620.8,121.1,0.0,122.2,123.5,264.5,264.7,19.0,0.0,9.0,0.0,42.5,0.0,0.0,31.8
1395,350490,35,1,4,5251.7,2947.6,5020.8,2737.3,51.9,28.4,859.2,124.4,487.9,13.2,2747.6,1480.4,239.3,720.6,244.3,0.0,125.1,127.0,270.4,271.6,40.0,0.0,7.0,0.0,51.9,0.0,0.0,28.4
1396,350491,35,1,4,3268.3,1389.6,3117.7,1252.3,34.7,19.1,585.4,2.5,330.5,0.0,1736.4,1021.1,113.1,0.0,115.6,0.0,63.2,64.3,163.7,164.4,6.0,0.0,4.0,0.0,34.7,0.0,0.0,19.1
1397,350492,35,1,4,3106.4,1604.7,2934.1,1443.6,33.1,19.4,610.1,3.6,330.0,0.0,1584.3,1176.2,64.8,0.0,66.4,0.0,73.0,74.3,188.6,189.6,12.0,0.0,5.0,0.0,33.1,0.0,0.0,19.4
1398,350493,35,1,4,1837.6,620.1,1688.1,485.7,18.4,6.7,297.8,3.8,173.9,0.0,952.1,394.7,81.5,0.0,83.4,0.0,23.8,24.2,62.5,63.0,11.0,0.0,2.0,0.0,18.4,0.0,0.0,6.7
1399,350494,35,1,4,32335.2,12768.7,31259.8,11818.8,325.8,161.6,5151.4,293.4,3065.6,285.7,17177.2,8402.9,1476.9,0.0,1506.1,0.0,817.4,832.1,1982.0,2004.7,51.0,0.0,32.0,0.0,325.8,0.0,0.0,161.6
1400,350495,35,1,4,7545.7,6133.2,7125.0,5684.2,69.6,78.4,1261.4,338.0,634.2,746.3,3319.7,3051.3,156.8,0.0,160.0,0.0,389.7,397.1,1135.2,1151.6,47.0,0.0,21.0,0.0,69.6,0.0,0.0,78.4
1401,350496,35,1,2,514.7,1816.6,214.1,1499.1,0.0,29.9,0.0,428.1,0.0,111.4,0.0,747.3,0.0,0.0,0.0,0.0,99.1,99.5,115.0,112.8,0.0,0.0,0.0,0.0,0.0,0.0,0.0,29.9
1402,350497,35,1,2,332.3,1075.3,133.2,854.4,0.1,19.6,1.2,260.0,0.6,67.5,4.2,402.6,0.4,0.0,0.4,0.0,55.6,55.7,70.8,68.6,0.0,0.0,0.0,0.0,0.1,0.0,0.0,19.6
1403,350498,35,1,2,304.3,1057.3,120.1,867.3,0.0,17.7,0.0,244.3,0.0,52.1,0.0,452.0,0.0,0.0,0.0,0.0,55.3,55.6,64.8,63.4,0.0,0.0,0.0,0.0,0.0,0.0,0.0,17.7
1404,350499,35,1,3,2868.0,1292.8,2698.5,1109.9,25.1,23.4,457.5,98.7,257.1,9.3,1495.1,804.1,141.2,0.0,144.4,0.0,64.5,65.0,135.6,132.9,0.0,0.0,3.0,0.0,25.1,0.0,0.0,23.4
1405,350500,35,1,3,6072.9,3485.7,5818.4,3197.1,57.2,50.2,1069.3,79.4,557.3,89.7,3132.4,1846.8,240.9,672.5,246.0,0.0,147.6,148.7,366.0,359.8,35.0,0.0,24.0,0.0,57.2,0.0,0.0,50.2
1406,350501,35,1,3,3371.8,6893.5,3123.4,6606.5,27.3,48.7,523.0,480.2,266.5,26.9,1485.5,1395.7,110.6,0.0,113.1,4091.6,244.5,246.4,371.2,365.8,5.0,0.0,4.0,0.0,27.3,0.0,0.0,48.7
1407,350502,35,1,3,6264.0,3011.6,5935.2,2657.3,53.9,49.3,940.3,284.0,562.8,178.3,3213.2,1599.8,297.2,0.0,303.4,0.0,186.1,187.6,413.3,407.5,6.0,0.0,13.0,0.0,53.9,0.0,0.0,49.3
1408,350503,35,1,3,5504.2,2320.9,5293.0,2101.9,51.9,37.2,943.1,8.2,533.5,64.0,2875.9,1623.8,209.8,0.0,214.3,0.0,109.4,110.1,299.0,295.9,99.0,0.0,9.0,0.0,51.9,0.0,0.0,37.2
1409,350504,35,1,3,6126.1,2468.2,5873.7,2211.5,58.6,35.1,1093.9,13.2,619.5,0.0,3271.5,1816.7,240.9,0.0,245.7,0.0,108.3,109.0,275.0,272.5,8.0,0.0,11.0,0.0,58.6,0.0,0.0,35.1
1410,350505,35,1,4,5125.0,2402.1,4885.9,2173.9,44.1,30.8,772.6,90.4,441.2,146.0,2512.3,1257.1,227.7,0.0,232.2,0.0,200.5,203.4,478.5,477.0,15.0,0.0,6.0,0.0,44.1,0.0,0.0,30.8
1411,350506,35,1,4,4020.2,1564.6,3840.1,1398.7,38.6,20.1,699.4,2.9,385.2,0.0,2108.3,1146.2,157.0,0.0,160.2,0.0,69.5,70.4,179.4,179.2,74.0,0.0,7.0,0.0,38.6,0.0,0.0,20.1
1412,350507,35,1,4,3197.3,2769.0,2958.0,2504.1,26.7,34.2,482.4,475.7,267.1,95.5,1472.4,1405.0,108.1,30.8,110.5,0.0,176.7,179.3,317.7,317.8,1.0,0.0,22.0,0.0,26.7,0.0,0.0,34.2
1413,350508,35,1,3,6779.2,3328.2,6497.1,3053.7,66.1,38.1,1134.5,111.8,642.5,63.1,3558.2,1869.6,306.3,480.4,312.5,0.0,157.2,159.2,369.0,369.5,9.0,0.0,8.0,0.0,66.1,0.0,0.0,38.1
1414,350509,35,1,4,5684.8,3653.9,5435.6,3418.8,55.4,32.9,1019.8,159.4,538.4,0.0,2940.8,1907.2,193.4,0.0,197.2,824.1,171.6,174.1,352.4,354.1,10.0,0.0,12.0,0.0,55.4,0.0,0.0,32.9
1415,350510,35,1,3,7808.2,2864.0,7553.6,2570.0,70.2,46.1,1340.0,7.6,723.1,0.0,4239.5,2116.8,373.8,0.0,381.4,0.0,126.2,126.9,323.6,318.8,1.0,0.0,45.0,0.0,70.2,0.0,0.0,46.1
1416,350511,35,1,3,12106.2,4622.3,11700.9,4208.0,106.5,63.0,1974.0,150.6,1111.7,84.4,6455.8,3160.0,611.4,0.0,623.6,0.0,241.6,243.8,574.6,569.1,79.0,0.0,29.0,0.0,106.5,0.0,0.0,63.0
1417,350512,35,1,3,5208.0,3147.6,4965.1,2891.4,44.4,38.3,822.8,217.7,478.8,43.8,2697.4,1505.8,245.6,664.9,250.8,0.0,154.9,156.2,306.7,303.0,1.0,0.0,7.0,0.0,44.4,0.0,0.0,38.3
1418,350513,35,1,3,6944.0,4890.6,6683.6,4638.5,60.0,38.9,1031.4,250.9,632.7,85.4,3655.9,1936.7,355.5,525.1,362.6,1222.2,202.8,205.0,415.6,413.1,21.0,0.0,6.0,0.0,60.0,0.0,0.0,38.9
1419,350514,35,1,4,7514.7,5838.6,7177.4,5488.4,56.9,62.7,1100.4,177.9,618.3,1306.6,3262.2,2273.5,218.6,0.0,222.8,0.0,391.7,396.2,1337.5,1334.3,15.0,0.0,11.0,0.0,56.9,0.0,0.0,62.7
1420,350515,35,1,4,7021.6,7172.4,6638.5,6742.0,45.0,81.8,810.7,474.5,452.3,1739.1,2557.4,2105.0,188.2,0.0,192.0,0.0,594.0,600.9,1826.8,1822.5,4.0,0.0,13.0,0.0,45.0,0.0,0.0,81.8
1421,350516,35,1,4,1466.1,1362.2,1338.1,1228.9,11.9,15.3,208.0,247.2,118.9,75.6,657.0,652.2,48.4,0.0,49.5,0.0,86.0,86.9,167.2,167.1,0.0,0.0,3.0,0.0,11.9,0.0,0.0,15.3
1422,350517,35,1,4,5693.0,2311.7,5447.4,2086.7,55.6,25.3,1022.6,18.5,547.0,0.0,3027.6,1702.3,231.2,0.0,235.7,0.0,103.6,104.8,260.7,261.0,7.0,0.0,12.0,0.0,55.6,0.0,0.0,25.3
1423,350518,35,1,4,6640.2,5022.0,6279.8,4665.4,58.4,45.9,1117.7,437.6,585.5,145.5,3170.2,2652.5,181.4,435.8,185.0,0.0,317.6,322.1,669.4,671.9,43.0,0.0,10.0,0.0,58.4,0.0,0.0,45.9
1424,350519,35,1,2,480.7,1533.3,162.1,1193.9,0.0,24.4,0.0,1036.7,0.0,0.0,3.0,0.0,0.0,0.0,0.0,0.0,156.1,157.2,0.0,0.0,0.0,0.0,3.0,0.0,0.0,0.0,0.0,24.4
1425,350520,35,1,2,900.5,3062.1,324.8,2448.8,0.0,39.1,0.0,2089.6,0.0,4.9,2.0,31.8,0.0,0.0,0.0,0.0,317.8,319.5,3.0,2.9,0.0,0.0,2.0,0.0,0.0,0.0,0.0,39.1
1426,350521,35,1,3,4431.7,4250.4,4107.7,3888.1,33.5,47.4,652.9,442.7,358.6,124.9,2083.3,2118.3,188.9,615.5,192.9,0.0,217.0,218.6,373.1,368.1,20.0,0.0,21.0,0.0,33.5,0.0,0.0,47.4
1427,350522,35,1,3,939.8,3310.3,341.0,2658.5,0.0,45.9,0.0,1895.8,0.0,27.4,3.0,399.1,0.0,0.0,0.0,0.0,294.9,296.8,40.1,39.3,0.0,0.0,3.0,0.0,0.0,0.0,0.0,45.9
1428,350523,35,1,3,114.8,208.0,16.9,100.1,0.0,1.8,0.0,24.9,0.0,11.1,0.0,47.5,0.0,0.0,0.0,0.0,5.9,5.8,11.0,10.7,0.0,0.0,0.0,0.0,0.0,0.0,0.0,1.8
1429,350524,35,1,1,637.9,2117.7,317.0,1771.6,0.4,33.4,5.9,491.9,3.2,144.0,23.4,858.8,2.2,0.0,2.4,0.0,122.8,123.3,156.1,153.5,0.0,0.0,1.0,0.0,0.4,0.0,0.0,33.4
1430,350525,35,1,2,346.7,1053.4,146.5,843.7,0.2,14.2,3.6,230.2,2.1,63.4,15.7,430.2,1.5,0.0,1.6,0.0,54.6,54.8,66.4,65.1,0.0,0.0,1.0,0.0,0.2,0.0,0.0,14.2
1431,350526,35,1,2,105.2,103.7,11.0,6.6,0.1,0.2,2.2,0.0,1.1,0.0,6.7,6.1,0.3,0.0,0.3,0.0,0.1,0.1,0.4,0.4,0.0,0.0,0.0,0.0,0.1,0.0,0.0,0.2
1432,350527,35,1,2,217.0,321.6,20.5,120.6,0.0,2.1,0.0,74.2,0.0,4.9,5.0,31.1,0.0,0.0,0.0,0.0,7.1,7.1,3.4,3.4,0.0,0.0,5.0,0.0,0.0,0.0,0.0,2.1
1433,350528,35,1,3,9546.7,4433.1,9102.9,3974.7,79.8,50.6,1643.4,573.7,877.3,10.1,5024.3,2740.4,417.7,0.0,426.1,0.0,244.6,245.6,411.5,405.0,24.0,0.0,34.0,0.0,79.8,0.0,0.0,50.6
1434,350529,35,1,2,6581.2,2591.2,6302.6,2333.5,52.9,27.7,1176.3,36.4,602.9,0.0,3507.8,1911.4,308.1,0.0,314.0,0.0,109.1,109.7,280.4,276.1,0.0,0.0,4.0,0.0,52.9,0.0,0.0,27.7
1435,350530,35,1,3,1348.5,522.8,1234.5,410.8,10.9,5.8,211.4,11.9,118.3,0.0,699.8,334.2,68.8,0.0,70.3,0.0,17.9,17.7,48.0,47.1,0.0,0.0,0.0,0.0,10.9,0.0,0.0,5.8
1436,350531,35,1,3,8615.5,4109.1,8281.7,3775.5,71.1,36.2,1442.6,129.4,771.6,0.0,4561.8,2318.1,450.9,796.0,460.1,0.0,168.8,169.7,368.9,362.2,41.0,0.0,16.0,0.0,71.1,0.0,0.0,36.2
1437,350532,35,1,3,4604.8,7511.5,4248.8,7072.1,12.0,80.2,251.6,473.6,131.4,2730.4,778.7,963.7,65.1,0.0,66.7,0.0,707.7,709.5,2237.6,2194.9,1.0,0.0,9.0,0.0,12.0,0.0,0.0,80.2
1438,350533,35,1,3,9439.9,3208.9,9129.7,2921.2,73.3,26.2,1522.4,7.4,870.4,0.0,5159.7,2427.8,525.3,0.0,535.9,0.0,138.1,138.6,353.8,347.4,17.0,0.0,7.0,0.0,73.3,0.0,0.0,26.2
1439,350534,35,1,3,1260.6,5082.6,513.5,4219.0,0.0,94.3,0.0,2522.0,0.0,28.6,14.0,1171.5,0.0,0.0,0.0,0.0,388.5,397.8,97.0,99.1,0.0,0.0,14.0,0.0,0.0,0.0,0.0,94.3
1440,350535,35,1,3,1409.0,4043.4,946.0,3483.9,0.0,78.7,0.0,1284.2,0.0,567.8,16.0,695.8,0.0,0.0,0.0,0.0,335.8,344.1,578.2,591.9,0.0,0.0,16.0,0.0,0.0,0.0,0.0,78.7
1441,350536,35,1,4,279.0,920.2,141.4,766.3,0.0,16.0,0.0,296.4,0.0,56.7,3.0,274.3,0.0,0.0,0.0,0.0,63.9,65.5,71.5,73.3,0.0,0.0,3.0,0.0,0.0,0.0,0.0,16.0
1442,350537,35,1,4,713.4,1619.4,545.4,1415.1,0.0,32.8,0.0,280.8,0.0,238.4,7.0,347.9,0.0,0.0,0.0,0.0,161.9,166.5,369.5,381.5,0.0,0.0,7.0,0.0,0.0,0.0,0.0,32.8
1443,350538,35,1,4,1029.5,2520.3,817.4,2246.4,0.0,52.4,0.0,372.4,0.0,519.3,12.0,535.8,0.0,0.0,0.0,0.0,206.4,212.1,587.0,606.8,0.0,0.0,12.0,0.0,0.0,0.0,0.0,52.4
1444,350539,35,1,4,1498.3,2169.0,1316.1,1945.8,10.2,44.3,153.0,362.1,79.7,206.8,416.6,754.5,17.7,0.0,18.3,0.0,191.5,197.0,411.3,425.4,20.0,0.0,8.0,0.0,10.2,0.0,0.0,44.3
1445,350540,35,1,4,5198.7,6903.2,4697.9,6279.8,40.3,146.4,613.0,1039.7,320.8,722.6,1636.6,2492.4,68.4,0.0,70.0,0.0,599.5,617.3,1359.7,1407.8,18.0,0.0,12.0,0.0,40.3,0.0,0.0,146.4
1446,350541,35,1,4,2804.9,2964.5,2563.1,2679.7,22.8,59.7,358.6,472.3,187.0,235.0,923.2,943.4,36.1,0.0,36.9,0.0,314.8,324.3,680.5,704.6,20.0,0.0,6.0,0.0,22.8,0.0,0.0,59.7
1447,350542,35,1,4,703.9,965.8,573.9,826.7,6.1,15.2,99.5,151.7,49.5,36.0,253.2,363.6,10.9,99.3,11.3,30.3,50.9,52.3,90.6,93.6,6.0,0.0,2.0,0.0,6.1,0.0,0.0,15.2
1448,350543,35,1,4,599.3,1852.1,338.0,1554.5,0.0,31.6,0.0,878.3,0.0,117.6,5.0,221.7,0.0,0.0,0.0,0.0,165.6,169.8,162.4,167.1,0.0,0.0,5.0,0.0,0.0,0.0,0.0,31.6
1449,350544,35,1,4,539.7,2848.8,278.1,2532.0,0.0,53.5,0.0,792.2,0.0,103.0,4.0,1358.8,0.0,0.0,0.0,0.0,112.8,115.6,157.3,162.4,0.0,0.0,4.0,0.0,0.0,0.0,0.0,53.5
1450,350545,35,1,4,482.6,1600.0,227.5,1315.3,0.0,27.6,0.0,671.5,0.0,87.4,3.0,328.8,0.0,0.0,0.0,0.0,124.0,127.3,97.5,100.2,0.0,0.0,3.0,0.0,0.0,0.0,0.0,27.6
1451,350546,35,1,4,2983.3,7179.1,2560.3,6605.4,0.0,145.7,0.0,934.0,0.0,1772.6,7.0,1272.2,0.0,0.0,0.0,0.0,628.0,645.6,1918.3,1980.9,0.0,0.0,7.0,0.0,0.0,0.0,0.0,145.7
1452,350547,35,1,4,800.6,2220.7,549.1,1929.1,2.3,39.9,35.6,527.1,18.2,191.0,99.9,817.1,4.1,0.0,4.3,0.0,144.7,148.3,238.3,245.5,0.0,0.0,4.0,0.0,2.3,0.0,0.0,39.9
1453,350548,35,1,4,559.0,1958.1,286.3,1651.1,0.2,34.1,2.4,589.9,1.8,125.7,9.2,657.1,0.2,0.0,0.2,0.0,120.8,123.9,149.6,154.6,0.0,0.0,2.0,0.0,0.2,0.0,0.0,34.1
1454,350549,35,1,4,1837.0,2027.1,1666.9,1829.6,18.0,38.5,277.8,337.2,143.8,109.0,750.5,952.5,33.2,0.0,34.0,0.0,140.5,144.4,278.0,286.6,2.0,0.0,7.0,0.0,18.0,0.0,0.0,38.5
1455,350550,35,1,4,3137.4,5054.6,2793.1,4609.4,18.8,107.8,285.1,716.2,145.4,862.5,781.1,1487.4,37.1,0.0,38.0,0.0,399.3,411.0,1094.1,1132.3,2.0,0.0,11.0,0.0,18.8,0.0,0.0,107.8
1456,350551,35,1,4,555.6,2231.6,440.0,2083.5,0.0,32.3,0.0,414.0,0.0,102.5,4.0,444.6,0.0,548.3,0.0,129.6,170.9,175.4,261.1,269.1,0.0,0.0,4.0,0.0,0.0,0.0,0.0,32.3
1457,350552,35,1,4,4433.5,5440.1,3999.8,4916.1,36.9,111.9,548.5,895.7,301.5,451.3,1541.6,2143.9,86.7,0.0,88.5,0.0,441.0,453.2,942.0,972.1,36.0,0.0,14.0,0.0,36.9,0.0,0.0,111.9
1458,350553,35,1,4,4988.1,3878.9,4725.9,3572.3,53.4,83.2,836.7,125.5,440.3,530.0,2143.1,1778.5,80.6,0.0,82.3,0.0,264.4,272.3,837.4,865.9,29.0,0.0,12.0,0.0,53.4,0.0,0.0,83.2
1459,350554,35,1,4,4674.6,2536.8,4382.0,2235.1,53.0,46.6,852.5,236.5,432.0,48.3,2274.8,1464.0,139.5,0.0,142.3,0.0,150.6,154.8,321.3,331.6,55.0,0.0,14.0,0.0,53.0,0.0,0.0,46.6
1460,350555,35,1,4,3318.0,1702.7,3146.0,1529.4,40.1,31.8,657.0,3.5,330.8,0.0,1672.4,1220.2,70.4,0.0,72.0,0.0,83.1,85.4,213.3,220.3,40.0,0.0,7.0,0.0,40.1,0.0,0.0,31.8
1461,350556,35,1,4,473.4,1418.2,307.0,1223.8,0.0,22.3,0.0,447.3,0.0,166.9,9.0,313.4,0.0,0.0,0.0,0.0,101.5,103.8,187.5,192.5,0.0,0.0,9.0,0.0,0.0,0.0,0.0,22.3
1462,350557,35,1,4,963.5,3002.9,657.5,2638.3,0.0,51.5,0.0,699.2,0.0,334.3,9.0,947.3,0.0,0.0,0.0,0.0,219.9,225.8,419.5,431.7,0.0,0.0,9.0,0.0,0.0,0.0,0.0,51.5
1463,350558,35,1,4,566.6,1524.5,445.9,1342.6,0.0,26.8,0.0,362.9,0.0,244.4,38.0,355.6,0.0,0.0,0.0,0.0,112.8,115.6,257.1,264.1,0.0,0.0,38.0,0.0,0.0,0.0,0.0,26.8
1464,350559,35,1,4,2137.7,2517.9,1830.9,2184.5,20.4,43.7,319.2,532.7,166.1,147.1,855.6,1085.3,37.8,0.0,38.8,0.0,150.4,154.2,257.9,265.3,3.0,0.0,2.0,0.0,20.4,0.0,0.0,43.7
1465,350560,35,1,4,1834.9,3231.6,1593.8,2937.7,11.7,60.9,180.3,732.5,93.5,359.8,489.0,1043.4,21.7,0.0,22.4,0.0,243.4,250.1,535.5,551.9,3.0,0.0,5.0,0.0,11.7,0.0,0.0,60.9
1466,350561,35,1,4,2057.5,4344.3,1745.8,3950.6,8.9,85.5,136.2,737.7,70.5,537.8,374.1,1525.6,16.7,0.0,17.3,0.0,339.6,349.2,775.4,800.1,9.0,0.0,7.0,0.0,8.9,0.0,0.0,85.5
1467,350562,35,1,4,5648.5,4624.8,5308.6,4243.5,60.0,90.0,915.2,416.3,494.5,429.2,2495.6,2191.4,110.4,0.0,112.7,0.0,330.4,339.7,840.8,866.9,1.0,0.0,8.0,0.0,60.0,0.0,0.0,90.0
1468,350563,35,1,4,5127.4,2175.2,4935.6,1981.1,62.6,41.0,914.5,25.0,527.1,0.0,2749.3,1577.2,167.9,0.0,171.2,0.0,104.6,107.2,264.0,271.7,18.0,0.0,19.0,0.0,62.6,0.0,0.0,41.0
1469,350564,35,1,4,3302.0,5895.1,2553.0,5069.6,25.5,87.7,413.1,1632.8,214.4,101.7,1115.5,2625.7,49.7,0.0,50.7,0.0,351.8,359.6,342.7,349.7,5.0,0.0,10.0,0.0,25.5,0.0,0.0,87.7
1470,350565,35,1,4,544.2,1725.7,387.6,1544.2,0.0,25.3,0.0,486.1,0.0,101.1,3.0,567.9,0.0,0.0,0.0,0.0,156.6,160.0,225.0,229.2,0.0,0.0,3.0,0.0,0.0,0.0,0.0,25.3
1471,350566,35,1,4,1668.0,4042.0,1420.6,3726.1,0.5,69.5,7.5,845.9,3.8,683.4,25.3,782.2,0.9,0.0,1.0,0.0,436.4,447.2,941.6,967.3,0.0,0.0,4.0,0.0,0.5,0.0,0.0,69.5
1472,350567,35,1,4,1171.7,2291.3,897.0,1983.2,7.1,36.9,114.2,531.8,57.0,140.0,296.6,913.6,12.9,0.0,13.4,0.0,145.8,149.2,242.0,248.5,9.0,0.0,6.0,0.0,7.1,0.0,0.0,36.9
1473,350568,35,1,4,1120.2,1906.6,914.8,1675.1,7.1,31.8,115.3,316.3,58.0,190.9,298.5,753.3,12.6,0.0,13.0,0.0,127.8,130.6,276.6,284.1,9.0,0.0,4.0,0.0,7.1,0.0,0.0,31.8
1474,350569,35,1,4,2876.4,5327.6,2456.9,4817.0,14.8,90.3,231.3,1040.7,124.5,670.0,642.1,1676.4,26.8,0.0,27.5,0.0,417.8,428.5,972.9,1001.4,0.0,0.0,14.0,0.0,14.8,0.0,0.0,90.3
1475,350570,35,1,4,1723.0,3826.1,1421.4,3454.7,3.2,67.7,49.0,675.0,26.0,482.2,143.8,1080.5,6.3,0.0,6.5,0.0,368.5,378.4,814.3,838.6,0.0,0.0,7.0,0.0,3.2,0.0,0.0,67.7
1476,350571,35,1,4,6536.5,6826.5,6140.9,6372.7,55.9,102.1,805.1,547.0,462.1,725.8,2522.8,2025.9,184.1,0.0,187.8,1057.9,564.4,579.7,1394.7,1436.4,10.0,0.0,10.0,0.0,55.9,0.0,0.0,102.1
1477,350572,35,1,4,3614.2,2690.0,3382.0,2440.2,39.6,45.9,622.9,189.9,333.7,153.1,1688.9,1527.8,76.1,0.0,77.9,0.0,160.2,164.5,393.3,404.9,20.0,0.0,9.0,0.0,39.6,0.0,0.0,45.9
1478,350573,35,1,3,4823.0,3089.2,4562.7,2805.2,54.8,60.4,850.9,131.6,447.4,207.3,2311.6,1776.5,113.5,0.0,116.1,0.0,179.8,184.8,490.3,505.1,45.0,0.0,8.0,0.0,54.8,0.0,0.0,60.4
1479,350574,35,1,4,6339.0,18310.7,5193.8,16890.0,4.3,260.1,70.0,5045.4,38.5,920.9,216.0,5989.8,11.0,0.0,11.4,0.0,1951.1,1994.0,2881.8,2939.9,0.0,0.0,14.0,0.0,4.3,0.0,0.0,260.1
1480,350575,35,1,4,1359.9,5108.7,563.0,4225.4,0.0,69.0,0.0,2441.8,0.0,137.6,13.0,1096.7,0.0,0.0,0.0,0.0,400.5,409.8,136.5,139.5,0.0,0.0,13.0,0.0,0.0,0.0,0.0,69.0
1481,350576,35,1,4,1494.0,3899.8,1081.8,3422.9,1.3,62.7,21.0,1088.6,10.6,585.3,59.7,744.0,2.1,0.0,2.2,0.0,334.0,341.9,646.2,663.0,0.0,0.0,6.0,0.0,1.3,0.0,0.0,62.7
1482,350577,35,1,4,1465.0,2349.9,1276.4,2130.4,7.9,39.7,127.5,262.8,64.1,537.4,327.5,589.1,13.7,0.0,14.1,0.0,166.1,170.4,555.4,570.6,5.0,0.0,3.0,0.0,7.9,0.0,0.0,39.7
1483,350578,35,1,4,2182.3,4225.2,1846.0,3821.1,7.0,68.5,108.3,902.9,58.3,454.1,301.3,1082.2,12.6,0.0,13.1,0.0,439.0,450.4,906.3,931.6,1.0,0.0,6.0,0.0,7.0,0.0,0.0,68.5
1484,350579,35,1,4,3175.5,6867.2,2727.4,6285.9,0.2,116.1,2.4,825.0,1.7,1266.5,25.2,1438.3,0.2,0.0,0.2,0.0,757.8,777.8,1922.0,1978.3,0.0,0.0,18.0,0.0,0.2,0.0,0.0,116.1
1485,350580,35,1,4,7906.2,5794.5,7483.6,5333.5,80.0,94.8,1240.3,354.7,642.1,450.3,3549.1,2862.6,194.7,0.0,198.8,0.0,468.3,480.3,1152.2,1185.6,19.0,0.0,19.0,0.0,80.0,0.0,0.0,94.8
1486,350581,35,1,4,6684.4,3737.0,6344.0,3394.1,77.5,60.1,1249.0,182.9,658.9,67.1,3375.1,2400.3,156.3,0.0,159.8,0.0,216.6,222.3,507.4,521.6,5.0,0.0,16.0,0.0,77.5,0.0,0.0,60.1
1487,350582,35,1,4,3300.4,1970.0,3073.7,1740.9,37.4,31.2,642.5,120.6,303.7,26.9,1613.9,1240.6,77.9,0.0,79.8,0.0,104.9,107.4,239.1,245.4,5.0,0.0,7.0,0.0,37.4,0.0,0.0,31.2
1488,350583,35,1,4,10086.3,4711.7,9705.7,4368.4,113.7,62.6,1858.4,73.4,995.6,0.0,5317.2,3445.2,302.9,0.0,308.7,0.0,244.0,249.4,588.9,600.3,79.0,0.0,11.0,0.0,113.7,0.0,0.0,62.6
1489,350584,35,1,4,3237.0,2422.3,3000.3,2183.0,33.9,32.9,537.3,358.1,298.9,141.8,1523.2,1217.1,75.4,0.0,76.7,0.0,143.8,147.1,312.0,318.9,28.0,0.0,5.0,0.0,33.9,0.0,0.0,32.9
1490,350585,35,1,4,80.4,118.6,4.9,46.8,0.0,0.6,0.0,41.9,0.0,0.0,0.0,0.0,0.0,0.0,0.0,0.0,4.9,4.9,0.0,0.0,0.0,0.0,0.0,0.0,0.0,0.0,0.0,0.6
1491,350586,35,1,4,1560.1,4148.6,1123.6,3653.3,0.5,59.3,7.5,1079.0,3.9,461.0,25.2,1005.7,0.9,0.0,1.0,0.0,382.3,391.3,698.8,716.3,0.0,0.0,4.0,0.0,0.5,0.0,0.0,59.3
1492,350587,35,1,4,4165.6,2890.6,3906.3,2631.8,46.2,41.2,778.2,202.7,390.3,89.7,1969.8,1779.7,82.3,0.0,84.0,0.0,165.4,169.7,380.2,390.1,51.0,0.0,5.0,0.0,46.2,0.0,0.0,41.2
1493,350588,35,1,4,3710.8,5438.3,3132.0,4802.4,30.1,76.4,474.9,1891.0,250.4,156.1,1315.2,1790.5,63.5,0.0,64.9,0.0,438.4,449.2,501.7,515.6,18.0,0.0,5.0,0.0,30.1,0.0,0.0,76.4
1494,350589,35,1,4,2181.1,5651.4,1769.2,5143.8,0.2,86.1,2.3,1045.4,1.7,813.3,18.0,1501.4,0.2,0.0,0.2,0.0,527.1,541.2,1208.6,1242.5,0.0,0.0,11.0,0.0,0.2,0.0,0.0,86.1
1495,350590,35,1,4,5202.5,6286.9,4787.7,5805.1,40.5,95.8,665.1,643.8,336.2,995.6,1739.5,2264.4,76.9,0.0,78.7,0.0,489.5,502.3,1360.7,1399.0,30.0,0.0,11.0,0.0,40.5,0.0,0.0,95.8
1496,350591,35,1,4,3601.3,4830.6,3356.6,4574.7,36.7,43.4,602.6,498.5,316.0,47.8,1639.5,1570.6,79.5,1507.3,81.6,339.1,217.0,222.8,378.3,388.7,36.0,0.0,6.0,0.0,36.7,0.0,0.0,43.4
1497,350592,35,1,4,2905.3,4137.6,2571.2,3775.4,26.1,49.9,461.2,1002.1,217.8,38.6,1156.5,1386.8,54.9,25.8,56.5,690.3,244.3,250.8,370.9,381.0,2.0,0.0,7.0,0.0,26.1,0.0,0.0,49.9
1498,350593,35,1,3,1872.5,993.2,1757.4,869.5,22.2,20.0,349.1,3.1,184.5,34.7,922.9,631.8,39.0,0.0,40.0,0.0,50.3,51.6,143.6,148.2,25.0,0.0,3.0,0.0,22.2,0.0,0.0,20.0
1499,350594,35,1,3,4077.6,2284.7,3853.3,2042.0,43.4,36.3,727.9,160.7,382.9,23.0,2021.6,1247.1,123.8,167.7,126.7,0.0,138.5,141.7,294.8,301.7,31.0,0.0,6.0,0.0,43.4,0.0,0.0,36.3
1500,350595,35,1,3,3376.6,1329.7,3184.6,1125.9,36.5,23.8,606.7,2.5,314.5,0.0,1673.8,899.9,107.2,0.0,109.9,0.0,60.9,62.2,157.5,161.2,150.0,0.0,4.0,0.0,36.5,0.0,0.0,23.8
1501,350596,35,1,3,4453.0,3245.5,4175.1,2925.1,47.6,52.9,830.6,248.5,411.6,8.4,2147.2,1723.9,108.0,427.1,110.5,0.0,175.2,179.4,330.9,337.9,44.0,0.0,17.0,0.0,47.6,0.0,0.0,52.9
1502,350597,35,1,3,5969.6,4814.0,5600.4,4380.4,53.8,76.0,947.1,316.5,460.2,329.5,2560.8,1758.5,170.8,728.0,174.6,0.0,365.2,373.6,857.7,874.2,40.0,0.0,24.0,0.0,53.8,0.0,0.0,76.0
1503,350598,35,1,3,8040.4,10848.4,7386.4,9988.6,42.7,208.5,763.0,865.2,384.9,2459.6,2054.0,2665.2,112.3,0.0,114.8,0.0,977.4,999.5,2953.0,2999.1,2.0,0.0,25.0,0.0,42.7,0.0,0.0,208.5
1504,350599,35,1,3,5584.3,3244.0,5308.1,2935.3,61.0,55.0,1121.4,77.4,565.7,0.0,2781.6,1960.9,114.6,370.5,117.4,0.0,155.8,159.3,361.6,367.2,66.0,0.0,24.0,0.0,61.0,0.0,0.0,55.0
1505,350600,35,1,3,3066.2,3304.2,2876.4,3091.0,32.1,43.7,504.5,173.0,268.4,171.7,1344.3,1113.6,58.3,1002.4,59.8,0.0,178.9,183.5,434.1,446.7,22.0,0.0,6.0,0.0,32.1,0.0,0.0,43.7
1506,350601,35,1,4,2451.4,2539.3,2271.4,2333.2,24.4,42.4,413.0,352.2,229.2,195.1,1021.4,1244.6,30.9,0.0,31.8,0.0,147.5,151.0,379.6,390.2,12.0,0.0,6.0,0.0,24.4,0.0,0.0,42.4
1507,350602,35,1,4,4715.2,6451.1,4252.9,5889.1,29.6,112.3,505.8,722.7,283.0,747.0,1261.5,2276.1,37.4,0.0,38.4,0.0,621.5,638.0,1465.4,1505.2,27.0,0.0,13.0,0.0,29.6,0.0,0.0,112.3
1508,350603,35,1,4,4839.6,3512.7,4508.2,3161.5,48.3,58.8,859.9,295.4,413.3,319.5,2144.0,1690.1,107.8,0.0,110.2,0.0,232.4,238.6,601.6,617.8,31.0,0.0,8.0,0.0,48.3,0.0,0.0,58.8
1509,350604,35,1,4,3140.1,1507.5,2955.9,1319.7,34.7,24.4,609.2,23.8,304.4,3.3,1563.5,1034.1,72.8,0.0,74.6,0.0,70.9,72.8,181.5,185.7,70.0,0.0,9.0,0.0,34.7,0.0,0.0,24.4
1510,350605,35,1,3,2836.2,1952.2,2634.7,1726.0,28.9,33.9,500.7,183.2,255.6,53.3,1301.8,1045.9,58.5,0.0,60.0,0.0,137.4,140.8,295.7,302.7,19.0,0.0,6.0,0.0,28.9,0.0,0.0,33.9
1511,350606,35,1,3,4262.3,3045.1,3979.0,2718.6,41.7,57.0,702.3,241.9,368.7,283.2,1908.5,1462.1,110.3,0.0,112.9,0.0,194.3,199.4,520.0,532.0,54.0,0.0,8.0,0.0,41.7,0.0,0.0,57.0
1512,350607,35,1,3,3412.5,2465.1,3139.9,2155.3,33.7,44.7,592.0,251.8,306.0,118.9,1541.5,1251.4,80.1,0.0,81.9,0.0,160.9,164.7,361.6,368.4,10.0,0.0,6.0,0.0,33.7,0.0,0.0,44.7
1513,350608,35,1,4,4394.5,4692.4,4123.4,4373.3,39.7,78.0,672.0,267.9,390.7,734.4,1612.4,1991.2,45.2,0.0,46.5,0.0,326.4,334.9,1016.2,1044.9,7.0,0.0,7.0,0.0,39.7,0.0,0.0,78.0
1514,350609,35,1,4,2750.9,2210.7,2533.1,1980.4,28.2,34.3,479.8,221.1,245.7,100.9,1247.8,1216.1,55.7,0.0,57.1,0.0,133.0,136.4,298.0,305.9,10.0,0.0,6.0,0.0,28.2,0.0,0.0,34.3
1515,350610,35,1,4,4167.0,3605.4,3859.3,3273.2,39.3,57.8,669.6,324.9,346.5,331.2,1747.5,1700.4,80.7,0.0,82.6,0.0,255.0,261.7,637.5,654.9,34.0,0.0,6.0,0.0,39.3,0.0,0.0,57.8
1516,350611,35,1,4,3786.9,5378.5,3411.0,4934.8,25.3,87.6,422.7,780.9,237.2,925.5,1120.9,1656.4,42.2,0.0,43.3,0.0,408.4,419.1,1123.3,1152.9,7.0,0.0,6.0,0.0,25.3,0.0,0.0,87.6
1517,350612,35,1,4,3095.2,2788.1,2781.3,2442.7,25.2,44.5,445.3,329.7,221.0,188.2,1131.2,1071.1,59.8,0.0,61.3,0.0,265.0,271.7,567.7,581.9,20.0,0.0,10.0,0.0,25.2,0.0,0.0,44.5
1518,350613,35,1,3,2400.6,1192.1,2228.6,1009.9,26.5,19.9,447.3,18.5,234.2,3.5,1203.2,804.9,66.6,0.0,68.3,0.0,51.2,52.4,127.8,130.6,27.0,0.0,3.0,0.0,26.5,0.0,0.0,19.9
1519,350614,35,1,3,7671.9,8080.6,7102.8,7398.5,56.7,131.9,909.8,1108.8,501.0,568.4,2719.8,2342.9,200.2,13.8,204.3,778.6,832.1,853.4,1695.6,1732.6,26.0,0.0,14.0,0.0,56.7,0.0,0.0,131.9
1520,350615,35,1,3,3920.4,2482.7,3677.9,2202.9,39.5,45.9,688.8,134.6,359.8,198.7,1819.3,1310.8,92.8,0.0,95.0,0.0,146.0,149.5,401.2,409.2,63.0,0.0,12.0,0.0,39.5,0.0,0.0,45.9
1521,350616,35,1,3,8890.9,5343.8,8372.7,4782.8,86.3,91.0,1480.9,647.9,778.5,150.2,4237.5,2702.5,321.8,59.6,328.2,16.0,395.1,404.2,787.6,802.3,29.0,0.0,14.0,0.0,86.3,0.0,0.0,91.0
1522,350617,35,1,4,4410.4,5900.7,3940.7,5366.8,36.4,88.1,625.1,1172.3,340.8,259.3,1563.2,2623.4,53.2,0.0,54.6,0.0,452.9,464.5,824.7,847.3,17.0,0.0,9.0,0.0,36.4,0.0,0.0,88.1
1523,350618,35,1,4,4343.3,3428.6,4043.7,3113.5,41.7,48.7,727.2,402.4,369.9,155.3,1889.4,1667.4,85.3,0.0,87.1,0.0,270.1,277.2,595.6,611.1,11.0,0.0,8.0,0.0,41.7,0.0,0.0,48.7
1524,350619,35,1,4,3873.4,6108.5,3310.1,5475.0,26.5,87.2,456.4,1845.5,234.7,137.1,1206.0,2171.8,58.3,0.0,59.7,0.0,526.4,539.9,761.6,780.8,0.0,0.0,7.0,0.0,26.5,0.0,0.0,87.2
1525,350620,35,1,4,6517.2,7453.1,5940.7,6810.4,56.0,110.2,967.8,1337.2,512.3,487.3,2516.9,3231.7,105.5,0.0,107.8,0.0,573.2,587.2,1138.3,1167.0,11.0,0.0,8.0,0.0,56.0,0.0,0.0,110.2
1526,350621,35,1,4,2290.2,2735.3,2046.3,2480.7,19.6,26.7,349.3,212.5,174.7,85.9,880.1,760.5,45.2,871.4,46.3,0.0,178.1,182.3,359.7,368.1,7.0,0.0,6.0,0.0,19.6,0.0,0.0,26.7
1527,350622,35,1,3,2277.3,1013.9,2123.2,849.7,24.8,15.6,427.2,1.4,220.0,0.0,1156.6,683.0,64.5,0.0,66.1,0.0,44.8,45.8,117.0,119.4,22.0,0.0,5.0,0.0,24.8,0.0,0.0,15.6
1528,350623,35,1,3,4860.4,2590.0,4544.8,2241.0,49.5,42.8,823.2,154.2,420.9,114.0,2369.0,1488.9,199.7,0.0,203.9,0.0,137.8,141.1,336.1,342.8,40.0,0.0,14.0,0.0,49.5,0.0,0.0,42.8
1529,350624,35,1,3,4094.2,2454.7,3876.3,2209.3,41.9,43.7,700.4,112.9,378.7,249.6,1953.3,1245.2,109.0,0.0,111.5,0.0,148.8,152.0,440.8,449.5,25.0,0.0,9.0,0.0,41.9,0.0,0.0,43.7
1530,350625,35,1,3,7736.8,8976.2,7341.3,8528.1,76.1,83.0,1359.8,631.9,680.2,0.0,3669.7,2563.3,241.8,608.2,246.9,3670.4,391.8,400.3,643.2,654.0,83.0,0.0,25.0,0.0,76.1,0.0,0.0,83.0
1531,350626,35,1,3,10442.3,7748.5,9838.0,7044.4,84.5,133.8,1527.5,589.3,783.8,965.0,4126.5,2701.4,265.7,0.0,271.1,0.0,789.5,804.9,1963.9,1983.7,75.0,0.0,35.0,0.0,84.5,0.0,0.0,133.8
1532,350627,35,1,4,4433.6,3947.5,4105.1,3607.0,44.0,48.8,739.3,463.4,386.9,248.5,1984.7,2070.4,88.7,0.0,90.4,0.0,246.5,251.9,560.7,572.7,2.0,0.0,6.0,0.0,44.0,0.0,0.0,48.8
1533,350628,35,1,4,358.2,1254.5,156.4,1039.3,0.0,13.4,0.0,557.7,0.0,46.3,2.0,279.6,0.0,0.0,0.0,0.0,96.5,98.5,56.0,57.2,0.0,0.0,2.0,0.0,0.0,0.0,0.0,13.4
1534,350629,35,1,4,5422.9,5642.8,4955.9,5142.8,49.9,73.7,810.8,737.5,429.0,506.8,2258.9,2671.8,111.5,0.0,113.6,0.0,361.8,370.3,835.4,856.4,28.0,0.0,7.0,0.0,49.9,0.0,0.0,73.7
1535,350630,35,1,4,5168.1,4841.4,4779.7,4427.2,50.7,66.0,822.3,414.4,437.0,377.9,2275.6,2597.9,107.8,0.0,110.1,0.0,292.1,299.3,718.8,737.6,8.0,0.0,8.0,0.0,50.7,0.0,0.0,66.0
1536,350631,35,1,4,5437.0,6000.2,4981.1,5496.2,46.7,78.4,786.4,681.9,409.9,715.5,2126.8,2639.0,98.6,0.0,100.6,0.0,394.9,404.7,1027.9,1055.0,21.0,0.0,15.0,0.0,46.7,0.0,0.0,78.4
1537,350632,35,1,4,4509.8,2716.2,4282.8,2490.2,49.0,32.3,846.1,139.2,440.9,18.9,2284.4,1866.9,105.6,0.0,107.8,0.0,139.7,143.0,314.3,322.2,30.0,0.0,14.0,0.0,49.0,0.0,0.0,32.3
1538,350633,35,1,4,7303.2,4747.6,6931.3,4378.1,79.9,64.2,1322.5,383.0,702.1,138.4,3609.2,2923.6,164.3,0.0,167.8,0.0,276.4,283.5,633.0,649.6,47.0,0.0,9.0,0.0,79.9,0.0,0.0,64.2
1539,350634,35,1,4,7247.2,8145.4,6741.5,7593.5,64.5,96.9,1094.2,862.3,575.1,981.7,2893.9,3074.4,125.3,726.5,128.2,0.0,511.9,524.5,1388.9,1424.0,12.0,0.0,12.0,0.0,64.5,0.0,0.0,96.9
1540,350635,35,1,4,5193.9,4697.6,4781.0,4265.3,53.1,64.2,889.2,880.9,499.4,123.0,2329.1,2387.8,83.0,0.0,84.8,0.0,303.8,311.4,547.6,562.3,39.0,0.0,5.0,0.0,53.1,0.0,0.0,64.2
1541,350636,35,1,4,5397.1,5123.6,5078.3,4776.4,45.1,66.7,787.2,313.0,403.8,938.3,2016.1,1839.2,83.2,0.0,85.1,0.0,397.8,407.4,1247.0,1278.5,50.0,0.0,8.0,0.0,45.1,0.0,0.0,66.7
1542,350637,35,1,4,5928.2,13283.2,5105.8,12281.6,25.1,186.6,434.8,3637.2,223.8,189.2,1118.0,5147.0,44.6,0.0,45.9,0.0,1388.9,1424.2,1834.9,1884.0,3.0,0.0,12.0,0.0,25.1,0.0,0.0,186.6
1543,350638,35,1,4,3034.0,2696.2,2815.5,2465.8,27.2,33.7,467.0,320.1,250.3,131.9,1221.2,1253.2,46.8,0.0,48.0,0.0,238.7,244.7,503.4,515.9,35.0,0.0,5.0,0.0,27.2,0.0,0.0,33.7
1544,350639,35,1,4,3023.7,1969.5,2856.3,1802.8,33.1,26.7,566.1,130.7,304.8,41.4,1477.8,1270.8,56.0,0.0,57.4,0.0,103.6,106.1,247.6,253.8,38.0,0.0,5.0,0.0,33.1,0.0,0.0,26.7
1545,350640,35,1,4,4668.6,11931.0,3537.7,10636.6,21.5,158.7,362.9,4763.8,212.3,3.3,971.8,3926.4,31.8,0.0,32.7,0.0,935.3,958.3,960.9,984.7,13.0,0.0,17.0,0.0,21.5,0.0,0.0,158.7
1546,350641,35,1,4,3212.8,1462.7,3065.0,1319.1,34.9,20.6,578.9,33.8,304.9,0.0,1679.5,1038.9,100.5,0.0,102.6,0.0,69.8,71.3,170.8,175.0,49.0,0.0,9.0,0.0,34.9,0.0,0.0,20.6
1547,350642,35,1,4,3640.8,3699.4,3313.8,3339.9,25.0,51.9,455.0,505.6,224.8,314.4,1162.0,1145.2,52.8,0.0,54.1,0.0,428.8,438.9,915.1,935.8,15.0,0.0,6.0,0.0,25.0,0.0,0.0,51.9
1548,350643,35,1,4,7148.9,6573.8,6599.1,5998.9,67.1,77.9,1164.2,971.4,598.1,303.3,3116.1,3283.4,146.0,0.0,149.0,0.0,457.4,468.0,950.2,972.8,7.0,0.0,11.0,0.0,67.1,0.0,0.0,77.9
1549,350644,35,1,4,11377.9,13882.9,10538.0,12925.7,89.1,171.8,1600.5,1670.5,893.7,1940.5,3933.1,5425.6,112.0,0.0,114.2,0.0,1029.5,1052.6,2773.9,2836.5,53.0,0.0,28.0,0.0,89.1,0.0,0.0,171.8
1550,350645,35,1,4,1099.2,1157.3,972.0,1025.0,10.1,14.1,171.2,228.7,100.5,28.0,453.8,562.4,14.6,0.0,15.1,0.0,73.6,75.1,128.1,130.8,12.0,0.0,3.0,0.0,10.1,0.0,0.0,14.1
1551,350646,35,1,4,7748.9,7825.6,7171.0,7182.0,63.5,102.7,1155.3,1129.9,612.8,800.1,2962.5,3087.2,115.7,0.0,118.0,0.0,627.3,641.6,1491.4,1523.2,63.0,0.0,25.0,0.0,63.5,0.0,0.0,102.7
1552,350647,35,1,4,6197.0,2712.2,5950.0,2489.3,67.8,35.7,1147.4,17.1,612.7,0.0,3295.4,1993.0,194.4,0.0,198.3,0.0,132.3,135.0,336.5,344.1,27.0,0.0,6.0,0.0,67.8,0.0,0.0,35.7
1553,350648,35,1,4,3450.6,2914.2,3163.1,2615.3,34.1,39.1,621.8,468.9,306.1,51.4,1588.9,1599.0,73.0,0.0,74.7,0.0,171.5,175.5,313.9,320.5,6.0,0.0,7.0,0.0,34.1,0.0,0.0,39.1
1554,350649,35,1,3,6719.0,4547.6,6358.0,4159.5,69.2,56.4,1305.1,273.8,646.6,0.0,3289.5,2193.3,178.4,365.6,182.3,619.6,238.1,242.9,457.9,464.3,38.0,0.0,22.0,0.0,69.2,0.0,0.0,56.4
1555,350650,35,1,3,4286.2,2911.8,3952.9,2547.9,44.3,44.9,841.7,456.5,416.0,0.0,2065.7,1627.0,94.1,0.0,96.3,42.9,145.3,148.1,269.7,273.4,10.0,0.0,14.0,0.0,44.3,0.0,0.0,44.9
1556,350651,35,1,4,2165.1,1264.2,2039.9,1143.9,22.7,14.3,397.8,61.8,222.8,8.3,1072.8,862.3,43.1,0.0,44.1,0.0,62.0,63.2,145.4,148.3,49.0,0.0,3.0,0.0,22.7,0.0,0.0,14.3
1557,350652,35,1,3,9261.0,4080.7,8926.4,3749.0,84.0,55.5,1681.5,26.5,909.0,0.0,4992.9,3080.4,339.2,0.0,346.0,0.0,183.6,184.8,463.1,457.3,1.0,0.0,10.0,0.0,84.0,0.0,0.0,55.5
1558,350653,35,1,3,3009.9,3579.2,2664.0,3197.0,20.9,48.8,419.0,810.1,222.5,270.2,1201.3,1440.2,67.2,0.0,68.8,0.0,257.2,259.1,421.9,417.4,2.0,0.0,4.0,0.0,20.9,0.0,0.0,48.8
1559,350654,35,1,3,10665.6,5794.8,10301.3,5431.1,95.3,58.9,1866.4,168.9,1037.7,0.0,5660.8,3570.3,392.6,829.5,400.6,0.0,268.2,270.8,596.0,591.6,57.0,0.0,22.0,0.0,95.3,0.0,0.0,58.9
1560,350655,35,1,4,9599.1,5150.5,9260.2,4835.9,85.2,48.4,1711.2,111.7,941.7,0.0,5096.6,3319.5,328.6,629.2,335.1,0.0,234.3,236.7,541.6,538.8,61.0,0.0,10.0,0.0,85.2,0.0,0.0,48.4
1561,350656,35,1,4,4317.1,4235.3,4093.3,4013.2,35.5,30.7,728.5,341.7,387.9,80.8,2062.1,1789.1,116.0,0.0,118.4,1130.3,232.3,234.7,438.0,436.6,4.0,0.0,6.0,0.0,35.5,0.0,0.0,30.7
1562,350657,35,1,3,11877.8,6516.4,11463.4,6118.9,96.2,49.2,1834.9,341.7,1141.3,36.0,6464.4,2973.2,588.8,520.0,600.5,1448.8,272.7,274.0,533.8,525.2,13.0,0.0,14.0,0.0,96.2,0.0,0.0,49.2
1563,350658,35,1,3,10135.3,6095.5,9679.7,5612.6,79.9,66.0,1754.5,315.8,883.7,386.1,4947.2,3584.7,331.3,0.0,338.0,0.0,390.5,392.3,948.4,933.6,61.0,0.0,25.0,0.0,79.9,0.0,0.0,66.0
1564,350659,35,1,4,7327.9,3415.8,7033.5,3141.5,59.6,36.4,1234.3,168.8,699.0,21.4,3893.3,2392.3,312.8,0.0,318.9,0.0,177.1,178.4,385.1,380.7,8.0,0.0,5.0,0.0,59.6,0.0,0.0,36.4
1565,350660,35,1,4,6677.8,2954.3,6413.9,2707.2,56.4,27.6,1254.5,7.2,650.3,0.0,3523.5,2233.6,221.3,0.0,225.7,0.0,131.4,132.5,337.2,333.9,55.0,0.0,15.0,0.0,56.4,0.0,0.0,27.6
1566,350661,35,1,4,4674.4,6949.3,4435.2,6711.8,33.1,28.8,709.6,422.6,372.2,67.0,2167.0,1715.8,164.8,0.0,168.0,3674.7,302.3,304.9,531.3,526.8,13.0,0.0,7.0,0.0,33.1,0.0,0.0,28.8
1567,350662,35,1,4,5635.2,3667.5,5396.2,3447.1,45.2,24.6,925.4,151.5,517.9,70.6,2851.8,1797.5,211.3,782.4,215.7,0.0,202.4,204.4,442.8,440.7,25.0,0.0,4.0,0.0,45.2,0.0,0.0,24.6
1568,350663,35,1,4,3523.1,3993.1,3232.3,3688.7,22.8,35.2,473.4,532.6,253.1,369.4,1367.8,1565.2,82.9,221.2,84.8,38.4,306.7,309.5,656.6,652.3,3.0,0.0,4.0,0.0,22.8,0.0,0.0,35.2
1569,350664,35,1,4,4700.1,4316.1,4424.0,4028.4,29.4,36.3,628.6,237.3,335.8,868.5,1804.5,1503.5,111.4,0.0,113.6,0.0,368.5,372.4,1050.6,1046.6,5.0,0.0,6.0,0.0,29.4,0.0,0.0,36.3
1570,350665,35,1,3,8286.9,6860.7,7792.5,6347.6,57.5,54.3,1161.6,381.5,658.2,856.8,3750.3,2880.4,353.1,741.5,360.2,0.0,416.0,418.4,1081.1,1068.9,2.0,0.0,10.0,0.0,57.5,0.0,0.0,54.3
1571,350666,35,1,4,10264.5,4022.9,9915.2,3721.0,84.7,27.7,1709.2,89.7,976.5,4.6,5554.6,2968.0,493.0,0.0,502.6,0.0,196.8,198.7,462.5,459.9,9.0,0.0,11.0,0.0,84.7,0.0,0.0,27.7
1572,350667,35,1,4,5053.0,2003.2,4860.8,1832.7,41.2,13.9,850.2,4.5,465.6,0.0,2615.0,1512.8,203.4,0.0,207.5,0.0,88.6,89.4,227.5,226.0,200.0,0.0,3.0,0.0,41.2,0.0,0.0,13.9
1573,350668,35,1,4,7074.7,14063.6,6239.8,13086.8,25.0,149.6,479.1,3298.5,254.5,947.0,1352.9,4823.0,72.8,0.0,74.1,0.0,1485.9,1508.2,2494.4,2510.1,9.0,0.0,17.0,0.0,25.0,0.0,0.0,149.6
1574,350669,35,1,4,2629.7,1182.8,2494.3,1060.6,27.3,12.9,484.7,1.9,264.5,0.0,1381.6,864.4,80.2,0.0,82.0,0.0,53.6,54.3,138.6,139.9,6.0,0.0,3.0,0.0,27.3,0.0,0.0,12.9
1575,350670,35,1,4,5468.6,6440.0,5040.4,5977.9,38.0,62.7,697.3,665.7,372.6,778.4,1937.4,2173.5,109.8,556.3,112.3,0.0,514.2,523.6,1265.7,1280.4,18.0,0.0,13.0,0.0,38.0,0.0,0.0,62.7
1576,350671,35,1,4,5884.2,4763.3,5580.4,4446.6,50.6,47.9,919.3,285.8,483.4,440.9,2589.8,1967.4,148.1,494.3,151.1,0.0,352.0,358.7,886.7,899.5,31.0,0.0,19.0,0.0,50.6,0.0,0.0,47.9
1577,350672,35,1,4,12896.4,14066.6,11848.1,12946.0,109.7,147.7,1981.0,2882.7,1009.8,1711.8,5203.9,5158.9,228.6,0.0,233.0,0.0,912.1,930.0,2222.7,2262.5,27.0,0.0,30.0,0.0,109.7,0.0,0.0,147.7
1578,350673,35,1,4,5065.5,3687.4,4770.1,3400.2,49.9,38.4,938.6,272.6,477.0,123.3,2444.1,2302.9,106.6,0.0,108.6,0.0,206.3,210.6,482.9,490.7,2.0,0.0,4.0,0.0,49.9,0.0,0.0,38.4
1579,350674,35,1,4,3099.0,1364.4,2954.4,1231.6,30.6,13.8,562.1,2.6,304.4,0.0,1612.6,1004.8,95.2,0.0,97.1,0.0,61.9,62.8,160.0,161.3,55.0,0.0,6.0,0.0,30.6,0.0,0.0,13.8
1580,350675,35,1,4,3816.8,12872.1,3370.8,12363.0,16.5,69.4,305.9,2219.6,176.6,177.0,971.5,1986.8,78.9,0.0,80.3,0.0,725.9,738.1,977.7,989.4,41.0,6252.0,13.0,0.0,16.5,0.0,0.0,69.4
1581,350676,35,1,4,8664.0,6709.6,8268.1,6325.5,76.9,50.1,1373.9,351.9,754.9,268.1,4025.1,2597.0,256.4,93.8,261.3,1518.6,456.5,464.8,1018.1,1031.2,105.0,0.0,17.0,0.0,76.9,0.0,0.0,50.1
1582,350677,35,1,4,8940.0,5160.9,8572.2,4808.2,92.0,49.8,1680.1,209.6,891.6,58.5,4566.1,3554.6,207.5,0.0,211.6,0.0,284.8,290.4,682.5,695.0,24.0,0.0,24.0,0.0,92.0,0.0,0.0,49.8
1583,350678,35,1,4,4897.4,4016.8,4553.5,3658.2,35.8,43.9,614.1,553.1,373.6,372.6,2090.4,1648.7,188.5,0.0,192.2,0.0,341.0,345.1,739.7,738.7,4.0,0.0,10.0,0.0,35.8,0.0,0.0,43.9
1584,350679,35,1,4,2849.0,951.6,2709.0,827.8,27.0,9.4,457.1,1.4,275.9,0.0,1543.0,680.6,140.9,0.0,143.7,0.0,40.4,40.7,105.1,105.1,1.0,0.0,2.0,0.0,27.0,0.0,0.0,9.4
1585,350680,35,1,3,9254.1,4465.8,8913.1,4144.4,89.1,42.7,1516.5,117.2,876.3,44.8,4933.9,2635.9,431.9,650.4,440.3,0.0,207.8,210.7,484.3,485.3,9.0,0.0,13.0,0.0,89.1,0.0,0.0,42.7
1586,350681,35,1,3,3018.1,2397.7,2801.9,2159.4,26.6,25.0,501.0,273.8,260.6,137.9,1402.3,1292.2,79.6,0.0,81.5,0.0,140.3,142.4,311.6,313.2,7.0,0.0,18.0,0.0,26.6,0.0,0.0,25.0
1587,350682,35,1,3,5225.6,3309.5,4952.9,3028.7,49.4,33.7,925.9,292.9,494.9,37.6,2594.4,2086.1,152.0,0.0,155.0,0.0,206.1,209.1,400.6,403.0,10.0,0.0,14.0,0.0,49.4,0.0,0.0,33.7
1588,350683,35,1,3,4635.1,2570.0,4421.8,2362.4,45.4,27.4,804.6,103.1,450.4,76.0,2323.5,1650.1,127.2,0.0,129.8,0.0,155.2,157.7,372.0,375.6,52.0,0.0,7.0,0.0,45.4,0.0,0.0,27.4
1589,350684,35,1,4,13329.9,16334.1,12273.2,15172.6,77.3,140.8,1442.0,1888.7,805.3,2080.3,4143.7,5013.3,223.7,767.9,228.2,0.0,1600.4,1626.3,3751.8,3796.1,39.0,0.0,39.0,0.0,77.3,0.0,0.0,140.8
1590,350685,35,1,4,4541.1,2987.4,4314.8,2764.5,44.0,29.9,789.0,209.3,433.7,102.6,2231.4,1861.1,112.4,0.0,114.6,0.0,176.2,179.6,406.5,411.9,40.0,0.0,11.0,0.0,44.0,0.0,0.0,29.9
1591,350686,35,1,3,7723.4,3495.8,7414.0,3205.6,79.7,32.7,1447.9,58.8,756.9,4.8,4061.0,2541.1,247.1,0.0,251.9,0.0,167.8,171.2,423.4,429.7,41.0,0.0,17.0,0.0,79.7,0.0,0.0,32.7
1592,350687,35,1,4,3307.2,2610.2,3079.1,2387.5,31.7,25.3,561.2,341.3,303.1,41.7,1614.4,1550.2,90.9,0.0,92.7,35.0,142.4,145.2,269.5,274.1,2.0,0.0,3.0,0.0,31.7,0.0,0.0,25.3
1593,350688,35,1,4,2403.0,1074.1,2278.6,963.5,24.0,9.1,439.4,2.1,235.6,0.0,1269.0,784.5,77.5,0.0,79.1,0.0,48.4,49.1,125.8,127.8,1.0,0.0,3.0,0.0,24.0,0.0,0.0,9.1
1594,350689,35,1,4,2325.3,3842.9,2036.2,3524.3,7.1,34.5,139.3,679.2,78.7,383.9,433.4,1141.9,30.6,0.0,31.4,0.0,445.3,450.1,871.5,869.2,1.0,0.0,5.0,0.0,7.1,0.0,0.0,34.5
1595,350690,35,1,4,4139.3,2392.0,3946.4,2201.3,36.4,21.9,683.2,89.4,383.7,155.0,2103.5,1503.7,150.4,0.0,153.4,0.0,123.1,124.4,329.0,328.8,8.0,0.0,12.0,0.0,36.4,0.0,0.0,21.9
1596,350691,35,1,3,4522.5,1824.8,4340.4,1644.7,41.1,18.2,698.7,42.8,413.9,51.4,2337.8,1108.9,209.2,0.0,213.6,0.0,130.9,132.1,309.3,309.5,15.0,0.0,12.0,0.0,41.1,0.0,0.0,18.2
1597,350692,35,1,3,2575.6,1363.1,2420.0,1206.1,24.6,12.9,474.3,21.8,251.7,47.1,1303.8,898.1,73.5,0.0,75.1,0.0,64.1,65.2,173.5,173.9,1.0,0.0,3.0,0.0,24.6,0.0,0.0,12.9
1598,350693,35,1,4,4856.8,9134.0,4562.7,8835.4,42.0,39.7,811.9,575.5,448.3,155.5,2114.3,2315.2,78.4,825.1,80.3,3958.8,347.0,353.0,644.5,652.3,27.0,0.0,11.0,0.0,42.0,0.0,0.0,39.7
1599,350694,35,1,3,4323.0,3287.4,4030.1,2983.1,35.7,31.4,704.7,264.4,369.2,239.6,1950.8,1707.7,110.7,0.0,113.2,0.0,233.4,235.7,537.0,535.6,4.0,0.0,7.0,0.0,35.7,0.0,0.0,31.4
1600,350695,35,1,3,8795.7,7155.2,8282.0,6622.1,75.0,64.2,1504.8,860.6,776.7,560.8,4064.4,3717.0,211.5,0.0,215.5,0.0,435.5,440.8,1042.6,1043.0,12.0,0.0,19.0,0.0,75.0,0.0,0.0,64.2
1601,350696,35,1,3,10520.0,6286.5,10057.7,5828.3,98.2,46.9,1962.8,224.7,1025.5,110.0,5303.6,3736.2,300.3,654.5,306.2,0.0,331.9,336.3,764.4,766.6,36.0,0.0,27.0,0.0,98.2,0.0,0.0,46.9
1602,350697,35,1,3,6314.2,4631.5,6055.0,4379.7,59.6,25.1,1153.2,129.8,621.9,0.0,3286.8,2208.7,198.9,0.0,203.0,1481.1,175.8,178.2,380.2,381.9,20.0,0.0,15.0,0.0,59.6,0.0,0.0,25.1
1603,350698,35,1,4,2863.0,1607.6,2720.2,1467.7,26.7,13.7,510.7,117.3,265.0,9.3,1452.7,1076.9,83.2,0.0,84.9,0.0,81.2,82.4,180.4,181.9,52.0,0.0,10.0,0.0,26.7,0.0,0.0,13.7
1604,350699,35,1,4,13787.8,16251.7,12889.2,15203.2,54.6,154.7,977.7,1260.1,503.8,3625.3,2823.3,2030.3,162.0,0.0,165.1,0.0,2294.8,2330.4,5892.4,5957.1,23.0,0.0,47.0,0.0,54.6,0.0,0.0,154.7
1605,350700,35,1,4,12504.1,13544.9,11653.0,12628.2,84.0,121.6,1494.9,1736.2,813.9,2388.7,4418.1,4149.9,316.8,16.0,322.9,39.0,1159.3,1176.9,3088.0,3121.5,10.0,0.0,29.0,0.0,84.0,0.0,0.0,121.6
1606,350701,35,1,3,4802.1,3214.5,4580.7,3000.6,43.0,18.5,822.3,138.3,437.3,0.0,2471.6,1542.6,195.2,906.7,199.2,0.0,137.6,138.5,275.5,274.4,37.0,0.0,5.0,0.0,43.0,0.0,0.0,18.5
1607,350702,35,1,4,1552.0,2142.8,1375.9,1964.3,12.4,10.6,241.2,269.0,126.2,26.3,660.4,660.6,38.0,748.2,39.0,0.0,102.7,103.6,155.5,156.5,6.0,0.0,7.0,0.0,12.4,0.0,0.0,10.6
1608,350703,35,1,3,6244.4,2364.5,6013.7,2147.2,55.9,17.5,1062.6,5.4,596.1,0.0,3379.7,1771.6,289.4,0.0,295.2,0.0,104.1,104.9,266.7,265.2,8.0,0.0,12.0,0.0,55.9,0.0,0.0,17.5
1609,350704,35,1,3,5698.8,3404.7,5419.0,3116.0,53.9,28.7,1106.0,183.6,565.7,19.7,2859.5,2340.6,128.3,0.0,131.1,0.0,178.6,180.4,392.6,391.8,39.0,0.0,18.0,0.0,53.9,0.0,0.0,28.7
1610,350705,35,1,3,4487.2,1858.0,4283.6,1650.0,41.5,14.4,805.9,8.0,421.0,0.0,2293.5,1354.3,156.7,0.0,159.9,0.0,80.4,81.3,206.2,206.4,144.0,0.0,16.0,0.0,41.5,0.0,0.0,14.4
1611,350706,35,1,3,5736.1,2710.0,5492.4,2465.5,54.7,20.9,1063.7,83.4,565.3,0.0,3015.1,1947.8,186.0,0.0,189.6,0.0,127.6,128.9,304.1,305.4,22.0,0.0,19.0,0.0,54.7,0.0,0.0,20.9
1612,350707,35,1,3,2864.4,2512.7,2616.8,2248.2,27.3,22.8,480.6,967.8,258.3,9.3,1377.2,986.6,103.7,0.0,105.9,0.0,103.7,105.2,178.2,179.2,1.0,0.0,8.0,0.0,27.3,0.0,0.0,22.8
1613,350708,35,1,3,4737.9,4792.8,4324.4,4350.3,43.1,41.9,816.7,805.7,421.4,130.6,2049.2,2561.7,82.4,0.0,84.3,0.0,302.5,306.7,540.8,545.6,10.0,0.0,17.0,0.0,43.1,0.0,0.0,41.9
1614,350709,35,1,4,3847.2,3522.7,3509.6,3175.7,32.6,30.2,602.3,646.1,310.0,121.5,1652.7,1668.9,102.7,10.0,104.7,0.0,253.7,257.4,467.3,471.8,8.0,0.0,8.0,0.0,32.6,0.0,0.0,30.2
1615,350710,35,1,4,2973.7,7879.8,2098.7,6890.4,0.6,85.6,8.7,2591.6,4.6,805.9,53.8,1448.3,1.0,0.0,1.1,0.0,771.2,787.6,1230.2,1257.0,0.0,0.0,28.0,0.0,0.6,0.0,0.0,85.6
1616,350711,35,1,4,908.1,1949.7,755.3,1772.3,0.2,23.9,2.2,394.2,1.7,295.6,11.8,332.4,0.2,0.0,0.2,0.0,220.8,225.4,513.4,524.7,0.0,0.0,5.0,0.0,0.2,0.0,0.0,23.9
1617,350712,35,1,4,3826.4,5527.3,3380.2,5037.2,23.6,61.8,396.2,660.6,212.0,1052.8,1107.2,1756.1,59.3,0.0,60.5,0.0,397.6,406.0,1137.4,1161.6,1.0,0.0,9.0,0.0,23.6,0.0,0.0,61.8
1618,350713,35,1,4,2755.5,3874.7,2369.4,3455.9,20.0,44.8,363.8,607.3,169.6,421.2,873.4,1565.9,39.2,0.0,40.3,0.0,260.1,265.6,583.0,595.9,28.0,0.0,12.0,0.0,20.0,0.0,0.0,44.8
1619,350714,35,1,4,10887.6,7008.3,10365.0,6502.6,123.6,85.8,2129.0,290.6,1134.9,73.1,5418.6,4882.0,205.8,0.0,209.9,0.0,364.5,373.1,862.3,883.8,26.0,0.0,14.0,0.0,123.6,0.0,0.0,85.8
1620,350715,35,1,4,5410.7,7586.5,4938.0,7046.1,29.9,91.9,513.3,856.4,263.6,1536.7,1380.7,1981.8,72.6,0.0,74.1,0.0,661.4,676.8,1946.2,1994.3,17.0,0.0,9.0,0.0,29.9,0.0,0.0,91.9
1621,350716,35,1,4,3288.6,3803.0,3046.4,3530.8,26.3,48.8,453.9,331.6,241.8,568.8,1152.9,1506.2,40.7,0.0,42.0,0.0,288.5,295.3,808.5,828.9,10.0,0.0,8.0,0.0,26.3,0.0,0.0,48.8
1622,350717,35,1,4,4520.9,5523.2,4162.2,5125.3,30.5,66.5,536.6,403.6,276.8,1240.9,1385.0,1611.4,63.8,0.0,65.3,0.0,428.3,438.4,1396.2,1430.9,2.0,0.0,8.0,0.0,30.5,0.0,0.0,66.5
1623,350718,35,1,4,4153.6,4858.5,3855.8,4509.4,30.5,59.5,539.1,357.6,301.5,576.0,1316.4,1955.9,39.7,0.0,40.7,0.0,449.5,460.2,1131.0,1159.7,18.0,0.0,20.0,0.0,30.5,0.0,0.0,59.5
1624,350719,35,1,4,3171.3,3508.1,2837.3,3156.2,25.4,33.5,463.8,785.5,239.1,111.6,1204.8,1441.4,55.4,0.0,56.6,0.0,279.7,285.6,520.7,532.2,3.0,0.0,14.0,0.0,25.4,0.0,0.0,33.5
1625,350720,35,1,4,6785.0,5175.5,6376.2,4752.5,70.6,61.2,1210.3,817.7,638.4,68.8,3286.2,2961.5,156.9,0.0,160.1,0.0,304.4,311.3,579.9,593.2,18.0,0.0,22.0,0.0,70.6,0.0,0.0,61.2
1626,350721,35,1,4,7329.6,4555.9,6982.5,4223.8,71.8,41.7,1310.7,387.4,656.5,159.9,3639.6,2737.1,213.4,5.3,217.5,0.0,282.0,287.5,633.7,646.5,12.0,0.0,17.0,0.0,71.8,0.0,0.0,41.7
1627,350722,35,1,4,3182.1,4778.5,2687.9,4256.3,22.4,48.4,419.8,932.0,196.8,335.6,994.0,1982.2,39.9,0.0,40.9,0.0,335.0,342.0,650.5,664.5,6.0,0.0,5.0,0.0,22.4,0.0,0.0,48.4
1628,350723,35,1,4,3368.7,3416.0,3111.1,3147.8,30.0,35.9,511.5,455.4,272.4,233.2,1423.9,1689.1,71.5,0.0,73.0,0.0,240.3,245.9,512.5,524.2,1.0,0.0,5.0,0.0,30.0,0.0,0.0,35.9
1629,350724,35,1,4,4555.9,6938.3,4114.5,6430.3,27.7,71.4,495.1,1206.6,259.8,555.8,1286.6,2676.9,49.1,0.0,50.4,0.0,653.8,668.5,1291.6,1322.4,7.0,0.0,21.0,0.0,27.7,0.0,0.0,71.4
1630,350725,35,1,4,8327.8,5465.6,7910.3,5063.8,84.7,55.8,1512.5,472.4,846.3,145.6,4105.6,3424.7,173.4,0.0,176.9,0.0,301.7,308.1,697.9,713.0,85.0,0.0,11.0,0.0,84.7,0.0,0.0,55.8
1631,350726,35,1,4,6352.4,4738.0,6006.4,4421.0,64.7,30.1,1231.9,285.2,632.3,0.0,3190.9,2539.8,148.6,961.6,152.0,0.0,203.5,207.1,420.1,427.2,18.0,0.0,9.0,0.0,64.7,0.0,0.0,30.1
1632,350727,35,1,4,5962.2,13877.0,4823.8,12620.9,30.5,124.3,551.4,4143.7,280.5,453.6,1526.9,5702.5,79.2,0.0,80.9,0.0,939.3,957.6,1337.7,1363.4,7.0,0.0,21.0,0.0,30.5,0.0,0.0,124.3
1633,350728,35,1,4,1860.6,6749.0,1296.3,6113.2,0.0,62.8,0.0,1793.9,0.0,411.4,14.0,2613.3,0.0,0.0,0.0,0.0,481.4,491.5,786.9,803.2,0.0,0.0,14.0,0.0,0.0,0.0,0.0,62.8
1634,350729,35,1,4,9905.8,35873.8,6756.5,32339.2,0.0,330.7,0.0,14589.9,0.0,1252.4,34.0,9657.6,0.0,0.0,0.0,0.0,2979.3,3045.2,3709.2,3794.1,0.0,0.0,34.0,0.0,0.0,0.0,0.0,330.7
1635,350730,35,1,4,3967.2,6724.2,3528.9,6197.0,2.3,61.6,40.4,813.4,21.9,1083.3,144.1,949.1,4.8,0.0,5.1,0.0,993.3,1014.6,2285.2,2336.7,2.0,0.0,32.0,0.0,2.3,0.0,0.0,61.6
1636,350731,35,1,4,2544.1,2941.4,2332.2,2728.9,19.4,18.9,363.4,328.2,201.9,81.6,974.5,1004.2,40.7,636.8,41.9,0.0,224.8,229.6,439.0,448.5,41.0,0.0,5.0,0.0,19.4,0.0,0.0,18.9
1637,350732,35,1,4,6310.6,5976.9,5856.6,5509.1,60.6,59.1,1148.0,765.0,668.1,99.8,2811.0,3587.0,77.4,0.0,79.1,0.0,350.7,358.0,685.2,699.2,25.0,0.0,12.0,0.0,60.6,0.0,0.0,59.1
1638,350733,35,1,3,3564.4,1444.1,3401.8,1284.3,34.7,11.2,629.4,2.5,333.8,0.0,1860.2,1049.3,133.1,0.0,135.8,0.0,63.9,65.1,165.6,167.4,67.0,0.0,13.0,0.0,34.7,0.0,0.0,11.2
1639,350734,35,1,4,5093.3,2194.7,4844.3,1971.7,51.4,16.4,973.5,12.8,516.5,0.0,2648.3,1599.7,162.4,0.0,165.6,0.0,99.2,100.8,254.7,258.4,13.0,0.0,11.0,0.0,51.4,0.0,0.0,16.4
1640,350735,35,1,4,8498.6,12730.1,7434.8,11597.7,59.6,106.4,1007.4,2429.8,584.6,925.5,3141.8,5988.5,226.5,0.0,230.9,0.0,740.2,753.8,1473.3,1500.0,10.0,0.0,20.0,0.0,59.6,0.0,0.0,106.4
1641,350736,35,1,4,1300.5,3524.3,1039.5,3224.1,0.0,31.7,0.0,789.2,0.0,337.2,13.0,1064.3,0.0,0.0,0.0,0.0,358.2,365.2,655.2,668.2,0.0,0.0,13.0,0.0,0.0,0.0,0.0,31.7
1642,350737,35,1,4,240.2,620.1,111.5,492.8,0.4,4.3,5.3,152.4,3.0,33.6,15.9,220.4,0.5,0.0,0.7,0.0,36.1,36.7,49.1,49.7,0.0,0.0,1.0,0.0,0.4,0.0,0.0,4.3
1643,350738,35,1,4,8732.1,13660.7,7992.0,12838.2,51.3,110.2,929.2,1538.6,494.0,2130.7,2485.1,3499.4,113.3,0.0,115.5,1788.3,1033.2,1054.1,2770.7,2827.1,24.0,0.0,27.0,0.0,51.3,0.0,0.0,110.2
1644,350739,35,1,4,6985.0,8341.4,6477.0,7808.7,53.5,63.1,974.4,1264.3,531.2,476.1,2690.2,3146.2,124.2,0.0,126.6,888.6,660.3,674.2,1330.1,1359.3,25.0,0.0,15.0,0.0,53.5,0.0,0.0,63.1
1645,350740,35,1,4,9658.5,9938.9,8986.2,9241.5,79.9,87.4,1540.4,925.2,824.5,895.9,3799.9,4916.4,125.1,0.0,127.8,0.0,700.3,715.1,1751.3,1788.9,104.0,0.0,13.0,0.0,79.9,0.0,0.0,87.4
1646,350741,35,1,4,5624.0,6382.6,5075.8,5811.2,43.8,59.9,812.6,1041.1,444.7,358.0,2205.9,3053.1,114.5,0.0,116.8,0.0,443.7,453.0,887.7,906.0,41.0,0.0,9.0,0.0,43.8,0.0,0.0,59.9
1647,350742,35,1,3,4220.4,3865.3,3931.0,3546.6,38.0,43.0,693.5,277.4,367.7,306.9,1805.2,2102.4,69.4,0.0,71.0,0.0,239.3,245.0,602.9,614.9,67.0,0.0,15.0,0.0,38.0,0.0,0.0,43.0
1648,350743,35,1,3,7267.9,4622.5,6944.9,4321.9,71.8,24.1,1300.5,150.3,693.5,14.5,3705.9,2155.8,277.1,611.3,282.9,815.3,175.5,178.8,389.4,395.8,107.0,0.0,13.0,0.0,71.8,0.0,0.0,24.1
1649,350744,35,1,4,4588.1,8961.8,3842.2,8152.7,21.6,77.4,388.5,2473.4,206.6,550.8,1065.5,2908.4,58.4,46.0,59.8,81.5,765.6,781.5,1283.7,1311.0,4.0,0.0,10.0,0.0,21.6,0.0,0.0,77.4
1650,350745,35,1,4,3584.8,2886.5,3350.7,2662.7,33.9,18.4,637.9,278.7,339.2,33.4,1740.6,1363.0,95.1,569.1,97.2,0.0,138.6,141.2,272.2,277.3,19.0,0.0,11.0,0.0,33.9,0.0,0.0,18.4
1651,350746,35,1,4,6999.0,8231.8,6393.3,7584.7,44.7,76.0,808.4,1187.0,428.8,1171.4,2296.3,2631.7,149.6,0.0,152.5,0.0,725.4,740.6,1815.4,1853.8,4.0,0.0,13.0,0.0,44.7,0.0,0.0,76.0
1652,350747,35,1,4,5954.0,3932.6,5611.9,3592.0,56.9,35.1,1069.8,369.0,557.6,58.3,2917.5,2364.8,155.9,0.0,159.0,76.4,230.5,235.2,479.5,488.2,20.0,0.0,22.0,0.0,56.9,0.0,0.0,35.1
1653,350748,35,1,3,5380.5,8392.3,5031.3,8015.1,52.1,59.9,930.7,803.4,554.2,69.7,2323.1,2906.3,57.6,803.1,59.1,2348.0,388.5,396.5,676.1,688.0,31.0,0.0,11.0,0.0,52.1,0.0,0.0,59.9
1654,350749,35,1,3,5124.3,2273.0,4895.2,2035.1,50.4,17.5,969.6,23.7,499.7,0.0,2674.3,1649.7,165.4,0.0,168.7,0.0,101.9,103.5,255.4,258.2,35.0,0.0,25.0,0.0,50.4,0.0,0.0,17.5
1655,350750,35,1,3,148.0,196.6,87.3,134.1,0.9,1.2,16.4,12.4,9.1,0.0,47.2,112.6,1.7,0.0,1.8,0.0,3.5,3.5,5.6,5.6,0.0,0.0,2.0,0.0,0.9,0.0,0.0,1.2
1656,350751,35,1,4,2698.3,1629.7,2574.4,1519.3,25.8,8.5,451.0,39.6,261.7,14.5,1405.5,799.9,100.9,451.2,103.3,0.0,62.9,63.8,148.1,150.3,34.0,0.0,7.0,0.0,25.8,0.0,0.0,8.5
1657,350752,35,1,4,484.0,1269.6,267.4,1049.3,1.2,8.9,21.4,395.4,10.8,84.1,64.5,407.5,3.4,0.0,3.6,0.0,77.3,78.5,82.4,83.8,0.0,0.0,4.0,0.0,1.2,0.0,0.0,8.9
1658,350753,35,1,4,611.7,1518.9,364.8,1265.7,0.2,12.1,2.8,539.4,1.9,126.3,12.7,250.1,0.8,0.0,0.9,0.0,144.6,147.2,199.0,202.7,0.0,0.0,2.0,0.0,0.2,0.0,0.0,12.1
1659,350754,35,1,4,8611.9,10767.2,7949.2,10047.2,56.9,100.6,1019.9,941.6,518.9,1979.9,2717.3,3357.5,145.2,336.4,148.3,0.0,868.1,884.1,2501.5,2547.7,12.0,0.0,18.0,0.0,56.9,0.0,0.0,100.6
1660,350755,35,1,4,17593.2,31421.6,16232.1,29689.4,2.7,303.9,50.1,2488.8,26.1,9869.4,197.8,1160.5,4.3,0.0,4.5,0.0,3952.8,4025.0,11922.5,12145.8,1.0,0.0,73.0,0.0,2.7,0.0,0.0,303.9
1661,350756,35,1,4,7720.9,8196.8,7138.2,7585.6,68.7,78.6,1231.0,1506.4,659.8,222.6,3172.7,3615.1,120.2,442.1,122.9,0.0,606.5,618.2,1160.1,1181.3,46.0,0.0,19.0,0.0,68.7,0.0,0.0,78.6
1662,350757,35,1,4,3056.3,2750.4,2771.9,2471.4,27.0,22.9,484.4,602.9,262.1,44.9,1381.3,1347.2,85.6,0.0,87.5,0.0,179.6,183.2,287.3,293.1,1.0,0.0,3.0,0.0,27.0,0.0,0.0,22.9
1663,350758,35,1,4,6982.7,10162.9,6162.8,9260.8,43.5,102.6,738.2,2130.0,401.8,810.8,2254.7,3921.5,188.1,0.0,191.7,0.0,782.8,797.9,1571.6,1600.6,7.0,0.0,27.0,0.0,43.5,0.0,0.0,102.6
1664,350759,35,1,4,6053.9,6226.0,5531.5,5679.7,53.9,66.5,976.9,888.8,518.4,258.7,2517.2,3238.1,99.4,0.0,101.4,0.0,422.1,430.0,849.1,863.9,35.0,0.0,12.0,0.0,53.9,0.0,0.0,66.5
1665,350760,35,1,3,6982.3,4412.8,6611.3,4032.9,73.9,52.0,1329.1,353.5,705.6,127.1,3425.2,2755.5,144.0,0.0,147.1,0.0,230.3,234.7,553.9,562.2,60.0,0.0,16.0,0.0,73.9,0.0,0.0,52.0
1666,350761,35,1,4,2893.4,1620.8,2747.7,1491.2,30.3,12.2,574.1,3.1,323.1,0.0,1485.1,1219.8,48.4,0.0,49.5,0.0,74.0,74.9,190.5,193.4,2.0,0.0,1.0,0.0,30.3,0.0,0.0,12.2
1667,350762,35,1,3,2013.4,1080.7,1905.8,976.9,21.8,8.9,389.6,1.5,212.0,0.0,1038.3,798.7,42.4,0.0,43.5,0.0,48.3,49.0,125.7,127.7,0.0,0.0,6.0,0.0,21.8,0.0,0.0,8.9
1668,350763,35,1,4,666.3,2017.4,389.4,1725.9,0.2,17.6,2.2,719.5,1.8,225.3,9.7,402.2,0.3,0.0,0.3,0.0,152.7,155.6,219.5,223.4,0.0,0.0,3.0,0.0,0.2,0.0,0.0,17.6
1669,350764,35,1,4,4548.9,3910.1,4236.0,3599.6,43.9,36.9,789.0,280.7,408.9,260.0,2023.6,2222.6,82.6,0.0,84.5,0.0,238.3,242.2,583.9,594.1,17.0,0.0,8.0,0.0,43.9,0.0,0.0,36.9
1670,350765,35,1,4,4583.9,2608.1,4328.5,2370.7,49.0,27.1,915.1,173.5,487.6,8.4,2309.6,1770.0,90.6,0.0,92.6,0.0,120.6,122.6,291.3,296.2,14.0,0.0,7.0,0.0,49.0,0.0,0.0,27.1
1671,350766,35,1,4,3964.3,3106.3,3715.5,2833.6,38.2,47.7,651.4,414.1,362.1,150.1,1802.1,1604.8,82.6,0.0,84.5,0.0,207.1,212.2,442.6,452.4,73.0,0.0,10.0,0.0,38.2,0.0,0.0,47.7
1672,350767,35,1,4,4722.8,3265.4,4406.9,2939.0,47.4,47.1,838.4,412.6,437.8,121.4,2227.2,1760.3,112.3,0.0,114.8,0.0,200.9,205.8,429.5,438.9,36.0,0.0,10.0,0.0,47.4,0.0,0.0,47.1
1673,350768,35,1,4,5360.9,3000.8,5114.1,2762.8,56.9,34.9,972.4,89.9,514.3,0.0,2787.9,1587.6,186.1,645.0,190.1,0.0,134.9,137.7,297.2,302.7,23.0,0.0,8.0,0.0,56.9,0.0,0.0,34.9
1674,350769,35,1,3,5133.5,3549.9,4671.4,3041.0,47.3,56.7,795.5,783.7,409.5,212.2,2288.7,1271.6,197.4,0.0,201.6,0.0,276.4,283.3,480.3,490.1,12.0,0.0,10.0,0.0,47.3,0.0,0.0,56.7
1675,350770,35,1,3,3771.2,2251.4,3500.0,1954.4,39.1,24.9,709.3,44.4,342.0,0.0,1836.1,1035.0,120.1,598.2,122.8,0.0,82.6,84.2,189.1,192.6,87.0,0.0,11.0,0.0,39.1,0.0,0.0,24.9
1676,350771,35,1,3,2907.3,5356.2,2703.9,5112.7,26.3,47.6,443.9,485.8,248.0,49.3,1222.7,1299.1,54.8,0.0,55.9,2634.6,242.5,248.6,388.0,395.2,40.0,0.0,8.0,0.0,26.3,0.0,0.0,47.6
1677,350772,35,1,3,4933.4,2966.4,4673.4,2693.5,51.7,35.7,909.3,26.7,469.3,70.1,2517.6,1419.8,171.6,767.9,175.4,0.0,108.3,110.7,293.9,298.2,20.0,0.0,8.0,0.0,51.7,0.0,0.0,35.7
1678,350773,35,1,3,4380.2,2239.9,4148.6,1989.8,47.4,38.8,875.2,41.0,437.2,0.0,2215.0,1553.9,99.3,0.0,101.3,0.0,114.6,116.8,274.1,278.1,21.0,0.0,11.0,0.0,47.4,0.0,0.0,38.8
1679,350774,35,1,3,2157.3,991.7,1996.3,819.9,22.9,16.3,399.8,13.9,208.2,0.0,1088.4,641.8,65.7,15.6,67.1,0.0,40.6,41.5,105.6,107.1,17.0,0.0,4.0,0.0,22.9,0.0,0.0,16.3
1680,350775,35,1,3,4875.6,4305.5,4526.3,3895.0,42.5,70.3,784.1,475.8,405.3,523.3,1937.1,1658.5,75.7,0.0,77.3,0.0,337.9,345.6,876.9,891.8,17.0,0.0,15.0,0.0,42.5,0.0,0.0,70.3
1681,350776,35,1,3,5823.7,3805.9,5459.8,3409.2,55.7,52.7,1037.3,334.1,524.8,155.6,2647.3,2020.7,130.3,0.0,133.1,0.0,272.2,278.2,610.8,620.6,89.0,0.0,15.0,0.0,55.7,0.0,0.0,52.7
1682,350777,35,1,3,2256.6,964.7,2096.6,796.0,23.3,15.4,413.0,1.1,215.6,0.0,1118.5,642.0,65.8,0.0,67.3,0.0,41.5,42.4,108.8,110.4,62.0,0.0,4.0,0.0,23.3,0.0,0.0,15.4
1683,350778,35,1,4,5065.9,3480.8,4795.8,3234.5,52.5,27.5,946.2,95.1,483.3,7.0,2557.6,1604.6,163.0,912.2,166.5,197.2,126.5,128.8,283.6,289.5,64.0,0.0,5.0,0.0,52.5,0.0,0.0,27.5
1684,350779,35,1,4,6377.6,5456.9,5921.8,4968.1,53.8,76.0,942.5,739.9,485.9,376.8,2622.2,2292.3,157.0,0.0,160.4,0.0,483.0,493.7,1045.6,1065.4,17.0,0.0,8.0,0.0,53.8,0.0,0.0,76.0
1685,350780,35,1,3,5850.0,5491.0,5446.0,5028.4,52.4,80.1,941.6,669.8,510.9,437.5,2433.8,2571.0,90.9,0.0,93.0,0.0,398.9,407.4,927.0,942.7,32.0,0.0,18.0,0.0,52.4,0.0,0.0,80.1
1686,350781,35,1,3,4869.0,7625.8,4414.5,7082.4,33.1,101.9,582.5,1201.0,336.8,604.9,1509.2,2405.0,46.0,0.0,47.0,964.3,606.3,620.7,1263.6,1286.5,12.0,0.0,11.0,0.0,33.1,0.0,0.0,101.9
1687,350782,35,1,3,3723.3,1586.0,3476.4,1325.7,38.2,19.1,729.9,5.0,362.9,0.0,1884.1,1068.1,116.7,0.0,119.1,0.0,69.5,70.8,179.3,181.8,6.0,0.0,9.0,0.0,38.2,0.0,0.0,19.1
1688,350783,35,1,3,9040.0,8589.0,8423.1,7933.8,85.5,88.2,1545.2,1143.9,806.6,155.0,4107.2,4296.9,195.6,0.0,199.7,769.2,548.1,560.2,989.8,1008.7,15.0,0.0,16.0,0.0,85.5,0.0,0.0,88.2
1689,350784,35,1,3,8319.5,5907.5,7874.5,5444.4,82.3,76.5,1494.7,390.9,815.4,339.9,3864.2,3376.9,145.0,0.0,148.2,0.0,376.4,384.2,934.7,952.4,88.0,0.0,8.0,0.0,82.3,0.0,0.0,76.5
1690,350785,35,1,3,1184.4,1553.2,1045.0,1401.7,8.6,19.2,160.5,279.6,86.5,86.1,413.8,680.8,15.2,0.0,15.8,0.0,117.3,119.4,231.9,235.8,1.0,0.0,3.0,0.0,8.6,0.0,0.0,19.2
1691,350786,35,1,3,1903.6,1159.5,1733.6,981.4,18.5,13.0,335.2,95.1,168.4,25.0,912.9,657.5,58.1,6.3,59.6,0.0,60.5,61.7,133.9,135.9,3.0,0.0,2.0,0.0,18.5,0.0,0.0,13.0
1692,350787,35,1,3,3240.7,1285.8,3028.8,1061.4,33.8,16.6,604.8,2.9,305.0,0.0,1663.2,856.1,120.3,0.0,122.9,0.0,55.4,56.5,144.1,145.9,4.0,0.0,9.0,0.0,33.8,0.0,0.0,16.6
1693,350788,35,1,3,3474.0,1671.3,3290.9,1489.2,35.6,21.1,615.0,80.4,342.8,10.1,1733.9,1088.8,99.8,0.0,102.0,0.0,92.6,94.2,212.9,215.7,82.0,0.0,10.0,0.0,35.6,0.0,0.0,21.1
1694,350789,35,1,3,5312.8,2998.9,5019.9,2702.1,55.4,31.8,1023.1,116.8,521.1,3.6,2682.7,1682.2,159.5,463.2,162.9,0.0,133.2,135.7,296.4,300.5,27.0,0.0,14.0,0.0,55.4,0.0,0.0,31.8
1695,350790,35,1,4,2913.5,2283.1,2644.9,2014.0,25.6,25.9,509.3,313.7,252.6,52.6,1278.1,1253.7,60.1,0.0,61.4,0.0,136.4,138.6,253.1,255.3,82.0,0.0,12.0,0.0,25.6,0.0,0.0,25.9
1696,350791,35,1,3,4728.5,3545.7,4383.1,3180.3,47.6,40.1,883.6,502.6,468.3,46.8,2181.6,2012.2,79.3,0.0,81.1,0.0,208.1,212.4,399.2,406.2,71.0,0.0,11.0,0.0,47.6,0.0,0.0,40.1
1697,350792,35,1,3,4077.5,6064.9,3653.0,5577.3,25.0,63.3,448.3,645.7,230.4,778.1,1218.9,1797.4,73.1,745.5,74.8,0.0,454.9,463.8,1129.5,1146.8,11.0,0.0,12.0,0.0,25.0,0.0,0.0,63.3
1698,350793,35,1,3,2628.3,1826.5,2435.8,1622.7,25.8,22.8,444.2,137.2,245.7,79.4,1248.4,1062.9,71.2,0.0,72.9,0.0,101.6,103.2,236.9,240.0,9.0,0.0,6.0,0.0,25.8,0.0,0.0,22.8
1699,350794,35,1,4,1639.1,1338.7,1485.5,1176.9,10.7,17.2,185.3,120.5,102.5,110.4,525.4,341.6,29.9,0.0,30.6,0.0,188.9,192.4,407.8,411.8,9.0,0.0,6.0,0.0,10.7,0.0,0.0,17.2
1700,350795,35,1,4,3510.9,12214.9,2514.8,11001.7,0.0,153.1,0.0,3008.2,0.0,540.2,71.0,4718.2,0.0,175.9,0.0,162.8,884.3,898.2,1488.6,1498.2,0.0,0.0,71.0,0.0,0.0,0.0,0.0,153.1
1701,350796,35,1,4,11656.1,6133.4,11236.3,5744.2,95.0,46.0,2167.2,108.1,1117.5,56.4,6144.9,4174.1,385.8,475.2,393.4,0.0,271.3,272.9,666.1,657.4,70.0,0.0,20.0,0.0,95.0,0.0,0.0,46.0
1702,350797,35,1,3,911.6,3802.4,535.0,3402.9,0.0,19.1,0.0,863.2,0.0,123.9,8.0,1317.1,0.0,516.9,0.0,64.0,237.1,238.4,281.9,279.3,0.0,0.0,8.0,0.0,0.0,0.0,0.0,19.1
1703,350798,35,1,3,4659.6,2982.5,4390.9,2710.4,39.0,23.9,755.5,175.7,412.0,260.1,2209.3,1598.4,159.8,0.0,163.0,0.0,193.3,195.1,482.9,481.1,10.0,0.0,5.0,0.0,39.0,0.0,0.0,23.9
1704,350799,35,1,3,7151.5,2839.1,6896.7,2581.6,58.0,23.1,1253.8,6.7,661.9,0.0,3858.3,2146.5,325.4,0.0,332.1,0.0,121.7,122.1,312.4,306.3,9.0,0.0,22.0,0.0,58.0,0.0,0.0,23.1
1705,350800,35,1,3,17688.1,8085.0,17133.3,7516.9,145.2,62.8,3255.4,103.0,1707.5,21.5,9429.3,6080.6,634.0,0.0,646.6,0.0,383.9,385.6,941.7,926.1,65.0,0.0,70.0,0.0,145.2,0.0,0.0,62.8
1706,350801,35,1,3,10979.1,8244.7,10442.7,7692.3,92.3,55.2,2063.3,707.4,1030.9,144.8,5463.7,5573.6,257.5,0.0,262.5,0.0,394.8,397.5,874.9,869.0,57.0,0.0,38.0,0.0,92.3,0.0,0.0,55.2
1707,350802,35,1,3,5394.7,2046.9,5204.3,1860.5,45.6,13.0,902.7,4.4,521.1,0.0,2930.3,1537.9,252.9,0.0,257.8,0.0,89.3,89.8,229.3,228.4,3.0,0.0,18.0,0.0,45.6,0.0,0.0,13.0
1708,350803,35,1,4,4970.7,1864.1,4794.9,1688.7,42.6,11.3,838.1,4.1,468.6,0.0,2692.0,1393.7,233.0,0.0,237.5,0.0,81.5,82.1,209.2,208.8,4.0,0.0,31.0,0.0,42.6,0.0,0.0,11.3
1709,350804,35,1,3,3619.4,1634.1,3423.6,1441.6,33.5,11.0,661.5,40.4,352.9,0.0,1877.4,1152.0,129.2,0.0,132.0,0.0,72.6,73.3,176.0,175.9,16.0,0.0,6.0,0.0,33.5,0.0,0.0,11.0
1710,350805,35,1,3,4194.3,1579.7,4017.6,1411.2,38.7,10.4,705.4,3.0,407.5,0.0,2247.2,1161.5,190.1,0.0,193.9,0.0,68.6,69.3,176.9,177.3,20.0,0.0,8.0,0.0,38.7,0.0,0.0,10.4
1711,350806,35,1,3,4489.2,6141.9,4008.4,5611.7,23.8,48.9,446.8,684.1,236.3,980.2,1276.6,2086.7,94.1,0.0,96.2,0.0,528.5,535.5,1315.8,1325.3,3.0,0.0,11.0,0.0,23.8,0.0,0.0,48.9
1712,350807,35,1,4,7816.6,5167.1,7434.6,4808.8,71.9,37.7,1411.8,335.7,749.9,293.3,3844.3,3151.9,187.6,0.0,191.2,0.0,289.4,293.2,728.5,734.6,22.0,0.0,10.0,0.0,71.9,0.0,0.0,37.7
1713,350808,35,1,4,3010.5,1700.2,2844.5,1543.8,29.6,12.0,554.3,68.0,293.2,48.4,1519.4,1126.8,78.9,0.0,80.7,0.0,84.1,85.5,212.8,215.1,11.0,0.0,10.0,0.0,29.6,0.0,0.0,12.0
1714,350809,35,1,2,1764.4,747.4,1615.9,609.5,13.1,6.1,306.3,11.5,154.4,0.0,902.8,501.1,75.7,0.0,77.2,0.0,26.8,26.8,71.7,70.2,0.0,0.0,1.0,0.0,13.1,0.0,0.0,6.1
1715,350810,35,1,2,87.8,89.0,0.0,0.0,0.0,0.0,0.0,0.0,0.0,0.0,0.0,0.0,0.0,0.0,0.0,0.0,0.0,0.0,0.0,0.0,0.0,0.0,0.0,0.0,0.0,0.0,0.0,0.0
1716,350811,35,1,3,2342.9,2294.2,2199.4,2149.6,17.4,8.5,400.0,85.7,211.1,0.0,1190.9,787.6,90.6,1070.8,92.7,0.0,70.2,70.2,137.9,135.3,1.0,0.0,5.0,0.0,17.4,0.0,0.0,8.5
1717,350812,35,1,3,1396.4,1880.0,1188.7,1653.8,1.4,13.9,29.2,220.5,15.2,311.2,93.4,100.9,8.3,0.0,8.5,0.0,329.3,330.0,703.8,691.2,0.0,0.0,1.0,0.0,1.4,0.0,0.0,13.9
1718,350813,35,1,3,6122.4,3367.7,5904.7,3132.7,46.5,16.0,1016.1,77.4,557.6,0.0,3200.8,1737.0,284.3,924.7,290.1,0.0,123.3,123.5,274.6,270.1,122.0,0.0,36.0,0.0,46.5,0.0,0.0,16.0
1719,350814,35,1,3,8812.2,3222.4,8507.4,2933.8,69.4,19.6,1490.8,7.4,810.0,0.0,4729.2,2438.0,445.2,0.0,454.1,0.0,138.7,139.0,354.4,349.3,67.0,0.0,18.0,0.0,69.4,0.0,0.0,19.6
1720,350815,35,1,3,5379.4,3010.0,5119.0,2758.2,42.3,17.6,992.3,142.1,504.1,77.9,2742.5,2024.0,164.8,0.0,168.3,0.0,152.9,153.6,365.0,360.5,23.0,0.0,6.0,0.0,42.3,0.0,0.0,17.6
1721,350816,35,1,3,18607.4,37308.5,16748.5,35158.8,0.0,201.3,0.0,3987.1,0.0,11150.5,96.0,3515.5,0.0,0.0,0.0,0.0,4440.5,4471.2,12116.0,12034.5,0.0,0.0,96.0,0.0,0.0,0.0,0.0,201.3
1722,350817,35,1,4,9292.0,5466.5,8873.7,5085.3,72.7,25.0,1543.6,484.2,851.7,85.8,4753.8,2906.4,410.0,783.9,418.3,0.0,272.7,275.2,550.6,549.7,57.0,0.0,16.0,0.0,72.7,0.0,0.0,25.0
1723,350818,35,1,3,9060.5,5585.9,8663.8,5209.0,75.8,28.5,1467.6,288.7,814.8,248.5,4541.6,2745.0,386.2,907.7,394.0,0.0,304.0,306.7,712.5,712.5,28.0,0.0,15.0,0.0,75.8,0.0,0.0,28.5
1724,350819,35,1,3,6908.5,4252.6,6605.9,3945.3,61.9,25.1,1284.2,237.0,659.3,130.3,3419.2,2754.4,163.1,0.0,166.5,0.0,248.0,250.6,571.6,573.0,62.0,0.0,32.0,0.0,61.9,0.0,0.0,25.1
1725,350820,35,1,3,11662.9,12622.4,10916.8,11859.5,87.2,72.2,1698.0,1198.7,901.4,968.2,4834.7,4963.7,276.9,472.8,282.3,1372.3,885.4,896.1,1976.0,1987.7,41.0,0.0,21.0,0.0,87.2,0.0,0.0,72.2
1726,350821,35,1,4,13607.8,12756.3,12821.3,11956.6,101.7,77.0,2052.9,1154.8,1052.3,1525.4,5606.7,5329.1,295.1,584.6,300.9,0.0,942.4,953.8,2392.1,2408.9,140.0,0.0,39.0,0.0,101.7,0.0,0.0,77.0
1727,350822,35,1,4,8648.9,7557.2,8111.0,7022.9,63.1,43.6,1301.0,692.9,688.9,723.1,3577.6,3446.3,187.0,0.0,190.7,0.0,637.9,645.9,1502.7,1514.7,6.0,0.0,19.0,0.0,63.1,0.0,0.0,43.6
1728,350823,35,1,2,9777.0,3969.9,9443.5,3655.7,67.9,27.6,1755.0,31.7,887.2,76.4,5207.2,2910.2,437.6,0.0,446.3,0.0,176.7,177.5,468.4,459.9,32.0,0.0,33.0,0.0,67.9,0.0,0.0,27.6
1729,350824,35,1,3,8884.6,3699.2,8582.7,3396.6,69.4,31.4,1597.4,8.7,828.5,0.0,4773.5,2829.0,366.0,0.0,373.3,0.0,159.4,159.7,407.6,399.2,51.0,0.0,26.0,0.0,69.4,0.0,0.0,31.4
1730,350825,35,1,3,6542.2,7229.6,6091.9,6730.8,28.8,60.5,635.1,527.9,337.3,1860.7,1890.5,1456.4,142.7,0.0,145.9,0.0,801.9,802.0,2128.4,2083.8,0.0,0.0,10.0,0.0,28.8,0.0,0.0,60.5
1731,350826,35,1,3,8077.8,3607.7,7792.6,3319.2,64.7,31.1,1481.3,11.9,759.5,0.0,4317.2,2763.2,302.9,0.0,309.3,0.0,155.1,155.5,397.1,388.6,48.0,0.0,22.0,0.0,64.7,0.0,0.0,31.1
1732,350827,35,1,3,6290.4,4391.9,6031.8,4140.4,51.4,25.3,1148.7,101.6,586.4,0.0,3317.6,2241.6,227.3,1292.8,232.3,0.0,159.0,159.1,352.4,345.3,1.0,0.0,7.0,0.0,51.4,0.0,0.0,25.3
1733,350828,35,1,3,5494.0,5547.4,5181.0,5214.4,40.2,36.7,890.4,413.3,468.2,298.8,2591.7,2503.3,171.5,822.0,175.1,323.1,272.5,272.6,593.5,581.1,2.0,0.0,16.0,0.0,40.2,0.0,0.0,36.7
1734,350829,35,1,3,8468.9,7634.1,8086.8,7233.2,63.2,43.4,1490.1,353.0,766.5,321.6,4017.4,3456.2,200.7,0.0,204.9,1755.4,417.6,418.7,944.6,928.4,17.0,0.0,28.0,0.0,63.2,0.0,0.0,43.4
1735,350830,35,1,3,7768.6,3833.7,7498.1,3579.9,59.0,16.4,1213.6,110.1,730.2,15.3,4138.9,1915.8,383.4,1089.9,391.2,0.0,140.3,140.7,312.4,308.0,174.0,0.0,14.0,0.0,59.0,0.0,0.0,16.4
1736,350831,35,1,3,1438.3,860.9,1322.6,737.7,10.9,5.0,251.1,23.2,127.0,51.3,696.8,519.6,40.9,0.0,41.8,0.0,38.4,38.5,106.7,105.2,14.0,0.0,6.0,0.0,10.9,0.0,0.0,5.0
1737,350832,35,1,3,1611.4,5640.3,875.8,4867.2,0.1,31.0,2.5,1808.2,1.7,382.2,16.7,1834.2,0.3,0.0,0.3,0.0,403.3,405.4,441.0,437.2,0.0,0.0,10.0,0.0,0.1,0.0,0.0,31.0
1738,350833,35,1,4,5852.3,3947.0,5512.4,3618.1,41.0,19.1,919.2,478.0,501.9,208.5,2769.3,2074.9,218.9,0.0,223.1,0.0,277.1,279.3,581.0,577.4,6.0,0.0,16.0,0.0,41.0,0.0,0.0,19.1
1739,350834,35,1,4,6758.7,6214.0,6394.6,5874.4,51.4,22.2,1184.4,460.5,610.2,63.1,3315.6,2861.2,186.1,1591.3,190.0,0.0,309.3,311.5,589.1,586.9,2.0,0.0,8.0,0.0,51.4,0.0,0.0,22.2
1740,350835,35,1,4,4693.2,3761.0,4401.8,3480.3,35.0,17.2,796.1,382.2,417.4,330.0,2226.3,2054.1,115.2,0.0,117.4,0.0,214.2,215.5,500.1,498.5,6.0,0.0,9.0,0.0,35.0,0.0,0.0,17.2
1741,350836,35,1,4,8951.4,10769.3,8448.3,10287.6,62.2,34.0,1409.5,843.4,717.2,838.4,3921.5,3219.6,263.4,21.6,268.5,3559.9,527.2,531.8,1274.0,1272.9,54.0,0.0,13.0,0.0,62.2,0.0,0.0,34.0
1742,350837,35,1,3,5245.4,4065.5,4924.3,3746.8,41.9,21.6,858.8,386.3,455.3,191.9,2443.6,2355.6,146.3,0.0,149.4,0.0,258.1,260.5,551.8,552.5,50.0,0.0,11.0,0.0,41.9,0.0,0.0,21.6
1743,350838,35,1,3,1830.6,3716.5,1555.7,3416.0,5.2,21.8,99.5,776.4,51.7,278.4,291.8,1286.4,17.2,0.0,17.6,0.0,396.7,401.1,671.3,673.6,3.0,0.0,7.0,0.0,5.2,0.0,0.0,21.8
1744,350839,35,1,3,1968.6,5860.0,1570.6,5427.2,1.3,30.3,21.5,926.2,12.6,762.9,78.5,1346.8,6.7,329.2,7.0,610.4,464.8,470.8,974.5,980.8,0.0,0.0,5.0,0.0,1.3,0.0,0.0,30.3
1745,350840,35,1,3,600.7,799.5,456.1,648.0,3.0,4.2,60.2,168.0,29.9,13.2,163.7,294.8,10.1,0.0,10.5,0.0,71.3,71.8,99.4,100.2,9.0,0.0,2.0,0.0,3.0,0.0,0.0,4.2
1746,350841,35,1,2,11161.4,7692.6,10792.9,7304.3,83.0,36.9,1887.5,210.0,992.6,0.0,5909.4,3255.2,570.0,1002.5,581.5,2063.6,252.6,253.1,531.2,519.9,20.0,0.0,48.0,0.0,83.0,0.0,0.0,36.9
1747,350842,35,1,3,7014.7,2493.3,6735.6,2210.9,51.0,15.6,1203.5,5.4,608.0,0.0,3719.1,1843.9,374.3,0.0,382.2,0.0,102.8,102.8,263.6,258.9,62.0,0.0,20.0,0.0,51.0,0.0,0.0,15.6
1748,350843,35,1,3,2478.8,1143.1,2361.7,1019.2,19.6,7.4,444.8,2.2,225.3,0.0,1322.6,851.8,91.3,0.0,93.3,0.0,46.2,46.3,121.1,118.9,6.0,0.0,11.0,0.0,19.6,0.0,0.0,7.4
1749,350844,35,1,3,9233.7,4810.3,8930.9,4490.9,70.7,20.7,1616.8,99.2,858.1,0.0,4862.1,2834.1,397.9,939.3,406.1,0.0,188.8,189.7,434.1,428.6,117.0,0.0,50.0,0.0,70.7,0.0,0.0,20.7
1750,350845,35,1,3,9989.8,3723.9,9647.9,3406.6,76.6,18.4,1727.6,8.8,929.3,0.0,5359.8,2832.6,491.5,0.0,501.4,0.0,160.2,160.7,409.0,404.4,50.0,0.0,19.0,0.0,76.6,0.0,0.0,18.4
1751,350846,35,1,4,7458.3,3075.2,7178.2,2839.8,58.0,12.3,1326.2,19.1,724.2,0.0,3998.5,2344.4,311.8,0.0,318.0,0.0,135.0,135.7,342.4,340.6,18.0,0.0,4.0,0.0,58.0,0.0,0.0,12.3
1752,350847,35,1,3,2397.9,2161.9,2230.9,1991.2,18.7,6.4,428.7,119.6,214.4,10.1,1159.9,932.3,67.7,668.9,69.2,0.0,88.5,89.0,171.4,171.3,23.0,0.0,8.0,0.0,18.7,0.0,0.0,6.4
1753,350848,35,1,4,3792.1,2401.5,3575.7,2204.0,31.2,9.9,700.4,166.0,350.3,15.3,1887.1,1419.6,110.5,0.0,112.7,226.4,121.9,123.0,252.8,253.7,33.0,0.0,7.0,0.0,31.2,0.0,0.0,9.9
1754,350849,35,1,4,10155.0,6805.4,9485.9,6177.6,80.8,33.0,1508.3,1084.6,890.1,303.3,5021.9,3681.4,463.1,0.0,472.0,0.0,390.4,394.4,711.2,714.0,17.0,0.0,12.0,0.0,80.8,0.0,0.0,33.0
1755,350850,35,1,2,400.3,1288.4,273.9,1157.7,1.6,2.5,39.0,83.0,19.6,0.0,119.1,146.1,10.9,855.4,11.2,0.0,31.5,31.6,42.7,41.7,0.0,0.0,0.0,0.0,1.6,0.0,0.0,2.5
1756,350851,35,1,3,4004.1,2870.4,3699.2,2551.4,26.0,16.2,621.4,519.1,312.2,31.5,1927.0,1433.6,193.5,0.0,197.6,147.1,162.7,162.9,261.8,257.1,8.0,0.0,15.0,0.0,26.0,0.0,0.0,16.2
1757,350852,35,1,3,67.2,85.1,0.6,14.6,0.0,0.1,0.0,4.1,0.0,0.0,0.0,9.8,0.0,0.0,0.0,0.0,0.4,0.4,0.3,0.3,0.0,0.0,0.0,0.0,0.0,0.0,0.0,0.1
1758,350853,35,1,3,4925.0,8144.3,4670.3,7888.5,34.6,19.4,778.7,373.3,416.2,35.6,2276.6,1790.5,167.0,739.5,170.5,4265.2,252.4,252.9,437.9,431.4,164.0,0.0,7.0,0.0,34.6,0.0,0.0,19.4
1759,350854,35,1,3,784.3,2503.0,459.1,2166.0,0.4,10.4,8.6,534.8,4.7,332.8,30.3,891.5,1.7,0.0,1.8,0.0,146.4,146.9,261.7,259.9,0.0,0.0,4.0,0.0,0.4,0.0,0.0,10.4
1760,350855,35,1,4,15856.4,14724.6,14755.3,13653.0,107.2,60.1,2418.1,2685.3,1314.8,663.1,7165.0,7033.4,505.1,0.0,515.0,518.1,965.1,970.6,1789.3,1782.5,64.0,0.0,19.0,0.0,107.2,0.0,0.0,60.1
1761,350856,35,1,3,3550.4,3167.7,3226.2,2845.6,25.6,13.9,573.0,715.5,292.2,141.4,1608.0,1456.6,96.6,0.0,98.7,0.0,213.3,214.5,318.3,317.6,22.0,0.0,4.0,0.0,25.6,0.0,0.0,13.9
1762,350857,35,1,3,1434.2,2337.0,1222.2,2109.8,4.8,10.3,108.6,264.9,57.2,464.7,289.9,647.4,15.7,0.0,16.3,0.0,203.5,205.0,528.0,527.8,0.0,0.0,3.0,0.0,4.8,0.0,0.0,10.3
1763,350858,35,1,4,5091.5,8626.5,4521.2,8028.2,19.3,38.7,436.6,1229.9,218.1,1638.9,1188.2,2648.9,69.1,0.0,70.6,0.0,694.6,700.4,1805.8,1810.1,23.0,0.0,15.0,0.0,19.3,0.0,0.0,38.7
1764,350859,35,1,4,8629.6,11366.2,7868.9,10584.4,40.8,53.2,877.4,1609.5,457.0,1613.3,2485.4,3629.3,151.0,0.0,154.0,0.0,1112.1,1122.6,2600.1,2609.6,18.0,0.0,14.0,0.0,40.8,0.0,0.0,53.2
1765,350860,35,1,4,4883.3,3769.2,4590.9,3501.7,41.7,12.9,899.7,287.3,451.7,24.5,2430.3,1924.5,156.6,819.7,159.8,0.0,145.1,146.3,297.7,299.5,37.0,0.0,13.0,0.0,41.7,0.0,0.0,12.9
1766,350861,35,1,2,74.9,99.8,11.6,42.2,0.0,0.3,0.0,21.9,0.0,1.6,0.0,7.3,0.0,0.0,0.0,0.0,5.3,5.3,6.3,6.1,0.0,0.0,0.0,0.0,0.0,0.0,0.0,0.3
1767,350862,35,1,2,5794.6,8527.9,4664.2,7382.9,29.4,42.6,723.7,2637.3,400.9,165.0,2275.7,3681.6,170.3,0.0,173.6,0.0,513.9,514.6,391.0,384.4,2.0,0.0,13.0,0.0,29.4,0.0,0.0,42.6
1768,350863,35,1,2,89.4,90.3,0.0,0.1,0.0,0.0,0.0,0.1,0.0,0.0,0.0,0.0,0.0,0.0,0.0,0.0,0.0,0.0,0.0,0.0,0.0,0.0,0.0,0.0,0.0,0.0,0.0,0.0
1769,350864,35,1,3,1408.1,4984.7,744.5,4300.6,0.0,25.1,0.0,2379.9,0.0,400.0,6.0,792.8,0.0,0.0,0.0,0.0,426.7,426.9,305.8,301.0,0.0,0.0,6.0,0.0,0.0,0.0,0.0,25.1
1770,350865,35,1,3,1511.6,4938.9,848.1,4250.0,0.0,27.5,0.0,2251.5,0.0,605.3,5.0,560.7,0.0,0.0,0.0,0.0,434.9,435.1,403.3,397.3,0.0,0.0,5.0,0.0,0.0,0.0,0.0,27.5
1771,350866,35,1,3,8347.1,3833.7,8008.9,3496.3,65.1,21.6,1574.0,66.3,778.8,5.0,4381.9,2862.1,305.0,0.0,311.3,0.0,165.2,165.6,402.7,397.3,64.0,0.0,26.0,0.0,65.1,0.0,0.0,21.6
1772,350867,35,1,3,3582.9,1520.8,3414.7,1350.9,27.3,7.4,626.2,3.0,322.1,0.0,1830.4,1126.0,136.3,0.0,139.3,0.0,62.2,62.3,161.1,159.6,126.0,0.0,11.0,0.0,27.3,0.0,0.0,7.4
1773,350868,35,1,3,5519.6,2344.5,5287.5,2120.9,44.0,10.5,1005.9,5.1,523.9,0.0,2903.7,1764.1,214.3,0.0,218.5,0.0,99.1,99.5,254.0,252.1,56.0,0.0,12.0,0.0,44.0,0.0,0.0,10.5
1774,350869,35,1,3,2866.8,4051.7,2496.9,3665.2,13.8,19.5,306.3,689.2,163.3,652.6,868.5,1297.4,60.3,0.0,61.7,0.0,310.9,312.4,717.8,713.5,2.0,0.0,6.0,0.0,13.8,0.0,0.0,19.5
1775,350870,35,1,3,4777.1,3859.6,4457.0,3524.1,29.7,17.9,667.9,295.1,348.4,481.6,1897.7,1498.7,131.0,0.0,133.6,0.0,371.8,373.3,880.6,875.4,9.0,0.0,17.0,0.0,29.7,0.0,0.0,17.9
1776,350871,35,1,3,495.2,2295.8,362.6,2161.2,0.8,2.5,17.1,211.1,9.0,14.1,53.7,548.6,3.5,0.0,3.7,0.0,123.7,124.4,148.8,148.0,0.0,1115.0,3.0,0.0,0.8,0.0,0.0,2.5
1777,350872,35,1,3,3750.1,2869.0,3470.0,2587.1,27.3,12.3,615.2,479.1,337.7,51.0,1711.1,1484.1,100.2,0.0,102.4,0.0,203.7,205.1,368.7,367.8,24.0,0.0,7.0,0.0,27.3,0.0,0.0,12.3
1778,350873,35,1,3,2086.8,1629.6,1893.0,1428.3,15.6,6.7,356.1,258.5,183.9,0.0,952.2,889.8,54.5,0.0,55.8,0.0,108.0,108.7,171.4,171.3,4.0,0.0,7.0,0.0,15.6,0.0,0.0,6.7
1779,350874,35,1,4,9010.4,6808.3,8575.4,6402.8,70.8,28.3,1584.8,302.2,864.1,505.8,4329.5,4234.4,190.5,0.0,194.2,0.0,368.4,371.5,986.8,988.9,44.0,0.0,13.0,0.0,70.8,0.0,0.0,28.3
1780,350875,35,1,4,8100.7,10101.7,7323.5,9311.5,45.9,44.0,997.4,1539.2,523.2,1087.5,2848.9,4107.7,173.2,0.0,176.6,0.0,790.9,797.7,1773.4,1779.4,19.0,0.0,21.0,0.0,45.9,0.0,0.0,44.0
1781,350876,35,1,4,4700.1,5210.0,4271.4,4786.2,28.7,23.6,619.8,817.2,314.1,616.2,1676.3,1917.2,108.5,0.0,110.5,0.0,432.1,436.6,993.2,998.9,6.0,0.0,11.0,0.0,28.7,0.0,0.0,23.6
1782,350877,35,1,3,1151.1,4228.7,553.1,3612.2,0.7,22.6,15.2,1870.3,7.9,134.2,49.8,1106.7,3.2,1.2,3.2,30.0,317.1,317.5,154.7,152.3,0.0,0.0,2.0,0.0,0.7,0.0,0.0,22.6
1783,350878,35,1,2,70.4,71.0,0.0,1.8,0.0,0.0,0.0,1.8,0.0,0.0,0.0,0.0,0.0,0.0,0.0,0.0,0.0,0.0,0.0,0.0,0.0,0.0,0.0,0.0,0.0,0.0,0.0,0.0
1784,350879,35,1,3,103.2,113.4,0.3,4.8,0.0,0.0,0.0,1.4,0.0,0.0,0.0,3.0,0.0,0.0,0.0,0.0,0.1,0.1,0.2,0.2,0.0,0.0,0.0,0.0,0.0,0.0,0.0,0.0
1785,350880,35,1,3,225.7,597.6,53.0,417.7,0.0,2.6,0.0,361.8,0.0,0.0,0.0,3.0,0.0,0.0,0.0,0.0,53.0,52.8,0.0,0.0,0.0,0.0,0.0,0.0,0.0,0.0,0.0,2.6
1786,350881,35,1,4,1588.1,5125.9,1093.4,4592.4,0.2,40.2,1.7,1247.3,1.7,610.5,14.9,1652.1,0.8,0.0,0.8,0.0,355.1,360.6,712.3,721.9,0.0,0.0,6.0,0.0,0.2,0.0,0.0,40.2
1787,350882,35,1,4,9111.9,10826.4,8424.2,10086.3,65.2,98.7,1107.8,1110.5,581.0,1661.2,3181.0,3515.4,205.5,658.5,209.8,0.0,837.5,852.2,2250.7,2288.5,27.0,0.0,24.0,0.0,65.2,0.0,0.0,98.7
1788,350883,35,1,4,4772.3,2406.8,4551.4,2207.3,48.0,17.9,938.2,5.6,497.2,0.0,2412.5,1798.0,97.8,0.0,99.8,0.0,111.8,113.4,286.1,290.2,96.0,0.0,12.0,0.0,48.0,0.0,0.0,17.9
1789,350884,35,1,4,9319.8,10332.0,8584.0,9544.5,60.8,75.6,1135.8,1046.1,574.9,1108.8,3139.7,4018.7,162.4,0.0,165.5,0.0,1006.5,1021.8,2320.0,2349.0,41.0,0.0,38.0,0.0,60.8,0.0,0.0,75.6
1790,350885,35,1,4,3074.2,12100.8,1971.3,10895.4,0.0,85.5,0.0,3799.7,0.0,559.0,23.0,4585.7,0.0,0.0,0.0,0.0,814.6,826.7,1110.7,1124.4,0.0,0.0,23.0,0.0,0.0,0.0,0.0,85.5
1791,350886,35,1,4,1326.6,3352.3,992.4,2986.4,0.0,28.3,0.0,922.4,0.0,370.5,8.0,702.0,0.0,0.0,0.0,0.0,350.2,355.9,626.2,635.6,0.0,0.0,8.0,0.0,0.0,0.0,0.0,28.3
1792,350887,35,1,4,7872.7,9268.4,7321.6,8658.8,63.3,83.7,1187.3,1051.6,607.0,1125.6,2826.1,4016.1,104.2,0.0,106.4,0.0,657.5,668.4,1769.1,1797.1,27.0,0.0,37.0,0.0,63.3,0.0,0.0,83.7
1793,350888,35,1,4,3001.2,3312.6,2752.5,3050.4,26.0,30.8,472.0,385.5,278.1,197.8,1196.7,1729.1,31.5,0.0,32.3,0.0,228.1,231.7,498.7,506.2,4.0,0.0,11.0,0.0,26.0,0.0,0.0,30.8
1794,350889,35,1,4,6541.6,7068.6,5988.0,6481.6,48.9,71.0,912.9,918.6,483.1,470.5,2240.3,2910.5,75.5,0.0,77.1,0.0,690.5,702.6,1455.4,1479.4,40.0,0.0,13.0,0.0,48.9,0.0,0.0,71.0
1795,350890,35,1,4,9818.2,14997.1,9034.2,14041.1,28.1,162.8,507.9,1413.1,285.3,3502.4,1305.0,2212.6,39.7,0.0,40.7,0.0,1809.9,1841.0,4992.6,5072.0,15.0,0.0,38.0,0.0,28.1,0.0,0.0,162.8
1796,350891,35,1,4,6824.0,5931.9,6384.6,5471.7,55.9,60.5,1029.2,572.4,532.5,309.1,2612.9,2622.1,99.6,0.0,101.7,0.0,618.7,629.9,1315.9,1338.1,58.0,0.0,16.0,0.0,55.9,0.0,0.0,60.5
1797,350892,35,1,4,8847.7,4532.8,8510.9,4238.4,88.1,29.1,1731.1,12.2,889.6,0.0,4659.5,3464.7,223.5,0.0,227.8,0.0,211.8,214.8,540.6,546.7,11.0,0.0,16.0,0.0,88.1,0.0,0.0,29.1
1798,350893,35,1,4,3697.3,7418.2,3345.2,6990.9,0.0,60.8,0.0,611.3,0.0,2256.0,22.0,778.5,0.0,0.0,0.0,0.0,810.8,822.8,2490.3,2522.4,0.0,0.0,22.0,0.0,0.0,0.0,0.0,60.8
1799,350894,35,1,4,5337.5,3285.8,5084.8,3047.4,51.7,23.3,972.2,151.4,493.0,215.1,2647.1,2007.6,132.2,0.0,134.9,0.0,180.7,183.2,484.6,490.1,25.0,0.0,15.0,0.0,51.7,0.0,0.0,23.3
1800,350895,35,1,4,3143.3,6538.1,2518.3,5872.8,16.2,47.3,312.3,1935.1,156.8,362.7,795.1,2386.6,33.7,0.0,34.6,0.0,482.2,489.2,690.4,699.1,2.0,0.0,11.0,0.0,16.2,0.0,0.0,47.3
1801,350896,35,1,4,9020.8,8169.6,8435.0,7572.0,73.2,64.9,1387.5,770.4,701.3,505.4,3534.1,3854.5,151.6,0.0,154.7,0.0,752.2,763.8,1654.5,1677.9,79.0,0.0,20.0,0.0,73.2,0.0,0.0,64.9
1802,350897,35,1,4,6601.1,9980.7,5912.4,9234.0,38.4,83.1,710.5,1599.3,379.4,1217.9,1857.0,3581.1,72.2,0.0,73.7,0.0,848.6,862.1,1945.1,1973.6,12.0,0.0,14.0,0.0,38.4,0.0,0.0,83.1
1803,350898,35,1,4,4913.8,4495.7,4558.1,4138.3,44.4,37.1,820.6,633.2,432.5,267.0,2150.9,2295.7,90.2,0.0,92.2,0.0,291.5,296.5,636.1,645.9,31.0,0.0,13.0,0.0,44.4,0.0,0.0,37.1
1804,350899,35,1,4,3279.7,1931.7,3112.0,1775.4,33.1,16.6,598.6,101.7,317.3,77.4,1636.0,1227.1,78.8,0.0,80.6,0.0,100.7,102.3,262.9,266.9,29.0,0.0,8.0,0.0,33.1,0.0,0.0,16.6
1805,350900,35,1,4,4279.5,8358.7,3878.6,7913.5,20.6,50.5,368.7,809.5,184.9,482.0,1035.6,1459.5,56.8,0.0,58.1,2990.2,703.0,715.3,1434.5,1457.0,19.0,0.0,18.0,0.0,20.6,0.0,0.0,50.5
1806,350901,35,1,4,10008.8,7835.7,9496.0,7330.1,88.4,69.5,1628.0,411.8,852.1,1028.6,4369.7,3661.3,203.1,0.0,207.0,0.0,566.9,576.1,1629.2,1652.4,26.0,0.0,14.0,0.0,88.4,0.0,0.0,69.5
1807,350902,35,1,4,3762.2,3260.0,3524.5,3016.7,35.1,27.7,646.3,470.0,350.9,107.4,1729.0,1703.0,72.4,40.3,74.2,58.5,203.2,206.3,425.5,431.2,7.0,0.0,16.0,0.0,35.1,0.0,0.0,27.7
1808,350903,35,1,4,730.5,2662.4,520.1,2440.1,0.0,14.7,0.0,714.8,0.0,110.4,1.0,1091.4,0.0,0.0,0.0,0.0,210.1,212.8,308.0,310.8,0.0,0.0,1.0,0.0,0.0,0.0,0.0,14.7
1809,350904,35,1,3,10015.3,5457.3,9581.4,5074.6,100.8,36.3,1868.0,184.3,955.5,48.5,5230.4,3919.4,293.9,0.0,299.6,0.0,271.1,274.6,640.7,647.8,18.0,0.0,4.0,0.0,100.8,0.0,0.0,36.3
1810,350905,35,1,4,1441.0,1762.3,1296.1,1616.4,11.8,11.0,218.9,175.5,135.1,16.3,575.8,1125.0,31.2,0.0,32.0,0.0,101.3,102.6,194.9,197.0,5.0,0.0,2.0,0.0,11.8,0.0,0.0,11.0
1811,350906,35,1,4,2701.9,4115.1,2512.0,3938.3,23.8,14.9,453.3,345.4,232.1,3.3,1212.3,1222.4,60.5,876.2,61.9,1013.8,183.6,185.8,288.1,291.4,18.0,0.0,2.0,0.0,23.8,0.0,0.0,14.9
1812,350907,35,1,4,2431.0,2249.6,2217.9,2041.0,19.2,16.3,365.4,232.8,186.8,195.2,978.5,1030.4,48.5,0.0,49.7,0.0,173.1,175.4,401.9,407.1,10.0,0.0,4.0,0.0,19.2,0.0,0.0,16.3
1813,350908,35,1,4,6688.2,4274.7,6386.9,3996.0,64.5,30.2,1215.7,201.7,651.3,155.5,3339.5,2832.3,151.2,0.0,154.4,0.0,226.7,230.1,569.2,576.4,66.0,0.0,13.0,0.0,64.5,0.0,0.0,30.2
1814,350909,35,1,4,5165.1,4468.5,4853.6,4170.7,45.1,27.1,808.3,357.4,441.3,270.4,2413.5,1891.9,170.8,832.1,174.5,0.0,242.3,246.0,564.9,572.8,28.0,0.0,10.0,0.0,45.1,0.0,0.0,27.1
1815,350910,35,1,4,4893.5,3391.6,4607.5,3123.4,43.7,19.2,891.9,325.3,453.7,138.9,2395.9,2030.0,117.1,0.0,119.5,0.0,195.5,198.2,426.9,430.9,2.0,0.0,5.0,0.0,43.7,0.0,0.0,19.2
1816,350911,35,1,4,4204.8,2432.3,3989.6,2241.5,40.6,14.6,778.6,179.7,426.4,8.3,2154.5,1646.3,104.9,0.0,107.0,0.0,127.4,128.8,275.9,278.4,11.0,0.0,4.0,0.0,40.6,0.0,0.0,14.6
1817,350912,35,1,4,3451.6,2739.4,3209.0,2510.8,29.2,18.3,541.9,205.5,276.2,294.7,1524.1,1345.8,98.3,0.0,100.3,0.0,177.5,179.7,479.7,485.1,8.0,0.0,3.0,0.0,29.2,0.0,0.0,18.3
1818,350913,35,1,4,2293.8,2084.8,2057.4,1855.5,20.0,13.3,375.8,320.0,190.1,71.1,1033.2,1126.9,59.1,0.0,60.6,0.0,119.4,121.1,214.1,216.4,0.0,0.0,5.0,0.0,20.0,0.0,0.0,13.3
1819,350914,35,1,4,1917.1,890.4,1792.4,779.7,18.5,5.7,355.5,3.4,176.9,0.0,987.6,637.2,59.6,0.0,60.9,0.0,38.1,38.6,99.8,100.4,10.0,0.0,4.0,0.0,18.5,0.0,0.0,5.7
1820,350915,35,1,4,3264.9,1677.3,3139.4,1541.9,30.9,9.5,598.9,40.0,321.5,8.4,1723.3,1221.8,90.9,0.0,92.7,0.0,77.0,77.8,192.0,194.0,9.0,0.0,34.0,0.0,30.9,0.0,0.0,9.5
1821,350916,35,1,4,1841.0,2368.5,1630.5,2165.4,14.8,11.7,278.2,176.8,141.6,102.8,793.5,1158.7,52.7,421.2,54.0,0.0,98.1,99.5,204.4,206.4,6.0,0.0,2.0,0.0,14.8,0.0,0.0,11.7
1822,350917,35,1,4,2695.1,2537.1,2486.1,2323.2,25.4,25.3,467.9,355.7,253.8,83.9,1210.2,1431.0,45.3,0.0,46.4,0.0,146.1,148.9,299.3,303.6,10.0,0.0,7.0,0.0,25.4,0.0,0.0,25.3
1823,350918,35,1,4,5687.0,6492.4,5184.4,5943.6,41.5,74.4,720.7,876.6,400.6,926.3,2016.4,2297.0,101.4,0.0,103.6,0.0,517.6,526.1,1301.0,1317.7,8.0,0.0,15.0,0.0,41.5,0.0,0.0,74.4
1824,350919,35,1,4,8531.5,8103.4,7920.3,7461.0,74.8,90.3,1352.6,1004.0,695.8,700.4,3629.5,3612.5,188.4,302.3,192.4,0.0,547.9,556.9,1270.7,1285.0,26.0,0.0,17.0,0.0,74.8,0.0,0.0,90.3
1825,350920,35,1,4,10586.8,6887.8,10031.2,6329.7,100.0,78.5,1895.8,479.9,990.7,276.7,4938.4,3902.2,224.8,0.0,229.3,0.0,506.2,514.6,1147.0,1156.3,72.0,0.0,27.0,0.0,100.0,0.0,0.0,78.5
1826,350921,35,1,4,4177.1,20436.1,2331.0,18299.7,0.0,258.7,0.0,6704.0,0.0,552.7,37.0,8760.9,0.0,0.0,0.0,0.0,987.5,1003.0,1269.5,1279.0,0.0,0.0,37.0,0.0,0.0,0.0,0.0,258.7
1827,350922,35,1,4,2619.5,1569.3,2429.4,1385.9,23.3,17.4,445.0,92.4,226.4,57.2,1165.9,793.7,60.3,0.0,61.6,0.0,135.8,137.7,303.2,304.9,23.0,0.0,8.0,0.0,23.3,0.0,0.0,17.4
1828,350923,35,1,4,489.5,1071.7,249.0,834.2,1.1,9.3,23.4,601.8,11.3,6.3,59.9,76.2,2.1,0.0,2.3,0.0,108.4,110.2,39.6,39.7,0.0,0.0,2.0,0.0,1.1,0.0,0.0,9.3
1829,350924,35,1,4,5032.3,4829.6,4672.0,4454.6,48.9,49.5,899.6,772.2,481.7,106.7,2269.8,2748.3,78.0,0.0,79.5,0.0,278.5,283.3,536.0,544.1,34.0,0.0,15.0,0.0,48.9,0.0,0.0,49.5
1830,350925,35,1,4,1906.0,8356.5,1218.2,7575.1,0.0,87.6,0.0,2202.3,0.0,501.1,11.0,3655.9,0.0,0.0,0.0,0.0,441.4,449.1,754.8,766.6,0.0,0.0,11.0,0.0,0.0,0.0,0.0,87.6
1831,350926,35,1,4,9493.9,4383.6,9117.4,4049.8,98.2,42.6,1822.9,71.1,962.5,0.0,4991.7,3232.0,272.2,0.0,277.4,0.0,209.7,212.9,526.9,533.8,39.0,0.0,15.0,0.0,98.2,0.0,0.0,42.6
1832,350927,35,1,4,7315.4,14616.0,6603.3,13727.9,0.0,156.5,0.0,1139.4,0.0,4319.7,26.0,1614.7,0.0,0.0,0.0,0.0,1613.5,1641.2,4937.8,5012.9,0.0,0.0,26.0,0.0,0.0,0.0,0.0,156.5
1833,350928,35,1,4,7252.5,7132.7,6728.3,6582.4,59.7,68.6,1101.5,1231.8,548.1,497.2,3008.0,2533.9,203.3,677.1,207.6,0.0,513.1,521.5,1108.6,1120.9,18.0,0.0,20.0,0.0,59.7,0.0,0.0,68.6
1834,350929,35,1,3,9097.1,6734.4,8519.5,6122.6,82.0,75.9,1473.4,736.6,757.2,528.9,4006.5,3111.6,255.8,0.0,261.0,0.0,519.6,528.4,1205.8,1217.1,21.0,0.0,19.0,0.0,82.0,0.0,0.0,75.9
1835,350930,35,1,3,8055.0,9614.5,7465.1,8976.3,65.8,81.4,1241.9,1073.4,638.2,576.1,3265.5,3459.4,175.1,847.9,178.9,1065.4,631.7,641.6,1303.7,1312.3,14.0,0.0,16.0,0.0,65.8,0.0,0.0,81.4
1836,350931,35,1,4,6773.2,3238.3,6489.0,2980.6,68.0,33.9,1330.0,31.1,690.4,0.0,3536.5,2396.8,172.0,0.0,175.3,0.0,154.1,156.4,394.7,396.3,23.0,0.0,13.0,0.0,68.0,0.0,0.0,33.9
1837,350932,35,1,4,3650.1,2844.9,3375.9,2577.7,32.9,22.5,641.3,340.6,337.7,80.8,1657.0,1592.2,71.4,0.0,73.0,0.0,182.4,185.3,374.2,378.8,32.0,0.0,7.0,0.0,32.9,0.0,0.0,22.5
1838,350933,35,1,3,1698.9,1207.6,1544.0,1047.6,15.8,9.5,305.1,161.4,157.1,3.7,803.1,695.2,37.7,0.0,38.6,0.0,65.5,66.2,119.9,121.1,13.0,0.0,4.0,0.0,15.8,0.0,0.0,9.5
1839,350934,35,1,3,1141.0,777.9,988.7,618.2,11.0,7.3,206.5,88.5,107.2,5.0,515.9,410.9,20.9,0.0,21.6,0.0,39.5,40.1,73.1,73.7,2.0,0.0,2.0,0.0,11.0,0.0,0.0,7.3
1840,350935,35,1,3,5923.3,6387.2,5640.4,6099.7,59.4,34.5,1148.5,199.9,600.6,1.2,2958.0,2366.3,123.1,0.0,125.7,2880.3,209.3,212.7,436.2,439.3,25.0,0.0,14.0,0.0,59.4,0.0,0.0,34.5
1841,350936,35,1,3,12049.0,8582.4,11302.0,7789.6,94.7,87.6,1859.2,1103.9,964.8,499.8,4965.9,3315.0,272.9,0.0,278.3,0.0,946.8,958.0,1918.1,1912.8,59.0,0.0,37.0,0.0,94.7,0.0,0.0,87.6
1842,350937,35,1,3,7400.3,3646.9,7055.6,3290.6,71.0,32.5,1518.1,87.7,728.7,0.0,3749.2,2605.3,178.8,0.0,182.6,0.0,173.8,175.9,423.3,421.7,69.0,0.0,32.0,0.0,71.0,0.0,0.0,32.5
1843,350938,35,1,3,4140.4,2714.8,3840.6,2404.3,36.7,20.2,713.2,422.5,379.6,21.0,2016.1,1521.0,142.4,32.5,145.4,0.0,145.3,147.2,258.5,260.1,25.0,0.0,15.0,0.0,36.7,0.0,0.0,20.2
1844,350939,35,1,3,3361.1,1888.7,3118.4,1632.2,31.9,15.7,664.8,106.6,323.3,31.8,1638.9,1186.3,78.5,0.0,80.3,0.0,88.9,89.9,216.7,217.6,17.0,0.0,10.0,0.0,31.9,0.0,0.0,15.7
1845,350940,35,1,3,6154.2,2326.1,5875.1,2052.7,58.7,19.0,1129.8,24.9,601.7,3.9,3240.7,1639.8,249.6,0.0,254.6,0.0,108.3,109.6,273.3,274.4,5.0,0.0,12.0,0.0,58.7,0.0,0.0,19.0
1846,350941,35,1,3,8442.9,6719.8,7978.0,6225.2,72.4,54.6,1487.6,587.7,757.9,698.3,3805.8,2767.5,180.5,677.2,184.5,0.0,418.1,423.2,1072.6,1071.3,39.0,0.0,32.0,0.0,72.4,0.0,0.0,54.6
1847,350942,35,1,3,5468.7,2927.7,5148.8,2608.3,50.6,22.6,1077.1,199.4,540.7,0.0,2731.5,1954.9,137.8,0.0,140.7,0.0,142.7,144.3,310.3,309.6,53.0,0.0,15.0,0.0,50.6,0.0,0.0,22.6
1848,350943,35,1,2,887.7,510.2,711.2,319.7,6.5,2.5,153.0,0.3,71.8,0.0,362.3,263.6,15.2,0.0,15.7,0.0,14.9,14.9,41.2,40.9,32.0,0.0,5.0,0.0,6.5,0.0,0.0,2.5
1849,350944,35,1,4,3696.8,5312.8,3236.8,4820.5,21.8,44.2,420.5,1080.6,223.6,277.8,1084.1,2041.2,42.1,0.0,43.1,0.0,476.6,484.3,923.8,936.6,9.0,0.0,14.0,0.0,21.8,0.0,0.0,44.2
1850,350945,35,1,4,4242.1,2414.6,4035.1,2229.1,43.4,19.7,794.7,87.0,421.9,49.0,2146.6,1648.3,99.7,0.0,101.9,0.0,126.2,128.3,312.0,316.4,27.0,0.0,5.0,0.0,43.4,0.0,0.0,19.7
1851,350946,35,1,4,1994.7,2676.3,1875.7,2562.1,16.2,12.1,299.7,156.9,160.3,68.7,828.7,722.9,38.6,0.0,39.6,1101.2,166.2,168.6,339.7,343.7,0.0,0.0,3.0,0.0,16.2,0.0,0.0,12.1
1852,350947,35,1,4,11291.1,7891.4,10714.5,7353.5,102.2,50.3,2016.1,667.6,1033.5,265.0,5479.5,4410.9,314.1,494.2,320.4,0.0,467.6,474.1,1030.2,1041.7,35.0,0.0,18.0,0.0,102.2,0.0,0.0,50.3
1853,350948,35,1,4,14070.7,13754.9,13046.8,12710.1,106.1,93.5,2152.7,1771.2,1136.2,797.0,5649.6,6596.9,242.9,0.0,247.7,0.0,1122.4,1137.3,2383.3,2407.6,77.0,0.0,35.0,0.0,106.1,0.0,0.0,93.5
1854,350949,35,1,3,6328.5,2749.1,6054.9,2494.7,64.4,22.2,1188.8,17.5,632.3,0.0,3281.3,2019.7,198.1,0.0,202.2,0.0,127.3,129.5,324.9,328.0,90.0,0.0,10.0,0.0,64.4,0.0,0.0,22.2
1855,350950,35,1,4,2627.4,1189.2,2507.3,1070.0,23.7,6.2,484.9,2.1,242.9,0.0,1374.7,877.2,80.7,0.0,82.3,0.0,52.5,52.9,136.3,137.8,32.0,0.0,21.0,0.0,23.7,0.0,0.0,6.2
1856,350951,35,1,4,4346.0,3637.3,4029.6,3332.7,36.4,24.7,708.1,535.0,367.9,138.1,1958.9,1911.1,105.7,0.0,107.9,0.0,246.5,249.6,493.5,498.9,36.0,0.0,5.0,0.0,36.4,0.0,0.0,24.7
1857,350952,35,1,3,6122.3,3949.2,5860.3,3699.9,57.9,21.3,1143.9,151.2,616.0,0.0,3154.4,2209.8,162.1,757.2,165.7,0.0,183.3,185.7,392.8,396.0,29.0,0.0,13.0,0.0,57.9,0.0,0.0,21.3
1858,350953,35,1,3,4836.0,3025.8,4567.9,2752.8,45.1,22.3,816.0,227.7,434.1,142.1,2370.1,1400.8,187.4,464.0,191.5,0.0,150.9,152.9,362.8,365.3,44.0,0.0,11.0,0.0,45.1,0.0,0.0,22.3
1859,350954,35,1,3,7013.2,5951.9,6514.1,5428.0,58.9,43.6,1167.6,560.7,574.8,396.7,3060.1,2722.9,193.8,489.3,198.1,0.0,381.3,386.2,868.4,872.2,51.0,0.0,19.0,0.0,58.9,0.0,0.0,43.6
1860,350955,35,1,3,7186.7,3569.9,6791.0,3184.8,64.4,24.6,1342.3,198.4,690.8,19.4,3659.0,2452.1,255.8,0.0,260.9,0.0,160.8,162.8,350.5,352.0,56.0,0.0,15.0,0.0,64.4,0.0,0.0,24.6
1861,350956,35,1,4,2752.1,10591.9,1849.4,9628.2,0.0,54.8,0.0,3405.3,0.0,962.5,14.0,3422.4,0.0,0.0,0.0,0.0,666.2,673.5,1155.2,1164.5,0.0,0.0,14.0,0.0,0.0,0.0,0.0,54.8
1862,350957,35,1,4,6241.6,5107.9,5814.3,4696.9,53.6,27.7,1028.8,495.2,530.4,189.5,2956.8,3087.0,166.2,0.0,169.3,0.0,298.2,301.7,617.5,623.4,35.0,0.0,12.0,0.0,53.6,0.0,0.0,27.7
1863,350958,35,1,4,5166.7,3843.9,4893.8,3587.4,42.9,23.0,818.9,280.0,423.9,258.8,2324.6,1990.5,124.1,0.0,126.6,0.0,312.1,316.2,734.6,741.9,24.0,0.0,5.0,0.0,42.9,0.0,0.0,23.0
1864,350959,35,1,4,5446.7,3156.6,5172.5,2906.3,51.7,19.2,990.9,148.8,513.7,83.5,2734.6,2108.0,150.5,0.0,153.6,0.0,165.1,166.7,395.2,399.2,56.0,0.0,13.0,0.0,51.7,0.0,0.0,19.2
1865,350960,35,1,4,3513.6,2352.8,3349.2,2202.3,33.2,15.1,640.7,118.9,347.6,84.8,1713.7,1546.4,70.1,0.0,71.6,0.0,127.5,129.1,320.1,323.2,53.0,0.0,5.0,0.0,33.2,0.0,0.0,15.1
1866,350961,35,1,4,9075.3,7125.0,8550.0,6604.6,80.4,43.0,1608.5,718.3,839.7,263.8,4211.1,4146.8,178.5,0.0,182.1,0.0,459.7,465.6,1001.2,1010.0,33.0,0.0,36.0,0.0,80.4,0.0,0.0,43.0
1867,350962,35,1,4,2564.3,1595.2,2388.0,1434.0,22.0,9.0,446.6,148.9,225.0,30.2,1226.3,984.2,72.2,0.0,74.0,0.0,84.6,85.7,183.4,185.0,73.0,0.0,3.0,0.0,22.0,0.0,0.0,9.0
1868,350963,35,1,3,5324.2,3278.9,5091.7,3058.7,48.2,15.9,881.9,125.7,512.0,61.3,2767.8,1665.4,216.9,748.1,221.6,0.0,137.4,139.0,317.0,319.2,26.0,0.0,11.0,0.0,48.2,0.0,0.0,15.9
1869,350964,35,1,3,4332.2,1595.9,4109.6,1378.1,41.4,11.2,765.0,2.9,402.2,0.0,2265.4,1124.6,193.3,0.0,197.6,0.0,69.5,70.2,179.6,180.3,29.0,0.0,8.0,0.0,41.4,0.0,0.0,11.2
1870,350965,35,1,4,6389.4,7920.7,5729.4,7261.6,44.5,40.0,913.0,1761.1,455.5,642.9,2418.0,3175.8,126.1,0.0,128.6,0.0,584.2,590.6,1083.0,1091.3,9.0,0.0,12.0,0.0,44.5,0.0,0.0,40.0
1871,350966,35,1,4,1347.4,3341.0,1071.6,3049.7,0.0,18.5,0.0,705.8,0.0,882.8,5.0,389.8,0.0,0.0,0.0,0.0,280.2,283.7,781.4,787.5,0.0,0.0,5.0,0.0,0.0,0.0,0.0,18.5
1872,350967,35,1,4,3747.7,9986.8,2952.2,9135.3,4.1,53.5,84.3,1966.2,42.4,1049.7,233.1,3537.2,10.1,0.0,10.4,0.0,833.9,843.0,1723.0,1739.0,1.0,0.0,14.0,0.0,4.1,0.0,0.0,53.5
1873,350968,35,1,4,2857.4,8476.4,2154.4,7724.7,5.7,46.6,110.4,1721.6,62.5,758.4,320.9,3633.4,14.4,0.0,14.9,0.0,519.3,525.2,1076.0,1086.1,21.0,0.0,15.0,0.0,5.7,0.0,0.0,46.6
1874,350969,35,1,4,2067.1,1592.2,1943.7,1478.8,17.0,9.4,320.4,178.9,174.2,189.5,940.5,721.1,56.5,0.0,57.8,0.0,98.8,100.2,286.6,289.1,8.0,0.0,1.0,0.0,17.0,0.0,0.0,9.4
1875,350970,35,1,4,1465.7,2027.3,1336.4,1906.0,12.5,5.9,243.5,163.7,134.8,0.0,688.3,642.8,34.8,0.0,35.8,905.0,76.0,76.6,117.1,118.0,2.0,0.0,4.0,0.0,12.5,0.0,0.0,5.9
1876,350971,35,1,4,1556.5,956.1,1463.8,870.4,13.8,5.5,259.1,81.5,140.3,58.1,771.5,537.5,46.9,0.0,48.1,0.0,55.9,56.0,136.0,137.2,2.0,0.0,4.0,0.0,13.8,0.0,0.0,5.5
1877,350972,35,1,4,4890.0,4923.4,4556.8,4604.3,39.4,25.8,720.7,534.7,403.5,307.1,2156.1,2107.3,141.5,666.4,144.4,0.0,306.3,310.2,672.4,678.5,8.0,0.0,4.0,0.0,39.4,0.0,0.0,25.8
1878,350973,35,1,4,7251.1,6613.7,6744.5,6118.3,53.9,37.2,1065.1,757.1,591.9,383.4,2970.2,3156.4,145.7,0.0,148.7,0.0,584.1,591.0,1219.8,1230.4,10.0,0.0,9.0,0.0,53.9,0.0,0.0,37.2
1879,350974,35,1,4,6364.7,7562.7,5807.1,6997.0,42.1,42.5,885.9,922.9,456.3,698.2,2292.0,3356.7,97.1,0.0,99.3,47.4,594.1,600.7,1360.5,1371.1,9.0,0.0,13.0,0.0,42.1,0.0,0.0,42.5
1880,350975,35,1,4,9476.7,13353.4,8690.3,12514.7,38.1,74.9,810.8,1105.0,408.5,2978.2,2240.4,3468.1,131.0,0.0,133.9,0.0,1249.3,1262.9,3676.4,3700.6,17.0,0.0,23.0,0.0,38.1,0.0,0.0,74.9
1881,350976,35,1,4,4456.0,4425.8,4103.3,4073.5,31.9,24.4,667.8,662.3,373.4,263.5,1802.4,2053.3,75.5,0.0,77.3,0.0,351.8,355.7,734.1,738.6,10.0,0.0,11.0,0.0,31.9,0.0,0.0,24.4
1882,350977,35,1,3,4584.5,2008.8,4362.5,1794.2,44.2,14.2,863.3,4.4,445.9,0.0,2337.1,1463.8,136.1,0.0,139.2,0.0,90.6,91.6,233.3,234.3,108.0,0.0,9.0,0.0,44.2,0.0,0.0,14.2
1883,350978,35,1,3,16252.9,11951.1,15410.9,11106.6,135.1,75.9,2842.0,879.6,1423.1,902.9,7455.9,5520.6,433.6,1080.3,442.6,0.0,782.7,791.8,1927.0,1931.5,64.0,0.0,40.0,0.0,135.1,0.0,0.0,75.9
1884,350979,35,1,3,4228.8,3153.4,3999.3,2926.4,33.8,10.2,794.0,98.2,394.6,0.0,2139.6,1373.3,140.1,0.0,142.7,1087.2,118.1,119.1,248.2,248.7,10.0,0.0,12.0,0.0,33.8,0.0,0.0,10.2
1885,350980,35,1,4,5818.1,6786.1,5278.1,6249.9,43.1,29.9,953.1,1082.8,522.9,511.8,2371.0,3398.4,76.1,0.0,77.5,0.0,381.7,385.4,864.9,871.3,14.0,0.0,17.0,0.0,43.1,0.0,0.0,29.9
1886,350981,35,1,4,1435.0,7240.0,827.3,6600.0,0.0,32.1,0.0,1722.7,0.0,163.6,10.0,3753.7,0.0,0.0,0.0,0.0,370.2,373.7,437.1,440.2,0.0,146.0,10.0,0.0,0.0,0.0,0.0,32.1
1887,350982,35,1,4,4252.8,10000.6,3093.2,8800.2,16.7,48.6,342.0,3785.7,173.0,358.4,890.6,3053.9,37.9,0.0,38.8,0.0,827.8,836.4,759.0,765.8,11.0,0.0,13.0,0.0,16.7,0.0,0.0,48.6
1888,350983,35,1,4,1472.9,7807.6,1008.1,7312.3,0.0,27.8,0.0,1166.0,0.0,327.6,12.0,2579.5,0.0,0.0,0.0,2246.7,373.3,377.0,610.9,615.5,0.0,0.0,12.0,0.0,0.0,0.0,0.0,27.8
1889,350984,35,1,4,2343.6,1068.9,2235.6,976.8,22.2,5.2,427.3,1.7,235.5,0.0,1249.7,802.8,73.3,0.0,74.8,0.0,47.3,47.7,123.7,124.6,1.0,0.0,3.0,0.0,22.2,0.0,0.0,5.2
1890,350985,35,1,4,6036.3,5972.4,5560.8,5507.9,44.0,31.0,891.5,757.6,476.5,557.9,2440.0,2735.6,139.0,0.0,141.8,0.0,435.1,439.9,1008.9,1016.9,18.0,0.0,10.0,0.0,44.0,0.0,0.0,31.0
1891,350986,35,1,4,5663.1,8923.9,4993.6,8236.6,29.5,41.9,620.1,1382.7,317.5,687.9,1692.7,3286.7,99.4,0.0,101.4,730.4,699.0,706.5,1432.5,1442.4,17.0,0.0,14.0,0.0,29.5,0.0,0.0,41.9
1892,350987,35,1,4,4524.5,6898.1,3970.7,6327.5,29.5,31.1,626.9,1932.8,334.5,44.9,1753.7,2462.0,99.0,849.4,101.3,0.0,452.8,457.4,577.6,580.8,5.0,0.0,20.0,0.0,29.5,0.0,0.0,31.1
1893,350988,35,1,4,3878.0,6105.4,3529.7,5753.0,25.4,25.9,523.8,1015.9,286.6,97.8,1445.7,2023.4,82.6,944.0,84.5,586.5,428.1,432.9,649.4,652.5,19.0,0.0,10.0,0.0,25.4,0.0,0.0,25.9
1894,350989,35,1,3,7279.0,8218.5,6740.9,7632.4,39.8,54.7,822.2,751.7,411.7,1231.7,2215.5,2442.5,118.7,219.9,121.4,45.1,831.1,839.6,2094.3,2101.8,103.0,0.0,23.0,0.0,39.8,0.0,0.0,54.7
1895,350990,35,1,3,6274.7,4216.8,5856.3,3784.0,51.5,26.3,1104.6,325.2,555.7,247.4,2955.3,2438.9,199.9,0.0,204.3,0.0,223.4,225.4,546.1,547.0,48.0,0.0,19.0,0.0,51.5,0.0,0.0,26.3
1896,350991,35,1,3,3252.4,1421.0,3051.8,1223.3,27.7,7.3,626.4,3.5,313.0,0.0,1670.7,998.9,105.3,0.0,107.8,0.0,61.5,62.0,159.1,158.8,2.0,0.0,6.0,0.0,27.7,0.0,0.0,7.3
1897,350992,35,1,4,7575.3,20711.7,5983.8,19012.6,35.6,91.7,768.9,5706.5,393.1,414.0,2012.4,10280.4,77.6,0.0,79.2,0.0,1060.2,1070.0,1529.4,1541.7,3.0,0.0,60.0,0.0,35.6,0.0,0.0,91.7
1898,350993,35,1,4,8119.8,5942.8,7664.9,5525.1,74.1,27.2,1551.7,689.5,803.6,0.0,3934.8,3865.3,147.5,0.0,150.3,0.0,327.7,331.0,634.2,639.3,101.0,0.0,14.0,0.0,74.1,0.0,0.0,27.2
1899,350994,35,1,4,3124.8,2719.9,2919.4,2524.8,24.3,13.4,498.5,237.3,264.3,254.3,1372.8,1388.7,67.3,0.0,68.7,0.0,179.7,181.3,460.0,463.1,4.0,0.0,4.0,0.0,24.3,0.0,0.0,13.4
1900,350995,35,1,4,2172.1,998.1,2031.7,873.6,19.2,4.7,383.3,41.5,204.3,0.0,1119.3,681.4,80.1,0.0,81.7,0.0,44.4,44.6,105.6,106.1,11.0,0.0,2.0,0.0,19.2,0.0,0.0,4.7
1901,350996,35,1,4,5143.2,3842.7,4841.1,3561.7,41.8,15.3,889.8,388.3,472.4,28.2,2559.2,1975.8,172.6,0.0,176.0,605.4,195.7,197.5,364.4,366.4,5.0,0.0,6.0,0.0,41.8,0.0,0.0,15.3
1902,350997,35,1,4,1309.8,1974.3,1098.8,1755.8,6.7,10.0,143.8,512.0,77.6,156.6,399.6,658.0,22.6,0.0,23.2,0.0,150.3,151.6,276.6,277.6,1.0,0.0,4.0,0.0,6.7,0.0,0.0,10.0
1903,350998,35,1,3,7995.1,3320.3,7662.8,3007.9,70.0,16.9,1527.1,34.6,786.6,0.0,4210.7,2433.7,287.9,0.0,293.8,0.0,153.5,154.8,383.1,384.8,4.0,0.0,16.0,0.0,70.0,0.0,0.0,16.9
1904,350999,35,1,3,9188.1,4322.8,8812.7,3965.1,78.4,21.9,1851.8,11.6,927.8,0.0,4736.0,3236.2,239.7,0.0,244.8,0.0,200.9,202.8,513.6,514.5,79.0,0.0,19.0,0.0,78.4,0.0,0.0,21.9
1905,351000,35,1,3,5520.4,3474.7,5218.0,3174.6,47.8,14.4,1070.5,116.8,532.7,0.0,2746.0,1749.4,163.1,845.0,166.8,0.0,147.6,148.9,314.3,314.5,64.0,0.0,13.0,0.0,47.8,0.0,0.0,14.4
1906,351001,35,1,2,1580.6,779.1,1402.0,590.2,13.0,3.9,301.4,2.5,145.2,0.0,756.8,483.3,40.9,0.0,41.9,0.0,28.6,28.9,76.1,75.6,6.0,0.0,5.0,0.0,13.0,0.0,0.0,3.9
1907,351002,35,1,2,2856.3,2043.3,2577.2,1743.9,17.3,12.8,396.0,144.6,192.3,148.9,1009.4,606.1,62.5,0.0,63.8,0.0,264.4,266.9,579.7,577.3,0.0,0.0,9.0,0.0,17.3,0.0,0.0,12.8
1908,351003,35,1,4,6298.2,15466.4,5150.1,14225.1,0.0,72.3,0.0,2582.4,0.0,2378.5,33.0,4136.9,0.0,0.0,0.0,0.0,1509.5,1523.3,3574.6,3604.1,0.0,0.0,33.0,0.0,0.0,0.0,0.0,72.3
1909,351004,35,1,4,6591.8,8179.3,6043.4,7608.0,31.0,38.2,641.7,751.2,333.7,1447.4,1788.3,2350.0,102.8,0.0,104.9,0.0,833.1,840.4,2202.0,2219.0,13.0,0.0,24.0,0.0,31.0,0.0,0.0,38.2
1910,351005,35,1,3,7121.6,3956.9,6802.6,3648.8,63.2,19.2,1234.0,140.7,651.6,123.4,3485.2,2393.4,204.5,0.0,208.5,0.0,295.3,298.1,688.5,693.1,12.0,0.0,23.0,0.0,63.2,0.0,0.0,19.2
1911,351006,35,1,3,6301.6,4733.6,5989.2,4438.1,55.0,18.6,1136.6,181.0,599.9,95.6,3020.0,2463.7,139.8,797.0,142.9,0.0,275.1,277.7,619.8,623.3,47.0,0.0,8.0,0.0,55.0,0.0,0.0,18.6
1912,351007,35,1,3,2515.9,1023.9,2381.3,899.8,21.4,4.8,436.5,1.5,240.2,0.0,1283.7,739.2,88.8,0.0,90.6,0.0,43.8,44.2,114.8,114.9,81.0,0.0,2.0,0.0,21.4,0.0,0.0,4.8
1913,351008,35,1,3,3319.7,2254.0,3115.5,2040.4,24.5,10.7,500.3,153.6,257.6,163.5,1425.8,994.3,91.9,0.0,94.0,0.0,217.8,219.5,507.1,509.5,8.0,0.0,13.0,0.0,24.5,0.0,0.0,10.7
1914,351009,35,1,3,3478.8,3961.1,3113.1,3575.5,18.5,19.5,413.0,369.1,200.9,645.3,1102.2,1315.5,75.1,0.0,76.9,0.0,333.2,336.1,905.7,909.4,0.0,0.0,6.0,0.0,18.5,0.0,0.0,19.5
1915,351010,35,1,2,3615.7,1545.8,3379.0,1307.7,29.2,7.1,703.8,3.5,344.0,0.0,1837.9,1069.0,121.1,0.0,123.9,0.0,65.2,65.9,169.1,169.3,4.0,0.0,10.0,0.0,29.2,0.0,0.0,7.1
1916,351011,35,1,2,2778.6,1649.1,2527.2,1390.6,21.5,7.7,532.9,94.2,260.9,18.5,1311.4,1021.9,67.5,0.0,69.0,0.0,79.0,79.6,176.6,176.5,22.0,0.0,8.0,0.0,21.5,0.0,0.0,7.7
1917,351012,35,1,2,1283.2,676.3,1098.0,486.2,9.8,2.8,241.9,0.6,116.7,0.0,591.2,400.6,29.2,0.0,30.0,0.0,23.1,23.3,62.0,61.7,0.0,0.0,4.0,0.0,9.8,0.0,0.0,2.8
1918,351013,35,1,4,5963.7,10739.2,5408.3,10106.6,0.0,51.0,0.0,907.8,0.0,3043.3,37.0,782.2,0.0,0.0,0.0,0.0,1389.3,1401.0,3944.9,3972.4,0.0,0.0,37.0,0.0,0.0,0.0,0.0,51.0
1919,351014,35,1,4,7105.5,12373.0,6573.0,11733.3,0.0,61.6,0.0,870.0,0.0,3918.8,57.0,435.3,0.0,0.0,0.0,0.0,1615.7,1629.2,4843.3,4880.0,0.0,0.0,57.0,0.0,0.0,0.0,0.0,61.6
1920,351015,35,1,4,4649.9,4772.1,4256.3,4376.0,26.9,21.1,573.1,515.9,281.3,594.6,1522.3,1580.5,89.7,0.0,91.6,0.0,493.1,497.2,1180.1,1187.8,8.0,0.0,17.0,0.0,26.9,0.0,0.0,21.1
1921,351016,35,1,3,2563.6,1726.4,2385.8,1549.2,22.1,8.0,423.0,127.6,228.9,114.7,1203.1,940.7,76.6,0.0,78.4,0.0,106.1,107.3,257.6,259.0,6.0,0.0,6.0,0.0,22.1,0.0,0.0,8.0
1922,351017,35,1,3,5594.9,3852.3,5280.7,3550.6,48.1,18.0,923.5,371.0,514.7,187.5,2695.8,2215.8,175.1,0.0,178.7,0.0,235.3,237.0,536.5,539.2,14.0,0.0,7.0,0.0,48.1,0.0,0.0,18.0
1923,351018,35,1,3,3996.9,2676.9,3720.6,2403.6,34.6,12.2,718.0,278.0,371.3,20.0,1956.9,1683.0,122.0,0.0,124.7,0.0,145.3,146.3,275.4,276.3,2.0,0.0,5.0,0.0,34.6,0.0,0.0,12.2
1924,351019,35,1,3,3545.6,1787.7,3325.7,1568.7,30.1,7.9,624.0,102.5,335.8,29.0,1765.5,1108.9,124.3,0.0,126.9,0.0,97.9,98.9,229.3,229.5,15.0,0.0,7.0,0.0,30.1,0.0,0.0,7.9
1925,351020,35,1,3,519.7,790.1,394.9,656.2,1.7,3.4,37.2,109.9,20.0,150.4,102.9,172.9,5.6,0.0,5.7,0.0,56.7,57.0,165.9,165.9,0.0,0.0,1.0,0.0,1.7,0.0,0.0,3.4
1926,351021,35,1,3,1555.3,717.1,1370.3,524.3,11.9,2.6,282.5,0.6,135.9,0.0,735.7,432.2,48.7,0.0,49.7,0.0,24.9,25.0,66.8,66.5,23.0,0.0,3.0,0.0,11.9,0.0,0.0,2.6
1927,351022,35,1,2,4785.6,2206.9,4517.2,1925.9,39.7,8.9,968.9,4.6,474.9,0.0,2421.0,1576.6,129.2,0.0,131.6,0.0,96.6,97.4,247.0,247.3,18.0,0.0,30.0,0.0,39.7,0.0,0.0,8.9
1928,351023,35,1,4,7099.0,12705.8,6447.6,11974.3,0.0,59.6,0.0,1331.4,0.0,3880.6,32.0,337.7,0.0,0.0,0.0,0.0,1643.5,1654.8,4740.1,4769.7,0.0,0.0,32.0,0.0,0.0,0.0,0.0,59.6
1929,351024,35,1,4,9259.5,9457.8,8653.5,8868.7,63.3,38.0,1254.9,965.3,666.3,1182.0,3715.5,3525.6,250.5,630.1,255.6,76.8,685.5,690.4,1789.2,1798.5,19.0,0.0,17.0,0.0,63.3,0.0,0.0,38.0
1930,351025,35,1,3,4849.7,2388.4,4617.7,2169.4,44.1,10.3,886.5,110.9,480.4,21.4,2520.8,1651.1,161.5,0.0,165.0,0.0,111.9,112.7,272.5,273.4,9.0,0.0,10.0,0.0,44.1,0.0,0.0,10.3
1931,351026,35,1,3,5556.5,3694.0,5304.9,3453.1,47.2,12.7,959.3,187.4,509.9,100.0,2831.9,1816.8,205.9,790.6,210.1,0.0,163.6,164.7,392.1,393.6,20.0,0.0,12.0,0.0,47.2,0.0,0.0,12.7
1932,351027,35,1,3,4920.7,5585.5,4630.3,5299.7,40.9,12.4,845.3,359.7,431.0,11.4,2427.9,1674.8,193.0,0.0,197.2,2729.5,189.2,190.5,332.7,333.7,6.0,0.0,8.0,0.0,40.9,0.0,0.0,12.4
1933,351028,35,1,3,4934.5,2981.4,4706.3,2759.2,41.6,8.8,880.0,53.4,464.8,0.0,2509.1,1444.6,178.3,915.2,182.2,0.0,104.7,105.4,240.3,240.6,136.0,0.0,11.0,0.0,41.6,0.0,0.0,8.8
1934,351029,35,1,3,3842.6,1872.7,3638.2,1670.2,31.1,7.4,729.9,51.6,382.4,0.0,1978.9,1326.6,111.6,0.0,114.0,0.0,86.5,87.1,204.8,205.0,22.0,0.0,8.0,0.0,31.1,0.0,0.0,7.4
1935,351030,35,1,2,4091.4,1792.5,3845.2,1542.9,31.6,6.7,808.6,10.0,397.2,0.0,2084.1,1259.4,128.9,0.0,131.3,0.0,76.6,77.0,196.5,196.5,4.0,0.0,18.0,0.0,31.6,0.0,0.0,6.7
1936,351031,35,1,2,1020.6,555.1,846.9,371.0,7.4,1.7,183.8,0.4,88.6,0.0,452.3,307.5,21.2,0.0,21.9,0.0,16.8,16.8,46.3,46.3,8.0,0.0,8.0,0.0,7.4,0.0,0.0,1.7
1937,351032,35,1,3,2603.2,1496.6,2423.1,1318.5,21.5,6.2,441.0,105.3,231.5,68.2,1276.7,883.7,88.2,0.0,90.2,0.0,74.7,75.3,185.7,186.0,29.0,0.0,6.0,0.0,21.5,0.0,0.0,6.2
1938,351033,35,1,4,11844.3,6996.5,11383.2,6584.9,95.7,21.1,2016.9,375.1,1082.0,24.0,6120.1,3458.2,535.7,484.6,546.3,1272.1,314.8,316.3,654.4,654.7,88.0,0.0,25.0,0.0,95.7,0.0,0.0,21.1
1939,351034,35,1,3,7738.2,3337.2,7425.8,3044.9,66.0,13.5,1457.0,52.0,749.3,0.0,4050.6,2449.9,272.7,17.9,278.2,0.0,150.9,151.6,374.1,373.6,71.0,0.0,22.0,0.0,66.0,0.0,0.0,13.5
1940,351035,35,1,3,2255.4,1011.2,2080.0,828.6,18.2,3.6,424.3,1.4,222.4,0.0,1137.5,682.3,70.6,0.0,72.3,0.0,39.9,40.0,105.0,105.0,0.0,0.0,8.0,0.0,18.2,0.0,0.0,3.6
1941,351036,35,1,2,5699.4,3424.7,5386.9,3106.3,42.8,10.7,1080.6,138.5,535.4,0.0,2788.7,1872.9,172.0,662.5,175.8,0.0,135.9,136.4,296.5,295.9,185.0,0.0,17.0,0.0,42.8,0.0,0.0,10.7
1942,351037,35,1,3,3226.2,1969.9,2983.1,1717.0,25.3,7.2,597.4,69.6,297.5,3.3,1621.0,1423.0,107.8,0.0,110.2,0.0,69.6,70.1,151.6,151.0,9.0,0.0,19.0,0.0,25.3,0.0,0.0,7.2
1943,351038,35,1,2,2961.9,1281.3,2731.1,1039.5,22.6,4.6,562.7,2.0,276.6,0.0,1460.3,854.6,96.5,0.0,98.7,0.0,50.9,51.1,132.4,131.9,44.0,0.0,9.0,0.0,22.6,0.0,0.0,4.6
1944,351039,35,1,3,2583.8,1399.1,2407.8,1219.5,19.2,6.3,481.2,52.6,241.7,4.9,1309.5,972.3,80.7,0.0,82.4,0.0,57.5,57.4,133.9,132.2,14.0,0.0,7.0,0.0,19.2,0.0,0.0,6.3
1945,351040,35,1,3,7849.1,4889.5,7513.6,4574.2,60.5,16.4,1435.6,170.3,747.1,0.0,4090.5,2753.2,292.2,1057.8,298.1,0.0,187.7,188.1,408.2,404.7,41.0,0.0,13.0,0.0,60.5,0.0,0.0,16.4
1946,351041,35,1,3,3019.4,1630.1,2797.1,1400.2,22.1,6.4,494.3,113.1,259.7,53.3,1473.8,941.9,131.8,0.0,134.5,0.0,90.9,91.5,202.1,200.4,1.0,0.0,9.0,0.0,22.1,0.0,0.0,6.4
1947,351042,35,1,3,3583.1,3031.5,3334.7,2779.6,26.5,8.5,612.0,308.0,319.2,0.0,1737.2,1271.6,132.2,842.1,135.0,0.0,132.3,133.2,225.7,224.6,32.0,0.0,9.0,0.0,26.5,0.0,0.0,8.5
1948,351043,35,1,3,3624.3,1694.9,3404.6,1469.5,29.4,6.2,702.2,3.1,353.1,0.0,1847.2,1220.7,114.9,0.0,117.4,0.0,68.4,68.7,177.3,176.9,12.0,0.0,12.0,0.0,29.4,0.0,0.0,6.2
1949,351044,35,1,3,3002.5,2597.1,2844.4,2425.8,23.7,6.4,547.8,89.6,290.8,0.0,1498.0,1135.7,80.5,911.5,82.5,0.0,94.8,95.5,194.0,193.6,35.0,0.0,21.0,0.0,23.7,0.0,0.0,6.4
1950,351045,35,1,4,4779.4,3327.3,4448.7,3018.1,36.6,12.5,869.8,413.1,431.8,73.5,2296.2,1976.1,139.3,0.0,142.1,0.0,184.7,185.9,368.8,369.5,7.0,0.0,9.0,0.0,36.6,0.0,0.0,12.5
1951,351046,35,1,4,3529.4,1741.5,3361.2,1587.1,29.9,6.7,669.7,3.6,363.9,0.0,1798.8,1311.5,83.6,0.0,85.2,0.0,75.8,76.4,195.3,195.6,77.0,0.0,12.0,0.0,29.9,0.0,0.0,6.7
1952,351047,35,1,4,3910.8,1662.8,3720.2,1492.9,32.9,6.2,720.7,3.4,387.4,0.0,2050.2,1232.6,137.8,0.0,140.3,0.0,71.4,72.1,184.5,184.8,16.0,0.0,12.0,0.0,32.9,0.0,0.0,6.2
1953,351048,35,1,3,103.1,108.5,0.0,0.0,0.0,0.0,0.0,0.0,0.0,0.0,0.0,0.0,0.0,0.0,0.0,0.0,0.0,0.0,0.0,0.0,0.0,0.0,0.0,0.0,0.0,0.0,0.0,0.0
1954,351049,35,1,3,8977.2,3533.3,8670.4,3238.1,66.1,13.7,1573.6,8.6,841.1,0.0,4720.0,2697.0,391.8,0.0,399.7,0.0,150.5,150.7,384.6,381.8,182.0,0.0,27.0,0.0,66.1,0.0,0.0,13.7
1955,351050,35,1,3,3777.9,3361.8,3551.7,3136.9,27.9,6.7,638.2,117.7,335.0,0.0,1894.0,1129.1,170.1,0.0,173.6,1590.5,102.7,103.1,198.0,196.5,35.0,0.0,5.0,0.0,27.9,0.0,0.0,6.7
1956,351051,35,1,3,7753.6,8056.9,7306.3,7568.4,39.1,33.1,909.3,427.9,474.6,2208.9,2619.0,2121.1,197.3,0.0,201.4,0.0,687.3,690.5,2128.4,2120.1,52.0,0.0,37.0,0.0,39.1,0.0,0.0,33.1
1957,351052,35,1,3,3551.9,1726.9,3400.6,1559.5,28.1,6.4,658.7,3.5,344.8,0.0,1796.9,1296.6,90.3,0.0,92.5,0.0,72.3,72.9,187.0,186.5,128.0,0.0,30.0,0.0,28.1,0.0,0.0,6.4
1958,351053,35,1,3,4552.0,3889.4,4314.6,3661.0,35.4,8.4,787.6,159.2,419.1,22.5,2301.7,1488.6,182.2,0.0,186.1,1588.9,132.7,133.5,268.2,268.2,29.0,0.0,8.0,0.0,35.4,0.0,0.0,8.4
1959,351054,35,1,3,2962.1,1644.7,2763.7,1440.3,23.6,6.0,549.0,32.1,269.6,62.2,1461.6,1086.4,88.8,0.0,90.8,0.0,69.5,70.1,189.5,189.5,32.0,0.0,13.0,0.0,23.6,0.0,0.0,6.0
1960,351055,35,1,3,8316.6,16786.7,6592.4,15009.4,31.4,66.7,687.6,6244.0,447.8,1285.7,1724.3,3806.3,26.1,0.0,26.8,0.0,1618.8,1632.2,2035.9,2041.1,9.0,0.0,16.0,0.0,31.4,0.0,0.0,66.7
1961,351056,35,1,4,4241.6,7415.2,3585.6,6752.7,22.5,27.9,520.2,1624.1,263.7,368.9,1380.7,3500.0,75.9,0.0,77.6,0.0,467.6,471.1,785.9,788.6,2.0,0.0,12.0,0.0,22.5,0.0,0.0,27.9
1962,351057,35,1,4,3776.1,4666.6,3360.0,4257.4,24.7,18.4,553.9,829.4,282.9,258.0,1463.7,2281.0,79.6,0.0,81.3,0.0,294.8,296.7,589.7,592.2,3.0,0.0,11.0,0.0,24.7,0.0,0.0,18.4
1963,351058,35,1,4,2831.0,5027.9,2405.6,4598.9,20.5,21.0,473.2,1501.0,238.1,109.5,1119.2,2500.6,39.7,0.0,40.5,0.0,190.4,192.2,293.5,295.6,1.0,0.0,10.0,0.0,20.5,0.0,0.0,21.0
1964,351059,35,1,2,907.6,3454.8,539.4,3075.9,0.0,15.7,0.0,895.9,0.0,240.4,3.0,1411.3,0.0,0.0,0.0,0.0,217.7,217.8,315.7,310.6,0.0,0.0,3.0,0.0,0.0,0.0,0.0,15.7
1965,351060,35,1,3,277.3,906.6,91.8,714.6,0.0,4.0,0.0,203.3,0.0,57.1,1.0,365.5,0.0,0.0,0.0,0.0,42.2,42.1,47.6,46.6,0.0,0.0,1.0,0.0,0.0,0.0,0.0,4.0
1966,351061,35,1,2,103.2,108.4,0.0,0.0,0.0,0.0,0.0,0.0,0.0,0.0,0.0,0.0,0.0,0.0,0.0,0.0,0.0,0.0,0.0,0.0,0.0,0.0,0.0,0.0,0.0,0.0,0.0,0.0
1967,351062,35,1,3,12328.7,9847.8,11879.9,9426.8,90.8,25.4,2355.4,186.7,1153.5,0.0,6468.4,4671.1,413.2,1208.9,421.7,2359.4,309.9,309.8,699.8,690.8,37.0,0.0,21.0,0.0,90.8,0.0,0.0,25.4
1968,351063,35,1,3,7837.1,3250.6,7570.7,2974.6,57.2,11.6,1409.3,7.6,726.3,0.0,4214.5,2481.8,342.1,0.0,348.8,0.0,137.1,137.5,350.5,347.8,5.0,0.0,37.0,0.0,57.2,0.0,0.0,11.6
1969,351064,35,1,3,2194.2,835.3,2019.8,651.2,14.8,2.6,350.7,1.0,180.9,0.0,1063.0,546.0,101.6,0.0,103.8,0.0,28.8,28.7,76.1,75.4,109.0,0.0,6.0,0.0,14.8,0.0,0.0,2.6
1970,351065,35,1,3,1870.4,2046.5,1679.1,1840.3,11.1,7.7,249.2,389.7,140.1,104.4,795.2,1002.9,66.2,0.0,67.7,0.0,125.3,125.6,219.3,217.7,4.0,0.0,12.0,0.0,11.1,0.0,0.0,7.7
1971,351066,35,1,4,2928.1,7302.2,2552.4,6929.3,16.2,14.5,380.1,751.6,191.0,270.2,1013.6,1778.2,61.1,0.0,62.3,3300.8,297.7,299.8,528.5,528.8,13.0,0.0,5.0,0.0,16.2,0.0,0.0,14.5
1972,351067,35,1,4,5038.4,7694.6,4143.0,6798.5,33.7,31.7,758.9,3039.1,387.0,97.7,1799.2,2584.2,56.7,0.0,57.9,0.0,606.4,611.6,462.9,465.9,5.0,0.0,9.0,0.0,33.7,0.0,0.0,31.7
1973,351068,35,1,4,3136.7,8775.0,2540.2,8117.5,0.0,39.1,0.0,1439.4,0.0,1374.0,33.0,2811.8,0.0,0.0,0.0,0.0,729.0,735.2,1745.2,1757.2,0.0,0.0,33.0,0.0,0.0,0.0,0.0,39.1
1974,351069,35,1,2,5786.8,4092.1,5525.6,3849.4,40.5,11.7,1077.4,101.5,553.1,0.0,3003.8,2119.1,205.9,1169.3,210.4,0.0,144.7,144.4,320.3,315.1,9.0,0.0,1.0,0.0,40.5,0.0,0.0,11.7
1975,351070,35,1,3,8010.7,3837.4,7692.3,3540.0,59.5,15.3,1542.1,9.3,766.9,0.0,4204.8,2965.4,264.5,0.0,269.9,0.0,160.7,160.6,410.4,404.7,65.0,0.0,8.0,0.0,59.5,0.0,0.0,15.3
1976,351071,35,1,3,4930.4,2378.3,4721.0,2158.6,36.2,8.9,946.6,5.0,468.0,0.0,2602.8,1808.4,162.4,0.0,166.0,0.0,97.5,97.6,250.8,247.7,2.0,0.0,25.0,0.0,36.2,0.0,0.0,8.9
1977,351072,35,1,4,9451.9,6353.9,9016.5,5950.4,63.6,22.2,1677.2,165.7,866.3,606.7,4631.4,3928.2,271.7,0.0,277.2,0.0,333.5,333.8,925.2,915.9,19.0,0.0,15.0,0.0,63.6,0.0,0.0,22.2
1978,351073,35,1,3,9059.1,4731.2,8753.0,4437.1,64.8,12.6,1495.2,96.9,819.0,0.0,4837.2,2616.0,472.1,1155.8,481.6,0.0,175.3,175.3,396.7,393.2,52.0,0.0,24.0,0.0,64.8,0.0,0.0,12.6
1979,351074,35,1,3,3495.6,1535.1,3275.9,1315.3,24.8,5.2,578.7,59.8,296.2,35.5,1761.5,989.6,172.8,0.0,176.5,0.0,67.6,67.7,163.7,162.7,54.0,0.0,5.0,0.0,24.8,0.0,0.0,5.2
1980,351075,35,1,4,9506.5,5587.4,9078.2,5177.4,61.7,19.8,1449.8,261.1,798.2,415.4,4518.5,3030.0,371.8,0.0,379.2,0.0,439.8,441.7,1034.8,1029.1,63.0,0.0,23.0,0.0,61.7,0.0,0.0,19.8
1981,351076,35,1,3,6438.3,8823.9,5895.9,8247.9,31.6,33.5,775.6,979.3,405.1,1901.5,2106.9,3039.9,121.2,0.0,123.8,0.0,599.6,602.0,1731.7,1725.1,6.0,0.0,26.0,0.0,31.6,0.0,0.0,33.5
1982,351077,35,1,3,8299.7,3135.3,7984.5,2821.2,63.2,10.6,1439.1,94.5,744.6,0.0,4409.1,2259.0,428.2,0.0,436.6,0.0,138.1,138.7,329.8,329.0,22.0,0.0,37.0,0.0,63.2,0.0,0.0,10.6
1983,351078,35,1,3,7651.5,5063.6,7299.4,4719.5,58.8,13.9,1374.0,284.8,718.4,91.1,3828.9,2574.5,277.6,1083.9,283.4,0.0,214.3,215.0,470.7,470.0,104.0,0.0,28.0,0.0,58.8,0.0,0.0,13.9
1984,351079,35,1,3,3725.4,3857.6,3341.4,3455.1,22.0,14.0,511.2,455.7,248.7,477.5,1383.9,1583.2,104.7,0.0,107.0,0.0,274.8,276.3,662.0,662.3,38.0,0.0,11.0,0.0,22.0,0.0,0.0,14.0
1985,351080,35,1,4,10090.5,14516.4,9154.8,13551.9,39.7,53.8,955.6,2216.3,508.3,2005.7,2486.7,4322.2,105.3,0.0,107.5,35.2,1541.2,1550.2,3419.1,3422.2,9.0,0.0,22.0,0.0,39.7,0.0,0.0,53.8
1986,351081,35,1,4,3451.9,3793.9,3237.0,3590.2,26.4,9.5,626.4,380.6,327.8,16.8,1648.3,1582.4,74.4,1157.6,76.2,0.0,159.3,160.1,292.6,292.7,19.0,0.0,13.0,0.0,26.4,0.0,0.0,9.5
1987,351082,35,1,4,9523.5,20743.3,8045.6,19185.1,33.3,82.0,748.5,5705.1,385.1,1309.2,2103.6,7681.0,140.3,0.0,143.1,0.0,1563.7,1574.4,2905.3,2915.4,10.0,0.0,46.0,0.0,33.3,0.0,0.0,82.0
1988,351083,35,1,4,7908.3,8993.3,7192.7,8288.4,65.2,38.3,1391.7,1121.4,689.5,141.8,3587.3,5858.8,160.7,0.0,163.6,0.0,402.9,406.5,755.0,760.0,18.0,0.0,24.0,0.0,65.2,0.0,0.0,38.3
1989,351084,35,1,4,5658.2,12341.2,5133.6,11744.6,0.0,55.3,0.0,1044.2,0.0,3791.8,31.0,1350.3,0.0,0.0,0.0,458.1,1194.4,1202.6,3877.2,3897.6,0.0,0.0,31.0,0.0,0.0,0.0,0.0,55.3
1990,351085,35,1,2,113.7,158.2,6.1,48.6,0.0,0.3,0.0,38.8,0.0,0.0,0.0,3.6,0.0,0.0,0.0,0.0,5.2,5.2,1.0,1.0,0.0,0.0,0.0,0.0,0.0,0.0,0.0,0.3
1991,351086,35,1,2,102.8,106.2,0.0,0.0,0.0,0.0,0.0,0.0,0.0,0.0,0.0,0.0,0.0,0.0,0.0,0.0,0.0,0.0,0.0,0.0,0.0,0.0,0.0,0.0,0.0,0.0,0.0,0.0
1992,351087,35,1,2,3819.9,1843.3,3623.9,1656.0,26.0,7.1,717.8,60.3,368.3,0.0,2002.2,1342.7,137.2,0.0,140.1,0.0,71.4,71.3,184.8,181.7,1.0,0.0,1.0,0.0,26.0,0.0,0.0,7.1
1993,351088,35,1,2,103.0,109.6,0.0,0.0,0.0,0.0,0.0,0.0,0.0,0.0,0.0,0.0,0.0,0.0,0.0,0.0,0.0,0.0,0.0,0.0,0.0,0.0,0.0,0.0,0.0,0.0,0.0,0.0
1994,351089,35,1,3,103.0,107.7,0.0,0.0,0.0,0.0,0.0,0.0,0.0,0.0,0.0,0.0,0.0,0.0,0.0,0.0,0.0,0.0,0.0,0.0,0.0,0.0,0.0,0.0,0.0,0.0,0.0,0.0
1995,351090,35,1,3,103.2,108.5,0.0,0.0,0.0,0.0,0.0,0.0,0.0,0.0,0.0,0.0,0.0,0.0,0.0,0.0,0.0,0.0,0.0,0.0,0.0,0.0,0.0,0.0,0.0,0.0,0.0,0.0
1996,351091,35,1,4,13379.4,11924.5,12513.7,11094.5,83.8,44.3,2298.4,1701.4,1189.9,471.4,6104.1,6745.5,344.8,34.4,351.7,0.0,717.9,717.5,1441.9,1424.3,49.0,0.0,16.0,0.0,83.8,0.0,0.0,44.3
1997,351092,35,1,4,7342.5,2920.8,7059.9,2669.5,51.0,9.6,1221.9,110.9,656.9,12.1,3886.5,2118.7,372.7,0.0,379.9,0.0,127.1,127.4,302.8,300.4,96.0,0.0,16.0,0.0,51.0,0.0,0.0,9.6
1998,351093,35,1,4,5614.1,2250.2,5400.5,2062.5,40.4,7.4,967.6,9.2,526.4,0.0,3034.4,1718.5,259.2,0.0,264.3,0.0,94.4,94.5,242.1,240.4,3.0,0.0,9.0,0.0,40.4,0.0,0.0,7.4
1999,351094,35,1,4,9865.3,9057.9,9247.6,8422.5,48.1,31.8,1270.9,883.5,637.1,838.1,3392.7,3151.7,165.8,0.0,169.2,0.0,1131.3,1133.2,2426.5,2416.0,20.0,0.0,34.0,0.0,48.1,0.0,0.0,31.8
2000,351095,35,1,4,5318.4,2325.5,5037.7,2062.2,37.5,7.3,982.9,60.9,473.9,6.5,2727.9,1657.5,221.2,0.0,225.5,0.0,99.6,99.8,238.7,237.4,48.0,0.0,20.0,0.0,37.5,0.0,0.0,7.3
2001,351096,35,1,3,1119.6,1816.9,862.2,1543.3,5.0,5.4,114.8,260.1,55.8,71.4,314.9,703.0,24.8,128.1,25.5,57.3,118.5,119.0,204.9,204.4,1.0,0.0,2.0,0.0,5.0,0.0,0.0,5.4
2002,351097,35,1,4,3326.9,1496.3,3136.8,1320.4,27.1,5.3,614.3,27.4,313.8,0.0,1700.4,1079.0,115.6,0.0,118.1,0.0,60.0,60.4,153.6,153.6,47.0,0.0,14.0,0.0,27.1,0.0,0.0,5.3
2003,351098,35,1,4,2050.3,1023.7,1890.5,878.2,15.6,3.7,335.6,37.5,164.8,21.8,960.8,600.1,73.8,0.0,75.4,0.0,65.6,65.9,152.6,152.8,57.0,0.0,5.0,0.0,15.6,0.0,0.0,3.7
2004,351099,35,1,2,2608.4,1259.7,2445.9,1099.4,17.0,4.2,484.7,23.7,243.5,0.0,1356.8,907.9,93.7,0.0,95.8,0.0,47.2,47.0,123.2,120.9,1.0,0.0,0.0,0.0,17.0,0.0,0.0,4.2
2005,351100,35,1,2,350.4,228.0,242.8,114.3,1.9,0.5,48.0,11.4,23.9,0.0,136.9,88.9,9.7,0.0,9.9,0.0,3.3,3.2,11.1,10.7,0.0,0.0,0.0,0.0,1.9,0.0,0.0,0.5
2006,351101,35,1,3,10965.7,5177.6,10576.9,4802.7,76.8,20.0,2071.7,50.4,1053.8,19.1,5812.6,3945.4,399.7,0.0,408.0,0.0,227.8,227.3,570.3,560.6,8.0,0.0,25.0,0.0,76.8,0.0,0.0,20.0
2007,351102,35,1,3,4808.8,2396.3,4585.0,2175.2,34.5,9.6,886.2,51.8,446.1,41.2,2495.3,1723.5,172.4,0.0,176.1,0.0,103.2,102.8,260.8,255.9,33.0,0.0,12.0,0.0,34.5,0.0,0.0,9.6
2008,351103,35,1,4,2752.3,6089.0,2310.9,5623.6,0.0,25.1,0.0,707.2,0.0,1647.0,6.0,1000.0,0.0,0.0,0.0,0.0,651.5,649.8,1647.4,1619.6,0.0,0.0,6.0,0.0,0.0,0.0,0.0,25.1
2009,351104,35,1,4,1105.2,3883.4,761.0,3531.1,0.0,15.6,0.0,906.9,0.0,326.6,3.0,1550.1,0.0,0.0,0.0,0.0,285.4,284.9,469.7,462.5,0.0,0.0,3.0,0.0,0.0,0.0,0.0,15.6
2010,351105,35,1,4,4827.1,2304.1,4622.8,2118.9,34.6,8.1,908.1,4.7,462.0,0.0,2549.7,1776.4,161.8,0.0,165.2,0.0,95.5,95.5,245.5,242.2,23.0,0.0,12.0,0.0,34.6,0.0,0.0,8.1
2011,351106,35,1,4,6964.1,3722.4,6687.3,3475.9,46.8,9.8,1138.3,115.0,613.2,0.0,3700.4,1993.2,384.2,935.2,392.1,0.0,139.7,139.7,296.3,292.7,8.0,0.0,15.0,0.0,46.8,0.0,0.0,9.8
2012,351107,35,1,4,5938.7,2249.7,5723.5,2053.9,42.1,7.6,978.8,33.9,538.3,0.0,3175.8,1692.3,304.4,0.0,310.6,0.0,92.9,93.1,236.7,234.6,67.0,0.0,19.0,0.0,42.1,0.0,0.0,7.6
2013,351108,35,1,4,3841.5,6016.8,3464.0,5626.5,11.6,19.4,271.1,685.1,149.2,981.5,866.6,1349.2,76.0,503.3,77.9,111.2,613.1,613.6,1392.2,1382.6,6.0,0.0,12.0,0.0,11.6,0.0,0.0,19.4
2014,351109,35,1,4,12559.4,21281.1,11366.4,20012.6,27.1,76.0,708.5,1906.2,355.3,5268.0,1903.2,4688.2,90.6,0.0,92.7,0.0,2266.0,2268.7,5911.1,5881.6,2.0,0.0,37.0,0.0,27.1,0.0,0.0,76.0
2015,351110,35,1,3,5068.7,4649.8,4662.4,4218.7,22.8,14.5,582.8,459.2,282.7,418.2,1619.1,1077.6,130.8,0.0,133.5,478.2,582.0,583.5,1207.5,1201.9,105.0,0.0,19.0,0.0,22.8,0.0,0.0,14.5
2016,351111,35,1,3,4760.0,1726.8,4530.7,1494.5,35.3,5.5,808.8,3.2,416.3,0.0,2486.1,1246.9,245.1,0.0,250.1,0.0,68.3,68.4,177.1,176.0,63.0,0.0,16.0,0.0,35.3,0.0,0.0,5.5
2017,351112,35,1,3,1617.4,871.6,1408.3,648.9,11.8,2.5,279.7,58.6,136.8,0.0,758.9,487.7,58.3,0.0,59.7,0.0,32.8,32.7,70.1,69.8,9.0,0.0,3.0,0.0,11.8,0.0,0.0,2.5
2018,351113,35,1,3,2545.4,2694.8,2265.5,2407.9,17.2,9.4,386.0,525.4,198.5,111.5,1105.9,1371.5,83.2,0.0,85.2,0.0,140.6,141.1,259.2,258.4,2.0,0.0,5.0,0.0,17.2,0.0,0.0,9.4
2019,351114,35,1,3,3012.3,4950.3,2679.7,4610.3,17.5,15.3,399.7,617.1,207.2,285.6,1050.9,1968.8,48.6,818.1,49.8,0.0,308.4,309.7,611.1,611.0,0.0,0.0,4.0,0.0,17.5,0.0,0.0,15.3
2020,351115,35,1,3,3845.9,1408.2,3632.2,1197.7,30.4,4.6,666.7,3.5,349.7,0.0,2009.5,994.1,185.9,0.0,189.9,0.0,55.5,55.5,144.9,144.6,21.0,0.0,9.0,0.0,30.4,0.0,0.0,4.6
2021,351116,35,1,4,3126.5,3663.4,2942.9,3480.3,20.0,8.9,527.4,245.7,267.7,61.7,1488.3,1360.7,93.6,973.3,95.7,403.4,153.2,153.0,286.9,282.5,14.0,0.0,16.0,0.0,20.0,0.0,0.0,8.9
2022,351117,35,1,2,2349.6,1144.0,2182.3,979.5,15.0,3.6,435.4,46.5,208.4,0.0,1213.8,787.8,87.8,0.0,89.7,0.0,40.7,40.7,106.5,104.6,0.0,0.0,0.0,0.0,15.0,0.0,0.0,3.6
2023,351118,35,1,3,2364.2,1890.3,2201.6,1731.8,15.2,4.7,460.2,80.2,218.5,0.0,1182.8,992.6,62.2,447.4,63.6,0.0,66.3,66.0,148.0,145.5,0.0,0.0,0.0,0.0,15.2,0.0,0.0,4.7
2024,351119,35,1,3,1937.7,7243.8,1795.6,7101.1,10.2,7.9,280.4,414.0,141.4,0.0,777.7,1103.0,42.4,1500.1,43.3,3615.0,197.6,196.8,277.7,272.3,33.0,0.0,2.0,0.0,10.2,0.0,0.0,7.9
2025,351120,35,1,3,7078.5,5945.7,6790.1,5673.9,49.8,17.0,1330.5,204.5,686.2,13.3,3665.5,3250.3,192.1,0.0,196.1,1517.1,220.4,219.3,478.1,469.5,11.0,0.0,10.0,0.0,49.8,0.0,0.0,17.0
2026,351121,35,1,4,4210.0,3322.6,3983.6,3102.0,26.0,13.0,695.0,156.5,361.4,347.5,1886.0,1770.8,92.6,0.0,94.7,0.0,239.9,239.5,597.0,587.6,11.0,0.0,6.0,0.0,26.0,0.0,0.0,13.0
2027,351122,35,1,3,2044.1,4237.5,1782.3,3962.0,0.0,17.5,0.0,433.9,0.0,1184.4,1.0,585.0,0.0,0.0,0.0,0.0,504.7,503.2,1275.6,1255.5,0.0,0.0,1.0,0.0,0.0,0.0,0.0,17.5
2028,351123,35,1,3,8569.0,3956.7,8219.7,3629.0,62.5,14.7,1631.6,15.2,768.2,89.7,4415.8,2910.9,314.3,0.0,320.9,0.0,168.9,168.5,451.0,444.8,134.0,0.0,15.0,0.0,62.5,0.0,0.0,14.7
2029,351124,35,1,3,13106.8,7156.4,12663.2,6752.5,93.6,26.0,2506.7,61.7,1294.0,0.0,6910.2,5637.7,363.6,0.0,371.1,0.0,303.7,302.7,763.9,750.5,132.0,0.0,18.0,0.0,93.6,0.0,0.0,26.0
2030,351125,35,1,3,4069.7,1598.9,3879.7,1401.1,24.4,4.7,660.0,83.2,360.6,0.0,2161.2,1099.8,217.4,0.0,222.0,0.0,69.3,68.9,152.3,149.2,16.0,0.0,21.0,0.0,24.4,0.0,0.0,4.7
2031,351126,35,1,3,3298.6,1423.3,3105.2,1222.6,20.2,4.5,517.6,155.3,279.6,3.9,1709.2,862.1,178.4,0.0,182.2,0.0,74.5,74.2,129.7,127.1,18.0,0.0,16.0,0.0,20.2,0.0,0.0,4.5
2032,351127,35,1,4,7302.7,4895.8,6958.2,4566.5,44.4,12.5,1107.4,485.4,612.2,108.3,3678.1,2156.0,378.7,1148.8,386.6,0.0,240.8,240.2,435.3,427.7,100.0,0.0,19.0,0.0,44.4,0.0,0.0,12.5
2033,351128,35,1,4,7213.1,3807.5,6918.8,3548.1,47.3,13.1,1213.1,303.1,643.4,0.0,3714.1,2579.9,312.7,0.0,319.2,0.0,235.4,234.7,437.9,430.4,37.0,0.0,6.0,0.0,47.3,0.0,0.0,13.1
2034,351129,35,1,2,243.8,178.5,125.1,56.8,0.8,0.2,25.2,2.7,11.7,0.0,71.4,47.6,5.0,0.0,5.1,0.0,1.3,1.3,5.3,5.1,0.0,0.0,0.0,0.0,0.8,0.0,0.0,0.2
2035,351130,35,1,3,4688.0,1741.2,4487.0,1547.2,28.3,4.8,780.6,24.6,427.3,0.0,2519.0,1284.8,250.3,0.0,255.7,0.0,67.9,67.6,174.2,170.3,3.0,0.0,9.0,0.0,28.3,0.0,0.0,4.8
2036,351131,35,1,2,2603.3,2165.5,2424.8,1991.6,14.7,3.8,470.3,89.7,226.4,0.0,1309.9,943.7,94.8,736.7,97.1,0.0,74.4,74.0,151.0,147.4,1.0,0.0,0.0,0.0,14.7,0.0,0.0,3.8
2037,351132,35,1,3,1523.3,1982.7,1396.9,1854.2,8.4,3.3,228.9,96.2,119.0,96.5,697.9,532.3,57.8,908.0,59.3,0.0,70.5,70.1,154.5,151.1,7.0,0.0,2.0,0.0,8.4,0.0,0.0,3.3
2038,351133,35,1,3,3824.3,5027.1,3310.8,4503.7,14.0,17.1,369.6,1332.1,190.1,534.0,1137.7,1253.8,96.1,0.0,98.2,0.0,534.3,530.9,870.8,852.9,7.0,0.0,7.0,0.0,14.0,0.0,0.0,17.1
2039,351134,35,1,4,17216.2,12716.4,16466.4,12003.0,90.1,42.6,2364.3,607.3,1219.9,2559.4,7240.7,4667.1,611.2,0.0,623.5,0.0,1157.9,1153.6,3073.8,3015.6,150.0,0.0,25.0,0.0,90.1,0.0,0.0,42.6
2040,351135,35,1,4,7890.4,3579.6,7594.0,3323.3,54.6,12.2,1365.6,54.6,722.3,128.5,4178.3,2565.2,351.6,0.0,358.8,0.0,160.6,160.1,421.7,414.9,28.0,0.0,7.0,0.0,54.6,0.0,0.0,12.2
2041,351136,35,1,2,5834.0,2123.0,5604.2,1904.0,31.2,5.3,955.3,32.6,515.9,0.0,3141.8,1577.4,330.2,0.0,336.9,0.0,85.5,85.1,213.5,208.9,18.0,0.0,7.0,0.0,31.2,0.0,0.0,5.3
2042,351137,35,1,3,3808.6,1563.8,3591.9,1349.7,22.8,4.3,632.8,94.5,347.4,13.0,2000.1,1029.6,192.0,0.0,196.1,0.0,70.0,69.6,146.5,143.0,2.0,0.0,5.0,0.0,22.8,0.0,0.0,4.3
2043,351138,35,1,3,5584.2,2304.0,5332.7,2060.4,34.5,6.9,909.8,43.6,497.2,156.7,2868.4,1475.2,279.3,0.0,285.1,0.0,104.0,103.3,287.8,281.5,95.0,0.0,6.0,0.0,34.5,0.0,0.0,6.9
2044,351139,35,1,2,10435.6,5161.3,10095.5,4835.3,55.4,10.8,1713.3,189.1,929.7,0.0,5615.4,3002.1,573.9,1022.1,585.7,0.0,199.7,199.0,434.8,423.0,17.0,0.0,26.0,0.0,55.4,0.0,0.0,10.8
2045,351140,35,1,3,3268.2,1820.3,3055.7,1607.8,20.2,5.2,606.8,156.7,289.9,1.8,1661.3,1190.7,112.5,0.0,115.0,0.0,91.4,90.8,171.7,167.7,2.0,0.0,5.0,0.0,20.2,0.0,0.0,5.2
2046,351141,35,1,3,3587.1,1349.4,3400.9,1166.8,21.7,3.7,590.4,2.4,314.2,0.0,1850.4,984.7,180.7,0.0,184.6,0.0,50.8,50.3,131.9,129.3,94.0,0.0,4.0,0.0,21.7,0.0,0.0,3.7
2047,351142,35,1,3,6414.8,9865.2,6126.9,9601.4,43.9,15.0,1121.6,464.3,561.0,0.0,3179.6,2858.0,198.2,1649.2,202.5,3811.3,302.8,301.5,526.2,517.1,33.0,0.0,2.0,0.0,43.9,0.0,0.0,15.0
2048,351143,35,1,2,9691.9,3900.7,9375.1,3601.3,51.3,9.7,1743.5,16.8,880.6,0.0,5180.4,3026.7,459.2,0.0,468.2,0.0,160.4,160.0,409.9,397.8,38.0,0.0,35.0,0.0,51.3,0.0,0.0,9.7
2049,351144,35,1,3,358.2,2179.6,239.4,2056.7,0.9,1.3,27.3,110.5,12.6,0.0,79.6,189.9,5.5,0.0,5.8,1650.9,47.4,47.2,60.1,58.2,0.0,0.0,1.0,0.0,0.9,0.0,0.0,1.3
2050,351145,35,1,3,4775.2,1709.9,4538.2,1470.7,26.2,4.3,819.2,4.6,421.8,0.0,2524.1,1240.0,259.8,0.0,264.9,0.0,64.6,64.0,166.7,162.1,2.0,0.0,15.0,0.0,26.2,0.0,0.0,4.3
2051,351146,35,1,3,5161.1,1751.4,4944.1,1539.6,32.7,5.0,850.8,3.5,481.1,0.0,2797.8,1299.5,274.9,0.0,280.8,0.0,67.4,67.0,174.3,169.7,7.0,0.0,10.0,0.0,32.7,0.0,0.0,5.0
2052,351147,35,1,3,8624.5,4450.5,8339.7,4187.0,58.0,10.8,1368.4,114.9,763.0,0.0,4654.6,2477.5,486.2,1066.1,496.3,0.0,168.3,167.7,368.9,360.8,19.0,0.0,15.0,0.0,58.0,0.0,0.0,10.8
2053,351148,35,1,3,17492.7,10642.6,16851.1,10047.3,123.6,35.8,3179.9,421.8,1597.7,618.7,9026.7,6869.4,559.3,0.0,570.6,0.0,517.0,514.5,1307.8,1282.8,60.0,340.0,32.0,0.0,123.6,0.0,0.0,35.8
2054,351149,35,1,3,5085.3,2434.6,4882.1,2231.1,31.0,6.9,959.7,5.1,466.7,0.0,2683.8,1880.7,173.5,0.0,177.1,0.0,99.0,98.3,253.3,247.0,50.0,0.0,19.0,0.0,31.0,0.0,0.0,6.9
2055,351150,35,1,3,8002.7,3913.9,7705.0,3633.3,51.9,12.3,1398.2,53.6,702.1,89.4,4053.7,2747.6,291.4,0.0,297.6,0.0,220.3,218.8,536.6,523.9,194.0,0.0,11.0,0.0,51.9,0.0,0.0,12.3
2056,351151,35,1,3,7051.2,3409.2,6777.5,3170.6,42.0,9.5,1350.3,7.8,666.4,0.0,3745.2,2667.5,244.8,0.0,249.6,0.0,141.7,141.1,362.5,354.1,9.0,0.0,8.0,0.0,42.0,0.0,0.0,9.5
2057,351152,35,1,3,5133.0,6578.8,4855.3,6301.7,33.2,12.4,886.9,495.8,432.6,0.0,2483.4,2340.1,163.5,1418.3,167.0,1367.1,262.4,260.8,428.4,419.5,15.0,0.0,16.0,0.0,33.2,0.0,0.0,12.4
2058,351153,35,1,2,15132.4,9009.5,14569.1,8515.5,111.5,28.2,2777.9,160.5,1394.8,263.7,7807.1,5952.1,472.4,0.0,481.6,547.5,465.7,463.4,1152.6,1128.2,9.0,0.0,8.0,0.0,111.5,0.0,0.0,28.2
2059,351154,35,1,2,96.9,89.6,0.0,0.0,0.0,0.0,0.0,0.0,0.0,0.0,0.0,0.0,0.0,0.0,0.0,0.0,0.0,0.0,0.0,0.0,0.0,0.0,0.0,0.0,0.0,0.0,0.0,0.0
2060,351155,35,1,2,280.3,871.7,155.4,748.6,0.0,2.9,0.0,223.7,0.0,57.4,0.0,314.2,0.0,0.0,0.0,0.0,63.9,63.5,91.4,89.8,0.0,0.0,0.0,0.0,0.0,0.0,0.0,2.9
2061,351156,35,1,2,690.5,1811.3,477.9,1599.5,0.1,6.4,0.9,358.1,0.7,166.7,5.2,611.8,0.3,0.0,0.3,0.0,166.8,165.9,302.7,297.0,0.0,0.0,1.0,0.0,0.1,0.0,0.0,6.4
2062,351157,35,1,3,7978.7,4114.8,7696.6,3839.4,56.7,11.0,1312.6,93.2,705.8,0.0,4233.2,2250.4,428.2,1010.4,436.9,0.0,151.8,151.3,337.9,334.1,62.0,0.0,28.0,0.0,56.7,0.0,0.0,11.0
2063,351158,35,1,3,3819.0,5238.1,3329.4,4727.6,15.2,19.4,367.0,1193.6,183.6,382.7,1091.2,1698.5,97.3,0.0,99.5,0.0,519.6,519.5,942.2,933.2,15.0,0.0,14.0,0.0,15.2,0.0,0.0,19.4
2064,351159,35,1,3,8273.1,8469.8,7690.0,7859.6,37.0,30.5,898.2,814.7,458.6,1786.7,2671.1,2128.0,240.7,0.0,245.7,0.0,898.4,899.0,2247.2,2231.3,6.0,0.0,24.0,0.0,37.0,0.0,0.0,30.5
2065,351160,35,1,3,3031.4,1459.4,2877.1,1307.3,21.7,4.3,508.2,35.5,279.4,0.0,1570.5,930.0,130.2,113.6,132.9,27.5,61.6,61.6,140.2,139.0,45.0,0.0,9.0,0.0,21.7,0.0,0.0,4.3
2066,351161,35,1,3,9115.1,8515.1,8688.6,8103.1,62.3,18.8,1486.2,475.9,763.8,201.5,4356.1,3037.6,353.9,0.0,361.1,3117.9,419.6,420.3,854.8,849.9,70.0,0.0,23.0,0.0,62.3,0.0,0.0,18.8
2067,351162,35,1,3,5170.7,4011.5,4849.2,3694.5,35.4,14.0,848.5,410.5,449.6,216.6,2378.2,2204.8,140.6,0.0,143.7,0.0,273.7,274.4,590.9,588.1,12.0,0.0,12.0,0.0,35.4,0.0,0.0,14.0
2068,351163,35,1,3,1753.6,821.8,1633.8,701.7,12.8,2.6,305.2,1.2,158.4,0.0,864.9,586.9,53.9,0.0,55.3,0.0,31.3,31.3,82.7,82.3,80.0,0.0,2.0,0.0,12.8,0.0,0.0,2.6
2069,351164,35,1,3,11989.2,10838.9,11346.5,10198.4,76.5,37.0,1743.5,765.6,913.5,1418.4,4985.2,4319.6,332.3,753.4,339.1,12.5,820.4,822.7,2113.4,2106.1,67.0,0.0,32.0,0.0,76.5,0.0,0.0,37.0
2070,351165,35,1,3,8767.1,4997.8,8391.2,4650.3,72.3,17.8,1688.1,192.4,851.6,86.2,4467.4,3574.1,229.0,0.0,233.8,0.0,229.2,229.8,569.2,567.9,107.0,0.0,16.0,0.0,72.3,0.0,0.0,17.8
2071,351166,35,1,3,8009.6,5547.6,7635.7,5184.3,57.2,20.9,1299.0,194.3,683.8,770.3,3539.4,2574.2,199.7,0.0,203.7,0.0,430.7,432.3,1215.4,1213.2,46.0,0.0,18.0,0.0,57.2,0.0,0.0,20.9
2072,351167,35,1,4,5777.9,2759.9,5549.8,2552.4,40.9,9.5,1082.1,6.1,547.6,0.0,3033.4,2144.3,191.4,0.0,195.2,0.0,114.5,114.0,292.5,287.9,79.0,0.0,14.0,0.0,40.9,0.0,0.0,9.5
2073,351168,35,1,3,2726.0,1634.2,2560.4,1466.9,19.5,5.8,481.5,56.3,238.6,90.4,1362.0,1035.6,87.9,0.0,89.9,0.0,81.1,81.2,206.5,203.5,5.0,0.0,8.0,0.0,19.5,0.0,0.0,5.8
2074,351169,35,1,3,4693.2,2668.1,4379.0,2362.9,33.5,9.2,800.3,249.2,415.3,62.4,2350.6,1671.6,209.6,0.0,213.9,0.0,126.4,126.1,256.9,253.6,4.0,0.0,2.0,0.0,33.5,0.0,0.0,9.2
2075,351170,35,1,3,2680.4,6536.9,2092.5,5924.6,9.8,20.1,234.3,2146.8,118.2,0.0,705.9,2034.3,65.6,858.8,67.3,0.0,434.5,434.7,453.7,450.0,7.0,0.0,6.0,0.0,9.8,0.0,0.0,20.1
2076,351171,35,1,3,2528.5,5085.8,2068.6,4601.3,10.2,18.0,240.9,1415.7,120.9,348.4,727.6,2006.8,67.7,0.0,69.3,0.0,316.3,316.4,518.1,513.9,0.0,0.0,8.0,0.0,10.2,0.0,0.0,18.0
2077,351172,35,1,3,4771.7,2714.0,4496.4,2433.5,34.7,9.2,783.1,255.0,408.9,104.7,2368.5,1620.3,215.2,0.0,219.8,0.0,143.8,143.8,312.1,309.6,26.0,0.0,19.0,0.0,34.7,0.0,0.0,9.2
2078,351173,35,1,3,3852.2,4750.9,3652.0,4557.1,27.9,8.1,590.4,264.3,330.3,38.5,1923.6,1386.2,176.0,769.8,179.8,1663.3,157.9,158.2,278.9,276.8,7.0,0.0,8.0,0.0,27.9,0.0,0.0,8.1
2079,351174,35,1,3,7213.3,7958.6,6637.8,7384.4,44.5,29.1,1026.2,1033.6,559.8,616.5,2689.0,3628.2,107.5,0.0,109.8,0.0,692.4,693.0,1421.1,1413.0,20.0,0.0,12.0,0.0,44.5,0.0,0.0,29.1
2080,351175,35,1,3,3478.8,3234.7,3257.5,3016.1,24.6,11.9,549.5,220.6,296.9,463.5,1501.5,1577.3,70.4,0.0,72.1,0.0,194.9,195.0,562.3,559.6,2.0,0.0,8.0,0.0,24.6,0.0,0.0,11.9
2081,351176,35,1,3,1311.5,1380.7,1173.3,1244.6,9.6,4.9,215.2,306.2,117.2,9.8,583.6,728.0,25.7,0.0,26.4,0.0,78.2,78.1,123.0,122.5,0.0,0.0,4.0,0.0,9.6,0.0,0.0,4.9
2082,351177,35,1,3,11109.3,17572.7,10004.9,16417.9,26.1,66.6,645.9,2342.0,320.0,5169.2,1826.7,2024.4,117.1,0.0,119.5,0.0,1980.2,1975.6,4979.5,4906.6,3.0,0.0,13.0,0.0,26.1,0.0,0.0,66.6
2083,351178,35,1,3,305.7,852.3,132.5,666.7,0.0,2.6,0.0,134.9,0.0,77.6,1.0,325.2,0.0,0.0,0.0,0.0,45.5,45.2,85.0,83.8,0.0,0.0,1.0,0.0,0.0,0.0,0.0,2.6
2084,351179,35,1,3,2930.6,6421.5,2491.9,5942.8,0.0,23.3,0.0,777.1,0.0,1768.4,9.0,941.4,0.0,0.0,0.0,0.0,694.1,693.4,1779.8,1762.4,0.0,0.0,9.0,0.0,0.0,0.0,0.0,23.3
2085,351180,35,1,3,1655.1,733.3,1490.3,558.9,11.8,2.1,276.2,27.8,140.7,0.0,828.8,447.9,77.5,0.0,79.2,0.0,22.8,22.8,61.0,60.5,0.0,0.0,4.0,0.0,11.8,0.0,0.0,2.1
2086,351181,35,1,3,4773.5,1858.2,4551.7,1635.7,36.6,6.0,830.1,3.5,428.8,0.0,2510.7,1368.4,231.1,0.0,235.9,0.0,74.3,74.0,191.8,189.8,34.0,0.0,15.0,0.0,36.6,0.0,0.0,6.0
2087,351182,35,1,3,3823.0,1692.3,3658.9,1532.3,30.3,5.7,679.2,3.2,372.9,0.0,2019.1,1281.0,140.6,0.0,143.8,0.0,69.7,69.6,180.5,178.5,43.0,0.0,10.0,0.0,30.3,0.0,0.0,5.7
2088,351183,35,1,3,3688.8,2752.7,3505.7,2581.6,29.2,6.7,637.8,108.3,356.2,0.0,1880.5,1328.8,126.8,836.5,129.7,0.0,101.9,101.9,207.8,206.2,61.0,0.0,4.0,0.0,29.2,0.0,0.0,6.7
2089,351184,35,1,4,1316.6,931.8,1201.0,820.5,8.1,2.9,216.4,163.4,109.8,1.9,644.3,522.9,44.6,0.0,45.8,0.0,52.9,52.7,81.2,79.6,2.0,0.0,4.0,0.0,8.1,0.0,0.0,2.9
2090,351185,35,1,3,6899.6,3966.5,6629.3,3699.3,46.5,9.2,1156.0,107.7,603.7,0.0,3632.1,2023.5,363.4,1123.6,370.9,0.0,143.0,142.4,307.2,302.0,29.0,0.0,24.0,0.0,46.5,0.0,0.0,9.2
2091,351186,35,1,4,5546.4,3517.3,5276.1,3255.2,34.4,12.2,874.2,251.4,449.8,192.8,2585.1,1850.0,177.7,0.0,181.4,0.0,309.6,308.5,663.3,652.5,21.0,0.0,14.0,0.0,34.4,0.0,0.0,12.2
2092,351187,35,1,3,4073.1,2551.5,3839.5,2332.3,29.8,8.9,734.6,349.8,369.3,5.7,2077.6,1598.2,128.6,0.0,131.3,0.0,141.8,141.2,241.2,237.4,13.0,0.0,2.0,0.0,29.8,0.0,0.0,8.9
2093,351188,35,1,3,2966.1,4264.9,2704.6,3989.6,15.2,9.4,354.8,317.1,181.9,350.3,1067.3,847.8,98.9,0.0,101.0,1596.1,280.1,279.7,605.6,598.6,5.0,0.0,10.0,0.0,15.2,0.0,0.0,9.4
2094,351189,35,1,3,10009.4,10163.1,9375.9,9504.4,49.1,36.4,1160.2,749.8,579.7,2557.8,3454.6,2754.4,326.1,0.0,332.6,0.0,908.0,907.2,2560.7,2535.3,32.0,0.0,22.0,0.0,49.1,0.0,0.0,36.4
2095,351190,35,1,3,4677.4,2746.8,4405.7,2459.7,35.2,7.9,779.3,231.7,398.0,0.0,2314.4,1424.8,219.7,164.0,224.4,211.0,157.6,157.7,273.2,270.4,16.0,0.0,23.0,0.0,35.2,0.0,0.0,7.9
2096,351191,35,1,3,457.8,283.4,330.3,148.0,3.0,0.6,68.1,0.0,33.7,0.0,177.2,126.4,9.7,0.0,9.9,0.0,5.3,5.3,16.3,16.2,9.0,0.0,1.0,0.0,3.0,0.0,0.0,0.6
2097,351192,35,1,3,5563.9,3036.7,5272.9,2755.3,44.2,10.6,1045.7,98.4,510.0,50.0,2729.4,2030.1,157.2,0.0,160.6,0.0,174.3,174.3,405.7,402.5,78.0,0.0,12.0,0.0,44.2,0.0,0.0,10.6
2098,351193,35,1,3,2082.0,2141.7,1888.7,1943.3,15.3,7.5,344.3,422.5,185.8,14.5,946.4,1171.6,43.9,23.2,45.0,0.0,123.0,123.1,190.1,188.4,0.0,0.0,10.0,0.0,15.3,0.0,0.0,7.5
2099,351194,35,1,3,1229.7,1163.7,1097.2,1035.0,8.6,4.0,203.0,187.7,108.8,24.2,558.6,655.2,27.0,0.0,27.8,0.0,61.2,61.1,107.9,106.8,0.0,0.0,3.0,0.0,8.6,0.0,0.0,4.0
2100,351195,35,1,3,6406.0,2309.9,6225.0,2144.2,43.6,7.4,991.1,4.8,589.1,0.0,3537.4,1805.4,354.8,0.0,362.3,0.0,95.2,94.7,244.1,239.3,36.0,0.0,15.0,0.0,43.6,0.0,0.0,7.4
2101,351196,35,1,3,4109.6,2734.9,3867.3,2499.2,33.4,10.4,699.8,268.3,357.2,74.2,1986.2,1674.0,130.9,0.0,133.7,0.0,157.6,158.3,324.7,324.3,63.0,0.0,14.0,0.0,33.4,0.0,0.0,10.4
2102,351197,35,1,4,3619.7,2490.4,3404.8,2294.1,28.0,9.8,596.8,265.8,305.0,242.6,1693.1,1244.7,111.4,0.0,113.7,0.0,144.4,145.0,395.3,395.9,38.0,0.0,7.0,0.0,28.0,0.0,0.0,9.8
2103,351198,35,1,4,4668.2,5740.2,4320.2,5398.5,28.4,24.6,592.5,601.8,290.8,1011.7,1619.7,2153.9,88.9,0.0,90.9,0.0,421.4,424.2,1203.1,1206.9,7.0,0.0,6.0,0.0,28.4,0.0,0.0,24.6
2104,351199,35,1,4,5782.1,19140.8,4298.2,17571.8,0.0,78.5,0.0,3941.1,0.0,2809.9,28.0,6564.4,0.0,0.0,0.0,0.0,1269.8,1276.7,2972.4,2979.7,0.0,0.0,28.0,0.0,0.0,0.0,0.0,78.5
2105,351200,35,1,4,7016.7,10118.9,6272.0,9354.4,40.1,42.7,849.1,1881.7,417.8,966.0,2254.6,4028.7,113.5,0.0,115.7,0.0,782.6,787.5,1683.8,1690.4,29.0,0.0,26.0,0.0,40.1,0.0,0.0,42.7
2106,351201,35,1,4,2928.4,1393.9,2750.1,1236.4,25.4,5.3,565.0,2.3,275.3,0.0,1472.4,1019.6,78.2,0.0,80.0,0.0,59.4,59.9,154.7,154.7,60.0,0.0,5.0,0.0,25.4,0.0,0.0,5.3
2107,351202,35,1,4,3913.0,4436.0,3574.8,4094.7,24.0,19.2,529.9,539.2,260.3,673.5,1393.8,1662.2,74.9,0.0,76.6,0.9,322.8,324.9,891.5,894.0,14.0,0.0,11.0,0.0,24.0,0.0,0.0,19.2
2108,351203,35,1,4,12103.2,17912.0,10803.5,16519.3,49.1,74.3,1029.2,3181.3,557.0,2067.7,2760.6,5137.4,104.3,0.0,106.4,0.0,1935.2,1943.2,4189.8,4189.8,42.0,0.0,79.0,0.0,49.1,0.0,0.0,74.3
2109,351204,35,1,4,7194.1,8463.0,6654.7,7923.7,44.0,32.8,951.3,1111.5,516.2,518.1,2511.1,3441.9,99.4,127.9,101.6,287.4,804.8,808.3,1629.4,1628.5,23.0,0.0,18.0,0.0,44.0,0.0,0.0,32.8
2110,351205,35,1,4,4247.4,3474.9,3919.9,3155.6,32.2,13.7,692.7,842.0,366.5,24.8,2020.2,1759.2,140.7,0.0,143.6,0.0,208.1,209.4,320.1,320.1,10.0,0.0,18.0,0.0,32.2,0.0,0.0,13.7
2111,351206,35,1,4,2508.0,10200.5,1508.6,9182.0,0.0,30.7,0.0,3713.2,0.0,676.4,8.0,981.0,0.0,1412.1,0.0,903.5,765.8,769.0,726.8,726.7,0.0,0.0,8.0,0.0,0.0,0.0,0.0,30.7
2112,351207,35,1,4,2522.0,5061.0,2116.9,4644.3,5.6,20.8,121.0,898.7,65.0,453.8,321.2,1709.2,12.5,0.0,12.9,0.0,516.4,519.0,1063.9,1063.6,0.0,0.0,4.0,0.0,5.6,0.0,0.0,20.8
2113,351208,35,1,4,4263.1,7976.4,3638.0,7322.0,4.3,33.3,93.2,1138.6,49.8,1211.4,275.4,1802.9,18.3,0.0,18.8,0.0,949.3,953.3,2221.3,2215.8,1.0,0.0,11.0,0.0,4.3,0.0,0.0,33.3
2114,351209,35,1,3,1950.9,3529.6,1668.8,3219.5,1.2,14.6,26.2,413.4,13.4,789.0,79.0,485.8,5.0,0.0,5.2,0.0,411.4,412.9,1122.5,1118.4,0.0,0.0,6.0,0.0,1.2,0.0,0.0,14.6
2115,351210,35,1,3,2468.1,1089.9,2260.4,871.5,18.9,3.4,463.9,2.5,218.0,0.0,1231.9,719.1,87.7,0.0,89.5,0.0,41.4,41.5,109.0,108.4,8.0,0.0,11.0,0.0,18.9,0.0,0.0,3.4
2116,351211,35,1,3,2364.1,1220.4,2144.3,992.1,17.9,3.8,467.2,23.2,215.0,0.0,1154.1,799.7,62.9,0.0,64.1,0.0,48.3,48.3,121.7,120.9,0.0,0.0,11.0,0.0,17.9,0.0,0.0,3.8
2117,351212,35,1,4,5272.5,13049.0,4388.6,12137.3,27.1,49.7,603.9,4388.2,299.5,445.4,1654.3,5683.3,87.7,0.0,89.6,0.0,612.1,614.2,1009.4,1006.2,13.0,0.0,19.0,0.0,27.1,0.0,0.0,49.7
2118,351213,35,1,4,3344.3,9807.1,2179.3,8611.4,0.0,37.7,0.0,2688.1,0.0,1440.4,15.0,2333.6,0.0,0.0,0.0,0.0,733.0,735.5,1416.4,1413.8,0.0,0.0,15.0,0.0,0.0,0.0,0.0,37.7
2119,351214,35,1,4,4429.7,4200.3,4085.5,3879.4,35.4,16.4,743.5,626.6,371.2,168.7,2025.7,2366.1,108.4,0.0,110.7,0.0,241.6,242.4,476.4,475.6,3.0,0.0,5.0,0.0,35.4,0.0,0.0,16.4
2120,351215,35,1,4,8900.8,17063.9,7630.1,15714.3,16.5,70.0,343.1,3256.4,170.9,2328.1,995.8,4164.1,55.8,0.0,57.1,0.0,1871.9,1879.3,4089.6,4086.4,7.0,0.0,39.0,0.0,16.5,0.0,0.0,70.0
2121,351216,35,1,4,5505.7,6287.1,4918.2,5701.4,29.2,24.9,636.5,1025.6,314.0,529.1,1736.2,2220.5,128.8,0.0,131.3,0.0,622.0,624.4,1303.4,1301.9,29.0,0.0,17.0,0.0,29.2,0.0,0.0,24.9
2122,351217,35,1,4,3388.6,5620.4,2913.3,5137.2,13.0,22.8,292.7,1028.8,144.5,933.0,784.9,1603.9,54.8,0.0,55.9,0.0,434.9,436.7,1136.6,1134.7,4.0,0.0,5.0,0.0,13.0,0.0,0.0,22.8
2123,351218,35,1,3,2172.9,4449.8,1819.0,4081.2,10.4,13.6,235.5,1032.4,116.0,72.7,637.2,1296.3,44.9,942.5,46.0,0.0,321.6,322.9,415.8,414.3,0.0,0.0,2.0,0.0,10.4,0.0,0.0,13.6
2124,351219,35,1,3,4205.1,3407.3,3934.0,3138.0,33.7,6.0,726.2,76.7,369.0,0.0,2103.5,1096.8,191.8,0.0,195.8,1689.4,88.8,89.1,186.9,186.0,63.0,0.0,9.0,0.0,33.7,0.0,0.0,6.0
2125,351220,35,1,3,1304.4,542.6,1138.8,367.5,9.6,1.5,217.3,0.4,114.1,0.0,631.4,306.2,53.6,0.0,55.0,0.0,16.2,16.2,45.1,44.8,4.0,0.0,2.0,0.0,9.6,0.0,0.0,1.5
2126,351221,35,1,3,5799.8,2034.5,5512.5,1755.3,45.8,6.9,1024.1,12.7,518.9,0.0,3008.0,1437.7,283.9,0.0,289.1,0.0,86.1,86.6,219.3,218.3,67.0,0.0,16.0,0.0,45.8,0.0,0.0,6.9
2127,351222,35,1,4,9585.3,14581.7,8969.3,13946.4,38.4,61.3,828.0,749.8,410.0,4719.5,2252.7,3288.7,119.3,0.0,121.5,0.0,1075.1,1076.8,4137.7,4111.6,13.0,0.0,12.0,0.0,38.4,0.0,0.0,61.3
2128,351223,35,1,4,4588.1,14395.5,3621.2,13372.8,0.1,57.1,2.3,2696.1,1.9,2345.1,24.6,4770.1,0.2,0.0,0.3,0.0,1049.8,1051.7,2524.0,2509.8,0.0,0.0,18.0,0.0,0.1,0.0,0.0,57.1
2129,351224,35,1,4,10868.4,8931.1,10258.7,8370.6,89.7,32.2,1851.5,607.0,942.7,610.8,5136.1,4827.3,294.9,644.5,300.9,128.8,433.7,434.7,1123.9,1117.5,153.0,0.0,22.0,0.0,89.7,0.0,0.0,32.2
2130,351225,35,1,4,3955.9,1576.3,3718.8,1362.7,32.8,5.5,734.4,2.4,358.7,0.0,1995.3,1125.8,148.1,0.0,151.1,0.0,65.7,65.6,169.3,168.8,83.0,0.0,13.0,0.0,32.8,0.0,0.0,5.5
2131,351226,35,1,3,539.9,3735.7,368.9,3552.4,1.9,2.5,41.3,173.0,19.9,0.0,118.9,252.9,9.4,0.0,9.6,2959.8,74.2,74.4,92.6,92.3,0.0,0.0,3.0,0.0,1.9,0.0,0.0,2.5
2132,351227,35,1,3,3265.9,1953.2,3036.9,1720.7,25.2,7.2,567.2,218.8,279.9,0.0,1535.6,1122.8,107.7,0.0,110.1,0.0,140.6,141.2,238.8,237.9,47.0,0.0,10.0,0.0,25.2,0.0,0.0,7.2
2133,351228,35,1,3,67.5,66.2,0.0,0.0,0.0,0.0,0.0,0.0,0.0,0.0,0.0,0.0,0.0,0.0,0.0,0.0,0.0,0.0,0.0,0.0,0.0,0.0,0.0,0.0,0.0,0.0,0.0,0.0
2134,351229,35,1,4,9512.2,7808.6,8966.9,7302.7,77.8,29.8,1683.2,555.5,846.0,442.6,4532.4,4936.7,230.5,0.0,234.8,0.0,398.8,399.2,975.1,968.7,46.0,0.0,20.0,0.0,77.8,0.0,0.0,29.8
2135,351230,35,1,3,9487.9,4014.0,9093.5,3638.6,80.1,11.6,1633.1,82.5,829.5,0.0,4987.5,2248.6,516.3,788.4,526.6,0.0,158.5,159.1,362.1,360.1,53.0,0.0,27.0,0.0,80.1,0.0,0.0,11.6
2136,351231,35,1,3,5368.6,2329.0,5103.5,2070.0,45.3,8.3,1029.3,27.4,502.2,0.0,2752.0,1684.4,186.4,0.0,190.2,0.0,103.0,103.2,256.3,255.0,65.0,0.0,19.0,0.0,45.3,0.0,0.0,8.3
2137,351232,35,1,2,2956.0,1052.4,2758.7,856.8,22.8,3.4,494.6,1.5,255.3,0.0,1483.9,709.2,139.6,0.0,142.3,0.0,40.6,40.8,106.4,105.3,87.0,0.0,9.0,0.0,22.8,0.0,0.0,3.4
2138,351233,35,1,3,67.4,66.4,0.0,0.0,0.0,0.0,0.0,0.0,0.0,0.0,0.0,0.0,0.0,0.0,0.0,0.0,0.0,0.0,0.0,0.0,0.0,0.0,0.0,0.0,0.0,0.0,0.0,0.0
2139,351234,35,1,4,2466.5,7752.3,1926.1,7189.0,0.0,31.1,0.0,2105.4,0.0,904.7,8.0,2278.0,0.0,0.0,0.0,0.0,620.3,621.0,1289.8,1279.9,0.0,0.0,8.0,0.0,0.0,0.0,0.0,31.1
2140,351235,35,1,4,74.5,68.3,0.0,0.0,0.0,0.0,0.0,0.0,0.0,0.0,0.0,0.0,0.0,0.0,0.0,0.0,0.0,0.0,0.0,0.0,0.0,0.0,0.0,0.0,0.0,0.0,0.0,0.0
2141,351236,35,1,4,1347.9,4493.5,959.2,4101.6,0.0,17.2,0.0,1038.8,0.0,397.8,2.0,1714.0,0.0,0.0,0.0,0.0,338.5,338.7,616.8,612.2,0.0,0.0,2.0,0.0,0.0,0.0,0.0,17.2
2142,351237,35,1,4,1748.0,7584.7,1188.7,7001.7,0.1,30.4,2.4,2669.6,1.9,408.6,17.5,2774.0,0.2,0.0,0.3,0.0,433.9,434.2,721.5,715.2,0.0,0.0,11.0,0.0,0.1,0.0,0.0,30.4
2143,351238,35,1,4,2129.5,5238.7,1773.3,4855.6,0.0,22.1,0.0,637.3,0.0,1022.5,17.0,1464.8,0.0,0.0,0.0,0.0,472.7,473.3,1266.7,1257.7,0.0,0.0,17.0,0.0,0.0,0.0,0.0,22.1
2144,351239,35,1,4,3718.2,2452.2,3477.2,2236.0,32.1,9.2,700.8,193.0,364.4,13.3,1811.5,1681.7,85.8,0.0,87.8,0.0,110.2,110.2,239.8,237.8,71.0,0.0,6.0,0.0,32.1,0.0,0.0,9.2
2145,351240,35,1,3,2465.1,1228.8,2315.9,1077.4,21.4,4.4,470.2,2.0,238.6,0.0,1241.5,892.3,62.1,0.0,63.5,0.0,51.1,51.3,132.9,131.8,44.0,0.0,12.0,0.0,21.4,0.0,0.0,4.4
2146,351241,35,1,3,8103.5,4942.2,7773.2,4630.6,67.1,15.7,1522.6,197.9,773.3,8.2,4162.3,3071.9,233.8,669.2,238.8,0.0,211.7,211.7,476.7,471.6,127.0,0.0,27.0,0.0,67.1,0.0,0.0,15.7
2147,351242,35,1,2,4188.1,2073.5,3991.2,1878.7,34.6,7.3,822.2,4.6,418.8,0.0,2159.6,1551.3,107.5,0.0,110.0,0.0,91.2,91.1,233.8,231.7,28.0,0.0,20.0,0.0,34.6,0.0,0.0,7.3
2148,351243,35,1,2,2661.6,1280.1,2468.2,1110.5,20.9,4.2,523.8,2.1,249.9,0.0,1346.6,922.7,77.2,0.0,78.9,0.0,52.3,52.1,135.4,133.6,1.0,0.0,3.0,0.0,20.9,0.0,0.0,4.2
2149,351244,35,1,3,95.7,95.8,2.0,0.0,0.0,0.0,0.0,0.0,0.0,0.0,1.0,0.0,0.0,0.0,0.0,0.0,0.0,0.0,0.0,0.0,0.0,0.0,1.0,0.0,0.0,0.0,0.0,0.0
2150,351245,35,1,4,4030.5,3634.8,3703.9,3328.7,31.8,14.2,686.9,434.1,346.9,179.3,1808.7,2078.7,92.0,0.0,93.7,0.0,202.0,202.0,438.7,434.7,26.0,0.0,9.0,0.0,31.8,0.0,0.0,14.2
2151,351246,35,1,4,3654.9,1895.4,3476.7,1732.9,32.1,7.2,696.5,10.1,359.0,26.7,1867.4,1383.8,94.7,0.0,96.5,0.0,86.3,86.3,228.3,226.0,33.0,0.0,15.0,0.0,32.1,0.0,0.0,7.2
2152,351247,35,1,2,4270.8,2652.9,4037.0,2427.8,34.2,9.7,802.7,168.7,416.3,47.5,2109.6,1762.4,101.4,0.0,103.3,0.0,138.4,138.3,314.3,310.9,37.0,0.0,14.0,0.0,34.2,0.0,0.0,9.7
2153,351248,35,1,4,937.0,2382.3,738.2,2178.5,0.0,10.1,0.0,492.7,0.0,356.1,4.0,604.7,0.0,0.0,0.0,0.0,240.0,240.0,490.2,484.9,0.0,0.0,4.0,0.0,0.0,0.0,0.0,10.1
2154,351249,35,1,4,4186.9,6789.6,3654.6,6268.2,25.9,27.0,566.4,1693.5,287.7,201.1,1482.9,3218.7,75.2,0.0,76.7,0.0,441.9,441.8,720.8,713.1,1.0,0.0,2.0,0.0,25.9,0.0,0.0,27.0
2155,351250,35,1,3,7456.5,3329.5,7140.6,3031.8,64.8,12.4,1459.2,7.8,702.6,0.0,3888.7,2513.1,251.6,0.0,256.4,0.0,144.9,144.8,370.3,366.1,44.0,0.0,23.0,0.0,64.8,0.0,0.0,12.4
2156,351251,35,1,2,5526.4,2443.4,5263.6,2197.1,42.0,8.4,986.7,57.3,510.2,8.7,2858.6,1755.9,233.1,0.0,237.3,0.0,111.4,111.4,267.3,263.8,43.0,0.0,16.0,0.0,42.0,0.0,0.0,8.4
2157,351252,35,1,3,121.6,254.4,14.1,145.2,0.0,0.6,0.0,52.1,0.0,3.4,1.0,77.9,0.0,0.0,0.0,0.0,7.5,7.4,4.6,4.4,0.0,0.0,1.0,0.0,0.0,0.0,0.0,0.6
2158,351253,35,1,3,6832.4,9169.2,6064.1,8402.4,54.2,38.2,1065.0,1306.8,516.2,389.6,2874.1,5473.8,172.6,0.0,175.9,0.0,421.4,420.7,821.0,811.5,3.0,0.0,15.0,0.0,54.2,0.0,0.0,38.2
2159,351254,35,1,3,149.6,192.0,4.5,48.3,0.0,0.2,0.0,14.3,0.0,3.4,0.0,26.1,0.0,0.0,0.0,0.0,1.9,1.9,2.7,2.7,0.0,0.0,0.0,0.0,0.0,0.0,0.0,0.2
2160,351255,35,1,2,141.7,145.2,0.0,0.0,0.0,0.0,0.0,0.0,0.0,0.0,0.0,0.0,0.0,0.0,0.0,0.0,0.0,0.0,0.0,0.0,0.0,0.0,0.0,0.0,0.0,0.0,0.0,0.0
2161,351256,35,1,2,142.9,236.1,18.0,107.9,0.0,0.5,0.0,31.1,0.0,9.0,1.0,51.8,0.0,0.0,0.0,0.0,6.1,6.2,9.9,9.8,0.0,0.0,1.0,0.0,0.0,0.0,0.0,0.5
2162,351257,35,1,3,2180.2,1006.3,2020.1,846.3,15.5,3.0,395.8,2.9,196.1,0.0,1105.2,710.2,81.9,0.0,83.8,0.0,37.1,37.0,97.3,96.2,17.0,0.0,6.0,0.0,15.5,0.0,0.0,3.0
2163,351258,35,1,3,1045.6,516.3,909.1,377.7,7.3,1.4,179.3,2.4,87.6,0.0,505.5,317.9,37.9,0.0,38.8,0.0,15.3,15.2,42.8,42.2,0.0,0.0,2.0,0.0,7.3,0.0,0.0,1.4
2164,351259,35,1,3,1041.9,1485.9,895.4,1336.0,6.9,2.6,160.6,110.5,78.5,4.7,444.8,405.8,31.7,457.8,32.5,214.9,55.0,54.8,88.4,87.4,3.0,0.0,1.0,0.0,6.9,0.0,0.0,2.6
2165,351260,35,1,2,1634.7,2609.3,1435.6,2403.0,10.5,5.8,236.1,309.2,117.6,15.7,657.9,822.7,47.1,934.3,48.3,0.0,135.0,134.6,188.6,186.4,0.0,0.0,5.0,0.0,10.5,0.0,0.0,5.8
2166,351261,35,1,2,2036.9,2168.2,1905.1,2033.3,14.4,5.5,282.1,158.9,163.2,173.4,933.0,682.6,81.4,676.3,83.4,0.0,100.0,100.1,245.1,242.2,7.0,0.0,10.0,0.0,14.4,0.0,0.0,5.5
2167,351262,35,1,2,7114.6,5596.3,6649.6,5147.4,52.9,20.3,1146.1,607.3,568.5,206.9,3267.8,3177.0,229.9,0.0,234.7,0.0,380.4,380.0,783.3,776.1,28.0,0.0,11.0,0.0,52.9,0.0,0.0,20.3
2168,351263,35,1,2,463.3,875.8,304.8,713.2,1.6,2.9,35.4,197.6,17.1,63.1,102.9,318.6,7.2,0.0,7.6,0.0,51.1,51.2,83.5,82.7,0.0,0.0,0.0,0.0,1.6,0.0,0.0,2.9
2169,351264,35,1,3,2640.5,1090.6,2505.8,962.0,21.8,3.8,450.2,1.6,239.0,0.0,1388.1,804.4,111.8,0.0,114.2,0.0,43.6,43.5,113.9,112.5,37.0,0.0,8.0,0.0,21.8,0.0,0.0,3.8
2170,351265,35,1,3,872.0,3003.3,465.2,2588.1,0.0,11.4,0.0,874.1,0.0,260.8,2.0,995.8,0.0,0.0,0.0,0.0,186.2,185.6,275.0,271.7,0.0,0.0,2.0,0.0,0.0,0.0,0.0,11.4
2171,351266,35,1,3,1755.5,809.6,1607.1,659.5,12.8,2.4,314.5,1.0,151.4,0.0,892.9,554.8,67.8,0.0,69.3,0.0,28.9,28.5,76.2,75.2,0.0,0.0,6.0,0.0,12.8,0.0,0.0,2.4
2172,351267,35,1,2,2518.9,943.3,2333.7,763.1,19.3,2.8,433.5,1.3,237.4,0.0,1307.6,640.4,112.9,0.0,115.5,0.0,33.7,33.7,89.0,87.7,2.0,0.0,2.0,0.0,19.3,0.0,0.0,2.8
2173,351268,35,1,2,2540.6,950.5,2358.8,769.6,19.9,2.9,435.1,1.3,236.5,0.0,1318.8,645.8,116.8,0.0,119.5,0.0,34.2,33.9,89.8,88.7,2.0,0.0,6.0,0.0,19.9,0.0,0.0,2.9
2174,351269,35,1,2,1287.4,530.5,1196.3,442.6,10.6,1.7,208.9,1.7,121.5,0.0,678.2,372.1,57.1,0.0,58.5,0.0,18.7,18.5,51.3,50.3,0.0,0.0,2.0,0.0,10.6,0.0,0.0,1.7
2175,351270,35,1,2,1217.1,612.1,1097.8,494.1,9.9,1.9,215.0,3.1,106.6,0.0,608.8,416.0,41.6,0.0,42.7,0.0,20.8,20.5,55.4,54.5,5.0,0.0,2.0,0.0,9.9,0.0,0.0,1.9
2176,351271,35,1,3,135.7,117.0,40.2,19.0,0.4,0.1,7.9,0.0,4.3,0.0,23.2,17.1,1.4,0.0,1.4,0.0,0.3,0.3,1.7,1.7,0.0,0.0,0.0,0.0,0.4,0.0,0.0,0.1
2177,351272,35,1,3,3155.2,1507.6,2977.9,1338.2,27.2,5.4,581.9,15.8,292.6,5.2,1644.3,1094.3,113.2,0.0,115.8,0.0,64.3,63.9,161.8,159.1,0.0,0.0,4.0,0.0,27.2,0.0,0.0,5.4
2178,351273,35,1,3,5455.8,7949.8,4668.9,7167.2,35.4,27.3,735.8,1422.8,370.5,409.2,2082.2,3389.7,143.2,0.0,146.5,783.7,441.6,440.5,731.2,721.3,10.0,0.0,8.0,0.0,35.4,0.0,0.0,27.3
2179,351274,35,1,4,1436.9,4050.9,1069.0,3673.0,0.1,16.6,0.9,849.1,0.9,365.0,8.1,1412.9,0.2,0.0,0.3,0.0,363.3,362.7,691.3,683.3,0.0,0.0,4.0,0.0,0.1,0.0,0.0,16.6
2180,351275,35,1,2,2860.6,1013.0,2677.5,827.2,21.1,3.1,462.3,6.3,250.2,0.0,1421.2,690.8,130.4,0.0,133.2,0.0,36.4,36.2,95.7,94.0,137.0,0.0,11.0,0.0,21.1,0.0,0.0,3.1
2181,351276,35,1,2,3563.7,1918.9,3365.4,1729.3,27.7,6.6,634.4,81.3,312.1,20.5,1820.3,1353.1,128.4,0.0,131.1,0.0,84.2,83.6,193.9,190.8,49.0,0.0,12.0,0.0,27.7,0.0,0.0,6.6
2182,351277,35,1,3,11926.0,8360.7,11457.3,7954.6,100.6,22.6,2197.3,293.5,1104.3,0.0,6210.8,4394.6,431.8,1008.6,440.8,1211.5,343.5,341.6,716.8,704.7,7.0,0.0,5.0,0.0,100.6,0.0,0.0,22.6
2183,351278,35,1,3,11254.2,6369.1,10829.3,5994.8,95.6,19.5,2098.5,120.9,1051.1,0.0,5948.8,3996.1,415.0,736.6,423.6,287.2,260.4,259.6,603.9,594.3,18.0,0.0,10.0,0.0,95.6,0.0,0.0,19.5
2184,351279,35,1,3,920.9,1361.3,696.1,1134.6,5.6,4.8,114.7,286.3,56.6,45.9,326.3,654.6,22.1,0.0,22.7,0.0,67.4,66.8,82.4,81.0,2.0,0.0,2.0,0.0,5.6,0.0,0.0,4.8
2185,351280,35,1,2,781.9,2292.7,208.8,1727.9,0.0,7.1,0.0,886.9,0.0,57.4,1.0,578.4,0.0,0.0,0.0,0.0,135.9,135.5,70.9,69.8,0.0,0.0,1.0,0.0,0.0,0.0,0.0,7.1
2186,351281,35,1,2,4679.1,5641.8,4168.8,5152.1,30.2,20.0,688.8,948.3,345.1,305.9,1945.3,2998.4,135.0,0.0,137.6,0.0,320.7,319.0,592.2,580.5,2.0,0.0,2.0,0.0,30.2,0.0,0.0,20.0
2187,351282,35,1,1,338.8,238.4,188.1,88.6,1.8,1.7,43.7,0.0,21.3,0.0,100.8,73.5,3.4,0.0,3.7,0.0,3.4,3.4,11.7,11.7,0.0,0.0,0.0,0.0,1.8,0.0,0.0,1.7
2188,351283,35,1,2,3656.8,1519.0,3421.9,1287.0,32.8,20.9,740.6,0.0,363.9,0.0,1830.4,1011.9,90.9,0.0,92.2,0.0,76.3,77.7,196.5,197.4,18.0,0.0,13.0,0.0,32.8,0.0,0.0,20.9
2189,351284,35,1,3,1726.7,816.4,1545.5,640.4,14.7,7.2,333.0,9.7,165.0,0.0,819.4,497.4,39.0,0.0,39.7,0.0,38.1,38.8,93.2,94.5,11.0,0.0,7.0,0.0,14.7,0.0,0.0,7.2
2190,351285,35,1,2,528.5,647.4,392.0,518.0,0.5,6.7,10.2,69.0,4.9,72.9,24.7,21.7,0.6,0.0,0.8,0.0,111.1,113.1,238.7,241.3,0.0,0.0,1.0,0.0,0.5,0.0,0.0,6.7
2191,351286,35,1,1,111.7,106.5,0.0,0.0,0.0,0.0,0.0,0.0,0.0,0.0,0.0,0.0,0.0,0.0,0.0,0.0,0.0,0.0,0.0,0.0,0.0,0.0,0.0,0.0,0.0,0.0,0.0,0.0
2192,351287,35,1,1,918.4,754.7,776.4,611.6,1.9,1.8,85.1,63.9,41.6,32.3,189.2,171.3,5.6,0.0,5.8,0.0,115.6,116.6,252.5,227.6,75.0,0.0,6.0,0.0,1.9,0.0,0.0,1.8
2193,351288,35,1,2,208.1,143.1,83.1,42.3,0.7,0.3,18.9,0.0,8.8,0.0,46.2,37.2,1.3,0.0,1.6,0.0,0.9,0.9,4.4,4.2,0.0,0.0,1.0,0.0,0.7,0.0,0.0,0.3
2194,351289,35,1,1,692.1,748.7,558.7,597.9,0.8,1.6,32.2,65.1,16.3,81.6,89.0,99.1,2.7,0.0,3.0,0.0,113.1,111.8,290.4,240.3,0.0,0.0,12.0,0.0,0.8,0.0,0.0,1.6
2195,351290,35,1,1,777.3,568.1,646.3,432.8,1.9,1.0,115.3,33.6,55.6,21.2,273.4,223.8,10.2,0.0,10.3,0.0,50.9,50.6,123.7,103.7,1.0,0.0,6.0,0.0,1.9,0.0,0.0,1.0
2196,351291,35,1,1,1964.0,1824.6,1767.2,1604.2,5.3,3.7,236.7,184.5,120.0,66.8,531.7,577.4,14.1,13.1,14.9,0.0,265.7,258.4,559.0,504.0,0.0,0.0,25.0,0.0,5.3,0.0,0.0,3.7
2197,351292,35,1,1,3786.0,4918.5,3372.5,4439.9,0.9,11.6,38.0,652.2,19.6,579.2,140.5,360.3,2.3,0.0,2.7,0.0,986.7,944.8,2124.7,1903.4,0.0,0.0,58.0,0.0,0.9,0.0,0.0,11.6
2198,351293,35,1,2,119.2,96.9,8.0,0.0,0.0,0.0,0.0,0.0,0.0,0.0,4.0,0.0,0.0,0.0,0.0,0.0,0.0,0.0,0.0,0.0,0.0,0.0,4.0,0.0,0.0,0.0,0.0,0.0
2199,351294,35,1,2,300.2,393.4,160.8,251.3,1.3,1.4,33.1,27.0,16.4,0.0,88.3,212.3,4.9,0.0,5.2,0.0,5.0,5.0,7.0,6.9,0.0,0.0,1.0,0.0,1.3,0.0,0.0,1.4
2200,351295,35,1,4,331.4,709.0,171.4,548.4,0.0,5.4,0.0,190.8,0.0,0.0,1.0,185.2,0.0,0.0,0.0,0.0,77.6,79.0,91.8,93.5,0.0,0.0,1.0,0.0,0.0,0.0,0.0,5.4
2201,351296,35,1,1,147.9,105.4,0.0,0.0,0.0,0.0,0.0,0.0,0.0,0.0,0.0,0.0,0.0,0.0,0.0,0.0,0.0,0.0,0.0,0.0,0.0,0.0,0.0,0.0,0.0,0.0,0.0,0.0
2202,351297,35,1,2,147.9,114.7,2.3,9.1,0.0,0.1,0.0,3.2,0.0,0.0,0.0,3.6,0.0,0.0,0.0,0.0,0.9,0.9,1.5,1.3,0.0,0.0,0.0,0.0,0.0,0.0,0.0,0.1
2203,351298,35,1,1,149.4,120.2,2.0,0.0,0.0,0.0,0.0,0.0,0.0,0.0,1.0,0.0,0.0,0.0,0.0,0.0,0.0,0.0,0.0,0.0,0.0,0.0,1.0,0.0,0.0,0.0,0.0,0.0
2204,351299,35,1,1,148.4,113.8,0.0,0.0,0.0,0.0,0.0,0.0,0.0,0.0,0.0,0.0,0.0,0.0,0.0,0.0,0.0,0.0,0.0,0.0,0.0,0.0,0.0,0.0,0.0,0.0,0.0,0.0
2205,351300,35,1,3,145.2,126.1,2.0,1.1,0.0,0.0,0.0,1.1,0.0,0.0,1.0,0.0,0.0,0.0,0.0,0.0,0.0,0.0,0.0,0.0,0.0,0.0,1.0,0.0,0.0,0.0,0.0,0.0
2206,351301,35,1,1,182.8,158.5,70.7,66.2,3.3,1.2,7.9,5.2,4.1,3.9,27.4,31.6,1.8,0.0,2.2,0.0,7.4,7.4,18.0,18.1,0.0,0.0,2.0,0.0,3.3,0.0,0.0,1.2
2207,351302,35,1,1,318.1,199.0,205.5,100.4,2.3,1.9,45.2,0.0,22.9,0.0,111.9,84.6,4.1,0.0,4.5,0.0,3.6,3.6,12.3,12.2,0.0,0.0,1.0,0.0,2.3,0.0,0.0,1.9
2208,351303,35,1,3,109.4,96.8,0.0,0.0,0.0,0.0,0.0,0.0,0.0,0.0,0.0,0.0,0.0,0.0,0.0,0.0,0.0,0.0,0.0,0.0,0.0,0.0,0.0,0.0,0.0,0.0,0.0,0.0
2209,351304,35,1,1,108.8,104.2,0.0,0.0,0.0,0.0,0.0,0.0,0.0,0.0,0.0,0.0,0.0,0.0,0.0,0.0,0.0,0.0,0.0,0.0,0.0,0.0,0.0,0.0,0.0,0.0,0.0,0.0
2210,351305,35,1,1,114.3,89.6,0.0,0.0,0.0,0.0,0.0,0.0,0.0,0.0,0.0,0.0,0.0,0.0,0.0,0.0,0.0,0.0,0.0,0.0,0.0,0.0,0.0,0.0,0.0,0.0,0.0,0.0
2211,351306,35,1,3,135.1,110.1,0.0,0.0,0.0,0.0,0.0,0.0,0.0,0.0,0.0,0.0,0.0,0.0,0.0,0.0,0.0,0.0,0.0,0.0,0.0,0.0,0.0,0.0,0.0,0.0,0.0,0.0
2212,351307,35,1,2,129.4,110.3,4.3,1.5,0.0,0.0,0.8,0.0,0.6,0.0,2.6,1.4,0.0,0.0,0.1,0.0,0.0,0.0,0.1,0.1,0.0,0.0,0.0,0.0,0.0,0.0,0.0,0.0
2213,351308,35,1,1,115.4,89.9,0.0,0.0,0.0,0.0,0.0,0.0,0.0,0.0,0.0,0.0,0.0,0.0,0.0,0.0,0.0,0.0,0.0,0.0,0.0,0.0,0.0,0.0,0.0,0.0,0.0,0.0
2214,351309,35,1,1,115.2,115.1,0.0,0.0,0.0,0.0,0.0,0.0,0.0,0.0,0.0,0.0,0.0,0.0,0.0,0.0,0.0,0.0,0.0,0.0,0.0,0.0,0.0,0.0,0.0,0.0,0.0,0.0
2215,351310,35,1,1,102.1,91.9,0.0,0.0,0.0,0.0,0.0,0.0,0.0,0.0,0.0,0.0,0.0,0.0,0.0,0.0,0.0,0.0,0.0,0.0,0.0,0.0,0.0,0.0,0.0,0.0,0.0,0.0
2216,351311,35,1,2,164.5,140.4,2.0,0.0,0.0,0.0,0.0,0.0,0.0,0.0,1.0,0.0,0.0,0.0,0.0,0.0,0.0,0.0,0.0,0.0,0.0,0.0,1.0,0.0,0.0,0.0,0.0,0.0
2217,490001,49,1,1,87.1,81.3,0.0,9.1,0.0,0.0,0.0,9.1,0.0,0.0,0.0,0.0,0.0,0.0,0.0,0.0,0.0,0.0,0.0,0.0,0.0,0.0,0.0,0.0,0.0,0.0,0.0,0.0
2218,490002,49,1,1,87.1,67.6,0.0,0.0,0.0,0.0,0.0,0.0,0.0,0.0,0.0,0.0,0.0,0.0,0.0,0.0,0.0,0.0,0.0,0.0,0.0,0.0,0.0,0.0,0.0,0.0,0.0,0.0
2219,490003,49,1,1,86.9,75.3,0.0,0.0,0.0,0.0,0.0,0.0,0.0,0.0,0.0,0.0,0.0,0.0,0.0,0.0,0.0,0.0,0.0,0.0,0.0,0.0,0.0,0.0,0.0,0.0,0.0,0.0
2220,490004,49,1,1,169.5,116.1,80.3,35.2,0.1,0.0,15.0,0.0,7.1,0.0,48.4,32.3,3.4,0.0,3.6,0.0,0.5,0.5,2.4,2.4,0.0,0.0,0.0,0.0,0.1,0.0,0.0,0.0
2221,490005,49,1,1,93.9,64.2,6.8,0.2,0.0,0.0,0.0,0.2,1.2,0.0,5.2,0.0,0.1,0.0,0.3,0.0,0.0,0.0,0.0,0.0,0.0,0.0,0.0,0.0,0.0,0.0,0.0,0.0
2222,490006,49,1,1,174.0,252.3,83.5,165.9,0.5,0.4,9.4,117.3,5.5,2.6,40.0,27.6,4.2,0.0,4.5,0.0,6.6,6.5,13.3,11.9,0.0,0.0,0.0,0.0,0.5,0.0,0.0,0.4
2223,490007,49,1,1,233.5,432.4,139.8,342.1,0.8,0.9,15.9,242.7,9.6,1.3,64.8,65.8,6.9,0.0,7.2,0.0,14.5,13.9,20.9,18.5,0.0,0.0,0.0,0.0,0.8,0.0,0.0,0.9
2224,490008,49,1,1,79.6,73.6,0.0,0.0,0.0,0.0,0.0,0.0,0.0,0.0,0.0,0.0,0.0,0.0,0.0,0.0,0.0,0.0,0.0,0.0,0.0,0.0,0.0,0.0,0.0,0.0,0.0,0.0
2225,490009,49,1,1,86.8,83.8,0.0,0.0,0.0,0.0,0.0,0.0,0.0,0.0,0.0,0.0,0.0,0.0,0.0,0.0,0.0,0.0,0.0,0.0,0.0,0.0,0.0,0.0,0.0,0.0,0.0,0.0
2226,490010,49,1,1,89.2,88.6,0.0,0.0,0.0,0.0,0.0,0.0,0.0,0.0,0.0,0.0,0.0,0.0,0.0,0.0,0.0,0.0,0.0,0.0,0.0,0.0,0.0,0.0,0.0,0.0,0.0,0.0
2227,490011,49,1,1,89.4,84.9,0.0,0.0,0.0,0.0,0.0,0.0,0.0,0.0,0.0,0.0,0.0,0.0,0.0,0.0,0.0,0.0,0.0,0.0,0.0,0.0,0.0,0.0,0.0,0.0,0.0,0.0
2228,490012,49,1,1,125.9,95.0,38.6,12.0,0.2,0.0,5.1,0.1,3.0,0.0,24.1,11.0,2.6,0.0,2.9,0.0,0.1,0.1,0.8,0.8,0.0,0.0,0.0,0.0,0.2,0.0,0.0,0.0
2229,490013,49,1,1,493.8,289.7,397.9,196.9,2.4,0.4,61.9,47.1,36.5,1.3,221.9,118.2,22.1,0.0,22.2,0.0,11.0,10.5,22.3,19.8,0.0,0.0,0.0,0.0,2.4,0.0,0.0,0.4
2230,490014,49,1,1,127.9,98.7,40.5,11.5,0.3,0.0,5.4,0.0,3.3,0.0,25.2,10.6,2.7,0.0,3.0,0.0,0.1,0.2,0.8,0.8,0.0,0.0,0.0,0.0,0.3,0.0,0.0,0.0
2231,490015,49,1,1,86.7,88.6,0.0,0.0,0.0,0.0,0.0,0.0,0.0,0.0,0.0,0.0,0.0,0.0,0.0,0.0,0.0,0.0,0.0,0.0,0.0,0.0,0.0,0.0,0.0,0.0,0.0,0.0
2232,490016,49,1,1,95.8,95.8,8.5,8.5,0.0,0.0,0.0,0.0,0.0,0.0,7.8,7.8,0.0,0.0,0.0,0.0,0.2,0.2,0.5,0.5,0.0,0.0,0.0,0.0,0.0,0.0,0.0,0.0
2233,490017,49,1,1,86.6,87.1,3.5,4.4,0.0,0.0,0.8,0.0,0.3,0.0,2.0,4.2,0.1,0.0,0.2,0.0,0.0,0.0,0.2,0.2,0.0,0.0,0.0,0.0,0.0,0.0,0.0,0.0
2234,490018,49,1,1,79.4,78.2,0.0,0.0,0.0,0.0,0.0,0.0,0.0,0.0,0.0,0.0,0.0,0.0,0.0,0.0,0.0,0.0,0.0,0.0,0.0,0.0,0.0,0.0,0.0,0.0,0.0,0.0
2235,490019,49,1,1,88.2,414.7,0.4,328.8,0.0,0.8,0.0,328.3,0.0,0.0,0.0,0.0,0.0,0.0,0.0,0.0,0.4,0.4,0.0,0.0,0.0,0.0,0.0,0.0,0.0,0.0,0.0,0.8
2236,490020,49,1,1,89.2,88.7,0.0,0.0,0.0,0.0,0.0,0.0,0.0,0.0,0.0,0.0,0.0,0.0,0.0,0.0,0.0,0.0,0.0,0.0,0.0,0.0,0.0,0.0,0.0,0.0,0.0,0.0
2237,490021,49,1,1,118.0,103.0,28.5,14.5,0.1,0.0,4.7,0.0,2.1,0.0,17.7,13.6,1.5,0.0,1.6,0.0,0.1,0.1,0.7,0.8,0.0,0.0,0.0,0.0,0.1,0.0,0.0,0.0
2238,490022,49,1,1,201.4,172.0,111.8,83.5,0.8,0.2,15.9,39.2,9.2,1.3,62.7,32.9,6.4,0.0,6.7,0.0,3.2,3.1,7.7,7.1,0.0,0.0,0.0,0.0,0.8,0.0,0.0,0.2
2239,490023,49,1,1,104.4,94.9,17.2,7.7,0.1,0.0,2.9,0.0,1.3,0.0,10.6,7.3,0.9,0.0,1.2,0.0,0.1,0.1,0.3,0.4,0.0,0.0,0.0,0.0,0.1,0.0,0.0,0.0
2240,490024,49,1,1,86.8,86.8,0.0,0.0,0.0,0.0,0.0,0.0,0.0,0.0,0.0,0.0,0.0,0.0,0.0,0.0,0.0,0.0,0.0,0.0,0.0,0.0,0.0,0.0,0.0,0.0,0.0,0.0
2241,490025,49,1,1,90.5,90.0,3.7,6.0,0.0,0.0,0.7,1.6,0.3,0.0,2.2,4.2,0.1,0.0,0.2,0.0,0.0,0.0,0.2,0.2,0.0,0.0,0.0,0.0,0.0,0.0,0.0,0.0
2242,490026,49,1,1,98.0,99.0,10.9,12.9,0.0,0.0,1.2,6.3,0.7,0.0,6.6,5.9,0.8,0.0,1.1,0.0,0.1,0.2,0.4,0.5,0.0,0.0,0.0,0.0,0.0,0.0,0.0,0.0
2243,490027,49,1,1,88.3,150.4,8.0,71.6,0.0,0.1,0.8,52.5,0.2,0.0,2.4,14.9,0.2,0.0,0.2,0.0,1.8,1.8,2.4,2.4,0.0,0.0,0.0,0.0,0.0,0.0,0.0,0.1
2244,490028,49,1,1,91.2,88.5,4.0,0.0,0.0,0.0,0.0,0.0,0.0,0.0,2.0,0.0,0.0,0.0,0.0,0.0,0.0,0.0,0.0,0.0,0.0,0.0,2.0,0.0,0.0,0.0,0.0,0.0
2245,490029,49,1,1,89.2,85.3,0.0,0.0,0.0,0.0,0.0,0.0,0.0,0.0,0.0,0.0,0.0,0.0,0.0,0.0,0.0,0.0,0.0,0.0,0.0,0.0,0.0,0.0,0.0,0.0,0.0,0.0
2246,490030,49,1,1,86.8,86.8,0.0,0.0,0.0,0.0,0.0,0.0,0.0,0.0,0.0,0.0,0.0,0.0,0.0,0.0,0.0,0.0,0.0,0.0,0.0,0.0,0.0,0.0,0.0,0.0,0.0,0.0
2247,490031,49,1,1,86.8,86.6,0.0,0.0,0.0,0.0,0.0,0.0,0.0,0.0,0.0,0.0,0.0,0.0,0.0,0.0,0.0,0.0,0.0,0.0,0.0,0.0,0.0,0.0,0.0,0.0,0.0,0.0
2248,490032,49,1,1,86.8,86.6,0.0,0.0,0.0,0.0,0.0,0.0,0.0,0.0,0.0,0.0,0.0,0.0,0.0,0.0,0.0,0.0,0.0,0.0,0.0,0.0,0.0,0.0,0.0,0.0,0.0,0.0
2249,490033,49,1,1,93.8,86.6,7.0,0.8,0.0,0.0,0.0,0.8,1.1,0.0,5.4,0.0,0.2,0.0,0.3,0.0,0.0,0.0,0.0,0.0,0.0,0.0,0.0,0.0,0.0,0.0,0.0,0.0
2250,490034,49,1,1,95.2,132.9,7.9,55.6,0.0,0.2,0.0,39.6,0.0,1.3,0.0,7.2,0.0,0.0,0.0,0.0,2.7,2.6,5.2,4.9,0.0,0.0,0.0,0.0,0.0,0.0,0.0,0.2
2251,490035,49,1,1,257.6,145.0,168.3,56.4,1.0,0.1,27.1,0.4,15.3,0.0,99.3,50.1,9.9,0.0,10.4,0.0,1.3,1.2,5.0,4.7,0.0,0.0,0.0,0.0,1.0,0.0,0.0,0.1
2252,490036,49,1,2,105.5,105.0,8.2,4.0,0.0,0.0,0.9,0.0,0.3,0.0,4.5,3.7,0.1,0.0,0.2,0.0,0.0,0.0,0.2,0.2,0.0,0.0,2.0,0.0,0.0,0.0,0.0,0.0
2253,490037,49,1,1,110.5,100.5,15.0,0.0,0.0,0.0,0.0,0.0,1.1,0.0,9.4,0.0,0.2,0.0,0.3,0.0,0.0,0.0,0.0,0.0,0.0,0.0,4.0,0.0,0.0,0.0,0.0,0.0
2254,490038,49,1,1,86.8,87.6,0.0,0.0,0.0,0.0,0.0,0.0,0.0,0.0,0.0,0.0,0.0,0.0,0.0,0.0,0.0,0.0,0.0,0.0,0.0,0.0,0.0,0.0,0.0,0.0,0.0,0.0
2255,490039,49,1,1,86.8,87.6,0.0,0.0,0.0,0.0,0.0,0.0,0.0,0.0,0.0,0.0,0.0,0.0,0.0,0.0,0.0,0.0,0.0,0.0,0.0,0.0,0.0,0.0,0.0,0.0,0.0,0.0
2256,490040,49,1,1,86.8,86.3,0.0,0.0,0.0,0.0,0.0,0.0,0.0,0.0,0.0,0.0,0.0,0.0,0.0,0.0,0.0,0.0,0.0,0.0,0.0,0.0,0.0,0.0,0.0,0.0,0.0,0.0
2257,490041,49,1,1,439.6,224.8,351.3,136.3,0.8,0.3,58.5,0.1,32.2,0.0,204.7,121.9,19.9,0.0,20.4,0.0,3.6,3.5,11.8,10.8,0.0,0.0,0.0,0.0,0.8,0.0,0.0,0.3
2258,490042,49,1,1,105.8,277.3,23.1,195.0,0.0,0.5,0.8,144.3,0.3,1.8,2.5,31.3,0.2,0.0,0.2,0.0,7.9,7.5,11.1,10.1,0.0,0.0,0.0,0.0,0.0,0.0,0.0,0.5
2259,490043,49,1,1,183.2,583.0,86.6,484.4,0.0,1.2,0.0,244.5,0.0,5.4,0.0,156.3,0.0,0.0,0.0,0.0,39.1,36.5,47.5,41.7,0.0,0.0,0.0,0.0,0.0,0.0,0.0,1.2
2260,490044,49,1,1,84.4,86.2,0.0,0.0,0.0,0.0,0.0,0.0,0.0,0.0,0.0,0.0,0.0,0.0,0.0,0.0,0.0,0.0,0.0,0.0,0.0,0.0,0.0,0.0,0.0,0.0,0.0,0.0
2261,490045,49,1,1,89.2,92.0,0.0,1.7,0.0,0.0,0.0,1.7,0.0,0.0,0.0,0.0,0.0,0.0,0.0,0.0,0.0,0.0,0.0,0.0,0.0,0.0,0.0,0.0,0.0,0.0,0.0,0.0
2262,490046,49,1,1,89.2,89.0,0.0,0.0,0.0,0.0,0.0,0.0,0.0,0.0,0.0,0.0,0.0,0.0,0.0,0.0,0.0,0.0,0.0,0.0,0.0,0.0,0.0,0.0,0.0,0.0,0.0,0.0
2263,490047,49,1,1,86.8,88.1,0.0,0.0,0.0,0.0,0.0,0.0,0.0,0.0,0.0,0.0,0.0,0.0,0.0,0.0,0.0,0.0,0.0,0.0,0.0,0.0,0.0,0.0,0.0,0.0,0.0,0.0
2264,490048,49,1,1,147.4,111.7,66.9,29.8,0.2,0.1,10.8,0.0,5.7,0.0,40.6,27.3,3.5,0.0,3.7,0.0,0.5,0.5,2.1,2.1,0.0,0.0,0.0,0.0,0.2,0.0,0.0,0.1
2265,490049,49,1,1,79.6,80.8,0.0,0.0,0.0,0.0,0.0,0.0,0.0,0.0,0.0,0.0,0.0,0.0,0.0,0.0,0.0,0.0,0.0,0.0,0.0,0.0,0.0,0.0,0.0,0.0,0.0,0.0
2266,490050,49,1,2,80.8,95.1,1.1,13.3,0.0,0.0,0.0,8.7,0.0,0.0,0.0,3.5,0.0,0.0,0.0,0.0,0.5,0.5,0.7,0.7,0.0,0.0,0.0,0.0,0.0,0.0,0.0,0.0
2267,490051,49,1,1,84.3,86.4,0.0,0.0,0.0,0.0,0.0,0.0,0.0,0.0,0.0,0.0,0.0,0.0,0.0,0.0,0.0,0.0,0.0,0.0,0.0,0.0,0.0,0.0,0.0,0.0,0.0,0.0
2268,490052,49,1,1,89.2,91.5,0.0,0.0,0.0,0.0,0.0,0.0,0.0,0.0,0.0,0.0,0.0,0.0,0.0,0.0,0.0,0.0,0.0,0.0,0.0,0.0,0.0,0.0,0.0,0.0,0.0,0.0
2269,490053,49,1,1,217.6,311.4,134.1,215.4,0.2,0.4,12.4,62.0,6.0,0.0,52.4,111.3,2.9,0.0,3.1,0.0,20.2,18.9,26.1,23.3,0.0,0.0,11.0,0.0,0.2,0.0,0.0,0.4
2270,490054,49,1,1,93.2,88.7,8.0,0.0,0.0,0.0,0.0,0.0,0.0,0.0,4.0,0.0,0.0,0.0,0.0,0.0,0.0,0.0,0.0,0.0,0.0,0.0,4.0,0.0,0.0,0.0,0.0,0.0
2271,490055,49,1,1,2034.5,733.0,1909.6,608.9,5.3,1.6,301.4,1.5,178.0,0.0,1099.0,522.2,117.7,0.0,119.4,0.0,25.4,23.8,68.7,61.3,0.0,0.0,0.0,0.0,5.3,0.0,0.0,1.6
2272,490056,49,1,2,99.2,99.9,0.0,0.0,0.0,0.0,0.0,0.0,0.0,0.0,0.0,0.0,0.0,0.0,0.0,0.0,0.0,0.0,0.0,0.0,0.0,0.0,0.0,0.0,0.0,0.0,0.0,0.0
2273,490057,49,1,2,99.2,101.4,0.0,0.0,0.0,0.0,0.0,0.0,0.0,0.0,0.0,0.0,0.0,0.0,0.0,0.0,0.0,0.0,0.0,0.0,0.0,0.0,0.0,0.0,0.0,0.0,0.0,0.0
2274,490058,49,1,1,738.2,2367.7,243.9,1893.7,0.0,5.5,0.0,1678.1,0.0,0.0,1.0,1.4,0.0,0.0,0.0,0.0,241.7,213.9,0.2,0.2,0.0,0.0,1.0,0.0,0.0,0.0,0.0,5.5
2275,490059,49,1,1,99.2,101.2,0.0,0.0,0.0,0.0,0.0,0.0,0.0,0.0,0.0,0.0,0.0,0.0,0.0,0.0,0.0,0.0,0.0,0.0,0.0,0.0,0.0,0.0,0.0,0.0,0.0,0.0
2276,490060,49,1,1,99.2,101.3,0.0,0.0,0.0,0.0,0.0,0.0,0.0,0.0,0.0,0.0,0.0,0.0,0.0,0.0,0.0,0.0,0.0,0.0,0.0,0.0,0.0,0.0,0.0,0.0,0.0,0.0
2277,490061,49,1,1,99.2,101.4,0.0,0.0,0.0,0.0,0.0,0.0,0.0,0.0,0.0,0.0,0.0,0.0,0.0,0.0,0.0,0.0,0.0,0.0,0.0,0.0,0.0,0.0,0.0,0.0,0.0,0.0
2278,490062,49,1,2,99.2,100.8,0.0,0.0,0.0,0.0,0.0,0.0,0.0,0.0,0.0,0.0,0.0,0.0,0.0,0.0,0.0,0.0,0.0,0.0,0.0,0.0,0.0,0.0,0.0,0.0,0.0,0.0
2279,490063,49,1,1,99.1,98.1,0.0,0.0,0.0,0.0,0.0,0.0,0.0,0.0,0.0,0.0,0.0,0.0,0.0,0.0,0.0,0.0,0.0,0.0,0.0,0.0,0.0,0.0,0.0,0.0,0.0,0.0
2280,490064,49,1,1,79.4,78.9,0.0,0.0,0.0,0.0,0.0,0.0,0.0,0.0,0.0,0.0,0.0,0.0,0.0,0.0,0.0,0.0,0.0,0.0,0.0,0.0,0.0,0.0,0.0,0.0,0.0,0.0
2281,490065,49,1,1,109.3,176.3,9.0,75.4,0.0,0.2,0.0,51.2,0.0,0.0,0.0,15.5,0.0,0.0,0.0,0.0,4.4,4.2,4.7,4.5,0.0,0.0,0.0,0.0,0.0,0.0,0.0,0.2
2282,490066,49,1,1,92.9,94.2,0.0,0.0,0.0,0.0,0.0,0.0,0.0,0.0,0.0,0.0,0.0,0.0,0.0,0.0,0.0,0.0,0.0,0.0,0.0,0.0,0.0,0.0,0.0,0.0,0.0,0.0
2283,490067,49,1,2,99.2,100.9,0.0,0.0,0.0,0.0,0.0,0.0,0.0,0.0,0.0,0.0,0.0,0.0,0.0,0.0,0.0,0.0,0.0,0.0,0.0,0.0,0.0,0.0,0.0,0.0,0.0,0.0
2284,490068,49,1,2,99.2,101.0,0.0,0.0,0.0,0.0,0.0,0.0,0.0,0.0,0.0,0.0,0.0,0.0,0.0,0.0,0.0,0.0,0.0,0.0,0.0,0.0,0.0,0.0,0.0,0.0,0.0,0.0
2285,490069,49,1,2,99.2,100.5,0.0,0.0,0.0,0.0,0.0,0.0,0.0,0.0,0.0,0.0,0.0,0.0,0.0,0.0,0.0,0.0,0.0,0.0,0.0,0.0,0.0,0.0,0.0,0.0,0.0,0.0
2286,490070,49,1,1,99.3,98.7,0.0,0.0,0.0,0.0,0.0,0.0,0.0,0.0,0.0,0.0,0.0,0.0,0.0,0.0,0.0,0.0,0.0,0.0,0.0,0.0,0.0,0.0,0.0,0.0,0.0,0.0
2287,490071,49,1,2,99.0,97.9,0.0,0.0,0.0,0.0,0.0,0.0,0.0,0.0,0.0,0.0,0.0,0.0,0.0,0.0,0.0,0.0,0.0,0.0,0.0,0.0,0.0,0.0,0.0,0.0,0.0,0.0
2288,490072,49,1,1,108.2,103.9,8.9,3.7,0.0,0.0,1.2,0.0,0.5,0.0,5.4,3.5,0.7,0.0,0.8,0.0,0.0,0.0,0.2,0.2,0.0,0.0,0.0,0.0,0.0,0.0,0.0,0.0
2289,490073,49,1,1,99.0,99.0,0.0,0.0,0.0,0.0,0.0,0.0,0.0,0.0,0.0,0.0,0.0,0.0,0.0,0.0,0.0,0.0,0.0,0.0,0.0,0.0,0.0,0.0,0.0,0.0,0.0,0.0
2290,490074,49,1,1,99.1,98.4,0.0,0.0,0.0,0.0,0.0,0.0,0.0,0.0,0.0,0.0,0.0,0.0,0.0,0.0,0.0,0.0,0.0,0.0,0.0,0.0,0.0,0.0,0.0,0.0,0.0,0.0
2291,490075,49,1,1,99.1,98.2,0.0,0.0,0.0,0.0,0.0,0.0,0.0,0.0,0.0,0.0,0.0,0.0,0.0,0.0,0.0,0.0,0.0,0.0,0.0,0.0,0.0,0.0,0.0,0.0,0.0,0.0
2292,490076,49,1,1,99.0,97.7,0.0,0.0,0.0,0.0,0.0,0.0,0.0,0.0,0.0,0.0,0.0,0.0,0.0,0.0,0.0,0.0,0.0,0.0,0.0,0.0,0.0,0.0,0.0,0.0,0.0,0.0
2293,490077,49,1,2,99.1,97.9,0.0,0.0,0.0,0.0,0.0,0.0,0.0,0.0,0.0,0.0,0.0,0.0,0.0,0.0,0.0,0.0,0.0,0.0,0.0,0.0,0.0,0.0,0.0,0.0,0.0,0.0
2294,490078,49,1,1,83.3,84.6,0.0,0.0,0.0,0.0,0.0,0.0,0.0,0.0,0.0,0.0,0.0,0.0,0.0,0.0,0.0,0.0,0.0,0.0,0.0,0.0,0.0,0.0,0.0,0.0,0.0,0.0
2295,490079,49,1,1,79.6,81.6,0.0,0.0,0.0,0.0,0.0,0.0,0.0,0.0,0.0,0.0,0.0,0.0,0.0,0.0,0.0,0.0,0.0,0.0,0.0,0.0,0.0,0.0,0.0,0.0,0.0,0.0
2296,490080,49,1,2,79.5,81.7,0.0,0.0,0.0,0.0,0.0,0.0,0.0,0.0,0.0,0.0,0.0,0.0,0.0,0.0,0.0,0.0,0.0,0.0,0.0,0.0,0.0,0.0,0.0,0.0,0.0,0.0
2297,490081,49,1,2,79.3,81.5,0.0,0.0,0.0,0.0,0.0,0.0,0.0,0.0,0.0,0.0,0.0,0.0,0.0,0.0,0.0,0.0,0.0,0.0,0.0,0.0,0.0,0.0,0.0,0.0,0.0,0.0
2298,490082,49,1,2,89.2,91.2,0.0,0.0,0.0,0.0,0.0,0.0,0.0,0.0,0.0,0.0,0.0,0.0,0.0,0.0,0.0,0.0,0.0,0.0,0.0,0.0,0.0,0.0,0.0,0.0,0.0,0.0
2299,490083,49,1,1,89.2,90.6,0.0,0.0,0.0,0.0,0.0,0.0,0.0,0.0,0.0,0.0,0.0,0.0,0.0,0.0,0.0,0.0,0.0,0.0,0.0,0.0,0.0,0.0,0.0,0.0,0.0,0.0
2300,490084,49,1,1,89.1,89.2,0.0,0.0,0.0,0.0,0.0,0.0,0.0,0.0,0.0,0.0,0.0,0.0,0.0,0.0,0.0,0.0,0.0,0.0,0.0,0.0,0.0,0.0,0.0,0.0,0.0,0.0
2301,490085,49,1,1,79.4,80.3,0.0,0.0,0.0,0.0,0.0,0.0,0.0,0.0,0.0,0.0,0.0,0.0,0.0,0.0,0.0,0.0,0.0,0.0,0.0,0.0,0.0,0.0,0.0,0.0,0.0,0.0
2302,490086,49,1,2,148.2,1678.1,63.5,1591.6,0.0,0.6,0.0,73.5,0.0,0.0,0.0,116.3,0.0,1344.6,0.0,0.0,29.1,26.9,34.4,30.3,0.0,0.0,0.0,0.0,0.0,0.0,0.0,0.6
2303,490087,49,1,2,140.3,124.0,59.9,42.0,0.1,0.1,9.1,6.0,4.7,0.0,34.1,30.8,3.2,0.0,3.3,0.0,1.7,1.7,3.7,3.5,0.0,0.0,0.0,0.0,0.1,0.0,0.0,0.1
2304,490088,49,1,2,2285.9,1031.9,2159.0,904.4,5.3,1.8,354.3,4.5,208.4,5.4,1236.8,789.5,118.7,0.0,121.5,0.0,32.6,30.0,86.7,74.9,0.0,0.0,0.0,0.0,5.3,0.0,0.0,1.8
2305,490089,49,1,3,9402.1,4577.0,9065.1,4251.0,23.8,8.4,1588.6,59.8,830.7,0.0,5179.2,3712.2,454.4,0.0,463.4,0.0,153.1,140.2,391.6,338.9,3.0,0.0,1.0,0.0,23.8,0.0,0.0,8.4
2306,490090,49,1,3,3980.4,2153.8,3784.6,1963.1,9.8,3.4,717.4,13.5,354.5,0.0,2141.4,1726.4,157.0,0.0,159.9,0.0,70.5,64.8,181.9,158.4,1.0,0.0,1.0,0.0,9.8,0.0,0.0,3.4
2307,490091,49,1,2,913.2,517.1,810.7,415.0,2.1,0.7,154.1,0.8,76.5,0.0,462.0,369.3,33.5,0.0,34.4,0.0,13.2,12.4,37.0,32.5,0.0,0.0,0.0,0.0,2.1,0.0,0.0,0.7
2308,490092,49,1,2,89.2,87.5,0.0,0.0,0.0,0.0,0.0,0.0,0.0,0.0,0.0,0.0,0.0,0.0,0.0,0.0,0.0,0.0,0.0,0.0,0.0,0.0,0.0,0.0,0.0,0.0,0.0,0.0
2309,490093,49,1,2,95.4,95.5,0.0,0.0,0.0,0.0,0.0,0.0,0.0,0.0,0.0,0.0,0.0,0.0,0.0,0.0,0.0,0.0,0.0,0.0,0.0,0.0,0.0,0.0,0.0,0.0,0.0,0.0
2310,490094,49,1,2,1313.2,672.2,1201.2,559.6,2.9,1.1,185.7,16.5,106.7,19.4,651.3,411.8,64.1,0.0,65.7,0.0,37.8,34.4,89.9,77.6,0.0,0.0,0.0,0.0,2.9,0.0,0.0,1.1
2311,490095,49,1,3,2564.9,1405.4,2429.2,1268.6,5.9,2.7,379.2,51.5,215.4,113.0,1328.5,896.2,132.1,0.0,135.0,0.0,63.3,57.4,174.6,150.4,1.0,0.0,0.0,0.0,5.9,0.0,0.0,2.7
2312,490096,49,1,2,6610.8,3284.2,6336.0,3017.0,16.1,5.0,1154.1,6.5,593.4,0.0,3596.4,2660.9,294.2,0.0,299.9,0.0,110.7,102.5,284.2,247.2,2.0,0.0,1.0,0.0,16.1,0.0,0.0,5.0
2313,490097,49,1,2,2413.8,1047.8,2274.1,909.3,5.6,1.6,367.5,12.9,209.8,0.0,1307.2,795.5,135.4,0.0,138.3,0.0,31.4,28.8,83.5,72.0,1.0,0.0,0.0,0.0,5.6,0.0,0.0,1.6
2314,490098,49,1,3,5423.3,3524.0,5113.6,3217.4,11.7,7.5,716.3,498.8,411.3,262.1,2542.2,1652.3,260.9,0.0,266.3,0.0,279.7,253.8,634.9,550.3,1.0,0.0,1.0,0.0,11.7,0.0,0.0,7.5
2315,490099,49,1,3,3887.0,2294.4,3696.8,2105.2,9.3,4.4,577.7,247.8,325.0,3.6,2030.5,1546.2,204.0,0.0,208.3,0.0,125.4,114.5,223.7,193.2,1.0,0.0,1.0,0.0,9.3,0.0,0.0,4.4
2316,490100,49,1,3,6162.8,2666.8,5934.2,2444.4,14.7,4.4,967.4,4.8,541.5,0.0,3406.8,2161.8,346.4,0.0,353.2,0.0,88.3,80.9,227.5,196.9,2.0,0.0,1.0,0.0,14.7,0.0,0.0,4.4
2317,490101,49,1,3,3992.3,3314.6,3822.5,3148.5,10.4,3.5,631.5,47.7,343.8,0.0,2172.1,1507.8,209.4,1372.1,213.9,0.0,77.3,70.6,173.5,150.3,1.0,0.0,0.0,0.0,10.4,0.0,0.0,3.5
2318,490102,49,1,2,7408.4,3316.8,7148.2,3065.9,18.7,5.4,1191.6,5.8,644.9,0.0,4101.4,2705.9,399.7,0.0,407.8,0.0,112.1,103.4,286.7,250.7,3.0,0.0,1.0,0.0,18.7,0.0,0.0,5.4
2319,490103,49,1,2,3449.1,1515.1,3291.9,1362.3,8.2,2.2,539.3,9.4,302.5,0.0,1890.7,1198.6,189.5,0.0,193.4,0.0,48.4,44.4,126.0,109.8,1.0,0.0,1.0,0.0,8.2,0.0,0.0,2.2
2320,490104,49,1,2,80.8,76.5,0.0,0.0,0.0,0.0,0.0,0.0,0.0,0.0,0.0,0.0,0.0,0.0,0.0,0.0,0.0,0.0,0.0,0.0,0.0,0.0,0.0,0.0,0.0,0.0,0.0,0.0
2321,490105,49,1,1,268.8,242.3,164.3,137.2,0.4,0.4,28.0,60.0,14.1,1.3,89.9,59.3,7.1,0.0,7.6,0.0,6.6,6.4,11.1,10.3,0.0,0.0,0.0,0.0,0.4,0.0,0.0,0.4
2322,490106,49,1,1,111.7,108.8,12.5,7.7,0.0,0.0,2.5,0.0,0.9,0.0,7.6,7.3,0.5,0.0,0.5,0.0,0.1,0.1,0.4,0.4,0.0,0.0,0.0,0.0,0.0,0.0,0.0,0.0
2323,490107,49,1,1,99.1,102.1,0.0,0.0,0.0,0.0,0.0,0.0,0.0,0.0,0.0,0.0,0.0,0.0,0.0,0.0,0.0,0.0,0.0,0.0,0.0,0.0,0.0,0.0,0.0,0.0,0.0,0.0
2324,490108,49,1,1,99.1,101.1,0.0,0.0,0.0,0.0,0.0,0.0,0.0,0.0,0.0,0.0,0.0,0.0,0.0,0.0,0.0,0.0,0.0,0.0,0.0,0.0,0.0,0.0,0.0,0.0,0.0,0.0
2325,490109,49,1,1,99.1,100.0,0.0,0.0,0.0,0.0,0.0,0.0,0.0,0.0,0.0,0.0,0.0,0.0,0.0,0.0,0.0,0.0,0.0,0.0,0.0,0.0,0.0,0.0,0.0,0.0,0.0,0.0
2326,490110,49,1,2,189.1,138.9,88.9,40.8,0.2,0.1,15.2,0.5,7.8,0.0,53.2,36.9,4.5,0.0,4.7,0.0,0.6,0.7,2.9,2.7,0.0,0.0,0.0,0.0,0.2,0.0,0.0,0.1
2327,490111,49,1,1,146.6,120.6,46.9,20.5,0.1,0.1,8.5,0.0,4.1,0.0,28.1,18.6,2.1,0.0,2.2,0.0,0.3,0.3,1.6,1.6,0.0,0.0,0.0,0.0,0.1,0.0,0.0,0.1
2328,490112,49,1,1,109.8,104.4,10.6,3.7,0.0,0.0,1.3,0.0,0.7,0.0,6.6,3.5,0.9,0.0,1.1,0.0,0.0,0.0,0.1,0.1,0.0,0.0,0.0,0.0,0.0,0.0,0.0,0.0
2329,490113,49,1,1,99.1,102.0,0.0,0.0,0.0,0.0,0.0,0.0,0.0,0.0,0.0,0.0,0.0,0.0,0.0,0.0,0.0,0.0,0.0,0.0,0.0,0.0,0.0,0.0,0.0,0.0,0.0,0.0
2330,490114,49,1,1,99.1,101.0,0.0,0.0,0.0,0.0,0.0,0.0,0.0,0.0,0.0,0.0,0.0,0.0,0.0,0.0,0.0,0.0,0.0,0.0,0.0,0.0,0.0,0.0,0.0,0.0,0.0,0.0
2331,490115,49,1,1,99.1,98.3,0.0,0.0,0.0,0.0,0.0,0.0,0.0,0.0,0.0,0.0,0.0,0.0,0.0,0.0,0.0,0.0,0.0,0.0,0.0,0.0,0.0,0.0,0.0,0.0,0.0,0.0
2332,490116,49,1,1,99.0,100.1,0.0,0.0,0.0,0.0,0.0,0.0,0.0,0.0,0.0,0.0,0.0,0.0,0.0,0.0,0.0,0.0,0.0,0.0,0.0,0.0,0.0,0.0,0.0,0.0,0.0,0.0
2333,490117,49,1,1,99.0,101.4,0.0,0.0,0.0,0.0,0.0,0.0,0.0,0.0,0.0,0.0,0.0,0.0,0.0,0.0,0.0,0.0,0.0,0.0,0.0,0.0,0.0,0.0,0.0,0.0,0.0,0.0
2334,490118,49,1,1,99.0,97.6,0.0,0.0,0.0,0.0,0.0,0.0,0.0,0.0,0.0,0.0,0.0,0.0,0.0,0.0,0.0,0.0,0.0,0.0,0.0,0.0,0.0,0.0,0.0,0.0,0.0,0.0
2335,490119,49,1,1,99.0,98.1,0.0,0.0,0.0,0.0,0.0,0.0,0.0,0.0,0.0,0.0,0.0,0.0,0.0,0.0,0.0,0.0,0.0,0.0,0.0,0.0,0.0,0.0,0.0,0.0,0.0,0.0
2336,490120,49,1,1,99.4,99.4,0.0,0.0,0.0,0.0,0.0,0.0,0.0,0.0,0.0,0.0,0.0,0.0,0.0,0.0,0.0,0.0,0.0,0.0,0.0,0.0,0.0,0.0,0.0,0.0,0.0,0.0
2337,490121,49,1,1,98.9,102.3,0.0,0.0,0.0,0.0,0.0,0.0,0.0,0.0,0.0,0.0,0.0,0.0,0.0,0.0,0.0,0.0,0.0,0.0,0.0,0.0,0.0,0.0,0.0,0.0,0.0,0.0
2338,490122,49,1,1,99.0,100.6,0.0,0.0,0.0,0.0,0.0,0.0,0.0,0.0,0.0,0.0,0.0,0.0,0.0,0.0,0.0,0.0,0.0,0.0,0.0,0.0,0.0,0.0,0.0,0.0,0.0,0.0
2339,490123,49,1,1,98.9,104.4,0.0,0.0,0.0,0.0,0.0,0.0,0.0,0.0,0.0,0.0,0.0,0.0,0.0,0.0,0.0,0.0,0.0,0.0,0.0,0.0,0.0,0.0,0.0,0.0,0.0,0.0
2340,490124,49,1,1,108.1,102.8,18.0,0.0,0.0,0.0,0.0,0.0,0.0,0.0,9.0,0.0,0.0,0.0,0.0,0.0,0.0,0.0,0.0,0.0,0.0,0.0,9.0,0.0,0.0,0.0,0.0,0.0
2341,490125,49,1,1,99.4,99.4,0.0,0.0,0.0,0.0,0.0,0.0,0.0,0.0,0.0,0.0,0.0,0.0,0.0,0.0,0.0,0.0,0.0,0.0,0.0,0.0,0.0,0.0,0.0,0.0,0.0,0.0
2342,490126,49,1,1,99.0,104.8,0.0,0.0,0.0,0.0,0.0,0.0,0.0,0.0,0.0,0.0,0.0,0.0,0.0,0.0,0.0,0.0,0.0,0.0,0.0,0.0,0.0,0.0,0.0,0.0,0.0,0.0
2343,490127,49,1,1,99.4,99.4,0.0,0.0,0.0,0.0,0.0,0.0,0.0,0.0,0.0,0.0,0.0,0.0,0.0,0.0,0.0,0.0,0.0,0.0,0.0,0.0,0.0,0.0,0.0,0.0,0.0,0.0
2344,490128,49,1,2,1669.2,861.6,1534.7,727.2,4.0,1.2,280.5,10.3,143.1,0.0,874.0,635.3,71.8,0.0,73.3,0.0,24.9,23.0,67.2,58.5,0.0,0.0,0.0,0.0,4.0,0.0,0.0,1.2
2345,490129,49,1,2,2515.1,1279.4,2357.1,1122.1,6.1,1.9,429.6,16.2,218.5,0.0,1340.4,978.1,110.7,0.0,112.9,0.0,39.6,36.9,104.2,90.9,1.0,0.0,0.0,0.0,6.1,0.0,0.0,1.9
2346,490130,49,1,2,1719.2,6678.8,1578.6,6537.4,3.9,2.5,229.9,180.5,129.6,0.0,815.3,774.1,84.2,0.0,86.1,5373.0,94.2,87.2,139.4,122.6,0.0,0.0,0.0,0.0,3.9,0.0,0.0,2.5
2347,490131,49,1,2,69.6,71.6,0.0,0.1,0.0,0.0,0.0,0.1,0.0,0.0,0.0,0.0,0.0,0.0,0.0,0.0,0.0,0.0,0.0,0.0,0.0,0.0,0.0,0.0,0.0,0.0,0.0,0.0
2348,490132,49,1,2,78.8,72.6,9.1,4.8,0.0,0.0,1.1,0.0,0.6,0.0,5.6,4.6,0.7,0.0,0.8,0.0,0.0,0.0,0.2,0.2,0.0,0.0,0.0,0.0,0.0,0.0,0.0,0.0
2349,490133,49,1,2,175.8,115.4,93.9,36.4,0.2,0.1,14.1,0.0,8.1,0.0,56.4,33.3,6.0,0.0,6.1,0.0,0.6,0.7,2.5,2.5,0.0,0.0,0.0,0.0,0.2,0.0,0.0,0.1
2350,490134,49,1,1,99.1,100.7,0.0,0.0,0.0,0.0,0.0,0.0,0.0,0.0,0.0,0.0,0.0,0.0,0.0,0.0,0.0,0.0,0.0,0.0,0.0,0.0,0.0,0.0,0.0,0.0,0.0,0.0
2351,490135,49,1,2,350.2,220.4,247.0,117.0,0.6,0.2,45.1,1.6,22.9,0.0,142.9,104.0,11.6,0.0,12.0,0.0,2.9,2.7,9.6,8.7,0.0,0.0,0.0,0.0,0.6,0.0,0.0,0.2
2352,490136,49,1,2,101.6,104.0,0.0,0.0,0.0,0.0,0.0,0.0,0.0,0.0,0.0,0.0,0.0,0.0,0.0,0.0,0.0,0.0,0.0,0.0,0.0,0.0,0.0,0.0,0.0,0.0,0.0,0.0
2353,490137,49,1,2,69.6,69.9,0.0,0.0,0.0,0.0,0.0,0.0,0.0,0.0,0.0,0.0,0.0,0.0,0.0,0.0,0.0,0.0,0.0,0.0,0.0,0.0,0.0,0.0,0.0,0.0,0.0,0.0
2354,490138,49,1,2,73.3,74.1,0.0,0.0,0.0,0.0,0.0,0.0,0.0,0.0,0.0,0.0,0.0,0.0,0.0,0.0,0.0,0.0,0.0,0.0,0.0,0.0,0.0,0.0,0.0,0.0,0.0,0.0
2355,490139,49,1,2,79.4,80.1,0.0,0.0,0.0,0.0,0.0,0.0,0.0,0.0,0.0,0.0,0.0,0.0,0.0,0.0,0.0,0.0,0.0,0.0,0.0,0.0,0.0,0.0,0.0,0.0,0.0,0.0
2356,490140,49,1,1,99.1,100.6,0.0,0.0,0.0,0.0,0.0,0.0,0.0,0.0,0.0,0.0,0.0,0.0,0.0,0.0,0.0,0.0,0.0,0.0,0.0,0.0,0.0,0.0,0.0,0.0,0.0,0.0
2357,490141,49,1,2,99.0,97.1,0.0,0.0,0.0,0.0,0.0,0.0,0.0,0.0,0.0,0.0,0.0,0.0,0.0,0.0,0.0,0.0,0.0,0.0,0.0,0.0,0.0,0.0,0.0,0.0,0.0,0.0
2358,490142,49,1,2,9084.5,6759.1,8756.2,6445.4,24.4,6.3,1308.8,179.5,781.0,0.0,4990.6,2863.9,573.3,0.0,585.0,2933.5,164.4,154.9,347.9,313.6,3.0,0.0,2.0,0.0,24.4,0.0,0.0,6.3
2359,490143,49,1,2,69.5,70.6,0.0,0.0,0.0,0.0,0.0,0.0,0.0,0.0,0.0,0.0,0.0,0.0,0.0,0.0,0.0,0.0,0.0,0.0,0.0,0.0,0.0,0.0,0.0,0.0,0.0,0.0
2360,490144,49,1,1,322.5,177.2,249.3,104.4,0.8,0.2,42.0,0.2,22.7,0.0,145.7,93.6,13.6,0.0,13.9,0.0,2.5,2.5,8.7,8.2,0.0,0.0,0.0,0.0,0.8,0.0,0.0,0.2
2361,490145,49,1,1,99.1,102.7,0.0,0.0,0.0,0.0,0.0,0.0,0.0,0.0,0.0,0.0,0.0,0.0,0.0,0.0,0.0,0.0,0.0,0.0,0.0,0.0,0.0,0.0,0.0,0.0,0.0,0.0
2362,490146,49,1,1,99.4,99.4,0.0,0.0,0.0,0.0,0.0,0.0,0.0,0.0,0.0,0.0,0.0,0.0,0.0,0.0,0.0,0.0,0.0,0.0,0.0,0.0,0.0,0.0,0.0,0.0,0.0,0.0
2363,490147,49,1,2,101.5,101.9,0.0,0.0,0.0,0.0,0.0,0.0,0.0,0.0,0.0,0.0,0.0,0.0,0.0,0.0,0.0,0.0,0.0,0.0,0.0,0.0,0.0,0.0,0.0,0.0,0.0,0.0
2364,490148,49,1,2,374.2,1914.3,265.9,1804.4,0.7,0.4,36.4,43.0,21.4,0.0,140.2,123.2,15.8,1604.8,16.1,0.0,14.2,13.4,21.8,20.0,0.0,0.0,0.0,0.0,0.7,0.0,0.0,0.4
2365,490149,49,1,2,405.4,205.7,306.0,105.1,0.9,0.2,46.4,0.8,27.8,0.0,180.0,93.5,20.1,0.0,20.4,0.0,2.6,2.5,8.8,8.3,0.0,0.0,0.0,0.0,0.9,0.0,0.0,0.2
2366,490150,49,1,1,99.0,102.7,0.0,0.0,0.0,0.0,0.0,0.0,0.0,0.0,0.0,0.0,0.0,0.0,0.0,0.0,0.0,0.0,0.0,0.0,0.0,0.0,0.0,0.0,0.0,0.0,0.0,0.0
2367,490151,49,1,1,101.1,99.6,4.0,0.0,0.0,0.0,0.0,0.0,0.0,0.0,2.0,0.0,0.0,0.0,0.0,0.0,0.0,0.0,0.0,0.0,0.0,0.0,2.0,0.0,0.0,0.0,0.0,0.0
2368,490152,49,1,2,276.3,182.8,172.1,80.7,0.5,0.1,25.0,8.7,14.7,0.0,98.9,61.4,11.1,0.0,11.3,0.0,3.5,3.4,7.6,7.1,0.0,0.0,0.0,0.0,0.5,0.0,0.0,0.1
2369,490153,49,1,2,1845.7,759.5,1709.5,625.0,5.0,1.0,260.3,16.3,155.0,0.0,985.7,530.9,111.1,0.0,113.7,0.0,24.1,23.1,59.5,54.8,0.0,0.0,0.0,0.0,5.0,0.0,0.0,1.0
2370,490154,49,1,2,6864.9,2558.6,6606.8,2312.3,20.1,3.9,1001.3,20.7,596.8,0.0,3815.9,2006.8,437.9,0.0,447.0,0.0,86.0,82.2,219.8,202.6,0.0,0.0,2.0,0.0,20.1,0.0,0.0,3.9
2371,490155,49,1,2,3300.5,2738.4,3133.8,2578.2,9.4,2.2,463.7,78.5,271.3,0.0,1781.0,1028.8,208.3,1290.0,212.7,0.0,63.4,60.5,130.4,120.4,2.0,0.0,1.0,0.0,9.4,0.0,0.0,2.2
2372,490156,49,1,2,80.7,75.3,0.0,0.0,0.0,0.0,0.0,0.0,0.0,0.0,0.0,0.0,0.0,0.0,0.0,0.0,0.0,0.0,0.0,0.0,0.0,0.0,0.0,0.0,0.0,0.0,0.0,0.0
2373,490157,49,1,3,84.6,84.6,0.0,0.0,0.0,0.0,0.0,0.0,0.0,0.0,0.0,0.0,0.0,0.0,0.0,0.0,0.0,0.0,0.0,0.0,0.0,0.0,0.0,0.0,0.0,0.0,0.0,0.0
2374,490158,49,1,1,100.0,102.8,2.0,0.0,0.0,0.0,0.0,0.0,0.0,0.0,1.0,0.0,0.0,0.0,0.0,0.0,0.0,0.0,0.0,0.0,0.0,0.0,1.0,0.0,0.0,0.0,0.0,0.0
2375,490159,49,1,1,100.4,101.0,0.0,0.0,0.0,0.0,0.0,0.0,0.0,0.0,0.0,0.0,0.0,0.0,0.0,0.0,0.0,0.0,0.0,0.0,0.0,0.0,0.0,0.0,0.0,0.0,0.0,0.0
2376,490160,49,1,2,418.5,302.2,311.2,195.4,0.9,0.3,46.4,70.2,27.2,0.0,178.2,107.1,19.9,0.0,20.5,0.0,6.3,6.1,12.8,12.0,0.0,0.0,0.0,0.0,0.9,0.0,0.0,0.3
2377,490161,49,1,2,2459.2,947.1,2309.4,798.8,7.5,1.4,352.5,1.3,210.5,0.0,1336.7,701.4,151.0,0.0,154.3,0.0,28.1,26.8,75.2,69.4,1.0,0.0,0.0,0.0,7.5,0.0,0.0,1.4
2378,490162,49,1,3,4581.1,3083.5,4391.0,2900.6,14.9,4.4,745.8,48.3,395.9,166.4,2431.1,1792.6,207.1,523.5,211.5,0.0,108.1,103.2,287.5,266.6,3.0,0.0,1.0,0.0,14.9,0.0,0.0,4.4
2379,490163,49,1,3,5191.3,1959.8,4985.7,1762.6,15.6,2.9,757.0,3.3,456.5,0.0,2881.9,1541.7,323.0,0.0,329.9,0.0,65.2,62.3,168.2,155.3,3.0,0.0,1.0,0.0,15.6,0.0,0.0,2.9
2380,490164,49,1,1,99.0,103.4,0.0,0.0,0.0,0.0,0.0,0.0,0.0,0.0,0.0,0.0,0.0,0.0,0.0,0.0,0.0,0.0,0.0,0.0,0.0,0.0,0.0,0.0,0.0,0.0,0.0,0.0
2381,490165,49,1,1,99.1,103.4,0.0,0.0,0.0,0.0,0.0,0.0,0.0,0.0,0.0,0.0,0.0,0.0,0.0,0.0,0.0,0.0,0.0,0.0,0.0,0.0,0.0,0.0,0.0,0.0,0.0,0.0
2382,490166,49,1,2,1705.5,719.3,1572.8,588.9,4.9,1.4,239.2,59.9,142.6,0.0,906.7,456.2,102.9,0.0,104.8,0.0,22.0,21.3,54.7,51.4,0.0,0.0,0.0,0.0,4.9,0.0,0.0,1.4
2383,490167,49,1,3,3879.5,1391.4,3707.0,1241.5,11.7,2.5,565.1,5.0,342.3,0.0,2143.7,1070.6,238.0,0.0,242.6,0.0,48.2,46.9,125.0,119.0,1.0,0.0,1.0,0.0,11.7,0.0,0.0,2.5
2384,490168,49,1,3,6467.3,3143.8,6213.7,2899.5,20.6,5.5,994.5,122.9,564.4,160.7,3493.5,2197.1,351.8,0.0,359.3,0.0,121.3,116.1,325.9,302.7,2.0,0.0,1.0,0.0,20.6,0.0,0.0,5.5
2385,490169,49,1,3,3865.8,2551.8,3686.7,2376.3,12.5,4.1,580.1,61.2,321.4,140.7,2042.9,1364.1,208.3,0.0,212.8,509.9,89.3,86.0,228.9,214.4,2.0,0.0,1.0,0.0,12.5,0.0,0.0,4.1
2386,490170,49,1,1,1145.0,804.2,1020.9,680.2,2.5,1.5,180.6,48.0,95.9,0.0,559.4,389.0,44.3,155.8,45.7,0.0,32.6,31.0,62.4,56.5,0.0,0.0,0.0,0.0,2.5,0.0,0.0,1.5
2387,490171,49,1,1,648.7,305.5,544.2,201.3,1.4,0.6,88.4,12.8,52.4,0.0,312.3,160.5,30.0,0.0,30.9,0.0,8.6,8.3,21.5,19.7,0.0,0.0,0.0,0.0,1.4,0.0,0.0,0.6
2388,490172,49,1,1,202.6,135.6,106.5,34.0,0.2,0.1,14.6,1.6,8.5,0.0,63.0,29.0,6.2,0.0,6.6,0.0,0.7,0.7,2.7,2.7,0.0,0.0,4.0,0.0,0.2,0.0,0.0,0.1
2389,490173,49,1,1,101.2,82.4,4.0,0.0,0.0,0.0,0.0,0.0,0.0,0.0,2.0,0.0,0.0,0.0,0.0,0.0,0.0,0.0,0.0,0.0,0.0,0.0,2.0,0.0,0.0,0.0,0.0,0.0
2390,490174,49,1,1,175.2,124.0,75.4,30.8,0.2,0.1,13.1,0.0,6.6,0.0,45.7,28.2,3.5,0.0,3.9,0.0,0.4,0.4,2.2,2.2,0.0,0.0,0.0,0.0,0.2,0.0,0.0,0.1
2391,490175,49,1,1,99.0,101.5,0.0,0.0,0.0,0.0,0.0,0.0,0.0,0.0,0.0,0.0,0.0,0.0,0.0,0.0,0.0,0.0,0.0,0.0,0.0,0.0,0.0,0.0,0.0,0.0,0.0,0.0
2392,490176,49,1,1,98.9,102.8,0.0,0.0,0.0,0.0,0.0,0.0,0.0,0.0,0.0,0.0,0.0,0.0,0.0,0.0,0.0,0.0,0.0,0.0,0.0,0.0,0.0,0.0,0.0,0.0,0.0,0.0
2393,490177,49,1,1,100.0,104.8,2.0,0.0,0.0,0.0,0.0,0.0,0.0,0.0,1.0,0.0,0.0,0.0,0.0,0.0,0.0,0.0,0.0,0.0,0.0,0.0,1.0,0.0,0.0,0.0,0.0,0.0
2394,490178,49,1,1,99.0,94.0,0.0,0.0,0.0,0.0,0.0,0.0,0.0,0.0,0.0,0.0,0.0,0.0,0.0,0.0,0.0,0.0,0.0,0.0,0.0,0.0,0.0,0.0,0.0,0.0,0.0,0.0
2395,490179,49,1,1,98.9,97.9,0.0,0.0,0.0,0.0,0.0,0.0,0.0,0.0,0.0,0.0,0.0,0.0,0.0,0.0,0.0,0.0,0.0,0.0,0.0,0.0,0.0,0.0,0.0,0.0,0.0,0.0
2396,490180,49,1,1,100.9,101.3,4.0,0.0,0.0,0.0,0.0,0.0,0.0,0.0,2.0,0.0,0.0,0.0,0.0,0.0,0.0,0.0,0.0,0.0,0.0,0.0,2.0,0.0,0.0,0.0,0.0,0.0
2397,490181,49,1,1,102.0,104.7,6.0,0.0,0.0,0.0,0.0,0.0,0.0,0.0,3.0,0.0,0.0,0.0,0.0,0.0,0.0,0.0,0.0,0.0,0.0,0.0,3.0,0.0,0.0,0.0,0.0,0.0
2398,490182,49,1,1,99.0,104.1,0.0,0.0,0.0,0.0,0.0,0.0,0.0,0.0,0.0,0.0,0.0,0.0,0.0,0.0,0.0,0.0,0.0,0.0,0.0,0.0,0.0,0.0,0.0,0.0,0.0,0.0
2399,490183,49,1,1,98.9,100.3,0.0,0.0,0.0,0.0,0.0,0.0,0.0,0.0,0.0,0.0,0.0,0.0,0.0,0.0,0.0,0.0,0.0,0.0,0.0,0.0,0.0,0.0,0.0,0.0,0.0,0.0
2400,490184,49,1,1,98.9,101.3,0.0,0.0,0.0,0.0,0.0,0.0,0.0,0.0,0.0,0.0,0.0,0.0,0.0,0.0,0.0,0.0,0.0,0.0,0.0,0.0,0.0,0.0,0.0,0.0,0.0,0.0
2401,490185,49,1,1,103.9,102.6,10.0,0.0,0.0,0.0,0.0,0.0,0.0,0.0,5.0,0.0,0.0,0.0,0.0,0.0,0.0,0.0,0.0,0.0,0.0,0.0,5.0,0.0,0.0,0.0,0.0,0.0
2402,490186,49,1,1,104.0,102.3,10.0,0.0,0.0,0.0,0.0,0.0,0.0,0.0,5.0,0.0,0.0,0.0,0.0,0.0,0.0,0.0,0.0,0.0,0.0,0.0,5.0,0.0,0.0,0.0,0.0,0.0
2403,490187,49,1,1,99.0,103.3,0.0,0.0,0.0,0.0,0.0,0.0,0.0,0.0,0.0,0.0,0.0,0.0,0.0,0.0,0.0,0.0,0.0,0.0,0.0,0.0,0.0,0.0,0.0,0.0,0.0,0.0
2404,490188,49,1,1,98.9,101.4,0.0,0.0,0.0,0.0,0.0,0.0,0.0,0.0,0.0,0.0,0.0,0.0,0.0,0.0,0.0,0.0,0.0,0.0,0.0,0.0,0.0,0.0,0.0,0.0,0.0,0.0
2405,490189,49,1,1,98.9,97.4,0.0,0.0,0.0,0.0,0.0,0.0,0.0,0.0,0.0,0.0,0.0,0.0,0.0,0.0,0.0,0.0,0.0,0.0,0.0,0.0,0.0,0.0,0.0,0.0,0.0,0.0
2406,490190,49,1,1,99.0,99.2,0.0,0.0,0.0,0.0,0.0,0.0,0.0,0.0,0.0,0.0,0.0,0.0,0.0,0.0,0.0,0.0,0.0,0.0,0.0,0.0,0.0,0.0,0.0,0.0,0.0,0.0
2407,490191,49,1,1,98.8,101.3,0.0,0.0,0.0,0.0,0.0,0.0,0.0,0.0,0.0,0.0,0.0,0.0,0.0,0.0,0.0,0.0,0.0,0.0,0.0,0.0,0.0,0.0,0.0,0.0,0.0,0.0
2408,490192,49,1,1,99.7,128.9,0.6,26.1,0.0,0.1,0.0,22.4,0.0,0.0,0.0,2.9,0.0,0.0,0.0,0.0,0.2,0.2,0.4,0.4,0.0,0.0,0.0,0.0,0.0,0.0,0.0,0.1
2409,490193,49,1,1,101.0,100.9,4.0,0.0,0.0,0.0,0.0,0.0,0.0,0.0,2.0,0.0,0.0,0.0,0.0,0.0,0.0,0.0,0.0,0.0,0.0,0.0,2.0,0.0,0.0,0.0,0.0,0.0
2410,490194,49,1,1,99.0,100.5,0.0,0.0,0.0,0.0,0.0,0.0,0.0,0.0,0.0,0.0,0.0,0.0,0.0,0.0,0.0,0.0,0.0,0.0,0.0,0.0,0.0,0.0,0.0,0.0,0.0,0.0
2411,490195,49,1,1,157.6,127.2,60.9,27.7,0.2,0.1,10.6,0.0,5.3,0.0,36.8,25.4,2.8,0.0,3.1,0.0,0.4,0.4,1.9,1.9,0.0,0.0,0.0,0.0,0.2,0.0,0.0,0.1
2412,490196,49,1,1,98.9,98.9,0.0,0.0,0.0,0.0,0.0,0.0,0.0,0.0,0.0,0.0,0.0,0.0,0.0,0.0,0.0,0.0,0.0,0.0,0.0,0.0,0.0,0.0,0.0,0.0,0.0,0.0
2413,490197,49,1,1,98.8,98.5,0.0,0.0,0.0,0.0,0.0,0.0,0.0,0.0,0.0,0.0,0.0,0.0,0.0,0.0,0.0,0.0,0.0,0.0,0.0,0.0,0.0,0.0,0.0,0.0,0.0,0.0
2414,490198,49,1,1,98.9,99.0,0.0,0.0,0.0,0.0,0.0,0.0,0.0,0.0,0.0,0.0,0.0,0.0,0.0,0.0,0.0,0.0,0.0,0.0,0.0,0.0,0.0,0.0,0.0,0.0,0.0,0.0
2415,490199,49,1,1,99.0,97.7,0.0,0.0,0.0,0.0,0.0,0.0,0.0,0.0,0.0,0.0,0.0,0.0,0.0,0.0,0.0,0.0,0.0,0.0,0.0,0.0,0.0,0.0,0.0,0.0,0.0,0.0
2416,490200,49,1,1,108.1,100.3,9.0,4.1,0.0,0.0,1.2,0.0,0.7,0.0,5.6,3.9,0.6,0.0,0.8,0.0,0.0,0.0,0.1,0.1,0.0,0.0,0.0,0.0,0.0,0.0,0.0,0.0
2417,490201,49,1,2,5126.3,2413.5,4893.5,2202.5,16.6,4.6,894.1,12.2,462.5,0.0,2775.0,1894.3,222.0,0.0,226.1,0.0,87.2,85.1,223.5,210.8,2.0,0.0,1.0,0.0,16.6,0.0,0.0,4.6
2418,490202,49,1,2,6390.1,4236.5,6101.0,3961.5,18.1,5.7,863.5,261.7,480.0,28.4,3062.2,1993.4,333.4,1199.4,340.4,0.0,172.1,167.1,329.3,311.5,519.0,0.0,1.0,0.0,18.1,0.0,0.0,5.7
2419,490203,49,1,2,4913.8,1952.3,4683.6,1731.0,16.6,3.8,755.5,14.1,419.3,0.0,2675.6,1494.4,290.4,0.0,296.6,0.0,65.5,63.4,168.6,159.1,11.0,0.0,1.0,0.0,16.6,0.0,0.0,3.8
2420,490204,49,1,1,99.3,86.9,0.0,0.1,0.0,0.0,0.0,0.1,0.0,0.0,0.0,0.0,0.0,0.0,0.0,0.0,0.0,0.0,0.0,0.0,0.0,0.0,0.0,0.0,0.0,0.0,0.0,0.0
2421,490205,49,1,1,113.2,86.7,28.0,0.1,0.0,0.0,0.0,0.1,0.0,0.0,14.0,0.0,0.0,0.0,0.0,0.0,0.0,0.0,0.0,0.0,0.0,0.0,14.0,0.0,0.0,0.0,0.0,0.0
2422,490206,49,1,1,91.0,84.2,8.0,0.3,0.0,0.0,0.0,0.3,0.0,0.0,4.0,0.0,0.0,0.0,0.0,0.0,0.0,0.0,0.0,0.0,0.0,0.0,4.0,0.0,0.0,0.0,0.0,0.0
2423,490207,49,1,1,111.1,112.2,0.0,0.3,0.0,0.0,0.0,0.3,0.0,0.0,0.0,0.0,0.0,0.0,0.0,0.0,0.0,0.0,0.0,0.0,0.0,0.0,0.0,0.0,0.0,0.0,0.0,0.0
2424,490208,49,1,1,92.0,80.1,4.0,0.0,0.0,0.0,0.0,0.0,0.0,0.0,2.0,0.0,0.0,0.0,0.0,0.0,0.0,0.0,0.0,0.0,0.0,0.0,2.0,0.0,0.0,0.0,0.0,0.0
2425,490209,49,1,1,89.8,81.4,0.0,0.0,0.0,0.0,0.0,0.0,0.0,0.0,0.0,0.0,0.0,0.0,0.0,0.0,0.0,0.0,0.0,0.0,0.0,0.0,0.0,0.0,0.0,0.0,0.0,0.0
2426,490210,49,1,1,104.7,105.2,0.0,0.0,0.0,0.0,0.0,0.0,0.0,0.0,0.0,0.0,0.0,0.0,0.0,0.0,0.0,0.0,0.0,0.0,0.0,0.0,0.0,0.0,0.0,0.0,0.0,0.0
2427,490211,49,1,1,104.8,107.8,0.0,0.0,0.0,0.0,0.0,0.0,0.0,0.0,0.0,0.0,0.0,0.0,0.0,0.0,0.0,0.0,0.0,0.0,0.0,0.0,0.0,0.0,0.0,0.0,0.0,0.0
2428,490212,49,1,1,101.9,136.6,24.1,43.8,0.0,0.2,0.0,43.7,0.0,0.0,12.0,0.0,0.0,0.0,0.0,0.0,0.1,0.1,0.0,0.0,0.0,0.0,12.0,0.0,0.0,0.0,0.0,0.2
2429,490213,49,1,1,109.8,113.0,4.5,4.0,0.0,0.0,0.9,0.0,0.4,0.0,2.7,3.9,0.2,0.0,0.1,0.0,0.0,0.0,0.2,0.2,0.0,0.0,0.0,0.0,0.0,0.0,0.0,0.0
2430,490214,49,1,1,89.9,129.1,0.0,39.5,0.0,0.1,0.0,39.5,0.0,0.0,0.0,0.0,0.0,0.0,0.0,0.0,0.0,0.0,0.0,0.0,0.0,0.0,0.0,0.0,0.0,0.0,0.0,0.1
2431,490215,49,1,1,89.4,78.3,0.0,0.0,0.0,0.0,0.0,0.0,0.0,0.0,0.0,0.0,0.0,0.0,0.0,0.0,0.0,0.0,0.0,0.0,0.0,0.0,0.0,0.0,0.0,0.0,0.0,0.0
2432,490216,49,1,1,100.6,89.1,22.0,0.0,0.0,0.0,0.0,0.0,0.0,0.0,11.0,0.0,0.0,0.0,0.0,0.0,0.0,0.0,0.0,0.0,0.0,0.0,11.0,0.0,0.0,0.0,0.0,0.0
2433,490217,49,1,1,89.6,91.8,0.0,0.0,0.0,0.0,0.0,0.0,0.0,0.0,0.0,0.0,0.0,0.0,0.0,0.0,0.0,0.0,0.0,0.0,0.0,0.0,0.0,0.0,0.0,0.0,0.0,0.0
2434,490218,49,1,1,89.6,93.4,0.0,0.0,0.0,0.0,0.0,0.0,0.0,0.0,0.0,0.0,0.0,0.0,0.0,0.0,0.0,0.0,0.0,0.0,0.0,0.0,0.0,0.0,0.0,0.0,0.0,0.0
2435,490219,49,1,1,128.9,125.8,18.0,0.0,0.0,0.0,0.0,0.0,0.0,0.0,9.0,0.0,0.0,0.0,0.0,0.0,0.0,0.0,0.0,0.0,0.0,0.0,9.0,0.0,0.0,0.0,0.0,0.0
2436,490220,49,1,2,89.5,90.4,0.0,0.0,0.0,0.0,0.0,0.0,0.0,0.0,0.0,0.0,0.0,0.0,0.0,0.0,0.0,0.0,0.0,0.0,0.0,0.0,0.0,0.0,0.0,0.0,0.0,0.0
2437,490221,49,1,1,89.6,94.0,0.0,0.0,0.0,0.0,0.0,0.0,0.0,0.0,0.0,0.0,0.0,0.0,0.0,0.0,0.0,0.0,0.0,0.0,0.0,0.0,0.0,0.0,0.0,0.0,0.0,0.0
2438,490222,49,1,2,1493.2,1650.1,1344.5,1494.3,4.1,1.8,228.9,40.9,122.5,0.0,742.9,491.7,70.5,863.8,72.4,0.0,35.4,34.1,69.8,63.7,0.0,0.0,2.0,0.0,4.1,0.0,0.0,1.8
2439,490223,49,1,2,140.5,132.8,10.0,0.0,0.0,0.0,0.0,0.0,0.0,0.0,5.0,0.0,0.0,0.0,0.0,0.0,0.0,0.0,0.0,0.0,0.0,0.0,5.0,0.0,0.0,0.0,0.0,0.0
2440,490224,49,1,2,4706.4,1790.9,4511.7,1595.0,13.5,4.1,724.3,3.2,416.9,0.0,2581.5,1382.6,275.0,0.0,281.1,0.0,62.8,60.7,162.0,148.5,2.0,0.0,6.0,0.0,13.5,0.0,0.0,4.1
2441,490225,49,1,2,5851.4,2391.5,5585.8,2129.8,17.6,5.1,975.3,6.4,515.7,0.0,3163.8,1845.5,308.8,0.0,315.4,0.0,83.9,81.4,214.8,196.6,2.0,0.0,6.0,0.0,17.6,0.0,0.0,5.1
2442,490226,49,1,2,4790.5,2049.1,4567.9,1814.8,14.5,4.6,787.8,49.5,421.8,0.0,2581.4,1530.9,251.5,0.0,256.8,0.0,71.6,69.2,180.0,165.2,1.0,0.0,16.0,0.0,14.5,0.0,0.0,4.6
2443,490227,49,1,2,103.5,96.5,10.0,0.0,0.0,0.0,0.0,0.0,0.0,0.0,5.0,0.0,0.0,0.0,0.0,0.0,0.0,0.0,0.0,0.0,0.0,0.0,5.0,0.0,0.0,0.0,0.0,0.0
2444,490228,49,1,2,6757.3,2958.3,6483.9,2693.5,20.7,5.4,1155.2,5.8,596.1,0.0,3681.9,2334.9,330.7,0.0,337.5,0.0,105.9,102.7,271.6,250.1,2.0,0.0,3.0,0.0,20.7,0.0,0.0,5.4
2445,490229,49,1,2,4886.3,3627.5,4655.0,3397.1,14.9,4.7,822.4,79.1,427.8,0.0,2603.6,1750.5,233.4,1268.2,238.6,0.0,99.3,96.1,221.8,203.2,2.0,0.0,6.0,0.0,14.9,0.0,0.0,4.7
2446,490230,49,1,3,6403.1,2896.0,6131.0,2631.8,20.5,5.8,1108.3,37.0,581.8,0.0,3470.2,2254.8,298.3,0.0,304.5,0.0,102.7,99.4,261.3,240.5,2.0,0.0,2.0,0.0,20.5,0.0,0.0,5.8
2447,490231,49,1,2,126.5,102.2,40.0,0.0,0.0,0.0,0.0,0.0,0.0,0.0,20.0,0.0,0.0,0.0,0.0,0.0,0.0,0.0,0.0,0.0,0.0,0.0,20.0,0.0,0.0,0.0,0.0,0.0
2448,490232,49,1,2,6040.6,2375.1,5769.3,2112.1,18.0,3.9,973.8,21.7,523.5,0.0,3279.3,1815.1,345.6,0.0,352.2,0.0,82.1,79.7,210.8,195.6,1.0,0.0,1.0,0.0,18.0,0.0,0.0,3.9
2449,490233,49,1,2,6574.8,2708.5,6312.7,2450.3,20.2,5.4,1016.7,23.3,565.7,113.4,3551.0,1937.3,379.9,0.0,387.8,0.0,105.9,102.4,297.5,273.9,2.0,0.0,6.0,0.0,20.2,0.0,0.0,5.4
2450,490234,49,1,2,4297.2,2151.2,4083.8,1938.1,14.1,4.2,722.9,81.8,383.4,0.0,2288.2,1597.9,198.3,0.0,202.7,0.0,83.5,81.4,188.8,177.1,8.0,0.0,8.0,0.0,14.1,0.0,0.0,4.2
2451,490235,49,1,2,94.4,90.4,6.0,0.0,0.0,0.0,0.0,0.0,0.0,0.0,3.0,0.0,0.0,0.0,0.0,0.0,0.0,0.0,0.0,0.0,0.0,0.0,3.0,0.0,0.0,0.0,0.0,0.0
2452,490236,49,1,2,1553.0,705.8,1442.0,590.8,4.8,1.1,251.6,8.2,130.4,0.0,821.8,506.0,73.7,0.0,75.4,0.0,21.4,20.9,58.5,55.7,2.0,0.0,7.0,0.0,4.8,0.0,0.0,1.1
2453,490237,49,1,2,1569.4,1932.2,1467.6,1808.5,5.1,1.8,242.6,53.0,127.3,0.0,805.6,568.0,70.1,1068.0,71.6,0.0,43.1,41.8,82.3,77.6,2.0,0.0,23.0,0.0,5.1,0.0,0.0,1.8
2454,490238,49,1,2,103.2,101.8,0.0,0.0,0.0,0.0,0.0,0.0,0.0,0.0,0.0,0.0,0.0,0.0,0.0,0.0,0.0,0.0,0.0,0.0,0.0,0.0,0.0,0.0,0.0,0.0,0.0,0.0
2455,490239,49,1,2,122.3,121.9,0.0,0.0,0.0,0.0,0.0,0.0,0.0,0.0,0.0,0.0,0.0,0.0,0.0,0.0,0.0,0.0,0.0,0.0,0.0,0.0,0.0,0.0,0.0,0.0,0.0,0.0
2456,490240,49,1,2,122.2,122.2,0.0,0.0,0.0,0.0,0.0,0.0,0.0,0.0,0.0,0.0,0.0,0.0,0.0,0.0,0.0,0.0,0.0,0.0,0.0,0.0,0.0,0.0,0.0,0.0,0.0,0.0
2457,490241,49,1,2,5907.6,2222.5,5647.4,1972.5,18.8,3.9,920.3,28.9,502.3,0.0,3216.6,1679.0,357.2,0.0,364.4,0.0,76.9,75.3,197.8,189.2,11.0,0.0,1.0,0.0,18.8,0.0,0.0,3.9
2458,490242,49,1,3,3870.1,4523.0,3656.8,4313.2,13.0,3.6,587.5,71.2,322.3,0.0,2048.4,1175.9,224.7,0.0,229.5,2838.1,77.6,75.6,159.7,152.5,6.0,0.0,1.0,0.0,13.0,0.0,0.0,3.6
2459,490243,49,1,3,4708.2,2337.2,4476.8,2111.1,17.2,5.4,842.9,5.0,420.2,0.0,2397.0,1821.5,160.5,0.0,164.1,0.0,83.0,80.9,213.2,203.7,195.0,0.0,1.0,0.0,17.2,0.0,0.0,5.4
2460,490244,49,1,2,122.5,120.4,0.0,0.0,0.0,0.0,0.0,0.0,0.0,0.0,0.0,0.0,0.0,0.0,0.0,0.0,0.0,0.0,0.0,0.0,0.0,0.0,0.0,0.0,0.0,0.0,0.0,0.0
2461,490245,49,1,2,122.2,122.8,0.0,0.0,0.0,0.0,0.0,0.0,0.0,0.0,0.0,0.0,0.0,0.0,0.0,0.0,0.0,0.0,0.0,0.0,0.0,0.0,0.0,0.0,0.0,0.0,0.0,0.0
2462,490246,49,1,2,751.9,484.7,602.3,334.3,1.9,0.8,91.3,145.8,49.4,0.0,322.6,165.4,35.8,0.0,36.5,0.0,6.0,5.8,17.8,17.2,43.0,0.0,0.0,0.0,1.9,0.0,0.0,0.8
2463,490247,49,1,2,871.5,340.1,738.8,205.1,2.2,0.5,97.8,0.7,53.2,0.0,337.5,179.3,35.7,0.0,36.5,0.0,6.6,6.4,19.4,18.7,152.0,0.0,0.0,0.0,2.2,0.0,0.0,0.5
2464,490248,49,1,3,91.9,95.2,0.0,0.0,0.0,0.0,0.0,0.0,0.0,0.0,0.0,0.0,0.0,0.0,0.0,0.0,0.0,0.0,0.0,0.0,0.0,0.0,0.0,0.0,0.0,0.0,0.0,0.0
2465,490249,49,1,3,12366.3,6759.7,11923.6,6337.4,48.2,15.0,2088.6,59.6,1113.1,0.0,6716.5,4386.6,596.4,1166.8,608.8,0.0,219.4,214.0,530.8,510.4,48.0,0.0,2.0,0.0,48.2,0.0,0.0,15.0
2466,490250,49,1,3,6187.7,2489.6,5956.1,2270.8,18.8,3.3,960.7,7.7,539.4,0.0,3397.8,1979.5,355.8,0.0,363.3,0.0,84.4,81.0,216.7,202.5,37.0,0.0,1.0,0.0,18.8,0.0,0.0,3.3
2467,490251,49,1,3,18497.2,8933.2,17933.1,8411.0,58.2,10.9,2834.4,83.3,1601.1,0.0,10234.2,5881.9,1123.2,1558.7,1146.1,0.0,274.5,263.8,665.6,623.2,51.0,0.0,3.0,0.0,58.2,0.0,0.0,10.9
2468,490252,49,1,3,1453.3,1914.5,1331.6,1794.5,4.3,1.1,206.9,79.0,116.8,0.0,739.1,489.1,79.1,1129.3,81.1,0.0,35.4,34.1,67.2,63.0,6.0,0.0,0.0,0.0,4.3,0.0,0.0,1.1
2469,490253,49,1,2,112.0,112.3,0.0,0.0,0.0,0.0,0.0,0.0,0.0,0.0,0.0,0.0,0.0,0.0,0.0,0.0,0.0,0.0,0.0,0.0,0.0,0.0,0.0,0.0,0.0,0.0,0.0,0.0
2470,490254,49,1,2,104.9,101.2,6.0,0.0,0.0,0.0,0.0,0.0,0.0,0.0,3.0,0.0,0.0,0.0,0.0,0.0,0.0,0.0,0.0,0.0,0.0,0.0,3.0,0.0,0.0,0.0,0.0,0.0
2471,490255,49,1,4,7687.8,6631.3,7264.8,6231.7,23.2,8.3,1220.0,428.4,617.0,227.8,3749.9,3161.1,297.8,1415.5,304.2,0.0,338.7,326.2,720.2,672.8,15.0,0.0,2.0,0.0,23.2,0.0,0.0,8.3
2472,490256,49,1,3,7132.7,3650.1,6848.1,3376.3,23.0,6.5,1047.6,67.5,589.7,375.1,3778.3,2387.6,414.3,0.0,423.1,0.0,148.5,142.9,430.6,403.3,15.0,0.0,1.0,0.0,23.0,0.0,0.0,6.5
2473,490257,49,1,3,10856.7,4223.8,10498.1,3886.6,37.5,7.9,1680.2,8.7,929.3,0.0,6019.0,3381.7,655.4,0.0,669.0,0.0,147.4,142.1,375.8,354.1,20.0,0.0,2.0,0.0,37.5,0.0,0.0,7.9
2474,490258,49,1,3,91.7,88.7,8.0,0.0,0.0,0.0,0.0,0.0,0.0,0.0,4.0,0.0,0.0,0.0,0.0,0.0,0.0,0.0,0.0,0.0,0.0,0.0,4.0,0.0,0.0,0.0,0.0,0.0
2475,490259,49,1,2,115.1,105.5,17.0,0.0,0.1,0.0,0.0,0.0,1.8,0.0,10.6,0.0,0.3,0.0,0.3,0.0,0.0,0.0,0.0,0.0,0.0,0.0,4.0,0.0,0.1,0.0,0.0,0.0
2476,490260,49,1,2,118.7,112.1,21.4,4.4,0.1,0.0,1.4,0.0,1.1,0.0,11.8,4.1,0.9,0.0,0.9,0.0,0.0,0.0,0.3,0.3,0.0,0.0,5.0,0.0,0.1,0.0,0.0,0.0
2477,490261,49,1,3,7360.7,3140.3,7056.0,2842.4,28.3,9.1,1133.8,85.7,643.6,72.2,3984.4,2274.7,422.7,0.0,431.5,0.0,118.9,116.0,305.0,293.9,15.0,0.0,1.0,0.0,28.3,0.0,0.0,9.1
2478,490262,49,1,3,1983.2,2155.2,1776.2,1940.4,5.8,6.7,229.4,239.9,129.3,261.2,807.9,1027.1,85.6,0.0,87.6,0.0,134.3,131.1,291.1,281.1,10.0,0.0,1.0,0.0,5.8,0.0,0.0,6.7
2479,490263,49,1,3,6812.7,2938.7,6560.9,2697.2,22.3,5.0,1093.5,8.3,600.5,0.0,3699.6,2350.5,360.4,0.0,367.8,0.0,101.0,96.9,259.0,241.5,78.0,0.0,1.0,0.0,22.3,0.0,0.0,5.0
2480,490264,49,1,3,12081.5,8822.9,11502.3,8260.4,33.5,16.7,1573.1,418.5,884.0,1845.1,5503.1,3772.3,565.5,0.0,577.2,0.0,638.9,609.3,1734.6,1615.1,20.0,0.0,6.0,0.0,33.5,0.0,0.0,16.7
2481,490265,49,1,3,9965.6,4029.2,9636.0,3711.3,34.2,7.1,1573.1,7.1,883.9,0.0,5507.0,3231.3,565.8,0.0,577.2,0.0,140.7,135.5,359.3,337.3,19.0,0.0,10.0,0.0,34.2,0.0,0.0,7.1
2482,490266,49,1,3,2661.0,1261.5,2520.9,1115.2,9.3,2.8,402.7,26.2,221.7,41.5,1419.8,890.9,147.3,0.0,150.6,0.0,45.3,43.8,118.5,112.8,5.0,0.0,10.0,0.0,9.3,0.0,0.0,2.8
2483,490267,49,1,2,2616.6,9016.5,2409.5,8803.9,7.8,7.6,318.2,499.7,176.6,0.0,1128.0,1307.3,122.7,2565.5,125.4,3917.5,227.5,221.1,305.0,292.8,3.0,0.0,3.0,0.0,7.8,0.0,0.0,7.6
2484,490268,49,1,2,381.3,6847.0,268.4,6715.9,0.2,2.8,9.5,208.8,5.6,0.0,45.4,319.6,3.2,0.0,3.3,6003.9,86.5,84.4,102.9,99.1,0.0,0.0,12.0,0.0,0.2,0.0,0.0,2.8
2485,490269,49,1,3,1158.8,517.0,1032.5,386.0,4.3,1.5,168.3,24.3,94.9,0.0,592.5,315.1,62.8,0.0,64.1,0.0,12.7,12.3,35.3,34.3,2.0,0.0,0.0,0.0,4.3,0.0,0.0,1.5
2486,490270,49,1,2,102.0,108.6,0.0,0.0,0.0,0.0,0.0,0.0,0.0,0.0,0.0,0.0,0.0,0.0,0.0,0.0,0.0,0.0,0.0,0.0,0.0,0.0,0.0,0.0,0.0,0.0,0.0,0.0
2487,490271,49,1,3,12395.5,6364.8,11906.5,5905.8,41.9,12.7,1990.5,368.4,1084.8,125.3,6706.3,4639.6,644.1,0.0,656.8,0.0,243.0,234.4,572.0,538.0,7.0,0.0,2.0,0.0,41.9,0.0,0.0,12.7
2488,490272,49,1,3,2790.9,1171.4,2643.8,1028.1,9.5,2.1,433.0,20.0,242.5,0.0,1514.0,881.3,155.7,0.0,159.4,0.0,36.9,35.5,97.3,91.3,5.0,0.0,0.0,0.0,9.5,0.0,0.0,2.1
2489,490273,49,1,3,505.7,243.5,414.6,152.3,1.5,0.3,67.8,0.1,37.5,0.0,240.0,134.5,24.7,0.0,25.4,0.0,4.5,4.4,13.7,13.3,1.0,0.0,0.0,0.0,1.5,0.0,0.0,0.3
2490,490274,49,1,2,3857.8,1516.2,3687.9,1351.5,13.5,3.1,587.9,2.5,325.9,0.0,2054.8,1171.8,212.8,0.0,217.4,0.0,51.5,49.9,133.6,127.4,103.0,0.0,1.0,0.0,13.5,0.0,0.0,3.1
2491,490275,49,1,2,4691.6,1845.9,4499.2,1656.5,18.0,5.0,732.3,3.0,404.6,0.0,2572.9,1430.3,269.2,0.0,274.9,0.0,64.6,62.7,166.6,160.4,9.0,0.0,5.0,0.0,18.0,0.0,0.0,5.0
2492,490276,49,1,3,1488.7,610.6,1360.5,478.5,5.4,1.4,218.6,0.6,121.1,0.0,776.3,416.4,84.6,0.0,86.3,0.0,16.9,16.5,46.8,45.0,8.0,0.0,2.0,0.0,5.4,0.0,0.0,1.4
2493,490277,49,1,3,560.7,967.0,424.3,824.4,1.3,2.8,47.6,86.6,26.4,126.4,169.0,408.6,18.1,0.0,18.4,63.9,42.0,40.6,101.8,98.3,1.0,0.0,0.0,0.0,1.3,0.0,0.0,2.8
2494,490278,49,1,3,128.0,117.6,27.7,9.1,0.1,0.0,3.2,0.0,2.4,0.0,15.9,8.3,1.6,0.0,1.7,0.0,0.2,0.2,0.6,0.6,0.0,0.0,2.0,0.0,0.1,0.0,0.0,0.0
2495,490279,49,1,2,320.8,129.6,235.2,42.8,0.4,0.1,16.1,3.3,9.3,0.0,60.4,35.6,6.2,0.0,6.3,0.0,0.8,0.8,3.1,3.1,133.0,0.0,0.0,0.0,0.4,0.0,0.0,0.1
2496,490280,49,1,2,1505.6,822.1,1382.4,698.9,5.4,2.3,217.4,85.1,120.1,6.5,758.5,500.6,78.0,0.0,79.8,0.0,37.7,36.4,73.1,70.3,18.0,0.0,0.0,0.0,5.4,0.0,0.0,2.3
2497,490281,49,1,3,101.9,104.0,0.0,0.0,0.0,0.0,0.0,0.0,0.0,0.0,0.0,0.0,0.0,0.0,0.0,0.0,0.0,0.0,0.0,0.0,0.0,0.0,0.0,0.0,0.0,0.0,0.0,0.0
2498,490282,49,1,3,106.9,104.0,10.0,0.0,0.0,0.0,0.0,0.0,0.0,0.0,5.0,0.0,0.0,0.0,0.0,0.0,0.0,0.0,0.0,0.0,0.0,0.0,5.0,0.0,0.0,0.0,0.0,0.0
2499,490283,49,1,3,1293.8,761.4,1162.8,624.8,4.3,1.8,179.4,31.3,100.2,45.5,638.9,451.6,68.6,0.0,70.0,0.0,27.9,27.3,71.8,69.2,2.0,0.0,4.0,0.0,4.3,0.0,0.0,1.8
2500,490284,49,1,2,439.7,1399.1,196.4,1147.8,0.0,3.1,0.0,295.9,0.0,167.1,8.0,512.5,0.0,0.0,0.0,0.0,71.2,68.9,109.2,103.3,0.0,0.0,8.0,0.0,0.0,0.0,0.0,3.1
2501,490285,49,1,2,115.6,116.3,0.0,0.0,0.0,0.0,0.0,0.0,0.0,0.0,0.0,0.0,0.0,0.0,0.0,0.0,0.0,0.0,0.0,0.0,0.0,0.0,0.0,0.0,0.0,0.0,0.0,0.0
2502,490286,49,1,2,123.3,112.3,22.0,0.0,0.0,0.0,0.0,0.0,0.0,0.0,11.0,0.0,0.0,0.0,0.0,0.0,0.0,0.0,0.0,0.0,0.0,0.0,11.0,0.0,0.0,0.0,0.0,0.0
2503,490287,49,1,2,112.3,111.8,0.0,0.0,0.0,0.0,0.0,0.0,0.0,0.0,0.0,0.0,0.0,0.0,0.0,0.0,0.0,0.0,0.0,0.0,0.0,0.0,0.0,0.0,0.0,0.0,0.0,0.0
2504,490288,49,1,2,112.4,115.9,0.0,0.0,0.0,0.0,0.0,0.0,0.0,0.0,0.0,0.0,0.0,0.0,0.0,0.0,0.0,0.0,0.0,0.0,0.0,0.0,0.0,0.0,0.0,0.0,0.0,0.0
2505,490289,49,1,2,3776.0,2883.5,3564.0,2675.6,13.7,5.9,556.3,136.9,311.1,130.9,1964.7,1238.2,211.0,882.0,215.7,0.0,81.1,79.3,215.0,208.3,8.0,0.0,1.0,0.0,13.7,0.0,0.0,5.9
2506,490290,49,1,3,1709.2,1141.1,1554.2,985.7,6.0,3.6,246.7,71.8,131.1,98.0,815.1,624.0,79.0,0.0,80.8,0.0,57.7,56.5,139.7,135.4,3.0,0.0,1.0,0.0,6.0,0.0,0.0,3.6
2507,490291,49,1,4,2266.2,5187.2,1823.3,4732.6,0.0,16.8,0.0,591.8,0.0,1005.0,5.0,1366.2,0.0,0.0,0.0,0.0,554.2,543.2,1259.1,1226.3,0.0,0.0,5.0,0.0,0.0,0.0,0.0,16.8
2508,490292,49,1,4,2657.6,7290.5,2336.9,6946.2,0.0,25.4,0.0,587.7,0.0,2601.3,5.0,1489.3,0.0,0.0,0.0,0.0,559.5,547.8,1767.4,1720.0,0.0,0.0,5.0,0.0,0.0,0.0,0.0,25.4
2509,490293,49,1,3,6126.1,13322.4,5310.9,12456.9,0.0,55.3,0.0,1086.6,0.0,4211.2,7.0,2002.5,0.0,0.0,0.0,0.0,1439.1,1407.6,3857.8,3749.1,0.0,0.0,7.0,0.0,0.0,0.0,0.0,55.3
2510,490294,49,1,3,1772.7,2434.1,1579.5,2234.6,5.5,9.1,227.7,267.0,112.8,317.0,674.8,1201.4,47.2,0.0,48.3,0.0,140.4,137.1,321.4,312.1,6.0,0.0,1.0,0.0,5.5,0.0,0.0,9.1
2511,490295,49,1,4,8375.5,9633.7,7617.6,8866.9,23.0,35.5,973.9,1239.8,506.7,1059.9,2902.6,3825.7,202.1,0.0,206.3,0.0,915.9,897.6,1892.0,1844.0,11.0,0.0,7.0,0.0,23.0,0.0,0.0,35.5
2512,490296,49,1,4,3390.9,8618.3,2982.8,8184.7,0.1,32.7,3.2,657.3,2.4,3181.1,16.1,1461.9,1.5,0.0,1.6,0.0,711.5,697.0,2244.4,2187.3,0.0,0.0,2.0,0.0,0.1,0.0,0.0,32.7
2513,490297,49,1,3,8070.0,7137.0,7438.0,6499.1,24.7,30.5,1023.0,551.9,491.2,1216.1,2943.2,2304.1,222.1,0.0,227.0,0.0,726.0,710.6,1760.4,1716.4,42.0,0.0,3.0,0.0,24.7,0.0,0.0,30.5
2514,490298,49,1,3,12405.8,5205.4,11949.4,4770.9,49.1,16.6,2037.0,63.8,1079.6,53.8,6750.8,3965.7,664.7,0.0,678.4,0.0,199.9,196.2,505.0,491.3,32.0,0.0,2.0,0.0,49.1,0.0,0.0,16.6
2515,490299,49,1,4,2312.4,3555.8,2049.6,3298.8,7.0,7.3,290.2,395.3,155.7,65.7,956.0,1056.8,91.2,1333.4,93.5,0.0,172.2,169.0,285.9,278.5,4.0,0.0,1.0,0.0,7.0,0.0,0.0,7.3
2516,490300,49,1,4,6823.5,3951.8,6474.1,3624.3,29.0,13.3,1299.4,109.1,620.9,54.8,3508.1,2861.8,207.3,0.0,211.9,0.0,177.6,174.5,434.8,424.1,13.0,0.0,1.0,0.0,29.0,0.0,0.0,13.3
2517,490301,49,1,3,4025.1,2518.0,3787.1,2284.9,17.0,8.5,758.3,96.8,361.6,63.3,2046.8,1764.8,120.8,0.0,123.6,0.0,106.3,104.5,261.7,255.5,7.0,0.0,1.0,0.0,17.0,0.0,0.0,8.5
2518,490302,49,1,3,3532.4,1361.5,3356.0,1189.1,13.4,4.1,544.2,18.9,303.7,0.0,1917.0,1007.3,205.4,0.0,209.9,0.0,46.6,45.4,121.1,117.6,7.0,0.0,1.0,0.0,13.4,0.0,0.0,4.1
2519,490303,49,1,3,15582.7,7979.0,15031.1,7458.1,63.8,23.6,2539.4,160.1,1359.6,43.4,8490.6,4929.2,831.8,1421.8,848.8,0.0,271.7,266.5,654.2,637.1,33.0,0.0,2.0,0.0,63.8,0.0,0.0,23.6
2520,490304,49,1,3,5027.5,3681.8,4720.3,3376.4,21.5,14.4,928.6,184.5,445.7,223.9,2483.1,2415.2,141.1,0.0,144.3,0.0,155.9,152.7,409.7,400.1,11.0,0.0,1.0,0.0,21.5,0.0,0.0,14.4
2521,490305,49,1,3,96.2,95.5,0.0,0.0,0.0,0.0,0.0,0.0,0.0,0.0,0.0,0.0,0.0,0.0,0.0,0.0,0.0,0.0,0.0,0.0,0.0,0.0,0.0,0.0,0.0,0.0,0.0,0.0
2522,490306,49,1,3,5126.1,2014.0,4896.5,1792.4,19.4,6.0,790.5,111.0,427.7,5.5,2769.2,1434.3,296.7,0.0,302.9,0.0,69.0,67.8,178.5,173.9,61.0,0.0,1.0,0.0,19.4,0.0,0.0,6.0
2523,490307,49,1,3,11569.4,6495.6,11090.7,6000.2,54.0,27.6,2235.7,80.1,1057.4,106.4,6038.3,4899.2,355.5,0.0,362.9,0.0,262.0,257.4,672.8,657.2,75.0,0.0,31.0,0.0,54.0,0.0,0.0,27.6
2524,490308,49,1,3,3889.9,2303.2,3663.9,2075.1,18.0,9.9,736.8,81.7,354.7,62.8,1984.0,1610.5,114.8,0.0,117.5,0.0,88.7,87.3,238.5,232.7,27.0,0.0,2.0,0.0,18.0,0.0,0.0,9.9
2525,490309,49,1,3,2852.8,2080.9,2645.4,1869.4,11.4,9.4,440.7,126.3,218.9,255.3,1340.9,1083.7,111.8,0.0,114.6,0.0,108.6,106.8,303.9,297.4,5.0,0.0,1.0,0.0,11.4,0.0,0.0,9.4
2526,490310,49,1,2,416.3,1294.5,256.8,1127.2,0.0,5.5,0.0,192.8,0.0,223.7,0.0,459.9,0.0,0.0,0.0,0.0,71.7,70.5,185.1,180.3,0.0,0.0,0.0,0.0,0.0,0.0,0.0,5.5
2527,490311,49,1,3,105.2,101.0,18.0,0.0,0.0,0.0,0.0,0.0,0.0,0.0,9.0,0.0,0.0,0.0,0.0,0.0,0.0,0.0,0.0,0.0,0.0,0.0,9.0,0.0,0.0,0.0,0.0,0.0
2528,490312,49,1,3,2140.5,3947.7,1834.9,3623.0,4.4,15.5,184.6,371.2,88.2,473.7,502.1,1178.2,29.3,0.0,30.0,628.7,305.9,300.6,686.9,670.6,4.0,0.0,4.0,0.0,4.4,0.0,0.0,15.5
2529,490313,49,1,3,145.8,126.1,42.4,12.7,0.2,0.1,4.9,0.0,3.1,0.0,23.9,11.6,1.7,0.0,1.6,0.0,0.2,0.2,1.0,1.0,0.0,0.0,6.0,0.0,0.2,0.0,0.0,0.1
2530,490314,49,1,3,7397.4,3896.7,7062.5,3562.0,34.6,16.5,1441.0,23.2,687.5,0.0,3903.1,3017.8,232.5,0.0,237.4,0.0,150.1,147.6,381.9,373.3,22.0,0.0,7.0,0.0,34.6,0.0,0.0,16.5
2531,490315,49,1,2,569.5,1483.1,450.4,1347.2,0.0,5.9,0.0,183.8,0.0,487.9,13.0,259.7,0.0,0.0,0.0,0.0,98.7,97.4,325.7,318.3,0.0,0.0,13.0,0.0,0.0,0.0,0.0,5.9
2532,490316,49,1,3,99.3,99.9,6.0,0.0,0.0,0.0,0.0,0.0,0.0,0.0,3.0,0.0,0.0,0.0,0.0,0.0,0.0,0.0,0.0,0.0,0.0,0.0,3.0,0.0,0.0,0.0,0.0,0.0
2533,490317,49,1,3,935.5,2840.1,722.2,2593.3,0.0,12.0,0.0,442.1,0.0,470.0,21.0,1015.2,0.0,0.0,0.0,0.0,214.1,210.8,466.0,455.2,0.0,0.0,21.0,0.0,0.0,0.0,0.0,12.0
2534,490318,49,1,3,4215.2,1896.3,4002.0,1672.9,17.5,7.0,731.0,77.2,364.7,0.0,2241.1,1361.4,186.5,0.0,190.6,0.0,66.9,65.8,172.3,168.6,34.0,0.0,15.0,0.0,17.5,0.0,0.0,7.0
2535,490319,49,1,3,5353.4,3547.2,5091.9,3290.2,23.2,10.1,928.1,65.5,469.1,0.0,2813.2,1805.0,231.3,1072.6,236.3,0.0,108.0,106.5,246.0,240.6,59.0,0.0,1.0,0.0,23.2,0.0,0.0,10.1
2536,490320,49,1,3,2657.9,8423.1,2099.7,7838.2,0.0,33.4,0.0,1366.0,0.0,1390.1,2.0,3034.4,0.0,0.0,0.0,0.0,669.6,660.5,1426.0,1387.1,0.0,0.0,2.0,0.0,0.0,0.0,0.0,33.4
2537,490321,49,1,2,2737.0,1083.2,2528.1,868.3,11.6,4.1,431.1,8.8,225.7,0.0,1402.0,735.1,142.5,0.0,145.7,0.0,35.0,34.3,92.2,90.1,51.0,0.0,3.0,0.0,11.6,0.0,0.0,4.1
2538,490322,49,1,3,3404.6,1324.4,3218.6,1138.3,14.7,5.3,531.8,18.8,287.5,0.0,1826.1,946.8,191.9,0.0,196.1,0.0,51.4,50.3,124.8,122.3,8.0,0.0,1.0,0.0,14.7,0.0,0.0,5.3
2539,490323,49,1,3,755.6,325.7,639.3,204.1,2.8,1.0,99.5,4.7,55.9,0.0,344.3,172.2,34.7,0.0,35.5,0.0,6.9,6.9,20.5,20.2,40.0,0.0,2.0,0.0,2.8,0.0,0.0,1.0
2540,490324,49,1,3,3847.9,2962.5,3556.9,2660.0,17.0,14.6,639.3,289.1,312.4,108.8,1739.7,1738.0,106.3,0.0,108.8,0.0,176.2,173.4,356.1,350.8,110.0,0.0,8.0,0.0,17.0,0.0,0.0,14.6
2541,490325,49,1,3,4270.2,3034.2,4057.5,2825.0,18.9,7.5,631.0,59.7,358.7,0.0,2269.3,1141.2,252.2,1388.7,257.6,0.0,76.2,75.1,163.4,160.2,48.0,0.0,1.0,0.0,18.9,0.0,0.0,7.5
2542,490326,49,1,3,2233.4,1076.1,2096.7,937.5,10.3,4.8,396.2,1.5,186.8,0.0,1113.1,798.7,71.7,0.0,73.5,0.0,38.8,38.0,101.5,99.3,112.0,0.0,3.0,0.0,10.3,0.0,0.0,4.8
2543,490327,49,1,3,3997.0,4224.1,3614.5,3822.2,16.2,23.6,556.1,617.5,281.6,443.4,1711.0,2010.2,133.6,0.0,136.6,0.0,235.7,232.5,526.7,518.6,21.0,0.0,12.0,0.0,16.2,0.0,0.0,23.6
2544,490328,49,1,4,5300.8,2304.6,5050.6,2067.5,24.2,10.2,915.7,17.1,458.2,13.7,2805.7,1724.1,234.5,0.0,239.5,0.0,89.6,88.1,228.5,224.6,70.0,0.0,9.0,0.0,24.2,0.0,0.0,10.2
2545,490329,49,1,4,434.6,1187.3,299.8,1054.9,0.0,5.9,0.0,333.3,0.0,0.0,0.0,426.5,0.0,0.0,0.0,0.0,138.0,136.0,161.8,159.2,0.0,0.0,0.0,0.0,0.0,0.0,0.0,5.9
2546,490330,49,1,4,3111.8,1511.9,2930.2,1341.2,14.2,7.4,508.5,10.2,253.3,127.8,1591.5,924.9,141.0,0.0,144.2,0.0,68.9,68.1,213.8,210.2,7.0,0.0,2.0,0.0,14.2,0.0,0.0,7.4
2547,490331,49,1,4,667.2,1654.3,495.3,1475.0,0.0,8.8,0.0,200.4,0.0,258.8,6.0,539.6,0.0,0.0,0.0,0.0,144.4,142.6,338.9,333.5,0.0,0.0,6.0,0.0,0.0,0.0,0.0,8.8
2548,490332,49,1,4,390.8,1360.3,229.3,1201.1,0.0,6.6,0.0,344.0,0.0,152.7,1.0,480.5,0.0,0.0,0.0,0.0,69.4,68.6,158.0,155.2,0.0,0.0,1.0,0.0,0.0,0.0,0.0,6.6
2549,490333,49,1,4,1559.5,6937.1,999.3,6339.1,0.0,36.0,0.0,1806.3,0.0,439.9,16.0,3138.7,0.0,0.0,0.0,0.0,348.4,344.3,619.0,609.9,0.0,0.0,16.0,0.0,0.0,0.0,0.0,36.0
2550,490334,49,1,4,2780.1,11352.5,1971.2,10497.0,0.0,59.4,0.0,2467.8,0.0,1392.0,5.0,4401.9,0.0,302.7,0.0,0.0,596.8,589.4,1364.4,1343.2,0.0,0.0,5.0,0.0,0.0,0.0,0.0,59.4
2551,490335,49,1,4,262.4,1127.9,129.0,997.4,0.0,5.6,0.0,482.1,0.0,86.3,1.0,304.3,0.0,0.0,0.0,0.0,38.7,38.0,88.3,86.6,0.0,0.0,1.0,0.0,0.0,0.0,0.0,5.6
2552,490336,49,1,4,4095.4,9827.5,3346.5,9057.3,0.0,35.1,0.0,1329.1,0.0,765.7,2.0,2794.9,0.0,0.0,0.0,0.0,1118.4,1105.8,2224.0,2191.7,0.0,870.0,2.0,0.0,0.0,0.0,0.0,35.1
2553,490337,49,1,4,1289.9,8730.2,694.1,8096.9,0.0,47.0,0.0,3811.4,0.0,252.8,4.0,3356.1,0.0,0.0,0.0,0.0,259.0,255.9,427.0,420.6,0.0,0.0,4.0,0.0,0.0,0.0,0.0,47.0
2554,490338,49,1,4,2216.3,2061.9,2002.3,1847.6,8.1,8.9,317.4,220.4,160.0,179.0,972.2,1079.7,79.1,0.0,80.9,0.0,111.7,110.5,262.1,257.9,10.0,0.0,9.0,0.0,8.1,0.0,0.0,8.9
2555,490339,49,1,4,5784.6,5844.3,5287.4,5332.7,18.9,29.2,697.7,893.5,360.4,528.8,2247.2,2362.4,193.1,0.0,196.9,0.0,489.2,483.5,1079.8,1064.4,9.0,0.0,14.0,0.0,18.9,0.0,0.0,29.2
2556,490340,49,1,4,2727.2,4897.6,2254.1,4407.1,0.0,26.5,0.0,842.4,0.0,823.0,2.0,521.8,0.0,0.0,0.0,0.0,688.6,681.1,1561.5,1538.8,0.0,0.0,2.0,0.0,0.0,0.0,0.0,26.5
2557,490341,49,1,4,9951.1,8117.6,9422.8,7586.7,35.7,37.7,1395.1,1119.2,727.0,1222.1,4491.2,3311.5,393.0,0.0,400.5,0.0,506.7,501.7,1452.3,1432.2,42.0,0.0,15.0,0.0,35.7,0.0,0.0,37.7
2558,490342,49,1,3,163.7,235.7,115.5,160.1,0.1,0.9,2.7,21.2,1.7,37.8,37.8,58.6,0.6,0.0,0.6,0.0,9.9,9.7,33.3,32.8,0.0,0.0,29.0,0.0,0.1,0.0,0.0,0.9
2559,490343,49,1,3,3505.3,1452.2,3325.4,1245.9,14.3,4.5,577.3,2.1,293.4,0.0,1871.9,1071.7,177.7,0.0,181.6,0.0,49.1,48.0,128.4,124.2,19.0,0.0,27.0,0.0,14.3,0.0,0.0,4.5
2560,490344,49,1,3,121.1,801.9,25.2,697.2,0.1,0.0,1.5,0.0,1.3,0.0,14.0,3.7,1.1,637.1,1.1,56.2,0.0,0.0,0.2,0.2,0.0,0.0,6.0,0.0,0.1,0.0,0.0,0.0
2561,490345,49,1,2,4066.1,1798.1,3862.8,1589.8,19.1,7.1,709.6,3.1,352.7,0.0,2169.7,1355.6,177.7,0.0,181.7,0.0,65.6,64.6,169.7,166.6,27.0,0.0,9.0,0.0,19.1,0.0,0.0,7.1
2562,490346,49,1,2,2761.3,1250.4,2590.9,1080.6,14.0,5.9,482.2,1.7,233.4,0.0,1427.9,919.7,109.2,0.0,111.5,0.0,44.6,43.9,117.0,115.3,64.0,0.0,1.0,0.0,14.0,0.0,0.0,5.9
2563,490347,49,1,3,1505.8,744.0,1377.9,604.8,6.4,2.7,247.0,56.0,122.6,0.0,742.5,468.1,55.8,0.0,57.2,0.0,21.9,21.7,59.8,59.1,61.0,0.0,10.0,0.0,6.4,0.0,0.0,2.7
2564,490348,49,1,3,1951.3,900.5,1805.6,753.2,8.6,3.4,332.5,15.0,165.0,0.0,984.9,628.5,74.9,0.0,76.5,0.0,30.4,29.7,81.3,80.0,59.0,0.0,1.0,0.0,8.6,0.0,0.0,3.4
2565,490349,49,1,3,119.9,110.8,23.6,11.9,0.1,0.1,3.9,0.0,2.3,0.0,13.1,10.7,0.5,0.0,0.5,0.0,0.2,0.2,0.9,1.0,0.0,0.0,2.0,0.0,0.1,0.0,0.0,0.1
2566,490350,49,1,3,820.4,2705.7,362.8,2227.3,0.2,15.0,6.7,1063.8,3.7,106.6,27.8,745.8,1.4,0.0,1.4,0.0,173.4,171.1,141.5,140.0,0.0,0.0,7.0,0.0,0.2,0.0,0.0,15.0
2567,490351,49,1,3,1210.8,553.0,1094.5,425.1,5.1,2.1,188.3,7.8,93.6,0.0,566.0,356.6,42.1,0.0,43.3,0.0,16.4,16.4,45.0,44.4,92.0,0.0,8.0,0.0,5.1,0.0,0.0,2.1
2568,490352,49,1,3,4477.5,2011.0,4248.8,1786.0,23.7,10.4,802.1,16.8,395.5,0.0,2375.3,1496.4,182.0,0.0,185.5,0.0,77.0,75.9,198.4,196.8,31.0,0.0,2.0,0.0,23.7,0.0,0.0,10.4
2569,490353,49,1,3,320.1,1057.9,84.8,812.3,0.2,6.4,4.7,512.7,2.8,0.0,17.9,245.9,0.9,0.0,1.0,0.0,50.6,49.7,3.9,3.9,0.0,0.0,3.0,0.0,0.2,0.0,0.0,6.4
2570,490354,49,1,3,1551.2,5085.3,1069.5,4571.5,1.5,32.3,48.1,1219.6,23.9,450.4,131.3,2067.5,7.0,0.0,7.1,0.0,289.6,285.7,553.5,548.3,7.0,0.0,2.0,0.0,1.5,0.0,0.0,32.3
2571,490355,49,1,4,1971.5,5387.8,1457.4,4839.5,0.0,39.6,0.0,1569.7,0.0,1162.5,7.0,676.8,0.0,0.0,0.0,0.0,417.6,412.0,1025.8,1018.4,0.0,0.0,7.0,0.0,0.0,0.0,0.0,39.6
2572,490356,49,1,3,133.0,122.7,18.0,0.0,0.0,0.0,0.0,0.0,0.0,0.0,9.0,0.0,0.0,0.0,0.0,0.0,0.0,0.0,0.0,0.0,0.0,0.0,9.0,0.0,0.0,0.0,0.0,0.0
2573,490357,49,1,3,14359.4,6453.8,13784.6,5897.7,62.5,24.0,2402.7,322.0,1221.2,119.3,7700.9,4594.2,744.0,0.0,759.1,0.0,246.9,242.6,633.7,619.6,68.0,0.0,8.0,0.0,62.5,0.0,0.0,24.0
2574,490358,49,1,3,4862.2,1811.2,4635.1,1582.3,21.6,6.8,765.7,3.5,409.7,0.0,2623.0,1352.9,279.3,0.0,285.3,0.0,64.6,63.1,166.6,162.7,34.0,0.0,7.0,0.0,21.6,0.0,0.0,6.8
2575,490359,49,1,3,1168.1,2181.7,1032.0,2035.7,4.4,2.4,155.4,59.4,82.1,0.0,539.4,349.3,56.9,1533.4,58.2,0.0,35.5,34.5,60.5,59.1,37.0,0.0,7.0,0.0,4.4,0.0,0.0,2.4
2576,490360,49,1,3,5817.9,2802.1,5562.9,2542.1,26.9,13.0,942.4,64.4,484.1,217.0,3003.6,1765.0,270.8,0.0,276.4,0.0,127.6,125.3,377.0,370.3,72.0,0.0,9.0,0.0,26.9,0.0,0.0,13.0
2577,490361,49,1,3,4569.1,1432.0,4362.9,1224.2,19.7,6.4,628.2,2.1,359.6,0.0,2310.0,1043.2,264.7,0.0,270.3,0.0,50.5,49.6,131.6,129.2,343.0,0.0,5.0,0.0,19.7,0.0,0.0,6.4
2578,490362,49,1,3,3807.6,1753.5,3604.0,1544.3,20.2,8.8,679.5,3.1,343.2,0.0,2017.4,1312.1,152.6,0.0,155.8,0.0,64.8,63.7,167.8,165.4,15.0,0.0,8.0,0.0,20.2,0.0,0.0,8.8
2579,490363,49,1,3,4418.2,2016.4,4198.6,1792.1,21.0,8.4,791.2,22.8,395.2,0.0,2356.4,1500.5,180.5,0.0,183.9,0.0,76.3,75.2,196.2,193.6,12.0,0.0,7.0,0.0,21.0,0.0,0.0,8.4
2580,490364,49,1,3,2305.7,1060.8,2148.1,894.2,10.9,4.6,396.5,10.5,197.2,0.0,1174.9,752.1,89.3,0.0,91.4,0.0,36.7,35.9,97.2,95.7,64.0,0.0,1.0,0.0,10.9,0.0,0.0,4.6
2581,490365,49,1,3,4177.3,1860.4,3963.2,1637.4,19.3,8.2,707.8,29.9,353.5,3.7,2107.5,1357.6,161.2,0.0,164.6,0.0,70.7,69.5,178.8,176.6,214.0,0.0,5.0,0.0,19.3,0.0,0.0,8.2
2582,490366,49,1,3,5676.0,2624.6,5412.4,2347.6,29.4,12.8,1016.4,42.8,508.4,3.7,3035.9,1948.2,231.7,0.0,236.5,0.0,101.9,100.2,255.6,252.7,10.0,0.0,16.0,0.0,29.4,0.0,0.0,12.8
2583,490367,49,1,3,5219.6,2371.1,4971.1,2123.7,27.2,11.9,937.4,23.2,462.3,3.7,2785.2,1772.6,213.4,0.0,217.8,0.0,92.6,91.2,235.5,232.8,18.0,0.0,9.0,0.0,27.2,0.0,0.0,11.9
2584,490368,49,1,3,3006.9,1357.8,2841.0,1171.9,15.3,6.7,517.3,14.5,257.9,0.0,1549.7,984.0,117.8,0.0,120.2,0.0,48.6,47.8,127.5,125.5,88.0,0.0,14.0,0.0,15.3,0.0,0.0,6.7
2585,490369,49,1,3,1607.4,758.8,1483.0,611.9,7.9,3.5,272.2,7.1,135.5,0.0,822.2,515.7,61.7,0.0,63.3,0.0,24.4,24.2,65.6,64.9,24.0,0.0,14.0,0.0,7.9,0.0,0.0,3.5
2586,490370,49,1,3,2156.0,1042.4,2014.3,874.9,10.7,4.7,381.8,14.2,194.4,0.0,1127.7,733.3,78.9,0.0,80.8,0.0,36.3,35.4,93.4,92.1,3.0,0.0,18.0,0.0,10.7,0.0,0.0,4.7
2587,490371,49,1,3,132.0,171.2,33.5,61.4,0.1,0.4,2.4,6.2,1.6,13.6,8.4,22.1,0.3,0.0,0.4,0.0,4.4,4.4,15.0,15.0,0.0,0.0,1.0,0.0,0.1,0.0,0.0,0.4
2588,490372,49,1,3,129.4,120.7,41.9,12.5,0.1,0.1,3.9,0.0,2.3,0.0,22.4,11.2,0.5,0.0,0.6,0.0,0.2,0.2,1.0,1.0,0.0,0.0,11.0,0.0,0.1,0.0,0.0,0.1
2589,490373,49,1,3,10219.0,3560.8,9858.5,3222.4,42.8,13.0,1561.5,7.3,869.0,0.0,5634.3,2750.2,640.5,0.0,653.0,0.0,133.6,131.2,341.4,333.6,23.0,0.0,2.0,0.0,42.8,0.0,0.0,13.0
2590,490374,49,1,3,1617.4,822.6,1458.8,655.8,6.8,3.0,252.5,17.7,129.9,25.5,810.0,511.4,77.2,0.0,78.8,0.0,28.1,27.6,75.4,73.6,3.0,0.0,4.0,0.0,6.8,0.0,0.0,3.0
2591,490375,49,1,3,959.5,1586.5,825.0,1442.6,3.9,1.9,131.6,35.5,69.4,0.0,452.9,280.4,47.8,1058.9,49.0,0.0,24.4,24.0,44.8,43.8,2.0,0.0,3.0,0.0,3.9,0.0,0.0,1.9
2592,490376,49,1,3,2187.3,1174.6,1997.5,975.1,9.4,4.9,323.7,143.1,172.4,4.8,1106.9,680.2,117.1,0.0,119.6,0.0,52.8,51.7,97.1,95.3,4.0,0.0,4.0,0.0,9.4,0.0,0.0,4.9
2593,490377,49,1,3,4380.9,1665.1,4143.2,1417.9,20.3,7.4,667.9,94.4,375.1,0.0,2357.0,1118.8,256.3,0.0,261.8,0.0,68.5,66.8,140.6,138.0,7.0,0.0,9.0,0.0,20.3,0.0,0.0,7.4
2594,490378,49,1,3,2602.5,1071.5,2422.0,886.4,11.9,4.9,383.7,20.9,213.2,24.3,1368.2,702.9,152.8,0.0,156.0,0.0,38.7,37.7,102.4,100.6,5.0,0.0,2.0,0.0,11.9,0.0,0.0,4.9
2595,490379,49,1,3,1540.5,740.5,1401.6,595.9,8.0,3.4,267.7,4.2,132.6,0.0,790.2,506.1,58.0,0.0,59.4,0.0,23.4,23.1,63.3,62.4,2.0,0.0,5.0,0.0,8.0,0.0,0.0,3.4
2596,490380,49,1,3,9442.1,10913.8,8533.9,9978.3,33.4,49.4,1252.5,1382.1,619.1,892.0,3731.2,5413.8,284.5,0.0,290.5,0.0,757.1,743.5,1577.9,1546.9,15.0,0.0,6.0,0.0,33.4,0.0,0.0,49.4
2597,490381,49,1,3,5186.0,2452.2,4940.2,2200.4,25.3,10.5,930.9,47.5,459.4,4.8,2774.8,1824.7,210.2,0.0,214.6,0.0,96.4,95.1,232.8,228.2,11.0,0.0,10.0,0.0,25.3,0.0,0.0,10.5
2598,490382,49,1,3,5245.0,3165.6,4989.2,2909.5,24.9,11.4,838.4,93.3,463.5,32.6,2765.8,1655.4,261.4,787.4,266.9,0.0,105.3,103.9,240.9,237.0,43.0,0.0,4.0,0.0,24.9,0.0,0.0,11.4
2599,490383,49,1,3,2061.5,1800.0,1919.3,1653.2,9.1,10.0,321.6,134.4,167.1,148.3,893.2,939.9,46.9,0.0,48.0,0.0,131.2,128.8,306.2,301.8,3.0,0.0,2.0,0.0,9.1,0.0,0.0,10.0
2600,490384,49,1,3,2351.1,3879.6,2110.2,3620.7,7.2,24.0,244.4,437.3,126.9,687.3,682.3,1530.9,36.2,0.0,37.1,0.0,259.1,255.2,720.1,710.1,2.0,0.0,2.0,0.0,7.2,0.0,0.0,24.0
2601,490385,49,1,4,4210.6,4581.0,3766.2,4131.3,17.7,26.3,599.6,976.8,298.7,389.7,1790.9,1979.7,134.6,0.0,137.4,0.0,285.3,281.0,510.6,504.0,6.0,0.0,3.0,0.0,17.7,0.0,0.0,26.3
2602,490386,49,1,4,2565.2,5448.4,2123.2,4971.1,1.1,36.1,33.0,829.1,17.5,1018.1,108.7,1207.9,7.3,0.0,7.4,0.0,566.8,558.9,1374.5,1357.1,0.0,0.0,8.0,0.0,1.1,0.0,0.0,36.1
2603,490387,49,1,4,989.9,2974.4,677.0,2645.7,0.0,18.0,0.0,703.7,0.0,327.5,6.0,958.2,0.0,0.0,0.0,0.0,227.9,224.7,437.2,431.6,0.0,0.0,6.0,0.0,0.0,0.0,0.0,18.0
2604,490388,49,1,4,2875.9,2486.1,2645.4,2254.5,13.5,15.2,438.5,149.0,222.8,269.0,1292.2,1351.2,94.4,0.0,96.4,0.0,130.9,128.7,361.1,356.7,4.0,0.0,5.0,0.0,13.5,0.0,0.0,15.2
2605,490389,49,1,3,5046.7,2203.4,4757.4,1919.2,21.7,8.3,827.6,60.6,418.5,38.2,2660.4,1530.5,267.5,0.0,273.3,0.0,84.7,83.1,211.4,206.8,13.0,0.0,1.0,0.0,21.7,0.0,0.0,8.3
2606,490390,49,1,3,2475.5,4493.7,2280.1,4291.9,9.5,8.0,326.0,149.8,177.1,166.9,1102.3,765.3,112.1,0.0,114.6,2776.1,137.2,134.9,304.8,298.8,5.0,0.0,1.0,0.0,9.5,0.0,0.0,8.0
2607,490391,49,1,3,1645.2,809.5,1500.3,660.1,7.2,3.4,245.4,30.9,130.2,43.1,828.4,472.0,84.5,0.0,86.4,0.0,31.2,30.6,85.3,83.5,9.0,0.0,0.0,0.0,7.2,0.0,0.0,3.4
2608,490392,49,1,3,942.9,1556.4,827.9,1419.5,2.8,8.6,98.8,147.9,50.4,257.4,288.5,679.3,15.3,0.0,15.5,0.0,90.6,89.0,249.9,245.8,5.0,0.0,14.0,0.0,2.8,0.0,0.0,8.6
2609,490393,49,1,3,3451.0,5847.5,2972.6,5335.6,10.5,33.6,370.5,926.7,189.5,345.6,1019.1,2812.6,52.4,0.0,53.6,0.0,456.8,449.9,812.7,800.8,7.0,0.0,11.0,0.0,10.5,0.0,0.0,33.6
2610,490394,49,1,4,2720.3,2944.8,2439.0,2653.7,11.9,16.1,418.6,569.1,210.4,59.8,1185.7,1557.6,70.2,0.0,71.8,0.0,189.5,187.1,283.9,280.1,2.0,0.0,7.0,0.0,11.9,0.0,0.0,16.1
2611,490395,49,1,4,2842.0,8296.6,2470.3,7892.7,6.1,30.0,198.1,759.0,100.1,557.7,607.0,1518.3,43.7,0.0,44.7,3617.6,474.4,468.1,984.3,972.0,2.0,0.0,16.0,0.0,6.1,0.0,0.0,30.0
2612,490396,49,1,3,2320.8,2069.1,2161.9,1904.7,9.6,4.8,345.6,92.5,182.4,0.0,1168.1,722.0,118.2,695.9,121.0,215.7,64.7,63.5,117.8,115.2,41.0,0.0,3.0,0.0,9.6,0.0,0.0,4.8
2613,490397,49,1,3,3133.6,2627.6,2952.8,2446.2,14.0,5.7,488.9,58.9,258.5,0.0,1650.7,934.2,166.8,1255.3,170.6,0.0,65.3,64.2,136.0,133.7,14.0,0.0,2.0,0.0,14.0,0.0,0.0,5.7
2614,490398,49,1,3,1662.1,1614.2,1534.2,1462.1,6.8,8.0,250.6,173.5,125.2,125.4,729.8,861.8,43.2,0.0,44.3,0.0,96.6,95.4,209.5,206.1,15.0,0.0,20.0,0.0,6.8,0.0,0.0,8.0
2615,490399,49,1,3,2717.1,1492.7,2573.0,1344.0,13.7,7.5,479.6,39.8,247.1,22.1,1411.4,1071.8,93.8,0.0,96.0,0.0,61.7,60.7,152.3,149.6,25.0,0.0,6.0,0.0,13.7,0.0,0.0,7.5
2616,490400,49,1,3,3572.7,6395.1,3186.9,5973.1,11.8,36.7,393.4,1390.7,202.8,624.7,1163.6,2079.8,76.6,644.8,78.3,0.0,411.5,405.3,839.7,827.9,10.0,0.0,11.0,0.0,11.8,0.0,0.0,36.7
2617,490401,49,1,3,5813.9,2408.0,5547.3,2139.4,28.9,11.9,999.3,10.1,528.3,0.0,3112.6,1804.9,269.0,0.0,274.7,0.0,93.0,91.7,236.4,232.7,28.0,0.0,6.0,0.0,28.9,0.0,0.0,11.9
2618,490402,49,1,4,4953.5,9403.7,4165.7,8581.7,14.6,51.1,540.4,2648.4,261.0,987.5,1516.1,3335.9,97.9,0.0,100.1,0.0,511.4,504.8,1121.9,1105.2,12.0,0.0,5.0,0.0,14.6,0.0,0.0,51.1
2619,490403,49,1,3,310.0,680.1,203.4,558.8,0.2,3.7,4.8,101.4,2.9,134.4,28.2,172.9,1.2,0.0,1.2,0.0,39.5,38.9,113.5,111.2,0.0,0.0,12.0,0.0,0.2,0.0,0.0,3.7
2620,490404,49,1,3,3883.6,1691.3,3694.1,1488.9,18.3,7.6,679.1,3.4,337.3,0.0,2040.4,1259.8,156.3,0.0,159.8,0.0,64.0,63.0,165.2,162.6,79.0,0.0,13.0,0.0,18.3,0.0,0.0,7.6
2621,490405,49,1,3,4434.8,1611.3,4214.4,1349.3,20.5,7.1,708.4,10.7,374.5,0.0,2379.1,1135.9,243.7,0.0,248.7,0.0,57.2,56.2,148.7,146.5,17.0,0.0,37.0,0.0,20.5,0.0,0.0,7.1
2622,490406,49,1,3,3168.6,1218.2,2956.8,994.7,13.6,4.8,509.9,4.6,268.3,0.0,1665.1,841.0,168.3,0.0,172.0,0.0,42.1,41.1,109.9,108.0,15.0,0.0,6.0,0.0,13.6,0.0,0.0,4.8
2623,490407,49,1,4,1178.2,4393.6,717.6,3901.1,0.0,23.3,0.0,1602.5,0.0,132.0,21.0,1500.4,0.0,0.0,0.0,0.0,305.8,302.0,369.8,364.1,0.0,0.0,21.0,0.0,0.0,0.0,0.0,23.3
2624,490408,49,1,4,7301.5,3282.1,7005.7,2989.7,34.3,14.8,1338.6,6.2,660.0,0.0,3923.2,2524.9,282.3,0.0,288.3,0.0,130.9,129.4,334.5,329.1,26.0,0.0,22.0,0.0,34.3,0.0,0.0,14.8
2625,490409,49,1,4,4764.5,2089.8,4500.3,1837.1,20.4,9.0,734.5,76.8,400.7,43.3,2515.0,1386.8,269.2,25.2,275.1,22.5,82.9,81.9,203.9,200.6,11.0,0.0,8.0,0.0,20.4,0.0,0.0,9.0
2626,490410,49,1,3,6991.6,3655.4,6674.3,3331.6,30.3,11.8,1099.2,102.0,599.5,3.9,3753.0,1930.2,402.0,933.0,410.4,0.0,111.0,109.8,257.1,252.7,34.0,0.0,8.0,0.0,30.3,0.0,0.0,11.8
2627,490411,49,1,3,2139.9,5339.5,1932.2,5119.2,8.1,5.5,313.3,174.7,163.9,0.0,1003.6,726.1,97.6,0.0,99.7,3974.6,97.4,95.7,150.8,148.0,5.0,0.0,1.0,0.0,8.1,0.0,0.0,5.5
2628,490412,49,1,3,3047.0,1247.8,2875.2,1074.3,13.2,4.8,511.0,3.2,287.1,0.0,1622.1,909.2,136.2,0.0,139.1,0.0,45.7,44.8,119.9,117.1,13.0,0.0,1.0,0.0,13.2,0.0,0.0,4.8
2629,490413,49,1,4,2910.4,5473.1,2321.3,4864.9,0.0,29.7,0.0,732.5,0.0,745.7,3.0,1103.5,0.0,0.0,0.0,0.0,733.7,724.9,1581.5,1558.3,0.0,0.0,3.0,0.0,0.0,0.0,0.0,29.7
2630,490414,49,1,4,3084.6,10995.9,2319.4,10183.4,0.0,58.2,0.0,2687.9,0.0,1507.0,6.0,3713.6,0.0,0.0,0.0,0.0,692.3,683.8,1615.0,1591.1,0.0,0.0,6.0,0.0,0.0,0.0,0.0,58.2
2631,490415,49,1,4,2682.5,7360.6,2076.1,6726.4,0.1,32.5,2.3,1060.5,1.9,735.4,16.6,1996.8,0.3,918.3,0.3,0.0,655.0,646.9,1389.7,1368.6,0.0,0.0,10.0,0.0,0.1,0.0,0.0,32.5
2632,490416,49,1,4,2520.2,1555.7,2261.4,1306.9,10.1,6.3,370.7,119.6,199.9,16.6,1265.8,1031.3,136.5,0.0,139.6,0.0,49.7,49.0,92.3,90.4,6.0,0.0,1.0,0.0,10.1,0.0,0.0,6.3
2633,490417,49,1,3,5942.0,2909.9,5587.5,2546.8,23.7,12.5,878.4,235.7,479.4,87.0,2995.3,1664.8,319.7,0.0,326.3,0.0,180.1,177.5,388.4,381.8,15.0,0.0,5.0,0.0,23.7,0.0,0.0,12.5
2634,490418,49,1,3,3147.3,1876.0,2943.7,1665.0,14.3,7.4,595.3,60.8,314.9,0.0,1625.7,1382.2,85.1,0.0,86.9,0.0,65.4,64.4,160.5,157.6,6.0,0.0,4.0,0.0,14.3,0.0,0.0,7.4
2635,490419,49,1,3,2624.5,3680.8,2375.7,3420.6,9.1,11.8,351.8,369.8,201.5,224.8,1116.0,1314.6,92.1,865.8,94.0,141.1,162.1,159.6,352.1,344.9,5.0,0.0,1.0,0.0,9.1,0.0,0.0,11.8
2636,490420,49,1,3,4078.9,7671.2,3559.7,7111.9,3.7,37.0,149.8,856.8,76.9,1849.1,469.4,1684.9,41.2,0.0,42.2,0.0,722.7,711.8,2052.5,2009.2,2.0,0.0,3.0,0.0,3.7,0.0,0.0,37.0
2637,490421,49,1,4,2478.2,5915.6,1988.4,5398.6,0.0,32.0,0.0,2156.2,0.0,614.3,9.0,684.0,0.0,0.0,0.0,0.0,623.2,616.1,1347.2,1328.0,0.0,0.0,9.0,0.0,0.0,0.0,0.0,32.0
2638,490422,49,1,4,4978.0,11055.9,4362.4,10383.7,0.0,60.1,0.0,996.2,0.0,3155.4,14.0,1957.2,0.0,0.0,0.0,0.0,1087.5,1074.5,3246.9,3200.4,0.0,0.0,14.0,0.0,0.0,0.0,0.0,60.1
2639,490423,49,1,4,5064.6,9570.4,4332.3,8795.0,0.0,47.5,0.0,995.4,0.0,2058.2,13.0,864.8,0.0,564.7,0.0,65.4,1229.6,1214.6,3076.7,3031.8,0.0,0.0,13.0,0.0,0.0,0.0,0.0,47.5
2640,490424,49,1,4,1554.9,6060.9,1192.3,5678.4,0.0,31.4,0.0,2179.0,0.0,852.1,2.0,1475.8,0.0,0.0,0.0,0.0,325.4,321.6,862.8,849.9,0.0,0.0,2.0,0.0,0.0,0.0,0.0,31.4
2641,490425,49,1,4,7473.5,3541.3,7160.9,3218.3,34.0,14.6,1412.5,26.0,692.6,0.0,3971.5,2697.7,261.7,0.0,267.3,0.0,141.4,139.5,360.8,355.1,17.0,0.0,36.0,0.0,34.0,0.0,0.0,14.6
2642,490426,49,1,4,5680.2,2961.7,5386.6,2667.1,25.1,11.8,1058.8,144.5,510.3,21.8,2976.2,2098.7,201.0,0.0,205.2,0.0,115.6,114.2,292.6,287.9,13.0,0.0,14.0,0.0,25.1,0.0,0.0,11.8
2643,490427,49,1,3,278.2,4300.0,158.3,4169.4,0.0,2.5,0.0,165.0,0.0,0.0,6.0,205.6,0.0,1169.6,0.0,2485.4,67.3,66.4,79.1,77.6,0.0,0.0,6.0,0.0,0.0,0.0,0.0,2.5
2644,490428,49,1,2,131.2,130.5,16.0,0.0,0.0,0.0,0.0,0.0,0.0,0.0,8.0,0.0,0.0,0.0,0.0,0.0,0.0,0.0,0.0,0.0,0.0,0.0,8.0,0.0,0.0,0.0,0.0,0.0
2645,490429,49,1,2,1048.7,3411.2,359.1,2706.9,0.0,14.1,0.0,2349.9,0.0,0.0,2.0,6.4,0.0,0.0,0.0,0.0,355.0,350.5,0.0,0.0,0.0,0.0,2.0,0.0,0.0,0.0,0.0,14.1
2646,490430,49,1,4,1561.7,5322.4,1231.4,4956.3,0.0,25.4,0.0,983.1,0.0,973.4,22.0,1828.1,0.0,0.0,0.0,0.0,298.2,294.7,889.2,876.9,0.0,0.0,22.0,0.0,0.0,0.0,0.0,25.4
2647,490431,49,1,4,7376.8,3165.5,7073.3,2877.3,32.9,13.2,1320.1,5.9,665.4,0.0,3976.7,2424.2,312.5,0.0,319.1,0.0,127.7,125.9,325.8,321.2,15.0,0.0,11.0,0.0,32.9,0.0,0.0,13.2
2648,490432,49,1,4,3756.5,2633.0,3523.1,2404.6,15.0,11.8,623.1,180.0,294.3,278.9,1753.5,1357.1,119.8,0.0,122.5,0.0,162.5,160.5,434.4,427.9,7.0,0.0,6.0,0.0,15.0,0.0,0.0,11.8
2649,490433,49,1,4,1252.4,607.7,1123.5,477.3,4.9,1.9,220.5,0.9,103.1,0.0,627.8,405.5,42.4,0.0,43.5,0.0,19.1,19.0,53.1,52.0,5.0,0.0,9.0,0.0,4.9,0.0,0.0,1.9
2650,490434,49,1,3,110.9,109.2,26.8,10.4,0.0,0.1,0.0,2.3,0.0,3.7,12.0,1.6,0.0,0.0,0.0,0.0,0.5,0.5,2.4,2.3,0.0,0.0,12.0,0.0,0.0,0.0,0.0,0.1
2651,490435,49,1,3,2829.2,1206.4,2666.9,1034.3,12.3,4.9,491.8,1.5,239.8,0.0,1481.0,872.5,115.9,0.0,118.6,0.0,45.1,44.4,117.7,115.9,45.0,0.0,12.0,0.0,12.3,0.0,0.0,4.9
2652,490436,49,1,3,3936.5,2978.5,3717.9,2758.8,16.9,7.4,729.2,54.9,343.4,0.0,2054.8,1387.8,140.7,1033.4,143.9,0.0,86.8,85.7,200.1,197.0,11.0,0.0,8.0,0.0,16.9,0.0,0.0,7.4
2653,490437,49,1,2,326.6,696.8,155.6,512.9,0.0,2.7,0.0,157.0,0.0,120.3,3.0,88.1,0.0,0.0,0.0,0.0,45.4,45.0,104.2,102.6,0.0,0.0,3.0,0.0,0.0,0.0,0.0,2.7
2654,490438,49,1,3,10947.2,4300.8,10480.0,3839.4,46.0,16.7,1931.6,57.3,919.6,0.0,5756.1,3183.5,502.9,0.0,513.0,0.0,170.8,168.9,435.9,429.6,242.0,0.0,8.0,0.0,46.0,0.0,0.0,16.7
2655,490439,49,1,3,2789.0,1302.1,2611.4,1118.8,11.8,4.8,508.1,1.9,239.4,0.0,1428.8,946.1,97.1,0.0,99.3,0.0,48.1,47.4,125.5,123.4,59.0,0.0,6.0,0.0,11.8,0.0,0.0,4.8
2656,490440,49,1,3,162.0,148.5,24.0,0.0,0.0,0.0,0.0,0.0,0.0,0.0,12.0,0.0,0.0,0.0,0.0,0.0,0.0,0.0,0.0,0.0,0.0,0.0,12.0,0.0,0.0,0.0,0.0,0.0
2657,490441,49,1,3,3744.5,5847.2,3346.1,5412.0,6.6,43.5,208.8,526.6,108.8,1413.7,595.7,1144.4,33.9,0.0,34.8,0.0,620.5,611.5,1734.6,1715.8,6.0,0.0,3.0,0.0,6.6,0.0,0.0,43.5
2658,490442,49,1,4,3991.9,4092.1,3708.6,3811.8,20.1,18.5,674.9,365.9,350.5,112.4,1908.8,1921.6,109.1,872.5,111.5,0.0,185.7,183.0,360.1,356.5,7.0,0.0,1.0,0.0,20.1,0.0,0.0,18.5
2659,490443,49,1,4,2054.8,4739.8,1536.5,4197.4,4.2,28.8,140.8,1012.5,73.9,471.1,405.5,1858.7,22.8,0.0,23.3,0.0,299.9,295.7,565.3,559.3,0.0,0.0,5.0,0.0,4.2,0.0,0.0,28.8
2660,490444,49,1,4,9386.5,7517.7,8674.1,6795.3,41.0,50.6,1226.8,1129.2,645.2,488.8,3786.4,2795.6,291.5,0.0,297.4,0.0,768.1,757.9,1636.6,1623.8,15.0,0.0,7.0,0.0,41.0,0.0,0.0,50.6
2661,490445,49,1,4,7733.6,10550.4,6766.8,9534.1,15.8,65.1,555.3,1368.6,280.8,1531.6,1516.3,2458.3,80.7,0.0,82.6,0.0,1300.9,1284.2,2926.1,2891.3,17.0,0.0,7.0,0.0,15.8,0.0,0.0,65.1
2662,490446,49,1,4,6777.4,14574.1,6075.1,13790.5,0.0,88.2,0.0,1130.2,0.0,4492.1,4.0,2174.4,0.0,0.0,0.0,0.0,1473.8,1454.4,4593.3,4539.4,0.0,0.0,4.0,0.0,0.0,0.0,0.0,88.2
2663,490447,49,1,4,8650.1,13046.8,7803.0,12128.7,7.3,82.8,260.7,1052.1,131.2,3614.0,711.1,921.3,37.8,0.0,38.8,0.0,1763.2,1739.7,4855.2,4801.5,2.0,0.0,3.0,0.0,7.3,0.0,0.0,82.8
2664,490448,49,1,4,6513.4,9517.4,5690.0,8657.4,19.1,59.9,647.1,1317.8,332.1,1189.1,1754.5,3417.7,89.5,0.0,91.7,0.0,840.8,828.8,1925.3,1904.1,7.0,0.0,2.0,0.0,19.1,0.0,0.0,59.9
2665,490449,49,1,4,2759.2,8002.0,2029.1,7225.7,0.8,50.4,27.9,1738.0,15.2,1128.8,83.6,2491.1,4.3,0.0,4.4,0.0,604.2,595.8,1285.4,1272.0,0.0,0.0,4.0,0.0,0.8,0.0,0.0,50.4
2666,490450,49,1,4,3327.9,5380.8,2851.5,4871.4,8.0,35.3,272.0,837.9,146.7,754.0,688.0,1612.4,24.3,0.0,24.8,0.0,509.9,502.9,1174.7,1164.0,2.0,0.0,9.0,0.0,8.0,0.0,0.0,35.3
2667,490451,49,1,4,3086.0,2622.3,2839.4,2376.2,14.6,14.6,492.0,425.6,251.1,91.0,1443.6,1422.3,97.9,0.0,100.2,0.0,153.7,151.4,289.0,285.8,9.0,0.0,3.0,0.0,14.6,0.0,0.0,14.6
2668,490452,49,1,4,2373.2,4227.7,2020.5,3865.6,9.8,19.9,348.8,712.0,186.1,117.8,861.8,1778.1,32.7,721.2,33.4,0.0,214.5,211.4,328.2,325.0,13.0,0.0,2.0,0.0,9.8,0.0,0.0,19.9
2669,490453,49,1,4,8243.5,5264.1,7793.6,4825.3,34.4,27.1,1164.2,399.6,652.9,420.5,3965.6,2796.8,378.4,0.0,385.6,0.0,357.3,352.0,866.6,856.3,20.0,0.0,3.0,0.0,34.4,0.0,0.0,27.1
2670,490454,49,1,4,5375.1,5691.5,5007.3,5320.1,24.4,23.8,863.2,591.9,445.4,13.1,2561.2,2978.4,177.2,984.8,181.1,0.0,302.2,297.5,460.0,454.5,12.0,0.0,5.0,0.0,24.4,0.0,0.0,23.8
2671,490455,49,1,3,5862.1,2946.8,5575.3,2659.5,29.6,15.9,950.1,189.0,527.7,37.5,3050.4,2015.5,248.1,0.0,253.4,0.0,132.2,130.3,290.4,287.1,114.0,0.0,9.0,0.0,29.6,0.0,0.0,15.9
2672,490456,49,1,4,4015.3,3072.7,3767.9,2818.3,19.1,16.3,667.9,221.8,361.4,110.3,1988.8,2031.1,128.8,0.0,131.6,0.0,144.3,142.4,317.1,312.8,15.0,0.0,13.0,0.0,19.1,0.0,0.0,16.3
2673,490457,49,1,4,10993.3,13441.7,10112.6,12511.4,28.6,85.0,924.1,1338.4,496.9,3106.0,3103.3,3219.5,326.0,0.0,332.3,0.0,1269.2,1251.7,3641.8,3595.7,11.0,0.0,8.0,0.0,28.6,0.0,0.0,85.0
2674,490458,49,1,3,7187.7,2841.4,6894.3,2550.3,35.0,13.7,1210.9,24.2,646.7,0.0,3883.5,2139.9,349.2,0.0,356.3,0.0,110.6,109.0,281.1,277.1,46.0,0.0,10.0,0.0,35.0,0.0,0.0,13.7
2675,490459,49,1,3,3576.7,1526.7,3380.0,1318.4,17.4,7.0,619.5,2.4,320.5,0.0,1881.8,1116.8,151.4,0.0,154.6,0.0,56.1,55.2,146.1,144.1,37.0,0.0,13.0,0.0,17.4,0.0,0.0,7.0
2676,490460,49,1,3,3222.8,1387.4,3045.5,1191.7,15.9,6.4,557.9,2.1,293.7,0.0,1703.6,1010.2,133.9,0.0,136.8,0.0,50.5,49.5,132.0,129.9,18.0,0.0,19.0,0.0,15.9,0.0,0.0,6.4
2677,490461,49,1,3,4240.5,2008.8,4012.6,1773.1,21.4,9.8,704.7,38.3,385.0,3.6,2258.0,1495.0,197.0,0.0,201.3,0.0,70.3,69.2,169.3,167.0,16.0,0.0,11.0,0.0,21.4,0.0,0.0,9.8
2678,490462,49,1,3,3163.8,2374.9,3003.2,2196.1,15.2,7.5,537.6,58.3,278.6,0.0,1650.0,1084.8,125.8,822.9,128.7,0.0,74.1,73.2,159.4,156.9,29.0,0.0,20.0,0.0,15.2,0.0,0.0,7.5
2679,490463,49,1,3,2655.2,3655.6,2514.8,3511.5,12.7,7.8,451.8,114.7,241.5,0.0,1358.8,1048.1,92.8,0.0,94.8,2087.9,92.4,90.8,172.7,169.9,5.0,0.0,5.0,0.0,12.7,0.0,0.0,7.8
2680,490464,49,1,3,2858.5,1098.4,2681.1,919.0,13.2,4.7,459.4,1.5,246.6,0.0,1521.0,780.6,149.4,0.0,152.6,0.0,38.3,37.5,100.7,99.4,11.0,0.0,2.0,0.0,13.2,0.0,0.0,4.7
2681,490465,49,1,3,6868.7,2463.6,6573.2,2166.5,31.0,10.3,1101.3,4.5,593.5,0.0,3668.2,1832.8,377.0,0.0,384.7,0.0,93.8,92.5,240.7,236.7,104.0,0.0,10.0,0.0,31.0,0.0,0.0,10.3
2682,490466,49,1,3,5152.3,6398.3,4870.6,6104.0,22.8,12.4,826.5,247.9,428.5,0.0,2615.6,1723.8,245.1,1059.6,250.3,2600.8,174.0,171.3,305.6,300.6,16.0,0.0,9.0,0.0,22.8,0.0,0.0,12.4
2683,490467,49,1,3,3009.7,1035.3,2828.4,841.8,13.0,4.4,442.5,1.5,244.3,0.0,1532.6,715.1,161.9,0.0,165.5,0.0,34.9,34.2,92.6,91.0,143.0,0.0,11.0,0.0,13.0,0.0,0.0,4.4
2684,490468,49,1,3,2735.4,1390.4,2600.4,1246.7,13.4,6.4,507.9,3.3,254.1,0.0,1413.7,1056.2,79.6,0.0,81.4,0.0,52.7,51.8,137.9,135.3,63.0,0.0,10.0,0.0,13.4,0.0,0.0,6.4
2685,490469,49,1,2,3315.3,1589.6,3113.4,1379.9,14.7,6.8,546.0,204.4,279.3,0.0,1683.5,998.0,139.4,0.0,142.6,0.0,50.0,49.1,130.6,128.4,132.0,0.0,10.0,0.0,14.7,0.0,0.0,6.8
2686,490470,49,1,2,5158.3,1868.7,4909.6,1608.6,23.3,7.6,832.8,5.0,448.7,0.0,2770.6,1360.1,281.4,0.0,287.3,0.0,69.1,68.2,178.7,175.4,26.0,0.0,15.0,0.0,23.3,0.0,0.0,7.6
2687,490471,49,1,2,4106.9,2527.6,3876.3,2285.5,17.3,6.5,634.6,63.4,336.1,0.0,2041.8,1114.5,197.7,881.5,201.9,0.0,70.8,69.6,159.3,156.5,224.0,0.0,10.0,0.0,17.3,0.0,0.0,6.5
2688,490472,49,1,2,3934.5,1518.3,3703.7,1283.1,16.8,5.4,647.5,5.6,345.3,0.0,2068.4,1084.2,198.1,0.0,202.2,0.0,54.7,53.8,142.4,139.5,41.0,0.0,4.0,0.0,16.8,0.0,0.0,5.4
2689,490473,49,1,3,2055.6,869.2,1871.7,677.7,8.8,3.0,335.6,0.8,171.9,0.0,1033.7,576.5,92.7,0.0,94.7,0.0,27.7,27.4,74.5,73.0,39.0,0.0,2.0,0.0,8.8,0.0,0.0,3.0
2690,490474,49,1,3,4644.0,3428.7,4385.3,3163.6,20.3,7.9,788.7,76.9,402.5,0.0,2418.0,1432.9,212.4,0.0,216.8,1349.5,98.7,96.9,212.2,207.3,27.0,0.0,9.0,0.0,20.3,0.0,0.0,7.9
2691,490475,49,1,3,2818.5,1551.8,2623.4,1345.6,12.0,6.0,464.4,72.7,250.9,55.2,1408.1,993.8,105.9,0.0,108.3,0.0,65.8,64.7,163.1,159.2,47.0,0.0,10.0,0.0,12.0,0.0,0.0,6.0
2692,490476,49,1,3,4766.3,6443.4,4470.5,6140.0,19.4,12.2,741.6,291.0,393.9,64.3,2270.7,1529.1,181.7,0.0,185.6,3596.6,223.8,220.0,449.3,438.9,18.0,0.0,6.0,0.0,19.4,0.0,0.0,12.2
2693,490477,49,1,3,8694.8,7960.5,8088.3,7337.4,33.8,29.0,1316.4,836.9,675.8,361.5,3875.4,3031.6,295.8,1549.2,302.1,0.0,510.2,501.4,1079.4,1056.7,22.0,0.0,11.0,0.0,33.8,0.0,0.0,29.0
2694,490478,49,1,3,5104.7,2035.9,4848.3,1768.9,22.2,8.2,819.4,98.1,445.4,1.3,2681.9,1407.0,258.7,0.0,263.9,0.0,79.8,78.4,188.1,184.1,98.0,0.0,13.0,0.0,22.2,0.0,0.0,8.2
2695,490479,49,1,3,5327.8,2166.6,5096.1,1934.7,24.9,10.0,896.7,10.5,486.5,0.0,2789.2,1627.1,225.5,0.0,230.5,0.0,84.4,83.2,217.3,213.9,156.0,0.0,10.0,0.0,24.9,0.0,0.0,10.0
2696,490480,49,1,3,5500.7,5843.8,5115.0,5429.5,15.1,27.2,545.9,858.8,314.3,1288.6,1923.2,1428.8,201.9,0.0,206.2,0.0,474.7,466.3,1419.8,1387.1,24.0,0.0,5.0,0.0,15.1,0.0,0.0,27.2
2697,490481,49,1,3,6054.5,2192.9,5812.3,1951.5,25.3,8.2,955.0,4.4,537.2,0.0,3265.8,1649.5,326.7,0.0,333.6,0.0,85.0,83.7,218.9,213.9,84.0,0.0,6.0,0.0,25.3,0.0,0.0,8.2
2698,490482,49,1,3,4977.6,2283.3,4730.3,2026.1,21.1,8.8,837.3,116.6,427.0,1.3,2630.4,1582.1,231.5,0.0,236.2,0.0,106.6,104.9,226.3,221.3,23.0,0.0,12.0,0.0,21.1,0.0,0.0,8.8
2699,490483,49,1,3,5255.2,1861.7,4980.8,1582.3,21.6,6.8,836.3,3.3,450.8,0.0,2800.1,1338.3,297.1,0.0,303.2,0.0,68.5,67.4,176.9,173.4,41.0,0.0,7.0,0.0,21.6,0.0,0.0,6.8
2700,490484,49,1,3,2787.3,2134.7,2605.8,1943.3,11.2,4.8,460.6,63.8,240.3,8.0,1435.0,886.1,122.9,795.8,125.5,0.0,60.5,59.5,133.0,130.0,18.0,0.0,10.0,0.0,11.2,0.0,0.0,4.8
2701,490485,49,1,3,3250.7,1761.3,2991.3,1472.4,12.9,6.0,566.9,72.1,269.0,24.9,1596.0,1138.6,113.9,0.0,116.4,0.0,73.0,71.8,169.3,165.1,65.0,0.0,22.0,0.0,12.9,0.0,0.0,6.0
2702,490486,49,1,3,8286.7,9311.8,7462.5,8445.9,21.5,39.3,918.8,998.5,436.7,1378.8,2557.7,3004.2,184.1,0.0,188.0,0.0,924.3,908.3,2213.9,2156.0,30.0,0.0,9.0,0.0,21.5,0.0,0.0,39.3
2703,490487,49,1,3,3740.3,3531.2,3341.5,3115.1,12.9,13.7,513.3,462.8,277.6,178.9,1558.0,1799.3,117.0,0.0,119.8,0.0,232.0,228.4,456.7,445.6,55.0,0.0,12.0,0.0,12.9,0.0,0.0,13.7
2704,490488,49,1,3,3522.9,1197.9,3333.0,1009.6,14.6,4.2,534.1,1.7,308.5,0.0,1871.4,855.9,193.5,0.0,197.7,0.0,42.9,42.2,112.7,109.9,69.0,0.0,3.0,0.0,14.6,0.0,0.0,4.2
2705,490489,49,1,3,4705.5,1951.8,4488.2,1731.8,19.4,6.9,753.8,51.3,415.8,0.0,2546.5,1440.1,250.2,0.0,255.3,0.0,70.7,69.4,174.9,170.9,13.0,0.0,8.0,0.0,19.4,0.0,0.0,6.9
2706,490490,49,1,3,366.6,251.5,214.2,87.4,0.9,0.4,42.0,0.1,19.7,0.0,121.0,75.8,8.4,0.0,8.6,0.0,2.7,2.6,8.9,8.8,0.0,0.0,3.0,0.0,0.9,0.0,0.0,0.4
2707,490491,49,1,3,4611.3,3578.1,4258.7,3211.1,16.4,12.8,709.9,280.7,378.0,336.7,2068.4,1827.9,147.0,0.0,150.3,0.0,223.7,220.5,560.3,545.3,12.0,0.0,9.0,0.0,16.4,0.0,0.0,12.8
2708,490492,49,1,3,1658.9,955.2,1457.8,727.1,5.9,3.1,245.2,17.3,124.3,71.6,763.7,496.7,67.3,0.0,68.8,0.0,35.3,34.4,110.3,107.1,27.0,0.0,16.0,0.0,5.9,0.0,0.0,3.1
2709,490493,49,1,2,1227.1,547.0,1030.6,339.4,4.3,1.4,175.4,1.5,86.1,0.0,542.4,289.4,50.5,0.0,51.7,0.0,13.0,12.8,36.6,35.7,74.0,0.0,1.0,0.0,4.3,0.0,0.0,1.4
2710,490494,49,1,2,1771.6,798.3,1568.3,579.4,6.6,2.0,279.2,16.7,139.2,0.0,870.2,476.4,80.7,0.0,82.7,0.0,25.2,24.8,63.2,61.6,18.0,0.0,10.0,0.0,6.6,0.0,0.0,2.0
2711,490495,49,1,2,5600.7,4073.9,5243.9,3723.5,21.8,9.9,1005.1,258.0,479.5,58.3,2846.2,2021.3,215.1,937.8,219.6,0.0,142.1,140.2,315.3,308.0,17.0,0.0,4.0,0.0,21.8,0.0,0.0,9.9
2712,490496,49,1,2,1095.7,506.0,931.5,336.3,3.6,1.1,168.1,0.4,84.5,0.0,497.9,287.5,40.2,0.0,41.1,0.0,12.9,12.6,36.7,35.7,48.0,0.0,2.0,0.0,3.6,0.0,0.0,1.1
2713,490497,49,1,2,4239.8,6795.3,3741.3,6282.4,13.3,13.0,599.7,890.4,305.9,178.0,1773.8,1943.1,142.7,722.0,145.8,1819.6,282.9,278.5,464.6,450.6,19.0,0.0,7.0,0.0,13.3,0.0,0.0,13.0
2714,490498,49,1,2,2276.0,1108.9,2092.1,905.0,9.1,3.3,409.4,4.8,205.2,0.0,1132.8,765.6,71.6,0.0,73.2,0.0,38.3,37.3,100.5,97.3,48.0,0.0,13.0,0.0,9.1,0.0,0.0,3.3
2715,490499,49,1,2,2700.8,1288.4,2508.3,1073.7,10.5,3.6,486.4,9.4,240.9,0.0,1350.1,903.7,86.3,0.0,88.2,0.0,45.6,44.8,119.7,115.8,74.0,0.0,17.0,0.0,10.5,0.0,0.0,3.6
2716,490500,49,1,2,4768.0,2083.6,4544.9,1865.8,16.1,4.7,778.2,156.5,425.1,0.0,2425.1,1440.8,199.7,0.0,204.1,0.0,81.3,80.0,194.3,188.5,235.0,0.0,2.0,0.0,16.1,0.0,0.0,4.7
2717,490501,49,1,2,2029.4,3597.3,1768.6,3317.0,6.1,8.7,284.9,884.3,148.2,90.6,799.0,1060.0,46.7,870.6,47.6,0.0,162.4,159.7,259.8,251.8,8.0,0.0,12.0,0.0,6.1,0.0,0.0,8.7
2718,490502,49,1,2,2839.8,2271.4,2656.4,2086.0,10.7,4.1,512.0,87.1,265.1,0.0,1431.6,1069.4,86.7,704.1,88.6,0.0,73.3,72.4,158.1,153.0,40.0,0.0,1.0,0.0,10.7,0.0,0.0,4.1
2719,490503,49,1,2,14826.0,5500.2,14245.7,4967.5,53.7,17.2,2624.4,18.6,1306.0,0.0,7964.4,4141.2,725.9,0.0,740.0,0.0,231.0,230.0,588.9,577.8,57.0,0.0,8.0,0.0,53.7,0.0,0.0,17.2
2720,490504,49,1,2,7797.5,2539.1,7470.0,2225.6,28.4,6.9,1224.8,7.9,677.9,0.0,4247.2,1872.9,467.2,0.0,476.6,0.0,99.1,97.6,253.2,247.2,16.0,0.0,8.0,0.0,28.4,0.0,0.0,6.9
2721,490505,49,1,2,6687.1,2313.1,6353.7,1983.6,23.8,5.5,1077.7,6.1,590.4,0.0,3600.8,1673.1,374.1,0.0,382.0,0.0,87.5,86.2,224.3,218.2,11.0,0.0,6.0,0.0,23.8,0.0,0.0,5.5
2722,490506,49,1,2,3650.8,1739.9,3414.1,1511.6,13.6,3.9,685.5,21.4,338.5,0.0,1894.7,1262.2,125.3,0.0,128.1,0.0,65.3,64.3,168.6,163.7,7.0,0.0,1.0,0.0,13.6,0.0,0.0,3.9
2723,490507,49,1,2,4017.4,2274.2,3798.6,2054.7,14.4,5.5,690.1,392.4,366.1,0.0,2123.7,1394.8,162.5,0.0,166.2,0.0,94.8,93.1,180.3,174.3,8.0,0.0,7.0,0.0,14.4,0.0,0.0,5.5
2724,490508,49,1,2,3042.4,1196.4,2827.2,976.0,10.4,2.3,507.2,1.7,271.4,0.0,1588.9,826.5,144.8,0.0,148.1,0.0,41.9,41.2,109.9,106.6,7.0,0.0,8.0,0.0,10.4,0.0,0.0,2.3
2725,490509,49,1,2,3563.5,1382.1,3325.8,1160.3,11.4,2.2,594.6,19.1,316.8,0.0,1859.1,966.3,172.2,0.0,175.8,0.0,49.7,49.1,129.6,125.8,27.0,0.0,1.0,0.0,11.4,0.0,0.0,2.2
2726,490510,49,1,4,230.4,647.3,60.0,484.1,0.0,2.6,0.0,346.0,0.0,0.0,6.0,90.9,0.0,0.0,0.0,0.0,47.8,47.0,0.2,0.2,0.0,0.0,6.0,0.0,0.0,0.0,0.0,2.6
2727,490511,49,1,4,2840.9,9906.9,1678.1,8683.1,0.0,71.7,0.0,2503.5,0.0,1059.4,3.0,3458.6,0.0,0.0,0.0,0.0,575.6,568.6,1096.5,1092.9,0.0,0.0,3.0,0.0,0.0,0.0,0.0,71.7
2728,490512,49,1,3,3407.4,9751.1,2428.1,8688.7,0.0,80.8,0.0,3070.2,0.0,1497.1,3.0,1709.1,0.0,0.0,0.0,0.0,844.2,835.2,1577.9,1577.0,0.0,0.0,3.0,0.0,0.0,0.0,0.0,80.8
2729,490513,49,1,4,2621.0,9556.0,1740.1,8608.4,0.0,71.2,0.0,2916.3,0.0,1198.6,10.0,2784.6,0.0,0.0,0.0,0.0,544.0,537.5,1176.1,1171.4,0.0,0.0,10.0,0.0,0.0,0.0,0.0,71.2
2730,490514,49,1,4,1805.3,4743.4,1604.1,4502.7,0.0,38.9,0.0,1090.9,0.0,1295.1,10.0,544.6,0.0,0.0,0.0,0.0,355.9,351.2,1228.2,1221.0,0.0,0.0,10.0,0.0,0.0,0.0,0.0,38.9
2731,490515,49,1,4,5092.6,2517.1,4795.9,2235.5,29.0,16.3,861.3,158.8,461.1,21.2,2684.6,1715.6,214.1,0.0,218.6,0.0,108.0,106.6,234.1,233.3,9.0,0.0,5.0,0.0,29.0,0.0,0.0,16.3
2732,490516,49,1,3,1242.3,4161.8,593.7,3475.5,0.1,33.5,1.9,2107.9,1.3,158.6,9.3,636.7,0.2,0.0,0.2,0.0,371.6,367.3,205.2,205.1,0.0,0.0,4.0,0.0,0.1,0.0,0.0,33.5
2733,490517,49,1,3,1899.1,4886.8,1251.8,4196.3,2.2,41.4,58.6,1928.6,31.6,455.7,188.9,878.3,15.0,0.0,15.3,0.0,423.2,418.6,515.0,515.1,1.0,0.0,3.0,0.0,2.2,0.0,0.0,41.4
2734,490518,49,1,3,1832.6,925.3,1716.9,805.6,12.3,7.4,341.4,1.3,177.2,0.0,951.8,676.4,51.7,0.0,52.8,0.0,35.1,34.7,92.9,93.3,9.0,0.0,5.0,0.0,12.3,0.0,0.0,7.4
2735,490519,49,1,4,2549.8,2002.4,2316.8,1768.9,12.5,16.2,356.1,211.3,189.0,116.9,1113.7,976.0,89.2,0.0,91.3,0.0,145.1,143.5,321.4,321.3,9.0,0.0,2.0,0.0,12.5,0.0,0.0,16.2
2736,490520,49,1,4,4337.0,5579.0,3855.6,5065.0,20.9,51.1,595.8,917.0,307.3,413.6,1657.8,2635.8,91.5,0.0,93.6,0.0,355.1,351.0,746.6,747.5,7.0,0.0,1.0,0.0,20.9,0.0,0.0,51.1
2737,490521,49,1,3,1593.8,2720.5,1317.7,2411.5,3.1,25.7,81.7,407.4,46.6,245.6,265.8,894.2,21.6,0.0,22.1,0.0,283.9,281.0,582.1,583.2,8.0,0.0,6.0,0.0,3.1,0.0,0.0,25.7
2738,490522,49,1,3,4039.3,6162.6,3607.3,5688.2,17.0,44.1,461.9,577.1,258.5,408.7,1463.6,2131.5,123.2,1427.3,125.9,4.0,353.1,349.3,788.2,790.3,28.0,0.0,5.0,0.0,17.0,0.0,0.0,44.1
2739,490523,49,1,3,4040.9,4487.9,3841.6,4282.4,23.1,17.2,626.4,145.4,365.0,0.0,2113.9,1259.8,192.2,672.5,196.3,1889.7,109.0,107.8,206.8,207.3,28.0,0.0,4.0,0.0,23.1,0.0,0.0,17.2
2740,490524,49,1,3,5044.1,2106.5,4764.8,1817.8,29.7,18.6,908.1,3.7,465.6,0.0,2635.7,1516.3,199.1,0.0,203.3,0.0,83.3,82.2,214.7,215.6,51.0,0.0,4.0,0.0,29.7,0.0,0.0,18.6
2741,490525,49,1,4,2032.7,5685.0,1396.1,5011.5,0.0,40.9,0.0,1439.9,0.0,593.0,7.0,1605.0,0.0,0.0,0.0,0.0,461.4,455.7,920.7,917.9,0.0,0.0,7.0,0.0,0.0,0.0,0.0,40.9
2742,490526,49,1,4,1654.9,3001.9,1267.1,2607.6,6.5,19.9,190.2,532.2,98.7,97.8,598.9,1703.6,49.1,0.0,50.3,0.0,122.5,120.9,153.4,153.1,3.0,0.0,1.0,0.0,6.5,0.0,0.0,19.9
2743,490527,49,1,4,1096.2,462.6,1002.9,366.8,6.0,2.8,170.8,4.8,89.4,0.0,546.8,306.8,43.0,0.0,44.0,0.0,14.5,14.5,40.4,40.6,41.0,0.0,13.0,0.0,6.0,0.0,0.0,2.8
2744,490528,49,1,4,4502.8,9731.0,3763.3,8904.4,3.2,86.6,90.4,1341.4,50.5,1986.8,298.0,2322.8,21.9,0.0,22.5,0.0,870.8,861.2,2392.3,2392.2,2.0,0.0,15.0,0.0,3.2,0.0,0.0,86.6
2745,490529,49,1,4,2839.9,3164.5,2526.3,2841.0,12.7,25.9,362.7,547.4,202.2,175.0,1157.9,1524.1,95.9,0.0,97.9,0.0,202.0,199.8,394.7,394.7,12.0,0.0,1.0,0.0,12.7,0.0,0.0,25.9
2746,490530,49,1,3,5661.9,2593.8,5393.1,2321.5,32.4,20.3,928.2,104.8,514.6,27.0,2983.5,1819.8,251.5,0.0,256.8,0.0,109.6,108.2,261.8,261.7,81.0,0.0,6.0,0.0,32.4,0.0,0.0,20.3
2747,490531,49,1,3,4982.9,1987.3,4734.4,1728.4,28.3,16.0,856.0,3.4,437.2,0.0,2594.4,1445.0,214.1,0.0,218.7,0.0,78.4,77.4,202.6,202.6,123.0,0.0,10.0,0.0,28.3,0.0,0.0,16.0
2748,490532,49,1,4,2255.4,7467.8,1485.4,6648.2,0.0,53.1,0.0,2217.6,0.0,744.0,8.0,2226.8,0.0,0.0,0.0,0.0,500.5,494.3,968.9,965.6,0.0,0.0,8.0,0.0,0.0,0.0,0.0,53.1
2749,490533,49,1,4,1010.8,2846.7,639.0,2460.2,0.0,20.1,0.0,905.9,0.0,272.6,3.0,653.0,0.0,0.0,0.0,0.0,247.1,243.9,385.8,384.9,0.0,0.0,3.0,0.0,0.0,0.0,0.0,20.1
2750,490534,49,1,4,3213.5,11349.5,2129.3,10196.8,0.0,78.0,0.0,2306.0,0.0,1103.1,3.0,3725.5,0.0,412.4,0.0,537.0,725.8,716.9,1397.5,1395.8,0.0,0.0,3.0,0.0,0.0,0.0,0.0,78.0
2751,490535,49,1,4,2956.4,7324.1,2273.7,6588.7,5.1,57.7,144.1,760.5,78.1,673.3,459.8,3658.4,35.7,0.0,36.6,0.0,456.9,451.4,1045.5,1045.0,8.0,0.0,9.0,0.0,5.1,0.0,0.0,57.7
2752,490536,49,1,4,8561.3,6742.7,7953.5,6126.3,42.2,52.1,1285.0,711.0,652.5,469.7,3656.4,3149.5,228.0,0.0,232.7,0.0,546.9,540.2,1257.0,1256.0,91.0,0.0,4.0,0.0,42.2,0.0,0.0,52.1
2753,490537,49,1,3,7375.1,7928.6,6890.7,7431.7,40.0,37.8,1198.3,446.4,621.0,89.4,3611.8,3355.8,279.6,0.0,285.2,2764.3,268.3,265.1,511.5,510.7,111.0,0.0,4.0,0.0,40.0,0.0,0.0,37.8
2754,490538,49,1,3,7391.9,2893.6,7086.2,2591.6,42.4,21.9,1252.0,6.4,675.5,0.0,3975.6,2166.7,344.1,0.0,351.1,0.0,117.8,116.4,302.0,302.0,64.0,0.0,4.0,0.0,42.4,0.0,0.0,21.9
2755,490539,49,1,4,1102.9,3232.9,812.1,2930.9,1.9,18.2,57.9,1262.2,28.5,88.9,160.8,506.0,8.7,541.8,8.8,0.0,230.7,227.4,306.7,304.5,7.0,0.0,3.0,0.0,1.9,0.0,0.0,18.2
2756,490540,49,1,4,1809.5,5863.3,1500.4,5511.3,0.0,43.1,0.0,2167.7,0.0,1171.0,10.0,712.9,0.0,0.0,0.0,0.0,361.7,356.8,1108.7,1102.9,10.0,0.0,10.0,0.0,0.0,0.0,0.0,43.1
2757,490541,49,1,4,4739.0,3590.2,4461.4,3318.2,27.1,22.0,867.4,299.3,419.3,99.2,2338.4,2135.5,127.9,83.3,130.7,140.4,164.4,162.2,400.2,398.2,7.0,0.0,6.0,0.0,27.1,0.0,0.0,22.0
2758,490542,49,1,4,2319.2,5180.8,1924.7,4751.3,2.1,38.4,63.2,1419.0,32.1,739.8,188.5,990.6,11.3,0.0,11.6,0.0,475.2,469.2,1135.9,1132.8,1.0,0.0,6.0,0.0,2.1,0.0,0.0,38.4
2759,490543,49,1,4,15579.1,22023.0,14815.3,21118.9,39.6,183.1,1247.1,1636.5,618.6,7148.3,3455.8,3285.8,196.3,0.0,200.4,0.0,1943.3,1919.2,7127.9,7129.1,16.0,0.0,10.0,0.0,39.6,0.0,0.0,183.1
2760,490544,49,1,3,5804.5,2229.0,5553.0,1974.5,30.6,12.9,965.5,5.7,516.0,0.0,3125.1,1659.1,288.1,0.0,294.1,0.0,87.2,86.2,224.9,223.4,41.0,0.0,11.0,0.0,30.6,0.0,0.0,12.9
2761,490545,49,1,4,877.4,3013.8,345.5,2467.0,0.0,20.1,0.0,1088.7,0.0,138.1,2.0,901.4,0.0,0.0,0.0,0.0,191.0,188.5,150.6,150.3,0.0,0.0,2.0,0.0,0.0,0.0,0.0,20.1
2762,490546,49,1,4,2155.5,3451.9,1829.3,3102.2,8.6,26.4,268.3,553.9,147.1,231.9,664.6,1631.0,24.0,0.0,24.6,0.0,228.4,225.6,460.3,459.8,3.0,0.0,9.0,0.0,8.6,0.0,0.0,26.4
2763,490547,49,1,4,20276.8,19790.6,18679.7,18171.4,97.6,125.3,3155.6,3176.2,1563.2,926.7,8373.1,8694.7,425.6,608.4,434.5,131.3,1507.0,1486.8,3168.7,3147.3,47.0,0.0,5.0,0.0,97.6,0.0,0.0,125.3
2764,490548,49,1,4,3936.8,3260.7,3718.6,3046.4,21.7,21.2,711.6,471.5,365.2,241.0,1842.3,1720.0,79.8,0.0,81.6,0.0,159.5,157.2,459.5,456.7,17.0,0.0,2.0,0.0,21.7,0.0,0.0,21.2
2765,490549,49,1,4,10033.1,6911.9,9563.7,6447.5,52.5,45.4,1685.1,514.9,849.0,598.3,4745.6,3713.7,282.9,0.0,288.6,0.0,432.4,426.4,1199.1,1194.2,73.0,0.0,8.0,0.0,52.5,0.0,0.0,45.4
2766,490550,49,1,4,7859.5,6731.5,7385.0,6241.4,36.9,48.7,1175.6,765.9,598.4,803.1,3200.2,2647.0,168.5,0.0,172.2,0.0,553.9,546.7,1482.2,1478.7,24.0,0.0,10.0,0.0,36.9,0.0,0.0,48.7
2767,490551,49,1,4,2283.3,3276.6,1942.0,2921.0,6.4,24.0,212.9,730.6,111.0,205.0,511.4,938.2,18.4,0.0,18.9,0.0,350.2,345.6,703.2,701.6,13.0,0.0,3.0,0.0,6.4,0.0,0.0,24.0
2768,490552,49,1,4,703.7,2118.1,507.1,1909.4,1.0,15.7,32.1,739.5,18.6,175.4,82.4,632.1,3.5,0.0,3.6,0.0,129.8,128.0,235.1,234.4,0.0,0.0,2.0,0.0,1.0,0.0,0.0,15.7
2769,490553,49,1,4,4904.4,7892.9,4227.3,7167.9,15.4,60.8,491.9,1720.9,270.3,588.0,1209.9,2725.1,41.8,0.0,42.7,0.0,715.4,706.7,1429.3,1427.3,19.0,0.0,7.0,0.0,15.4,0.0,0.0,60.8
2770,490554,49,1,4,7152.9,7465.3,6504.8,6798.5,25.9,46.8,872.4,1355.5,458.8,577.6,2416.8,2397.8,126.3,0.0,129.1,0.0,791.7,781.3,1698.6,1686.3,9.0,0.0,2.0,0.0,25.9,0.0,0.0,46.8
2771,490555,49,1,4,8093.3,6085.2,7508.3,5506.4,40.5,36.7,1248.0,1099.1,658.8,64.6,4013.8,3492.4,346.8,0.0,353.9,0.0,322.1,317.9,535.8,532.5,25.0,0.0,4.0,0.0,40.5,0.0,0.0,36.7
2772,490556,49,1,4,5016.7,3245.5,4771.2,3019.1,27.2,15.1,874.5,175.5,438.9,0.0,2639.7,1743.7,203.9,735.8,208.4,0.0,114.5,112.9,252.3,251.2,38.0,0.0,1.0,0.0,27.2,0.0,0.0,15.1
2773,490557,49,1,4,8219.9,6792.3,7789.0,6374.7,44.5,35.3,1424.8,856.6,773.2,33.2,4139.5,3229.9,253.0,1127.0,258.4,217.5,318.6,314.5,598.4,596.0,21.0,0.0,2.0,0.0,44.5,0.0,0.0,35.3
2774,490558,49,1,4,4462.7,3206.0,4243.0,2994.8,24.8,16.3,770.6,156.2,408.2,10.1,2311.4,1658.3,161.2,760.1,164.6,0.0,137.5,135.5,275.6,274.5,9.0,0.0,5.0,0.0,24.8,0.0,0.0,16.3
2775,490559,49,1,3,5163.5,2622.9,4925.5,2380.4,29.7,16.8,959.4,69.5,494.6,0.0,2737.0,1930.5,163.6,0.0,167.1,0.0,112.7,111.2,270.0,269.1,10.0,0.0,11.0,0.0,29.7,0.0,0.0,16.8
2776,490560,49,1,3,7400.4,2693.4,7078.3,2370.7,39.0,17.2,1234.0,6.0,678.1,0.0,3956.7,1985.1,366.7,0.0,374.1,0.0,107.1,105.6,274.6,274.0,78.0,0.0,9.0,0.0,39.0,0.0,0.0,17.2
2777,490561,49,1,3,4760.5,4980.5,4551.2,4771.6,24.9,15.6,791.2,177.3,432.5,0.0,2485.3,1682.1,191.1,871.8,195.2,1607.8,150.4,148.2,285.5,284.3,14.0,0.0,6.0,0.0,24.9,0.0,0.0,15.6
2778,490562,49,1,3,6560.8,2690.6,6276.5,2414.7,33.6,14.2,1139.2,5.4,622.5,0.0,3533.1,2026.8,284.6,0.0,290.5,0.0,108.1,106.8,277.4,275.7,20.0,0.0,1.0,0.0,33.6,0.0,0.0,14.2
2779,490563,49,1,4,10300.5,6139.9,9843.4,5712.6,51.4,27.7,1658.7,406.9,918.9,118.1,5438.0,3380.6,497.9,718.9,508.0,299.7,240.9,237.2,556.0,551.2,22.0,0.0,3.0,0.0,51.4,0.0,0.0,27.7
2780,490564,49,1,3,4124.3,10827.6,3127.5,9758.2,9.1,67.2,293.6,4772.3,155.8,155.1,883.6,3199.9,68.5,0.0,70.1,0.0,745.8,735.2,903.1,895.9,3.0,0.0,4.0,0.0,9.1,0.0,0.0,67.2
2781,490565,49,1,3,4043.4,1582.3,3808.5,1340.2,21.0,8.2,683.2,2.6,346.9,0.0,2129.3,1130.4,194.9,0.0,199.2,0.0,58.0,57.1,151.1,150.1,40.0,0.0,6.0,0.0,21.0,0.0,0.0,8.2
2782,490566,49,1,3,3833.1,2411.0,3613.4,2186.2,20.4,9.9,660.1,44.6,346.8,0.0,2006.9,1206.8,163.1,683.6,166.6,0.0,77.6,76.3,176.1,174.8,11.0,0.0,5.0,0.0,20.4,0.0,0.0,9.9
2783,490567,49,1,3,6086.9,7033.6,5784.1,6729.5,31.7,19.0,1105.3,234.3,581.4,0.0,3125.0,2537.8,183.5,0.0,187.5,3391.2,192.4,189.5,381.0,376.8,19.0,0.0,9.0,0.0,31.7,0.0,0.0,19.0
2784,490568,49,1,3,4782.5,2106.4,4529.0,1849.9,24.0,10.5,821.8,64.8,431.9,0.0,2496.9,1504.5,202.5,0.0,206.8,0.0,83.3,82.1,200.9,198.6,80.0,0.0,5.0,0.0,24.0,0.0,0.0,10.5
2785,490569,49,1,3,4766.3,1534.0,4516.5,1275.7,22.2,7.2,716.8,2.3,411.7,0.0,2520.2,1077.7,267.9,0.0,273.7,0.0,54.8,53.9,143.3,141.8,121.0,0.0,7.0,0.0,22.2,0.0,0.0,7.2
2786,490570,49,1,3,3381.4,1421.4,3132.9,1153.8,16.8,6.9,553.4,26.2,292.2,0.0,1757.8,964.0,166.7,0.0,170.4,0.0,46.8,46.1,118.5,117.5,15.0,0.0,12.0,0.0,16.8,0.0,0.0,6.9
2787,490571,49,1,3,2447.7,8124.0,1700.6,7326.0,0.0,39.6,0.0,2235.8,0.0,621.5,15.0,2827.5,0.0,0.0,0.0,0.0,635.6,625.2,1035.0,1016.0,0.0,0.0,15.0,0.0,0.0,0.0,0.0,39.6
2788,490572,49,1,3,7929.3,5665.6,7553.1,5284.5,35.2,20.1,1299.3,459.0,675.4,0.0,4020.4,2813.4,345.4,748.7,352.6,461.2,300.3,295.6,515.9,506.5,32.0,0.0,12.0,0.0,35.2,0.0,0.0,20.1
2789,490573,49,1,3,4352.2,3897.9,4072.0,3618.7,19.7,10.8,753.4,301.4,375.9,1.2,2206.8,1551.3,174.6,1097.1,178.3,299.4,128.1,126.1,245.9,242.2,8.0,0.0,1.0,0.0,19.7,0.0,0.0,10.8
2790,490574,49,1,3,3116.8,8664.0,2264.2,7727.8,0.0,77.9,0.0,1903.7,0.0,1344.5,6.0,2233.5,0.0,0.0,0.0,0.0,702.5,695.3,1549.6,1550.6,0.0,0.0,6.0,0.0,0.0,0.0,0.0,77.9
2791,490575,49,1,4,2368.6,1073.1,2224.6,930.7,14.0,7.6,391.9,10.0,212.6,7.7,1257.8,755.5,94.0,0.0,96.0,0.0,44.0,43.4,114.3,114.0,7.0,0.0,7.0,0.0,14.0,0.0,0.0,7.6
2792,490576,49,1,3,82.0,82.0,2.0,0.0,0.0,0.0,0.0,0.0,0.0,0.0,1.0,0.0,0.0,0.0,0.0,0.0,0.0,0.0,0.0,0.0,0.0,0.0,1.0,0.0,0.0,0.0,0.0,0.0
2793,490577,49,1,3,83.2,83.5,4.0,0.0,0.0,0.0,0.0,0.0,0.0,0.0,2.0,0.0,0.0,0.0,0.0,0.0,0.0,0.0,0.0,0.0,0.0,0.0,2.0,0.0,0.0,0.0,0.0,0.0
2794,490578,49,1,3,68.9,68.5,0.0,0.0,0.0,0.0,0.0,0.0,0.0,0.0,0.0,0.0,0.0,0.0,0.0,0.0,0.0,0.0,0.0,0.0,0.0,0.0,0.0,0.0,0.0,0.0,0.0,0.0
2795,490579,49,1,4,2926.5,8945.1,2293.1,8232.6,0.0,82.5,0.0,1217.4,0.0,1399.4,2.0,3332.6,0.0,0.0,0.0,0.0,631.4,624.9,1657.7,1658.2,0.0,0.0,2.0,0.0,0.0,0.0,0.0,82.5
2796,490580,49,1,4,81.3,81.0,0.0,0.0,0.0,0.0,0.0,0.0,0.0,0.0,0.0,0.0,0.0,0.0,0.0,0.0,0.0,0.0,0.0,0.0,0.0,0.0,0.0,0.0,0.0,0.0,0.0,0.0
2797,490581,49,1,4,81.3,82.6,0.0,0.0,0.0,0.0,0.0,0.0,0.0,0.0,0.0,0.0,0.0,0.0,0.0,0.0,0.0,0.0,0.0,0.0,0.0,0.0,0.0,0.0,0.0,0.0,0.0,0.0
2798,490582,49,1,2,81.2,77.2,14.0,0.0,0.0,0.0,0.0,0.0,0.0,0.0,7.0,0.0,0.0,0.0,0.0,0.0,0.0,0.0,0.0,0.0,0.0,0.0,7.0,0.0,0.0,0.0,0.0,0.0
2799,490583,49,1,3,69.1,58.1,24.0,0.0,0.0,0.0,0.0,0.0,0.0,0.0,12.0,0.0,0.0,0.0,0.0,0.0,0.0,0.0,0.0,0.0,0.0,0.0,12.0,0.0,0.0,0.0,0.0,0.0
2800,490584,49,1,4,1396.4,4403.8,928.7,3894.2,0.0,44.6,0.0,1818.5,0.0,564.4,2.0,589.8,0.0,0.0,0.0,0.0,360.6,356.7,564.1,564.8,0.0,0.0,2.0,0.0,0.0,0.0,0.0,44.6
2801,490585,49,1,4,83.5,82.5,4.0,0.0,0.0,0.0,0.0,0.0,0.0,0.0,2.0,0.0,0.0,0.0,0.0,0.0,0.0,0.0,0.0,0.0,0.0,0.0,2.0,0.0,0.0,0.0,0.0,0.0
2802,490586,49,1,3,91.1,83.6,20.0,0.0,0.0,0.0,0.0,0.0,0.0,0.0,10.0,0.0,0.0,0.0,0.0,0.0,0.0,0.0,0.0,0.0,0.0,0.0,10.0,0.0,0.0,0.0,0.0,0.0
2803,490587,49,1,4,15616.7,7423.5,15023.4,6854.1,98.4,53.4,2652.7,96.0,1440.1,0.0,8515.7,5001.7,647.7,711.5,660.8,0.0,308.2,304.8,740.2,740.2,38.0,0.0,20.0,0.0,98.4,0.0,0.0,53.4
2804,490588,49,1,3,7497.5,4650.9,7178.4,4335.6,47.8,26.3,1224.5,46.2,658.0,0.0,3967.8,2311.9,315.1,1492.8,321.7,0.0,142.9,141.2,343.2,343.5,204.0,0.0,1.0,0.0,47.8,0.0,0.0,26.3
2805,490589,49,1,3,57.0,76.3,11.7,28.8,0.0,0.3,0.0,9.6,0.0,0.0,2.0,11.4,0.0,0.0,0.0,0.0,3.4,3.4,4.4,4.4,0.0,0.0,2.0,0.0,0.0,0.0,0.0,0.3
2806,490590,49,1,4,1881.7,3781.5,1471.3,3335.8,0.0,34.6,0.0,655.1,0.0,306.7,3.0,912.6,0.0,0.0,0.0,0.0,483.8,478.6,981.5,982.7,0.0,0.0,3.0,0.0,0.0,0.0,0.0,34.6
2807,490591,49,1,4,2362.0,8333.0,1509.0,7399.6,0.0,80.2,1.0,2075.7,0.7,605.5,8.6,3229.2,0.2,0.0,0.2,0.0,577.1,571.0,916.2,918.2,0.0,0.0,5.0,0.0,0.0,0.0,0.0,80.2
2808,490592,49,1,4,3251.3,1267.8,3060.3,1076.8,18.9,9.0,497.6,4.5,264.6,0.0,1675.3,897.3,141.2,0.0,144.3,0.0,48.5,48.2,126.8,126.9,148.0,0.0,14.0,0.0,18.9,0.0,0.0,9.0
2809,490593,49,1,3,9042.8,3607.7,8652.8,3216.8,58.3,28.7,1474.4,7.8,800.3,0.0,4917.0,2675.8,417.0,0.0,425.8,0.0,150.1,148.4,384.1,384.8,79.0,0.0,5.0,0.0,58.3,0.0,0.0,28.7
2810,490594,49,1,4,10715.7,5480.7,10268.3,5046.5,74.8,46.4,2036.8,13.2,1040.9,0.0,5682.9,4197.1,298.9,0.0,305.1,0.0,235.8,233.2,601.8,603.1,57.0,0.0,9.0,0.0,74.8,0.0,0.0,46.4
2811,490595,49,1,4,4937.4,3300.7,4665.7,3026.8,32.0,28.8,869.1,147.1,442.5,147.9,2430.0,2114.1,131.0,0.0,133.8,0.0,173.0,171.0,445.2,446.7,38.0,0.0,3.0,0.0,32.0,0.0,0.0,28.8
2812,490596,49,1,4,2241.0,6333.7,1496.8,5525.9,0.0,60.3,1.0,2365.4,0.7,767.8,9.6,916.0,0.2,0.0,0.2,0.0,591.0,585.3,888.1,891.3,0.0,0.0,6.0,0.0,0.0,0.0,0.0,60.3
2813,490597,49,1,3,4435.5,1550.3,4180.7,1281.8,25.6,10.7,620.6,16.8,366.8,0.0,2319.9,1057.6,238.7,0.0,243.8,0.0,57.8,57.1,150.2,150.3,174.0,0.0,9.0,0.0,25.6,0.0,0.0,10.7
2814,490598,49,1,3,2105.7,945.2,1902.6,726.1,12.0,6.4,287.9,46.0,169.0,0.0,1074.3,544.0,111.0,0.0,113.4,0.0,44.9,44.4,91.2,91.6,9.0,0.0,2.0,0.0,12.0,0.0,0.0,6.4
2815,490599,49,1,3,2852.1,3201.1,2553.2,2880.6,14.2,18.0,330.9,247.7,200.2,108.4,1238.8,1010.8,124.8,1042.0,127.5,0.0,155.0,153.1,317.9,318.6,52.0,0.0,6.0,0.0,14.2,0.0,0.0,18.0
2816,490600,49,1,4,3495.6,2708.9,3280.3,2472.3,21.3,24.8,564.7,165.9,289.5,193.3,1577.6,1474.6,79.4,0.0,81.2,0.0,181.1,179.1,457.8,459.4,32.0,0.0,17.0,0.0,21.3,0.0,0.0,24.8
2817,490601,49,1,4,2827.3,8796.9,1984.5,7868.7,0.0,84.2,0.0,2165.9,0.0,1130.7,5.0,2597.5,0.0,0.0,0.0,0.0,624.2,618.2,1350.4,1356.3,0.0,0.0,5.0,0.0,0.0,0.0,0.0,84.2
2818,490602,49,1,3,9855.0,4877.2,9355.9,4384.4,64.9,37.4,1659.0,77.0,884.4,0.0,5275.6,3676.1,400.3,0.0,408.0,0.0,186.8,184.6,444.8,446.7,90.0,0.0,7.0,0.0,64.9,0.0,0.0,37.4
2819,490603,49,1,4,231.2,1499.3,104.5,1367.1,0.1,3.3,3.2,164.7,2.0,10.0,23.0,89.7,1.2,1038.7,1.2,0.0,35.1,35.1,28.8,29.0,0.0,0.0,10.0,0.0,0.1,0.0,0.0,3.3
2820,490604,49,1,4,3359.8,2644.9,3043.0,2323.8,18.7,22.8,450.9,562.8,255.5,173.2,1557.2,1141.4,137.6,0.0,140.6,0.0,164.9,163.1,282.2,283.3,49.0,0.0,5.0,0.0,18.7,0.0,0.0,22.8
2821,490605,49,1,4,1957.5,1217.3,1792.0,1054.4,12.0,9.6,300.3,60.8,163.0,43.2,959.7,761.2,70.8,0.0,72.4,0.0,54.4,54.0,134.3,135.2,30.0,0.0,7.0,0.0,12.0,0.0,0.0,9.6
2822,490606,49,1,4,687.7,2510.2,377.2,2181.2,0.0,17.5,0.0,701.9,0.0,81.5,8.0,662.7,0.0,0.0,0.0,374.5,172.0,170.1,189.3,190.3,0.0,0.0,8.0,0.0,0.0,0.0,0.0,17.5
2823,490607,49,1,4,2075.9,7152.7,1204.6,6214.9,0.1,60.7,2.7,3203.9,1.6,344.1,19.4,1500.1,0.5,0.0,0.6,0.0,628.2,622.1,541.7,544.8,0.0,0.0,10.0,0.0,0.1,0.0,0.0,60.7
2824,490608,49,1,4,4855.5,13162.6,4137.2,12306.4,1.7,132.5,41.6,3109.0,23.0,2833.5,139.1,2466.7,6.9,0.0,7.1,0.0,979.5,969.6,2924.1,2927.6,0.0,0.0,16.0,0.0,1.7,0.0,0.0,132.5
2825,490609,49,1,4,3347.3,3470.9,3152.0,3277.9,21.5,16.8,583.9,106.1,301.8,0.0,1698.7,1303.0,99.1,574.7,101.2,972.4,106.8,105.8,215.5,215.9,38.0,0.0,7.0,0.0,21.5,0.0,0.0,16.8
2826,490610,49,1,3,4541.9,5283.6,4033.7,4722.5,16.7,52.1,434.4,686.3,244.3,408.1,1360.0,1751.9,92.1,103.3,94.1,0.0,571.4,566.2,1202.4,1206.7,24.0,0.0,11.0,0.0,16.7,0.0,0.0,52.1
2827,490611,49,1,3,4329.7,5881.3,3757.6,5243.9,11.2,59.8,292.0,970.9,159.1,691.0,972.6,1432.1,80.1,0.0,81.8,0.0,664.7,659.0,1485.4,1491.0,15.0,0.0,7.0,0.0,11.2,0.0,0.0,59.8
2828,490612,49,1,3,8170.3,3632.6,7838.1,3296.4,48.7,28.4,1240.8,43.8,739.8,0.0,4434.0,2234.9,419.2,552.6,427.8,0.0,136.6,135.2,328.9,329.8,103.0,0.0,8.0,0.0,48.7,0.0,0.0,28.4
2829,490613,49,1,3,8089.2,3237.9,7739.4,2870.6,47.3,30.0,1313.4,21.2,785.1,0.0,4396.7,2376.9,348.5,0.0,355.6,0.0,134.4,132.9,338.6,339.7,54.0,0.0,13.0,0.0,47.3,0.0,0.0,30.0
2830,490614,49,1,3,1769.5,760.3,1602.8,583.9,9.6,6.3,270.7,0.9,159.0,0.0,908.4,488.9,74.1,0.0,75.7,0.0,25.6,25.3,68.3,68.8,20.0,0.0,1.0,0.0,9.6,0.0,0.0,6.3
2831,490615,49,1,4,3311.4,3323.9,3116.6,3077.2,19.9,31.4,552.6,654.9,281.6,201.6,1483.1,1614.6,66.3,0.0,67.8,0.0,178.9,177.1,428.3,428.9,17.0,0.0,41.0,0.0,19.9,0.0,0.0,31.4
2832,490616,49,1,4,7576.6,3412.6,7294.4,3151.5,47.1,24.2,1120.2,43.9,692.6,0.0,4058.9,1986.1,378.1,706.7,385.8,0.0,122.8,121.5,292.8,293.3,237.0,0.0,6.0,0.0,47.1,0.0,0.0,24.2
2833,490617,49,1,4,7360.4,6091.7,6712.8,5415.4,35.1,60.3,873.5,1006.9,514.4,460.7,2991.0,2178.1,255.5,0.0,261.0,0.0,586.3,581.1,1184.0,1188.7,40.0,0.0,7.0,0.0,35.1,0.0,0.0,60.3
2834,490618,49,1,4,6582.3,5657.4,6164.0,5218.7,33.0,49.3,899.6,373.0,489.9,441.3,2815.0,2261.1,198.0,768.6,202.4,0.0,394.4,390.7,979.6,983.9,178.0,0.0,7.0,0.0,33.0,0.0,0.0,49.3
2835,490619,49,1,3,3400.0,4737.5,3193.2,4489.0,18.8,23.2,521.6,299.8,284.7,0.0,1630.7,1344.0,107.7,0.0,110.1,2381.0,178.1,176.5,286.2,287.6,48.0,0.0,26.0,0.0,18.8,0.0,0.0,23.2
2836,490620,49,1,3,3201.8,8128.4,2578.7,7413.4,7.5,86.3,219.6,2119.2,122.6,609.3,643.6,3174.8,33.2,0.0,34.1,0.0,513.1,508.8,995.5,1001.3,8.0,0.0,9.0,0.0,7.5,0.0,0.0,86.3
2837,490621,49,1,4,13280.8,15609.9,12115.5,14339.5,64.0,161.4,1707.4,1962.2,878.2,1554.6,4868.5,6774.3,270.5,0.0,275.9,0.0,1200.7,1189.8,2847.2,2858.5,55.0,0.0,12.0,0.0,64.0,0.0,0.0,161.4
2838,490622,49,1,4,9787.2,13435.1,8624.8,12168.7,41.2,139.3,1039.6,2925.6,604.2,1044.8,3391.8,5206.1,258.9,0.0,264.1,0.0,999.7,990.9,1990.3,2001.4,66.0,0.0,10.0,0.0,41.2,0.0,0.0,139.3
2839,490623,49,1,4,8794.0,7803.8,8212.5,7176.9,46.0,82.2,1276.5,619.6,652.3,776.3,3739.2,3735.7,227.8,0.0,232.5,0.0,578.3,573.1,1462.9,1472.1,32.0,0.0,11.0,0.0,46.0,0.0,0.0,82.2
2840,490624,49,1,4,6396.0,2857.4,6109.7,2579.2,39.4,27.8,1091.0,21.8,600.5,13.6,3380.4,2110.5,229.6,0.0,234.4,0.0,121.7,120.5,311.1,312.9,134.0,0.0,7.0,0.0,39.4,0.0,0.0,27.8
2841,490625,49,1,3,3278.1,4504.9,3102.7,4314.4,19.5,20.6,571.8,136.8,297.8,13.6,1606.5,1346.5,82.6,833.9,84.3,1634.4,114.9,113.7,233.8,235.5,102.0,0.0,9.0,0.0,19.5,0.0,0.0,20.6
2842,490626,49,1,4,7657.6,5858.6,7116.9,5299.9,40.8,52.1,1089.6,863.7,651.3,100.2,3709.5,2676.0,309.3,693.0,315.9,0.0,337.3,333.7,630.0,633.3,59.0,0.0,15.0,0.0,40.8,0.0,0.0,52.1
2843,490627,49,1,4,9192.3,6232.6,8674.7,5695.6,53.5,63.1,1343.9,458.8,747.0,478.8,4281.3,3171.8,316.6,0.0,322.9,0.0,461.2,456.9,1124.7,1129.2,65.0,0.0,12.0,0.0,53.5,0.0,0.0,63.1
2844,490628,49,1,4,7133.1,4961.6,6815.3,4655.7,45.1,34.1,1135.6,218.1,644.0,53.5,3735.1,2311.0,296.9,0.0,302.9,1477.8,184.7,183.0,410.1,412.3,102.0,0.0,4.0,0.0,45.1,0.0,0.0,34.1
2845,490629,49,1,4,5449.9,6071.7,5072.6,5578.1,23.4,65.8,650.4,669.8,333.8,869.8,1938.1,2227.0,106.3,0.0,108.6,0.0,490.9,486.9,1314.5,1324.6,54.0,0.0,76.0,0.0,23.4,0.0,0.0,65.8
2846,490630,49,1,4,4588.7,4700.5,4234.9,4316.7,22.7,50.3,641.7,406.9,324.4,567.8,1790.5,2092.9,96.0,0.0,98.3,0.0,335.7,332.7,909.3,916.3,33.0,0.0,6.0,0.0,22.7,0.0,0.0,50.3
2847,490631,49,1,4,9132.2,4983.7,8711.8,4562.5,55.9,49.9,1544.1,198.1,865.8,98.4,4798.9,3462.4,325.0,0.0,331.6,0.0,236.8,234.7,564.5,568.8,37.0,0.0,8.0,0.0,55.9,0.0,0.0,49.9
2848,490632,49,1,3,6330.4,4276.9,5893.8,3782.1,33.9,43.1,916.5,683.1,530.8,78.8,3031.4,2219.3,228.7,0.0,233.5,0.0,282.0,279.8,516.9,521.1,118.0,0.0,36.0,0.0,33.9,0.0,0.0,43.1
2849,490633,49,1,4,6243.4,5288.0,5856.2,4873.9,29.6,57.8,830.9,419.7,478.9,771.4,2727.8,2318.6,212.7,0.0,217.3,0.0,336.3,333.4,1023.4,1030.9,23.0,0.0,6.0,0.0,29.6,0.0,0.0,57.8
2850,490634,49,1,4,2063.8,3772.9,1702.0,3379.2,6.4,39.4,169.9,915.6,102.5,246.1,598.8,1503.8,51.7,0.0,52.9,0.0,257.5,255.0,455.7,458.6,5.0,0.0,8.0,0.0,6.4,0.0,0.0,39.4
2851,490635,49,1,4,1818.6,7091.9,1116.4,6318.6,0.0,71.1,0.0,2340.6,0.0,176.4,8.0,2522.5,0.0,0.0,0.0,179.3,497.9,493.2,602.4,606.6,0.0,0.0,8.0,0.0,0.0,0.0,0.0,71.1
2852,490636,49,1,4,413.7,1351.4,251.2,1174.1,0.1,14.0,2.2,315.3,1.5,119.5,15.6,515.5,0.3,0.0,0.4,0.0,74.5,73.9,148.8,149.9,0.0,0.0,8.0,0.0,0.1,0.0,0.0,14.0
2853,490637,49,1,4,10537.3,5407.2,10005.1,4886.0,68.6,50.3,1648.4,332.2,933.2,107.7,5470.2,3386.8,443.5,0.0,452.4,83.5,303.4,300.3,672.0,675.4,72.0,0.0,10.0,0.0,68.6,0.0,0.0,50.3
2854,490638,49,1,4,5062.8,5503.1,4577.8,4998.8,28.9,45.4,733.3,1186.7,417.6,17.1,2307.9,2269.1,159.2,785.8,162.6,0.0,308.8,305.8,431.4,434.4,51.0,0.0,6.0,0.0,28.9,0.0,0.0,45.4
2855,490639,49,1,4,10634.8,13771.5,9571.6,12603.5,44.4,143.1,1245.0,1636.0,661.4,1620.3,3308.0,5298.7,144.9,0.0,147.9,0.0,1167.7,1158.4,2861.7,2890.0,28.0,0.0,7.0,0.0,44.4,0.0,0.0,143.1
2856,490640,49,1,4,4747.7,6290.7,4209.6,5702.1,16.8,66.2,456.7,1193.5,247.6,545.3,1352.3,1986.1,79.8,0.0,81.6,0.0,651.0,645.7,1318.6,1331.5,18.0,0.0,4.0,0.0,16.8,0.0,0.0,66.2
2857,490641,49,1,4,4043.6,2492.3,3825.3,2265.5,25.0,24.8,690.6,156.5,374.5,58.6,2048.6,1633.3,120.6,0.0,123.4,0.0,127.0,125.9,288.6,291.1,41.0,0.0,11.0,0.0,25.0,0.0,0.0,24.8
2858,490642,49,1,3,5780.1,2461.0,5523.8,2198.7,36.5,24.1,982.9,5.1,558.8,0.0,3130.3,1825.5,225.9,0.0,230.7,0.0,102.4,101.6,263.8,266.5,22.0,0.0,7.0,0.0,36.5,0.0,0.0,24.1
2859,490643,49,1,4,5176.2,3497.3,4916.3,3244.3,30.6,21.6,824.2,69.9,484.0,0.0,2771.8,1544.7,227.6,1275.5,232.5,0.0,109.2,107.9,243.9,246.1,17.0,0.0,6.0,0.0,30.6,0.0,0.0,21.6
2860,490644,49,1,4,991.0,6780.9,339.8,6058.3,0.0,69.8,0.0,2791.1,0.0,83.0,15.0,2874.8,0.0,0.0,0.0,0.0,169.5,167.7,140.4,141.7,0.0,0.0,15.0,0.0,0.0,0.0,0.0,69.8
2861,490645,49,1,4,4443.8,7185.5,3789.2,6450.3,7.0,79.6,191.3,968.6,99.8,995.2,563.8,1625.9,30.8,0.0,31.7,0.0,861.1,853.9,1990.6,2006.8,6.0,0.0,14.0,0.0,7.0,0.0,0.0,79.6
2862,490646,49,1,4,3974.0,3181.8,3730.8,2932.5,24.4,24.6,695.3,108.9,387.3,57.7,2008.9,1605.4,104.4,751.2,106.8,0.0,122.1,120.6,287.0,288.7,11.0,0.0,8.0,0.0,24.4,0.0,0.0,24.6
2863,490647,49,1,4,7166.2,3922.3,6812.8,3562.3,49.2,36.1,1216.5,240.1,681.4,17.0,3794.3,2775.9,253.5,0.0,258.8,0.0,163.4,161.6,365.8,367.8,56.0,0.0,23.0,0.0,49.2,0.0,0.0,36.1
2864,490648,49,1,4,3377.8,7175.1,3048.0,6811.5,18.3,35.0,446.8,811.4,262.8,11.2,1542.3,2012.5,128.0,892.4,130.8,2595.7,206.2,204.1,281.9,284.2,25.0,0.0,24.0,0.0,18.3,0.0,0.0,35.0
2865,490649,49,1,4,8274.1,8713.5,7698.7,8082.7,36.4,93.1,958.6,729.6,519.3,1454.8,2953.2,3173.0,202.6,0.0,206.9,0.0,698.0,692.6,2011.2,2032.6,146.0,0.0,3.0,0.0,36.4,0.0,0.0,93.1
2866,490650,49,1,4,7569.3,8564.0,6841.4,7779.6,33.5,87.7,892.6,936.9,495.8,824.0,2713.7,3691.1,175.4,0.0,179.2,0.0,690.2,684.8,1624.4,1642.8,64.0,0.0,6.0,0.0,33.5,0.0,0.0,87.7
2867,490651,49,1,4,6614.6,11333.3,5851.6,10475.2,19.0,112.2,518.3,1236.6,292.5,1577.2,1529.7,3493.4,83.5,853.4,85.3,18.4,920.9,914.4,2354.3,2381.9,59.0,0.0,8.0,0.0,19.0,0.0,0.0,112.2
2868,490652,49,1,4,4492.0,4467.6,4276.1,4254.8,27.0,24.0,745.0,235.8,412.7,0.0,2303.0,1575.2,153.4,0.0,156.5,2055.5,128.2,126.9,258.4,261.3,116.0,0.0,3.0,0.0,27.0,0.0,0.0,24.0
2869,490653,49,1,3,3792.1,1753.2,3579.3,1537.7,23.9,17.1,654.4,19.0,357.9,3.3,2017.8,1261.0,136.3,0.0,139.2,0.0,70.8,70.4,181.8,184.0,20.0,0.0,1.0,0.0,23.9,0.0,0.0,17.1
2870,490654,49,1,4,2007.4,2373.7,1719.7,2079.0,7.5,21.6,205.1,569.1,114.5,94.9,671.6,563.6,52.3,191.0,53.5,69.6,195.4,193.6,394.2,397.2,31.0,0.0,2.0,0.0,7.5,0.0,0.0,21.6
2871,490655,49,1,4,7674.4,2737.5,7391.3,2477.7,47.0,23.4,1152.6,5.9,670.8,0.0,3887.7,2060.1,326.5,0.0,333.2,0.0,115.3,114.1,296.1,297.6,603.0,0.0,6.0,0.0,47.0,0.0,0.0,23.4
2872,490656,49,1,4,5419.5,2086.6,5182.9,1847.1,35.1,18.2,862.3,4.4,513.2,0.0,2950.1,1535.5,244.5,0.0,249.4,0.0,85.6,84.5,220.9,222.7,29.0,0.0,28.0,0.0,35.1,0.0,0.0,18.2
2873,490657,49,1,4,5191.3,2370.9,4927.1,2117.9,33.8,21.6,863.7,61.7,503.2,3.2,2746.5,1694.5,192.5,0.0,196.5,0.0,105.9,104.8,250.7,253.5,60.0,0.0,8.0,0.0,33.8,0.0,0.0,21.6
2874,490658,49,1,4,7263.1,7775.7,6650.3,7121.4,38.4,78.0,1060.4,887.2,550.6,618.9,2994.5,3920.3,160.6,0.0,164.1,0.0,502.9,499.2,1180.2,1195.8,33.0,0.0,4.0,0.0,38.4,0.0,0.0,78.0
2875,490659,49,1,4,1465.7,3977.0,1268.7,3743.7,5.6,29.8,151.0,656.9,77.6,193.9,452.5,1300.9,26.1,1072.3,26.7,0.0,176.5,175.0,340.3,344.6,4.0,0.0,14.0,0.0,5.6,0.0,0.0,29.8
2876,490660,49,1,4,4654.3,2267.7,4400.2,2011.3,30.1,21.4,829.5,36.5,454.3,0.0,2457.1,1637.4,141.1,0.0,144.1,0.0,95.8,94.9,239.5,242.5,22.0,0.0,17.0,0.0,30.1,0.0,0.0,21.4
2877,490661,49,1,3,2984.3,1207.9,2826.8,1023.5,18.5,11.4,478.5,3.2,274.5,0.0,1608.2,848.9,127.4,0.0,130.2,0.0,46.8,46.6,123.1,124.8,15.0,0.0,23.0,0.0,18.5,0.0,0.0,11.4
2878,490662,49,1,3,6929.0,3809.0,6541.9,3389.1,41.9,39.4,1075.6,200.5,600.0,156.9,3555.2,2302.3,287.7,15.9,293.7,14.4,203.7,201.7,492.0,497.3,20.0,0.0,14.0,0.0,41.9,0.0,0.0,39.4
2879,490663,49,1,3,1754.6,3380.7,1487.2,3074.6,7.3,29.7,188.9,525.8,107.8,130.5,598.4,1300.7,41.5,332.3,42.4,299.4,179.1,177.4,305.0,308.5,18.0,0.0,6.0,0.0,7.3,0.0,0.0,29.7
2880,490664,49,1,3,4224.9,2259.7,4004.6,2008.0,25.0,23.2,669.9,163.1,372.4,61.7,2152.8,1433.9,157.7,0.0,161.1,0.0,99.5,98.6,248.4,250.8,119.0,0.0,24.0,0.0,25.0,0.0,0.0,23.2
2881,490665,49,1,3,4231.5,1751.1,4010.5,1521.3,26.2,16.9,698.6,3.1,399.2,0.0,2263.8,1261.7,170.9,0.0,174.5,0.0,71.2,70.5,184.3,185.9,43.0,0.0,5.0,0.0,26.2,0.0,0.0,16.9
2882,490666,49,1,3,2626.9,1551.2,2474.2,1356.1,15.4,15.1,443.0,60.0,244.3,43.6,1314.6,1008.0,68.0,0.0,69.6,0.0,68.4,67.9,175.2,176.6,56.0,0.0,35.0,0.0,15.4,0.0,0.0,15.1
2883,490667,49,1,4,4877.7,5284.5,4633.4,5054.3,32.2,22.8,788.0,142.9,452.1,6.8,2558.6,1596.9,195.7,744.2,200.0,2148.9,136.5,135.1,276.5,279.6,25.0,0.0,1.0,0.0,32.2,0.0,0.0,22.8
2884,490668,49,1,4,6104.5,3241.3,5842.9,2983.1,42.6,31.3,1160.6,62.5,598.6,6.9,3213.2,2408.2,165.1,0.0,168.6,0.0,144.7,143.4,357.1,362.1,28.0,0.0,7.0,0.0,42.6,0.0,0.0,31.3
2885,490669,49,1,4,1976.5,5241.7,1633.4,4834.3,0.9,56.8,21.4,1069.4,11.6,861.5,71.7,1378.8,3.2,0.0,3.2,0.0,430.0,427.1,1081.4,1097.5,1.0,0.0,10.0,0.0,0.9,0.0,0.0,56.8
2886,490670,49,1,4,3318.5,3026.4,3033.7,2717.1,14.3,31.4,360.3,312.4,205.6,324.6,1211.2,1050.2,99.7,0.0,101.9,0.0,305.2,302.8,716.8,727.0,22.0,0.0,11.0,0.0,14.3,0.0,0.0,31.4
2887,490671,49,1,4,9868.8,9964.2,9214.7,9238.5,41.9,110.3,1124.6,601.4,611.0,1904.7,3376.2,3057.9,211.5,0.0,215.8,0.0,927.9,921.7,2711.7,2752.8,31.0,0.0,5.0,0.0,41.9,0.0,0.0,110.3
2888,490672,49,1,4,4324.3,5484.2,3865.1,4984.7,19.5,57.6,519.1,839.9,292.6,573.7,1560.4,2289.1,92.6,0.0,94.6,0.0,369.5,367.1,901.3,914.9,29.0,0.0,6.0,0.0,19.5,0.0,0.0,57.6
2889,490673,49,1,3,4865.5,5834.5,4299.6,5213.0,28.9,61.9,740.6,976.9,415.8,3.4,2300.0,3722.7,154.3,0.0,157.7,0.0,213.9,212.1,294.4,297.8,14.0,0.0,9.0,0.0,28.9,0.0,0.0,61.9
2890,490674,49,1,3,2810.6,5853.1,2266.8,5226.8,5.3,66.3,134.7,1441.4,80.1,520.9,440.0,1717.9,31.1,0.0,31.8,0.0,503.4,499.7,1035.8,1046.9,3.0,0.0,7.0,0.0,5.3,0.0,0.0,66.3
2891,490675,49,1,3,6821.8,6192.9,6419.4,5746.8,38.6,59.1,959.6,530.6,552.6,597.3,3116.5,2283.4,233.7,1037.0,238.6,0.0,348.2,345.5,943.2,953.1,22.0,0.0,5.0,0.0,38.6,0.0,0.0,59.1
2892,490676,49,1,3,6398.3,7373.5,6071.3,7031.0,40.7,34.9,1078.2,268.5,608.9,0.0,3329.3,2276.3,217.0,0.0,221.3,3896.8,199.4,197.4,389.2,392.0,19.0,0.0,9.0,0.0,40.7,0.0,0.0,34.9
2893,490677,49,1,3,4035.7,5776.6,3748.5,5467.4,24.3,34.6,607.2,451.3,350.4,186.7,1912.0,1570.5,131.5,851.3,134.4,1810.7,180.3,178.5,414.5,418.4,16.0,0.0,2.0,0.0,24.3,0.0,0.0,34.6
2894,490678,49,1,3,6302.3,2483.2,5997.6,2176.7,40.5,23.3,1019.2,6.4,607.3,0.0,3350.8,1799.2,256.6,0.0,261.6,0.0,103.6,102.6,266.6,268.5,129.0,0.0,3.0,0.0,40.5,0.0,0.0,23.3
2895,490679,49,1,4,3352.7,1558.5,3170.1,1386.8,21.7,13.4,596.9,3.0,325.0,0.0,1759.9,1150.3,102.5,0.0,104.5,0.0,64.8,64.1,168.5,169.4,44.0,0.0,4.0,0.0,21.7,0.0,0.0,13.4
2896,490680,49,1,4,2955.5,6497.2,2640.7,6104.0,0.0,73.2,0.0,544.6,0.0,1817.9,12.0,1102.4,0.0,0.0,0.0,0.0,616.4,611.6,2000.4,2027.4,0.0,0.0,12.0,0.0,0.0,0.0,0.0,73.2
2897,490681,49,1,4,3288.7,6688.5,2979.2,6297.1,1.3,76.6,35.0,501.2,18.5,1872.3,107.9,1098.8,5.1,0.0,5.2,0.0,666.1,661.4,2131.4,2163.4,1.0,0.0,9.0,0.0,1.3,0.0,0.0,76.6
2898,490682,49,1,4,12345.5,20798.9,10943.0,19165.6,4.8,228.2,127.9,2056.0,70.1,4983.3,395.3,1750.2,24.2,0.0,24.8,0.0,2769.8,2751.1,7515.9,7625.0,5.0,0.0,10.0,0.0,4.8,0.0,0.0,228.2
2899,490683,49,1,4,10302.1,14125.8,9516.5,13227.5,38.5,147.6,970.8,1182.0,506.7,3029.7,2830.5,4156.5,166.5,0.0,169.9,0.0,1179.9,1169.6,3654.2,3689.7,30.0,0.0,8.0,0.0,38.5,0.0,0.0,147.6
2900,490684,49,1,4,3642.5,3595.8,3298.0,3193.6,15.5,34.5,381.6,485.9,217.2,277.3,1221.4,1479.2,79.3,0.0,81.2,0.0,303.0,300.6,643.2,650.6,329.0,0.0,42.0,0.0,15.5,0.0,0.0,34.5
2901,490685,49,1,4,1396.7,2714.3,1160.0,2430.4,0.5,28.3,12.0,473.5,6.9,406.7,62.6,493.7,2.5,0.0,2.5,0.0,315.9,313.4,733.6,743.2,0.0,0.0,24.0,0.0,0.5,0.0,0.0,28.3
2902,490686,49,1,4,8092.0,16143.7,6821.7,14698.6,0.0,172.0,0.0,1893.6,0.0,2897.0,5.0,3031.3,0.0,0.0,0.0,0.0,1960.5,1948.4,4851.3,4928.3,0.0,0.0,5.0,0.0,0.0,0.0,0.0,172.0
2903,490687,49,1,4,4279.0,6691.4,3794.2,6139.6,12.9,72.6,344.8,1178.0,178.3,1000.7,986.2,1784.8,53.8,0.0,55.0,0.0,619.4,614.7,1538.7,1561.3,10.0,0.0,8.0,0.0,12.9,0.0,0.0,72.6
2904,490688,49,1,3,4928.3,2852.8,4683.4,2581.6,32.3,26.1,827.0,168.6,429.4,51.5,2455.1,1883.8,149.7,0.0,153.0,0.0,148.3,146.8,327.8,331.0,169.0,0.0,24.0,0.0,32.3,0.0,0.0,26.1
2905,490689,49,1,4,4699.4,1918.7,4501.1,1727.1,30.0,16.8,772.5,5.2,422.6,0.0,2418.2,1431.8,169.1,0.0,172.8,0.0,80.3,79.7,207.6,210.5,248.0,0.0,10.0,0.0,30.0,0.0,0.0,16.8
2906,490690,49,1,4,7729.4,4754.9,7349.5,4368.7,50.8,45.5,1389.0,105.9,732.1,195.9,3724.6,3011.6,169.1,0.0,172.7,0.0,294.4,292.2,752.5,763.0,104.0,0.0,11.0,0.0,50.8,0.0,0.0,45.5
2907,490691,49,1,4,5672.2,3518.3,5409.8,3265.0,35.5,22.4,886.2,106.7,502.7,14.3,2951.1,1729.2,243.0,1009.0,248.3,0.0,124.1,123.0,279.4,282.7,166.0,0.0,9.0,0.0,35.5,0.0,0.0,22.4
2908,490692,49,1,4,7648.6,5702.6,7172.9,5196.3,44.3,57.1,1102.8,602.4,607.0,344.9,3515.6,2869.1,258.3,0.0,263.7,0.0,429.1,425.9,941.5,954.0,39.0,0.0,16.0,0.0,44.3,0.0,0.0,57.1
2909,490693,49,1,4,4741.2,4849.6,4371.1,4456.4,26.6,49.6,718.0,487.1,373.8,406.0,2030.8,2559.0,109.1,0.0,111.5,0.0,289.8,287.7,707.0,716.5,29.0,0.0,2.0,0.0,26.6,0.0,0.0,49.6
2910,490694,49,1,4,3996.6,2097.4,3758.7,1863.1,26.3,20.2,647.7,205.9,350.5,0.0,2092.5,1349.9,163.5,0.0,166.9,0.0,102.2,101.5,203.3,205.8,26.0,0.0,6.0,0.0,26.3,0.0,0.0,20.2
2911,490695,49,1,4,6724.0,8010.4,5983.7,7147.0,25.3,87.5,637.2,1611.0,352.0,601.8,2030.9,2302.4,134.8,0.0,137.6,0.0,868.5,862.2,1748.6,1769.5,14.0,0.0,60.0,0.0,25.3,0.0,0.0,87.5
2912,490696,49,1,3,1432.6,774.6,1330.4,658.7,9.5,6.6,245.8,20.6,126.7,10.6,736.2,513.8,45.1,0.0,46.2,0.0,31.5,31.4,81.0,82.4,7.0,0.0,11.0,0.0,9.5,0.0,0.0,6.6
2913,490697,49,1,3,3643.8,2756.8,3442.1,2552.1,24.7,16.4,610.2,69.7,346.4,0.0,1885.4,1210.6,123.1,980.7,125.8,0.0,91.4,90.7,197.8,200.4,59.0,0.0,3.0,0.0,24.7,0.0,0.0,16.4
2914,490698,49,1,4,4296.4,2161.9,4076.1,1942.7,28.8,20.6,713.8,134.0,411.2,0.0,2250.5,1443.7,153.1,0.0,156.5,0.0,119.2,118.4,243.8,246.6,17.0,0.0,11.0,0.0,28.8,0.0,0.0,20.6
2915,490699,49,1,4,4297.6,4089.7,3941.1,3711.6,27.9,42.8,729.9,590.0,397.7,93.3,1901.9,2287.0,73.6,0.0,75.3,0.0,253.1,250.9,484.4,490.3,20.0,0.0,5.0,0.0,27.9,0.0,0.0,42.8
2916,490700,49,1,4,7683.2,6058.5,7275.9,5610.6,39.3,70.1,927.2,371.3,547.5,1055.4,3195.8,2168.0,278.0,0.0,283.7,0.0,511.8,507.6,1491.0,1508.2,31.0,0.0,10.0,0.0,39.3,0.0,0.0,70.1
2917,490701,49,1,4,4378.8,3810.1,4192.3,3548.2,25.1,44.1,633.5,205.4,330.2,595.0,1909.4,1723.9,112.7,0.0,115.2,0.0,246.8,244.9,770.4,778.9,18.0,0.0,56.0,0.0,25.1,0.0,0.0,44.1
2918,490702,49,1,4,1955.8,5598.8,1537.4,5108.7,4.3,63.0,106.0,532.1,55.2,712.3,320.9,2857.1,17.6,0.0,18.1,0.0,268.9,266.7,732.7,740.5,3.0,0.0,15.0,0.0,4.3,0.0,0.0,63.0
2919,490703,49,1,3,3933.0,1644.5,3750.0,1451.5,29.1,17.3,655.0,3.3,357.2,0.0,2057.7,1203.7,144.3,0.0,147.5,0.0,67.6,67.2,175.8,177.3,133.0,0.0,12.0,0.0,29.1,0.0,0.0,17.3
2920,490704,49,1,4,5048.5,1652.9,4799.0,1422.4,33.7,15.4,723.6,3.5,458.6,0.0,2777.8,1179.5,286.5,0.0,292.4,0.0,66.1,65.7,171.9,173.6,17.0,0.0,5.0,0.0,33.7,0.0,0.0,15.4
2921,490705,49,1,4,6390.9,6451.2,5960.1,6009.1,40.0,47.0,919.7,435.4,505.1,174.1,2865.2,2032.9,201.0,1143.3,205.4,974.0,404.6,401.0,840.2,848.5,16.0,0.0,3.0,0.0,40.0,0.0,0.0,47.0
2922,490706,49,1,3,3254.3,1468.9,3084.8,1292.1,24.1,14.5,548.5,21.3,296.5,18.2,1726.7,1026.7,123.1,0.0,125.8,0.0,61.7,61.1,163.6,164.7,32.0,0.0,7.0,0.0,24.1,0.0,0.0,14.5
2923,490707,49,1,3,383.5,1551.1,298.1,1427.6,0.0,12.5,0.0,257.2,0.0,82.3,23.0,357.1,0.0,0.0,0.0,478.8,94.0,93.1,158.1,159.0,0.0,0.0,23.0,0.0,0.0,0.0,0.0,12.5
2924,490708,49,1,3,1760.2,2381.5,1563.1,2160.9,10.2,28.6,230.5,890.7,121.8,88.6,701.5,773.5,47.0,0.0,48.0,0.0,157.0,155.6,250.1,252.6,6.0,0.0,1.0,0.0,10.2,0.0,0.0,28.6
2925,490709,49,1,4,3878.1,1767.2,3699.6,1594.5,30.3,19.7,697.1,3.7,361.0,0.0,2080.3,1322.2,133.4,0.0,136.3,0.0,74.4,74.0,193.1,194.6,21.0,0.0,3.0,0.0,30.3,0.0,0.0,19.7
2926,490710,49,1,3,342.1,852.1,237.0,723.4,0.0,11.3,0.0,224.5,0.0,153.3,9.0,126.8,0.0,0.0,0.0,0.0,69.1,68.5,149.9,150.4,0.0,0.0,9.0,0.0,0.0,0.0,0.0,11.3
2927,490711,49,1,4,5498.7,2544.7,5239.6,2295.0,42.5,28.9,939.1,36.9,523.9,23.6,2940.3,1837.4,205.0,0.0,209.2,0.0,112.2,111.2,283.8,285.9,24.0,0.0,2.0,0.0,42.5,0.0,0.0,28.9
2928,490712,49,1,3,1807.2,1334.0,1616.4,1133.6,12.6,16.3,266.0,348.2,150.4,31.2,841.6,560.6,58.5,0.0,59.8,0.0,87.6,86.9,105.5,106.8,42.0,0.0,5.0,0.0,12.6,0.0,0.0,16.3
2929,490713,49,1,4,4033.2,2413.6,3750.4,2128.6,29.8,27.6,653.6,261.6,347.6,79.3,2035.9,1417.3,144.6,0.0,147.7,0.0,122.2,120.9,247.8,249.5,48.0,0.0,3.0,0.0,29.8,0.0,0.0,27.6
2930,490714,49,1,4,12409.8,12128.8,11451.9,11120.5,61.3,108.0,1573.7,1653.9,830.6,727.7,4598.7,5887.2,276.2,0.0,281.9,0.0,941.8,932.7,1906.9,1919.0,1038.0,0.0,4.0,0.0,61.3,0.0,0.0,108.0
2931,490715,49,1,4,11966.2,54351.9,10836.0,53036.4,12.7,196.1,345.6,7028.6,187.9,30.8,1046.3,12081.6,66.3,0.0,67.8,814.8,3987.5,3950.1,4791.5,4823.4,334.0,24307.0,9.0,0.0,12.7,0.0,0.0,196.1
2932,490716,49,1,4,6187.8,2899.2,5921.7,2647.0,39.4,22.8,1088.4,24.0,569.0,0.0,3266.2,2192.1,212.2,0.0,216.4,0.0,123.3,121.7,307.2,309.2,135.0,0.0,4.0,0.0,39.4,0.0,0.0,22.8
2933,490717,49,1,4,2962.5,1044.3,2834.1,921.9,14.0,7.4,383.3,16.7,194.9,0.0,1110.7,756.4,65.1,0.0,66.7,0.0,40.9,40.7,107.6,108.2,860.0,0.0,5.0,0.0,14.0,0.0,0.0,7.4
2934,490718,49,1,4,7374.3,2961.9,7099.1,2701.9,43.4,23.6,1118.5,108.3,595.0,3.1,3406.6,2152.5,230.7,0.0,235.3,0.0,123.7,122.3,314.2,315.7,1070.0,0.0,5.0,0.0,43.4,0.0,0.0,23.6
2935,490719,49,1,3,931.5,371.1,851.6,286.7,4.6,2.7,119.3,4.7,60.8,0.0,346.5,236.8,19.8,0.0,20.3,0.0,12.0,12.0,32.9,33.2,236.0,0.0,4.0,0.0,4.6,0.0,0.0,2.7
2936,490720,49,1,3,788.4,647.4,693.1,544.6,2.2,5.4,55.9,84.6,31.1,51.3,172.6,274.5,10.8,0.0,11.3,0.0,42.1,41.7,91.3,92.5,277.0,0.0,1.0,0.0,2.2,0.0,0.0,5.4
2937,490721,49,1,2,2756.0,942.1,2661.9,798.2,14.9,7.8,353.3,11.6,186.6,0.0,1151.4,656.1,79.2,0.0,80.8,0.0,35.6,35.4,94.0,95.0,631.0,0.0,50.0,0.0,14.9,0.0,0.0,7.8
2938,490722,49,1,3,4364.7,1636.8,4152.6,1423.7,25.8,15.2,576.6,67.3,319.3,25.2,1916.2,1086.8,157.7,0.0,161.0,0.0,71.1,70.5,172.6,174.0,775.0,0.0,3.0,0.0,25.8,0.0,0.0,15.2
2939,490723,49,1,2,5935.6,1894.7,5773.6,1707.8,9.3,16.2,226.6,398.1,119.3,0.0,708.4,871.1,48.7,0.0,49.8,0.0,187.0,184.5,252.9,254.1,4173.0,0.0,8.0,0.0,9.3,0.0,0.0,16.2
2940,490724,49,1,3,4967.0,3257.7,4766.9,3023.1,31.7,18.9,757.2,83.6,397.2,0.0,2370.1,1488.3,163.2,1097.5,166.7,0.0,112.1,110.4,242.4,243.4,525.0,0.0,33.0,0.0,31.7,0.0,0.0,18.9
2941,490725,49,1,3,5289.5,1670.0,5073.8,1451.7,32.1,16.5,687.6,3.3,405.2,0.0,2368.0,1205.2,207.9,0.0,212.3,0.0,67.7,66.9,175.1,176.3,945.0,0.0,5.0,0.0,32.1,0.0,0.0,16.5
2942,490726,49,1,2,136.5,83.6,82.4,23.5,0.5,0.2,11.1,0.0,7.2,0.0,47.7,20.5,4.1,0.0,4.3,0.0,0.6,0.6,2.4,2.4,0.0,0.0,5.0,0.0,0.5,0.0,0.0,0.2
2943,490727,49,1,3,5583.2,2450.8,5327.3,2192.1,42.2,24.5,967.1,5.4,523.3,0.0,2986.3,1818.8,204.1,0.0,208.4,0.0,102.9,101.6,265.3,266.3,63.0,0.0,7.0,0.0,42.2,0.0,0.0,24.5
2944,490728,49,1,3,2603.0,649.4,2516.4,529.7,10.8,6.8,235.4,0.7,127.4,0.0,753.3,441.4,49.5,0.0,50.6,0.0,23.8,23.7,63.4,63.9,1185.0,0.0,28.0,0.0,10.8,0.0,0.0,6.8
2945,490729,49,1,2,263.4,294.7,203.5,224.2,1.1,2.1,24.7,40.0,14.7,14.4,93.1,121.2,7.1,0.0,7.4,0.0,16.5,16.5,32.0,32.1,0.0,0.0,8.0,0.0,1.1,0.0,0.0,2.1
2946,490730,49,1,3,6380.6,3083.2,6080.8,2781.3,43.0,33.5,921.7,128.7,542.6,227.0,3169.6,1624.2,275.7,0.0,281.4,0.0,225.6,223.0,576.2,578.4,87.0,0.0,1.0,0.0,43.0,0.0,0.0,33.5
2947,490731,49,1,3,3313.0,1527.1,3158.3,1343.9,24.4,18.4,485.1,44.7,282.0,58.0,1710.7,905.3,153.2,0.0,156.4,0.0,97.0,95.9,238.9,240.1,10.0,0.0,25.0,0.0,24.4,0.0,0.0,18.4
2948,490732,49,1,2,390.0,1304.4,95.9,999.7,0.0,9.0,1.0,444.4,0.7,7.0,4.7,460.8,0.2,0.0,0.1,0.0,69.7,68.8,18.4,18.7,0.0,0.0,1.0,0.0,0.0,0.0,0.0,9.0
2949,490733,49,1,2,351.8,1040.4,189.4,867.1,0.1,8.9,1.8,229.8,1.2,110.9,5.4,346.3,0.3,0.0,0.2,0.0,62.3,61.6,118.0,118.4,0.0,0.0,0.0,0.0,0.1,0.0,0.0,8.9
2950,490734,49,1,2,617.5,1442.0,517.8,1329.3,3.0,8.0,67.5,137.6,35.4,37.1,211.8,373.7,14.0,612.5,14.3,0.0,63.1,62.2,105.7,106.1,1.0,0.0,5.0,0.0,3.0,0.0,0.0,8.0
2951,490735,49,1,3,3110.8,1760.6,2916.6,1557.0,22.7,18.4,504.0,82.0,286.0,52.3,1602.5,1144.7,113.8,0.0,116.2,0.0,81.4,80.5,196.8,197.6,12.0,0.0,4.0,0.0,22.7,0.0,0.0,18.4
2952,490736,49,1,3,5019.1,2731.4,4770.3,2465.4,39.2,32.2,858.8,79.6,457.8,122.9,2587.3,1767.6,163.1,0.0,166.5,0.0,134.2,132.6,361.5,362.8,28.0,0.0,13.0,0.0,39.2,0.0,0.0,32.2
2953,490737,49,1,3,3233.4,2628.0,3041.6,2423.3,25.1,18.3,533.1,78.8,292.4,0.0,1690.8,1067.4,121.9,1012.2,124.6,0.0,86.0,85.2,178.8,179.7,6.0,0.0,8.0,0.0,25.1,0.0,0.0,18.3
2954,490738,49,1,2,102.4,93.6,21.7,6.8,0.1,0.1,2.9,0.0,1.7,0.0,12.7,6.2,0.9,0.0,0.8,0.0,0.1,0.1,0.5,0.5,0.0,0.0,2.0,0.0,0.1,0.0,0.0,0.1
2955,490739,49,1,2,440.7,2514.3,196.3,3491.3,0.4,9.8,9.8,407.7,5.5,61.0,36.7,1651.4,1.7,0.0,1.8,0.0,68.2,67.3,65.6,66.0,0.0,0.0,7.0,1238.0,0.4,0.0,0.0,9.8
2956,490740,49,1,2,250.8,152.3,162.5,57.4,1.3,0.6,26.8,0.1,16.2,0.0,94.2,49.0,7.9,0.0,8.2,0.0,1.9,1.9,6.4,6.4,0.0,0.0,1.0,0.0,1.3,0.0,0.0,0.6
2957,490741,49,1,2,539.1,457.8,443.2,339.7,2.9,4.2,61.6,79.3,36.5,14.6,219.1,185.9,16.4,0.0,16.9,0.0,20.0,20.0,39.6,40.0,20.0,0.0,13.0,0.0,2.9,0.0,0.0,4.2
2958,490742,49,1,3,1860.1,2465.5,1717.5,2313.6,13.3,10.1,282.6,71.2,163.3,0.0,947.2,579.2,77.5,0.0,79.2,1502.2,55.4,54.9,105.2,106.0,3.0,0.0,4.0,0.0,13.3,0.0,0.0,10.1
2959,490743,49,1,3,344.3,186.2,254.0,91.2,2.1,1.2,42.2,0.0,26.1,0.0,146.3,77.4,11.6,0.0,12.0,0.0,3.4,3.4,10.4,10.4,0.0,0.0,2.0,0.0,2.1,0.0,0.0,1.2
2960,490744,49,1,4,8077.4,5338.9,7494.5,4736.3,47.9,58.6,1200.1,939.1,654.1,169.0,3613.6,2417.6,233.3,0.0,238.2,0.0,439.2,435.7,767.0,774.9,344.0,0.0,5.0,0.0,47.9,0.0,0.0,58.6
2961,490745,49,1,4,4995.0,1620.6,4801.3,1430.3,32.2,17.2,708.0,32.3,469.6,0.0,2713.3,1144.2,251.4,0.0,256.7,0.0,74.8,74.3,177.4,179.6,138.0,0.0,12.0,0.0,32.2,0.0,0.0,17.2
2962,490746,49,1,4,4798.8,3675.4,4512.6,3374.9,27.7,38.7,686.2,624.0,389.9,0.0,2253.4,1953.7,177.1,0.0,180.8,0.0,323.0,319.7,474.2,477.6,24.0,0.0,4.0,0.0,27.7,0.0,0.0,38.7
2963,490747,49,1,4,8124.6,3831.7,7803.9,3522.9,56.3,38.6,1492.0,29.1,772.2,0.0,4338.1,2884.9,259.6,0.0,264.9,0.0,173.9,172.1,434.1,436.8,66.0,0.0,3.0,0.0,56.3,0.0,0.0,38.6
2964,490748,49,1,4,12069.6,10275.4,11094.3,9221.0,54.8,119.9,1259.2,1309.2,720.7,830.8,4062.8,3424.0,308.3,0.0,314.4,0.0,1168.3,1159.3,2473.6,2497.8,780.0,0.0,7.0,0.0,54.8,0.0,0.0,119.9
2965,490749,49,1,4,4457.1,4282.6,4056.9,3841.1,17.6,51.0,371.2,525.2,246.4,427.6,1394.1,1099.3,120.8,0.0,123.5,0.0,570.1,565.0,1212.9,1223.9,12.0,0.0,6.0,0.0,17.6,0.0,0.0,51.0
2966,490750,49,1,4,44579.7,139205.1,41873.9,135987.6,0.2,503.1,4.3,18495.2,3.3,23.7,36.0,48448.6,1.5,0.0,1.8,0.0,17474.5,17289.9,20598.5,20684.3,3738.0,31046.0,16.0,0.0,0.2,0.0,0.0,503.1
2967,490751,49,1,4,7146.2,6066.0,6956.8,5862.4,22.1,29.9,551.5,309.9,281.8,7.3,1431.3,1561.1,59.5,0.0,60.9,3509.1,173.2,171.7,300.6,303.3,4093.0,0.0,5.0,0.0,22.1,0.0,0.0,29.9
2968,490752,49,1,4,4623.5,3568.9,4240.2,3147.7,19.8,42.6,410.6,349.9,278.3,325.6,1582.1,803.5,135.1,0.0,138.0,0.0,528.1,523.8,1134.9,1144.9,19.0,0.0,14.0,0.0,19.8,0.0,0.0,42.6
2969,490753,49,1,4,3957.7,3920.0,3634.4,3567.5,27.7,46.7,681.7,486.2,354.8,160.8,1737.6,2228.4,67.3,0.0,68.8,0.0,222.6,220.4,467.5,471.6,27.0,0.0,7.0,0.0,27.7,0.0,0.0,46.7
2970,490754,49,1,4,5800.0,2233.9,5588.8,2028.6,42.3,25.9,932.0,19.1,541.4,0.0,3041.4,1659.0,233.9,0.0,238.8,0.0,99.8,99.0,249.4,251.4,243.0,0.0,9.0,0.0,42.3,0.0,0.0,25.9
2971,490755,49,1,4,5738.2,2581.9,5509.9,2357.8,43.9,29.1,1026.5,6.0,546.1,0.0,3042.5,1950.2,189.4,0.0,193.3,0.0,111.8,111.1,288.3,290.5,104.0,0.0,8.0,0.0,43.9,0.0,0.0,29.1
2972,490756,49,1,4,13935.9,10939.9,13083.8,10014.7,60.2,121.9,1463.9,1353.5,760.2,641.7,4145.5,5507.1,227.0,0.0,231.6,0.0,833.0,825.1,1676.6,1687.3,3740.0,0.0,6.0,0.0,60.2,0.0,0.0,121.9
2973,490757,49,1,4,7095.0,3083.9,6811.0,2811.5,49.4,31.9,1138.6,60.0,657.3,61.8,3705.8,2095.3,286.3,0.0,292.1,0.0,171.3,169.5,422.6,424.9,133.0,0.0,4.0,0.0,49.4,0.0,0.0,31.9
2974,490758,49,1,4,6220.2,2572.5,5965.7,2328.3,42.5,25.4,957.3,59.3,579.5,52.1,3366.5,1802.0,302.2,0.0,308.4,0.0,117.3,116.0,297.6,298.9,30.0,0.0,7.0,0.0,42.5,0.0,0.0,25.4
2975,490759,49,1,4,4055.1,5611.7,3591.2,5087.9,15.3,71.3,368.4,551.2,190.9,778.5,963.4,1774.3,40.9,0.0,41.9,0.0,575.1,570.2,1401.5,1413.7,7.0,0.0,2.0,0.0,15.3,0.0,0.0,71.3
2976,490760,49,1,4,5935.4,1932.5,5729.4,1742.9,40.2,20.7,863.4,4.0,525.9,0.0,3057.1,1443.2,276.2,0.0,281.9,0.0,82.3,81.5,212.5,214.1,427.0,0.0,3.0,0.0,40.2,0.0,0.0,20.7
2977,490761,49,1,4,4165.0,3115.7,3899.9,2837.3,27.6,38.5,618.2,350.7,336.4,207.4,1912.0,1550.7,133.6,0.0,136.4,0.0,216.0,213.9,510.3,514.4,35.0,0.0,2.0,0.0,27.6,0.0,0.0,38.5
2978,490762,49,1,4,5529.4,2017.0,5303.9,1796.0,28.4,21.0,611.9,186.0,386.3,58.0,2220.1,1115.1,201.0,0.0,205.2,0.0,137.9,136.5,298.4,300.3,1239.0,0.0,4.0,0.0,28.4,0.0,0.0,21.0
2979,490763,49,1,4,4946.8,2100.2,4775.0,1918.3,34.3,24.3,799.6,15.8,414.7,3.7,2321.5,1572.8,134.2,0.0,137.1,0.0,91.3,90.4,233.7,235.7,625.0,0.0,18.0,0.0,34.3,0.0,0.0,24.3
2980,490764,49,1,4,6359.9,4459.0,5923.3,3999.5,40.2,45.5,889.4,963.8,534.7,23.0,3120.6,2243.9,277.2,0.0,283.0,0.0,302.9,299.4,467.5,469.5,33.0,0.0,15.0,0.0,40.2,0.0,0.0,45.5
2981,490765,49,1,4,6072.4,9125.6,5422.0,8348.3,16.1,108.3,397.7,1181.3,207.7,1534.9,1156.1,2366.6,60.0,0.0,61.3,0.0,920.7,913.6,2327.5,2351.8,258.0,0.0,33.0,0.0,16.1,0.0,0.0,108.3
2982,490766,49,1,4,4621.7,8457.0,3796.9,7539.9,20.1,95.8,460.2,2609.2,249.7,241.9,1427.9,3241.3,96.9,0.0,99.0,0.0,607.4,602.4,836.8,845.1,9.0,0.0,10.0,0.0,20.1,0.0,0.0,95.8
2983,490767,49,1,4,7503.3,25665.9,4840.3,22669.0,0.1,293.0,2.7,9736.0,1.9,524.9,18.7,7591.1,0.3,0.0,0.3,0.0,2162.0,2146.5,2643.5,2670.4,0.0,0.0,11.0,0.0,0.1,0.0,0.0,293.0
2984,490768,49,1,4,3620.0,2855.9,3351.3,2565.3,23.0,33.0,552.7,508.1,280.1,38.7,1477.7,1553.1,70.4,0.0,72.0,0.0,168.9,167.4,295.4,297.9,424.0,0.0,10.0,0.0,23.0,0.0,0.0,33.0
2985,490769,49,1,4,2355.2,5925.0,1923.3,5419.5,7.0,70.4,170.4,1002.4,88.8,425.7,439.5,2809.2,17.4,0.0,17.9,0.0,420.4,416.8,758.8,765.3,1.0,0.0,9.0,0.0,7.0,0.0,0.0,70.4
2986,490770,49,1,4,2581.1,3522.2,2382.6,3299.7,16.6,28.9,390.1,506.7,203.5,0.0,1084.6,1240.0,53.3,1107.2,54.6,0.0,181.9,180.1,263.6,265.7,141.0,0.0,10.0,0.0,16.6,0.0,0.0,28.9
2987,490771,49,1,4,5523.7,3424.7,5237.4,3127.7,39.2,40.5,930.2,232.6,479.1,89.0,2540.7,2141.5,123.2,0.0,125.8,0.0,203.2,201.3,459.2,463.2,370.0,0.0,6.0,0.0,39.2,0.0,0.0,40.5
2988,490772,49,1,4,3329.9,3276.8,3153.6,3064.6,19.6,42.0,451.4,218.1,237.5,530.1,1263.2,1318.7,61.9,0.0,63.5,106.8,220.8,218.6,667.3,672.2,175.0,0.0,13.0,0.0,19.6,0.0,0.0,42.0
2989,490773,49,1,4,2860.7,3745.9,2573.1,3409.8,14.6,46.5,348.8,424.4,180.9,416.1,926.4,1548.2,38.7,0.0,39.8,0.0,299.9,297.0,718.5,724.2,4.0,0.0,16.0,0.0,14.6,0.0,0.0,46.5
2990,490774,49,1,4,2670.9,5214.1,2104.7,4577.5,0.0,65.9,0.0,881.4,0.0,556.7,4.0,1036.9,0.0,0.0,0.0,0.0,689.9,683.8,1406.8,1418.6,0.0,0.0,4.0,0.0,0.0,0.0,0.0,65.9
2991,490775,49,1,4,3446.6,5480.5,3006.2,4970.2,13.6,69.8,326.4,1062.8,168.7,431.6,860.5,2025.4,35.8,0.0,36.7,0.0,467.5,463.3,979.5,987.1,119.0,0.0,12.0,0.0,13.6,0.0,0.0,69.8
2992,490776,49,1,4,3238.3,1143.3,3144.9,1041.4,13.5,13.6,320.2,40.1,163.7,57.0,882.2,731.6,43.5,0.0,44.5,0.0,57.3,56.9,154.5,155.9,1471.0,0.0,8.0,0.0,13.5,0.0,0.0,13.6
2993,490777,49,1,4,1952.4,1729.0,1875.5,1649.7,8.2,8.6,194.2,80.5,99.2,0.0,553.7,471.7,30.7,950.0,31.4,0.0,53.4,53.0,94.0,94.6,816.0,0.0,3.0,0.0,8.2,0.0,0.0,8.6
2994,490778,49,1,4,1758.6,551.1,1704.6,483.3,8.6,5.5,205.1,0.5,104.7,0.0,598.9,402.0,32.4,0.0,33.2,0.0,22.0,21.9,58.3,58.8,632.0,0.0,18.0,0.0,8.6,0.0,0.0,5.5
2995,490779,49,1,4,3061.7,1751.7,2882.4,1573.0,22.3,20.5,505.3,68.9,267.4,54.0,1494.9,1167.5,91.6,0.0,93.6,0.0,80.0,79.4,201.6,203.2,147.0,0.0,1.0,0.0,22.3,0.0,0.0,20.5
2996,490780,49,1,4,4494.8,8962.0,3859.7,8224.7,13.4,111.5,310.0,1736.9,159.8,739.4,886.4,3345.3,49.4,0.0,50.7,0.0,827.9,820.7,1569.5,1582.4,4.0,0.0,2.0,0.0,13.4,0.0,0.0,111.5
2997,490781,49,1,4,2881.9,7362.4,1839.0,6234.5,7.2,88.3,170.6,1857.4,88.3,400.9,443.0,2880.7,19.0,0.0,19.5,0.0,464.1,460.0,630.5,635.5,2.0,0.0,2.0,0.0,7.2,0.0,0.0,88.3
2998,490782,49,1,4,4257.2,8654.8,3703.3,7995.7,15.8,113.9,369.5,1791.5,192.0,452.6,975.5,3677.3,42.0,0.0,43.0,0.0,794.9,787.5,1277.4,1286.8,3.0,0.0,6.0,0.0,15.8,0.0,0.0,113.9
2999,490783,49,1,4,2600.5,2011.5,2381.1,1785.5,18.8,23.6,439.2,270.1,229.6,31.7,1240.4,1170.2,65.3,0.0,66.8,0.0,107.6,106.6,205.2,206.8,24.0,0.0,3.0,0.0,18.8,0.0,0.0,23.6
3000,490784,49,1,4,3624.1,3041.5,3387.6,2792.9,24.8,35.9,588.1,192.2,302.4,285.0,1650.5,1669.2,88.3,0.0,90.4,0.0,173.2,171.3,472.6,475.1,21.0,0.0,1.0,0.0,24.8,0.0,0.0,35.9
3001,490785,49,1,4,4364.3,1834.1,4184.6,1665.9,32.2,19.4,716.8,36.5,402.6,14.9,2354.3,1324.7,187.7,0.0,191.7,0.0,82.7,82.1,206.8,207.8,41.0,0.0,1.0,0.0,32.2,0.0,0.0,19.4
3002,490786,49,1,4,2281.2,8201.6,1523.3,7360.0,0.0,79.6,0.0,2443.9,0.0,480.8,7.0,2929.2,0.0,0.0,0.0,0.0,600.4,593.9,908.9,912.1,0.0,0.0,7.0,0.0,0.0,0.0,0.0,79.6
3003,490787,49,1,4,4723.9,1863.9,4540.6,1691.2,33.1,17.5,786.2,4.0,444.6,0.0,2572.4,1401.6,203.8,0.0,207.9,0.0,79.5,78.9,206.0,206.8,34.0,0.0,6.0,0.0,33.1,0.0,0.0,17.5
3004,490788,49,1,4,5497.1,3948.1,5199.0,3648.3,35.8,28.7,915.2,249.4,503.4,15.3,2835.8,1897.1,191.0,956.3,194.9,0.0,175.2,173.0,355.6,357.2,16.0,0.0,12.0,0.0,35.8,0.0,0.0,28.7
3005,490789,49,1,4,2321.0,1045.3,2183.6,912.0,14.5,8.5,390.4,2.4,213.0,0.0,1152.5,757.1,65.6,0.0,67.1,0.0,41.9,41.8,110.1,110.8,134.0,0.0,9.0,0.0,14.5,0.0,0.0,8.5
3006,490790,49,1,4,2584.8,2616.1,2420.0,2442.2,17.6,23.1,400.4,191.5,209.5,149.4,1197.1,1016.5,75.1,639.8,76.9,0.0,134.1,132.8,309.9,312.1,13.0,0.0,4.0,0.0,17.6,0.0,0.0,23.1
3007,490791,49,1,4,2692.0,2042.8,2503.9,1847.7,20.0,24.9,451.2,172.3,231.3,92.5,1310.1,1241.5,77.8,0.0,79.6,0.0,104.3,103.1,236.5,238.3,11.0,0.0,2.0,0.0,20.0,0.0,0.0,24.9
3008,490792,49,1,4,4522.0,4581.3,4214.3,4232.8,31.2,62.0,715.3,457.4,369.7,529.9,1876.9,2183.3,81.8,0.0,83.7,0.0,286.3,283.3,773.6,779.0,18.0,0.0,9.0,0.0,31.2,0.0,0.0,62.0
3009,490793,49,1,4,1814.8,1885.9,1679.5,1712.9,11.2,25.2,258.8,153.8,133.3,203.7,692.1,848.9,29.3,0.0,30.1,0.0,143.9,142.4,362.1,364.1,6.0,0.0,24.0,0.0,11.2,0.0,0.0,25.2
3010,490794,49,1,4,1267.3,924.1,1153.3,796.7,9.0,10.5,208.3,166.8,107.0,3.6,609.4,497.3,34.0,0.0,34.9,0.0,53.7,53.5,75.0,75.4,18.0,0.0,13.0,0.0,9.0,0.0,0.0,10.5
3011,490795,49,1,4,3233.5,2853.7,3013.1,2620.5,21.8,33.0,525.5,197.6,267.3,281.5,1439.6,1521.8,73.2,0.0,75.0,0.0,166.5,164.4,453.0,455.2,11.0,0.0,2.0,0.0,21.8,0.0,0.0,33.0
3012,490796,49,1,4,3174.4,3346.9,2908.6,3058.6,19.8,36.6,481.2,655.3,246.4,112.2,1321.8,1588.2,65.3,0.0,66.9,0.0,262.5,259.2,442.4,443.7,16.0,0.0,6.0,0.0,19.8,0.0,0.0,36.6
3013,490797,49,1,4,5274.6,3412.3,5030.0,3179.1,37.2,24.5,836.2,115.1,469.3,62.2,2776.2,1641.3,229.2,917.5,234.1,0.0,132.6,131.0,311.5,312.2,37.0,0.0,4.0,0.0,37.2,0.0,0.0,24.5
3014,490798,49,1,4,2409.4,1072.0,2296.9,939.8,16.7,9.2,404.6,1.8,220.8,0.0,1229.3,782.5,71.4,0.0,73.1,0.0,42.9,42.5,112.8,113.0,113.0,0.0,29.0,0.0,16.7,0.0,0.0,9.2
3015,490799,49,1,3,1851.8,1181.8,1678.6,998.9,12.9,13.2,268.0,151.5,155.2,26.1,899.1,648.3,73.5,0.0,75.2,0.0,58.6,58.0,114.0,115.0,32.0,0.0,3.0,0.0,12.9,0.0,0.0,13.2
3016,490800,49,1,3,6486.0,3483.2,6199.5,3197.9,55.8,43.6,1267.8,8.2,645.7,0.0,3349.4,2649.1,159.5,0.0,162.9,0.0,151.2,149.7,388.0,390.8,72.0,0.0,3.0,0.0,55.8,0.0,0.0,43.6
3017,490801,49,1,4,2355.2,1188.8,2202.4,1036.3,18.4,14.3,384.4,144.1,211.0,3.6,1239.1,721.4,94.9,0.0,97.1,0.0,61.0,60.5,105.8,106.7,5.0,0.0,4.0,0.0,18.4,0.0,0.0,14.3
3018,490802,49,1,4,537.6,1058.8,424.1,935.5,2.2,13.5,43.3,135.2,24.8,100.5,145.2,512.5,11.5,0.0,11.9,0.0,56.5,56.1,130.1,131.1,0.0,0.0,1.0,0.0,2.2,0.0,0.0,13.5
3019,490803,49,1,4,938.5,2899.1,585.0,2510.4,0.0,36.4,0.0,777.9,0.0,225.1,3.0,929.3,0.0,0.0,0.0,0.0,226.0,223.3,353.0,354.9,0.0,0.0,3.0,0.0,0.0,0.0,0.0,36.4
3020,490804,49,1,4,4619.0,2838.6,4339.8,2558.7,33.2,28.4,784.5,324.5,408.0,70.1,2361.2,1708.2,153.6,0.0,157.1,0.0,151.6,149.4,305.9,306.5,13.0,0.0,5.0,0.0,33.2,0.0,0.0,28.4
3021,490805,49,1,4,7146.1,3061.8,6809.7,2740.7,55.3,35.7,1142.9,88.0,657.3,27.5,3858.5,2161.2,329.5,0.0,335.6,0.0,133.1,131.1,331.8,332.9,18.0,0.0,3.0,0.0,55.3,0.0,0.0,35.7
3022,490806,49,1,4,2109.7,853.3,1967.4,717.6,16.4,10.0,330.5,1.0,190.3,0.0,1123.8,599.8,95.7,0.0,97.6,0.0,32.0,31.8,84.4,84.9,7.0,0.0,6.0,0.0,16.4,0.0,0.0,10.0
3023,490807,49,1,4,3594.9,1495.5,3429.0,1337.3,29.3,18.0,610.8,3.2,336.0,0.0,1952.4,1110.9,146.2,0.0,149.3,0.0,61.7,61.3,160.6,162.0,10.0,0.0,2.0,0.0,29.3,0.0,0.0,18.0
3024,490808,49,1,4,5494.5,15624.0,4375.2,14296.9,0.1,206.3,1.5,2196.8,1.2,2519.2,12.2,5226.2,0.7,0.0,0.8,0.0,1239.3,1225.0,3114.6,3129.7,0.0,0.0,5.0,0.0,0.1,0.0,0.0,206.3
3025,490809,49,1,4,4654.4,8908.7,3962.7,8079.0,0.0,137.4,0.0,994.2,0.0,1768.6,4.0,1358.2,0.0,0.0,0.0,0.0,1130.2,1117.6,2824.4,2840.3,0.0,0.0,4.0,0.0,0.0,0.0,0.0,137.4
3026,490810,49,1,4,4551.0,10366.9,3961.8,9616.7,0.0,159.6,0.0,1029.2,0.0,2562.7,5.0,2066.5,0.0,0.0,0.0,0.0,1004.7,993.6,2947.1,2964.8,0.0,0.0,5.0,0.0,0.0,0.0,0.0,159.6
3027,490811,49,1,4,1246.0,3916.0,809.6,3427.7,0.0,51.8,0.0,1125.6,0.0,375.4,4.0,1127.4,0.0,0.0,0.0,0.0,315.8,311.7,485.8,487.7,0.0,0.0,4.0,0.0,0.0,0.0,0.0,51.8
3028,490812,49,1,4,2871.1,9926.9,1958.0,8867.8,0.0,142.7,0.0,4050.1,0.0,470.8,3.0,2402.2,0.0,0.0,0.0,0.0,784.1,773.7,1167.9,1171.0,0.0,0.0,3.0,0.0,0.0,0.0,0.0,142.7
3029,490813,49,1,3,6304.1,3227.9,6010.3,2927.3,45.0,34.3,1011.4,265.6,554.7,150.9,3333.1,1963.1,269.9,0.0,275.6,0.0,146.3,144.4,403.3,403.2,11.0,0.0,5.0,0.0,45.0,0.0,0.0,34.3
3030,490814,49,1,3,5487.2,2541.3,5226.6,2274.3,40.7,25.7,971.8,5.7,509.3,0.0,2867.8,1891.1,175.4,0.0,179.2,0.0,106.3,104.5,273.7,272.9,135.0,0.0,8.0,0.0,40.7,0.0,0.0,25.7
3031,490815,49,1,3,2225.0,1482.7,2072.5,1315.2,15.1,16.9,322.9,124.1,179.0,129.7,1068.7,745.9,86.5,0.0,88.4,0.0,85.6,84.5,231.5,231.0,4.0,0.0,6.0,0.0,15.1,0.0,0.0,16.9
3032,490816,49,1,3,6120.9,4177.7,5814.2,3867.6,43.7,35.3,946.4,419.2,530.7,0.0,3178.4,2096.9,270.4,712.0,276.1,48.2,215.1,211.2,383.2,380.0,12.0,0.0,2.0,0.0,43.7,0.0,0.0,35.3
3033,490817,49,1,4,516.7,2154.5,276.6,1891.0,0.0,26.4,0.0,572.5,0.0,153.4,2.0,893.8,0.0,0.0,0.0,0.0,112.4,110.8,160.2,160.5,0.0,0.0,2.0,0.0,0.0,0.0,0.0,26.4
3034,490818,49,1,3,129.9,388.2,22.3,274.9,0.0,3.8,0.0,127.6,0.0,0.0,2.0,129.1,0.0,0.0,0.0,0.0,17.3,17.2,1.0,1.0,0.0,0.0,2.0,0.0,0.0,0.0,0.0,3.8
3035,490819,49,1,3,5210.0,3871.1,4924.4,3576.8,38.4,34.3,884.7,323.4,455.4,67.6,2668.2,1880.4,176.5,764.2,180.2,0.0,183.2,180.4,361.2,360.7,12.0,0.0,3.0,0.0,38.4,0.0,0.0,34.3
3036,490820,49,1,3,976.5,3037.8,752.6,2772.8,0.0,42.5,0.0,1000.1,0.0,192.7,1.0,834.1,0.0,0.0,0.0,0.0,300.3,295.8,450.3,450.0,0.0,0.0,1.0,0.0,0.0,0.0,0.0,42.5
3037,490821,49,1,3,80.0,148.1,35.6,97.2,0.0,1.5,0.0,22.6,0.0,12.4,5.0,36.9,0.0,0.0,0.0,0.0,7.8,7.8,17.8,17.6,0.0,0.0,5.0,0.0,0.0,0.0,0.0,1.5
3038,490822,49,1,3,822.3,1730.8,591.6,1480.4,1.8,19.3,39.5,685.9,20.8,155.6,125.6,258.1,8.0,0.0,8.4,0.0,168.5,165.4,216.8,215.3,0.0,0.0,4.0,0.0,1.8,0.0,0.0,19.3
3039,490823,49,1,3,1269.9,3708.2,870.6,3253.4,0.0,54.6,0.0,1208.8,0.0,616.9,5.0,580.0,0.0,0.0,0.0,0.0,302.3,296.1,558.3,551.6,0.0,0.0,5.0,0.0,0.0,0.0,0.0,54.6
3040,490824,49,1,3,1192.1,4530.9,397.1,3683.5,0.0,60.2,0.0,2643.7,0.0,0.0,2.0,654.9,0.0,0.0,0.0,0.0,392.4,384.2,0.7,0.7,0.0,0.0,2.0,0.0,0.0,0.0,0.0,60.2
3041,490825,49,1,3,1321.9,4246.9,891.4,3768.0,0.0,51.0,0.0,1660.9,0.0,321.9,1.0,910.6,0.0,0.0,0.0,0.0,355.4,348.4,533.9,526.2,0.0,0.0,1.0,0.0,0.0,0.0,0.0,51.0
3042,490826,49,1,3,2328.7,2169.9,2145.2,1962.3,11.7,28.8,259.0,93.0,131.5,506.4,752.0,489.0,52.2,0.0,53.5,0.0,222.3,216.9,668.7,657.1,5.0,0.0,1.0,0.0,11.7,0.0,0.0,28.8
3043,490827,49,1,3,1534.5,3725.2,1214.4,3338.8,0.0,65.5,0.0,534.5,0.0,722.6,1.0,884.5,0.0,0.0,0.0,0.0,334.3,327.9,878.1,869.2,0.0,0.0,1.0,0.0,0.0,0.0,0.0,65.5
3044,490828,49,1,3,521.5,1633.3,222.6,1310.2,0.0,22.1,0.0,840.0,0.0,94.0,2.0,161.3,0.0,0.0,0.0,0.0,136.0,133.2,82.6,81.7,0.0,0.0,2.0,0.0,0.0,0.0,0.0,22.1
3045,490829,49,1,3,3494.1,7945.2,2312.9,6665.1,0.0,105.6,0.0,3096.1,0.0,481.1,2.0,820.3,0.0,0.0,0.0,0.0,975.6,954.6,1333.2,1313.0,0.0,0.0,2.0,0.0,0.0,0.0,0.0,105.6
3046,490830,49,1,3,3114.1,2363.3,2817.0,2052.7,21.8,29.4,443.0,553.1,244.6,52.5,1431.4,1024.8,128.8,0.0,131.6,0.0,183.9,179.3,247.6,243.1,5.0,0.0,1.0,0.0,21.8,0.0,0.0,29.4
3047,490831,49,1,3,1986.0,1631.7,1777.7,1407.7,12.2,18.6,273.3,183.4,140.1,87.9,797.9,696.5,55.4,0.0,56.7,0.0,144.7,141.1,304.6,298.8,2.0,0.0,3.0,0.0,12.2,0.0,0.0,18.6
3048,490832,49,1,3,433.1,1356.4,314.7,1215.8,0.0,17.3,0.0,202.0,0.0,169.2,4.0,338.9,0.0,0.0,0.0,203.4,94.4,92.5,212.4,209.8,0.0,0.0,4.0,0.0,0.0,0.0,0.0,17.3
3049,490833,49,1,3,395.0,180.3,312.8,97.5,2.6,1.3,49.3,0.1,28.0,0.0,180.2,84.1,19.6,0.0,20.1,0.0,3.2,3.3,10.3,10.1,1.0,0.0,1.0,0.0,2.6,0.0,0.0,1.3
3050,490834,49,1,3,89.7,122.2,11.3,40.4,0.0,0.7,0.0,17.0,0.0,7.3,1.0,6.8,0.0,0.0,0.0,0.0,3.3,3.3,6.0,5.9,0.0,0.0,1.0,0.0,0.0,0.0,0.0,0.7
3051,490835,49,1,3,5253.2,4173.5,4832.1,3728.4,36.1,52.6,740.6,540.9,405.9,353.0,2384.0,1993.4,211.4,0.0,215.9,0.0,262.7,255.7,597.6,585.4,12.0,0.0,2.0,0.0,36.1,0.0,0.0,52.6
3052,490836,49,1,3,5375.0,4846.5,4916.8,4351.7,36.9,60.1,805.6,622.3,415.7,366.5,2340.7,2373.6,162.3,0.0,165.7,0.0,315.0,306.9,696.8,682.4,9.0,0.0,6.0,0.0,36.9,0.0,0.0,60.1
3053,490837,49,1,3,5989.4,2339.8,5706.4,2068.2,46.2,23.3,1031.6,5.6,538.0,0.0,3222.4,1746.0,286.4,0.0,292.4,0.0,90.2,88.1,233.3,228.5,11.0,0.0,1.0,0.0,46.2,0.0,0.0,23.3
3054,490838,49,1,2,370.6,911.6,232.6,757.1,0.2,15.7,1.7,214.9,1.3,172.7,8.0,153.5,0.7,0.0,0.8,0.0,65.1,63.7,154.1,152.4,0.0,0.0,1.0,0.0,0.2,0.0,0.0,15.7
3055,490839,49,1,3,4345.8,2394.2,4141.6,2194.3,33.4,23.1,644.8,86.6,365.6,0.0,2333.3,1165.4,257.6,0.0,263.0,681.0,87.1,84.8,179.3,176.5,10.0,0.0,1.0,0.0,33.4,0.0,0.0,23.1
3056,490840,49,1,3,6298.8,3356.4,6019.6,3084.5,49.5,34.0,942.9,105.8,535.9,15.4,3408.4,1729.3,375.8,879.1,383.4,0.0,112.3,109.4,249.9,245.5,10.0,0.0,1.0,0.0,49.5,0.0,0.0,34.0
3057,490841,49,1,4,2776.4,2225.9,2565.9,2004.5,19.1,28.2,434.6,170.4,216.4,139.9,1166.2,1093.0,60.2,0.0,61.5,0.0,188.8,183.8,426.2,417.5,11.0,0.0,1.0,0.0,19.1,0.0,0.0,28.2
3058,490842,49,1,4,3261.2,2649.3,2998.9,2377.2,24.6,31.7,555.7,257.9,288.7,106.8,1526.1,1573.5,79.5,0.0,81.3,0.0,144.3,140.3,305.3,298.7,17.0,0.0,1.0,0.0,24.6,0.0,0.0,31.7
3059,490843,49,1,3,3761.1,2515.4,3569.7,2325.8,28.8,21.0,643.1,60.6,330.3,0.0,1832.1,1340.8,115.7,648.8,118.2,0.0,87.7,85.4,194.6,190.2,248.0,0.0,0.0,0.0,28.8,0.0,0.0,21.0
3060,490844,49,1,3,4018.1,1685.5,3818.0,1491.8,30.9,16.3,692.6,3.1,376.3,0.0,2151.4,1265.0,175.4,0.0,179.1,0.0,63.6,61.9,165.4,161.7,13.0,0.0,1.0,0.0,30.9,0.0,0.0,16.3
3061,490845,49,1,3,345.7,661.1,248.5,549.0,0.0,12.9,0.0,111.7,0.0,102.6,1.0,92.0,0.0,0.0,0.0,0.0,76.1,74.3,170.4,168.5,0.0,0.0,1.0,0.0,0.0,0.0,0.0,12.9
3062,490846,49,1,3,1489.5,1906.5,1373.1,1785.0,11.7,13.4,251.6,70.0,124.8,0.0,697.0,590.0,41.3,809.5,42.2,166.3,52.9,51.7,99.2,97.6,64.0,0.0,0.0,0.0,11.7,0.0,0.0,13.4
3063,490847,49,1,3,4378.9,4100.8,3983.2,3668.0,35.1,65.2,730.2,580.2,372.6,144.4,2008.0,2324.1,113.4,0.0,115.9,0.0,216.8,210.8,416.3,408.5,9.0,0.0,1.0,0.0,35.1,0.0,0.0,65.2
3064,490848,49,1,4,4638.1,5430.4,4193.1,4928.4,22.1,76.8,484.3,580.7,242.6,785.2,1330.4,1627.7,72.9,0.0,74.4,0.0,583.2,567.0,1398.1,1367.8,4.0,0.0,3.0,0.0,22.1,0.0,0.0,76.8
3065,490849,49,1,4,3695.6,5402.3,3216.9,4870.0,21.8,72.1,476.7,960.9,240.7,464.7,1307.9,2444.8,69.7,0.0,71.3,0.0,335.1,325.5,689.5,674.0,22.0,0.0,4.0,0.0,21.8,0.0,0.0,72.1
3066,490850,49,1,3,2686.1,3689.2,2469.2,3433.6,15.2,50.5,331.1,453.9,166.1,533.0,898.5,1381.6,47.8,0.0,48.8,118.0,279.7,271.1,693.2,676.0,3.0,0.0,1.0,0.0,15.2,0.0,0.0,50.5
3067,490851,49,1,3,4415.8,1976.8,4190.6,1752.2,35.1,21.8,760.1,63.3,395.8,0.0,2325.4,1424.4,188.1,0.0,192.1,0.0,80.1,78.1,190.9,186.4,54.0,0.0,4.0,0.0,35.1,0.0,0.0,21.8
3068,490852,49,1,3,3732.6,3214.5,3522.8,2993.2,26.0,16.6,620.3,102.9,326.6,0.0,1903.9,1213.4,159.1,0.0,162.4,1398.0,96.0,93.1,190.6,185.8,49.0,0.0,15.0,0.0,26.0,0.0,0.0,16.6
3069,490853,49,1,3,5138.0,11332.5,4455.3,10406.9,0.0,241.5,0.0,1079.8,0.0,2749.8,4.0,2196.6,0.0,0.0,0.0,0.0,1161.3,1134.6,3286.0,3246.0,0.0,0.0,4.0,0.0,0.0,0.0,0.0,241.5
3070,490854,49,1,3,88.6,88.1,10.0,0.0,0.0,0.0,0.0,0.0,0.0,0.0,5.0,0.0,0.0,0.0,0.0,0.0,0.0,0.0,0.0,0.0,0.0,0.0,5.0,0.0,0.0,0.0,0.0,0.0
3071,490855,49,1,3,3382.6,7505.8,2917.3,6913.3,4.7,125.6,84.4,701.3,48.4,1375.3,300.1,1518.7,31.2,946.8,31.9,0.0,660.6,643.5,1754.6,1727.6,3.0,0.0,3.0,0.0,4.7,0.0,0.0,125.6
3072,490856,49,1,3,4964.3,5902.8,4477.4,5368.5,35.5,71.5,719.6,792.1,356.7,220.5,2180.0,2184.8,181.3,0.0,185.3,1368.9,291.1,283.2,528.4,519.0,30.0,0.0,5.0,0.0,35.5,0.0,0.0,71.5
3073,490857,49,1,3,2739.2,2254.8,2553.2,2042.6,22.2,34.2,463.7,173.2,232.2,164.6,1272.0,1288.1,67.4,0.0,69.0,3.7,119.5,116.2,303.3,296.8,15.0,0.0,11.0,0.0,22.2,0.0,0.0,34.2
3074,490858,49,1,3,3386.1,5725.2,2935.0,5215.8,19.9,73.9,430.3,1023.1,224.5,223.1,1080.1,2274.1,43.7,621.8,44.7,0.0,409.9,397.6,692.8,676.0,6.0,0.0,3.0,0.0,19.9,0.0,0.0,73.9
3075,490859,49,1,3,2940.9,2476.1,2776.5,2303.2,25.8,22.5,581.5,52.6,299.5,0.0,1460.0,1411.7,62.7,558.9,64.1,0.0,88.0,85.5,199.6,194.6,15.0,0.0,6.0,0.0,25.8,0.0,0.0,22.5
3076,490860,49,1,3,3322.9,4890.4,3051.2,4594.8,22.4,30.8,503.6,478.5,253.4,0.0,1477.1,1428.5,117.0,0.0,119.6,2163.5,219.5,212.7,320.9,311.6,36.0,0.0,4.0,0.0,22.4,0.0,0.0,30.8
3077,490861,49,1,3,4318.2,2356.3,4072.4,2097.2,31.6,22.0,745.8,368.7,384.0,12.0,2219.8,1410.7,174.4,0.0,178.0,0.0,96.1,92.9,219.4,212.9,42.0,0.0,13.0,0.0,31.6,0.0,0.0,22.0
3078,490862,49,1,3,1941.3,846.2,1781.0,688.6,13.2,6.3,326.9,2.2,168.4,0.0,964.6,586.1,74.4,0.0,76.1,0.0,28.5,27.4,75.1,72.9,67.0,0.0,0.0,0.0,13.2,0.0,0.0,6.3
3079,490863,49,1,3,5001.8,3384.0,4702.9,3065.8,43.9,57.2,884.6,368.9,462.2,132.5,2498.1,2049.4,143.0,0.0,146.0,0.0,162.5,158.2,361.5,356.8,43.0,0.0,2.0,0.0,43.9,0.0,0.0,57.2
3080,490864,49,1,3,4401.7,1550.9,4193.4,1346.4,37.3,23.1,681.6,4.2,382.7,0.0,2398.6,1140.7,255.5,0.0,260.8,0.0,57.0,55.5,148.2,146.0,7.0,0.0,2.0,0.0,37.3,0.0,0.0,23.1
3081,490865,49,1,3,6416.3,2675.9,6121.8,2384.4,55.5,37.5,1133.8,5.3,555.8,0.0,3460.7,2018.4,288.6,0.0,294.5,0.0,102.6,100.0,264.7,260.7,16.0,0.0,5.0,0.0,55.5,0.0,0.0,37.5
3082,490866,49,1,3,381.4,547.1,249.4,403.8,1.6,6.1,33.4,88.9,17.0,35.2,108.0,212.5,8.6,0.0,8.8,0.0,24.1,23.8,44.4,43.5,0.0,0.0,5.0,0.0,1.6,0.0,0.0,6.1
3083,490867,49,1,3,577.0,628.8,444.5,484.0,3.4,7.2,69.5,129.1,37.1,23.4,219.7,260.6,17.3,0.0,17.7,0.0,30.7,29.9,41.6,41.0,5.0,0.0,6.0,0.0,3.4,0.0,0.0,7.2
3084,490868,49,1,3,2772.5,1158.4,2624.6,1011.3,23.2,14.0,447.7,18.9,252.6,3.9,1490.4,839.7,135.6,0.0,138.5,0.0,43.6,42.3,109.2,106.6,4.0,0.0,3.0,0.0,23.2,0.0,0.0,14.0
3085,490869,49,1,3,2471.6,1886.5,2332.6,1743.9,20.3,14.3,420.4,52.1,221.7,0.0,1293.8,866.3,99.3,642.1,101.4,0.0,60.1,58.4,128.0,124.9,4.0,0.0,4.0,0.0,20.3,0.0,0.0,14.3
3086,490870,49,1,3,3652.4,1748.4,3482.6,1575.0,29.1,17.9,664.1,3.8,355.4,0.0,1953.1,1337.9,127.0,0.0,129.8,0.0,66.7,64.6,173.4,168.6,6.0,0.0,7.0,0.0,29.1,0.0,0.0,17.9
3087,490871,49,1,3,2478.3,1117.7,2280.8,916.8,18.4,9.6,434.5,2.5,222.2,0.0,1273.7,779.7,102.2,0.0,104.4,0.0,38.4,37.2,100.3,97.5,4.0,0.0,1.0,0.0,18.4,0.0,0.0,9.6
3088,490872,49,1,3,4706.1,1863.0,4492.1,1650.8,33.4,15.3,786.9,3.5,422.4,0.0,2540.7,1403.2,233.8,0.0,238.6,0.0,70.0,67.9,181.7,176.1,7.0,0.0,11.0,0.0,33.4,0.0,0.0,15.3
3089,490873,49,1,3,2466.7,1098.9,2342.2,958.8,21.0,12.1,426.9,2.3,225.0,0.0,1320.5,815.9,99.7,0.0,101.9,0.0,39.8,38.8,104.5,101.8,5.0,0.0,19.0,0.0,21.0,0.0,0.0,12.1
3090,490874,49,1,3,2293.2,1164.9,2122.8,990.4,17.1,10.6,386.2,47.4,200.5,15.7,1177.6,776.8,96.8,0.0,98.9,0.0,45.0,43.7,109.7,106.8,4.0,0.0,4.0,0.0,17.1,0.0,0.0,10.6
3091,490875,49,1,3,1450.7,649.3,1325.6,509.7,10.1,4.7,242.2,0.9,126.8,0.0,742.1,435.2,57.8,0.0,59.1,0.0,20.5,20.1,55.1,53.5,9.0,0.0,13.0,0.0,10.1,0.0,0.0,4.7
3092,490876,49,1,2,1436.1,620.9,1287.5,472.9,9.6,4.2,231.3,0.9,121.7,0.0,724.1,403.9,66.0,0.0,67.5,0.0,18.9,18.6,51.0,49.6,7.0,0.0,0.0,0.0,9.6,0.0,0.0,4.2
3093,490877,49,1,3,67.2,72.8,0.3,3.6,0.0,0.2,0.0,3.3,0.0,0.0,0.0,0.0,0.0,0.0,0.0,0.0,0.3,0.3,0.0,0.0,0.0,0.0,0.0,0.0,0.0,0.0,0.0,0.2
3094,490878,49,1,3,69.4,82.9,1.3,12.7,0.0,0.3,0.0,11.5,0.0,0.0,0.0,0.0,0.0,0.0,0.0,0.0,1.3,1.2,0.0,0.0,0.0,0.0,0.0,0.0,0.0,0.0,0.0,0.3
3095,490879,49,1,2,72.4,68.5,12.0,0.0,0.0,0.0,0.0,0.0,0.0,0.0,6.0,0.0,0.0,0.0,0.0,0.0,0.0,0.0,0.0,0.0,0.0,0.0,6.0,0.0,0.0,0.0,0.0,0.0
3096,490880,49,1,2,177.7,283.7,102.0,196.5,0.5,3.4,9.2,68.7,5.4,23.3,37.4,67.1,2.4,0.0,2.5,0.0,14.8,14.5,23.4,23.0,0.0,0.0,7.0,0.0,0.5,0.0,0.0,3.4
3097,490881,49,1,2,259.1,408.4,171.4,308.8,1.0,5.5,19.2,103.6,10.6,35.3,66.7,111.9,4.4,0.0,4.6,0.0,23.0,22.4,35.9,35.5,0.0,0.0,7.0,0.0,1.0,0.0,0.0,5.5
3098,490882,49,1,2,459.2,308.0,379.9,225.3,3.2,4.0,56.1,27.5,34.0,11.6,204.8,153.9,20.8,0.0,21.4,0.0,9.1,9.0,23.8,23.4,9.0,0.0,1.0,0.0,3.2,0.0,0.0,4.0
3099,490883,49,1,2,1308.7,657.3,1201.7,549.4,9.1,7.1,180.0,35.2,101.5,31.7,592.7,390.6,52.9,0.0,54.2,0.0,25.6,24.9,68.8,67.0,126.0,0.0,0.0,0.0,9.1,0.0,0.0,7.1
3100,490884,49,1,3,2335.1,1825.9,2114.8,1596.2,16.7,20.4,366.7,157.6,185.9,142.2,1039.3,970.9,69.4,0.0,70.9,0.0,97.6,94.3,238.1,231.2,47.0,0.0,0.0,0.0,16.7,0.0,0.0,20.4
3101,490885,49,1,3,2810.4,1326.0,2622.2,1139.6,21.0,11.8,478.5,27.4,252.0,11.8,1447.9,935.1,117.2,0.0,119.7,0.0,47.8,46.3,123.0,118.9,36.0,0.0,0.0,0.0,21.0,0.0,0.0,11.8
3102,490886,49,1,2,2767.7,1975.3,2570.2,1779.9,18.8,10.3,451.2,68.0,238.1,0.0,1415.0,866.8,130.4,655.7,133.2,0.0,64.1,62.4,131.2,127.0,7.0,0.0,0.0,0.0,18.8,0.0,0.0,10.3
3103,490887,49,1,4,1786.7,6294.4,1205.3,5594.3,0.0,125.7,0.0,1656.6,0.0,575.7,2.0,2191.7,0.0,0.0,0.0,0.0,444.4,429.0,756.9,741.2,0.0,0.0,2.0,0.0,0.0,0.0,0.0,125.7
3104,490888,49,1,3,745.9,351.1,661.0,265.5,5.7,5.5,103.3,8.3,53.5,3.9,324.4,214.6,26.8,0.0,27.4,0.0,10.9,10.6,28.6,28.2,85.0,0.0,1.0,0.0,5.7,0.0,0.0,5.5
3105,490889,49,1,2,556.8,295.4,490.1,210.8,4.5,4.4,82.3,5.4,42.9,3.9,266.1,170.8,19.4,0.0,20.0,0.0,8.5,8.3,23.0,22.4,13.0,0.0,15.0,0.0,4.5,0.0,0.0,4.4
3106,490890,49,1,2,749.1,364.4,662.9,274.5,6.7,5.2,120.8,2.3,62.0,0.0,373.6,234.0,29.8,0.0,30.5,0.0,10.5,10.1,28.7,28.2,6.0,0.0,1.0,0.0,6.7,0.0,0.0,5.2
3107,490891,49,1,3,3019.0,1097.3,2828.7,903.8,26.5,16.8,458.4,1.9,250.7,0.0,1608.9,772.4,180.0,0.0,183.8,0.0,36.6,35.4,96.5,94.0,13.0,0.0,1.0,0.0,26.5,0.0,0.0,16.8
3108,490892,49,1,3,4070.9,1602.7,3855.7,1388.9,35.2,22.0,666.0,9.0,358.0,0.0,2186.6,1180.9,212.2,0.0,216.6,0.0,56.9,54.9,148.3,144.0,9.0,0.0,2.0,0.0,35.2,0.0,0.0,22.0
3109,490893,49,1,2,2636.9,1067.5,2469.4,896.3,21.7,12.3,424.8,14.7,231.3,1.2,1391.3,748.7,132.2,0.0,134.9,0.0,37.8,36.6,98.0,95.1,15.0,0.0,4.0,0.0,21.7,0.0,0.0,12.3
3110,490894,49,1,3,4695.8,1868.6,4457.6,1633.7,39.5,23.0,762.6,28.2,413.7,8.0,2497.4,1346.5,239.7,0.0,244.6,0.0,72.4,70.2,186.1,180.8,38.0,0.0,3.0,0.0,39.5,0.0,0.0,23.0
3111,490895,49,1,3,1449.8,1312.8,1273.9,1123.0,9.9,16.6,205.7,183.3,106.5,76.7,595.7,596.9,40.8,0.0,41.6,0.0,86.5,83.7,188.0,182.4,7.0,0.0,2.0,0.0,9.9,0.0,0.0,16.6
3112,490896,49,1,2,2149.2,2719.9,1960.4,2517.8,15.6,19.5,344.5,230.4,175.3,4.0,997.8,1075.3,69.0,923.5,70.5,0.0,115.3,111.0,179.9,173.7,5.0,0.0,3.0,0.0,15.6,0.0,0.0,19.5
3113,490897,49,1,2,4306.9,3964.0,4039.2,3691.4,31.7,22.0,707.7,137.7,377.6,0.0,2226.6,1607.5,200.7,0.0,204.8,1650.0,104.3,100.6,202.6,195.6,10.0,0.0,5.0,0.0,31.7,0.0,0.0,22.0
3114,490898,49,1,2,3547.5,1411.2,3339.9,1220.1,24.1,10.8,589.4,9.3,313.0,0.0,1859.8,1034.4,172.1,0.0,175.5,0.0,50.5,49.1,131.6,127.4,46.0,0.0,2.0,0.0,24.1,0.0,0.0,10.8
3115,490899,49,1,3,3136.3,4832.3,2847.2,4499.8,20.9,56.7,428.2,398.4,211.7,415.2,1165.2,1421.6,66.2,1392.6,67.6,0.0,268.4,257.6,634.9,614.4,2.0,0.0,3.0,0.0,20.9,0.0,0.0,56.7
3116,490900,49,1,3,1199.4,2369.9,1058.0,2218.5,8.6,10.4,169.0,110.1,91.2,0.0,537.2,442.3,48.1,0.0,49.2,1523.2,57.8,56.0,89.6,86.9,14.0,0.0,2.0,0.0,8.6,0.0,0.0,10.4
3117,490901,49,1,2,1715.8,745.2,1566.3,595.0,13.7,7.5,279.8,13.6,149.0,0.0,884.4,498.4,79.9,0.0,81.7,0.0,23.5,22.8,62.0,60.3,5.0,0.0,1.0,0.0,13.7,0.0,0.0,7.5
3118,490902,49,1,2,3000.4,1339.1,2809.9,1158.1,23.4,12.3,526.7,11.0,271.9,0.0,1562.6,981.2,121.8,0.0,124.4,0.0,47.2,45.9,124.2,120.0,29.0,0.0,2.0,0.0,23.4,0.0,0.0,12.3
3119,490903,49,1,3,3428.4,2757.9,3185.6,2495.8,29.1,39.6,607.7,160.8,297.8,143.7,1648.9,1714.2,94.5,0.0,96.6,59.5,123.4,118.5,308.7,299.0,5.0,0.0,3.0,0.0,29.1,0.0,0.0,39.6
3120,490904,49,1,2,2505.2,2079.9,2269.0,1823.0,18.8,30.2,363.3,223.5,195.5,150.3,1145.8,1109.6,102.2,0.0,104.5,0.0,104.9,100.8,246.8,238.8,4.0,0.0,2.0,0.0,18.8,0.0,0.0,30.2
3121,490905,49,1,2,703.1,298.1,587.7,182.0,4.4,2.5,87.2,0.2,45.5,0.0,279.3,156.9,26.2,0.0,26.9,0.0,6.6,6.5,19.0,18.4,97.0,0.0,0.0,0.0,4.4,0.0,0.0,2.5
3122,490906,49,1,2,909.6,818.4,754.7,648.7,6.4,12.4,114.0,66.4,63.1,57.7,379.4,410.2,37.2,0.0,38.1,0.0,33.7,32.5,84.3,81.9,4.0,0.0,1.0,0.0,6.4,0.0,0.0,12.4
3123,490907,49,1,2,901.8,434.9,774.7,304.2,7.4,5.0,139.2,5.0,75.6,0.0,438.2,257.7,38.5,0.0,39.5,0.0,11.9,11.6,30.7,29.9,1.0,0.0,0.0,0.0,7.4,0.0,0.0,5.0
3124,490908,49,1,2,1155.3,522.1,1023.2,389.9,9.1,5.3,184.6,3.8,99.7,0.0,578.4,331.8,50.8,0.0,51.9,0.0,14.9,14.6,40.9,39.6,2.0,0.0,0.0,0.0,9.1,0.0,0.0,5.3
3125,490909,49,1,2,918.4,468.6,792.5,346.0,6.7,4.1,149.4,22.6,75.5,0.0,447.4,278.2,35.9,0.0,36.7,0.0,12.4,12.1,34.1,33.1,1.0,0.0,0.0,0.0,6.7,0.0,0.0,4.1
3126,490910,49,1,2,1514.7,676.3,1370.6,531.6,12.8,8.5,243.3,19.4,128.8,0.0,769.7,439.8,70.0,0.0,71.5,0.0,20.3,19.7,54.0,52.7,13.0,0.0,0.0,0.0,12.8,0.0,0.0,8.5
3127,490911,49,1,2,1070.0,530.2,936.7,393.2,9.0,7.1,167.0,42.9,88.8,0.0,530.4,301.5,48.1,0.0,49.2,0.0,13.4,13.1,36.7,35.7,2.0,0.0,1.0,0.0,9.0,0.0,0.0,7.1
3128,490912,49,1,2,1147.7,563.0,1014.8,424.8,9.7,7.7,180.2,46.0,95.9,0.0,573.5,326.0,51.4,0.0,52.5,0.0,14.6,14.1,39.7,38.7,3.0,0.0,4.0,0.0,9.7,0.0,0.0,7.7
3129,490913,49,1,2,648.9,339.8,541.4,230.9,5.3,4.6,98.4,13.4,50.8,0.0,304.6,187.8,22.9,0.0,23.5,0.0,8.0,7.8,22.3,21.9,1.0,0.0,10.0,0.0,5.3,0.0,0.0,4.6
3130,490914,49,1,1,237.6,147.8,169.8,79.9,1.5,1.4,33.4,0.1,17.3,0.0,96.3,69.6,5.6,0.0,5.9,0.0,2.2,2.2,8.0,8.0,0.0,0.0,1.0,0.0,1.5,0.0,0.0,1.4
3131,490915,49,1,1,147.9,93.5,105.1,34.2,0.6,0.5,14.1,0.0,7.6,0.0,57.8,30.3,2.3,0.0,2.5,0.0,0.8,0.8,3.1,3.1,0.0,0.0,17.0,0.0,0.6,0.0,0.0,0.5
3132,490916,49,1,1,61.5,58.1,6.0,0.0,0.0,0.0,0.0,0.0,0.0,0.0,3.0,0.0,0.0,0.0,0.0,0.0,0.0,0.0,0.0,0.0,0.0,0.0,3.0,0.0,0.0,0.0,0.0,0.0
3133,490917,49,1,1,62.4,58.0,8.0,0.0,0.0,0.0,0.0,0.0,0.0,0.0,4.0,0.0,0.0,0.0,0.0,0.0,0.0,0.0,0.0,0.0,0.0,0.0,4.0,0.0,0.0,0.0,0.0,0.0
3134,490918,49,1,2,64.4,57.9,12.0,0.0,0.0,0.0,0.0,0.0,0.0,0.0,6.0,0.0,0.0,0.0,0.0,0.0,0.0,0.0,0.0,0.0,0.0,0.0,6.0,0.0,0.0,0.0,0.0,0.0
3135,490919,49,1,2,58.6,58.6,0.0,0.0,0.0,0.0,0.0,0.0,0.0,0.0,0.0,0.0,0.0,0.0,0.0,0.0,0.0,0.0,0.0,0.0,0.0,0.0,0.0,0.0,0.0,0.0,0.0,0.0
3136,490920,49,1,2,1100.2,3285.7,862.3,2985.1,0.0,59.5,0.0,474.3,0.0,547.5,4.0,1121.9,0.0,0.0,0.0,0.0,246.0,240.2,608.3,601.1,0.0,0.0,4.0,0.0,0.0,0.0,0.0,59.5
3137,490921,49,1,2,1356.0,2977.3,1139.6,2706.3,0.0,53.4,0.0,384.3,0.0,821.6,2.0,379.4,0.0,0.0,0.0,0.0,285.1,278.9,850.5,842.0,0.0,0.0,2.0,0.0,0.0,0.0,0.0,53.4
3138,490922,49,1,1,62.5,58.9,8.0,0.0,0.0,0.0,0.0,0.0,0.0,0.0,4.0,0.0,0.0,0.0,0.0,0.0,0.0,0.0,0.0,0.0,0.0,0.0,4.0,0.0,0.0,0.0,0.0,0.0
3139,490923,49,1,1,60.6,58.9,4.0,0.0,0.0,0.0,0.0,0.0,0.0,0.0,2.0,0.0,0.0,0.0,0.0,0.0,0.0,0.0,0.0,0.0,0.0,0.0,2.0,0.0,0.0,0.0,0.0,0.0
3140,490924,49,1,3,58.4,59.7,0.0,0.0,0.0,0.0,0.0,0.0,0.0,0.0,0.0,0.0,0.0,0.0,0.0,0.0,0.0,0.0,0.0,0.0,0.0,0.0,0.0,0.0,0.0,0.0,0.0,0.0
3141,490925,49,1,3,1068.8,2557.0,820.6,2253.6,0.0,51.4,0.0,373.0,0.0,488.3,4.0,592.5,0.0,0.0,0.0,0.0,229.0,223.3,583.7,576.5,0.0,0.0,4.0,0.0,0.0,0.0,0.0,51.4
3142,490926,49,1,1,85.3,73.3,28.6,16.3,0.3,0.3,5.2,0.0,3.1,0.0,15.7,14.8,0.5,0.0,0.6,0.0,0.2,0.2,1.3,1.3,0.0,0.0,2.0,0.0,0.3,0.0,0.0,0.3
3143,490927,49,1,1,182.3,117.2,123.3,56.9,1.1,0.9,23.3,0.0,12.4,0.0,70.1,49.9,4.0,0.0,4.3,0.0,1.6,1.5,5.5,5.5,0.0,0.0,2.0,0.0,1.1,0.0,0.0,0.9
3144,490928,49,1,1,178.4,112.8,122.6,52.4,1.1,0.7,21.7,0.0,11.7,0.0,69.3,46.1,4.1,0.0,4.3,0.0,1.4,1.4,5.0,5.0,0.0,0.0,5.0,0.0,1.1,0.0,0.0,0.7
3145,490929,49,1,1,59.5,58.9,2.0,0.0,0.0,0.0,0.0,0.0,0.0,0.0,1.0,0.0,0.0,0.0,0.0,0.0,0.0,0.0,0.0,0.0,0.0,0.0,1.0,0.0,0.0,0.0,0.0,0.0
3146,490930,49,1,3,88.5,157.6,27.3,94.3,0.2,1.8,2.6,22.1,1.9,11.5,7.2,45.8,0.2,0.0,0.3,0.0,3.8,3.8,11.2,11.0,0.0,0.0,0.0,0.0,0.2,0.0,0.0,1.8
3147,490931,49,1,3,2768.6,1645.3,2565.5,1436.5,24.6,27.0,498.4,153.6,254.1,7.3,1403.7,1066.1,85.3,0.0,87.1,0.0,74.2,72.5,138.6,137.0,24.0,0.0,0.0,0.0,24.6,0.0,0.0,27.0
3148,490932,49,1,3,5363.5,7901.0,4621.7,7030.9,27.9,154.1,538.0,1153.1,273.5,965.3,1518.4,2848.3,92.6,0.0,94.6,0.0,642.3,626.4,1455.4,1437.7,5.0,0.0,2.0,0.0,27.9,0.0,0.0,154.1
3149,490933,49,1,1,204.2,128.1,142.6,66.2,1.4,1.2,27.7,0.0,14.7,0.0,81.5,58.0,5.1,0.0,5.4,0.0,1.8,1.8,6.5,6.3,0.0,0.0,0.0,0.0,1.4,0.0,0.0,1.2
3150,490934,49,1,1,259.1,436.6,184.9,358.0,1.1,5.7,21.5,47.8,11.6,48.8,62.8,181.5,3.9,0.0,4.1,0.0,22.7,22.3,58.4,57.6,0.0,0.0,0.0,0.0,1.1,0.0,0.0,5.7
3151,490935,49,1,1,217.8,138.3,157.7,77.0,1.3,1.1,30.7,0.7,16.0,0.0,88.9,66.7,5.0,0.0,5.2,0.0,2.2,2.2,7.7,7.4,0.0,0.0,2.0,0.0,1.3,0.0,0.0,1.1
3152,490936,49,1,3,499.6,1421.3,323.5,1220.4,0.4,26.9,5.9,375.5,3.4,222.1,19.1,337.7,0.6,0.0,0.7,0.0,96.2,93.5,194.6,191.6,0.0,0.0,3.0,0.0,0.4,0.0,0.0,26.9
3153,490937,49,1,3,3581.4,11168.4,2872.8,10233.0,0.0,226.5,0.0,2469.5,0.0,1176.2,6.0,3779.0,0.0,0.0,0.0,0.0,1029.2,1002.7,1831.6,1805.6,0.0,0.0,6.0,0.0,0.0,0.0,0.0,226.5
3154,490938,49,1,4,2221.7,5141.6,2039.9,4857.7,0.0,105.7,0.0,587.9,0.0,1907.5,2.0,361.4,0.0,0.0,0.0,0.0,435.0,423.1,1600.9,1577.8,0.0,0.0,2.0,0.0,0.0,0.0,0.0,105.7
3155,490939,49,1,1,187.2,123.6,126.8,62.5,1.2,1.1,24.9,0.0,13.2,0.0,72.0,54.9,3.9,0.0,4.1,0.0,1.7,1.6,6.0,5.9,0.0,0.0,1.0,0.0,1.2,0.0,0.0,1.1
3156,490940,49,1,1,240.6,146.5,178.9,85.2,1.6,1.4,34.9,0.0,18.2,0.0,101.4,74.1,5.9,0.0,6.2,0.0,2.5,2.5,8.7,8.5,0.0,0.0,1.0,0.0,1.6,0.0,0.0,1.4
3157,490941,49,1,1,187.2,123.0,126.9,62.6,1.2,0.9,25.0,0.0,13.1,0.0,72.0,54.9,3.9,0.0,4.2,0.0,1.7,1.8,5.9,6.0,0.0,0.0,1.0,0.0,1.2,0.0,0.0,0.9
3158,490942,49,1,3,1118.8,3236.9,764.1,2812.9,0.0,71.5,0.0,1063.6,0.0,574.2,2.0,431.9,0.0,0.0,0.0,0.0,267.9,259.5,492.3,483.7,0.0,0.0,2.0,0.0,0.0,0.0,0.0,71.5
3159,490943,49,1,1,134.5,95.5,77.3,35.1,0.6,0.6,14.1,0.0,7.6,0.0,43.8,31.2,2.4,0.0,2.5,0.0,0.8,0.8,3.1,3.1,0.0,0.0,3.0,0.0,0.6,0.0,0.0,0.6
3160,490944,49,1,1,115.4,84.9,58.8,26.0,0.5,0.5,10.4,0.0,5.6,0.0,33.2,23.1,1.8,0.0,1.9,0.0,0.6,0.6,2.3,2.3,0.0,0.0,3.0,0.0,0.5,0.0,0.0,0.5
3161,490945,49,1,1,105.3,81.0,45.8,21.7,0.5,0.5,8.5,0.0,4.9,0.0,26.5,19.3,1.7,0.0,1.8,0.0,0.5,0.5,1.9,2.0,0.0,0.0,0.0,0.0,0.5,0.0,0.0,0.5
3162,490946,49,1,2,95.5,70.9,52.6,12.6,0.2,0.3,4.1,0.0,2.5,0.0,27.8,11.3,0.5,0.0,0.5,0.0,0.3,0.3,1.1,1.0,0.0,0.0,16.0,0.0,0.2,0.0,0.0,0.3
3163,490947,49,1,3,238.5,703.2,99.4,547.8,0.0,14.6,0.0,362.2,0.0,30.0,5.0,68.6,0.0,0.0,0.0,0.0,60.0,58.1,29.4,28.9,0.0,0.0,5.0,0.0,0.0,0.0,0.0,14.6
3164,490948,49,1,4,1326.6,3860.4,976.2,3422.4,0.0,92.4,0.0,980.6,0.0,789.5,2.0,704.4,0.0,0.0,0.0,0.0,299.2,288.9,673.0,658.9,0.0,0.0,2.0,0.0,0.0,0.0,0.0,92.4
3165,490949,49,1,4,1439.0,4604.0,897.8,3970.2,0.0,102.3,0.0,1731.0,0.0,556.2,1.0,810.5,0.0,0.0,0.0,0.0,380.1,367.2,515.8,505.2,0.0,0.0,1.0,0.0,0.0,0.0,0.0,102.3
3166,490950,49,1,1,67.5,67.9,8.6,8.3,0.2,0.2,1.8,0.0,1.2,0.0,4.6,7.6,0.2,0.0,0.2,0.0,0.1,0.1,0.6,0.6,0.0,0.0,0.0,0.0,0.2,0.0,0.0,0.2
3167,490951,49,1,1,94.6,68.1,62.9,8.4,0.2,0.2,1.8,0.0,1.2,0.0,31.7,7.6,0.2,0.0,0.2,0.0,0.1,0.1,0.6,0.6,0.0,0.0,27.0,0.0,0.2,0.0,0.0,0.2
3168,490952,49,1,2,90.6,72.5,42.7,12.8,0.2,0.4,4.0,0.0,2.5,0.0,22.9,11.5,0.5,0.0,0.5,0.0,0.3,0.3,1.1,1.0,0.0,0.0,11.0,0.0,0.2,0.0,0.0,0.4
3169,490953,49,1,3,282.9,481.6,213.0,395.2,0.9,10.2,16.5,84.3,9.1,91.6,58.7,108.6,3.2,0.0,3.4,0.0,29.3,28.4,83.8,82.3,0.0,0.0,9.0,0.0,0.9,0.0,0.0,10.2
3170,490954,49,1,1,79.4,72.9,20.5,12.6,0.2,0.4,4.0,0.0,2.5,0.0,11.8,11.4,0.5,0.0,0.5,0.0,0.3,0.3,1.0,1.0,0.0,0.0,0.0,0.0,0.2,0.0,0.0,0.4
3171,490955,49,1,2,58.7,59.6,0.0,0.0,0.0,0.0,0.0,0.0,0.0,0.0,0.0,0.0,0.0,0.0,0.0,0.0,0.0,0.0,0.0,0.0,0.0,0.0,0.0,0.0,0.0,0.0,0.0,0.0
3172,490956,49,1,2,67.8,68.5,9.0,8.5,0.2,0.2,1.8,0.0,1.2,0.0,4.7,7.7,0.2,0.0,0.2,0.0,0.2,0.2,0.7,0.7,0.0,0.0,0.0,0.0,0.2,0.0,0.0,0.2
3173,490957,49,1,1,58.7,59.1,0.0,0.0,0.0,0.0,0.0,0.0,0.0,0.0,0.0,0.0,0.0,0.0,0.0,0.0,0.0,0.0,0.0,0.0,0.0,0.0,0.0,0.0,0.0,0.0,0.0,0.0
3174,490958,49,1,2,140.0,184.5,101.0,118.4,0.3,3.1,5.1,13.2,3.3,20.5,41.3,59.9,1.5,0.0,1.5,0.0,6.0,5.8,19.4,19.0,0.0,0.0,23.0,0.0,0.3,0.0,0.0,3.1
3175,490959,49,1,4,5788.0,11499.9,5115.6,10533.5,0.0,293.4,0.0,909.3,0.0,3160.9,13.0,1497.4,0.0,0.0,0.0,0.0,1314.0,1266.4,3775.6,3699.5,0.0,0.0,13.0,0.0,0.0,0.0,0.0,293.4
3176,490960,49,1,2,63.8,60.3,10.0,0.0,0.0,0.0,0.0,0.0,0.0,0.0,5.0,0.0,0.0,0.0,0.0,0.0,0.0,0.0,0.0,0.0,0.0,0.0,5.0,0.0,0.0,0.0,0.0,0.0
3177,490961,49,1,4,4589.9,10239.3,3755.4,9186.8,0.0,219.6,0.0,1739.6,0.0,1920.8,9.0,1881.7,0.0,0.0,0.0,0.0,1118.6,1080.2,2618.8,2564.5,0.0,0.0,9.0,0.0,0.0,0.0,0.0,219.6
3178,490962,49,1,4,7187.8,14689.6,6306.6,13468.4,0.0,336.1,0.0,1275.5,0.0,3821.1,14.0,2246.1,0.0,0.0,0.0,0.0,1642.2,1585.4,4636.3,4540.4,0.0,0.0,14.0,0.0,0.0,0.0,0.0,336.1
3179,490963,49,1,3,2960.8,1881.4,2783.6,1686.3,26.2,37.4,468.9,104.1,239.3,170.8,1452.5,1044.2,119.4,0.0,121.9,0.0,98.1,94.7,278.5,272.5,4.0,0.0,1.0,0.0,26.2,0.0,0.0,37.4
3180,490964,49,1,4,2117.1,3962.4,1824.0,3584.2,7.7,94.6,141.1,518.7,71.4,677.7,391.2,1247.8,21.5,0.0,22.1,0.0,329.4,317.0,841.3,823.0,2.0,0.0,4.0,0.0,7.7,0.0,0.0,94.6
3181,490965,49,1,4,2170.2,3183.7,1886.7,2830.2,4.5,77.4,82.0,302.5,42.1,646.1,228.2,414.0,12.6,0.0,13.0,0.0,432.4,416.4,1073.5,1051.2,1.0,0.0,2.0,0.0,4.5,0.0,0.0,77.4
3182,490966,49,1,3,1642.6,1729.7,1509.1,1589.1,14.6,21.4,271.9,93.1,142.6,7.9,804.1,670.3,57.3,650.4,58.5,0.0,59.6,57.6,112.2,109.8,3.0,0.0,0.0,0.0,14.6,0.0,0.0,21.4
3183,490967,49,1,4,4051.9,4871.1,3604.9,4338.7,25.1,107.9,465.1,661.7,241.5,436.1,1383.2,1975.6,98.7,0.0,100.8,0.0,410.5,395.2,890.1,870.0,7.0,0.0,8.0,0.0,25.1,0.0,0.0,107.9
3184,490968,49,1,4,3531.4,2950.8,3253.9,2640.2,29.4,62.4,561.8,313.4,284.2,179.2,1551.9,1534.9,88.0,0.0,89.9,0.0,196.6,189.1,433.4,423.5,45.0,0.0,3.0,0.0,29.4,0.0,0.0,62.4
3185,490969,49,1,4,3085.7,2326.9,2884.4,2107.3,29.5,45.9,571.3,93.9,289.7,124.8,1485.3,1507.3,69.7,0.0,71.2,0.0,105.8,102.1,285.3,279.3,5.0,0.0,1.0,0.0,29.5,0.0,0.0,45.9
3186,490970,49,1,4,2670.7,3110.5,2363.6,2754.5,16.1,66.4,310.6,340.3,155.8,350.1,804.5,1080.8,39.0,0.0,39.9,0.0,311.5,299.6,699.3,683.6,2.0,0.0,1.0,0.0,16.1,0.0,0.0,66.4
3187,490971,49,1,3,6472.4,4553.9,6039.9,4080.3,58.1,93.6,1049.0,294.4,559.8,153.9,3045.3,2686.7,199.3,0.0,203.5,0.0,305.1,293.3,667.0,652.0,10.0,0.0,1.0,0.0,58.1,0.0,0.0,93.6
3188,490972,49,1,3,4134.5,2862.2,3903.0,2625.2,35.7,28.1,620.8,84.3,340.5,0.0,2160.9,1140.9,236.9,1163.6,241.8,0.0,78.6,75.9,164.4,160.5,57.0,0.0,2.0,0.0,35.7,0.0,0.0,28.1
3189,490973,49,1,3,3557.0,1277.6,3350.9,1069.1,30.7,19.1,540.1,2.4,294.1,0.0,1899.2,913.8,214.3,0.0,218.9,0.0,43.5,42.0,113.9,110.9,26.0,0.0,1.0,0.0,30.7,0.0,0.0,19.1
3190,490974,49,1,3,2830.3,1039.0,2644.6,849.9,24.1,15.4,422.6,12.2,236.6,0.0,1468.2,718.3,159.0,0.0,162.3,0.0,33.9,32.7,89.1,86.8,73.0,0.0,0.0,0.0,24.1,0.0,0.0,15.4
3191,490975,49,1,3,3398.1,2193.9,3197.2,1972.0,29.5,46.4,561.7,131.1,279.5,86.7,1634.6,1413.4,111.5,0.0,113.8,0.0,103.4,99.4,247.7,241.3,145.0,0.0,0.0,0.0,29.5,0.0,0.0,46.4
3192,490976,49,1,4,795.6,2924.1,707.2,2823.1,5.8,14.9,112.5,129.3,57.3,0.0,333.5,401.4,22.4,0.0,23.0,2142.8,62.9,61.0,90.7,88.6,2.0,0.0,3.0,0.0,5.8,0.0,0.0,14.9
3193,490977,49,1,4,3009.4,3766.7,2717.5,3417.0,20.4,79.4,389.3,359.5,197.4,543.4,1126.4,1691.0,74.1,0.0,75.7,0.0,224.8,216.1,622.8,607.1,6.0,0.0,1.0,0.0,20.4,0.0,0.0,79.4
3194,490978,49,1,4,4540.2,5829.5,4067.6,5262.2,26.9,125.1,496.2,756.0,255.2,695.1,1481.1,2251.6,108.3,0.0,110.7,0.0,483.4,464.7,1122.7,1094.8,9.0,0.0,1.0,0.0,26.9,0.0,0.0,125.1
3195,490979,49,1,3,3165.0,2272.9,2997.0,2098.8,29.5,30.8,536.8,49.5,276.3,0.0,1588.1,1150.8,111.9,675.1,114.2,0.0,71.3,68.7,158.4,154.6,137.0,0.0,3.0,0.0,29.5,0.0,0.0,30.8
3196,490980,49,1,3,2778.3,3202.9,2609.3,3016.6,24.3,37.2,442.7,108.4,227.9,113.1,1271.7,1058.1,83.2,0.0,85.0,1383.2,107.2,103.3,256.4,250.4,135.0,0.0,0.0,0.0,24.3,0.0,0.0,37.2
3197,490981,49,1,3,5706.2,3371.0,5435.6,3095.3,52.6,44.9,928.8,61.3,473.6,0.0,2988.3,1781.1,280.7,917.2,286.6,0.0,105.5,101.6,240.2,234.2,130.0,0.0,2.0,0.0,52.6,0.0,0.0,44.9
3198,490982,49,1,3,2369.1,3829.3,2178.7,3624.0,18.8,22.1,336.2,144.6,176.1,0.0,1120.2,771.4,117.1,0.0,119.7,2487.7,85.9,82.8,141.4,137.4,81.0,0.0,1.0,0.0,18.8,0.0,0.0,22.1
3199,490983,49,1,3,4089.3,1559.1,3858.0,1325.5,36.1,22.9,658.5,2.7,349.3,0.0,2188.6,1133.5,226.4,0.0,231.1,0.0,54.0,52.2,141.1,137.1,7.0,0.0,2.0,0.0,36.1,0.0,0.0,22.9
3200,490984,49,1,3,358.6,911.0,210.4,742.7,0.5,15.0,8.1,90.6,4.9,111.7,30.2,336.7,3.1,0.0,3.3,47.7,44.6,43.2,116.2,112.8,0.0,0.0,0.0,0.0,0.5,0.0,0.0,15.0
3201,490985,49,1,2,4696.5,2077.8,4411.0,1782.9,40.5,40.0,751.1,199.3,396.2,0.0,2489.5,1333.4,250.8,0.0,256.2,0.0,92.8,89.3,165.4,161.0,8.0,0.0,1.0,0.0,40.5,0.0,0.0,40.0
3202,490986,49,1,2,4486.3,2111.1,4224.4,1842.2,42.0,37.5,751.2,148.0,404.5,36.2,2361.1,1391.5,210.1,0.0,214.4,0.0,74.4,71.8,200.7,194.7,6.0,0.0,2.0,0.0,42.0,0.0,0.0,37.5
3203,490987,49,1,3,4382.9,2771.6,4148.6,2529.1,38.6,37.2,703.5,60.7,373.0,0.0,2327.3,1312.2,232.6,898.8,237.4,0.0,83.1,79.9,182.6,177.5,8.0,0.0,1.0,0.0,38.6,0.0,0.0,37.2
3204,490988,49,1,3,3365.4,2888.2,3105.2,2595.8,30.4,60.5,593.9,384.0,290.5,77.5,1588.9,1696.8,86.1,0.0,88.0,0.0,152.2,146.0,299.6,291.6,5.0,0.0,1.0,0.0,30.4,0.0,0.0,60.5
3205,490989,49,1,4,2181.9,3131.8,1925.5,2821.0,13.5,67.3,265.9,544.4,131.2,163.8,710.2,1397.4,37.0,0.0,37.8,0.0,261.9,251.1,477.7,464.2,2.0,0.0,2.0,0.0,13.5,0.0,0.0,67.3
3206,490990,49,1,4,2211.6,1870.0,2027.6,1666.2,18.3,37.4,344.4,101.3,175.2,98.4,996.1,1099.1,64.8,0.0,66.2,0.0,114.9,110.3,264.0,257.1,2.0,0.0,0.0,0.0,18.3,0.0,0.0,37.4
3207,490991,49,1,3,2840.9,2591.8,2537.8,2258.6,23.4,49.4,428.7,285.5,211.0,147.5,1254.1,1381.2,88.8,0.0,90.7,0.0,147.8,141.7,311.7,302.6,4.0,0.0,1.0,0.0,23.4,0.0,0.0,49.4
3208,490992,49,1,3,2332.9,1383.4,2180.3,1222.7,21.8,27.8,401.1,50.4,203.6,27.4,1162.0,898.4,77.1,0.0,78.8,0.0,76.0,73.2,177.7,173.3,4.0,0.0,0.0,0.0,21.8,0.0,0.0,27.8
3209,490993,49,1,3,2167.1,1218.6,2015.6,1060.2,19.7,20.6,372.9,65.0,182.0,17.3,1088.3,818.2,78.5,0.0,80.1,0.0,47.5,45.8,117.3,113.9,49.0,0.0,0.0,0.0,19.7,0.0,0.0,20.6
3210,490994,49,1,3,2995.7,1593.7,2816.0,1407.2,29.3,28.9,547.2,10.5,283.7,3.8,1566.6,1196.8,101.2,0.0,103.5,0.0,56.5,54.5,145.2,141.6,12.0,0.0,0.0,0.0,29.3,0.0,0.0,28.9
3211,490995,49,1,3,9041.2,6171.4,8528.5,5619.4,77.4,102.9,1382.6,324.0,741.7,293.8,4431.9,3293.7,415.6,626.2,424.1,0.0,336.8,323.2,779.9,758.4,14.0,0.0,2.0,0.0,77.4,0.0,0.0,102.9
3212,490996,49,1,3,5052.6,2034.7,4795.3,1776.7,46.8,35.4,806.2,32.7,431.7,11.9,2709.7,1474.5,280.1,0.0,285.9,0.0,75.0,72.3,190.6,185.4,15.0,0.0,1.0,0.0,46.8,0.0,0.0,35.4
3213,490997,49,1,2,197.4,149.3,82.2,27.3,0.9,0.5,13.1,0.0,7.5,0.0,47.7,23.9,5.2,0.0,5.4,0.0,0.7,0.8,2.5,2.6,0.0,0.0,0.0,0.0,0.9,0.0,0.0,0.5
3214,490998,49,1,3,2051.6,3456.5,1800.6,3146.1,12.4,72.0,241.9,434.4,118.6,294.3,644.7,1318.4,34.2,0.0,34.9,400.1,229.8,219.9,493.4,479.0,2.0,0.0,1.0,0.0,12.4,0.0,0.0,72.0
3215,490999,49,1,3,2261.6,5304.9,1866.7,4798.6,8.6,123.3,159.3,822.1,83.8,533.7,453.3,2365.9,26.7,0.0,27.4,0.0,369.7,354.1,744.6,722.8,1.0,0.0,1.0,0.0,8.6,0.0,0.0,123.3
3216,491000,49,1,3,2814.3,3164.5,2630.3,2968.2,26.4,33.6,502.4,112.9,261.3,0.0,1408.7,1207.7,85.1,0.0,86.9,1374.9,95.7,92.2,185.0,180.4,5.0,0.0,0.0,0.0,26.4,0.0,0.0,33.6
3217,491001,49,1,3,2421.0,1093.5,2243.4,910.5,22.7,18.4,414.6,2.3,222.4,0.0,1260.5,779.8,103.8,0.0,106.0,0.0,36.3,35.0,95.8,93.4,4.0,0.0,0.0,0.0,22.7,0.0,0.0,18.4
3218,491002,49,1,3,6067.6,2464.4,5765.5,2163.5,56.3,40.6,1023.7,8.3,530.8,0.0,3255.3,1848.6,311.3,0.0,317.9,0.0,88.2,84.7,228.2,221.8,9.0,0.0,1.0,0.0,56.3,0.0,0.0,40.6
3219,491003,49,1,3,5427.2,3313.9,5156.0,3039.1,48.1,41.0,879.5,109.7,469.7,11.9,2876.8,1773.8,273.4,788.8,278.9,0.0,116.8,111.9,250.9,243.1,9.0,0.0,1.0,0.0,48.1,0.0,0.0,41.0
3220,491004,49,1,3,4988.0,1878.1,4765.8,1659.8,45.9,32.1,775.6,3.6,445.7,0.0,2722.6,1421.3,282.3,0.0,288.2,0.0,67.3,64.8,175.1,170.1,8.0,0.0,1.0,0.0,45.9,0.0,0.0,32.1
3221,491005,49,1,3,7475.4,2871.3,7171.3,2576.6,69.6,50.3,1187.5,6.9,669.0,0.0,4079.6,2203.3,408.8,0.0,417.3,0.0,106.0,101.8,273.2,264.6,29.0,0.0,1.0,0.0,69.6,0.0,0.0,50.3
3222,491006,49,1,3,1169.1,866.1,1032.2,720.3,10.4,15.9,205.0,47.7,103.4,0.0,571.5,596.7,34.7,0.0,35.6,0.0,25.9,25.1,52.0,50.7,2.0,0.0,2.0,0.0,10.4,0.0,0.0,15.9
3223,491007,49,1,3,3038.0,1362.6,2834.9,1155.0,28.3,21.2,532.2,2.3,283.8,0.0,1591.5,989.7,125.3,0.0,128.0,0.0,46.5,44.8,121.6,118.1,5.0,0.0,1.0,0.0,28.3,0.0,0.0,21.2
3224,491008,49,1,3,5893.3,3839.0,5558.0,3490.1,50.7,51.2,927.0,156.1,507.2,102.9,3034.5,2070.5,298.7,700.1,304.9,0.0,143.4,137.6,333.4,322.9,8.0,0.0,1.0,0.0,50.7,0.0,0.0,51.2
3225,491009,49,1,3,5919.7,2420.2,5619.5,2126.7,53.1,35.1,1013.4,5.9,535.8,0.0,3170.4,1820.7,286.1,0.0,292.0,0.0,86.6,83.2,224.2,216.9,10.0,0.0,1.0,0.0,53.1,0.0,0.0,35.1
3226,491010,49,1,3,3212.0,2291.3,3024.7,2101.2,27.9,23.5,523.0,83.0,274.0,0.0,1676.0,1090.9,152.0,697.3,155.4,0.0,78.9,75.9,159.3,154.2,5.0,0.0,1.0,0.0,27.9,0.0,0.0,23.5
3227,491011,49,1,2,191.3,135.2,91.3,36.2,0.9,0.7,16.2,0.2,8.7,0.0,52.3,31.8,4.3,0.0,4.5,0.0,0.9,0.9,3.3,3.3,0.0,0.0,1.0,0.0,0.9,0.0,0.0,0.7
3228,491012,49,1,2,105.4,104.0,7.3,3.9,0.0,0.2,0.9,0.0,0.7,0.0,4.1,3.6,0.2,0.0,0.2,0.0,0.0,0.0,0.2,0.2,0.0,0.0,1.0,0.0,0.0,0.0,0.0,0.2
3229,491013,49,1,2,92.2,91.4,4.0,0.0,0.0,0.0,0.0,0.0,0.0,0.0,2.0,0.0,0.0,0.0,0.0,0.0,0.0,0.0,0.0,0.0,0.0,0.0,2.0,0.0,0.0,0.0,0.0,0.0
3230,491014,49,1,2,1849.7,997.6,1708.1,854.1,16.1,16.2,292.5,37.0,157.5,19.1,925.1,630.1,76.9,0.0,78.4,0.0,52.5,50.6,121.1,117.3,2.0,0.0,2.0,0.0,16.1,0.0,0.0,16.2
3231,491015,49,1,2,1935.8,810.6,1767.3,643.2,17.2,11.9,312.1,2.3,171.4,0.0,999.5,550.9,93.3,0.0,95.4,0.0,25.4,24.7,67.2,65.3,3.0,0.0,0.0,0.0,17.2,0.0,0.0,11.9
3232,491016,49,1,2,330.5,878.5,173.0,705.7,0.0,15.4,0.0,175.7,0.0,139.7,0.0,222.4,0.0,0.0,0.0,0.0,50.9,49.3,122.1,118.5,0.0,0.0,0.0,0.0,0.0,0.0,0.0,15.4
3233,491017,49,1,2,1222.6,579.7,1100.6,449.7,10.5,11.3,201.3,3.8,104.0,0.0,621.3,383.4,52.1,0.0,53.2,0.0,17.4,16.8,47.3,45.7,2.0,0.0,2.0,0.0,10.5,0.0,0.0,11.3
3234,491018,49,1,1,205.1,141.0,113.0,45.4,1.2,1.2,20.4,0.0,11.0,0.0,64.9,40.0,5.6,0.0,5.7,0.0,1.2,1.2,4.2,4.2,0.0,0.0,0.0,0.0,1.2,0.0,0.0,1.2
3235,491019,49,1,2,233.8,157.2,141.8,59.7,1.4,1.7,26.2,0.0,14.5,0.0,80.5,52.3,6.0,0.0,6.1,0.0,1.7,1.7,5.8,5.7,0.0,0.0,1.0,0.0,1.4,0.0,0.0,1.7
3236,491020,49,1,2,3903.3,4618.8,3637.0,4319.3,32.6,58.5,627.7,364.8,315.4,0.0,1938.8,1473.3,165.7,1132.3,169.2,952.1,162.0,154.6,251.1,242.2,6.0,0.0,1.0,0.0,32.6,0.0,0.0,58.5
3237,491021,49,1,3,3061.8,2149.9,2843.9,1901.2,25.1,48.8,481.5,83.7,243.1,199.4,1486.6,1260.4,126.4,0.0,129.0,0.0,93.6,89.7,277.6,268.0,5.0,0.0,1.0,0.0,25.1,0.0,0.0,48.8
3238,491022,49,1,1,89.5,95.7,0.0,0.0,0.0,0.0,0.0,0.0,0.0,0.0,0.0,0.0,0.0,0.0,0.0,0.0,0.0,0.0,0.0,0.0,0.0,0.0,0.0,0.0,0.0,0.0,0.0,0.0
3239,491023,49,1,2,111.5,103.6,21.5,8.4,0.2,0.2,3.4,0.0,2.2,0.0,12.8,7.7,1.2,0.0,1.2,0.0,0.1,0.1,0.6,0.7,0.0,0.0,0.0,0.0,0.2,0.0,0.0,0.2
3240,491024,49,1,2,144.3,118.1,53.6,22.5,0.5,0.7,9.7,0.0,5.3,0.0,30.9,19.9,2.5,0.0,2.6,0.0,0.6,0.5,2.0,2.0,0.0,0.0,0.0,0.0,0.5,0.0,0.0,0.7
3241,491025,49,1,2,667.6,543.0,547.3,412.2,4.9,11.3,91.8,78.9,48.1,43.6,279.1,210.8,22.5,0.0,23.0,0.0,25.5,24.5,56.4,54.4,1.0,0.0,0.0,0.0,4.9,0.0,0.0,11.3
3242,491026,49,1,1,164.5,149.6,73.1,55.1,0.7,1.5,11.6,6.9,6.3,8.5,37.1,28.6,2.9,0.0,2.9,0.0,2.4,2.3,9.0,8.8,0.0,0.0,1.0,0.0,0.7,0.0,0.0,1.5
3243,491027,49,1,1,144.8,223.1,51.6,120.3,0.3,3.8,3.8,14.5,2.7,22.3,16.3,59.0,1.8,0.0,1.9,0.0,6.2,6.0,18.9,18.4,0.0,0.0,0.0,0.0,0.3,0.0,0.0,3.8
3244,491028,49,1,1,130.1,184.3,40.8,84.4,0.2,2.5,3.1,7.7,2.0,17.9,13.2,40.6,0.9,0.0,0.9,0.0,4.1,4.0,14.7,14.2,0.0,0.0,2.0,0.0,0.2,0.0,0.0,2.5
3245,491029,49,1,2,1024.0,1513.1,867.3,1316.1,5.4,39.5,104.8,181.3,54.3,244.1,323.2,574.3,26.3,0.0,27.0,0.0,88.5,84.6,241.1,231.8,1.0,0.0,1.0,0.0,5.4,0.0,0.0,39.5
3246,491030,49,1,2,442.1,1288.7,235.8,1045.7,0.0,31.7,0.0,270.6,0.0,202.9,1.0,347.5,0.0,0.0,0.0,0.0,73.1,69.7,160.7,155.0,0.0,0.0,1.0,0.0,0.0,0.0,0.0,31.7
3247,491031,49,1,2,1478.3,697.6,1345.8,560.4,12.7,13.9,247.1,10.8,127.6,0.0,760.2,472.9,64.1,0.0,65.6,0.0,21.6,20.8,57.6,55.8,2.0,0.0,0.0,0.0,12.7,0.0,0.0,13.9
3248,491032,49,1,2,1876.1,923.0,1719.6,759.6,16.5,18.9,314.1,54.9,162.2,0.0,966.1,599.7,81.5,0.0,83.5,0.0,35.4,34.1,73.7,70.9,3.0,0.0,0.0,0.0,16.5,0.0,0.0,18.9
3249,491033,49,1,2,278.5,202.7,188.4,103.3,1.7,2.7,32.3,2.6,17.0,4.4,103.4,81.7,7.7,0.0,7.9,0.0,3.8,3.7,11.3,10.8,0.0,0.0,5.0,0.0,1.7,0.0,0.0,2.7
3250,491034,49,1,2,283.9,173.6,189.6,74.5,2.0,1.8,33.6,0.1,18.2,0.0,108.4,65.0,9.3,0.0,9.6,0.0,2.3,2.2,7.3,7.1,0.0,0.0,1.0,0.0,2.0,0.0,0.0,1.8
3251,491035,49,1,1,306.1,184.0,210.4,84.1,2.2,1.8,38.0,0.0,21.1,0.0,120.0,73.4,10.1,0.0,10.4,0.0,2.6,2.6,8.3,8.0,0.0,0.0,0.0,0.0,2.2,0.0,0.0,1.8
3252,491036,49,1,1,237.9,154.4,144.2,59.8,1.4,1.5,26.3,0.0,14.0,0.0,82.6,52.5,6.8,0.0,7.0,0.0,1.7,1.7,5.7,5.6,0.0,0.0,0.0,0.0,1.4,0.0,0.0,1.5
3253,491037,49,1,1,243.4,156.8,151.6,60.1,1.6,1.4,26.8,0.0,14.3,0.0,86.4,52.7,7.1,0.0,7.3,0.0,1.7,1.7,5.9,5.7,0.0,0.0,2.0,0.0,1.6,0.0,0.0,1.4
3254,491038,49,1,2,330.0,190.0,234.1,93.5,2.3,1.8,42.5,0.1,22.9,0.0,133.9,81.4,11.1,0.0,11.6,0.0,3.0,3.0,9.2,9.0,0.0,0.0,0.0,0.0,2.3,0.0,0.0,1.8
3255,491039,49,1,1,4540.0,2048.0,4303.6,1799.3,38.1,46.3,794.1,27.7,415.7,0.0,2424.1,1522.2,198.4,0.0,202.3,0.0,72.2,69.0,187.8,180.4,8.0,0.0,1.0,0.0,38.1,0.0,0.0,46.3
3256,491040,49,1,1,98.3,107.5,8.7,14.2,0.0,0.5,0.9,0.1,0.7,4.4,3.0,6.1,0.2,0.0,0.2,0.0,0.5,0.6,3.1,3.1,0.0,0.0,0.0,0.0,0.0,0.0,0.0,0.5
3257,491041,49,1,1,89.5,93.1,0.0,0.0,0.0,0.0,0.0,0.0,0.0,0.0,0.0,0.0,0.0,0.0,0.0,0.0,0.0,0.0,0.0,0.0,0.0,0.0,0.0,0.0,0.0,0.0,0.0,0.0
3258,491042,49,1,1,94.8,97.2,5.3,4.0,0.0,0.2,0.9,0.0,0.7,0.0,3.1,3.7,0.2,0.0,0.2,0.0,0.0,0.0,0.3,0.3,0.0,0.0,0.0,0.0,0.0,0.0,0.0,0.2
3259,491043,49,1,2,93.5,91.1,8.0,0.0,0.0,0.0,0.0,0.0,0.0,0.0,4.0,0.0,0.0,0.0,0.0,0.0,0.0,0.0,0.0,0.0,0.0,0.0,4.0,0.0,0.0,0.0,0.0,0.0
3260,491044,49,1,2,268.2,164.3,174.5,70.2,1.7,1.7,31.1,0.1,16.7,0.0,99.8,61.3,8.8,0.0,9.1,0.0,2.1,2.2,6.8,6.6,0.0,0.0,0.0,0.0,1.7,0.0,0.0,1.7
3261,491045,49,1,2,4204.9,7282.6,3738.9,6694.8,20.3,139.6,391.5,693.5,204.6,945.5,1192.8,2199.7,96.1,0.0,98.3,1199.8,517.1,488.6,1231.4,1167.6,5.0,0.0,2.0,0.0,20.3,0.0,0.0,139.6
3262,491046,49,1,2,770.4,779.1,636.0,627.9,4.8,15.6,88.7,63.7,48.3,78.2,273.9,316.3,22.0,0.0,22.5,0.0,52.7,50.0,126.0,119.6,1.0,0.0,1.0,0.0,4.8,0.0,0.0,15.6
3263,491047,49,1,2,1089.5,1088.9,933.9,911.0,6.9,22.7,130.7,91.0,70.4,112.5,405.6,463.2,32.9,0.0,33.7,0.0,76.3,72.6,181.4,171.8,1.0,0.0,2.0,0.0,6.9,0.0,0.0,22.7
3264,491048,49,1,1,154.3,123.1,62.6,27.2,0.7,0.6,11.4,0.0,6.2,0.0,36.1,24.1,2.8,0.0,2.9,0.0,0.7,0.7,2.5,2.5,0.0,0.0,0.0,0.0,0.7,0.0,0.0,0.6
3265,491049,49,1,2,160.0,119.8,71.4,27.3,0.7,0.6,12.1,0.0,7.0,0.0,41.3,24.2,3.8,0.0,4.0,0.0,0.7,0.7,2.5,2.5,0.0,0.0,0.0,0.0,0.7,0.0,0.0,0.6
3266,491050,49,1,1,104.4,98.4,16.0,4.0,0.2,0.2,1.4,0.0,1.3,0.0,9.3,3.7,0.9,0.0,0.9,0.0,0.0,0.0,0.2,0.2,0.0,0.0,2.0,0.0,0.2,0.0,0.0,0.2
3267,491051,49,1,1,110.6,101.2,24.3,8.4,0.2,0.2,2.9,0.0,1.7,0.0,13.7,7.7,0.6,0.0,0.7,0.0,0.1,0.1,0.6,0.6,0.0,0.0,4.0,0.0,0.2,0.0,0.0,0.2
3268,491052,49,1,1,101.8,93.2,13.3,0.0,0.2,0.0,0.0,0.0,1.9,0.0,8.9,0.0,0.2,0.0,0.3,0.0,0.0,0.0,0.0,0.0,0.0,0.0,2.0,0.0,0.2,0.0,0.0,0.0
3269,491053,49,1,1,103.9,100.1,16.5,8.5,0.2,0.2,2.0,0.0,1.5,0.0,8.7,7.8,0.3,0.0,0.3,0.0,0.1,0.1,0.6,0.6,0.0,0.0,3.0,0.0,0.2,0.0,0.0,0.2
3270,491054,49,1,3,1121.8,2759.3,880.2,2437.2,0.0,77.1,0.0,305.5,0.0,648.8,2.0,645.7,0.0,0.0,0.0,0.0,241.7,228.1,634.5,609.1,0.0,0.0,2.0,0.0,0.0,0.0,0.0,77.1
3271,491055,49,1,2,1351.4,759.3,1226.6,622.8,10.7,17.3,222.4,19.5,120.4,34.5,675.1,469.8,51.6,0.0,52.8,0.0,26.9,25.6,76.4,73.4,0.0,0.0,1.0,0.0,10.7,0.0,0.0,17.3
3272,491056,49,1,2,1303.9,631.1,1183.6,505.5,10.2,13.6,218.7,10.5,115.9,0.0,669.9,427.6,54.0,0.0,55.1,0.0,19.0,18.1,51.1,49.3,0.0,0.0,0.0,0.0,10.2,0.0,0.0,13.6
3273,491057,49,1,2,94.8,85.1,22.0,0.0,0.0,0.0,0.0,0.0,0.0,0.0,11.0,0.0,0.0,0.0,0.0,0.0,0.0,0.0,0.0,0.0,0.0,0.0,11.0,0.0,0.0,0.0,0.0,0.0
3274,491058,49,1,1,91.6,90.3,4.0,0.0,0.0,0.0,0.0,0.0,0.0,0.0,2.0,0.0,0.0,0.0,0.0,0.0,0.0,0.0,0.0,0.0,0.0,0.0,2.0,0.0,0.0,0.0,0.0,0.0
3275,491059,49,1,1,90.4,89.5,2.0,0.0,0.0,0.0,0.0,0.0,0.0,0.0,1.0,0.0,0.0,0.0,0.0,0.0,0.0,0.0,0.0,0.0,0.0,0.0,1.0,0.0,0.0,0.0,0.0,0.0
3276,491060,49,1,2,255.0,338.7,160.6,237.7,1.2,5.9,20.3,31.8,11.2,29.9,65.1,126.1,5.3,0.0,5.5,0.0,15.8,15.2,36.3,34.6,0.0,0.0,1.0,0.0,1.2,0.0,0.0,5.9
3277,491061,49,1,3,1546.2,3754.2,1374.8,3549.0,10.1,40.2,190.7,294.8,104.9,121.6,615.4,759.1,54.3,0.0,55.4,2041.2,125.7,118.6,226.4,213.8,1.0,0.0,1.0,0.0,10.1,0.0,0.0,40.2
3278,491062,49,1,3,2099.1,1797.8,1892.2,1559.8,15.0,39.6,295.2,186.4,158.7,177.8,877.9,796.1,65.9,0.0,67.3,0.0,122.7,115.9,300.4,283.5,3.0,0.0,1.0,0.0,15.0,0.0,0.0,39.6
3279,491063,49,1,2,4171.0,1909.7,3946.4,1674.9,37.4,37.0,739.0,3.7,383.2,0.0,2217.5,1439.0,173.4,0.0,177.0,0.0,68.2,64.8,177.1,167.4,7.0,0.0,4.0,0.0,37.4,0.0,0.0,37.0
3280,491064,49,1,2,295.4,255.7,204.7,159.9,1.6,3.5,31.8,10.2,16.5,18.6,105.7,102.7,9.8,0.0,10.1,0.0,7.4,7.1,22.3,21.3,0.0,0.0,1.0,0.0,1.6,0.0,0.0,3.5
3281,491065,49,1,1,421.2,230.9,323.7,132.0,2.9,2.4,59.4,0.1,32.5,0.0,183.2,114.9,14.2,0.0,14.6,0.0,4.5,4.3,13.2,12.6,1.0,0.0,1.0,0.0,2.9,0.0,0.0,2.4
3282,491066,49,1,3,6383.4,3796.3,6010.6,3370.4,47.7,98.8,917.9,212.8,507.6,275.1,3027.2,1945.1,277.4,0.0,283.1,0.0,297.9,280.8,683.5,656.6,15.0,0.0,1.0,0.0,47.7,0.0,0.0,98.8
3283,491067,49,1,3,2260.4,3250.3,2093.1,3020.6,14.0,70.2,270.2,148.1,143.2,641.2,827.2,811.5,66.1,736.4,67.7,0.0,170.4,160.7,544.3,522.6,3.0,0.0,1.0,0.0,14.0,0.0,0.0,70.2
3284,491068,49,1,3,1195.0,575.3,1078.7,453.9,9.3,12.2,198.6,0.6,104.7,0.0,611.1,392.1,49.8,0.0,51.0,0.0,17.1,16.4,46.3,44.8,0.0,0.0,0.0,0.0,9.3,0.0,0.0,12.2
3285,491069,49,1,1,86.6,83.9,6.0,0.0,0.0,0.0,0.0,0.0,0.0,0.0,3.0,0.0,0.0,0.0,0.0,0.0,0.0,0.0,0.0,0.0,0.0,0.0,3.0,0.0,0.0,0.0,0.0,0.0
3286,491070,49,1,3,2382.1,2331.7,2184.2,2086.5,17.1,61.5,360.3,160.8,181.8,293.5,981.3,1107.2,53.0,0.0,54.2,0.0,153.7,145.0,395.9,380.0,3.0,0.0,1.0,0.0,17.1,0.0,0.0,61.5
3287,491071,49,1,3,2892.8,2893.5,2647.1,2585.7,19.3,75.9,430.1,215.9,217.8,293.7,1175.4,1418.2,63.0,0.0,64.4,0.0,205.6,193.4,485.8,464.5,0.0,0.0,5.0,0.0,19.3,0.0,0.0,75.9
3288,491072,49,1,3,935.4,950.6,799.6,792.4,6.0,22.8,125.6,136.0,66.9,61.3,388.4,455.3,31.0,0.0,31.9,0.0,48.3,45.6,98.4,94.2,7.0,0.0,2.0,0.0,6.0,0.0,0.0,22.8
3289,491073,49,1,2,140.4,253.2,50.4,155.6,0.3,4.4,3.9,25.7,2.8,14.5,16.9,94.0,1.8,0.0,1.8,0.0,7.4,7.1,14.9,14.3,0.0,0.0,1.0,0.0,0.3,0.0,0.0,4.4
3290,491074,49,1,2,685.2,775.0,565.2,637.4,4.7,16.8,90.8,75.2,49.4,45.2,279.4,422.9,21.2,0.0,21.7,0.0,31.3,30.0,67.5,64.1,1.0,0.0,3.0,0.0,4.7,0.0,0.0,16.8
3291,491075,49,1,3,2512.6,3762.4,2279.8,3464.1,13.7,74.8,262.5,451.7,146.1,398.6,849.5,1111.9,74.8,685.1,76.4,0.0,277.3,261.0,589.3,555.7,2.0,0.0,2.0,0.0,13.7,0.0,0.0,74.8
3292,491076,49,1,3,1970.6,2013.7,1793.6,1797.7,15.0,50.4,336.2,207.0,172.7,108.8,901.4,1218.7,45.5,0.0,46.6,0.0,83.0,78.4,193.3,184.9,14.0,0.0,1.0,0.0,15.0,0.0,0.0,50.4
3293,491077,49,1,3,4946.0,8099.4,4231.2,7209.3,28.6,209.3,625.3,1909.5,316.9,396.8,1769.3,3685.4,114.3,0.0,116.7,0.0,496.9,467.1,787.7,750.4,1.0,0.0,3.0,0.0,28.6,0.0,0.0,209.3
3294,491078,49,1,2,214.9,149.3,130.3,61.8,1.3,1.7,25.2,0.0,13.0,0.0,73.9,54.0,5.1,0.0,5.2,0.0,2.0,2.0,6.0,5.8,0.0,0.0,0.0,0.0,1.3,0.0,0.0,1.7
3295,491079,49,1,2,2388.0,1361.0,2222.7,1181.6,19.0,30.0,399.7,58.1,201.5,24.1,1131.8,937.3,73.5,0.0,75.2,0.0,48.5,46.0,122.5,116.0,169.0,0.0,1.0,0.0,19.0,0.0,0.0,30.0
3296,491080,49,1,3,2886.5,1277.2,2718.7,1104.1,24.2,26.0,477.1,44.5,265.9,0.0,1539.9,912.5,136.0,0.0,138.9,0.0,44.8,42.5,110.9,104.6,5.0,0.0,0.0,0.0,24.2,0.0,0.0,26.0
3297,491081,49,1,3,2347.2,1101.4,2183.0,931.1,20.2,21.0,410.1,1.9,215.5,0.0,1226.1,801.6,95.0,0.0,97.0,0.0,37.3,35.4,98.1,92.4,4.0,0.0,0.0,0.0,20.2,0.0,0.0,21.0
3298,491082,49,1,2,3155.9,2335.9,2970.6,2144.7,25.8,27.0,521.6,62.3,267.4,0.0,1655.1,1068.5,148.8,807.2,151.9,0.0,70.4,66.8,148.4,139.9,6.0,0.0,1.0,0.0,25.8,0.0,0.0,27.0
3299,491083,49,1,2,441.8,1615.7,342.5,1510.7,2.4,7.1,49.5,74.8,26.3,0.0,157.5,194.8,14.0,0.0,14.4,1164.1,34.0,32.4,46.8,44.5,0.0,0.0,0.0,0.0,2.4,0.0,0.0,7.1
3300,491084,49,1,2,430.2,234.2,291.2,103.0,2.4,1.7,50.8,0.1,26.6,0.0,166.0,90.0,15.5,0.0,15.9,0.0,3.3,3.2,10.0,9.7,0.0,0.0,3.0,0.0,2.4,0.0,0.0,1.7
3301,491085,49,1,3,4041.5,1841.9,3828.9,1615.7,32.9,42.4,702.0,9.6,359.5,0.0,2163.5,1386.7,183.8,0.0,187.6,0.0,64.0,60.6,166.4,158.8,1.0,0.0,1.0,0.0,32.9,0.0,0.0,42.4
3302,491086,49,1,2,308.9,199.7,222.4,109.8,2.1,2.9,44.1,0.2,23.0,0.0,124.9,95.9,7.5,0.0,7.6,0.0,3.6,3.5,10.8,10.4,0.0,0.0,1.0,0.0,2.1,0.0,0.0,2.9
3303,491087,49,1,3,1563.1,1036.2,1455.3,915.9,13.8,24.7,293.8,20.9,159.6,9.9,798.2,762.6,37.5,0.0,38.4,0.0,36.2,34.4,91.6,88.1,0.0,0.0,0.0,0.0,13.8,0.0,0.0,24.7
3304,491088,49,1,2,469.3,574.4,385.8,483.0,3.0,13.1,68.2,47.5,36.6,49.2,182.7,308.5,8.3,0.0,8.6,0.0,23.5,22.7,57.8,55.0,0.0,0.0,0.0,0.0,3.0,0.0,0.0,13.1
3305,491089,49,1,2,170.2,125.4,87.3,42.0,0.8,1.1,16.7,0.0,9.0,0.0,49.7,37.0,3.3,0.0,3.5,0.0,1.2,1.2,3.8,3.8,0.0,0.0,0.0,0.0,0.8,0.0,0.0,1.1
3306,491090,49,1,2,1629.8,1907.8,1487.7,1752.6,12.9,24.6,278.5,88.3,142.5,14.3,782.5,717.2,48.9,602.0,49.8,158.7,62.8,59.5,119.7,112.6,3.0,0.0,0.0,0.0,12.9,0.0,0.0,24.6
3307,491091,49,1,2,1930.6,1881.5,1776.7,1720.3,15.4,20.5,327.4,57.5,166.0,0.0,971.6,715.4,74.5,798.6,76.1,0.0,52.7,50.0,105.3,98.9,3.0,0.0,0.0,0.0,15.4,0.0,0.0,20.5
3308,491092,49,1,2,3628.7,1702.5,3419.8,1487.6,30.9,31.4,644.9,8.6,329.3,0.0,1919.1,1274.9,150.0,0.0,153.1,0.0,60.4,57.4,156.0,146.7,6.0,0.0,1.0,0.0,30.9,0.0,0.0,31.4
3309,491093,49,1,2,137.5,115.9,45.1,23.0,0.5,0.7,8.9,0.0,4.8,0.0,25.7,20.5,1.6,0.0,1.6,0.0,0.5,0.5,2.0,2.0,0.0,0.0,0.0,0.0,0.5,0.0,0.0,0.7
3310,491094,49,1,2,1195.0,624.8,1061.5,485.7,9.4,11.5,208.1,3.4,102.2,0.0,595.9,417.5,42.8,0.0,43.9,0.0,18.6,17.7,50.0,47.0,0.0,0.0,0.0,0.0,9.4,0.0,0.0,11.5
3311,491095,49,1,2,2927.0,1263.0,2740.1,1071.1,23.0,24.6,497.5,4.3,251.8,0.0,1552.7,922.1,140.0,0.0,142.8,0.0,42.9,40.4,112.5,104.2,0.0,0.0,0.0,0.0,23.0,0.0,0.0,24.6
3312,491096,49,1,2,2245.6,980.9,2082.7,811.2,17.3,17.5,376.8,11.3,188.0,0.0,1183.6,691.5,107.6,0.0,109.8,0.0,31.7,30.2,84.2,78.2,0.0,0.0,1.0,0.0,17.3,0.0,0.0,17.5
3313,491097,49,1,2,973.0,696.0,806.8,519.0,6.4,11.1,134.0,35.2,69.6,48.9,422.7,341.6,40.3,0.0,41.2,0.0,26.7,25.8,72.3,67.5,0.0,0.0,0.0,0.0,6.4,0.0,0.0,11.1
3314,491098,49,1,2,3677.4,1487.2,3443.8,1251.9,29.3,23.0,614.8,9.8,316.7,0.0,1945.0,1070.8,185.5,0.0,189.4,0.0,50.6,48.1,131.7,123.3,6.0,0.0,4.0,0.0,29.3,0.0,0.0,23.0
3315,491099,49,1,2,440.0,243.6,297.6,108.0,2.6,1.9,53.4,0.9,28.6,0.0,169.7,93.7,15.8,0.0,16.2,0.0,3.4,3.3,10.5,10.0,0.0,0.0,0.0,0.0,2.6,0.0,0.0,1.9
3316,491100,49,1,2,1052.0,1234.9,881.8,1045.9,6.7,26.8,149.5,129.5,77.0,96.2,423.8,655.6,27.7,0.0,28.4,0.0,54.2,51.2,121.2,113.4,0.0,0.0,0.0,0.0,6.7,0.0,0.0,26.8
3317,491101,49,1,2,3121.5,1543.0,2914.0,1328.3,23.5,28.6,520.2,40.5,271.6,24.1,1629.8,1084.2,147.8,0.0,150.6,0.0,55.3,52.1,137.7,127.4,0.0,0.0,1.0,0.0,23.5,0.0,0.0,28.6
3318,491102,49,1,2,3195.6,1298.5,2980.5,1102.2,23.4,19.3,533.6,21.8,287.1,0.0,1683.7,931.8,156.3,0.0,159.4,0.0,44.0,42.1,115.3,106.4,0.0,0.0,1.0,0.0,23.4,0.0,0.0,19.3
3319,491103,49,1,2,4504.2,1765.8,4241.9,1524.1,31.8,21.3,760.8,6.6,410.1,0.0,2392.8,1305.7,222.6,0.0,226.9,0.0,63.1,60.2,164.7,151.6,0.0,0.0,1.0,0.0,31.8,0.0,0.0,21.3
3320,491104,49,1,2,4578.3,2252.1,4334.1,2001.2,36.9,42.7,848.2,6.4,433.1,0.0,2423.3,1722.3,165.4,0.0,168.8,0.0,81.6,77.3,211.7,195.1,0.0,0.0,2.0,0.0,36.9,0.0,0.0,42.7
3321,491105,49,1,1,141.0,97.8,65.0,20.9,0.6,0.5,10.1,0.2,6.4,0.0,38.1,18.7,3.6,0.0,3.9,0.0,0.3,0.3,1.6,1.7,0.0,0.0,1.0,0.0,0.6,0.0,0.0,0.5
3322,491106,49,1,1,82.9,75.1,24.3,16.2,0.3,0.4,5.2,0.0,3.0,0.0,13.5,14.8,0.5,0.0,0.6,0.0,0.2,0.2,1.3,1.3,0.0,0.0,0.0,0.0,0.3,0.0,0.0,0.4
3323,491107,49,1,1,76.1,75.6,0.0,0.0,0.0,0.0,0.0,0.0,0.0,0.0,0.0,0.0,0.0,0.0,0.0,0.0,0.0,0.0,0.0,0.0,0.0,0.0,0.0,0.0,0.0,0.0,0.0,0.0
3324,491108,49,1,1,186.5,113.7,110.6,34.4,0.9,0.7,17.3,0.0,10.5,0.0,64.5,30.7,6.2,0.0,6.4,0.0,0.7,0.7,3.0,2.9,0.0,0.0,2.0,0.0,0.9,0.0,0.0,0.7
3325,491109,49,1,1,124.0,90.5,64.5,29.8,0.6,0.7,12.4,0.0,6.7,0.0,37.4,26.7,2.3,0.0,2.6,0.0,0.6,0.6,2.5,2.4,0.0,0.0,0.0,0.0,0.6,0.0,0.0,0.7
3326,491110,49,1,1,139.7,99.7,79.7,39.0,0.8,0.8,15.7,0.0,8.5,0.0,45.8,34.7,2.6,0.0,2.9,0.0,0.9,0.9,3.4,3.4,0.0,0.0,0.0,0.0,0.8,0.0,0.0,0.8
3327,491111,49,1,1,208.5,123.1,129.9,47.4,1.0,0.9,22.5,0.0,12.8,0.0,75.6,41.9,6.6,0.0,6.9,0.0,1.1,1.1,4.4,4.3,0.0,0.0,0.0,0.0,1.0,0.0,0.0,0.9
3328,491112,49,1,1,155.4,100.5,77.9,24.9,0.6,0.5,12.6,0.0,7.8,0.0,45.9,22.5,4.5,0.0,4.7,0.0,0.4,0.5,2.0,2.0,0.0,0.0,0.0,0.0,0.6,0.0,0.0,0.5
3329,491113,49,1,1,250.4,143.1,171.0,61.7,1.5,1.3,29.6,0.0,16.8,0.0,99.2,54.1,8.8,0.0,9.1,0.0,1.6,1.6,6.0,5.9,0.0,0.0,0.0,0.0,1.5,0.0,0.0,1.3
3330,491114,49,1,1,140.6,100.1,63.2,20.6,0.6,0.6,10.2,0.0,6.3,0.0,37.2,18.6,3.6,0.0,3.9,0.0,0.3,0.4,1.7,1.7,0.0,0.0,0.0,0.0,0.6,0.0,0.0,0.6
3331,491115,49,1,1,164.0,110.3,103.4,48.3,1.0,1.2,20.1,0.0,10.6,0.0,59.3,42.6,3.7,0.0,4.0,0.0,1.2,1.1,4.5,4.6,0.0,0.0,0.0,0.0,1.0,0.0,0.0,1.2
3332,491116,49,1,1,124.5,89.4,64.6,30.2,0.6,0.7,12.4,0.0,6.8,0.0,37.2,27.0,2.3,0.0,2.5,0.0,0.7,0.7,2.6,2.6,0.0,0.0,0.0,0.0,0.6,0.0,0.0,0.7
3333,491117,49,1,1,920.8,356.6,795.1,246.2,5.4,3.6,132.0,0.4,72.8,0.0,455.1,210.3,47.8,0.0,48.6,0.0,9.6,9.4,27.2,26.1,0.0,0.0,2.0,0.0,5.4,0.0,0.0,3.6
3334,491118,49,1,1,278.3,161.6,198.2,84.3,1.6,1.6,32.5,13.9,19.0,0.0,114.2,60.2,10.8,0.0,11.2,0.0,2.6,2.6,7.8,7.6,0.0,0.0,0.0,0.0,1.6,0.0,0.0,1.6
3335,491119,49,1,1,238.8,128.4,162.1,51.9,1.3,1.0,25.8,0.0,15.0,0.0,94.6,45.7,9.1,0.0,9.4,0.0,1.3,1.3,4.9,4.9,0.0,0.0,2.0,0.0,1.3,0.0,0.0,1.0
3336,491120,49,1,1,116.1,89.2,40.4,11.9,0.3,0.4,6.0,0.1,3.8,0.0,24.1,10.8,2.2,0.0,2.4,0.0,0.1,0.1,0.8,0.8,0.0,0.0,1.0,0.0,0.3,0.0,0.0,0.4
3337,491121,49,1,1,120.0,96.2,43.0,17.0,0.4,0.4,7.5,0.7,4.4,0.0,25.4,14.8,2.1,0.0,2.3,0.0,0.2,0.2,1.3,1.3,0.0,0.0,0.0,0.0,0.4,0.0,0.0,0.4
3338,491122,49,1,1,187.7,120.2,109.4,39.1,1.0,1.0,18.5,0.0,11.0,0.0,63.6,34.6,5.7,0.0,6.1,0.0,0.9,0.9,3.6,3.6,0.0,0.0,0.0,0.0,1.0,0.0,0.0,1.0
3339,491123,49,1,1,261.6,160.3,201.3,95.1,1.9,2.3,38.9,0.0,20.0,0.0,113.6,82.7,6.5,0.0,6.8,0.0,2.8,2.8,9.7,9.5,0.0,0.0,3.0,0.0,1.9,0.0,0.0,2.3
3340,491124,49,1,1,121.0,90.5,64.0,30.2,0.6,0.8,11.7,0.0,6.4,0.0,36.1,27.0,1.7,0.0,1.9,0.0,0.7,0.7,2.6,2.6,0.0,0.0,3.0,0.0,0.6,0.0,0.0,0.8
3341,491125,49,1,1,201.8,123.1,123.4,43.3,1.1,0.9,20.8,0.0,12.1,0.0,71.8,38.3,6.7,0.0,6.9,0.0,1.0,1.0,4.0,4.0,0.0,0.0,0.0,0.0,1.1,0.0,0.0,0.9
3342,491126,49,1,1,217.5,129.4,140.8,47.9,1.2,1.2,23.2,0.0,13.4,0.0,81.5,42.2,7.5,0.0,7.6,0.0,1.1,1.2,4.5,4.6,0.0,0.0,2.0,0.0,1.2,0.0,0.0,1.2
3343,491127,49,1,1,187.7,120.5,109.4,39.1,0.9,1.0,18.6,0.0,10.9,0.0,63.7,34.6,5.7,0.0,6.1,0.0,0.9,0.9,3.5,3.6,0.0,0.0,0.0,0.0,0.9,0.0,0.0,1.0
3344,491128,49,1,1,416.6,510.4,321.9,403.7,2.2,10.7,41.5,41.0,23.1,58.0,142.8,221.6,14.2,0.0,14.6,0.0,22.4,21.8,63.2,61.4,0.0,0.0,0.0,0.0,2.2,0.0,0.0,10.7
3345,491129,49,1,1,306.2,230.8,240.1,160.6,2.1,4.2,44.8,11.0,23.0,12.2,128.0,109.6,7.7,0.0,8.0,0.0,7.1,7.0,21.3,20.8,0.0,0.0,0.0,0.0,2.1,0.0,0.0,4.2
3346,491130,49,1,1,207.5,135.8,145.2,72.6,1.5,1.7,29.0,0.0,15.1,0.0,82.3,63.5,4.7,0.0,4.9,0.0,2.0,2.0,7.2,7.1,0.0,0.0,0.0,0.0,1.5,0.0,0.0,1.7
3347,491131,49,1,1,321.5,561.0,242.4,472.4,1.5,10.8,30.2,48.5,15.3,63.2,88.8,234.7,5.7,0.0,6.1,32.3,26.2,25.3,70.1,68.5,0.0,0.0,0.0,0.0,1.5,0.0,0.0,10.8
3348,491132,49,1,1,225.8,131.2,137.1,53.9,1.1,1.1,23.5,6.7,13.2,0.0,79.7,41.6,7.5,0.0,7.8,0.0,1.1,1.1,4.4,4.4,0.0,0.0,0.0,0.0,1.1,0.0,0.0,1.1
3349,491133,49,1,1,81.7,80.6,5.4,3.5,0.0,0.2,1.1,0.0,0.7,0.0,3.1,3.3,0.1,0.0,0.2,0.0,0.0,0.0,0.1,0.1,0.0,0.0,0.0,0.0,0.0,0.0,0.0,0.2
3350,491134,49,1,1,146.5,112.8,68.7,32.2,0.6,0.8,11.8,6.9,6.9,0.0,40.1,22.7,3.5,0.0,3.8,0.0,0.5,0.5,2.1,2.1,0.0,0.0,0.0,0.0,0.6,0.0,0.0,0.8
3351,491135,49,1,1,167.3,110.8,89.5,30.0,0.8,0.8,14.7,0.0,8.8,0.0,52.4,26.8,5.0,0.0,5.3,0.0,0.7,0.7,2.6,2.6,0.0,0.0,0.0,0.0,0.8,0.0,0.0,0.8
3352,491136,49,1,1,340.5,333.9,259.8,239.3,1.8,6.6,34.5,42.1,20.1,12.3,124.7,134.8,11.2,0.0,11.7,0.0,18.7,18.2,32.9,32.0,0.0,0.0,6.0,0.0,1.8,0.0,0.0,6.6
3353,491137,49,1,1,189.6,126.9,129.9,63.0,1.3,1.6,25.4,0.0,13.0,0.0,73.5,55.3,4.0,0.0,4.3,0.0,1.7,1.7,6.1,6.1,0.0,0.0,2.0,0.0,1.3,0.0,0.0,1.6
3354,491138,49,1,1,235.8,146.1,173.8,82.1,1.6,1.9,33.6,0.0,17.7,0.0,98.6,71.7,6.0,0.0,6.2,0.0,2.4,2.4,8.2,8.0,0.0,0.0,1.0,0.0,1.6,0.0,0.0,1.9
3355,491139,49,1,1,263.6,161.4,199.8,96.7,2.0,2.4,39.4,0.0,20.3,0.0,113.3,84.2,6.9,0.0,7.2,0.0,3.0,2.9,9.7,9.5,0.0,0.0,0.0,0.0,2.0,0.0,0.0,2.4
3356,491140,49,1,1,170.4,107.4,102.7,29.9,0.7,0.8,14.1,0.0,8.2,0.0,58.3,26.8,4.3,0.0,4.6,0.0,0.6,0.6,2.5,2.5,0.0,0.0,10.0,0.0,0.7,0.0,0.0,0.8
3357,491141,49,1,1,201.9,124.2,123.2,44.1,1.1,1.1,20.8,0.2,12.2,0.0,71.6,38.9,6.7,0.0,6.9,0.0,1.0,1.0,4.1,4.1,0.0,0.0,0.0,0.0,1.1,0.0,0.0,1.1
3358,491142,49,1,1,314.9,164.8,234.0,81.7,2.0,2.0,39.6,0.0,23.2,0.0,135.3,71.4,12.6,0.0,12.9,0.0,2.3,2.3,8.1,7.9,0.0,0.0,0.0,0.0,2.0,0.0,0.0,2.0
3359,491143,49,1,1,376.9,203.0,293.8,116.6,2.6,3.1,48.4,2.3,27.9,4.1,166.7,92.0,15.9,0.0,16.3,0.0,4.5,4.5,14.1,13.7,0.0,0.0,0.0,0.0,2.6,0.0,0.0,3.1
3360,491144,49,1,1,147.5,102.6,87.0,40.1,0.8,1.2,16.6,0.0,8.9,0.0,50.0,35.5,3.4,0.0,3.6,0.0,1.0,1.0,3.6,3.7,0.0,0.0,0.0,0.0,0.8,0.0,0.0,1.2
3361,491145,49,1,1,198.6,131.7,136.9,68.5,1.3,1.8,27.2,0.0,14.0,0.0,77.9,60.2,4.6,0.0,4.8,0.0,1.9,1.8,6.5,6.5,0.0,0.0,0.0,0.0,1.3,0.0,0.0,1.8
3362,491146,49,1,1,118.5,91.6,58.5,31.0,0.7,0.9,11.7,0.0,6.3,0.0,33.3,27.5,1.7,0.0,1.9,0.0,0.7,0.8,2.8,2.7,0.0,0.0,0.0,0.0,0.7,0.0,0.0,0.9
3363,491147,49,1,1,125.6,91.6,65.5,31.1,0.7,0.9,12.4,0.0,6.9,0.0,37.8,27.6,2.4,0.0,2.6,0.0,0.7,0.7,2.7,2.8,0.0,0.0,0.0,0.0,0.7,0.0,0.0,0.9
3364,491148,49,1,1,524.5,467.0,449.0,385.0,2.9,9.0,66.1,182.6,35.0,1.4,206.1,157.2,15.1,0.0,15.3,0.0,16.0,15.5,29.5,28.4,63.0,0.0,3.0,0.0,2.9,0.0,0.0,9.0
3365,491149,49,1,1,160.1,200.0,92.9,130.8,0.6,3.1,13.1,18.2,7.4,13.1,44.0,79.4,3.4,0.0,3.5,0.0,5.9,5.8,14.7,14.3,0.0,0.0,1.0,0.0,0.6,0.0,0.0,3.1
3366,491150,49,1,1,275.5,158.1,209.9,91.7,1.8,2.1,39.2,1.1,20.6,0.0,120.1,79.0,8.5,0.0,8.7,0.0,2.7,2.7,9.1,8.9,0.0,0.0,1.0,0.0,1.8,0.0,0.0,2.1
3367,491151,49,1,1,192.5,123.0,127.6,58.3,1.2,1.5,24.4,0.0,12.9,0.0,73.1,51.3,4.9,0.0,5.2,0.0,1.5,1.4,5.5,5.6,0.0,0.0,0.0,0.0,1.2,0.0,0.0,1.5
3368,491152,49,1,1,195.6,124.9,130.6,58.5,1.3,1.6,24.7,0.0,13.2,0.0,74.9,51.3,5.2,0.0,5.5,0.0,1.5,1.5,5.7,5.7,0.0,0.0,0.0,0.0,1.3,0.0,0.0,1.6
3369,491153,49,1,1,232.6,148.2,166.3,79.4,1.6,2.2,30.9,1.2,17.1,0.0,94.6,68.1,6.6,0.0,6.8,0.0,2.6,2.5,7.7,7.6,0.0,0.0,0.0,0.0,1.6,0.0,0.0,2.2
3370,491154,49,1,1,221.4,205.6,154.3,134.1,1.3,3.9,24.9,9.1,13.5,17.2,76.9,80.7,5.5,0.0,5.7,0.0,6.7,6.5,21.0,20.5,0.0,0.0,0.0,0.0,1.3,0.0,0.0,3.9
3371,491155,49,1,1,137.0,93.9,73.5,30.4,0.6,0.8,13.2,0.0,7.4,0.0,42.9,27.1,3.4,0.0,3.5,0.0,0.6,0.6,2.6,2.6,0.0,0.0,0.0,0.0,0.6,0.0,0.0,0.8
3372,491156,49,1,1,350.9,193.5,281.7,121.9,2.6,3.2,51.1,0.0,27.4,0.0,156.1,106.0,11.2,0.0,11.6,0.0,3.9,3.8,12.3,12.0,8.0,0.0,0.0,0.0,2.6,0.0,0.0,3.2
3373,491157,49,1,1,381.1,224.3,311.7,150.2,2.6,4.2,51.8,4.7,28.4,8.7,159.4,112.4,11.3,0.0,11.7,0.0,6.1,6.0,18.9,18.5,23.0,0.0,1.0,0.0,2.6,0.0,0.0,4.2
3374,491158,49,1,1,188.4,218.8,120.8,147.3,1.0,4.2,18.6,16.2,10.3,17.1,56.6,87.2,3.8,0.0,3.9,0.0,7.4,7.2,20.1,19.6,0.0,0.0,0.0,0.0,1.0,0.0,0.0,4.2
3375,491159,49,1,1,128.4,104.5,65.4,37.9,0.7,1.2,12.4,6.6,6.7,0.0,37.4,27.8,2.2,0.0,2.3,0.0,0.7,0.7,2.7,2.8,0.0,0.0,1.0,0.0,0.7,0.0,0.0,1.2
3376,491160,49,1,1,253.0,151.7,186.2,83.4,1.8,2.2,34.7,0.1,19.1,0.0,106.4,72.9,7.6,0.0,7.9,0.0,2.4,2.4,8.2,8.1,0.0,0.0,0.0,0.0,1.8,0.0,0.0,2.2
3377,491161,49,1,1,193.4,386.1,119.8,300.4,0.7,9.0,12.1,39.6,6.6,44.9,36.0,157.7,2.0,0.0,2.1,0.0,16.6,16.0,43.3,42.2,0.0,0.0,1.0,0.0,0.7,0.0,0.0,9.0
3378,491162,49,1,1,100.5,78.5,37.6,16.9,0.3,0.4,6.9,0.0,3.8,0.0,22.1,15.2,1.5,0.0,1.7,0.0,0.3,0.3,1.4,1.4,0.0,0.0,0.0,0.0,0.3,0.0,0.0,0.4
3379,491163,49,1,1,67.4,67.7,5.1,3.7,0.0,0.2,1.0,0.0,0.6,0.0,2.9,3.5,0.1,0.0,0.2,0.0,0.0,0.0,0.2,0.2,0.0,0.0,0.0,0.0,0.0,0.0,0.0,0.2
3380,491164,49,1,1,92.9,76.8,30.1,12.4,0.3,0.4,5.2,0.0,3.1,0.0,18.0,11.4,1.4,0.0,1.5,0.0,0.1,0.2,0.8,0.9,0.0,0.0,0.0,0.0,0.3,0.0,0.0,0.4
3381,491165,49,1,1,62.3,61.4,0.0,0.0,0.0,0.0,0.0,0.0,0.0,0.0,0.0,0.0,0.0,0.0,0.0,0.0,0.0,0.0,0.0,0.0,0.0,0.0,0.0,0.0,0.0,0.0,0.0,0.0
3382,491166,49,1,1,62.4,61.4,0.0,0.0,0.0,0.0,0.0,0.0,0.0,0.0,0.0,0.0,0.0,0.0,0.0,0.0,0.0,0.0,0.0,0.0,0.0,0.0,0.0,0.0,0.0,0.0,0.0,0.0
3383,491167,49,1,1,101.3,81.5,38.4,17.8,0.3,0.5,6.9,0.0,4.1,0.0,22.4,16.0,1.6,0.0,1.7,0.0,0.3,0.3,1.5,1.4,0.0,0.0,0.0,0.0,0.3,0.0,0.0,0.5
3384,491168,49,1,1,156.5,106.7,92.4,41.1,0.8,1.3,17.0,0.0,9.5,0.0,53.2,36.3,3.9,0.0,4.0,0.0,1.1,1.1,3.7,3.6,0.0,0.0,0.0,0.0,0.8,0.0,0.0,1.3
3385,491169,49,1,1,116.5,91.2,53.2,26.4,0.5,0.7,10.4,0.0,5.7,0.0,30.5,23.6,1.8,0.0,1.9,0.0,0.6,0.6,2.2,2.2,0.0,0.0,0.0,0.0,0.5,0.0,0.0,0.7
3386,491170,49,1,1,95.2,78.3,33.4,12.9,0.3,0.5,5.3,0.0,3.3,0.0,19.4,11.7,1.5,0.0,1.6,0.0,0.2,0.2,1.0,1.0,0.0,0.0,1.0,0.0,0.3,0.0,0.0,0.5
3387,491171,49,1,1,833.4,409.4,749.5,323.5,6.0,7.8,140.4,0.7,74.0,0.0,425.2,278.1,31.3,0.0,32.0,0.0,12.5,11.9,34.2,32.7,0.0,0.0,0.0,0.0,6.0,0.0,0.0,7.8
3388,491172,49,1,1,266.0,153.3,199.2,86.4,1.7,2.1,37.3,0.1,19.7,0.0,114.2,75.4,8.4,0.0,8.6,0.0,2.5,2.6,8.6,8.3,0.0,0.0,0.0,0.0,1.7,0.0,0.0,2.1
3389,491173,49,1,1,115.0,91.9,51.7,27.0,0.4,0.6,10.2,0.8,5.5,0.0,30.0,23.5,1.7,0.0,1.8,0.0,0.4,0.5,2.1,2.2,0.0,0.0,0.0,0.0,0.4,0.0,0.0,0.6
3390,491174,49,1,1,137.1,96.0,73.6,30.8,0.6,0.9,13.0,0.0,7.5,0.0,42.9,27.5,3.4,0.0,3.5,0.0,0.6,0.6,2.6,2.7,0.0,0.0,0.0,0.0,0.6,0.0,0.0,0.9
3391,491175,49,1,1,62.2,61.1,0.0,0.0,0.0,0.0,0.0,0.0,0.0,0.0,0.0,0.0,0.0,0.0,0.0,0.0,0.0,0.0,0.0,0.0,0.0,0.0,0.0,0.0,0.0,0.0,0.0,0.0
3392,491176,49,1,1,62.3,61.4,0.0,0.0,0.0,0.0,0.0,0.0,0.0,0.0,0.0,0.0,0.0,0.0,0.0,0.0,0.0,0.0,0.0,0.0,0.0,0.0,0.0,0.0,0.0,0.0,0.0,0.0
3393,491177,49,1,1,207.8,127.1,142.5,60.5,1.3,1.8,25.6,0.0,14.4,0.0,82.0,53.2,6.4,0.0,6.8,0.0,1.6,1.6,5.8,5.7,0.0,0.0,0.0,0.0,1.3,0.0,0.0,1.8
3394,491178,49,1,2,62.4,62.2,0.0,0.0,0.0,0.0,0.0,0.0,0.0,0.0,0.0,0.0,0.0,0.0,0.0,0.0,0.0,0.0,0.0,0.0,0.0,0.0,0.0,0.0,0.0,0.0,0.0,0.0
3395,491179,49,1,1,180.1,114.5,115.6,49.1,1.0,1.3,21.2,0.0,11.6,0.0,66.5,43.3,5.1,0.0,5.3,0.0,1.2,1.2,4.6,4.6,0.0,0.0,0.0,0.0,1.0,0.0,0.0,1.3
3396,491180,49,1,1,125.7,95.6,62.1,31.2,0.6,0.9,12.1,0.0,6.5,0.0,35.9,27.8,2.1,0.0,2.2,0.0,0.6,0.6,2.7,2.7,0.0,0.0,0.0,0.0,0.6,0.0,0.0,0.9
3397,491181,49,1,1,238.4,147.1,172.3,79.3,1.5,2.2,32.7,0.1,17.3,0.0,98.5,69.5,6.9,0.0,7.1,0.0,2.2,2.2,7.6,7.6,0.0,0.0,0.0,0.0,1.5,0.0,0.0,2.2
3398,491182,49,1,1,147.6,100.6,83.8,36.5,0.7,1.0,15.1,0.0,8.5,0.0,48.4,32.5,3.7,0.0,4.0,0.0,0.9,0.9,3.2,3.2,0.0,0.0,0.0,0.0,0.7,0.0,0.0,1.0
3399,491183,49,1,1,101.4,80.0,38.4,18.0,0.3,0.5,6.9,0.0,4.0,0.0,22.3,16.1,1.6,0.0,1.7,0.0,0.3,0.4,1.5,1.5,0.0,0.0,0.0,0.0,0.3,0.0,0.0,0.5
3400,491184,49,1,2,67.9,66.6,5.6,3.9,0.0,0.2,1.1,0.0,0.7,0.0,3.2,3.6,0.2,0.0,0.2,0.0,0.0,0.1,0.2,0.3,0.0,0.0,0.0,0.0,0.0,0.0,0.0,0.2
3401,491185,49,1,1,109.1,85.2,45.9,22.0,0.4,0.7,8.8,0.0,4.8,0.0,26.6,19.7,1.6,0.0,1.8,0.0,0.4,0.4,1.9,1.8,0.0,0.0,0.0,0.0,0.4,0.0,0.0,0.7
3402,491186,49,1,1,101.1,81.9,38.1,17.7,0.3,0.5,6.8,0.0,4.0,0.0,22.2,15.9,1.6,0.0,1.7,0.0,0.3,0.4,1.5,1.5,0.0,0.0,0.0,0.0,0.3,0.0,0.0,0.5
3403,491187,49,1,1,221.0,137.1,155.2,69.9,1.3,2.0,29.0,0.1,16.3,0.0,88.9,61.3,6.1,0.0,6.5,0.0,2.0,2.0,6.5,6.5,0.0,0.0,0.0,0.0,1.3,0.0,0.0,2.0
3404,491188,49,1,2,242.2,156.0,175.4,88.2,1.5,2.5,32.9,7.6,17.8,0.0,100.1,70.6,7.1,0.0,7.3,0.0,2.4,2.4,7.8,7.6,0.0,0.0,0.0,0.0,1.5,0.0,0.0,2.5
3405,491189,49,1,2,631.8,1945.6,468.8,1734.4,1.3,50.8,26.8,221.8,15.5,280.0,81.5,913.4,5.2,0.0,5.4,0.0,95.8,90.6,237.7,228.6,0.0,0.0,1.0,0.0,1.3,0.0,0.0,50.8
3406,491190,49,1,2,116.3,375.5,46.1,296.7,0.0,8.8,0.0,46.2,0.0,44.5,0.0,161.4,0.0,0.0,0.0,0.0,12.6,12.1,33.5,32.4,0.0,0.0,0.0,0.0,0.0,0.0,0.0,8.8
3407,491191,49,1,1,153.7,104.7,94.2,45.3,0.9,1.2,18.1,0.0,9.7,0.0,54.1,40.1,3.3,0.0,3.6,0.0,1.2,1.2,4.1,4.1,0.0,0.0,0.0,0.0,0.9,0.0,0.0,1.2
3408,491192,49,1,1,252.9,283.3,187.4,212.0,1.5,6.5,34.7,92.3,17.7,1.5,97.1,92.6,5.5,0.0,5.8,0.0,9.1,8.8,17.5,16.8,0.0,0.0,0.0,0.0,1.5,0.0,0.0,6.5
3409,491193,49,1,2,146.1,101.7,86.6,41.7,0.8,1.3,16.4,0.0,9.0,0.0,49.6,37.0,3.3,0.0,3.4,0.0,1.1,1.0,3.8,3.7,0.0,0.0,0.0,0.0,0.8,0.0,0.0,1.3
3410,491194,49,1,3,4047.6,2669.4,3797.0,2385.6,33.4,65.9,734.8,132.2,366.1,91.5,2065.0,1804.1,126.9,0.0,129.5,0.0,108.8,103.2,264.8,254.6,0.0,0.0,1.0,0.0,33.4,0.0,0.0,65.9
3411,491195,49,1,3,787.2,1724.7,544.5,1443.6,3.1,43.9,62.9,401.4,31.9,194.3,180.5,612.8,11.5,0.0,11.7,0.0,90.3,85.4,155.6,149.6,0.0,0.0,0.0,0.0,3.1,0.0,0.0,43.9
3412,491196,49,1,1,691.2,382.2,606.6,297.3,5.1,7.9,121.0,0.4,60.0,0.0,341.4,257.0,21.2,0.0,21.6,0.0,11.0,10.5,30.4,29.4,0.0,0.0,0.0,0.0,5.1,0.0,0.0,7.9
3413,491197,49,1,1,125.1,95.1,66.0,36.9,0.6,1.0,13.3,0.0,7.2,0.0,37.3,32.7,2.0,0.0,2.1,0.0,0.9,0.9,3.3,3.3,0.0,0.0,0.0,0.0,0.6,0.0,0.0,1.0
3414,491198,49,1,2,172.2,242.1,108.2,175.0,0.9,5.7,19.9,103.8,10.3,5.0,57.8,53.7,3.6,0.0,3.8,0.0,4.1,4.0,8.6,8.5,0.0,0.0,0.0,0.0,0.9,0.0,0.0,5.7
3415,491199,49,1,1,623.3,395.4,538.8,312.3,4.0,9.8,85.9,123.2,51.1,0.0,308.8,160.4,31.1,0.0,31.8,0.0,11.6,11.2,18.4,17.5,0.0,0.0,0.0,0.0,4.0,0.0,0.0,9.8
3416,491200,49,1,1,275.6,172.9,212.5,109.8,1.9,3.1,42.4,0.1,21.6,0.0,120.1,95.9,7.1,0.0,7.4,0.0,3.5,3.5,10.5,10.3,0.0,0.0,0.0,0.0,1.9,0.0,0.0,3.1
3417,491201,49,1,2,318.2,525.5,200.1,396.5,1.5,13.0,32.5,272.9,16.6,0.0,90.2,74.8,4.9,0.0,5.1,0.0,42.8,40.8,8.2,8.0,0.0,0.0,0.0,0.0,1.5,0.0,0.0,13.0
3418,491202,49,1,3,149.2,237.2,74.8,158.3,1.6,4.8,12.1,60.2,6.7,10.3,35.0,71.4,2.1,0.0,2.1,0.0,6.9,6.7,10.0,9.8,0.0,0.0,0.0,0.0,1.6,0.0,0.0,4.8
3419,491203,49,1,3,656.1,2256.1,259.3,1805.3,0.0,59.5,0.0,1221.2,0.0,92.2,1.0,248.2,0.0,0.0,0.0,0.0,194.1,182.7,63.3,61.0,0.0,0.0,1.0,0.0,0.0,0.0,0.0,59.5
3420,491204,49,1,3,4361.7,5102.8,3965.5,4622.1,30.9,117.7,576.6,578.5,296.9,262.0,1696.2,2251.1,117.3,617.0,119.8,0.0,334.5,314.9,623.1,598.5,200.0,0.0,1.0,0.0,30.9,0.0,0.0,117.7
3421,491205,49,1,3,3820.5,6881.1,3215.5,6115.0,16.6,185.9,346.1,1113.8,180.9,957.1,967.7,2507.6,54.1,0.0,55.3,0.0,516.9,486.9,1093.6,1049.5,0.0,0.0,1.0,0.0,16.6,0.0,0.0,185.9
3422,491206,49,1,3,3082.5,7031.7,2878.5,6614.5,0.0,210.0,0.0,540.1,0.0,3273.5,2.0,49.3,0.0,0.0,0.0,0.0,624.7,588.9,2249.8,2162.6,0.0,0.0,2.0,0.0,0.0,0.0,0.0,210.0
3423,491207,49,1,3,761.5,1882.2,585.2,1653.7,0.0,51.2,0.0,427.9,0.0,322.4,0.0,343.4,0.0,0.0,0.0,0.0,180.0,170.0,405.3,390.1,0.0,0.0,0.0,0.0,0.0,0.0,0.0,51.2
3424,491208,49,1,3,3546.6,3845.6,3311.7,3597.5,47.9,60.3,591.6,152.9,301.4,61.7,1675.4,1451.5,102.3,0.0,104.5,1447.5,163.8,154.5,342.6,329.4,30.0,0.0,0.0,0.0,47.9,0.0,0.0,60.3
3425,491209,49,1,3,3970.8,4357.8,3713.5,4038.4,44.1,103.1,595.6,209.8,304.9,710.4,1683.7,1755.4,101.5,497.9,103.6,0.0,226.8,213.6,678.4,651.4,18.0,0.0,1.0,0.0,44.1,0.0,0.0,103.1
3426,491210,49,1,3,4453.7,4125.7,4107.2,3723.5,35.8,92.2,717.9,333.6,365.1,153.3,1972.1,2036.5,112.1,518.0,114.4,0.0,235.2,221.7,480.4,460.5,109.0,0.0,1.0,0.0,35.8,0.0,0.0,92.2
3427,491211,49,1,1,201.1,132.1,140.6,71.2,1.1,2.1,27.7,0.1,13.8,0.0,80.4,62.9,5.0,0.0,5.3,0.0,2.0,1.9,6.5,6.3,0.0,0.0,0.0,0.0,1.1,0.0,0.0,2.1
3428,491212,49,1,3,1958.5,1033.7,1801.8,903.6,53.4,23.6,349.8,1.7,174.4,0.0,993.4,780.0,62.7,0.0,64.0,0.0,34.8,33.3,91.7,88.5,30.0,0.0,1.0,0.0,53.4,0.0,0.0,23.6
3429,491213,49,1,3,3839.1,8163.4,3465.2,7556.0,8.7,238.7,47.1,1331.5,23.8,2742.4,127.4,372.6,6.5,0.0,6.7,0.0,816.4,772.0,2430.2,2337.4,5.0,0.0,2.0,0.0,8.7,0.0,0.0,238.7
3430,491214,49,1,3,3348.5,2421.4,3079.0,2167.0,76.3,58.7,616.5,201.9,303.6,17.7,1635.3,1613.1,85.9,0.0,87.8,0.0,111.4,105.0,238.5,229.4,0.0,0.0,0.0,0.0,76.3,0.0,0.0,58.7
3431,491215,49,1,3,3443.5,5790.5,3227.2,5574.8,49.1,43.1,541.6,124.9,306.3,15.4,1803.6,1218.0,165.3,0.0,168.7,3989.9,77.6,73.1,160.1,153.6,1.0,0.0,3.0,0.0,49.1,0.0,0.0,43.1
3432,491216,49,1,3,4508.0,2029.9,4267.1,1775.6,40.1,48.6,708.7,72.7,385.5,82.0,2382.0,1338.4,242.1,0.0,247.1,0.0,83.7,79.1,212.0,203.4,5.0,0.0,1.0,0.0,40.1,0.0,0.0,48.6
3433,491217,49,1,1,269.5,171.1,203.8,109.2,4.8,2.9,40.8,0.7,20.7,0.0,115.2,95.7,6.7,0.0,7.0,0.0,3.2,3.2,10.2,9.6,0.0,0.0,0.0,0.0,4.8,0.0,0.0,2.9
3434,491218,49,1,2,2164.5,1228.7,2016.0,1081.7,31.1,29.4,398.5,55.5,198.7,0.0,1129.8,888.1,71.5,0.0,73.0,0.0,39.8,37.7,104.7,100.4,0.0,0.0,0.0,0.0,31.1,0.0,0.0,29.4
3435,491219,49,1,2,112.2,98.5,30.6,14.1,0.7,0.5,5.2,0.0,3.1,0.0,17.4,12.5,1.2,0.0,1.2,0.0,0.3,0.3,1.2,1.2,0.0,0.0,1.0,0.0,0.7,0.0,0.0,0.5
3436,491220,49,1,3,2108.0,1314.9,1930.1,1140.5,40.8,31.3,349.0,207.6,189.0,3.5,1042.6,786.1,76.2,0.0,77.9,0.0,45.9,43.5,103.5,99.8,45.0,0.0,1.0,0.0,40.8,0.0,0.0,31.3
3437,491221,49,1,3,3489.6,1722.0,3265.2,1517.6,65.2,39.6,623.8,3.7,311.0,0.0,1840.7,1311.0,136.1,0.0,138.9,0.0,59.1,55.7,153.5,147.1,1.0,0.0,1.0,0.0,65.2,0.0,0.0,39.6
3438,491222,49,1,3,1398.0,700.6,1273.4,572.6,16.6,14.9,239.4,1.0,126.5,0.0,719.4,496.0,53.5,0.0,54.7,0.0,21.5,20.3,57.3,55.3,0.0,0.0,1.0,0.0,16.6,0.0,0.0,14.9
3439,491223,49,1,1,109.3,82.2,51.1,23.8,1.1,0.8,9.0,0.0,5.1,0.0,29.3,21.2,2.0,0.0,2.1,0.0,0.5,0.5,2.0,2.0,0.0,0.0,1.0,0.0,1.1,0.0,0.0,0.8
3440,491224,49,1,2,105.0,90.4,25.1,9.1,0.1,0.2,3.3,0.0,2.2,0.0,14.4,8.2,1.2,0.0,1.2,0.0,0.2,0.2,0.7,0.7,0.0,0.0,2.0,0.0,0.1,0.0,0.0,0.2
3441,491225,49,1,2,1744.9,846.0,1578.3,704.8,52.5,18.2,292.2,4.6,153.2,0.0,891.6,607.9,69.5,0.0,71.1,0.0,26.6,25.1,70.1,67.2,0.0,0.0,4.0,0.0,52.5,0.0,0.0,18.2
3442,491226,49,1,3,7179.5,4246.0,6736.9,3905.8,187.5,79.9,1208.8,75.7,634.3,0.0,3784.0,2556.2,319.3,834.7,325.8,0.0,140.6,132.1,322.0,307.1,1.0,0.0,1.0,0.0,187.5,0.0,0.0,79.9
3443,491227,49,1,3,2480.2,1143.4,2318.7,984.7,30.9,25.8,419.7,5.1,219.7,0.0,1313.6,849.1,110.7,0.0,113.2,0.0,37.7,35.8,99.2,94.7,5.0,0.0,0.0,0.0,30.9,0.0,0.0,25.8
3444,491228,49,1,1,237.2,331.8,154.6,249.6,1.3,8.8,24.1,190.5,14.3,0.0,88.1,50.1,9.2,0.0,9.5,0.0,3.8,3.6,5.7,5.5,0.0,0.0,0.0,0.0,1.3,0.0,0.0,8.8
3445,491229,49,1,2,2770.4,1222.6,2587.9,1033.8,21.6,21.9,466.7,9.3,237.0,4.7,1462.9,878.3,132.6,0.0,135.5,0.0,42.0,39.8,109.2,101.7,1.0,0.0,1.0,0.0,21.6,0.0,0.0,21.9
3446,491230,49,1,1,277.8,370.1,206.4,295.2,6.1,9.4,38.8,174.8,20.2,1.9,111.3,97.3,6.7,0.0,6.9,0.0,7.3,7.0,15.1,14.2,0.0,0.0,0.0,0.0,6.1,0.0,0.0,9.4
3447,491231,49,1,1,121.5,93.7,61.0,33.9,2.2,1.0,11.8,0.0,6.6,0.0,34.6,30.1,2.0,0.0,2.1,0.0,0.8,0.8,3.0,2.9,0.0,0.0,0.0,0.0,2.2,0.0,0.0,1.0
3448,491232,49,1,1,141.3,131.9,30.3,14.0,1.5,0.5,4.9,0.0,2.8,0.0,17.1,12.6,1.0,0.0,1.0,0.0,0.3,0.3,1.1,1.1,0.0,0.0,2.0,0.0,1.5,0.0,0.0,0.5
3449,491233,49,1,1,340.0,244.2,213.5,119.4,10.8,2.9,44.8,0.2,23.3,0.0,118.1,104.8,6.1,0.0,6.1,0.0,3.7,3.6,11.4,10.9,0.0,0.0,0.0,0.0,10.8,0.0,0.0,2.9
3450,491234,49,1,2,1206.7,537.7,1031.5,388.0,42.1,9.6,178.9,0.7,94.7,0.0,574.7,337.6,55.3,0.0,56.6,0.0,14.0,13.2,38.3,36.5,19.0,0.0,0.0,0.0,42.1,0.0,0.0,9.6
3451,491235,49,1,2,110.3,111.8,0.0,0.0,0.0,0.0,0.0,0.0,0.0,0.0,0.0,0.0,0.0,0.0,0.0,0.0,0.0,0.0,0.0,0.0,0.0,0.0,0.0,0.0,0.0,0.0,0.0,0.0
3452,491236,49,1,2,71.7,68.2,13.3,9.7,0.7,0.2,2.8,0.0,1.6,0.0,7.3,8.8,0.4,0.0,0.4,0.0,0.2,0.2,0.7,0.7,0.0,0.0,0.0,0.0,0.7,0.0,0.0,0.2
3453,491237,49,1,2,87.7,78.5,28.1,19.8,1.8,0.5,5.7,0.0,3.3,0.0,15.6,17.7,0.7,0.0,0.8,0.0,0.4,0.4,1.7,1.6,0.0,0.0,0.0,0.0,1.8,0.0,0.0,0.5
3454,491238,49,1,1,188.9,126.5,123.5,64.8,6.1,1.7,23.9,0.0,12.6,0.0,70.3,57.4,4.5,0.0,4.6,0.0,1.8,1.7,5.8,5.6,0.0,0.0,0.0,0.0,6.1,0.0,0.0,1.7
3455,491239,49,1,1,57.5,58.2,0.0,0.0,0.0,0.0,0.0,0.0,0.0,0.0,0.0,0.0,0.0,0.0,0.0,0.0,0.0,0.0,0.0,0.0,0.0,0.0,0.0,0.0,0.0,0.0,0.0,0.0
3456,491240,49,1,1,172.8,153.0,57.4,34.2,3.2,1.0,11.9,0.0,6.2,0.0,32.0,30.4,1.7,0.0,1.8,0.0,0.9,0.9,3.0,2.9,0.0,0.0,0.0,0.0,3.2,0.0,0.0,1.0
3457,491241,49,1,1,1359.4,703.6,1172.5,542.3,45.6,13.1,207.0,40.0,110.9,0.0,663.3,441.8,62.9,0.0,64.2,0.0,18.4,17.3,45.9,43.1,0.0,0.0,0.0,0.0,45.6,0.0,0.0,13.1
3458,491242,49,1,1,162.5,124.4,50.8,16.3,0.3,0.2,8.1,0.0,4.7,0.0,30.3,14.8,3.1,0.0,3.2,0.0,0.2,0.2,1.2,1.2,0.0,0.0,0.0,0.0,0.3,0.0,0.0,0.2
3459,491243,49,1,1,730.8,314.7,607.1,195.8,3.9,4.7,102.5,0.6,58.3,0.0,342.2,168.9,33.6,0.0,34.1,0.0,7.6,7.0,20.9,19.3,8.0,0.0,0.0,0.0,3.9,0.0,0.0,4.7
3460,491244,49,1,1,2826.4,1094.8,2641.0,916.3,20.4,27.1,443.2,13.4,249.2,0.0,1502.8,783.6,155.0,0.0,157.9,0.0,35.9,33.6,94.0,85.6,3.0,0.0,0.0,0.0,20.4,0.0,0.0,27.1
3461,491245,49,1,1,1690.2,862.2,1524.0,689.5,11.2,22.5,248.8,116.6,139.4,0.0,850.8,475.1,88.3,0.0,90.1,0.0,40.7,38.3,65.8,59.4,0.0,0.0,0.0,0.0,11.2,0.0,0.0,22.5
3462,491246,49,1,1,852.1,379.6,721.8,247.8,8.1,7.7,121.3,0.7,67.9,0.0,412.7,216.1,42.4,0.0,43.4,0.0,8.8,8.3,25.3,22.7,0.0,0.0,0.0,0.0,8.1,0.0,0.0,7.7
3463,491247,49,1,1,877.2,535.7,727.0,391.9,25.7,12.7,119.8,118.0,66.7,0.0,410.0,234.0,42.3,0.0,43.2,0.0,14.0,13.0,30.0,27.0,0.0,0.0,1.0,0.0,25.7,0.0,0.0,12.7
3464,491248,49,1,1,425.6,365.3,293.4,232.5,12.5,7.4,47.1,100.0,26.4,0.0,163.0,111.6,16.8,0.0,17.4,0.0,8.2,7.8,14.3,13.1,0.0,0.0,0.0,0.0,12.5,0.0,0.0,7.4
3465,491249,49,1,2,177.7,141.6,63.1,24.4,3.4,0.8,10.3,0.0,5.9,0.0,36.5,21.9,3.8,0.0,4.0,0.0,0.5,0.5,2.1,1.9,0.0,0.0,0.0,0.0,3.4,0.0,0.0,0.8
3466,491250,49,1,2,174.2,508.0,82.2,397.2,0.0,12.4,0.0,237.2,0.0,10.7,2.0,77.4,0.0,0.0,0.0,0.0,32.8,30.3,45.3,41.6,0.0,0.0,2.0,0.0,0.0,0.0,0.0,12.4
3467,491251,49,1,2,8081.2,3661.0,7487.9,3299.4,322.9,77.5,1350.2,6.9,694.5,0.0,4239.1,2886.4,371.1,0.0,378.7,0.0,125.4,113.7,323.0,292.4,5.0,0.0,1.0,0.0,322.9,0.0,0.0,77.5
3468,491252,49,1,2,2972.3,2625.1,2725.8,2437.0,98.8,34.5,486.5,79.1,244.5,0.0,1511.1,1154.5,126.4,996.1,129.3,0.0,75.3,68.6,152.6,138.6,0.0,0.0,0.0,0.0,98.8,0.0,0.0,34.5
3469,491253,49,1,2,109.5,83.1,48.9,24.6,2.6,0.7,8.9,0.0,5.0,0.0,28.2,22.0,2.1,0.0,2.1,0.0,0.6,0.5,2.0,2.0,0.0,0.0,0.0,0.0,2.6,0.0,0.0,0.7
3470,491254,49,1,1,181.1,153.0,66.9,34.4,2.0,0.9,13.1,0.0,6.7,0.0,37.9,30.7,2.7,0.0,2.6,0.0,0.9,0.9,3.0,2.9,0.0,0.0,0.0,0.0,2.0,0.0,0.0,0.9
3471,491255,49,1,2,126.8,124.2,15.4,5.5,0.9,0.3,1.9,0.8,1.6,0.0,9.4,4.3,1.1,0.0,1.0,0.0,0.1,0.1,0.3,0.3,0.0,0.0,0.0,0.0,0.9,0.0,0.0,0.3
3472,491256,49,1,3,2583.7,1425.5,2379.8,1256.3,71.8,30.9,433.1,139.5,229.8,0.0,1344.6,975.9,107.0,0.0,109.5,0.0,46.3,42.1,109.5,98.8,0.0,0.0,0.0,0.0,71.8,0.0,0.0,30.9
3473,491257,49,1,3,2494.0,1917.8,2298.0,1707.1,31.9,41.6,367.8,168.3,199.3,240.3,1134.9,923.2,88.0,0.0,90.0,0.0,118.5,107.1,297.5,268.2,1.0,0.0,1.0,0.0,31.9,0.0,0.0,41.6
3474,491258,49,1,3,1670.3,840.5,1520.9,704.7,35.1,15.8,278.1,31.9,140.1,0.0,864.7,591.4,73.3,0.0,74.9,0.0,24.8,22.5,65.1,59.0,0.0,0.0,0.0,0.0,35.1,0.0,0.0,15.8
3475,491259,49,1,3,3156.3,2054.4,2944.9,1820.3,22.6,42.1,470.3,145.6,253.6,165.5,1483.2,1069.0,123.7,0.0,126.4,0.0,145.2,131.2,341.5,308.9,0.0,0.0,1.0,0.0,22.6,0.0,0.0,42.1
3476,491260,49,1,2,333.5,220.9,258.4,149.4,8.9,3.7,45.2,27.4,24.0,0.0,147.2,107.3,13.0,0.0,13.2,0.0,4.8,4.5,11.0,10.2,0.0,0.0,0.0,0.0,8.9,0.0,0.0,3.7
3477,491261,49,1,3,2314.4,3243.0,2146.8,3008.3,9.4,74.0,181.3,278.9,96.2,1231.1,576.2,418.1,48.2,0.0,49.3,0.0,288.5,259.6,906.1,820.6,0.0,0.0,1.0,0.0,9.4,0.0,0.0,74.0
3478,491262,49,1,2,3207.1,3007.0,2922.4,2682.0,16.6,55.5,380.2,236.1,201.4,447.4,1195.1,819.9,106.9,335.2,109.2,0.0,278.4,252.4,649.1,591.0,1.0,0.0,1.0,0.0,16.6,0.0,0.0,55.5
3479,491263,49,1,1,162.5,136.9,54.1,23.5,1.0,0.9,9.6,0.0,5.0,0.0,31.4,21.0,2.7,0.0,2.8,0.0,0.5,0.5,1.9,1.9,0.0,0.0,0.0,0.0,1.0,0.0,0.0,0.9
3480,491264,49,1,1,169.9,127.5,73.7,28.8,2.8,0.9,12.3,0.0,6.8,0.0,43.0,25.7,4.2,0.0,4.4,0.0,0.7,0.7,2.4,2.4,0.0,0.0,0.0,0.0,2.8,0.0,0.0,0.9
3481,491265,49,1,1,102.4,98.6,9.0,0.0,0.8,0.0,0.0,0.0,1.8,0.0,6.7,0.0,0.3,0.0,0.3,0.0,0.0,0.0,0.0,0.0,0.0,0.0,0.0,0.0,0.8,0.0,0.0,0.0
3482,491266,49,1,2,106.1,184.8,33.1,103.5,0.5,3.2,2.7,55.5,1.8,2.0,7.8,28.3,0.3,0.0,0.3,0.0,7.6,7.1,11.6,10.6,0.0,0.0,1.0,0.0,0.5,0.0,0.0,3.2
3483,491267,49,1,3,3598.5,5502.7,3346.1,5164.2,17.3,101.5,577.7,1568.6,284.8,40.3,1587.2,2056.3,89.5,857.5,91.5,0.0,274.5,246.4,439.0,395.2,0.0,0.0,2.0,0.0,17.3,0.0,0.0,101.5
3484,491268,49,1,3,3512.7,2596.7,3291.0,2338.6,19.6,54.3,483.7,251.4,247.6,324.2,1459.1,1153.9,110.1,0.0,112.6,0.0,194.5,175.0,480.4,434.1,202.0,0.0,1.0,0.0,19.6,0.0,0.0,54.3
3485,491269,49,1,2,2499.6,1690.8,2304.8,1474.3,17.2,33.6,365.9,191.3,194.7,158.1,1144.6,765.5,98.7,0.0,100.8,0.0,115.5,105.2,279.6,254.2,2.0,0.0,3.0,0.0,17.2,0.0,0.0,33.6
3486,491270,49,1,2,2314.7,1041.5,2158.2,869.4,27.2,18.2,378.3,4.5,200.6,0.0,1210.3,757.9,106.9,0.0,109.4,0.0,32.0,29.6,84.7,77.3,16.0,0.0,20.0,0.0,27.2,0.0,0.0,18.2
3487,491271,49,1,2,92.4,94.6,0.0,0.0,0.0,0.0,0.0,0.0,0.0,0.0,0.0,0.0,0.0,0.0,0.0,0.0,0.0,0.0,0.0,0.0,0.0,0.0,0.0,0.0,0.0,0.0,0.0,0.0
3488,491272,49,1,2,3297.2,1432.3,3112.9,1240.9,22.3,26.5,540.6,2.5,290.1,0.0,1766.9,1087.9,171.3,0.0,174.8,0.0,46.8,42.6,122.4,108.0,0.0,0.0,0.0,0.0,22.3,0.0,0.0,26.5
3489,491273,49,1,2,104.7,99.8,11.8,4.7,0.4,0.2,2.6,0.0,1.7,0.0,6.5,4.3,0.3,0.0,0.3,0.0,0.1,0.1,0.3,0.3,0.0,0.0,0.0,0.0,0.4,0.0,0.0,0.2
3490,491274,49,1,3,128.0,99.9,57.0,25.0,0.5,0.7,9.5,0.0,5.3,0.0,32.8,22.3,2.8,0.0,2.9,0.0,0.6,0.6,2.1,2.1,0.0,0.0,1.0,0.0,0.5,0.0,0.0,0.7
3491,491275,49,1,2,2713.0,1185.2,2555.2,1015.3,9.6,19.0,445.6,3.1,236.3,0.0,1449.9,889.9,138.8,0.0,141.6,0.0,38.0,34.8,99.9,87.6,5.0,0.0,0.0,0.0,9.6,0.0,0.0,19.0
3492,491276,49,1,2,522.6,271.1,421.8,164.3,1.2,2.6,72.4,0.8,39.1,0.0,240.4,144.8,23.4,0.0,23.9,0.0,5.3,5.0,15.2,13.7,2.0,0.0,0.0,0.0,1.2,0.0,0.0,2.6
3493,491277,49,1,2,3731.4,1617.9,3547.8,1414.9,11.7,25.9,619.9,4.1,328.7,0.0,2016.0,1239.8,192.8,0.0,196.5,0.0,53.6,48.7,139.4,122.4,0.0,0.0,1.0,0.0,11.7,0.0,0.0,25.9
3494,491278,49,1,2,2533.0,1113.6,2382.8,949.0,6.8,14.8,416.5,2.8,223.1,0.0,1354.4,831.7,128.4,0.0,131.0,0.0,35.3,32.4,93.1,82.1,0.0,0.0,1.0,0.0,6.8,0.0,0.0,14.8
3495,491279,49,1,2,83.1,74.8,11.8,4.6,0.6,0.2,2.6,0.0,1.7,0.0,6.6,4.2,0.3,0.0,0.3,0.0,0.1,0.1,0.3,0.3,0.0,0.0,0.0,0.0,0.6,0.0,0.0,0.2
3496,491280,49,1,2,470.5,1324.1,354.7,1179.4,0.9,27.0,42.4,781.0,21.7,12.4,132.5,263.3,10.6,0.0,10.9,0.0,57.8,52.5,77.8,70.1,0.0,0.0,1.0,0.0,0.9,0.0,0.0,27.0
3497,491281,49,1,2,1284.3,723.3,1189.4,619.3,5.3,12.4,216.5,61.4,107.7,2.0,670.1,481.2,54.0,0.0,55.2,0.0,23.8,21.5,59.0,53.1,3.0,0.0,0.0,0.0,5.3,0.0,0.0,12.4
3498,491282,49,1,3,5002.6,3553.9,4756.1,3293.8,32.6,44.8,843.6,101.4,437.6,0.0,2665.2,1822.7,239.0,1073.2,244.1,0.0,101.3,92.9,224.4,203.6,0.0,0.0,1.0,0.0,32.6,0.0,0.0,44.8
3499,491283,49,1,2,3877.4,1929.4,3699.4,1736.5,10.5,23.5,690.9,26.4,351.3,0.0,2093.8,1500.4,163.4,0.0,166.6,0.0,64.8,59.2,168.6,150.5,0.0,0.0,0.0,0.0,10.5,0.0,0.0,23.5
3500,491284,49,1,2,169.9,320.1,98.6,243.5,0.0,4.7,0.0,13.0,0.0,141.5,0.0,0.0,0.0,0.0,0.0,0.0,18.2,16.7,80.3,72.2,0.0,0.0,0.0,0.0,0.0,0.0,0.0,4.7
3501,491285,49,1,2,3722.1,1704.9,3539.5,1508.8,10.0,22.4,635.7,24.7,330.7,0.0,2008.3,1301.1,179.1,0.0,182.8,0.0,56.0,51.3,145.9,131.6,0.0,0.0,1.0,0.0,10.0,0.0,0.0,22.4
3502,491286,49,1,2,89.6,292.1,15.5,212.0,0.0,3.9,2.7,198.8,1.7,0.0,6.8,9.6,0.3,0.0,0.2,0.0,2.2,2.1,1.6,1.5,0.0,0.0,0.0,0.0,0.0,0.0,0.0,3.9
3503,491287,49,1,1,300.6,253.7,209.7,177.7,0.9,1.7,33.3,94.8,20.6,0.0,120.5,69.6,10.7,0.0,10.8,0.0,4.4,4.3,9.4,9.1,0.0,0.0,0.0,0.0,0.9,0.0,0.0,1.7
3504,491288,49,1,1,114.9,93.5,3.7,3.7,0.1,0.2,0.7,0.1,0.4,0.0,2.2,3.4,0.1,0.0,0.2,0.0,0.0,0.0,0.1,0.2,0.0,0.0,0.0,0.0,0.1,0.0,0.0,0.2
3505,491289,49,1,1,111.0,90.2,0.0,0.5,0.0,0.0,0.0,0.5,0.0,0.0,0.0,0.0,0.0,0.0,0.0,0.0,0.0,0.0,0.0,0.0,0.0,0.0,0.0,0.0,0.0,0.0,0.0,0.0
3506,491290,49,1,1,520.3,197.6,456.1,142.7,2.8,4.1,69.4,0.2,41.7,0.0,261.9,124.8,27.7,0.0,28.3,0.0,4.9,4.7,15.0,13.0,7.0,0.0,0.0,0.0,2.8,0.0,0.0,4.1
3507,491291,49,1,1,426.0,340.0,337.7,255.0,2.3,9.2,50.1,107.2,30.4,1.5,186.4,118.4,19.1,0.0,19.5,0.0,11.0,10.3,21.2,17.6,0.0,0.0,0.0,0.0,2.3,0.0,0.0,9.2
3508,491292,49,1,1,1646.9,1282.3,1537.0,1158.1,13.3,30.3,219.8,138.1,132.3,52.8,825.4,475.3,87.5,342.4,89.6,0.0,55.8,51.3,119.5,98.1,6.0,0.0,1.0,0.0,13.3,0.0,0.0,30.3
3509,491293,49,1,1,571.9,269.9,504.7,210.7,3.3,5.8,91.1,2.1,49.1,0.0,288.8,181.6,22.5,0.0,22.8,0.0,7.8,7.3,22.6,19.7,0.0,0.0,0.0,0.0,3.3,0.0,0.0,5.8
3510,491294,49,1,1,254.4,411.9,189.7,339.6,1.6,13.0,29.0,231.7,16.1,1.5,98.4,80.7,8.0,0.0,8.3,0.0,11.3,10.4,18.6,15.2,0.0,0.0,0.0,0.0,1.6,0.0,0.0,13.0
3511,491295,49,1,1,2067.7,976.4,1946.8,838.0,17.8,29.4,348.9,20.2,190.7,0.0,1106.1,713.2,86.4,0.0,88.4,0.0,35.3,32.0,90.9,72.7,0.0,0.0,0.0,0.0,17.8,0.0,0.0,29.4
3512,491296,49,1,1,1073.9,456.8,988.8,359.8,8.3,12.8,164.2,0.9,95.7,0.0,568.4,314.5,52.9,0.0,54.2,0.0,14.4,13.1,39.0,31.4,0.0,0.0,0.0,0.0,8.3,0.0,0.0,12.8
3513,491297,49,1,1,248.8,139.8,154.2,53.7,1.1,1.5,25.1,0.3,14.3,0.0,90.1,47.6,8.5,0.0,8.8,0.0,1.4,1.3,5.0,4.5,0.0,0.0,1.0,0.0,1.1,0.0,0.0,1.5
3514,491298,49,1,1,56.0,40.5,0.0,0.3,0.0,0.0,0.0,0.3,0.0,0.0,0.0,0.0,0.0,0.0,0.0,0.0,0.0,0.0,0.0,0.0,0.0,0.0,0.0,0.0,0.0,0.0,0.0,0.0
3515,491299,49,1,2,419.9,247.6,271.3,116.5,1.1,0.4,55.2,0.8,25.5,0.0,154.4,100.7,10.3,0.0,10.8,0.0,3.3,3.4,11.8,11.6,0.0,0.0,0.0,0.0,1.1,0.0,0.0,0.4
3516,491300,49,1,1,158.6,126.7,3.3,2.6,0.0,0.0,0.8,0.0,0.3,0.0,1.9,2.5,0.0,0.0,0.2,0.0,0.0,0.0,0.0,0.1,0.0,0.0,0.0,0.0,0.0,0.0,0.0,0.0
3517,491301,49,1,2,93.4,82.6,0.0,0.0,0.0,0.0,0.0,0.0,0.0,0.0,0.0,0.0,0.0,0.0,0.0,0.0,0.0,0.0,0.0,0.0,0.0,0.0,0.0,0.0,0.0,0.0,0.0,0.0
3518,491302,49,1,2,123.4,109.1,13.8,17.8,0.1,0.1,2.3,4.4,1.5,0.0,6.1,9.9,0.2,0.0,0.3,0.0,1.2,1.2,2.1,2.1,0.0,0.0,0.0,0.0,0.1,0.0,0.0,0.1
3519,491303,49,1,1,96.4,93.8,6.0,0.0,0.0,0.0,0.0,0.0,0.0,0.0,3.0,0.0,0.0,0.0,0.0,0.0,0.0,0.0,0.0,0.0,0.0,0.0,3.0,0.0,0.0,0.0,0.0,0.0
3520,491304,49,1,2,107.2,81.8,0.0,0.0,0.0,0.0,0.0,0.0,0.0,0.0,0.0,0.0,0.0,0.0,0.0,0.0,0.0,0.0,0.0,0.0,0.0,0.0,0.0,0.0,0.0,0.0,0.0,0.0
3521,491305,49,1,2,103.6,93.7,0.0,0.0,0.0,0.0,0.0,0.0,0.0,0.0,0.0,0.0,0.0,0.0,0.0,0.0,0.0,0.0,0.0,0.0,0.0,0.0,0.0,0.0,0.0,0.0,0.0,0.0
3522,491306,49,1,1,93.4,94.8,0.0,0.0,0.0,0.0,0.0,0.0,0.0,0.0,0.0,0.0,0.0,0.0,0.0,0.0,0.0,0.0,0.0,0.0,0.0,0.0,0.0,0.0,0.0,0.0,0.0,0.0
3523,491307,49,1,1,2113.9,2802.8,1803.9,2501.6,2.8,21.3,63.9,244.7,38.3,590.8,197.8,350.2,13.4,0.0,13.6,0.0,415.1,404.2,1059.7,911.7,1.0,0.0,1.0,0.0,2.8,0.0,0.0,21.3
3524,491308,49,1,3,127.0,129.0,0.0,0.0,0.0,0.0,0.0,0.0,0.0,0.0,0.0,0.0,0.0,0.0,0.0,0.0,0.0,0.0,0.0,0.0,0.0,0.0,0.0,0.0,0.0,0.0,0.0,0.0
3525,491309,49,1,3,401.3,180.7,284.7,74.2,5.2,0.7,44.3,0.1,30.0,0.0,169.2,63.4,14.5,0.0,15.0,0.0,2.5,2.5,8.1,8.3,1.0,0.0,0.0,0.0,5.2,0.0,0.0,0.7
3526,491310,49,1,1,107.8,98.4,0.0,0.0,0.0,0.0,0.0,0.0,0.0,0.0,0.0,0.0,0.0,0.0,0.0,0.0,0.0,0.0,0.0,0.0,0.0,0.0,0.0,0.0,0.0,0.0,0.0,0.0
3527,491311,49,1,1,155.9,246.0,42.5,125.9,0.1,0.8,6.4,18.3,3.7,0.0,18.7,96.0,0.9,0.0,1.1,0.0,5.4,5.4,6.4,6.2,0.0,0.0,0.0,0.0,0.1,0.0,0.0,0.8
3528,491312,49,1,1,419.2,261.2,305.2,141.1,0.9,0.9,63.0,0.0,32.1,0.0,170.7,120.5,8.6,0.0,9.0,0.0,5.2,5.3,15.6,15.3,1.0,0.0,0.0,0.0,0.9,0.0,0.0,0.9
3529,491313,49,1,1,169.5,214.6,54.8,115.1,0.5,0.9,10.4,7.9,5.7,0.0,31.2,103.6,1.9,0.0,2.1,0.0,1.7,1.7,1.9,1.9,0.0,0.0,0.0,0.0,0.5,0.0,0.0,0.9
3530,491314,49,1,3,104.4,92.4,12.0,6.8,0.1,0.1,2.4,0.0,1.5,0.0,7.0,6.3,0.3,0.0,0.3,0.0,0.1,0.1,0.4,0.4,0.0,0.0,0.0,0.0,0.1,0.0,0.0,0.1
3531,491315,49,1,1,167.6,97.6,81.1,39.6,0.2,0.1,16.0,0.0,8.3,0.0,46.0,34.7,2.4,0.0,2.5,0.0,0.9,0.9,4.0,4.0,0.0,0.0,1.0,0.0,0.2,0.0,0.0,0.1
3532,491316,49,1,1,458.5,273.7,342.9,185.0,1.2,0.8,71.5,0.1,37.4,7.1,183.0,143.2,7.8,0.0,7.9,0.0,8.4,8.4,26.9,26.2,0.0,0.0,0.0,0.0,1.2,0.0,0.0,0.8
3533,491317,49,1,1,692.3,324.3,571.5,228.2,2.5,1.0,109.0,0.0,59.7,0.0,322.8,192.7,22.0,0.0,22.4,0.0,9.1,9.3,26.4,26.1,0.0,0.0,0.0,0.0,2.5,0.0,0.0,1.0
3534,491318,49,1,2,397.6,244.1,280.9,137.3,1.7,0.7,57.8,0.0,28.7,0.0,157.9,118.2,8.5,0.0,8.8,0.0,4.7,4.8,14.5,14.3,0.0,0.0,0.0,0.0,1.7,0.0,0.0,0.7
3535,491319,49,1,1,108.0,106.3,0.0,0.0,0.0,0.0,0.0,0.0,0.0,0.0,0.0,0.0,0.0,0.0,0.0,0.0,0.0,0.0,0.0,0.0,0.0,0.0,0.0,0.0,0.0,0.0,0.0,0.0
3536,491320,49,1,1,109.6,94.9,2.0,0.0,0.0,0.0,0.0,0.0,0.0,0.0,1.0,0.0,0.0,0.0,0.0,0.0,0.0,0.0,0.0,0.0,0.0,0.0,1.0,0.0,0.0,0.0,0.0,0.0
3537,491321,49,1,2,111.7,103.4,0.0,0.0,0.0,0.0,0.0,0.0,0.0,0.0,0.0,0.0,0.0,0.0,0.0,0.0,0.0,0.0,0.0,0.0,0.0,0.0,0.0,0.0,0.0,0.0,0.0,0.0
3538,491322,49,1,1,170.5,99.7,61.1,21.0,0.2,0.1,9.8,0.0,5.9,0.0,36.6,19.2,3.5,0.0,3.5,0.0,0.3,0.3,1.5,1.6,0.0,0.0,0.0,0.0,0.2,0.0,0.0,0.1
3539,491323,49,1,1,109.7,90.5,0.0,0.0,0.0,0.0,0.0,0.0,0.0,0.0,0.0,0.0,0.0,0.0,0.0,0.0,0.0,0.0,0.0,0.0,0.0,0.0,0.0,0.0,0.0,0.0,0.0,0.0
3540,491324,49,1,1,1012.5,488.3,870.1,352.1,7.8,8.1,146.3,4.2,80.1,27.3,480.6,250.0,44.8,0.0,45.5,0.0,17.2,16.7,55.7,54.0,0.0,0.0,0.0,0.0,7.8,0.0,0.0,8.1
3541,491325,49,1,1,94.5,75.4,0.0,0.0,0.0,0.0,0.0,0.0,0.0,0.0,0.0,0.0,0.0,0.0,0.0,0.0,0.0,0.0,0.0,0.0,0.0,0.0,0.0,0.0,0.0,0.0,0.0,0.0
3542,491326,49,1,1,122.2,87.9,13.4,3.2,0.1,0.1,1.6,0.0,1.3,0.0,8.6,3.0,0.9,0.0,1.0,0.0,0.0,0.0,0.1,0.1,0.0,0.0,0.0,0.0,0.1,0.0,0.0,0.1
3543,491327,49,1,1,80.4,62.2,0.0,0.0,0.0,0.0,0.0,0.0,0.0,0.0,0.0,0.0,0.0,0.0,0.0,0.0,0.0,0.0,0.0,0.0,0.0,0.0,0.0,0.0,0.0,0.0,0.0,0.0
3544,491328,49,1,1,439.5,301.3,344.1,217.7,2.7,10.5,62.4,41.6,33.6,0.0,186.8,141.0,12.5,0.0,12.5,0.0,13.0,12.8,23.3,22.1,0.0,0.0,0.0,0.0,2.7,0.0,0.0,10.5
3545,491329,49,1,1,524.4,187.4,434.3,118.0,4.3,3.6,67.2,0.0,40.1,0.0,251.7,99.3,27.6,0.0,27.9,0.0,5.1,4.9,14.5,13.7,0.0,0.0,0.0,0.0,4.3,0.0,0.0,3.6
3546,491330,49,1,1,80.7,60.4,0.0,0.0,0.0,0.0,0.0,0.0,0.0,0.0,0.0,0.0,0.0,0.0,0.0,0.0,0.0,0.0,0.0,0.0,0.0,0.0,0.0,0.0,0.0,0.0,0.0,0.0
3547,491331,49,1,1,180.5,93.1,77.1,21.0,1.3,2.2,11.3,0.0,7.8,0.0,46.7,19.1,4.7,0.0,4.7,0.0,0.3,0.3,1.7,1.5,0.0,0.0,0.0,0.0,1.3,0.0,0.0,2.2
3548,491332,49,1,1,97.3,68.7,14.8,7.6,1.9,1.9,3.0,0.0,1.5,0.0,9.3,7.0,0.5,0.0,0.0,0.0,0.1,0.1,0.5,0.5,0.0,0.0,0.0,0.0,1.9,0.0,0.0,1.9
3549,491333,49,1,2,102.4,77.1,0.0,0.0,0.0,0.0,0.0,0.0,0.0,0.0,0.0,0.0,0.0,0.0,0.0,0.0,0.0,0.0,0.0,0.0,0.0,0.0,0.0,0.0,0.0,0.0,0.0,0.0
3550,491334,49,1,1,87.0,67.6,0.0,0.0,0.0,0.0,0.0,0.0,0.0,0.0,0.0,0.0,0.0,0.0,0.0,0.0,0.0,0.0,0.0,0.0,0.0,0.0,0.0,0.0,0.0,0.0,0.0,0.0
3551,491335,49,1,2,233.9,151.4,141.6,71.3,1.2,1.9,27.4,0.0,14.6,0.0,81.0,63.0,5.0,0.0,5.2,0.0,2.0,1.9,6.4,6.4,0.0,0.0,0.0,0.0,1.2,0.0,0.0,1.9
3552,491336,49,1,1,83.7,82.9,0.0,8.3,0.0,0.0,0.0,8.3,0.0,0.0,0.0,0.0,0.0,0.0,0.0,0.0,0.0,0.0,0.0,0.0,0.0,0.0,0.0,0.0,0.0,0.0,0.0,0.0
3553,491337,49,1,1,87.1,72.4,0.0,0.0,0.0,0.0,0.0,0.0,0.0,0.0,0.0,0.0,0.0,0.0,0.0,0.0,0.0,0.0,0.0,0.0,0.0,0.0,0.0,0.0,0.0,0.0,0.0,0.0
3554,491338,49,1,2,101.2,98.0,0.0,0.0,0.0,0.0,0.0,0.0,0.0,0.0,0.0,0.0,0.0,0.0,0.0,0.0,0.0,0.0,0.0,0.0,0.0,0.0,0.0,0.0,0.0,0.0,0.0,0.0
3555,491339,49,1,1,123.7,108.7,31.3,22.0,0.3,0.6,6.8,0.0,3.6,0.0,17.4,19.9,0.6,0.0,0.8,0.0,0.4,0.4,1.7,1.7,0.0,0.0,0.0,0.0,0.3,0.0,0.0,0.6
3556,491340,49,1,2,113.6,109.8,0.0,0.0,0.0,0.0,0.0,0.0,0.0,0.0,0.0,0.0,0.0,0.0,0.0,0.0,0.0,0.0,0.0,0.0,0.0,0.0,0.0,0.0,0.0,0.0,0.0,0.0
3557,491341,49,1,1,111.2,79.7,0.0,0.0,0.0,0.0,0.0,0.0,0.0,0.0,0.0,0.0,0.0,0.0,0.0,0.0,0.0,0.0,0.0,0.0,0.0,0.0,0.0,0.0,0.0,0.0,0.0,0.0
3558,491342,49,1,1,91.9,96.0,0.0,0.0,0.0,0.0,0.0,0.0,0.0,0.0,0.0,0.0,0.0,0.0,0.0,0.0,0.0,0.0,0.0,0.0,0.0,0.0,0.0,0.0,0.0,0.0,0.0,0.0
3559,491343,49,1,2,151.4,132.9,15.1,8.4,0.1,0.1,2.8,0.0,1.5,0.0,9.0,7.7,0.5,0.0,0.6,0.0,0.1,0.1,0.6,0.6,0.0,0.0,0.0,0.0,0.1,0.0,0.0,0.1
3560,491344,49,1,2,3506.9,1446.2,3316.1,1265.1,21.6,32.6,574.8,23.0,308.1,0.0,1894.3,1061.2,171.4,0.0,174.7,0.0,53.3,50.9,138.4,130.0,0.0,0.0,1.0,0.0,21.6,0.0,0.0,32.6
3561,491345,49,1,1,93.0,75.7,0.0,0.0,0.0,0.0,0.0,0.0,0.0,0.0,0.0,0.0,0.0,0.0,0.0,0.0,0.0,0.0,0.0,0.0,0.0,0.0,0.0,0.0,0.0,0.0,0.0,0.0
3562,491346,49,1,1,70.7,47.3,14.4,3.6,0.1,0.2,1.5,0.0,1.3,0.0,9.4,3.4,0.9,0.0,1.1,0.0,0.0,0.0,0.1,0.2,0.0,0.0,0.0,0.0,0.1,0.0,0.0,0.2
3563,0,0,0,0,0.0,0.0,0.0,0.0,0.0,0.0,0.0,0.0,0.0,0.0,0.0,0.0,0.0,0.0,0.0,0.0,0.0,0.0,0.0,0.0,0.0,0.0,0.0,0.0,0.0,0.0,0.0,0.0
3564,0,0,0,0,0.0,0.0,0.0,0.0,0.0,0.0,0.0,0.0,0.0,0.0,0.0,0.0,0.0,0.0,0.0,0.0,0.0,0.0,0.0,0.0,0.0,0.0,0.0,0.0,0.0,0.0,0.0,0.0
3565,0,0,0,0,0.0,0.0,0.0,0.0,0.0,0.0,0.0,0.0,0.0,0.0,0.0,0.0,0.0,0.0,0.0,0.0,0.0,0.0,0.0,0.0,0.0,0.0,0.0,0.0,0.0,0.0,0.0,0.0
3566,0,0,0,0,0.0,0.0,0.0,0.0,0.0,0.0,0.0,0.0,0.0,0.0,0.0,0.0,0.0,0.0,0.0,0.0,0.0,0.0,0.0,0.0,0.0,0.0,0.0,0.0,0.0,0.0,0.0,0.0
3567,0,0,0,0,0.0,0.0,0.0,0.0,0.0,0.0,0.0,0.0,0.0,0.0,0.0,0.0,0.0,0.0,0.0,0.0,0.0,0.0,0.0,0.0,0.0,0.0,0.0,0.0,0.0,0.0,0.0,0.0
3568,0,0,0,0,0.0,0.0,0.0,0.0,0.0,0.0,0.0,0.0,0.0,0.0,0.0,0.0,0.0,0.0,0.0,0.0,0.0,0.0,0.0,0.0,0.0,0.0,0.0,0.0,0.0,0.0,0.0,0.0
3569,0,0,0,0,0.0,0.0,0.0,0.0,0.0,0.0,0.0,0.0,0.0,0.0,0.0,0.0,0.0,0.0,0.0,0.0,0.0,0.0,0.0,0.0,0.0,0.0,0.0,0.0,0.0,0.0,0.0,0.0
3570,0,0,0,0,0.0,0.0,0.0,0.0,0.0,0.0,0.0,0.0,0.0,0.0,0.0,0.0,0.0,0.0,0.0,0.0,0.0,0.0,0.0,0.0,0.0,0.0,0.0,0.0,0.0,0.0,0.0,0.0
3571,0,0,0,0,0.0,0.0,0.0,0.0,0.0,0.0,0.0,0.0,0.0,0.0,0.0,0.0,0.0,0.0,0.0,0.0,0.0,0.0,0.0,0.0,0.0,0.0,0.0,0.0,0.0,0.0,0.0,0.0
3572,0,0,0,0,0.0,0.0,0.0,0.0,0.0,0.0,0.0,0.0,0.0,0.0,0.0,0.0,0.0,0.0,0.0,0.0,0.0,0.0,0.0,0.0,0.0,0.0,0.0,0.0,0.0,0.0,0.0,0.0
3573,0,0,0,0,0.0,0.0,0.0,0.0,0.0,0.0,0.0,0.0,0.0,0.0,0.0,0.0,0.0,0.0,0.0,0.0,0.0,0.0,0.0,0.0,0.0,0.0,0.0,0.0,0.0,0.0,0.0,0.0
3574,0,0,0,0,0.0,0.0,0.0,0.0,0.0,0.0,0.0,0.0,0.0,0.0,0.0,0.0,0.0,0.0,0.0,0.0,0.0,0.0,0.0,0.0,0.0,0.0,0.0,0.0,0.0,0.0,0.0,0.0
3575,0,0,0,0,0.0,0.0,0.0,0.0,0.0,0.0,0.0,0.0,0.0,0.0,0.0,0.0,0.0,0.0,0.0,0.0,0.0,0.0,0.0,0.0,0.0,0.0,0.0,0.0,0.0,0.0,0.0,0.0
3576,0,0,0,0,0.0,0.0,0.0,0.0,0.0,0.0,0.0,0.0,0.0,0.0,0.0,0.0,0.0,0.0,0.0,0.0,0.0,0.0,0.0,0.0,0.0,0.0,0.0,0.0,0.0,0.0,0.0,0.0
3577,0,0,0,0,0.0,0.0,0.0,0.0,0.0,0.0,0.0,0.0,0.0,0.0,0.0,0.0,0.0,0.0,0.0,0.0,0.0,0.0,0.0,0.0,0.0,0.0,0.0,0.0,0.0,0.0,0.0,0.0
3578,0,0,0,0,0.0,0.0,0.0,0.0,0.0,0.0,0.0,0.0,0.0,0.0,0.0,0.0,0.0,0.0,0.0,0.0,0.0,0.0,0.0,0.0,0.0,0.0,0.0,0.0,0.0,0.0,0.0,0.0
3579,0,0,0,0,0.0,0.0,0.0,0.0,0.0,0.0,0.0,0.0,0.0,0.0,0.0,0.0,0.0,0.0,0.0,0.0,0.0,0.0,0.0,0.0,0.0,0.0,0.0,0.0,0.0,0.0,0.0,0.0
3580,0,0,0,0,0.0,0.0,0.0,0.0,0.0,0.0,0.0,0.0,0.0,0.0,0.0,0.0,0.0,0.0,0.0,0.0,0.0,0.0,0.0,0.0,0.0,0.0,0.0,0.0,0.0,0.0,0.0,0.0
3581,0,0,0,0,0.0,0.0,0.0,0.0,0.0,0.0,0.0,0.0,0.0,0.0,0.0,0.0,0.0,0.0,0.0,0.0,0.0,0.0,0.0,0.0,0.0,0.0,0.0,0.0,0.0,0.0,0.0,0.0
3582,0,0,0,0,0.0,0.0,0.0,0.0,0.0,0.0,0.0,0.0,0.0,0.0,0.0,0.0,0.0,0.0,0.0,0.0,0.0,0.0,0.0,0.0,0.0,0.0,0.0,0.0,0.0,0.0,0.0,0.0
3583,0,0,0,0,0.0,0.0,0.0,0.0,0.0,0.0,0.0,0.0,0.0,0.0,0.0,0.0,0.0,0.0,0.0,0.0,0.0,0.0,0.0,0.0,0.0,0.0,0.0,0.0,0.0,0.0,0.0,0.0
3584,0,0,0,0,0.0,0.0,0.0,0.0,0.0,0.0,0.0,0.0,0.0,0.0,0.0,0.0,0.0,0.0,0.0,0.0,0.0,0.0,0.0,0.0,0.0,0.0,0.0,0.0,0.0,0.0,0.0,0.0
3585,0,0,0,0,0.0,0.0,0.0,0.0,0.0,0.0,0.0,0.0,0.0,0.0,0.0,0.0,0.0,0.0,0.0,0.0,0.0,0.0,0.0,0.0,0.0,0.0,0.0,0.0,0.0,0.0,0.0,0.0
3586,0,0,0,0,0.0,0.0,0.0,0.0,0.0,0.0,0.0,0.0,0.0,0.0,0.0,0.0,0.0,0.0,0.0,0.0,0.0,0.0,0.0,0.0,0.0,0.0,0.0,0.0,0.0,0.0,0.0,0.0
3587,0,0,0,0,0.0,0.0,0.0,0.0,0.0,0.0,0.0,0.0,0.0,0.0,0.0,0.0,0.0,0.0,0.0,0.0,0.0,0.0,0.0,0.0,0.0,0.0,0.0,0.0,0.0,0.0,0.0,0.0
3588,0,0,0,0,0.0,0.0,0.0,0.0,0.0,0.0,0.0,0.0,0.0,0.0,0.0,0.0,0.0,0.0,0.0,0.0,0.0,0.0,0.0,0.0,0.0,0.0,0.0,0.0,0.0,0.0,0.0,0.0
3589,0,0,0,0,0.0,0.0,0.0,0.0,0.0,0.0,0.0,0.0,0.0,0.0,0.0,0.0,0.0,0.0,0.0,0.0,0.0,0.0,0.0,0.0,0.0,0.0,0.0,0.0,0.0,0.0,0.0,0.0
3590,0,0,0,0,0.0,0.0,0.0,0.0,0.0,0.0,0.0,0.0,0.0,0.0,0.0,0.0,0.0,0.0,0.0,0.0,0.0,0.0,0.0,0.0,0.0,0.0,0.0,0.0,0.0,0.0,0.0,0.0
3591,0,0,0,0,0.0,0.0,0.0,0.0,0.0,0.0,0.0,0.0,0.0,0.0,0.0,0.0,0.0,0.0,0.0,0.0,0.0,0.0,0.0,0.0,0.0,0.0,0.0,0.0,0.0,0.0,0.0,0.0
3592,0,0,0,0,0.0,0.0,0.0,0.0,0.0,0.0,0.0,0.0,0.0,0.0,0.0,0.0,0.0,0.0,0.0,0.0,0.0,0.0,0.0,0.0,0.0,0.0,0.0,0.0,0.0,0.0,0.0,0.0
3593,0,0,0,0,0.0,0.0,0.0,0.0,0.0,0.0,0.0,0.0,0.0,0.0,0.0,0.0,0.0,0.0,0.0,0.0,0.0,0.0,0.0,0.0,0.0,0.0,0.0,0.0,0.0,0.0,0.0,0.0
3594,0,0,0,0,0.0,0.0,0.0,0.0,0.0,0.0,0.0,0.0,0.0,0.0,0.0,0.0,0.0,0.0,0.0,0.0,0.0,0.0,0.0,0.0,0.0,0.0,0.0,0.0,0.0,0.0,0.0,0.0
3595,0,0,0,0,0.0,0.0,0.0,0.0,0.0,0.0,0.0,0.0,0.0,0.0,0.0,0.0,0.0,0.0,0.0,0.0,0.0,0.0,0.0,0.0,0.0,0.0,0.0,0.0,0.0,0.0,0.0,0.0
3596,0,0,0,0,0.0,0.0,0.0,0.0,0.0,0.0,0.0,0.0,0.0,0.0,0.0,0.0,0.0,0.0,0.0,0.0,0.0,0.0,0.0,0.0,0.0,0.0,0.0,0.0,0.0,0.0,0.0,0.0
3597,0,0,0,0,0.0,0.0,0.0,0.0,0.0,0.0,0.0,0.0,0.0,0.0,0.0,0.0,0.0,0.0,0.0,0.0,0.0,0.0,0.0,0.0,0.0,0.0,0.0,0.0,0.0,0.0,0.0,0.0
3598,0,0,0,0,0.0,0.0,0.0,0.0,0.0,0.0,0.0,0.0,0.0,0.0,0.0,0.0,0.0,0.0,0.0,0.0,0.0,0.0,0.0,0.0,0.0,0.0,0.0,0.0,0.0,0.0,0.0,0.0
3599,0,0,0,0,0.0,0.0,0.0,0.0,0.0,0.0,0.0,0.0,0.0,0.0,0.0,0.0,0.0,0.0,0.0,0.0,0.0,0.0,0.0,0.0,0.0,0.0,0.0,0.0,0.0,0.0,0.0,0.0
3600,0,0,0,0,0.0,0.0,0.0,0.0,0.0,0.0,0.0,0.0,0.0,0.0,0.0,0.0,0.0,0.0,0.0,0.0,0.0,0.0,0.0,0.0,0.0,0.0,0.0,0.0,0.0,0.0,0.0,0.0
3601,0,0,0,0,441.2,345.1,0.0,0.0,354.2,279.1,0.0,0.0,0.0,0.0,0.0,0.0,0.0,0.0,0.0,0.0,0.0,0.0,0.0,0.0,0.0,0.0,0.0,0.0,0.0,279.1,354.2,0.0
3602,0,0,0,0,6400.1,3904.2,0.0,0.0,5133.3,2904.6,0.0,0.0,0.0,0.0,0.0,0.0,0.0,0.0,0.0,0.0,0.0,0.0,0.0,0.0,0.0,0.0,0.0,0.0,0.0,2904.6,5133.3,0.0
3603,0,0,0,0,561.0,1022.4,0.0,0.0,529.0,990.4,0.0,0.0,0.0,0.0,0.0,0.0,0.0,0.0,0.0,0.0,0.0,0.0,0.0,0.0,0.0,0.0,0.0,0.0,0.0,990.4,529.0,0.0
3604,0,0,0,0,22943.0,18868.9,0.0,0.0,14432.9,11687.3,0.0,0.0,0.0,0.0,0.0,0.0,0.0,0.0,0.0,0.0,0.0,0.0,0.0,0.0,0.0,0.0,0.0,0.0,0.0,11687.3,14432.9,0.0
3605,0,0,0,0,2142.9,1391.3,0.0,0.0,1821.6,970.0,0.0,0.0,0.0,0.0,0.0,0.0,0.0,0.0,0.0,0.0,0.0,0.0,0.0,0.0,0.0,0.0,0.0,0.0,0.0,970.0,1821.6,0.0
3606,0,0,0,0,10302.7,11919.5,0.0,0.0,7256.3,9526.9,0.0,0.0,0.0,0.0,0.0,0.0,0.0,0.0,0.0,0.0,0.0,0.0,0.0,0.0,0.0,0.0,0.0,0.0,0.0,9526.9,7256.3,0.0
3607,0,0,0,0,1839.1,596.3,0.0,0.0,1712.1,492.3,0.0,0.0,0.0,0.0,0.0,0.0,0.0,0.0,0.0,0.0,0.0,0.0,0.0,0.0,0.0,0.0,0.0,0.0,0.0,492.3,1712.1,0.0
3608,0,0,0,0,6810.3,2167.2,0.0,0.0,6354.8,1738.0,0.0,0.0,0.0,0.0,0.0,0.0,0.0,0.0,0.0,0.0,0.0,0.0,0.0,0.0,0.0,0.0,0.0,0.0,0.0,1738.0,6354.8,0.0
3609,0,0,0,0,17182.9,11202.4,0.0,0.0,12894.7,5893.5,0.0,0.0,0.0,0.0,0.0,0.0,0.0,0.0,0.0,0.0,0.0,0.0,0.0,0.0,0.0,0.0,0.0,0.0,0.0,5893.5,12894.7,0.0
3610,0,0,0,0,54.0,66.4,0.0,0.0,42.0,60.4,0.0,0.0,0.0,0.0,0.0,0.0,0.0,0.0,0.0,0.0,0.0,0.0,0.0,0.0,0.0,0.0,0.0,0.0,0.0,60.4,42.0,0.0
3611,0,0,0,0,0.0,0.0,0.0,0.0,0.0,0.0,0.0,0.0,0.0,0.0,0.0,0.0,0.0,0.0,0.0,0.0,0.0,0.0,0.0,0.0,0.0,0.0,0.0,0.0,0.0,0.0,0.0,0.0
3612,0,0,0,0,42542.1,19081.3,0.0,0.0,36127.2,13043.4,0.0,0.0,0.0,0.0,0.0,0.0,0.0,0.0,0.0,0.0,0.0,0.0,0.0,0.0,0.0,0.0,0.0,0.0,0.0,13043.4,36127.2,0.0
3613,0,0,0,0,362.2,36.6,0.0,0.0,355.2,0.0,0.0,0.0,0.0,0.0,0.0,0.0,0.0,0.0,0.0,0.0,0.0,0.0,0.0,0.0,0.0,0.0,0.0,0.0,0.0,0.0,355.2,0.0
3614,0,0,0,0,36763.3,28843.1,0.0,0.0,29557.4,22214.7,0.0,0.0,0.0,0.0,0.0,0.0,0.0,0.0,0.0,0.0,0.0,0.0,0.0,0.0,0.0,0.0,0.0,0.0,0.0,22214.7,29557.4,0.0
3615,0,0,0,0,200.2,248.5,0.0,0.0,184.4,235.7,0.0,0.0,0.0,0.0,0.0,0.0,0.0,0.0,0.0,0.0,0.0,0.0,0.0,0.0,0.0,0.0,0.0,0.0,0.0,235.7,184.4,0.0
3616,0,0,0,0,142.5,458.2,0.0,0.0,111.5,381.2,0.0,0.0,0.0,0.0,0.0,0.0,0.0,0.0,0.0,0.0,0.0,0.0,0.0,0.0,0.0,0.0,0.0,0.0,0.0,381.2,111.5,0.0
3617,0,0,0,0,1304.6,302.3,0.0,0.0,1065.8,211.6,0.0,0.0,0.0,0.0,0.0,0.0,0.0,0.0,0.0,0.0,0.0,0.0,0.0,0.0,0.0,0.0,0.0,0.0,0.0,211.6,1065.8,0.0
3618,0,0,0,0,569.8,1555.6,0.0,0.0,515.7,1420.3,0.0,0.0,0.0,0.0,0.0,0.0,0.0,0.0,0.0,0.0,0.0,0.0,0.0,0.0,0.0,0.0,0.0,0.0,0.0,1420.3,515.7,0.0
3619,0,0,0,0,93.0,223.4,0.0,0.0,83.8,210.1,0.0,0.0,0.0,0.0,0.0,0.0,0.0,0.0,0.0,0.0,0.0,0.0,0.0,0.0,0.0,0.0,0.0,0.0,0.0,210.1,83.8,0.0
3620,0,0,0,0,11208.8,10990.4,0.0,0.0,8235.0,7943.6,0.0,0.0,0.0,0.0,0.0,0.0,0.0,0.0,0.0,0.0,0.0,0.0,0.0,0.0,0.0,0.0,0.0,0.0,0.0,7943.6,8235.0,0.0
3621,0,0,0,0,0.0,367.8,0.0,0.0,0.0,366.8,0.0,0.0,0.0,0.0,0.0,0.0,0.0,0.0,0.0,0.0,0.0,0.0,0.0,0.0,0.0,0.0,0.0,0.0,0.0,366.8,0.0,0.0
3622,0,0,0,0,0.0,147.5,0.0,0.0,0.0,120.7,0.0,0.0,0.0,0.0,0.0,0.0,0.0,0.0,0.0,0.0,0.0,0.0,0.0,0.0,0.0,0.0,0.0,0.0,0.0,120.7,0.0,0.0
3623,0,0,0,0,4946.2,5425.0,0.0,0.0,2391.4,3697.4,0.0,0.0,0.0,0.0,0.0,0.0,0.0,0.0,0.0,0.0,0.0,0.0,0.0,0.0,0.0,0.0,0.0,0.0,0.0,3697.4,2391.4,0.0
3624,0,0,0,0,822.4,1025.0,0.0,0.0,26.5,232.7,0.0,0.0,0.0,0.0,0.0,0.0,0.0,0.0,0.0,0.0,0.0,0.0,0.0,0.0,0.0,0.0,0.0,0.0,0.0,232.7,26.5,0.0
3625,0,0,0,0,67.6,68.3,0.0,0.0,53.4,52.8,0.0,0.0,0.0,0.0,0.0,0.0,0.0,0.0,0.0,0.0,0.0,0.0,0.0,0.0,0.0,0.0,0.0,0.0,0.0,52.8,53.4,0.0
3626,0,0,0,0,2710.7,733.2,0.0,0.0,2282.9,607.8,0.0,0.0,0.0,0.0,0.0,0.0,0.0,0.0,0.0,0.0,0.0,0.0,0.0,0.0,0.0,0.0,0.0,0.0,0.0,607.8,2282.9,0.0
3627,0,0,0,0,163.7,164.8,0.0,0.0,125.5,126.0,0.0,0.0,0.0,0.0,0.0,0.0,0.0,0.0,0.0,0.0,0.0,0.0,0.0,0.0,0.0,0.0,0.0,0.0,0.0,126.0,125.5,0.0
3628,0,0,0,0,21519.2,16523.4,0.0,0.0,11845.1,8807.8,0.0,0.0,0.0,0.0,0.0,0.0,0.0,0.0,0.0,0.0,0.0,0.0,0.0,0.0,0.0,0.0,0.0,0.0,0.0,8807.8,11845.1,0.0
3629,0,0,0,0,2624.6,1030.0,0.0,0.0,2477.6,936.0,0.0,0.0,0.0,0.0,0.0,0.0,0.0,0.0,0.0,0.0,0.0,0.0,0.0,0.0,0.0,0.0,0.0,0.0,0.0,936.0,2477.6,0.0
